# This file is brought to you by Roblox Corporation
# Generated by Roblox Studio

mtllib robot.mtl

g Handle1

v -7.61505 4.75958 -15.2522 
v -7.52195 4.76049 -15.2337 
v -7.61505 4.75958 -15.2522 
v -7.52195 4.76049 -15.2337 
v -7.61271 4.74138 -15.2629 
v -7.5053 4.7424 -15.2416 
v -7.61271 4.74138 -15.2629 
v -7.52195 4.76049 -15.2337 
v -7.61271 4.74138 -15.2629 
v -7.5053 4.7424 -15.2416 
v -7.58266 4.66498 -15.2743 
v -7.46672 4.66612 -15.25 
v -7.58266 4.66498 -15.2743 
v -7.5053 4.7424 -15.2416 
v -7.58266 4.66498 -15.2743 
v -7.46672 4.66612 -15.25 
v -7.58733 4.58875 -15.2634 
v -7.47992 4.5898 -15.2421 
v -7.58733 4.58875 -15.2634 
v -7.46672 4.66612 -15.25 
v -7.58733 4.58875 -15.2634 
v -7.47992 4.5898 -15.2421 
v -7.58358 4.57055 -15.2528 
v -7.49048 4.57146 -15.2343 
v -7.58358 4.57055 -15.2528 
v -7.47992 4.5898 -15.2421 
v -7.58358 4.57055 -15.2528 
v -7.49048 4.57146 -15.2343 
v -7.57931 4.55721 -15.2236 
v -7.52561 4.55772 -15.2129 
v -7.57931 4.55721 -15.2236 
v -7.49048 4.57146 -15.2343 
v -7.57373 4.55721 -14.8405 
v -7.57068 4.66498 -14.896 
v -7.57616 4.58875 -14.8807 
v -7.6054 4.75958 -14.8705 
v -7.51515 4.76049 -14.8484 
v -7.49738 4.7424 -14.8556 
v -7.49738 4.7424 -14.8556 
v -7.60155 4.74138 -14.8812 
v -7.6054 4.75958 -14.8705 
v -7.60155 4.74138 -14.8812 
v -7.49738 4.7424 -14.8556 
v -7.4582 4.66612 -14.8656 
v -7.4582 4.66612 -14.8656 
v -7.57068 4.66498 -14.896 
v -7.60155 4.74138 -14.8812 
v -7.57068 4.66498 -14.896 
v -7.4582 4.66612 -14.8656 
v -7.472 4.5898 -14.8551 
v -7.472 4.5898 -14.8551 
v -7.57616 4.58875 -14.8807 
v -7.57068 4.66498 -14.896 
v -7.57616 4.58875 -14.8807 
v -7.472 4.5898 -14.8551 
v -7.48368 4.57146 -14.8478 
v -7.48368 4.57146 -14.8478 
v -7.57393 4.57055 -14.8699 
v -7.57616 4.58875 -14.8807 
v -7.57393 4.57055 -14.8699 
v -7.48368 4.57146 -14.8478 
v -7.52165 4.55772 -14.8278 
v -7.56144 4.77344 -15.2121 
v -7.61515 4.77292 -15.2228 
v -7.61322 4.77782 -15.1828 
v -7.61515 4.77292 -15.2228 
v -7.56144 4.77344 -15.2121 
v -7.61505 4.75958 -15.2522 
v -7.52195 4.76049 -15.2337 
v -7.61505 4.75958 -15.2522 
v -7.56144 4.77344 -15.2121 
v -7.60155 4.74138 -15.1028 
v -7.61505 4.75958 -14.7318 
v -7.61322 4.77782 -14.8013 
v -7.60155 4.74138 -14.8812 
v -7.53759 4.77366 -15.1843 
v -7.56144 4.77344 -15.2121 
v -7.61322 4.77782 -15.1828 
v -7.56144 4.77344 -15.2121 
v -7.53759 4.77366 -15.1843 
v -7.52195 4.76049 -15.2337 
v -7.48053 4.76086 -15.1854 
v -7.52195 4.76049 -15.2337 
v -7.53759 4.77366 -15.1843 
v -7.55749 4.77344 -15.1556 
v -7.53759 4.77366 -15.1843 
v -7.61322 4.77782 -15.1828 
v -7.53759 4.77366 -15.1843 
v -7.55749 4.77344 -15.1556 
v -7.48053 4.76086 -15.1854 
v -7.51515 4.76049 -15.1356 
v -7.48053 4.76086 -15.1854 
v -7.55749 4.77344 -15.1556 
v -7.60967 4.77292 -15.1428 
v -7.55749 4.77344 -15.1556 
v -7.61322 4.77782 -15.1828 
v -7.55749 4.77344 -15.1556 
v -7.60967 4.77292 -15.1428 
v -7.51515 4.76049 -15.1356 
v -7.6054 4.75958 -15.1135 
v -7.51515 4.76049 -15.1356 
v -7.60967 4.77292 -15.1428 
v -7.55749 4.77344 -14.8284 
v -7.60967 4.77292 -14.8413 
v -7.61322 4.77782 -14.8013 
v -7.60967 4.77292 -14.8413 
v -7.55749 4.77344 -14.8284 
v -7.51515 4.76049 -14.8484 
v -7.48053 4.76086 -14.7986 
v -7.51515 4.76049 -14.8484 
v -7.55749 4.77344 -14.8284 
v -7.51515 4.76049 -14.8484 
v -7.6054 4.75958 -14.8705 
v -7.60967 4.77292 -14.8413 
v -7.52195 4.76049 -14.7503 
v -7.52195 4.76049 -14.7503 
v -7.48053 4.76086 -14.7986 
v -7.53759 4.77366 -14.7998 
v -7.55749 4.77344 -14.8284 
v -7.53759 4.77366 -14.7998 
v -7.48053 4.76086 -14.7986 
v -7.53759 4.77366 -14.7998 
v -7.55749 4.77344 -14.8284 
v -7.61322 4.77782 -14.8013 
v -7.61505 4.75958 -14.7318 
v -7.52195 4.76049 -14.7503 
v -7.56144 4.77344 -14.7719 
v -7.53759 4.77366 -14.7998 
v -7.56144 4.77344 -14.7719 
v -7.52195 4.76049 -14.7503 
v -7.56144 4.77344 -14.7719 
v -7.53759 4.77366 -14.7998 
v -7.61322 4.77782 -14.8013 
v -7.61515 4.77292 -14.7612 
v -7.56144 4.77344 -14.7719 
v -7.61322 4.77782 -14.8013 
v -7.56144 4.77344 -14.7719 
v -7.61515 4.77292 -14.7612 
v -7.61505 4.75958 -14.7318 
v -7.56144 4.77344 -15.2121 
v -7.52195 4.76049 -15.2337 
v -7.5053 4.7424 -15.2416 
v -7.46672 4.66612 -15.25 
v -7.47992 4.5898 -15.2421 
v -7.49048 4.57146 -15.2343 
v -7.52561 4.55772 -15.2129 
v -7.52165 4.55772 -15.1562 
v -7.60155 4.74138 -15.1028 
v -7.61515 4.77292 -14.7612 
v -7.6054 4.75958 -14.8705 
v -7.60155 4.74138 -14.8812 
v -7.57068 4.66498 -14.896 
v -7.57616 4.58875 -14.8807 
v -7.48053 4.76086 -15.1854 
v -7.52195 4.76049 -15.2337 
v -7.48053 4.76086 -15.1854 
v -7.5053 4.7424 -15.2416 
v -7.45748 4.74286 -15.1859 
v -7.5053 4.7424 -15.2416 
v -7.48053 4.76086 -15.1854 
v -7.5053 4.7424 -15.2416 
v -7.45748 4.74286 -15.1859 
v -7.46672 4.66612 -15.25 
v -7.41515 4.66657 -15.1866 
v -7.46672 4.66612 -15.25 
v -7.45748 4.74286 -15.1859 
v -7.46672 4.66612 -15.25 
v -7.41515 4.66657 -15.1866 
v -7.47992 4.5898 -15.2421 
v -7.43211 4.59023 -15.1864 
v -7.47992 4.5898 -15.2421 
v -7.41515 4.66657 -15.1866 
v -7.47992 4.5898 -15.2421 
v -7.43211 4.59023 -15.1864 
v -7.49048 4.57146 -15.2343 
v -7.44916 4.57183 -15.1861 
v -7.49048 4.57146 -15.2343 
v -7.43211 4.59023 -15.1864 
v -7.48053 4.76086 -15.1854 
v -7.51515 4.76049 -15.1356 
v -7.45748 4.74286 -15.1859 
v -7.49738 4.7424 -15.1284 
v -7.45748 4.74286 -15.1859 
v -7.51515 4.76049 -15.1356 
v -7.45748 4.74286 -15.1859 
v -7.49738 4.7424 -15.1284 
v -7.41515 4.66657 -15.1866 
v -7.4582 4.66612 -15.1211 
v -7.41515 4.66657 -15.1866 
v -7.49738 4.7424 -15.1284 
v -7.41515 4.66657 -15.1866 
v -7.4582 4.66612 -15.1211 
v -7.43211 4.59023 -15.1864 
v -7.472 4.5898 -15.1289 
v -7.43211 4.59023 -15.1864 
v -7.4582 4.66612 -15.1211 
v -7.43211 4.59023 -15.1864 
v -7.472 4.5898 -15.1289 
v -7.44916 4.57183 -15.1861 
v -7.48368 4.57146 -15.1363 
v -7.44916 4.57183 -15.1861 
v -7.472 4.5898 -15.1289 
v -7.48053 4.76086 -14.7986 
v -7.51515 4.76049 -14.8484 
v -7.48053 4.76086 -14.7986 
v -7.45748 4.74286 -14.7981 
v -7.5053 4.7424 -14.7424 
v -7.45748 4.74286 -14.7981 
v -7.48053 4.76086 -14.7986 
v -7.45748 4.74286 -14.7981 
v -7.5053 4.7424 -14.7424 
v -7.46672 4.66612 -14.7311 
v -7.45748 4.74286 -14.7981 
v -7.49738 4.7424 -14.8556 
v -7.51515 4.76049 -14.8484 
v -7.49738 4.7424 -14.8556 
v -7.45748 4.74286 -14.7981 
v -7.41515 4.66657 -14.7973 
v -7.46672 4.66612 -14.7311 
v -7.41515 4.66657 -14.7973 
v -7.45748 4.74286 -14.7981 
v -7.41515 4.66657 -14.7973 
v -7.46672 4.66612 -14.7311 
v -7.47992 4.5898 -14.7419 
v -7.41515 4.66657 -14.7973 
v -7.4582 4.66612 -14.8656 
v -7.49738 4.7424 -14.8556 
v -7.4582 4.66612 -14.8656 
v -7.41515 4.66657 -14.7973 
v -7.43211 4.59023 -14.7976 
v -7.47992 4.5898 -14.7419 
v -7.43211 4.59023 -14.7976 
v -7.41515 4.66657 -14.7973 
v -7.43211 4.59023 -14.7976 
v -7.47992 4.5898 -14.7419 
v -7.49048 4.57146 -14.7497 
v -7.472 4.5898 -14.8551 
v -7.43211 4.59023 -14.7976 
v -7.472 4.5898 -14.8551 
v -7.4582 4.66612 -14.8656 
v -7.472 4.5898 -14.8551 
v -7.43211 4.59023 -14.7976 
v -7.44916 4.57183 -14.7979 
v -7.49048 4.57146 -14.7497 
v -7.44916 4.57183 -14.7979 
v -7.43211 4.59023 -14.7976 
v -7.52561 4.55772 -14.7711 
v -7.52195 4.76049 -14.7503 
v -7.48053 4.76086 -14.7986 
v -7.52195 4.76049 -14.7503 
v -7.5053 4.7424 -14.7424 
v -7.44916 4.57183 -14.7979 
v -7.48368 4.57146 -14.8478 
v -7.472 4.5898 -14.8551 
v -7.52165 4.55772 -15.1562 
v -7.52165 4.55772 -15.1562 
v -7.48368 4.57146 -15.1363 
v -7.57393 4.57055 -15.1141 
v -7.57616 4.58875 -15.1033 
v -7.57393 4.57055 -15.1141 
v -7.48368 4.57146 -15.1363 
v -7.60155 4.74138 -15.1028 
v -7.57068 4.66498 -15.0921 
v -7.61505 4.75958 -14.7318 
v -7.58266 4.66498 -14.7057 
v -7.58733 4.58875 -14.7206 
v -7.61515 4.77292 -14.7612 
v -7.58358 4.57055 -14.7312 
v -7.41515 4.66657 -15.1866 
v -7.472 4.5898 -15.1289 
v -7.51515 4.76049 -15.1356 
v -7.6054 4.75958 -15.1135 
v -7.49738 4.7424 -15.1284 
v -7.60155 4.74138 -15.1028 
v -7.49738 4.7424 -15.1284 
v -7.6054 4.75958 -15.1135 
v -7.49738 4.7424 -15.1284 
v -7.60155 4.74138 -15.1028 
v -7.4582 4.66612 -15.1211 
v -7.57068 4.66498 -15.0921 
v -7.4582 4.66612 -15.1211 
v -7.60155 4.74138 -15.1028 
v -7.4582 4.66612 -15.1211 
v -7.57068 4.66498 -15.0921 
v -7.472 4.5898 -15.1289 
v -7.57616 4.58875 -15.1033 
v -7.472 4.5898 -15.1289 
v -7.57068 4.66498 -15.0921 
v -7.472 4.5898 -15.1289 
v -7.57616 4.58875 -15.1033 
v -7.48368 4.57146 -15.1363 
v -7.46672 4.66612 -14.7311 
v -7.58266 4.66498 -14.7057 
v -7.46672 4.66612 -14.7311 
v -7.5053 4.7424 -14.7424 
v -7.46672 4.66612 -14.7311 
v -7.58266 4.66498 -14.7057 
v -7.58733 4.58875 -14.7206 
v -7.47992 4.5898 -14.7419 
v -7.58733 4.58875 -14.7206 
v -7.47992 4.5898 -14.7419 
v -7.46672 4.66612 -14.7311 
v -7.47992 4.5898 -14.7419 
v -7.58733 4.58875 -14.7206 
v -7.58358 4.57055 -14.7312 
v -7.49048 4.57146 -14.7497 
v -7.58358 4.57055 -14.7312 
v -7.49048 4.57146 -14.7497 
v -7.47992 4.5898 -14.7419 
v -7.49048 4.57146 -14.7497 
v -7.58358 4.57055 -14.7312 
v -7.57931 4.55721 -14.7604 
v -7.52561 4.55772 -14.7711 
v -7.57931 4.55721 -14.7604 
v -7.52561 4.55772 -14.7711 
v -7.49048 4.57146 -14.7497 
v -7.5053 4.7424 -14.7424 
v -7.61271 4.74138 -14.7211 
v -7.58266 4.66498 -14.7057 
v -7.61271 4.74138 -14.7211 
v -7.5053 4.7424 -14.7424 
v -7.52195 4.76049 -14.7503 
v -7.52195 4.76049 -14.7503 
v -7.61505 4.75958 -14.7318 
v -7.61271 4.74138 -14.7211 
v -7.58358 4.57055 -15.2528 
v -7.49048 4.57146 -15.2343 
v -7.57931 4.55721 -15.2236 
v -7.52561 4.55772 -15.2129 
v -7.57576 4.55231 -15.1835 
v -7.50165 4.55795 -15.185 
v -7.57576 4.55231 -15.1835 
v -7.52561 4.55772 -15.2129 
v -7.57576 4.55231 -15.1835 
v -7.50165 4.55795 -15.185 
v -7.52165 4.55772 -15.1562 
v -7.48368 4.57146 -15.1363 
v -7.52165 4.55772 -15.1562 
v -7.50165 4.55795 -15.185 
v -7.57616 4.58875 -15.1033 
v -7.58358 4.57055 -14.7312 
v -7.57373 4.55721 -14.8405 
v -7.49048 4.57146 -15.2343 
v -7.44916 4.57183 -15.1861 
v -7.52561 4.55772 -15.2129 
v -7.50165 4.55795 -15.185 
v -7.52561 4.55772 -15.2129 
v -7.44916 4.57183 -15.1861 
v -7.44916 4.57183 -15.1861 
v -7.48368 4.57146 -15.1363 
v -7.50165 4.55795 -15.185 
v -7.49048 4.57146 -14.7497 
v -7.52561 4.55772 -14.7711 
v -7.44916 4.57183 -14.7979 
v -7.49048 4.57146 -14.7497 
v -7.52561 4.55772 -14.7711 
v -7.57931 4.55721 -14.7604 
v -7.57576 4.55231 -14.8005 
v -7.48368 4.57146 -14.8478 
v -7.44916 4.57183 -14.7979 
v -7.50165 4.55795 -14.799 
v -7.52561 4.55772 -14.7711 
v -7.50165 4.55795 -14.799 
v -7.44916 4.57183 -14.7979 
v -7.50165 4.55795 -14.799 
v -7.52561 4.55772 -14.7711 
v -7.57576 4.55231 -14.8005 
v -7.52165 4.55772 -14.8278 
v -7.50165 4.55795 -14.799 
v -7.52165 4.55772 -14.8278 
v -7.48368 4.57146 -14.8478 
v -7.52165 4.55772 -14.8278 
v -7.50165 4.55795 -14.799 
v -7.57576 4.55231 -14.8005 
v -7.57373 4.55721 -14.8405 
v -7.52165 4.55772 -14.8278 
v -7.57576 4.55231 -14.8005 
v -7.52165 4.55772 -14.8278 
v -7.57373 4.55721 -14.8405 
v -7.57393 4.57055 -14.8699 
v -7.52165 4.55772 -15.1562 
v -7.57373 4.55721 -15.1435 
v -7.57576 4.55231 -15.1835 
v -7.57373 4.55721 -15.1435 
v -7.52165 4.55772 -15.1562 
v -7.57393 4.57055 -15.1141 
v -7.56144 4.77344 -15.2121 
v -7.61322 4.77782 -15.1828 
v -7.61505 4.75958 -15.2522 
v -7.5053 4.7424 -15.2416 
v -7.58266 4.66498 -15.2743 
v -7.58733 4.58875 -15.2634 
v -7.58358 4.57055 -15.2528 
v -7.52561 4.55772 -15.2129 
v -7.57576 4.55231 -15.1835 
v -7.57616 4.58875 -15.1033 
v -7.61515 4.77292 -15.2228 
v -7.60967 4.77292 -15.1428 
v -7.61322 4.77782 -15.1828 
v -7.60967 4.77292 -15.1428 
v -7.61515 4.77292 -15.2228 
v -7.6054 4.75958 -15.1135 
v -7.61505 4.75958 -15.2522 
v -7.6054 4.75958 -15.1135 
v -7.61515 4.77292 -15.2228 
v -7.6054 4.75958 -15.1135 
v -7.61505 4.75958 -15.2522 
v -7.60155 4.74138 -15.1028 
v -7.61271 4.74138 -15.2629 
v -7.60155 4.74138 -15.1028 
v -7.61505 4.75958 -15.2522 
v -7.60155 4.74138 -15.1028 
v -7.61271 4.74138 -15.2629 
v -7.57068 4.66498 -15.0921 
v -7.58266 4.66498 -15.2743 
v -7.57068 4.66498 -15.0921 
v -7.61271 4.74138 -15.2629 
v -7.57068 4.66498 -15.0921 
v -7.58266 4.66498 -15.2743 
v -7.57616 4.58875 -15.1033 
v -7.58733 4.58875 -15.2634 
v -7.57616 4.58875 -15.1033 
v -7.58266 4.66498 -15.2743 
v -7.57616 4.58875 -15.1033 
v -7.58733 4.58875 -15.2634 
v -7.57393 4.57055 -15.1141 
v -7.58358 4.57055 -15.2528 
v -7.57393 4.57055 -15.1141 
v -7.58733 4.58875 -15.2634 
v -7.57393 4.57055 -15.1141 
v -7.58358 4.57055 -15.2528 
v -7.57373 4.55721 -15.1435 
v -7.57931 4.55721 -15.2236 
v -7.57373 4.55721 -15.1435 
v -7.58358 4.57055 -15.2528 
v -7.57373 4.55721 -15.1435 
v -7.57931 4.55721 -15.2236 
v -7.57576 4.55231 -15.1835 
v -7.61505 4.75958 -14.7318 
v -7.58266 4.66498 -14.7057 
v -7.61271 4.74138 -14.7211 
v -7.58266 4.66498 -14.7057 
v -7.61505 4.75958 -14.7318 
v -7.58733 4.58875 -14.7206 
v -7.61515 4.77292 -14.7612 
v -7.58733 4.58875 -14.7206 
v -7.61505 4.75958 -14.7318 
v -7.58733 4.58875 -14.7206 
v -7.61515 4.77292 -14.7612 
v -7.58358 4.57055 -14.7312 
v -7.61322 4.77782 -14.8013 
v -7.58358 4.57055 -14.7312 
v -7.61515 4.77292 -14.7612 
v -7.58358 4.57055 -14.7312 
v -7.61322 4.77782 -14.8013 
v -7.57931 4.55721 -14.7604 
v -7.60967 4.77292 -14.8413 
v -7.57931 4.55721 -14.7604 
v -7.61322 4.77782 -14.8013 
v -7.57931 4.55721 -14.7604 
v -7.60967 4.77292 -14.8413 
v -7.57576 4.55231 -14.8005 
v -7.6054 4.75958 -14.8705 
v -7.57576 4.55231 -14.8005 
v -7.60967 4.77292 -14.8413 
v -7.57576 4.55231 -14.8005 
v -7.6054 4.75958 -14.8705 
v -7.57373 4.55721 -14.8405 
v -7.60155 4.74138 -14.8812 
v -7.57373 4.55721 -14.8405 
v -7.6054 4.75958 -14.8705 
v -7.57373 4.55721 -14.8405 
v -7.60155 4.74138 -14.8812 
v -7.57393 4.57055 -14.8699 
v -7.57068 4.66498 -14.896 
v -7.57393 4.57055 -14.8699 
v -7.60155 4.74138 -14.8812 
v -7.57393 4.57055 -14.8699 
v -7.57068 4.66498 -14.896 
v -7.57616 4.58875 -14.8807 

vn -0.338583 0.787402 -0.519685 
vn 0.220472 0.858268 -0.472441 
vn -0.338583 0.787402 -0.519685 
vn 0.220472 0.858268 -0.472441 
vn -0.425197 0.244094 -0.874016 
vn 0.393701 0.496063 -0.771654 
vn -0.425197 0.244094 -0.874016 
vn 0.220472 0.858268 -0.472441 
vn -0.425197 0.244094 -0.874016 
vn 0.393701 0.496063 -0.771654 
vn -0.417323 0.0314961 -0.905512 
vn 0.464567 0.0866142 -0.88189 
vn -0.417323 0.0314961 -0.905512 
vn 0.393701 0.496063 -0.771654 
vn -0.417323 0.0314961 -0.905512 
vn 0.464567 0.0866142 -0.88189 
vn -0.409449 -0.299213 -0.866142 
vn 0.433071 -0.370079 -0.818898 
vn -0.409449 -0.299213 -0.866142 
vn 0.464567 0.0866142 -0.88189 
vn -0.409449 -0.299213 -0.866142 
vn 0.433071 -0.370079 -0.818898 
vn -0.338583 -0.708661 -0.614173 
vn 0.267717 -0.826772 -0.488189 
vn -0.338583 -0.708661 -0.614173 
vn 0.433071 -0.370079 -0.818898 
vn -0.338583 -0.708661 -0.614173 
vn 0.267717 -0.826772 -0.488189 
vn -0.149606 -0.944882 -0.283465 
vn 0.133858 -0.968504 -0.19685 
vn -0.149606 -0.944882 -0.283465 
vn 0.267717 -0.826772 -0.488189 
vn -0.362205 -0.897638 -0.244094 
vn -0.133858 -0.0393701 -0.992126 
vn 0.0314961 -0.417323 -0.905512 
vn -0.338583 0.629921 -0.700787 
vn 0.259843 0.866142 -0.425197 
vn 0.440945 0.511811 -0.732283 
vn 0.440945 0.511811 -0.732283 
vn -0.299213 0.212598 -0.929134 
vn -0.338583 0.629921 -0.700787 
vn -0.299213 0.212598 -0.929134 
vn 0.440945 0.511811 -0.732283 
vn 0.527559 0.0866142 -0.84252 
vn 0.527559 0.0866142 -0.84252 
vn -0.133858 -0.0393701 -0.992126 
vn -0.299213 0.212598 -0.929134 
vn -0.133858 -0.0393701 -0.992126 
vn 0.527559 0.0866142 -0.84252 
vn 0.472441 -0.409449 -0.779528 
vn 0.472441 -0.409449 -0.779528 
vn 0.0314961 -0.417323 -0.905512 
vn -0.133858 -0.0393701 -0.992126 
vn 0.0314961 -0.417323 -0.905512 
vn 0.472441 -0.409449 -0.779528 
vn 0.275591 -0.834646 -0.472441 
vn 0.275591 -0.834646 -0.472441 
vn -0.251969 -0.795276 -0.551181 
vn 0.0314961 -0.417323 -0.905512 
vn -0.251969 -0.795276 -0.551181 
vn 0.275591 -0.834646 -0.472441 
vn 0.110236 -0.968504 -0.220472 
vn 0.0787402 0.968504 -0.228346 
vn -0.440945 0.874016 -0.212598 
vn -0.0393701 1 0 
vn -0.440945 0.874016 -0.212598 
vn 0.0787402 0.968504 -0.228346 
vn -0.338583 0.787402 -0.519685 
vn 0.220472 0.858268 -0.472441 
vn -0.338583 0.787402 -0.519685 
vn 0.0787402 0.968504 -0.228346 
vn -0.370079 0.173228 0.913386 
vn -0.314961 0.76378 0.566929 
vn -0.181102 0.984252 -0.015748 
vn -0.299213 0.212598 -0.929134 
vn 0.141732 0.992126 -0.0393701 
vn 0.0787402 0.968504 -0.228346 
vn -0.0393701 1 0 
vn 0.0787402 0.968504 -0.228346 
vn 0.141732 0.992126 -0.0393701 
vn 0.220472 0.858268 -0.472441 
vn 0.362205 0.929134 -0.0393701 
vn 0.220472 0.858268 -0.472441 
vn 0.141732 0.992126 -0.0393701 
vn 0.11811 0.976378 0.173228 
vn 0.141732 0.992126 -0.0393701 
vn -0.0393701 1 0 
vn 0.141732 0.992126 -0.0393701 
vn 0.11811 0.976378 0.173228 
vn 0.362205 0.929134 -0.0393701 
vn 0.259843 0.866142 0.425197 
vn 0.362205 0.929134 -0.0393701 
vn 0.11811 0.976378 0.173228 
vn -0.165354 0.937008 0.314961 
vn 0.11811 0.976378 0.173228 
vn -0.0393701 1 0 
vn 0.11811 0.976378 0.173228 
vn -0.165354 0.937008 0.314961 
vn 0.259843 0.866142 0.425197 
vn -0.338583 0.629921 0.692913 
vn 0.259843 0.866142 0.425197 
vn -0.165354 0.937008 0.314961 
vn 0.11811 0.976378 -0.173228 
vn -0.275591 0.905512 -0.322835 
vn -0.181102 0.984252 -0.015748 
vn -0.275591 0.905512 -0.322835 
vn 0.11811 0.976378 -0.173228 
vn 0.259843 0.866142 -0.425197 
vn 0.362205 0.929134 0.0393701 
vn 0.259843 0.866142 -0.425197 
vn 0.11811 0.976378 -0.173228 
vn 0.259843 0.866142 -0.425197 
vn -0.338583 0.629921 -0.700787 
vn -0.275591 0.905512 -0.322835 
vn 0.220472 0.858268 0.472441 
vn 0.220472 0.858268 0.472441 
vn 0.362205 0.929134 0.0393701 
vn 0.141732 0.992126 0.0393701 
vn 0.11811 0.976378 -0.173228 
vn 0.141732 0.992126 0.0393701 
vn 0.362205 0.929134 0.0393701 
vn 0.141732 0.992126 0.0393701 
vn 0.11811 0.976378 -0.173228 
vn -0.181102 0.984252 -0.015748 
vn -0.314961 0.76378 0.566929 
vn 0.220472 0.858268 0.472441 
vn 0.0787402 0.968504 0.228346 
vn 0.141732 0.992126 0.0393701 
vn 0.0787402 0.968504 0.228346 
vn 0.220472 0.858268 0.472441 
vn 0.0787402 0.968504 0.228346 
vn 0.141732 0.992126 0.0393701 
vn -0.181102 0.984252 -0.015748 
vn -0.440945 0.874016 0.212598 
vn 0.0787402 0.968504 0.228346 
vn -0.181102 0.984252 -0.015748 
vn 0.0787402 0.968504 0.228346 
vn -0.440945 0.874016 0.212598 
vn -0.314961 0.76378 0.566929 
vn 0.0787402 0.968504 -0.228346 
vn 0.220472 0.858268 -0.472441 
vn 0.393701 0.496063 -0.771654 
vn 0.464567 0.0866142 -0.88189 
vn 0.433071 -0.370079 -0.818898 
vn 0.267717 -0.826772 -0.488189 
vn 0.133858 -0.968504 -0.19685 
vn 0.110236 -0.968504 0.220472 
vn -0.370079 0.173228 0.913386 
vn -0.440945 0.874016 0.212598 
vn -0.338583 0.629921 -0.700787 
vn -0.299213 0.212598 -0.929134 
vn -0.133858 -0.0393701 -0.992126 
vn 0.0314961 -0.417323 -0.905512 
vn 0.362205 0.929134 -0.0393701 
vn 0.220472 0.858268 -0.472441 
vn 0.362205 0.929134 -0.0393701 
vn 0.393701 0.496063 -0.771654 
vn 0.732283 0.677165 -0.0472441 
vn 0.393701 0.496063 -0.771654 
vn 0.362205 0.929134 -0.0393701 
vn 0.393701 0.496063 -0.771654 
vn 0.732283 0.677165 -0.0472441 
vn 0.464567 0.0866142 -0.88189 
vn 0.984252 0.165354 -0.0629921 
vn 0.464567 0.0866142 -0.88189 
vn 0.732283 0.677165 -0.0472441 
vn 0.464567 0.0866142 -0.88189 
vn 0.984252 0.165354 -0.0629921 
vn 0.433071 -0.370079 -0.818898 
vn 0.866142 -0.496063 -0.0551181 
vn 0.433071 -0.370079 -0.818898 
vn 0.984252 0.165354 -0.0629921 
vn 0.433071 -0.370079 -0.818898 
vn 0.866142 -0.496063 -0.0551181 
vn 0.267717 -0.826772 -0.488189 
vn 0.425197 -0.905512 -0.00787402 
vn 0.267717 -0.826772 -0.488189 
vn 0.866142 -0.496063 -0.0551181 
vn 0.362205 0.929134 -0.0393701 
vn 0.259843 0.866142 0.425197 
vn 0.732283 0.677165 -0.0472441 
vn 0.440945 0.511811 0.740157 
vn 0.732283 0.677165 -0.0472441 
vn 0.259843 0.866142 0.425197 
vn 0.732283 0.677165 -0.0472441 
vn 0.440945 0.511811 0.740157 
vn 0.984252 0.165354 -0.0629921 
vn 0.519685 0.0787402 0.850394 
vn 0.984252 0.165354 -0.0629921 
vn 0.440945 0.511811 0.740157 
vn 0.984252 0.165354 -0.0629921 
vn 0.519685 0.0787402 0.850394 
vn 0.866142 -0.496063 -0.0551181 
vn 0.480315 -0.393701 0.787402 
vn 0.866142 -0.496063 -0.0551181 
vn 0.519685 0.0787402 0.850394 
vn 0.866142 -0.496063 -0.0551181 
vn 0.480315 -0.393701 0.787402 
vn 0.425197 -0.905512 -0.00787402 
vn 0.275591 -0.834646 0.472441 
vn 0.425197 -0.905512 -0.00787402 
vn 0.480315 -0.393701 0.787402 
vn 0.362205 0.929134 0.0393701 
vn 0.259843 0.866142 -0.425197 
vn 0.362205 0.929134 0.0393701 
vn 0.732283 0.677165 0.0472441 
vn 0.393701 0.503937 0.76378 
vn 0.732283 0.677165 0.0472441 
vn 0.362205 0.929134 0.0393701 
vn 0.732283 0.677165 0.0472441 
vn 0.393701 0.503937 0.76378 
vn 0.472441 0.0787402 0.874016 
vn 0.732283 0.677165 0.0472441 
vn 0.440945 0.511811 -0.732283 
vn 0.259843 0.866142 -0.425197 
vn 0.440945 0.511811 -0.732283 
vn 0.732283 0.677165 0.0472441 
vn 0.984252 0.165354 0.0629921 
vn 0.472441 0.0787402 0.874016 
vn 0.984252 0.165354 0.0629921 
vn 0.732283 0.677165 0.0472441 
vn 0.984252 0.165354 0.0629921 
vn 0.472441 0.0787402 0.874016 
vn 0.433071 -0.385827 0.818898 
vn 0.984252 0.165354 0.0629921 
vn 0.527559 0.0866142 -0.84252 
vn 0.440945 0.511811 -0.732283 
vn 0.527559 0.0866142 -0.84252 
vn 0.984252 0.165354 0.0629921 
vn 0.866142 -0.496063 0.0629921 
vn 0.433071 -0.385827 0.818898 
vn 0.866142 -0.496063 0.0629921 
vn 0.984252 0.165354 0.0629921 
vn 0.866142 -0.496063 0.0629921 
vn 0.433071 -0.385827 0.818898 
vn 0.267717 -0.826772 0.488189 
vn 0.472441 -0.409449 -0.779528 
vn 0.866142 -0.496063 0.0629921 
vn 0.472441 -0.409449 -0.779528 
vn 0.527559 0.0866142 -0.84252 
vn 0.472441 -0.409449 -0.779528 
vn 0.866142 -0.496063 0.0629921 
vn 0.425197 -0.905512 0.00787402 
vn 0.267717 -0.826772 0.488189 
vn 0.425197 -0.905512 0.00787402 
vn 0.866142 -0.496063 0.0629921 
vn 0.133858 -0.968504 0.19685 
vn 0.220472 0.858268 0.472441 
vn 0.362205 0.929134 0.0393701 
vn 0.220472 0.858268 0.472441 
vn 0.393701 0.503937 0.76378 
vn 0.425197 -0.905512 0.00787402 
vn 0.275591 -0.834646 -0.472441 
vn 0.472441 -0.409449 -0.779528 
vn 0.110236 -0.968504 0.220472 
vn 0.110236 -0.968504 0.220472 
vn 0.275591 -0.834646 0.472441 
vn -0.267717 -0.811024 0.511811 
vn -0.354331 -0.362205 0.866142 
vn -0.267717 -0.811024 0.511811 
vn 0.275591 -0.834646 0.472441 
vn -0.370079 0.173228 0.913386 
vn -0.362205 -0.165354 0.92126 
vn -0.314961 0.76378 0.566929 
vn -0.173228 -0.015748 0.984252 
vn -0.330709 -0.314961 0.889764 
vn -0.440945 0.874016 0.212598 
vn -0.338583 -0.708661 0.614173 
vn 0.984252 0.165354 -0.0629921 
vn 0.480315 -0.393701 0.787402 
vn 0.259843 0.866142 0.425197 
vn -0.338583 0.629921 0.692913 
vn 0.440945 0.511811 0.740157 
vn -0.370079 0.173228 0.913386 
vn 0.440945 0.511811 0.740157 
vn -0.338583 0.629921 0.692913 
vn 0.440945 0.511811 0.740157 
vn -0.370079 0.173228 0.913386 
vn 0.519685 0.0787402 0.850394 
vn -0.362205 -0.165354 0.92126 
vn 0.519685 0.0787402 0.850394 
vn -0.370079 0.173228 0.913386 
vn 0.519685 0.0787402 0.850394 
vn -0.362205 -0.165354 0.92126 
vn 0.480315 -0.393701 0.787402 
vn -0.354331 -0.362205 0.866142 
vn 0.480315 -0.393701 0.787402 
vn -0.362205 -0.165354 0.92126 
vn 0.480315 -0.393701 0.787402 
vn -0.354331 -0.362205 0.866142 
vn 0.275591 -0.834646 0.472441 
vn 0.472441 0.0787402 0.874016 
vn -0.173228 -0.015748 0.984252 
vn 0.472441 0.0787402 0.874016 
vn 0.393701 0.503937 0.76378 
vn 0.472441 0.0787402 0.874016 
vn -0.173228 -0.015748 0.984252 
vn -0.330709 -0.314961 0.889764 
vn 0.433071 -0.385827 0.818898 
vn -0.330709 -0.314961 0.889764 
vn 0.433071 -0.385827 0.818898 
vn 0.472441 0.0787402 0.874016 
vn 0.433071 -0.385827 0.818898 
vn -0.330709 -0.314961 0.889764 
vn -0.338583 -0.708661 0.614173 
vn 0.267717 -0.826772 0.488189 
vn -0.338583 -0.708661 0.614173 
vn 0.267717 -0.826772 0.488189 
vn 0.433071 -0.385827 0.818898 
vn 0.267717 -0.826772 0.488189 
vn -0.338583 -0.708661 0.614173 
vn -0.251969 -0.929134 0.267717 
vn 0.133858 -0.968504 0.19685 
vn -0.251969 -0.929134 0.267717 
vn 0.133858 -0.968504 0.19685 
vn 0.267717 -0.826772 0.488189 
vn 0.393701 0.503937 0.76378 
vn -0.00787402 0.417323 0.913386 
vn -0.173228 -0.015748 0.984252 
vn -0.00787402 0.417323 0.913386 
vn 0.393701 0.503937 0.76378 
vn 0.220472 0.858268 0.472441 
vn 0.220472 0.858268 0.472441 
vn -0.314961 0.76378 0.566929 
vn -0.00787402 0.417323 0.913386 
vn -0.338583 -0.708661 -0.614173 
vn 0.267717 -0.826772 -0.488189 
vn -0.149606 -0.944882 -0.283465 
vn 0.133858 -0.968504 -0.19685 
vn -0.015748 -1 0 
vn 0.173228 -0.984252 0.023622 
vn -0.015748 -1 0 
vn 0.133858 -0.968504 -0.19685 
vn -0.015748 -1 0 
vn 0.173228 -0.984252 0.023622 
vn 0.110236 -0.968504 0.220472 
vn 0.275591 -0.834646 0.472441 
vn 0.110236 -0.968504 0.220472 
vn 0.173228 -0.984252 0.023622 
vn -0.354331 -0.362205 0.866142 
vn -0.338583 -0.708661 0.614173 
vn -0.362205 -0.897638 -0.244094 
vn 0.267717 -0.826772 -0.488189 
vn 0.425197 -0.905512 -0.00787402 
vn 0.133858 -0.968504 -0.19685 
vn 0.173228 -0.984252 0.023622 
vn 0.133858 -0.968504 -0.19685 
vn 0.425197 -0.905512 -0.00787402 
vn 0.425197 -0.905512 -0.00787402 
vn 0.275591 -0.834646 0.472441 
vn 0.173228 -0.984252 0.023622 
vn 0.267717 -0.826772 0.488189 
vn 0.133858 -0.968504 0.19685 
vn 0.425197 -0.905512 0.00787402 
vn 0.267717 -0.826772 0.488189 
vn 0.133858 -0.968504 0.19685 
vn -0.251969 -0.929134 0.267717 
vn -0.15748 -0.984252 -0.00787402 
vn 0.275591 -0.834646 -0.472441 
vn 0.425197 -0.905512 0.00787402 
vn 0.173228 -0.984252 -0.023622 
vn 0.133858 -0.968504 0.19685 
vn 0.173228 -0.984252 -0.023622 
vn 0.425197 -0.905512 0.00787402 
vn 0.173228 -0.984252 -0.023622 
vn 0.133858 -0.968504 0.19685 
vn -0.15748 -0.984252 -0.00787402 
vn 0.110236 -0.968504 -0.220472 
vn 0.173228 -0.984252 -0.023622 
vn 0.110236 -0.968504 -0.220472 
vn 0.275591 -0.834646 -0.472441 
vn 0.110236 -0.968504 -0.220472 
vn 0.173228 -0.984252 -0.023622 
vn -0.15748 -0.984252 -0.00787402 
vn -0.362205 -0.897638 -0.244094 
vn 0.110236 -0.968504 -0.220472 
vn -0.15748 -0.984252 -0.00787402 
vn 0.110236 -0.968504 -0.220472 
vn -0.362205 -0.897638 -0.244094 
vn -0.251969 -0.795276 -0.551181 
vn 0.110236 -0.968504 0.220472 
vn -0.362205 -0.897638 0.244094 
vn -0.015748 -1 0 
vn -0.362205 -0.897638 0.244094 
vn 0.110236 -0.968504 0.220472 
vn -0.267717 -0.811024 0.511811 
vn 0.0787402 0.968504 -0.228346 
vn -0.0393701 1 0 
vn -0.338583 0.787402 -0.519685 
vn 0.393701 0.496063 -0.771654 
vn -0.417323 0.0314961 -0.905512 
vn -0.409449 -0.299213 -0.866142 
vn -0.338583 -0.708661 -0.614173 
vn 0.133858 -0.968504 -0.19685 
vn -0.015748 -1 0 
vn -0.354331 -0.362205 0.866142 
vn -0.440945 0.874016 -0.212598 
vn -0.165354 0.937008 0.314961 
vn -0.0393701 1 0 
vn -0.165354 0.937008 0.314961 
vn -0.440945 0.874016 -0.212598 
vn -0.338583 0.629921 0.692913 
vn -0.338583 0.787402 -0.519685 
vn -0.338583 0.629921 0.692913 
vn -0.440945 0.874016 -0.212598 
vn -0.338583 0.629921 0.692913 
vn -0.338583 0.787402 -0.519685 
vn -0.370079 0.173228 0.913386 
vn -0.425197 0.244094 -0.874016 
vn -0.370079 0.173228 0.913386 
vn -0.338583 0.787402 -0.519685 
vn -0.370079 0.173228 0.913386 
vn -0.425197 0.244094 -0.874016 
vn -0.362205 -0.165354 0.92126 
vn -0.417323 0.0314961 -0.905512 
vn -0.362205 -0.165354 0.92126 
vn -0.425197 0.244094 -0.874016 
vn -0.362205 -0.165354 0.92126 
vn -0.417323 0.0314961 -0.905512 
vn -0.354331 -0.362205 0.866142 
vn -0.409449 -0.299213 -0.866142 
vn -0.354331 -0.362205 0.866142 
vn -0.417323 0.0314961 -0.905512 
vn -0.354331 -0.362205 0.866142 
vn -0.409449 -0.299213 -0.866142 
vn -0.267717 -0.811024 0.511811 
vn -0.338583 -0.708661 -0.614173 
vn -0.267717 -0.811024 0.511811 
vn -0.409449 -0.299213 -0.866142 
vn -0.267717 -0.811024 0.511811 
vn -0.338583 -0.708661 -0.614173 
vn -0.362205 -0.897638 0.244094 
vn -0.149606 -0.944882 -0.283465 
vn -0.362205 -0.897638 0.244094 
vn -0.338583 -0.708661 -0.614173 
vn -0.362205 -0.897638 0.244094 
vn -0.149606 -0.944882 -0.283465 
vn -0.015748 -1 0 
vn -0.314961 0.76378 0.566929 
vn -0.173228 -0.015748 0.984252 
vn -0.00787402 0.417323 0.913386 
vn -0.173228 -0.015748 0.984252 
vn -0.314961 0.76378 0.566929 
vn -0.330709 -0.314961 0.889764 
vn -0.440945 0.874016 0.212598 
vn -0.330709 -0.314961 0.889764 
vn -0.314961 0.76378 0.566929 
vn -0.330709 -0.314961 0.889764 
vn -0.440945 0.874016 0.212598 
vn -0.338583 -0.708661 0.614173 
vn -0.181102 0.984252 -0.015748 
vn -0.338583 -0.708661 0.614173 
vn -0.440945 0.874016 0.212598 
vn -0.338583 -0.708661 0.614173 
vn -0.181102 0.984252 -0.015748 
vn -0.251969 -0.929134 0.267717 
vn -0.275591 0.905512 -0.322835 
vn -0.251969 -0.929134 0.267717 
vn -0.181102 0.984252 -0.015748 
vn -0.251969 -0.929134 0.267717 
vn -0.275591 0.905512 -0.322835 
vn -0.15748 -0.984252 -0.00787402 
vn -0.338583 0.629921 -0.700787 
vn -0.15748 -0.984252 -0.00787402 
vn -0.275591 0.905512 -0.322835 
vn -0.15748 -0.984252 -0.00787402 
vn -0.338583 0.629921 -0.700787 
vn -0.362205 -0.897638 -0.244094 
vn -0.299213 0.212598 -0.929134 
vn -0.362205 -0.897638 -0.244094 
vn -0.338583 0.629921 -0.700787 
vn -0.362205 -0.897638 -0.244094 
vn -0.299213 0.212598 -0.929134 
vn -0.251969 -0.795276 -0.551181 
vn -0.133858 -0.0393701 -0.992126 
vn -0.251969 -0.795276 -0.551181 
vn -0.299213 0.212598 -0.929134 
vn -0.251969 -0.795276 -0.551181 
vn -0.133858 -0.0393701 -0.992126 
vn 0.0314961 -0.417323 -0.905512 

vt -0.147189 1.11941 
vt -0.158826 1.11953 
vt -0.147189 1.11941 
vt -0.158826 1.11953 
vt -0.147481 1.11714 
vt -0.160907 1.11727 
vt -0.147481 1.11714 
vt -0.158826 1.11953 
vt -0.147481 1.11714 
vt -0.160907 1.11727 
vt -0.151237 1.10759 
vt -0.165729 1.10773 
vt -0.151237 1.10759 
vt -0.160907 1.11727 
vt -0.151237 1.10759 
vt -0.165729 1.10773 
vt -0.150653 1.09806 
vt -0.16408 1.09819 
vt -0.150653 1.09806 
vt -0.165729 1.10773 
vt -0.150653 1.09806 
vt -0.16408 1.09819 
vt -0.151123 1.09578 
vt -0.16276 1.0959 
vt -0.151123 1.09578 
vt -0.16408 1.09819 
vt -0.151123 1.09578 
vt -0.16276 1.0959 
vt -0.151656 1.09412 
vt -0.158369 1.09418 
vt -0.151656 1.09412 
vt -0.16276 1.0959 
vt -0.152354 1.09412 
vt -0.152735 1.10759 
vt -0.152049 1.09806 
vt -0.148395 1.11941 
vt -0.159676 1.11953 
vt -0.161897 1.11727 
vt -0.161897 1.11727 
vt -0.148877 1.11714 
vt -0.148395 1.11941 
vt -0.148877 1.11714 
vt -0.161897 1.11727 
vt -0.166795 1.10773 
vt -0.166795 1.10773 
vt -0.152735 1.10759 
vt -0.148877 1.11714 
vt -0.152735 1.10759 
vt -0.166795 1.10773 
vt -0.16507 1.09819 
vt -0.16507 1.09819 
vt -0.152049 1.09806 
vt -0.152735 1.10759 
vt -0.152049 1.09806 
vt -0.16507 1.09819 
vt -0.16361 1.0959 
vt -0.16361 1.0959 
vt -0.152328 1.09578 
vt -0.152049 1.09806 
vt -0.152328 1.09578 
vt -0.16361 1.0959 
vt -0.158864 1.09418 
vt -0.187446 1.10181 
vt -0.188782 1.0951 
vt -0.183774 1.09534 
vt -0.188782 1.0951 
vt -0.187446 1.10181 
vt -0.192454 1.09511 
vt -0.190141 1.10675 
vt -0.192454 1.09511 
vt -0.187446 1.10181 
vt -0.173782 1.0968 
vt -0.127407 1.09511 
vt -0.136086 1.09534 
vt -0.146079 1.0968 
vt -0.183969 1.10479 
vt -0.187446 1.10181 
vt -0.183774 1.09534 
vt -0.187446 1.10181 
vt -0.183969 1.10479 
vt -0.190141 1.10675 
vt -0.18411 1.11193 
vt -0.190141 1.10675 
vt -0.183969 1.10479 
vt -0.180376 1.10231 
vt -0.183969 1.10479 
vt -0.183774 1.09534 
vt -0.183969 1.10479 
vt -0.180376 1.10231 
vt -0.18411 1.11193 
vt -0.177883 1.1076 
vt -0.18411 1.11193 
vt -0.180376 1.10231 
vt -0.178774 1.09578 
vt -0.180376 1.10231 
vt -0.183774 1.09534 
vt -0.180376 1.10231 
vt -0.178774 1.09578 
vt -0.177883 1.1076 
vt -0.175118 1.09632 
vt -0.177883 1.1076 
vt -0.178774 1.09578 
vt -0.139485 1.10231 
vt -0.141086 1.09578 
vt -0.136086 1.09534 
vt -0.141086 1.09578 
vt -0.139485 1.10231 
vt -0.141977 1.1076 
vt -0.135751 1.11193 
vt -0.141977 1.1076 
vt -0.139485 1.10231 
vt -0.141977 1.1076 
vt -0.144743 1.09632 
vt -0.141086 1.09578 
vt -0.129719 1.10675 
vt -0.129719 1.10675 
vt -0.135751 1.11193 
vt -0.135899 1.10479 
vt -0.139485 1.10231 
vt -0.135899 1.10479 
vt -0.135751 1.11193 
vt -0.135899 1.10479 
vt -0.139485 1.10231 
vt -0.136086 1.09534 
vt -0.127407 1.09511 
vt -0.129719 1.10675 
vt -0.132415 1.10181 
vt -0.135899 1.10479 
vt -0.132415 1.10181 
vt -0.129719 1.10675 
vt -0.132415 1.10181 
vt -0.135899 1.10479 
vt -0.136086 1.09534 
vt -0.131079 1.0951 
vt -0.132415 1.10181 
vt -0.136086 1.09534 
vt -0.132415 1.10181 
vt -0.131079 1.0951 
vt -0.127407 1.09511 
vt -0.131907 1.12115 
vt -0.129211 1.11953 
vt -0.128219 1.11727 
vt -0.127172 1.10773 
vt -0.128157 1.09819 
vt -0.129133 1.0959 
vt -0.131813 1.09418 
vt -0.138891 1.09418 
vt -0.145571 1.11714 
vt -0.188274 1.12108 
vt -0.17461 1.11941 
vt -0.173274 1.11714 
vt -0.171422 1.10759 
vt -0.173336 1.09806 
vt -0.135243 1.11957 
vt -0.129211 1.11953 
vt -0.135243 1.11957 
vt -0.128219 1.11727 
vt -0.135188 1.11732 
vt -0.128219 1.11727 
vt -0.135243 1.11957 
vt -0.128219 1.11727 
vt -0.135188 1.11732 
vt -0.127172 1.10773 
vt -0.135102 1.10779 
vt -0.127172 1.10773 
vt -0.135188 1.11732 
vt -0.127172 1.10773 
vt -0.135102 1.10779 
vt -0.128157 1.09819 
vt -0.135126 1.09825 
vt -0.128157 1.09819 
vt -0.135102 1.10779 
vt -0.128157 1.09819 
vt -0.135126 1.09825 
vt -0.129133 1.0959 
vt -0.135165 1.09594 
vt -0.129133 1.0959 
vt -0.135126 1.09825 
vt -0.135243 1.11957 
vt -0.141469 1.11953 
vt -0.135188 1.11732 
vt -0.142376 1.11727 
vt -0.135188 1.11732 
vt -0.141469 1.11953 
vt -0.135188 1.11732 
vt -0.142376 1.11727 
vt -0.135102 1.10779 
vt -0.143282 1.10773 
vt -0.135102 1.10779 
vt -0.142376 1.11727 
vt -0.135102 1.10779 
vt -0.143282 1.10773 
vt -0.135126 1.09825 
vt -0.142313 1.09819 
vt -0.135126 1.09825 
vt -0.143282 1.10773 
vt -0.135126 1.09825 
vt -0.142313 1.09819 
vt -0.135165 1.09594 
vt -0.141391 1.0959 
vt -0.135165 1.09594 
vt -0.142313 1.09819 
vt -0.183602 1.11957 
vt -0.177376 1.11953 
vt -0.183602 1.11957 
vt -0.183657 1.11732 
vt -0.190626 1.11727 
vt -0.183657 1.11732 
vt -0.183602 1.11957 
vt -0.183657 1.11732 
vt -0.190626 1.11727 
vt -0.19204 1.10773 
vt -0.183657 1.11732 
vt -0.176469 1.11727 
vt -0.177376 1.11953 
vt -0.176469 1.11727 
vt -0.183657 1.11732 
vt -0.183758 1.10779 
vt -0.19204 1.10773 
vt -0.183758 1.10779 
vt -0.183657 1.11732 
vt -0.183758 1.10779 
vt -0.19204 1.10773 
vt -0.190688 1.09819 
vt -0.183758 1.10779 
vt -0.175219 1.10773 
vt -0.176469 1.11727 
vt -0.175219 1.10773 
vt -0.183758 1.10779 
vt -0.183719 1.09825 
vt -0.190688 1.09819 
vt -0.183719 1.09825 
vt -0.183758 1.10779 
vt -0.183719 1.09825 
vt -0.190688 1.09819 
vt -0.189711 1.0959 
vt -0.176532 1.09819 
vt -0.183719 1.09825 
vt -0.176532 1.09819 
vt -0.175219 1.10773 
vt -0.176532 1.09819 
vt -0.183719 1.09825 
vt -0.18368 1.09594 
vt -0.189711 1.0959 
vt -0.18368 1.09594 
vt -0.183719 1.09825 
vt -0.187032 1.09418 
vt -0.189633 1.11953 
vt -0.183602 1.11957 
vt -0.189633 1.11953 
vt -0.190626 1.11727 
vt -0.18368 1.09594 
vt -0.177454 1.0959 
vt -0.176532 1.09819 
vt -0.160489 1.09418 
vt -0.160489 1.09418 
vt -0.155742 1.0959 
vt -0.167024 1.09578 
vt -0.167303 1.09806 
vt -0.167024 1.09578 
vt -0.155742 1.0959 
vt -0.170476 1.11714 
vt -0.166618 1.10759 
vt -0.172164 1.11941 
vt -0.168115 1.10759 
vt -0.168699 1.09806 
vt -0.172176 1.12108 
vt -0.16823 1.09578 
vt -0.147176 1.10779 
vt -0.154283 1.09819 
vt -0.159676 1.11953 
vt -0.170958 1.11941 
vt -0.157456 1.11727 
vt -0.170476 1.11714 
vt -0.157456 1.11727 
vt -0.170958 1.11941 
vt -0.157456 1.11727 
vt -0.170476 1.11714 
vt -0.152557 1.10773 
vt -0.166618 1.10759 
vt -0.152557 1.10773 
vt -0.170476 1.11714 
vt -0.152557 1.10773 
vt -0.166618 1.10759 
vt -0.154283 1.09819 
vt -0.167303 1.09806 
vt -0.154283 1.09819 
vt -0.166618 1.10759 
vt -0.154283 1.09819 
vt -0.167303 1.09806 
vt -0.155742 1.0959 
vt -0.153623 1.10773 
vt -0.168115 1.10759 
vt -0.153623 1.10773 
vt -0.158445 1.11727 
vt -0.153623 1.10773 
vt -0.168115 1.10759 
vt -0.168699 1.09806 
vt -0.155273 1.09819 
vt -0.168699 1.09806 
vt -0.155273 1.09819 
vt -0.153623 1.10773 
vt -0.155273 1.09819 
vt -0.168699 1.09806 
vt -0.16823 1.09578 
vt -0.156593 1.0959 
vt -0.16823 1.09578 
vt -0.156593 1.0959 
vt -0.155273 1.09819 
vt -0.156593 1.0959 
vt -0.16823 1.09578 
vt -0.167697 1.09412 
vt -0.160983 1.09418 
vt -0.167697 1.09412 
vt -0.160983 1.09418 
vt -0.156593 1.0959 
vt -0.158445 1.11727 
vt -0.171872 1.11714 
vt -0.168115 1.10759 
vt -0.171872 1.11714 
vt -0.158445 1.11727 
vt -0.160527 1.11953 
vt -0.160527 1.11953 
vt -0.172164 1.11941 
vt -0.171872 1.11714 
vt -0.126821 1.09905 
vt -0.129133 1.11068 
vt -0.130477 1.09958 
vt -0.131813 1.10629 
vt -0.135485 1.10002 
vt -0.135297 1.10929 
vt -0.135485 1.10002 
vt -0.131813 1.10629 
vt -0.135485 1.10002 
vt -0.135297 1.10929 
vt -0.138891 1.10679 
vt -0.141391 1.11153 
vt -0.138891 1.10679 
vt -0.135297 1.10929 
vt -0.145508 1.09997 
vt -0.192024 1.09905 
vt -0.17836 1.10028 
vt -0.129133 1.11068 
vt -0.135165 1.11585 
vt -0.131813 1.10629 
vt -0.135297 1.10929 
vt -0.131813 1.10629 
vt -0.135165 1.11585 
vt -0.135165 1.11585 
vt -0.141391 1.11153 
vt -0.135297 1.10929 
vt -0.189711 1.11068 
vt -0.187032 1.10629 
vt -0.18368 1.11585 
vt -0.189711 1.11068 
vt -0.187032 1.10629 
vt -0.188368 1.09958 
vt -0.18336 1.10002 
vt -0.177454 1.11153 
vt -0.18368 1.11585 
vt -0.183547 1.10929 
vt -0.187032 1.10629 
vt -0.183547 1.10929 
vt -0.18368 1.11585 
vt -0.183547 1.10929 
vt -0.187032 1.10629 
vt -0.18336 1.10002 
vt -0.179954 1.10679 
vt -0.183547 1.10929 
vt -0.179954 1.10679 
vt -0.177454 1.11153 
vt -0.179954 1.10679 
vt -0.183547 1.10929 
vt -0.18336 1.10002 
vt -0.17836 1.10028 
vt -0.179954 1.10679 
vt -0.18336 1.10002 
vt -0.179954 1.10679 
vt -0.17836 1.10028 
vt -0.174688 1.10025 
vt -0.138891 1.10679 
vt -0.140485 1.10028 
vt -0.135485 1.10002 
vt -0.140485 1.10028 
vt -0.138891 1.10679 
vt -0.144157 1.10025 
vt -0.187446 1.12115 
vt -0.183774 1.12169 
vt -0.192454 1.11941 
vt -0.191133 1.11727 
vt -0.195211 1.10759 
vt -0.19386 1.09806 
vt -0.192532 1.09578 
vt -0.18754 1.09418 
vt -0.183868 1.09351 
vt -0.173844 1.09806 
vt -0.188782 1.12108 
vt -0.178774 1.12108 
vt -0.183774 1.12169 
vt -0.178774 1.12108 
vt -0.188782 1.12108 
vt -0.175118 1.11941 
vt -0.192454 1.11941 
vt -0.175118 1.11941 
vt -0.188782 1.12108 
vt -0.175118 1.11941 
vt -0.192454 1.11941 
vt -0.173782 1.11714 
vt -0.193797 1.11714 
vt -0.173782 1.11714 
vt -0.192454 1.11941 
vt -0.173782 1.11714 
vt -0.193797 1.11714 
vt -0.172438 1.10759 
vt -0.195211 1.10759 
vt -0.172438 1.10759 
vt -0.193797 1.11714 
vt -0.172438 1.10759 
vt -0.195211 1.10759 
vt -0.173844 1.09806 
vt -0.19386 1.09806 
vt -0.173844 1.09806 
vt -0.195211 1.10759 
vt -0.173844 1.09806 
vt -0.19386 1.09806 
vt -0.175196 1.09578 
vt -0.192532 1.09578 
vt -0.175196 1.09578 
vt -0.19386 1.09806 
vt -0.175196 1.09578 
vt -0.192532 1.09578 
vt -0.178868 1.09412 
vt -0.188876 1.09412 
vt -0.178868 1.09412 
vt -0.192532 1.09578 
vt -0.178868 1.09412 
vt -0.188876 1.09412 
vt -0.183868 1.09351 
vt -0.127407 1.11941 
vt -0.124141 1.10759 
vt -0.126063 1.11714 
vt -0.124141 1.10759 
vt -0.127407 1.11941 
vt -0.126001 1.09806 
vt -0.131079 1.12108 
vt -0.126001 1.09806 
vt -0.127407 1.11941 
vt -0.126001 1.09806 
vt -0.131079 1.12108 
vt -0.127329 1.09578 
vt -0.136086 1.12169 
vt -0.127329 1.09578 
vt -0.131079 1.12108 
vt -0.127329 1.09578 
vt -0.136086 1.12169 
vt -0.130985 1.09412 
vt -0.141086 1.12108 
vt -0.130985 1.09412 
vt -0.136086 1.12169 
vt -0.130985 1.09412 
vt -0.141086 1.12108 
vt -0.135993 1.09351 
vt -0.144743 1.11941 
vt -0.135993 1.09351 
vt -0.141086 1.12108 
vt -0.135993 1.09351 
vt -0.144743 1.11941 
vt -0.140993 1.09412 
vt -0.146079 1.11714 
vt -0.140993 1.09412 
vt -0.144743 1.11941 
vt -0.140993 1.09412 
vt -0.146079 1.11714 
vt -0.144665 1.09578 
vt -0.14793 1.10759 
vt -0.144665 1.09578 
vt -0.146079 1.11714 
vt -0.144665 1.09578 
vt -0.14793 1.10759 
vt -0.146016 1.09806 

usemtl Handle1Mtl

f 3/3/3 4/4/4 5/5/5 
f 6/6/6 7/7/7 8/8/8 
f 9/9/9 10/10/10 11/11/11 
f 12/12/12 13/13/13 14/14/14 
f 15/15/15 16/16/16 17/17/17 
f 18/18/18 19/19/19 20/20/20 
f 21/21/21 22/22/22 23/23/23 
f 24/24/24 25/25/25 26/26/26 
f 27/27/27 28/28/28 29/29/29 
f 30/30/30 31/31/31 32/32/32 
f 36/36/36 37/37/37 38/38/38 
f 39/39/39 40/40/40 41/41/41 
f 42/42/42 43/43/43 44/44/44 
f 45/45/45 46/46/46 47/47/47 
f 48/48/48 49/49/49 50/50/50 
f 51/51/51 52/52/52 53/53/53 
f 54/54/54 55/55/55 56/56/56 
f 57/57/57 58/58/58 59/59/59 
f 60/60/60 61/61/61 62/62/62 
f 63/63/63 64/64/64 65/65/65 
f 66/66/66 67/67/67 68/68/68 
f 69/69/69 70/70/70 71/71/71 
f 76/76/76 77/77/77 78/78/78 
f 79/79/79 80/80/80 81/81/81 
f 82/82/82 83/83/83 84/84/84 
f 85/85/85 86/86/86 87/87/87 
f 88/88/88 89/89/89 90/90/90 
f 91/91/91 92/92/92 93/93/93 
f 94/94/94 95/95/95 96/96/96 
f 97/97/97 98/98/98 99/99/99 
f 100/100/100 101/101/101 102/102/102 
f 103/103/103 104/104/104 105/105/105 
f 106/106/106 107/107/107 108/108/108 
f 109/109/109 110/110/110 111/111/111 
f 112/112/112 113/113/113 114/114/114 
f 116/116/116 117/117/117 118/118/118 
f 119/119/119 120/120/120 121/121/121 
f 122/122/122 123/123/123 124/124/124 
f 125/125/125 126/126/126 127/127/127 
f 128/128/128 129/129/129 130/130/130 
f 131/131/131 132/132/132 133/133/133 
f 134/134/134 135/135/135 136/136/136 
f 137/137/137 138/138/138 139/139/139 
f 155/155/155 156/156/156 157/157/157 
f 158/158/158 159/159/159 160/160/160 
f 161/161/161 162/162/162 163/163/163 
f 164/164/164 165/165/165 166/166/166 
f 167/167/167 168/168/168 169/169/169 
f 170/170/170 171/171/171 172/172/172 
f 173/173/173 174/174/174 175/175/175 
f 176/176/176 177/177/177 178/178/178 
f 179/179/179 180/180/180 181/181/181 
f 182/182/182 183/183/183 184/184/184 
f 185/185/185 186/186/186 187/187/187 
f 188/188/188 189/189/189 190/190/190 
f 191/191/191 192/192/192 193/193/193 
f 194/194/194 195/195/195 196/196/196 
f 197/197/197 198/198/198 199/199/199 
f 200/200/200 201/201/201 202/202/202 
f 204/204/204 205/205/205 206/206/206 
f 207/207/207 208/208/208 209/209/209 
f 210/210/210 211/211/211 212/212/212 
f 213/213/213 214/214/214 215/215/215 
f 216/216/216 217/217/217 218/218/218 
f 219/219/219 220/220/220 221/221/221 
f 222/222/222 223/223/223 224/224/224 
f 225/225/225 226/226/226 227/227/227 
f 228/228/228 229/229/229 230/230/230 
f 231/231/231 232/232/232 233/233/233 
f 234/234/234 235/235/235 236/236/236 
f 238/238/238 239/239/239 240/240/240 
f 241/241/241 242/242/242 243/243/243 
f 244/244/244 245/245/245 246/246/246 
f 249/249/249 250/250/250 251/251/251 
f 252/252/252 253/253/253 254/254/254 
f 256/256/256 257/257/257 258/258/258 
f 259/259/259 260/260/260 261/261/261 
f 271/271/271 272/272/272 273/273/273 
f 274/274/274 275/275/275 276/276/276 
f 277/277/277 278/278/278 279/279/279 
f 280/280/280 281/281/281 282/282/282 
f 283/283/283 284/284/284 285/285/285 
f 286/286/286 287/287/287 288/288/288 
f 289/289/289 290/290/290 291/291/291 
f 293/293/293 294/294/294 295/295/295 
f 296/296/296 297/297/297 298/298/298 
f 300/300/300 301/301/301 302/302/302 
f 303/303/303 304/304/304 305/305/305 
f 307/307/307 308/308/308 309/309/309 
f 310/310/310 311/311/311 312/312/312 
f 314/314/314 315/315/315 316/316/316 
f 317/317/317 318/318/318 319/319/319 
f 320/320/320 321/321/321 322/322/322 
f 323/323/323 324/324/324 325/325/325 
f 328/328/328 329/329/329 330/330/330 
f 331/331/331 332/332/332 333/333/333 
f 334/334/334 335/335/335 336/336/336 
f 337/337/337 338/338/338 339/339/339 
f 343/343/343 344/344/344 345/345/345 
f 346/346/346 347/347/347 348/348/348 
f 349/349/349 350/350/350 351/351/351 
f 353/353/353 354/354/354 355/355/355 
f 356/356/356 357/357/357 358/358/358 
f 359/359/359 360/360/360 361/361/361 
f 362/362/362 363/363/363 364/364/364 
f 365/365/365 366/366/366 367/367/367 
f 369/369/369 370/370/370 371/371/371 
f 372/372/372 373/373/373 374/374/374 
f 375/375/375 376/376/376 377/377/377 
f 378/378/378 379/379/379 380/380/380 
f 381/381/381 382/382/382 383/383/383 
f 384/384/384 385/385/385 386/386/386 
f 397/397/397 398/398/398 399/399/399 
f 400/400/400 401/401/401 402/402/402 
f 403/403/403 404/404/404 405/405/405 
f 406/406/406 407/407/407 408/408/408 
f 409/409/409 410/410/410 411/411/411 
f 412/412/412 413/413/413 414/414/414 
f 415/415/415 416/416/416 417/417/417 
f 418/418/418 419/419/419 420/420/420 
f 421/421/421 422/422/422 423/423/423 
f 424/424/424 425/425/425 426/426/426 
f 427/427/427 428/428/428 429/429/429 
f 430/430/430 431/431/431 432/432/432 
f 433/433/433 434/434/434 435/435/435 
f 436/436/436 437/437/437 438/438/438 
f 439/439/439 440/440/440 441/441/441 
f 442/442/442 443/443/443 444/444/444 
f 445/445/445 446/446/446 447/447/447 
f 448/448/448 449/449/449 450/450/450 
f 451/451/451 452/452/452 453/453/453 
f 454/454/454 455/455/455 456/456/456 
f 457/457/457 458/458/458 459/459/459 
f 460/460/460 461/461/461 462/462/462 
f 463/463/463 464/464/464 465/465/465 
f 466/466/466 467/467/467 468/468/468 
f 469/469/469 470/470/470 471/471/471 
f 472/472/472 473/473/473 474/474/474 
f 475/475/475 476/476/476 477/477/477 
f 478/478/478 479/479/479 480/480/480 

g KillerRobot1

v -8.53374 4.61936e-07 -15.0598 
v -8.53374 4.61936e-07 -14.9955 
v -8.55904 4.61936e-07 -15.0276 
v -8.5597 4.61936e-07 -15.9649 
v -8.58433 4.61936e-07 -15.9345 
v -8.58433 0.199768 -15.9345 
v -8.5597 0.199768 -15.9649 
v -7.63663 0.199768 -14.9955 
v -7.63663 2.23517e-07 -14.9955 
v -7.58414 4.61936e-07 -15.0598 
v -7.58414 0.199768 -15.0598 
v -7.58414 4.61936e-07 -15.9345 
v -7.63521 4.61936e-07 -15.9345 
v -7.63665 4.61936e-07 -15.9961 
v -8.58433 0.199768 -15.9345 
v -8.58433 4.61936e-07 -15.9345 
v -8.58434 4.61936e-07 -15.0598 
v -8.58434 0.199768 -15.0598 
v -7.58414 0.199768 -15.9345 
v -7.58414 4.61936e-07 -15.9345 
v -7.63665 4.61936e-07 -15.9961 
v -7.63665 0.199768 -15.9961 
v -7.63522 0.285858 -15.9345 
v -7.58414 0.199768 -15.9345 
v -7.63665 0.199768 -15.9961 
v -8.53371 0.285858 -15.9345 
v -8.58433 0.199768 -15.9345 
v -8.58434 0.199768 -15.0598 
v -8.5337 0.28593 -15.0598 
v -7.58414 4.61936e-07 -15.0598 
v -7.63521 4.61936e-07 -15.0598 
v -7.63521 4.61936e-07 -15.9345 
v -7.58414 4.61936e-07 -15.9345 
v -7.58414 0.199768 -15.0598 
v -7.58414 4.61936e-07 -15.0598 
v -7.58414 4.61936e-07 -15.9345 
v -7.58414 0.199768 -15.9345 
v -8.58434 0.199768 -15.0598 
v -8.58434 4.61936e-07 -15.0598 
v -8.55904 4.61936e-07 -15.0276 
v -8.55904 0.199768 -15.0276 
v -7.63663 2.23517e-07 -14.9955 
v -7.63521 4.61936e-07 -15.0598 
v -7.58414 4.61936e-07 -15.0598 
v -7.63663 2.23517e-07 -14.9955 
v -7.63663 0.199768 -14.9955 
v -8.53374 0.199768 -14.9955 
v -8.53374 4.61936e-07 -14.9955 
v -7.63522 0.285858 -15.9345 
v -7.63665 0.199768 -15.9961 
v -8.53507 0.199768 -15.9953 
v -8.53371 0.285858 -15.9345 
v -7.63522 0.285978 -15.0597 
v -7.63663 0.199768 -14.9955 
v -7.58414 0.199768 -15.0598 
v -7.63665 4.61936e-07 -15.9961 
v -7.63521 4.61936e-07 -15.9345 
v -8.53374 4.61936e-07 -15.9345 
v -8.53507 4.61936e-07 -15.9953 
v -7.63521 4.61936e-07 -15.9345 
v -7.63521 4.61936e-07 -15.0598 
v -8.53374 4.61936e-07 -15.0598 
v -8.53374 4.61936e-07 -15.9345 
v -7.63522 0.285858 -15.9345 
v -7.63522 0.285978 -15.0597 
v -7.58414 0.199768 -15.0598 
v -7.58414 0.199768 -15.9345 
v -8.53374 4.61936e-07 -14.9955 
v -8.53374 4.61936e-07 -15.0598 
v -7.63521 4.61936e-07 -15.0598 
v -7.63663 2.23517e-07 -14.9955 
v -8.53507 4.61936e-07 -15.9953 
v -8.53507 0.199768 -15.9953 
v -7.63665 0.199768 -15.9961 
v -7.63665 4.61936e-07 -15.9961 
v -8.5337 0.28593 -15.0598 
v -8.53374 0.199768 -14.9955 
v -7.63663 0.199768 -14.9955 
v -7.63522 0.285978 -15.0597 
v -8.5337 0.28593 -15.0598 
v -8.58434 0.199768 -15.0598 
v -8.55904 0.199768 -15.0276 
v -8.53371 0.285858 -15.9345 
v -8.5597 0.199768 -15.9649 
v -8.58433 0.199768 -15.9345 
v -8.53507 4.61936e-07 -15.9953 
v -8.53374 4.61936e-07 -15.9345 
v -8.58433 4.61936e-07 -15.9345 
v -8.5597 4.61936e-07 -15.9649 
v -8.53374 4.61936e-07 -15.9345 
v -8.53374 4.61936e-07 -15.0598 
v -8.58434 4.61936e-07 -15.0598 
v -8.58433 4.61936e-07 -15.9345 
v -8.08223 0.334844 -15.4889 
v -8.40232 0.335407 -15.2013 
v -7.76326 0.335407 -15.2013 
v -8.53371 0.285858 -15.9345 
v -8.40232 0.335407 -15.7766 
v -7.76326 0.335407 -15.7766 
v -7.63522 0.285858 -15.9345 
v -8.5337 0.28593 -15.0598 
v -8.40232 0.335407 -15.2013 
v -8.40232 0.335407 -15.7766 
v -8.53371 0.285858 -15.9345 
v -7.76326 0.335407 -15.2013 
v -7.63522 0.285978 -15.0597 
v -7.63522 0.285858 -15.9345 
v -7.76326 0.335407 -15.7766 
v -8.5337 0.28593 -15.0598 
v -7.63522 0.285978 -15.0597 
v -7.76326 0.335407 -15.2013 
v -8.40232 0.335407 -15.2013 
v -7.76326 0.335407 -15.7766 
v -8.08223 0.334844 -15.4889 
v -7.76326 0.335407 -15.2013 
v -8.08223 0.334844 -15.4889 
v -7.76326 0.335407 -15.7766 
v -8.40232 0.335407 -15.7766 
v -8.40232 0.335407 -15.2013 
v -8.08223 0.334844 -15.4889 
v -8.40232 0.335407 -15.7766 
v -8.55904 4.61936e-07 -15.0276 
v -8.53374 4.61936e-07 -14.9955 
v -8.53374 0.199768 -14.9955 
v -8.55904 0.199768 -15.0276 
v -8.55904 4.61936e-07 -15.0276 
v -8.58434 4.61936e-07 -15.0598 
v -8.53374 4.61936e-07 -15.0598 
v -8.55904 0.199768 -15.0276 
v -8.53374 0.199768 -14.9955 
v -8.5337 0.28593 -15.0598 
v -8.53371 0.285858 -15.9345 
v -8.53507 0.199768 -15.9953 
v -8.5597 0.199768 -15.9649 
v -8.5597 0.199768 -15.9649 
v -8.53507 0.199768 -15.9953 
v -8.53507 4.61936e-07 -15.9953 
v -8.5597 4.61936e-07 -15.9649 

vn 0 -1 0 
vn 0 -1 0 
vn 0 -1 0 
vn -0.779528 0 -0.629921 
vn -0.779528 0 -0.629921 
vn -0.779528 0 -0.629921 
vn -0.779528 0 -0.629921 
vn 0.771654 0 0.629921 
vn 0.771654 0 0.629921 
vn 0.771654 0 0.629921 
vn 0.771654 0 0.629921 
vn 0 -1 0 
vn 0 -1 0 
vn 0 -1 0 
vn -1 0 0 
vn -1 0 0 
vn -1 0 0 
vn -1 0 0 
vn 0.76378 0 -0.645669 
vn 0.76378 0 -0.645669 
vn 0.76378 0 -0.645669 
vn 0.76378 0 -0.645669 
vn 0.692913 0.409449 -0.590551 
vn 0.692913 0.409449 -0.590551 
vn 0.692913 0.409449 -0.590551 
vn -0.858268 0.503937 0 
vn -0.858268 0.503937 0 
vn -0.858268 0.503937 0 
vn -0.858268 0.503937 0 
vn 0 -1 0 
vn 0 -1 0 
vn 0 -1 0 
vn 0 -1 0 
vn 1 0 0 
vn 1 0 0 
vn 1 0 0 
vn 1 0 0 
vn -0.787402 0 0.622047 
vn -0.787402 0 0.622047 
vn -0.787402 0 0.622047 
vn -0.787402 0 0.622047 
vn 0 -1 0 
vn 0 -1 0 
vn 0 -1 0 
vn 0 0 1 
vn 0 0 1 
vn 0 0 1 
vn 0 0 1 
vn 0 0.582677 -0.811024 
vn 0 0.582677 -0.811024 
vn 0 0.582677 -0.811024 
vn 0 0.582677 -0.811024 
vn 0.700787 0.417323 0.574803 
vn 0.700787 0.417323 0.574803 
vn 0.700787 0.417323 0.574803 
vn 0 -1 0 
vn 0 -1 0 
vn 0 -1 0 
vn 0 -1 0 
vn 0 -1 0 
vn 0 -1 0 
vn 0 -1 0 
vn 0 -1 0 
vn 0.858268 0.511811 0 
vn 0.858268 0.511811 0 
vn 0.858268 0.511811 0 
vn 0.858268 0.511811 0 
vn 0 -1 0 
vn 0 -1 0 
vn 0 -1 0 
vn 0 -1 0 
vn 0 0 -1 
vn 0 0 -1 
vn 0 0 -1 
vn 0 0 -1 
vn 0 0.598425 0.80315 
vn 0 0.598425 0.80315 
vn 0 0.598425 0.80315 
vn 0 0.598425 0.80315 
vn -0.716535 0.417323 0.559055 
vn -0.716535 0.417323 0.559055 
vn -0.716535 0.417323 0.559055 
vn -0.708661 0.417323 -0.574803 
vn -0.708661 0.417323 -0.574803 
vn -0.708661 0.417323 -0.574803 
vn 0 -1 0 
vn 0 -1 0 
vn 0 -1 0 
vn 0 -1 0 
vn 0 -1 0 
vn 0 -1 0 
vn 0 -1 0 
vn 0 -1 0 
vn 0 1 0 
vn 0 1 0 
vn 0 1 0 
vn 0 0.952756 -0.299213 
vn 0 0.952756 -0.299213 
vn 0 0.952756 -0.299213 
vn 0 0.952756 -0.299213 
vn -0.354331 0.937008 0 
vn -0.354331 0.937008 0 
vn -0.354331 0.937008 0 
vn -0.354331 0.937008 0 
vn 0.362205 0.929134 0 
vn 0.362205 0.929134 0 
vn 0.362205 0.929134 0 
vn 0.362205 0.929134 0 
vn 0 0.944882 0.330709 
vn 0 0.944882 0.330709 
vn 0 0.944882 0.330709 
vn 0 0.944882 0.330709 
vn 0 1 0 
vn 0 1 0 
vn 0 1 0 
vn 0 1 0 
vn 0 1 0 
vn 0 1 0 
vn 0 1 0 
vn 0 1 0 
vn 0 1 0 
vn -0.787402 0 0.622047 
vn -0.787402 0 0.622047 
vn -0.787402 0 0.622047 
vn -0.787402 0 0.622047 
vn 0 -1 0 
vn 0 -1 0 
vn 0 -1 0 
vn -0.716535 0.417323 0.559055 
vn -0.716535 0.417323 0.559055 
vn -0.716535 0.417323 0.559055 
vn -0.708661 0.417323 -0.574803 
vn -0.708661 0.417323 -0.574803 
vn -0.708661 0.417323 -0.574803 
vn -0.779528 0 -0.629921 
vn -0.779528 0 -0.629921 
vn -0.779528 0 -0.629921 
vn -0.779528 0 -0.629921 

vt 0.681447 0.450555 
vt 0.677788 0.450555 
vt 0.679618 0.449026 
vt 0.486538 0.474851 
vt 0.488265 0.474851 
vt 0.488265 0.488091 
vt 0.486538 0.488091 
vt 0.547152 0.507537 
vt 0.547152 0.494338 
vt 0.550708 0.494338 
vt 0.550708 0.507537 
vt 0.736514 0.509663 
vt 0.736514 0.506577 
vt 0.74002 0.50649 
vt 0.488265 0.488091 
vt 0.488265 0.474851 
vt 0.54703 0.474851 
vt 0.54703 0.488091 
vt 0.609518 0.507537 
vt 0.609518 0.494338 
vt 0.613194 0.494338 
vt 0.613194 0.507537 
vt 0.611415 0.509666 
vt 0.609518 0.507537 
vt 0.613194 0.507537 
vt 0.486538 0.490222 
vt 0.488265 0.488091 
vt 0.54703 0.488091 
vt 0.548572 0.490222 
vt 0.681447 0.509663 
vt 0.681447 0.506577 
vt 0.736514 0.506577 
vt 0.736514 0.509663 
vt 0.550708 0.507537 
vt 0.550708 0.494338 
vt 0.609518 0.494338 
vt 0.609518 0.507537 
vt 0.54703 0.488091 
vt 0.54703 0.474851 
vt 0.548586 0.474851 
vt 0.548586 0.488091 
vt 0.677788 0.506491 
vt 0.681447 0.506577 
vt 0.681447 0.509663 
vt 0.547152 0.494338 
vt 0.547152 0.507537 
vt 0.487993 0.507537 
vt 0.487993 0.494338 
vt 0.611415 0.509666 
vt 0.613194 0.507537 
vt 0.672073 0.507537 
vt 0.673694 0.509666 
vt 0.548903 0.509666 
vt 0.547152 0.507537 
vt 0.550708 0.507537 
vt 0.74002 0.50649 
vt 0.736514 0.506577 
vt 0.736514 0.450555 
vt 0.739974 0.450475 
vt 0.736514 0.506577 
vt 0.681447 0.506577 
vt 0.681447 0.450555 
vt 0.736514 0.450555 
vt 0.611415 0.509666 
vt 0.548903 0.509666 
vt 0.550708 0.507537 
vt 0.609518 0.507537 
vt 0.677788 0.450555 
vt 0.681447 0.450555 
vt 0.681447 0.506577 
vt 0.677788 0.506491 
vt 0.672073 0.494338 
vt 0.672073 0.507537 
vt 0.613194 0.507537 
vt 0.613194 0.494338 
vt 0.486444 0.509666 
vt 0.487993 0.507537 
vt 0.547152 0.507537 
vt 0.548903 0.509666 
vt 0.548572 0.490222 
vt 0.54703 0.488091 
vt 0.548586 0.488091 
vt 0.486538 0.490222 
vt 0.486538 0.488091 
vt 0.488265 0.488091 
vt 0.739974 0.450475 
vt 0.736514 0.450555 
vt 0.736514 0.447498 
vt 0.738244 0.448987 
vt 0.736514 0.450555 
vt 0.681447 0.450555 
vt 0.681447 0.447498 
vt 0.736514 0.447498 
vt 0.657734 0.474502 
vt 0.647154 0.485687 
vt 0.647154 0.463494 
vt 0.673759 0.490076 
vt 0.668859 0.485687 
vt 0.668859 0.463494 
vt 0.673759 0.45918 
vt 0.642763 0.490076 
vt 0.647154 0.485687 
vt 0.668859 0.485687 
vt 0.673759 0.490076 
vt 0.647154 0.463494 
vt 0.64276 0.45918 
vt 0.673759 0.45918 
vt 0.668859 0.463494 
vt 0.642763 0.490076 
vt 0.64276 0.45918 
vt 0.647154 0.463494 
vt 0.647154 0.485687 
vt 0.668859 0.463494 
vt 0.657734 0.474502 
vt 0.647154 0.463494 
vt 0.657734 0.474502 
vt 0.668859 0.463494 
vt 0.668859 0.485687 
vt 0.647154 0.485687 
vt 0.657734 0.474502 
vt 0.668859 0.485687 
vt 0.486444 0.494338 
vt 0.487993 0.494338 
vt 0.487993 0.507537 
vt 0.486444 0.507537 
vt 0.679618 0.449026 
vt 0.681447 0.447498 
vt 0.681447 0.450555 
vt 0.486444 0.507537 
vt 0.487993 0.507537 
vt 0.486444 0.509668 
vt 0.673694 0.509675 
vt 0.672073 0.507537 
vt 0.673694 0.507537 
vt 0.673694 0.507537 
vt 0.672073 0.507537 
vt 0.672073 0.494338 
vt 0.673694 0.494338 

usemtl KillerRobot1Mtl

f 481/481/481 482/482/482 483/483/483 
f 484/484/484 485/485/485 486/486/486 
f 484/484/484 486/486/486 487/487/487 
f 488/488/488 489/489/489 490/490/490 
f 488/488/488 490/490/490 491/491/491 
f 492/492/492 493/493/493 494/494/494 
f 495/495/495 496/496/496 497/497/497 
f 495/495/495 497/497/497 498/498/498 
f 499/499/499 500/500/500 501/501/501 
f 499/499/499 501/501/501 502/502/502 
f 503/503/503 504/504/504 505/505/505 
f 506/506/506 507/507/507 508/508/508 
f 506/506/506 508/508/508 509/509/509 
f 510/510/510 511/511/511 512/512/512 
f 510/510/510 512/512/512 513/513/513 
f 514/514/514 515/515/515 516/516/516 
f 514/514/514 516/516/516 517/517/517 
f 518/518/518 519/519/519 520/520/520 
f 518/518/518 520/520/520 521/521/521 
f 522/522/522 523/523/523 524/524/524 
f 525/525/525 526/526/526 527/527/527 
f 525/525/525 527/527/527 528/528/528 
f 529/529/529 530/530/530 531/531/531 
f 529/529/529 531/531/531 532/532/532 
f 533/533/533 534/534/534 535/535/535 
f 536/536/536 537/537/537 538/538/538 
f 536/536/536 538/538/538 539/539/539 
f 540/540/540 541/541/541 542/542/542 
f 540/540/540 542/542/542 543/543/543 
f 544/544/544 545/545/545 546/546/546 
f 544/544/544 546/546/546 547/547/547 
f 548/548/548 549/549/549 550/550/550 
f 548/548/548 550/550/550 551/551/551 
f 552/552/552 553/553/553 554/554/554 
f 552/552/552 554/554/554 555/555/555 
f 556/556/556 557/557/557 558/558/558 
f 556/556/556 558/558/558 559/559/559 
f 560/560/560 561/561/561 562/562/562 
f 563/563/563 564/564/564 565/565/565 
f 566/566/566 567/567/567 568/568/568 
f 566/566/566 568/568/568 569/569/569 
f 570/570/570 571/571/571 572/572/572 
f 570/570/570 572/572/572 573/573/573 
f 574/574/574 575/575/575 576/576/576 
f 577/577/577 578/578/578 579/579/579 
f 577/577/577 579/579/579 580/580/580 
f 581/581/581 582/582/582 583/583/583 
f 581/581/581 583/583/583 584/584/584 
f 585/585/585 586/586/586 587/587/587 
f 585/585/585 587/587/587 588/588/588 
f 589/589/589 590/590/590 591/591/591 
f 589/589/589 591/591/591 592/592/592 
f 593/593/593 594/594/594 595/595/595 
f 596/596/596 597/597/597 598/598/598 
f 599/599/599 600/600/600 601/601/601 
f 602/602/602 603/603/603 604/604/604 
f 602/602/602 604/604/604 605/605/605 
f 606/606/606 607/607/607 608/608/608 
f 609/609/609 610/610/610 611/611/611 
f 612/612/612 613/613/613 614/614/614 
f 615/615/615 616/616/616 617/617/617 
f 615/615/615 617/617/617 618/618/618 

g KillerRobot2

v -8.5846 2.04022 -16.0652 
v -8.5846 2.23199 -16.0652 
v -8.5846 2.23199 -16.9291 
v -8.5846 2.04022 -16.9291 
v -7.58431 2.23199 -16.0655 
v -7.58431 2.04022 -16.0654 
v -7.58431 2.04022 -16.9291 
v -7.58431 2.23199 -16.9291 
v -7.64965 2.27312 -16.9291 
v -7.80527 2.33447 -16.7748 
v -7.80527 2.33447 -16.2178 
v -7.64965 2.27312 -16.0655 
v -8.08446 1.99922 -16.4964 
v -7.64961 1.99928 -16.9291 
v -7.64965 1.99922 -16.0652 
v -8.5216 1.99928 -16.9291 
v -8.08446 1.99922 -16.4964 
v -8.52163 1.99922 -16.0652 
v -7.64961 1.99928 -16.9291 
v -8.08446 1.99922 -16.4964 
v -8.5216 1.99928 -16.9291 
v -7.64965 1.99922 -16.0652 
v -8.52163 1.99922 -16.0652 
v -8.08446 1.99922 -16.4964 
v -8.5846 2.04022 -16.9291 
v -8.5216 1.99928 -16.9291 
v -8.52163 1.99922 -16.0652 
v -8.5846 2.04022 -16.0652 
v -7.58431 2.04022 -16.0654 
v -7.64965 1.99922 -16.0652 
v -7.64961 1.99928 -16.9291 
v -7.58431 2.04022 -16.9291 
v -7.80527 2.33447 -16.7748 
v -7.64965 2.27312 -16.9291 
v -8.52163 2.27312 -16.929 
v -8.36302 2.33447 -16.7748 
v -8.52163 2.23199 -16.9988 
v -8.52163 2.27312 -16.929 
v -7.64965 2.27312 -16.9291 
v -7.64965 2.23199 -16.9988 
v -7.64961 2.04022 -16.9988 
v -7.64961 1.99928 -16.9291 
v -8.5216 1.99928 -16.9291 
v -8.5216 2.04022 -16.9988 
v -8.52163 2.23199 -16.9988 
v -7.64965 2.23199 -16.9988 
v -7.64961 2.04022 -16.9988 
v -8.5216 2.04022 -16.9988 
v -8.5216 1.99928 -16.9291 
v -8.5846 2.04022 -16.9291 
v -8.5531 2.04022 -16.9639 
v -8.5531 2.04022 -16.9639 
v -8.5846 2.04022 -16.9291 
v -8.5846 2.23199 -16.9291 
v -8.55312 2.23199 -16.9639 
v -8.5846 2.23199 -16.9291 
v -8.52163 2.27312 -16.929 
v -8.55312 2.23199 -16.9639 
v -8.5846 2.23199 -16.0652 
v -8.52163 2.27312 -16.0652 
v -8.52163 2.27312 -16.929 
v -8.5846 2.23199 -16.9291 
v -8.36302 2.33447 -16.7748 
v -8.52163 2.27312 -16.929 
v -8.52163 2.27312 -16.0652 
v -8.36302 2.33447 -16.2178 
v -8.52163 2.27312 -16.0652 
v -8.5846 2.23199 -16.0652 
v -8.55312 2.23199 -16.0323 
v -8.5846 2.04022 -16.0652 
v -8.55312 2.04022 -16.0323 
v -8.55312 2.23199 -16.0323 
v -8.5846 2.23199 -16.0652 
v -7.64965 2.23199 -16.9988 
v -7.64965 2.27312 -16.9291 
v -7.58431 2.23199 -16.9291 
v -7.58431 2.04022 -16.9291 
v -7.64961 2.04022 -16.9988 
v -7.64965 2.23199 -16.9988 
v -7.58431 2.23199 -16.9291 
v -7.58431 2.04022 -16.9291 
v -7.64961 1.99928 -16.9291 
v -7.64961 2.04022 -16.9988 
v -7.58431 2.23199 -16.9291 
v -7.64965 2.27312 -16.9291 
v -7.64965 2.27312 -16.0655 
v -7.58431 2.23199 -16.0655 
v -7.58431 2.23199 -16.0655 
v -7.64965 2.27312 -16.0655 
v -7.64965 2.23199 -15.9995 
v -7.58431 2.23199 -16.0655 
v -7.64965 2.23199 -15.9995 
v -7.64965 2.04022 -15.9995 
v -7.58431 2.04022 -16.0654 
v -7.64965 2.04022 -15.9995 
v -7.64965 1.99922 -16.0652 
v -7.58431 2.04022 -16.0654 
v -8.52163 2.04022 -15.9995 
v -8.52163 1.99922 -16.0652 
v -7.64965 1.99922 -16.0652 
v -7.64965 2.04022 -15.9995 
v -7.64965 2.23199 -15.9995 
v -8.52163 2.23199 -15.9995 
v -8.52163 2.04022 -15.9995 
v -7.64965 2.04022 -15.9995 
v -7.64965 2.27312 -16.0655 
v -8.52163 2.27312 -16.0652 
v -8.52163 2.23199 -15.9995 
v -7.64965 2.23199 -15.9995 
v -7.64965 2.27312 -16.0655 
v -7.80527 2.33447 -16.2178 
v -8.36302 2.33447 -16.2178 
v -8.52163 2.27312 -16.0652 
v -8.52163 1.99922 -16.0652 
v -8.52163 2.04022 -15.9995 
v -8.55312 2.04022 -16.0323 
v -8.36302 2.33447 -16.7748 
v -8.08354 2.33423 -16.4963 
v -7.80527 2.33447 -16.7748 
v -8.08354 2.33423 -16.4963 
v -8.36302 2.33447 -16.2178 
v -7.80527 2.33447 -16.2178 
v -8.08354 2.33423 -16.4963 
v -7.80527 2.33447 -16.2178 
v -7.80527 2.33447 -16.7748 
v -8.36302 2.33447 -16.7748 
v -8.36302 2.33447 -16.2178 
v -8.08354 2.33423 -16.4963 
v -8.55312 2.04022 -16.0323 
v -8.52163 2.04022 -15.9995 
v -8.52163 2.23199 -15.9995 
v -8.55312 2.23199 -16.0323 
v -8.55312 2.04022 -16.0323 
v -8.5846 2.04022 -16.0652 
v -8.52163 1.99922 -16.0652 
v -8.55312 2.23199 -16.0323 
v -8.52163 2.23199 -15.9995 
v -8.52163 2.27312 -16.0652 
v -8.52163 2.27312 -16.929 
v -8.52163 2.23199 -16.9988 
v -8.55312 2.23199 -16.9639 
v -8.55312 2.23199 -16.9639 
v -8.52163 2.23199 -16.9988 
v -8.5216 2.04022 -16.9988 
v -8.5531 2.04022 -16.9639 
v -8.5531 2.04022 -16.9639 
v -8.5216 2.04022 -16.9988 
v -8.5216 1.99928 -16.9291 

vn -1 0 0 
vn -1 0 0 
vn -1 0 0 
vn -1 0 0 
vn 1 0 0 
vn 1 0 0 
vn 1 0 0 
vn 1 0 0 
vn 0.188976 0.96063 -0.188976 
vn 0.141732 0.976378 -0.141732 
vn 0.141732 0.976378 0.141732 
vn 0.188976 0.96063 0.188976 
vn 0 -1 0 
vn 0 -1 0 
vn 0 -1 0 
vn 0 -1 0 
vn 0 -1 0 
vn 0 -1 0 
vn 0 -1 0 
vn 0 -1 0 
vn 0 -1 0 
vn 0 -1 0 
vn 0 -1 0 
vn 0 -1 0 
vn -0.543307 -0.834646 0 
vn -0.543307 -0.834646 0 
vn -0.543307 -0.834646 0 
vn -0.543307 -0.834646 0 
vn 0.527559 -0.850394 0 
vn 0.527559 -0.850394 0 
vn 0.527559 -0.850394 0 
vn 0.527559 -0.850394 0 
vn 0.141732 0.976378 -0.141732 
vn 0.188976 0.96063 -0.188976 
vn -0.188976 0.96063 -0.188976 
vn -0.141732 0.976378 -0.141732 
vn 0 0.858268 -0.511811 
vn 0 0.858268 -0.511811 
vn 0 0.858268 -0.511811 
vn 0 0.858268 -0.511811 
vn 0 -0.866142 -0.503937 
vn 0 -0.866142 -0.503937 
vn 0 -0.866142 -0.503937 
vn 0 -0.866142 -0.503937 
vn 0 0 -1 
vn 0 0 -1 
vn 0 0 -1 
vn 0 0 -1 
vn -0.488189 -0.755906 -0.440945 
vn -0.488189 -0.755906 -0.440945 
vn -0.488189 -0.755906 -0.440945 
vn -0.740157 0 -0.669291 
vn -0.740157 0 -0.669291 
vn -0.740157 0 -0.669291 
vn -0.740157 0 -0.669291 
vn -0.488189 0.748031 -0.440945 
vn -0.488189 0.748031 -0.440945 
vn -0.488189 0.748031 -0.440945 
vn -0.543307 0.834646 0 
vn -0.543307 0.834646 0 
vn -0.543307 0.834646 0 
vn -0.543307 0.834646 0 
vn -0.141732 0.976378 -0.141732 
vn -0.188976 0.96063 -0.188976 
vn -0.188976 0.96063 0.188976 
vn -0.141732 0.976378 0.141732 
vn -0.488189 0.740157 0.464567 
vn -0.488189 0.740157 0.464567 
vn -0.488189 0.740157 0.464567 
vn -0.724409 0 0.692913 
vn -0.724409 0 0.692913 
vn -0.724409 0 0.692913 
vn -0.724409 0 0.692913 
vn 0.480315 0.755906 -0.448819 
vn 0.480315 0.755906 -0.448819 
vn 0.480315 0.755906 -0.448819 
vn 0.732283 0 -0.685039 
vn 0.732283 0 -0.685039 
vn 0.732283 0 -0.685039 
vn 0.732283 0 -0.685039 
vn 0.472441 -0.755906 -0.448819 
vn 0.472441 -0.755906 -0.448819 
vn 0.472441 -0.755906 -0.448819 
vn 0.535433 0.84252 0 
vn 0.535433 0.84252 0 
vn 0.535433 0.84252 0 
vn 0.535433 0.84252 0 
vn 0.472441 0.748031 0.464567 
vn 0.472441 0.748031 0.464567 
vn 0.472441 0.748031 0.464567 
vn 0.708661 0 0.700787 
vn 0.708661 0 0.700787 
vn 0.708661 0 0.700787 
vn 0.708661 0 0.700787 
vn 0.472441 -0.748031 0.464567 
vn 0.472441 -0.748031 0.464567 
vn 0.472441 -0.748031 0.464567 
vn 0 -0.850394 0.527559 
vn 0 -0.850394 0.527559 
vn 0 -0.850394 0.527559 
vn 0 -0.850394 0.527559 
vn 0 0 1 
vn 0 0 1 
vn 0 0 1 
vn 0 0 1 
vn 0 0.850394 0.527559 
vn 0 0.850394 0.527559 
vn 0 0.850394 0.527559 
vn 0 0.850394 0.527559 
vn 0.188976 0.96063 0.188976 
vn 0.141732 0.976378 0.141732 
vn -0.141732 0.976378 0.141732 
vn -0.188976 0.96063 0.188976 
vn -0.480315 -0.740157 0.464567 
vn -0.480315 -0.740157 0.464567 
vn -0.480315 -0.740157 0.464567 
vn -0.141732 0.976378 -0.141732 
vn 0 1 0 
vn 0.141732 0.976378 -0.141732 
vn 0 1 0 
vn -0.141732 0.976378 0.141732 
vn 0.141732 0.976378 0.141732 
vn 0 1 0 
vn 0.141732 0.976378 0.141732 
vn 0.141732 0.976378 -0.141732 
vn -0.141732 0.976378 -0.141732 
vn -0.141732 0.976378 0.141732 
vn 0 1 0 
vn -0.724409 0 0.692913 
vn -0.724409 0 0.692913 
vn -0.724409 0 0.692913 
vn -0.724409 0 0.692913 
vn -0.480315 -0.740157 0.464567 
vn -0.480315 -0.740157 0.464567 
vn -0.480315 -0.740157 0.464567 
vn -0.488189 0.740157 0.464567 
vn -0.488189 0.740157 0.464567 
vn -0.488189 0.740157 0.464567 
vn -0.488189 0.748031 -0.440945 
vn -0.488189 0.748031 -0.440945 
vn -0.488189 0.748031 -0.440945 
vn -0.740157 0 -0.669291 
vn -0.740157 0 -0.669291 
vn -0.740157 0 -0.669291 
vn -0.740157 0 -0.669291 
vn -0.488189 -0.755906 -0.440945 
vn -0.488189 -0.755906 -0.440945 
vn -0.488189 -0.755906 -0.440945 

vt 0.546988 0.753817 
vt 0.546988 0.765795 
vt 0.488193 0.765795 
vt 0.488193 0.753817 
vt 0.550722 0.785284 
vt 0.550722 0.773127 
vt 0.609347 0.773127 
vt 0.609347 0.785284 
vt 0.673715 0.736488 
vt 0.668506 0.741912 
vt 0.647859 0.741912 
vt 0.642716 0.736488 
vt 0.708717 0.755957 
vt 0.740141 0.787026 
vt 0.677805 0.787026 
vt 0.740141 0.72471 
vt 0.708717 0.755957 
vt 0.677804 0.724711 
vt 0.740141 0.787026 
vt 0.708717 0.755957 
vt 0.740141 0.72471 
vt 0.677805 0.787026 
vt 0.677804 0.724711 
vt 0.708717 0.755957 
vt 0.488193 0.753817 
vt 0.486437 0.752108 
vt 0.548733 0.752108 
vt 0.546988 0.753817 
vt 0.550722 0.773127 
vt 0.548779 0.77168 
vt 0.611326 0.77168 
vt 0.609347 0.773127 
vt 0.668506 0.741912 
vt 0.673715 0.736488 
vt 0.673713 0.767411 
vt 0.668506 0.761882 
vt 0.671986 0.78534 
vt 0.673769 0.787143 
vt 0.611326 0.787087 
vt 0.613237 0.785284 
vt 0.613237 0.773127 
vt 0.611326 0.77168 
vt 0.673769 0.771695 
vt 0.671986 0.773272 
vt 0.671986 0.78534 
vt 0.613237 0.785284 
vt 0.613237 0.773127 
vt 0.671986 0.773272 
vt 0.486437 0.752108 
vt 0.488193 0.753817 
vt 0.486437 0.753817 
vt 0.486437 0.753817 
vt 0.488193 0.753817 
vt 0.488193 0.765795 
vt 0.486437 0.765795 
vt 0.488193 0.765795 
vt 0.486437 0.76757 
vt 0.486437 0.765795 
vt 0.546988 0.765795 
vt 0.548733 0.76757 
vt 0.486437 0.76757 
vt 0.488193 0.765795 
vt 0.668506 0.761882 
vt 0.673713 0.767411 
vt 0.642707 0.767411 
vt 0.647859 0.761882 
vt 0.548733 0.76757 
vt 0.546988 0.765795 
vt 0.548733 0.765795 
vt 0.546988 0.753817 
vt 0.548733 0.753817 
vt 0.548733 0.765795 
vt 0.546988 0.765795 
vt 0.613237 0.785284 
vt 0.611326 0.787086 
vt 0.609347 0.785284 
vt 0.609347 0.773127 
vt 0.613237 0.773127 
vt 0.613237 0.785284 
vt 0.609347 0.785284 
vt 0.609347 0.773127 
vt 0.611326 0.77168 
vt 0.613237 0.773127 
vt 0.609347 0.785284 
vt 0.611326 0.787086 
vt 0.548779 0.787086 
vt 0.550722 0.785284 
vt 0.550722 0.785284 
vt 0.548779 0.787086 
vt 0.546944 0.785284 
vt 0.550722 0.785284 
vt 0.546944 0.785284 
vt 0.546944 0.773127 
vt 0.550722 0.773127 
vt 0.546944 0.773127 
vt 0.548779 0.77168 
vt 0.550722 0.773127 
vt 0.488197 0.773119 
vt 0.486408 0.77168 
vt 0.548779 0.77168 
vt 0.546944 0.773127 
vt 0.546944 0.785284 
vt 0.488197 0.78534 
vt 0.488197 0.773119 
vt 0.546944 0.773127 
vt 0.548779 0.787086 
vt 0.486408 0.787143 
vt 0.488197 0.78534 
vt 0.546944 0.785284 
vt 0.642716 0.736488 
vt 0.647859 0.741912 
vt 0.647859 0.761882 
vt 0.642707 0.767411 
vt 0.486408 0.771709 
vt 0.488197 0.773119 
vt 0.486408 0.773119 
vt 0.668506 0.761882 
vt 0.657876 0.751833 
vt 0.668506 0.741912 
vt 0.657876 0.751833 
vt 0.647859 0.761882 
vt 0.647859 0.741912 
vt 0.657876 0.751833 
vt 0.647859 0.741912 
vt 0.668506 0.741912 
vt 0.668506 0.761882 
vt 0.647859 0.761882 
vt 0.657876 0.751833 
vt 0.486408 0.773119 
vt 0.488197 0.773119 
vt 0.488197 0.78534 
vt 0.486408 0.78534 
vt 0.548733 0.753817 
vt 0.546988 0.753817 
vt 0.548733 0.752108 
vt 0.486408 0.78534 
vt 0.488197 0.78534 
vt 0.486408 0.787143 
vt 0.673769 0.787143 
vt 0.671986 0.78534 
vt 0.673769 0.785368 
vt 0.673769 0.785368 
vt 0.671986 0.78534 
vt 0.671986 0.773272 
vt 0.673769 0.773345 
vt 0.673769 0.773345 
vt 0.671986 0.773272 
vt 0.673769 0.771695 

usemtl KillerRobot1Mtl

f 619/619/619 620/620/620 621/621/621 
f 619/619/619 621/621/621 622/622/622 
f 623/623/623 624/624/624 625/625/625 
f 623/623/623 625/625/625 626/626/626 
f 627/627/627 628/628/628 629/629/629 
f 627/627/627 629/629/629 630/630/630 
f 631/631/631 632/632/632 633/633/633 
f 634/634/634 635/635/635 636/636/636 
f 637/637/637 638/638/638 639/639/639 
f 640/640/640 641/641/641 642/642/642 
f 643/643/643 644/644/644 645/645/645 
f 643/643/643 645/645/645 646/646/646 
f 647/647/647 648/648/648 649/649/649 
f 647/647/647 649/649/649 650/650/650 
f 651/651/651 652/652/652 653/653/653 
f 651/651/651 653/653/653 654/654/654 
f 655/655/655 656/656/656 657/657/657 
f 655/655/655 657/657/657 658/658/658 
f 659/659/659 660/660/660 661/661/661 
f 659/659/659 661/661/661 662/662/662 
f 663/663/663 664/664/664 665/665/665 
f 663/663/663 665/665/665 666/666/666 
f 667/667/667 668/668/668 669/669/669 
f 670/670/670 671/671/671 672/672/672 
f 670/670/670 672/672/672 673/673/673 
f 674/674/674 675/675/675 676/676/676 
f 677/677/677 678/678/678 679/679/679 
f 677/677/677 679/679/679 680/680/680 
f 681/681/681 682/682/682 683/683/683 
f 681/681/681 683/683/683 684/684/684 
f 685/685/685 686/686/686 687/687/687 
f 688/688/688 689/689/689 690/690/690 
f 688/688/688 690/690/690 691/691/691 
f 692/692/692 693/693/693 694/694/694 
f 695/695/695 696/696/696 697/697/697 
f 695/695/695 697/697/697 698/698/698 
f 699/699/699 700/700/700 701/701/701 
f 702/702/702 703/703/703 704/704/704 
f 702/702/702 704/704/704 705/705/705 
f 706/706/706 707/707/707 708/708/708 
f 709/709/709 710/710/710 711/711/711 
f 709/709/709 711/711/711 712/712/712 
f 713/713/713 714/714/714 715/715/715 
f 716/716/716 717/717/717 718/718/718 
f 716/716/716 718/718/718 719/719/719 
f 720/720/720 721/721/721 722/722/722 
f 720/720/720 722/722/722 723/723/723 
f 724/724/724 725/725/725 726/726/726 
f 724/724/724 726/726/726 727/727/727 
f 728/728/728 729/729/729 730/730/730 
f 728/728/728 730/730/730 731/731/731 
f 732/732/732 733/733/733 734/734/734 
f 735/735/735 736/736/736 737/737/737 
f 738/738/738 739/739/739 740/740/740 
f 741/741/741 742/742/742 743/743/743 
f 744/744/744 745/745/745 746/746/746 
f 747/747/747 748/748/748 749/749/749 
f 747/747/747 749/749/749 750/750/750 
f 751/751/751 752/752/752 753/753/753 
f 754/754/754 755/755/755 756/756/756 
f 757/757/757 758/758/758 759/759/759 
f 760/760/760 761/761/761 762/762/762 
f 760/760/760 762/762/762 763/763/763 
f 764/764/764 765/765/765 766/766/766 

g KillerRobot3

v -8.23579 3.52089 -16.9153 
v -8.22534 3.48873 -16.9488 
v -8.35513 3.4226 -16.9488 
v -8.37501 3.44996 -16.9153 
v -8.37501 3.44996 -16.9153 
v -8.35513 3.4226 -16.9488 
v -8.45814 3.3196 -16.9488 
v -8.48549 3.33948 -16.9153 
v -8.48549 3.33948 -16.9153 
v -8.45814 3.3196 -16.9488 
v -8.52433 3.18968 -16.9488 
v -8.55643 3.20026 -16.9153 
v -8.55643 3.20026 -16.9153 
v -8.52433 3.18968 -16.9488 
v -8.54564 3.05936 -16.9646 
v -8.57904 3.05936 -16.9312 
v -8.2149 3.45657 -16.0133 
v -8.22534 3.48873 -16.0469 
v -8.35513 3.4226 -16.0469 
v -8.33526 3.39525 -16.0133 
v -8.33526 3.39525 -16.0133 
v -8.35513 3.4226 -16.0469 
v -8.45814 3.3196 -16.0469 
v -8.43078 3.29973 -16.0133 
v -8.43078 3.29973 -16.0133 
v -8.45814 3.3196 -16.0469 
v -8.52433 3.18968 -16.0469 
v -8.49224 3.1791 -16.0133 
v -8.49224 3.1791 -16.0133 
v -8.52433 3.18968 -16.0469 
v -8.54564 3.05937 -16.0311 
v -8.51224 3.05937 -15.9977 
v -8.51224 2.34718 -16.998 
v -8.54564 2.34718 -16.9646 
v -8.54564 3.05936 -16.9646 
v -8.51224 3.05936 -16.998 
v -8.51224 3.05937 -15.9977 
v -8.54564 3.05937 -16.0311 
v -8.54564 2.34718 -16.0311 
v -8.51224 2.34718 -15.9977 
v -8.23579 3.52089 -16.9153 
v -8.37501 3.44996 -16.9153 
v -8.37501 3.44996 -16.0805 
v -8.23579 3.52089 -16.0805 
v -8.37501 3.44996 -16.9153 
v -8.48549 3.33948 -16.9153 
v -8.48549 3.33948 -16.0805 
v -8.37501 3.44996 -16.0805 
v -8.48549 3.33948 -16.9153 
v -8.55643 3.20026 -16.9153 
v -8.55643 3.20026 -16.0805 
v -8.48549 3.33948 -16.0805 
v -8.57904 3.05936 -16.9312 
v -8.57904 2.34717 -16.9312 
v -8.57904 2.34717 -16.0645 
v -8.57904 3.05937 -16.0645 
v -8.55643 3.20026 -16.9153 
v -8.57904 3.05936 -16.9312 
v -8.57904 3.05937 -16.0645 
v -8.55643 3.20026 -16.0805 
v -8.07635 2.27431 -16.9522 
v -7.68505 2.27445 -16.9522 
v -7.68582 2.2744 -16.8898 
v -8.07636 2.27434 -16.8906 
v -8.51224 2.34718 -16.998 
v -8.07635 2.34717 -16.998 
v -8.07635 2.27431 -16.9522 
v -8.47277 2.27445 -16.9522 
v -8.07635 2.34717 -16.998 
v -7.64558 2.34718 -16.998 
v -7.68505 2.27445 -16.9522 
v -8.07635 2.27431 -16.9522 
v -7.64558 2.34718 -16.998 
v -7.57879 2.34717 -16.9312 
v -7.62437 2.27427 -16.8915 
v -7.68505 2.27445 -16.9522 
v -7.57879 2.34717 -16.9312 
v -7.57879 2.34717 -16.0645 
v -7.62437 2.27427 -16.1042 
v -7.62437 2.27427 -16.8915 
v -7.57879 2.34717 -16.0645 
v -7.64558 2.34718 -15.9977 
v -7.68505 2.27431 -16.0435 
v -7.62437 2.27427 -16.1042 
v -7.64558 2.34718 -15.9977 
v -8.07635 2.34717 -15.9977 
v -8.07635 2.27417 -16.0435 
v -7.68505 2.27431 -16.0435 
v -8.07635 2.34717 -15.9977 
v -8.51224 2.34718 -15.9977 
v -8.47277 2.27431 -16.0435 
v -8.07635 2.27417 -16.0435 
v -8.51224 2.34718 -15.9977 
v -8.54564 2.34718 -16.0311 
v -8.50311 2.27429 -16.0739 
v -8.47277 2.27431 -16.0435 
v -8.57904 2.34717 -16.0645 
v -8.57904 2.34717 -16.9312 
v -8.53345 2.27427 -16.8915 
v -8.53345 2.27427 -16.1042 
v -8.57904 2.34717 -16.9312 
v -8.54564 2.34718 -16.9646 
v -8.50311 2.27436 -16.9218 
v -8.53345 2.27427 -16.8915 
v -8.07635 3.50906 -16.9054 
v -8.11221 3.53984 -16.9153 
v -8.11221 3.53984 -16.0805 
v -8.07635 3.50906 -16.0937 
v -8.07635 3.50906 -16.9054 
v -8.07635 3.46341 -16.9516 
v -8.11098 3.47241 -16.9824 
v -8.1116 3.50612 -16.9488 
v -8.11098 3.47241 -16.9824 
v -8.07635 3.46341 -16.9516 
v -8.07635 3.09444 -16.9642 
v -8.11015 3.05906 -16.998 
v -7.57879 3.05906 -16.9312 
v -7.61374 3.09444 -16.9166 
v -7.61374 3.09444 -16.0791 
v -7.57879 3.05906 -16.0645 
v -7.61374 3.09444 -16.9166 
v -7.57879 3.05906 -16.9312 
v -7.64558 3.05906 -16.998 
v -7.64558 3.09444 -16.961 
v -7.64558 3.09444 -16.961 
v -7.64558 3.05906 -16.998 
v -8.11015 3.05906 -16.998 
v -8.07635 3.09444 -16.9642 
v -8.11221 3.53984 -16.0805 
v -8.1116 3.50612 -16.0469 
v -8.07635 3.50906 -16.0937 
v -8.07635 3.46341 -16.0446 
v -8.11098 3.47241 -16.0133 
v -8.11015 3.05906 -15.9977 
v -8.07635 3.09444 -16.0315 
v -7.64558 3.05906 -15.9977 
v -7.64558 3.09444 -16.0347 
v -8.07635 3.09444 -16.0315 
v -8.11015 3.05906 -15.9977 
v -7.64558 3.09444 -16.0347 
v -7.64558 3.05906 -15.9977 
v -7.57879 3.05906 -16.0645 
v -7.61374 3.09444 -16.0791 
v -8.2149 3.45657 -16.9824 
v -8.22534 3.48873 -16.9488 
v -8.1116 3.50612 -16.9488 
v -8.11098 3.47241 -16.9824 
v -8.23579 3.52089 -16.0805 
v -8.22534 3.48873 -16.0469 
v -8.1116 3.50612 -16.0469 
v -8.11221 3.53984 -16.0805 
v -7.64558 3.05906 -16.998 
v -7.57879 3.05906 -16.9312 
v -7.57879 2.34717 -16.9312 
v -7.64558 2.34718 -16.998 
v -7.64558 2.34718 -15.9977 
v -7.57879 2.34717 -16.0645 
v -7.57879 3.05906 -16.0645 
v -7.64558 3.05906 -15.9977 
v -8.11221 3.53984 -16.9153 
v -8.23579 3.52089 -16.9153 
v -8.23579 3.52089 -16.0805 
v -8.11221 3.53984 -16.0805 
v -8.51224 2.34718 -16.998 
v -8.51224 3.05936 -16.998 
v -8.11015 3.05906 -16.998 
v -8.07635 2.34717 -16.998 
v -8.51224 3.05937 -15.9977 
v -8.51224 2.34718 -15.9977 
v -8.07635 2.34717 -15.9977 
v -8.11015 3.05906 -15.9977 
v -7.64558 3.05906 -16.998 
v -7.64558 2.34718 -16.998 
v -8.07635 2.34717 -16.998 
v -8.11015 3.05906 -16.998 
v -7.57879 2.34717 -16.9312 
v -7.57879 3.05906 -16.9312 
v -7.57879 3.05906 -16.0645 
v -7.57879 2.34717 -16.0645 
v -7.64558 2.34718 -15.9977 
v -7.64558 3.05906 -15.9977 
v -8.11015 3.05906 -15.9977 
v -8.07635 2.34717 -15.9977 
v -8.33526 3.39525 -16.9824 
v -8.2149 3.45657 -16.9824 
v -8.11015 3.05906 -16.998 
v -8.43078 3.29973 -16.9824 
v -8.33526 3.39525 -16.9824 
v -8.11015 3.05906 -16.998 
v -8.49224 3.1791 -16.9824 
v -8.43078 3.29973 -16.9824 
v -8.11015 3.05906 -16.998 
v -8.51224 3.05936 -16.998 
v -8.49224 3.1791 -16.9824 
v -8.11015 3.05906 -16.998 
v -8.2149 3.45657 -16.9824 
v -8.11098 3.47241 -16.9824 
v -8.11015 3.05906 -16.998 
v -8.2149 3.45657 -16.0133 
v -8.33526 3.39525 -16.0133 
v -8.11015 3.05906 -15.9977 
v -8.33526 3.39525 -16.0133 
v -8.43078 3.29973 -16.0133 
v -8.11015 3.05906 -15.9977 
v -8.43078 3.29973 -16.0133 
v -8.49224 3.1791 -16.0133 
v -8.11015 3.05906 -15.9977 
v -8.49224 3.1791 -16.0133 
v -8.51224 3.05937 -15.9977 
v -8.11015 3.05906 -15.9977 
v -8.11098 3.47241 -16.0133 
v -8.2149 3.45657 -16.0133 
v -8.11015 3.05906 -15.9977 
v -7.61374 3.09444 -16.9166 
v -7.64558 3.09444 -16.961 
v -7.64558 3.09444 -16.0347 
v -7.61374 3.09444 -16.0791 
v -8.07635 3.46341 -16.9516 
v -8.07635 3.50906 -16.9054 
v -8.07635 3.50906 -16.0937 
v -8.07635 3.46341 -16.0446 
v -7.64558 3.09444 -16.0347 
v -8.07635 3.09444 -16.9642 
v -8.07635 3.09444 -16.0315 
v -8.07635 3.09444 -16.9642 
v -8.07635 3.46341 -16.0446 
v -8.07635 3.09444 -16.0315 
v -8.07637 2.27427 -16.1042 
v -7.69557 2.27427 -16.1042 
v -7.68505 2.27431 -16.0435 
v -8.07635 2.27417 -16.0435 
v -7.62437 2.27427 -16.8915 
v -7.68582 2.2744 -16.8898 
v -7.68505 2.27445 -16.9522 
v -7.68505 2.27431 -16.0435 
v -7.69557 2.27427 -16.1042 
v -7.62437 2.27427 -16.1042 
v -7.69557 2.27427 -16.1042 
v -7.68582 2.2744 -16.8898 
v -7.62437 2.27427 -16.8915 
v -7.62437 2.27427 -16.1042 
v -8.07636 2.27434 -16.8906 
v -7.68582 2.2744 -16.8898 
v -7.69557 2.27427 -16.1042 
v -8.07637 2.27427 -16.1042 
v -8.47457 2.27427 -16.1042 
v -8.47277 2.27431 -16.0435 
v -8.50311 2.27429 -16.0739 
v -8.53345 2.27427 -16.8915 
v -8.47445 2.27428 -16.8914 
v -8.47457 2.27427 -16.1042 
v -8.53345 2.27427 -16.1042 
v -8.47445 2.27428 -16.8914 
v -8.53345 2.27427 -16.8915 
v -8.50311 2.27436 -16.9218 
v -7.64558 3.09444 -16.961 
v -8.07635 3.09444 -16.9642 
v -7.64558 3.09444 -16.0347 
v -8.07635 3.09444 -16.9642 
v -8.07635 3.46341 -16.9516 
v -8.07635 3.46341 -16.0446 
v -8.07635 2.27417 -16.0435 
v -8.47277 2.27431 -16.0435 
v -8.47457 2.27427 -16.1042 
v -8.07637 2.27427 -16.1042 
v -8.07637 2.27427 -16.1042 
v -8.47457 2.27427 -16.1042 
v -8.47445 2.27428 -16.8914 
v -8.07636 2.27434 -16.8906 
v -8.07636 2.27434 -16.8906 
v -8.47445 2.27428 -16.8914 
v -8.47277 2.27445 -16.9522 
v -8.07635 2.27431 -16.9522 
v -8.22534 3.48873 -16.0469 
v -8.23579 3.52089 -16.0805 
v -8.37501 3.44996 -16.0805 
v -8.35513 3.4226 -16.0469 
v -8.35513 3.4226 -16.0469 
v -8.37501 3.44996 -16.0805 
v -8.48549 3.33948 -16.0805 
v -8.45814 3.3196 -16.0469 
v -8.45814 3.3196 -16.0469 
v -8.48549 3.33948 -16.0805 
v -8.55643 3.20026 -16.0805 
v -8.52433 3.18968 -16.0469 
v -8.52433 3.18968 -16.0469 
v -8.55643 3.20026 -16.0805 
v -8.57904 3.05937 -16.0645 
v -8.54564 3.05937 -16.0311 
v -8.54564 3.05937 -16.0311 
v -8.57904 3.05937 -16.0645 
v -8.57904 2.34717 -16.0645 
v -8.54564 2.34718 -16.0311 
v -8.54564 2.34718 -16.0311 
v -8.57904 2.34717 -16.0645 
v -8.53345 2.27427 -16.1042 
v -8.50311 2.27429 -16.0739 
v -8.22534 3.48873 -16.0469 
v -8.2149 3.45657 -16.0133 
v -8.11098 3.47241 -16.0133 
v -8.1116 3.50612 -16.0469 
v -8.50311 2.27429 -16.0739 
v -8.53345 2.27427 -16.1042 
v -8.47457 2.27427 -16.1042 
v -8.1116 3.50612 -16.0469 
v -8.11098 3.47241 -16.0133 
v -8.07635 3.46341 -16.0446 
v -8.07635 3.50906 -16.0937 
v -8.22534 3.48873 -16.9488 
v -8.2149 3.45657 -16.9824 
v -8.33526 3.39525 -16.9824 
v -8.35513 3.4226 -16.9488 
v -8.35513 3.4226 -16.9488 
v -8.33526 3.39525 -16.9824 
v -8.43078 3.29973 -16.9824 
v -8.45814 3.3196 -16.9488 
v -8.45814 3.3196 -16.9488 
v -8.43078 3.29973 -16.9824 
v -8.49224 3.1791 -16.9824 
v -8.52433 3.18968 -16.9488 
v -8.52433 3.18968 -16.9488 
v -8.49224 3.1791 -16.9824 
v -8.51224 3.05936 -16.998 
v -8.54564 3.05936 -16.9646 
v -8.54564 2.34718 -16.9646 
v -8.57904 2.34717 -16.9312 
v -8.57904 3.05936 -16.9312 
v -8.54564 3.05936 -16.9646 
v -8.54564 2.34718 -16.9646 
v -8.51224 2.34718 -16.998 
v -8.47277 2.27445 -16.9522 
v -8.50311 2.27436 -16.9218 
v -8.22534 3.48873 -16.9488 
v -8.23579 3.52089 -16.9153 
v -8.11221 3.53984 -16.9153 
v -8.1116 3.50612 -16.9488 
v -8.50311 2.27436 -16.9218 
v -8.47277 2.27445 -16.9522 
v -8.47445 2.27428 -16.8914 
v -8.1116 3.50612 -16.9488 
v -8.11221 3.53984 -16.9153 
v -8.07635 3.50906 -16.9054 

vn -0.212598 0.669291 -0.708661 
vn -0.212598 0.669291 -0.708661 
vn -0.417323 0.566929 -0.708661 
vn -0.417323 0.566929 -0.708661 
vn -0.417323 0.566929 -0.708661 
vn -0.417323 0.566929 -0.708661 
vn -0.566929 0.417323 -0.708661 
vn -0.566929 0.417323 -0.708661 
vn -0.566929 0.417323 -0.708661 
vn -0.566929 0.417323 -0.708661 
vn -0.661417 0.259843 -0.708661 
vn -0.661417 0.259843 -0.708661 
vn -0.661417 0.259843 -0.708661 
vn -0.661417 0.259843 -0.708661 
vn -0.700787 0.102362 -0.708661 
vn -0.700787 0.0944882 -0.708661 
vn -0.212598 0.669291 0.708661 
vn -0.212598 0.669291 0.708661 
vn -0.417323 0.566929 0.708661 
vn -0.417323 0.566929 0.708661 
vn -0.417323 0.566929 0.708661 
vn -0.417323 0.566929 0.708661 
vn -0.566929 0.417323 0.708661 
vn -0.566929 0.417323 0.708661 
vn -0.566929 0.417323 0.708661 
vn -0.566929 0.417323 0.708661 
vn -0.661417 0.259843 0.708661 
vn -0.661417 0.259843 0.700787 
vn -0.661417 0.259843 0.700787 
vn -0.661417 0.259843 0.708661 
vn -0.700787 0.102362 0.708661 
vn -0.700787 0.102362 0.708661 
vn -0.708661 0 -0.708661 
vn -0.708661 0 -0.708661 
vn -0.700787 0.102362 -0.708661 
vn -0.700787 0.102362 -0.708661 
vn -0.700787 0.102362 0.708661 
vn -0.700787 0.102362 0.708661 
vn -0.708661 0 0.708661 
vn -0.708661 0 0.708661 
vn -0.307087 0.952756 0 
vn -0.590551 0.811024 0 
vn -0.590551 0.811024 0 
vn -0.307087 0.952756 0 
vn -0.590551 0.811024 0 
vn -0.811024 0.590551 0 
vn -0.811024 0.590551 0 
vn -0.590551 0.811024 0 
vn -0.811024 0.590551 0 
vn -0.952756 0.307087 0 
vn -0.952756 0.307087 0 
vn -0.811024 0.590551 0 
vn -1 0.0787402 0 
vn -1 0 0 
vn -1 0 0 
vn -1 0.0787402 0 
vn -0.952756 0.307087 0 
vn -1 0.0787402 0 
vn -1 0.0787402 0 
vn -0.952756 0.307087 0 
vn 0 -1 0 
vn 0 -1 0 
vn 0 -1 0 
vn 0 -1 0 
vn 0 -0.535433 -0.84252 
vn 0 -0.535433 -0.84252 
vn 0 -0.535433 -0.84252 
vn 0 -0.535433 -0.84252 
vn 0 -0.535433 -0.84252 
vn 0 -0.535433 -0.84252 
vn 0 -0.535433 -0.84252 
vn 0 -0.535433 -0.84252 
vn 0.543307 -0.637795 -0.543307 
vn 0.543307 -0.637795 -0.543307 
vn 0.543307 -0.637795 -0.543307 
vn 0.543307 -0.637795 -0.543307 
vn 0.850394 -0.527559 0 
vn 0.850394 -0.527559 0 
vn 0.850394 -0.527559 0 
vn 0.850394 -0.527559 0 
vn 0.543307 -0.637795 0.543307 
vn 0.543307 -0.637795 0.543307 
vn 0.543307 -0.637795 0.543307 
vn 0.543307 -0.637795 0.543307 
vn 0 -0.535433 0.850394 
vn 0 -0.535433 0.850394 
vn 0 -0.535433 0.850394 
vn 0 -0.535433 0.850394 
vn 0 -0.535433 0.850394 
vn 0 -0.535433 0.850394 
vn 0 -0.535433 0.850394 
vn 0 -0.535433 0.850394 
vn -0.543307 -0.637795 0.543307 
vn -0.543307 -0.637795 0.543307 
vn -0.543307 -0.637795 0.543307 
vn -0.543307 -0.637795 0.543307 
vn -0.850394 -0.527559 0 
vn -0.850394 -0.527559 0 
vn -0.850394 -0.527559 0 
vn -0.850394 -0.527559 0 
vn -0.543307 -0.637795 -0.543307 
vn -0.543307 -0.637795 -0.543307 
vn -0.543307 -0.637795 -0.543307 
vn -0.543307 -0.637795 -0.543307 
vn 0.653543 0.755906 0 
vn 0.653543 0.755906 0 
vn 0.653543 0.755906 0 
vn 0.653543 0.755906 0 
vn 0.629921 0.551181 -0.543307 
vn 0.629921 0.551181 -0.543307 
vn 0.629921 0.551181 -0.543307 
vn 0.629921 0.551181 -0.543307 
vn 0.677165 0.023622 -0.732283 
vn 0.677165 0.023622 -0.732283 
vn 0.677165 0.023622 -0.732283 
vn 0.677165 0.023622 -0.732283 
vn 0.708661 0.700787 0 
vn 0.708661 0.700787 0 
vn 0.708661 0.700787 0 
vn 0.708661 0.700787 0 
vn 0.566929 0.645669 -0.503937 
vn 0.566929 0.645669 -0.503937 
vn 0.566929 0.645669 -0.503937 
vn 0.566929 0.645669 -0.503937 
vn 0 0.708661 -0.708661 
vn 0 0.708661 -0.708661 
vn 0 0.708661 -0.708661 
vn 0 0.708661 -0.708661 
vn 0.653543 0.535433 0.527559 
vn 0.653543 0.535433 0.527559 
vn 0.653543 0.535433 0.527559 
vn 0.685039 0.023622 0.732283 
vn 0.685039 0.023622 0.732283 
vn 0.685039 0.023622 0.732283 
vn 0.685039 0.023622 0.732283 
vn 0 0.708661 0.708661 
vn 0 0.708661 0.708661 
vn 0 0.708661 0.708661 
vn 0 0.708661 0.708661 
vn 0.566929 0.645669 0.503937 
vn 0.566929 0.645669 0.503937 
vn 0.566929 0.645669 0.503937 
vn 0.566929 0.645669 0.503937 
vn -0.212598 0.669291 -0.708661 
vn -0.212598 0.669291 -0.708661 
vn -0.110236 0.700787 -0.708661 
vn -0.110236 0.700787 -0.708661 
vn -0.212598 0.669291 0.708661 
vn -0.212598 0.669291 0.708661 
vn -0.110236 0.700787 0.708661 
vn -0.110236 0.700787 0.708661 
vn 0.708661 0 -0.708661 
vn 0.708661 0 -0.708661 
vn 0.708661 0 -0.708661 
vn 0.708661 0 -0.708661 
vn 0.708661 0 0.708661 
vn 0.708661 0 0.708661 
vn 0.708661 0 0.708661 
vn 0.708661 0 0.708661 
vn -0.149606 0.992126 0 
vn -0.307087 0.952756 0 
vn -0.307087 0.952756 0 
vn -0.149606 0.992126 0 
vn 0 0 -1 
vn 0 0.0629921 -1 
vn -0.00787402 0.015748 -1 
vn 0 0 -1 
vn 0 0.0629921 1 
vn 0 0 1 
vn 0 0 1 
vn -0.00787402 0.015748 1 
vn 0 0 -1 
vn 0 0 -1 
vn 0 0 -1 
vn -0.00787402 0.015748 -1 
vn 1 0 0 
vn 1 0 0 
vn 1 0 0 
vn 1 0 0 
vn 0 0 1 
vn 0 0 1 
vn -0.00787402 0.015748 1 
vn 0 0 1 
vn -0.023622 0.0314961 -1 
vn -0.00787402 0.0393701 -1 
vn -0.00787402 0.015748 -1 
vn -0.0314961 0.023622 -1 
vn -0.023622 0.0314961 -1 
vn -0.00787402 0.015748 -1 
vn -0.015748 0.0708661 -1 
vn -0.0314961 0.023622 -1 
vn -0.00787402 0.015748 -1 
vn 0 0.0629921 -1 
vn -0.015748 0.0708661 -1 
vn -0.00787402 0.015748 -1 
vn -0.00787402 0.0393701 -1 
vn -0.00787402 0.0393701 -1 
vn -0.00787402 0.015748 -1 
vn -0.00787402 0.0393701 1 
vn -0.023622 0.0314961 1 
vn -0.00787402 0.015748 1 
vn -0.023622 0.0314961 1 
vn -0.0314961 0.023622 1 
vn -0.00787402 0.015748 1 
vn -0.0314961 0.023622 1 
vn -0.015748 0.0708661 1 
vn -0.00787402 0.015748 1 
vn -0.015748 0.0708661 1 
vn 0 0.0629921 1 
vn -0.00787402 0.015748 1 
vn -0.00787402 0.0393701 1 
vn -0.00787402 0.0393701 1 
vn -0.00787402 0.015748 1 
vn 0 1 0 
vn 0 1 0 
vn 0 1 0 
vn 0 1 0 
vn 1 0 0 
vn 1 0 0 
vn 1 0 0 
vn 1 0 0 
vn 0 1 0 
vn 0 1 0 
vn 0 1 0 
vn 1 0 0 
vn 1 0 0 
vn 1 0 0 
vn 0 -1 0 
vn 0 -1 0 
vn 0 -1 0 
vn 0 -1 0 
vn 0 -1 0 
vn 0 -1 0 
vn 0 -1 0 
vn 0 -1 0 
vn 0 -1 0 
vn 0 -1 0 
vn 0 -1 0 
vn 0 -1 0 
vn 0 -1 0 
vn 0 -1 0 
vn 0 -1 0 
vn 0 -1 0 
vn 0 -1 0 
vn 0 -1 0 
vn 0 -1 0 
vn 0 -1 0 
vn 0 -1 0 
vn 0 -1 0 
vn 0 -1 0 
vn 0 -1 0 
vn 0 -1 0 
vn 0 -1 0 
vn 0 -1 0 
vn 0 -1 0 
vn 0 1 0 
vn 0 1 0 
vn 0 1 0 
vn 1 0 0 
vn 1 0 0 
vn 1 0 0 
vn 0 -1 0 
vn 0 -1 0 
vn 0 -1 0 
vn 0 -1 0 
vn 0 -1 0 
vn 0 -1 0 
vn 0 -1 0 
vn 0 -1 0 
vn 0 -1 0 
vn 0 -1 0 
vn 0 -1 0 
vn 0 -1 0 
vn -0.212598 0.669291 0.708661 
vn -0.212598 0.669291 0.708661 
vn -0.417323 0.566929 0.708661 
vn -0.417323 0.566929 0.708661 
vn -0.417323 0.566929 0.708661 
vn -0.417323 0.566929 0.708661 
vn -0.566929 0.417323 0.708661 
vn -0.566929 0.417323 0.708661 
vn -0.566929 0.417323 0.708661 
vn -0.566929 0.417323 0.708661 
vn -0.661417 0.259843 0.708661 
vn -0.661417 0.259843 0.708661 
vn -0.661417 0.259843 0.708661 
vn -0.661417 0.259843 0.708661 
vn -0.700787 0.0944882 0.708661 
vn -0.700787 0.102362 0.708661 
vn -0.700787 0.102362 0.708661 
vn -0.700787 0.0944882 0.708661 
vn -0.708661 0 0.708661 
vn -0.708661 0 0.708661 
vn -0.543307 -0.637795 0.543307 
vn -0.543307 -0.637795 0.543307 
vn -0.543307 -0.637795 0.543307 
vn -0.543307 -0.637795 0.543307 
vn -0.212598 0.669291 0.708661 
vn -0.212598 0.669291 0.708661 
vn -0.110236 0.700787 0.708661 
vn -0.110236 0.700787 0.708661 
vn 0 -1 0 
vn 0 -1 0 
vn 0 -1 0 
vn 0.637795 0.559055 0.527559 
vn 0.637795 0.559055 0.527559 
vn 0.637795 0.559055 0.527559 
vn 0.637795 0.559055 0.527559 
vn -0.212598 0.669291 -0.708661 
vn -0.212598 0.669291 -0.708661 
vn -0.417323 0.566929 -0.708661 
vn -0.417323 0.566929 -0.708661 
vn -0.417323 0.566929 -0.708661 
vn -0.417323 0.566929 -0.708661 
vn -0.566929 0.417323 -0.708661 
vn -0.566929 0.417323 -0.708661 
vn -0.566929 0.417323 -0.708661 
vn -0.566929 0.417323 -0.708661 
vn -0.661417 0.259843 -0.708661 
vn -0.661417 0.259843 -0.708661 
vn -0.661417 0.259843 -0.708661 
vn -0.661417 0.259843 -0.708661 
vn -0.700787 0.102362 -0.708661 
vn -0.700787 0.102362 -0.708661 
vn -0.708661 0 -0.708661 
vn -0.708661 0 -0.708661 
vn -0.700787 0.0944882 -0.708661 
vn -0.700787 0.102362 -0.708661 
vn -0.543307 -0.637795 -0.543307 
vn -0.543307 -0.637795 -0.543307 
vn -0.543307 -0.637795 -0.543307 
vn -0.543307 -0.637795 -0.543307 
vn -0.212598 0.669291 -0.708661 
vn -0.212598 0.669291 -0.708661 
vn -0.110236 0.700787 -0.708661 
vn -0.110236 0.700787 -0.708661 
vn 0 -1 0 
vn 0 -1 0 
vn 0 -1 0 
vn 0.629921 0.559055 -0.543307 
vn 0.629921 0.559055 -0.543307 
vn 0.629921 0.559055 -0.543307 

vt 0.6582 0.843895 
vt 0.657386 0.845559 
vt 0.666001 0.849083 
vt 0.667228 0.847987 
vt 0.667228 0.847987 
vt 0.666001 0.849083 
vt 0.671883 0.855846 
vt 0.673157 0.854905 
vt 0.673157 0.854905 
vt 0.671883 0.855846 
vt 0.673577 0.862566 
vt 0.675416 0.862576 
vt 0.675416 0.862576 
vt 0.673577 0.862566 
vt 0.673914 0.873303 
vt 0.67584 0.873303 
vt 0.507601 0.848869 
vt 0.506563 0.848029 
vt 0.499937 0.851384 
vt 0.501068 0.852246 
vt 0.501068 0.852246 
vt 0.499937 0.851384 
vt 0.494697 0.856295 
vt 0.496637 0.856917 
vt 0.496637 0.856917 
vt 0.494697 0.856295 
vt 0.491567 0.862621 
vt 0.494016 0.862953 
vt 0.494016 0.862953 
vt 0.491567 0.862621 
vt 0.489327 0.873296 
vt 0.491857 0.873296 
vt 0.671987 0.830149 
vt 0.673914 0.830149 
vt 0.673914 0.873303 
vt 0.671987 0.873303 
vt 0.488306 0.873303 
vt 0.486565 0.873303 
vt 0.486565 0.830149 
vt 0.488306 0.830149 
vt 0.673914 0.832038 
vt 0.673913 0.838058 
vt 0.736478 0.838199 
vt 0.736478 0.832179 
vt 0.673913 0.838058 
vt 0.673914 0.846478 
vt 0.736478 0.846619 
vt 0.736478 0.838199 
vt 0.673914 0.846478 
vt 0.673913 0.858206 
vt 0.736478 0.858168 
vt 0.736478 0.846619 
vt 0.67584 0.873303 
vt 0.67584 0.830149 
vt 0.734233 0.830149 
vt 0.734233 0.873303 
vt 0.673913 0.858206 
vt 0.673914 0.871978 
vt 0.736476 0.871978 
vt 0.736478 0.858168 
vt 0.55262 0.806542 
vt 0.55262 0.819812 
vt 0.550549 0.819812 
vt 0.550549 0.806657 
vt 0.671987 0.830149 
vt 0.642592 0.830149 
vt 0.642592 0.826301 
vt 0.671987 0.826301 
vt 0.642592 0.830149 
vt 0.613519 0.830149 
vt 0.613519 0.826301 
vt 0.642592 0.826301 
vt 0.613519 0.830149 
vt 0.609511 0.830149 
vt 0.609511 0.826301 
vt 0.613519 0.826301 
vt 0.609511 0.830149 
vt 0.551 0.830149 
vt 0.551 0.826301 
vt 0.609511 0.826301 
vt 0.551076 0.830149 
vt 0.546979 0.830149 
vt 0.546979 0.826301 
vt 0.551076 0.826301 
vt 0.546979 0.830149 
vt 0.515049 0.830149 
vt 0.515049 0.826301 
vt 0.546979 0.826301 
vt 0.515049 0.830149 
vt 0.488306 0.830149 
vt 0.488306 0.826301 
vt 0.515049 0.826301 
vt 0.488306 0.830149 
vt 0.486565 0.830149 
vt 0.486565 0.826301 
vt 0.488306 0.826301 
vt 0.734233 0.830149 
vt 0.67584 0.830149 
vt 0.67584 0.826301 
vt 0.734233 0.826301 
vt 0.67584 0.830149 
vt 0.673914 0.830149 
vt 0.673913 0.826301 
vt 0.67584 0.826301 
vt 0.680956 0.871979 
vt 0.673914 0.873303 
vt 0.736476 0.873303 
vt 0.729514 0.871979 
vt 0.514186 0.821329 
vt 0.515764 0.819806 
vt 0.517513 0.820964 
vt 0.517533 0.821553 
vt 0.517513 0.820964 
vt 0.515764 0.819806 
vt 0.51584 0.806309 
vt 0.517253 0.806309 
vt 0.514755 0.791159 
vt 0.514061 0.792786 
vt 0.489606 0.792786 
vt 0.488679 0.791159 
vt 0.514082 0.792784 
vt 0.514755 0.791159 
vt 0.517281 0.791159 
vt 0.515764 0.794048 
vt 0.515764 0.794048 
vt 0.517281 0.791159 
vt 0.517253 0.806309 
vt 0.51584 0.806309 
vt 0.736476 0.873303 
vt 0.736476 0.871978 
vt 0.729514 0.871979 
vt 0.487912 0.819803 
vt 0.486466 0.820782 
vt 0.486466 0.806308 
vt 0.487929 0.806309 
vt 0.486466 0.791159 
vt 0.487916 0.794048 
vt 0.487929 0.806309 
vt 0.486466 0.806308 
vt 0.487916 0.794048 
vt 0.486466 0.791159 
vt 0.488679 0.791159 
vt 0.489606 0.792786 
vt 0.656696 0.847156 
vt 0.657386 0.845559 
vt 0.648826 0.843425 
vt 0.648677 0.845021 
vt 0.505526 0.84719 
vt 0.506563 0.848029 
vt 0.513564 0.846111 
vt 0.513564 0.844898 
vt 0.613519 0.873303 
vt 0.609511 0.873303 
vt 0.609511 0.830149 
vt 0.613519 0.830149 
vt 0.546979 0.830149 
vt 0.551076 0.830149 
vt 0.551076 0.873304 
vt 0.546979 0.873304 
vt 0.673913 0.829026 
vt 0.673914 0.832038 
vt 0.736478 0.832179 
vt 0.736476 0.829026 
vt 0.671987 0.830149 
vt 0.671987 0.873303 
vt 0.645886 0.873303 
vt 0.642592 0.830149 
vt 0.488306 0.873303 
vt 0.488306 0.830149 
vt 0.515049 0.830149 
vt 0.513837 0.873304 
vt 0.613519 0.873303 
vt 0.613519 0.830149 
vt 0.642592 0.830149 
vt 0.645886 0.873303 
vt 0.609511 0.830149 
vt 0.609511 0.873303 
vt 0.551 0.873303 
vt 0.551 0.830149 
vt 0.546979 0.830149 
vt 0.546979 0.873304 
vt 0.513837 0.873304 
vt 0.515049 0.830149 
vt 0.664306 0.850169 
vt 0.656696 0.847156 
vt 0.645886 0.873303 
vt 0.670314 0.857119 
vt 0.664306 0.850169 
vt 0.645886 0.873303 
vt 0.671786 0.862555 
vt 0.670314 0.857119 
vt 0.645886 0.873303 
vt 0.671987 0.873303 
vt 0.671786 0.862555 
vt 0.645886 0.873303 
vt 0.656696 0.847156 
vt 0.648677 0.845021 
vt 0.645886 0.873303 
vt 0.507601 0.848869 
vt 0.501068 0.852246 
vt 0.513837 0.873304 
vt 0.501068 0.852246 
vt 0.496637 0.856917 
vt 0.513837 0.873304 
vt 0.496637 0.856917 
vt 0.494016 0.862953 
vt 0.513837 0.873304 
vt 0.494016 0.862953 
vt 0.491857 0.873296 
vt 0.513837 0.873304 
vt 0.513564 0.847324 
vt 0.507601 0.848869 
vt 0.513837 0.873304 
vt 0.514082 0.792784 
vt 0.515764 0.794048 
vt 0.487916 0.794048 
vt 0.489513 0.792784 
vt 0.515764 0.819806 
vt 0.514186 0.821329 
vt 0.489737 0.821329 
vt 0.487916 0.819806 
vt 0.487916 0.794048 
vt 0.515764 0.806309 
vt 0.487929 0.806309 
vt 0.515764 0.806309 
vt 0.487916 0.819806 
vt 0.487929 0.806309 
vt 0.523786 0.806824 
vt 0.523786 0.819812 
vt 0.521777 0.819812 
vt 0.521777 0.806542 
vt 0.550549 0.822014 
vt 0.550549 0.819812 
vt 0.55262 0.819812 
vt 0.521777 0.819812 
vt 0.523786 0.819812 
vt 0.523786 0.822014 
vt 0.523786 0.819812 
vt 0.550549 0.819812 
vt 0.550549 0.822014 
vt 0.523786 0.822014 
vt 0.550549 0.806657 
vt 0.550549 0.819812 
vt 0.523786 0.819812 
vt 0.523786 0.806824 
vt 0.523786 0.793244 
vt 0.521777 0.793308 
vt 0.522782 0.792223 
vt 0.550549 0.791138 
vt 0.550549 0.793248 
vt 0.523786 0.793244 
vt 0.523786 0.791138 
vt 0.550549 0.793248 
vt 0.550549 0.791138 
vt 0.551584 0.792223 
vt 0.515764 0.794048 
vt 0.515764 0.806309 
vt 0.487916 0.794048 
vt 0.515764 0.806309 
vt 0.515764 0.819806 
vt 0.487916 0.819806 
vt 0.521777 0.806542 
vt 0.521777 0.793308 
vt 0.523786 0.793244 
vt 0.523786 0.806824 
vt 0.523786 0.806824 
vt 0.523786 0.793244 
vt 0.550549 0.793248 
vt 0.550549 0.806657 
vt 0.550549 0.806657 
vt 0.550549 0.793248 
vt 0.55262 0.793308 
vt 0.55262 0.806542 
vt 0.506563 0.848029 
vt 0.505526 0.84719 
vt 0.498806 0.850522 
vt 0.499937 0.851384 
vt 0.499937 0.851384 
vt 0.498806 0.850522 
vt 0.492756 0.855672 
vt 0.494697 0.856295 
vt 0.494697 0.856295 
vt 0.492756 0.855672 
vt 0.489117 0.86229 
vt 0.491567 0.862621 
vt 0.491567 0.862621 
vt 0.489117 0.86229 
vt 0.486565 0.873303 
vt 0.489327 0.873296 
vt 0.736476 0.873303 
vt 0.734233 0.873303 
vt 0.734233 0.830149 
vt 0.736476 0.830149 
vt 0.736476 0.830149 
vt 0.734233 0.830149 
vt 0.734233 0.826301 
vt 0.736476 0.826301 
vt 0.506563 0.848029 
vt 0.507601 0.848869 
vt 0.513564 0.847324 
vt 0.513564 0.846111 
vt 0.522782 0.792223 
vt 0.523786 0.791138 
vt 0.523786 0.793244 
vt 0.486466 0.821462 
vt 0.486466 0.820782 
vt 0.487912 0.819803 
vt 0.489737 0.821329 
vt 0.657386 0.845559 
vt 0.656696 0.847156 
vt 0.664306 0.850169 
vt 0.666001 0.849083 
vt 0.666001 0.849083 
vt 0.664306 0.850169 
vt 0.670314 0.857119 
vt 0.671883 0.855846 
vt 0.671883 0.855846 
vt 0.670314 0.857119 
vt 0.671786 0.862555 
vt 0.673577 0.862566 
vt 0.673577 0.862566 
vt 0.671786 0.862555 
vt 0.671987 0.873303 
vt 0.673914 0.873303 
vt 0.673914 0.830149 
vt 0.67584 0.830149 
vt 0.67584 0.873303 
vt 0.673914 0.873303 
vt 0.673914 0.830149 
vt 0.671987 0.830149 
vt 0.671987 0.826301 
vt 0.673913 0.826301 
vt 0.657386 0.845559 
vt 0.6582 0.843895 
vt 0.648976 0.841895 
vt 0.648826 0.843425 
vt 0.551584 0.792223 
vt 0.55262 0.793308 
vt 0.550549 0.793248 
vt 0.673914 0.871978 
vt 0.673914 0.873303 
vt 0.680956 0.871979 

usemtl KillerRobot1Mtl

f 767/767/767 768/768/768 769/769/769 
f 767/767/767 769/769/769 770/770/770 
f 771/771/771 772/772/772 773/773/773 
f 771/771/771 773/773/773 774/774/774 
f 775/775/775 776/776/776 777/777/777 
f 775/775/775 777/777/777 778/778/778 
f 779/779/779 780/780/780 781/781/781 
f 779/779/779 781/781/781 782/782/782 
f 783/783/783 784/784/784 785/785/785 
f 783/783/783 785/785/785 786/786/786 
f 787/787/787 788/788/788 789/789/789 
f 787/787/787 789/789/789 790/790/790 
f 791/791/791 792/792/792 793/793/793 
f 791/791/791 793/793/793 794/794/794 
f 795/795/795 796/796/796 797/797/797 
f 795/795/795 797/797/797 798/798/798 
f 799/799/799 800/800/800 801/801/801 
f 799/799/799 801/801/801 802/802/802 
f 803/803/803 804/804/804 805/805/805 
f 803/803/803 805/805/805 806/806/806 
f 807/807/807 808/808/808 809/809/809 
f 807/807/807 809/809/809 810/810/810 
f 811/811/811 812/812/812 813/813/813 
f 811/811/811 813/813/813 814/814/814 
f 815/815/815 816/816/816 817/817/817 
f 815/815/815 817/817/817 818/818/818 
f 819/819/819 820/820/820 821/821/821 
f 819/819/819 821/821/821 822/822/822 
f 823/823/823 824/824/824 825/825/825 
f 823/823/823 825/825/825 826/826/826 
f 827/827/827 828/828/828 829/829/829 
f 827/827/827 829/829/829 830/830/830 
f 831/831/831 832/832/832 833/833/833 
f 831/831/831 833/833/833 834/834/834 
f 835/835/835 836/836/836 837/837/837 
f 835/835/835 837/837/837 838/838/838 
f 839/839/839 840/840/840 841/841/841 
f 839/839/839 841/841/841 842/842/842 
f 843/843/843 844/844/844 845/845/845 
f 843/843/843 845/845/845 846/846/846 
f 847/847/847 848/848/848 849/849/849 
f 847/847/847 849/849/849 850/850/850 
f 851/851/851 852/852/852 853/853/853 
f 851/851/851 853/853/853 854/854/854 
f 855/855/855 856/856/856 857/857/857 
f 855/855/855 857/857/857 858/858/858 
f 859/859/859 860/860/860 861/861/861 
f 859/859/859 861/861/861 862/862/862 
f 863/863/863 864/864/864 865/865/865 
f 863/863/863 865/865/865 866/866/866 
f 867/867/867 868/868/868 869/869/869 
f 867/867/867 869/869/869 870/870/870 
f 871/871/871 872/872/872 873/873/873 
f 871/871/871 873/873/873 874/874/874 
f 875/875/875 876/876/876 877/877/877 
f 875/875/875 877/877/877 878/878/878 
f 879/879/879 880/880/880 881/881/881 
f 879/879/879 881/881/881 882/882/882 
f 883/883/883 884/884/884 885/885/885 
f 883/883/883 885/885/885 886/886/886 
f 887/887/887 888/888/888 889/889/889 
f 887/887/887 889/889/889 890/890/890 
f 891/891/891 892/892/892 893/893/893 
f 891/891/891 893/893/893 894/894/894 
f 895/895/895 896/896/896 897/897/897 
f 898/898/898 899/899/899 900/900/900 
f 898/898/898 900/900/900 901/901/901 
f 902/902/902 903/903/903 904/904/904 
f 902/902/902 904/904/904 905/905/905 
f 906/906/906 907/907/907 908/908/908 
f 906/906/906 908/908/908 909/909/909 
f 910/910/910 911/911/911 912/912/912 
f 910/910/910 912/912/912 913/913/913 
f 914/914/914 915/915/915 916/916/916 
f 914/914/914 916/916/916 917/917/917 
f 918/918/918 919/919/919 920/920/920 
f 918/918/918 920/920/920 921/921/921 
f 922/922/922 923/923/923 924/924/924 
f 922/922/922 924/924/924 925/925/925 
f 926/926/926 927/927/927 928/928/928 
f 926/926/926 928/928/928 929/929/929 
f 930/930/930 931/931/931 932/932/932 
f 930/930/930 932/932/932 933/933/933 
f 934/934/934 935/935/935 936/936/936 
f 934/934/934 936/936/936 937/937/937 
f 938/938/938 939/939/939 940/940/940 
f 938/938/938 940/940/940 941/941/941 
f 942/942/942 943/943/943 944/944/944 
f 942/942/942 944/944/944 945/945/945 
f 946/946/946 947/947/947 948/948/948 
f 946/946/946 948/948/948 949/949/949 
f 950/950/950 951/951/951 952/952/952 
f 953/953/953 954/954/954 955/955/955 
f 956/956/956 957/957/957 958/958/958 
f 959/959/959 960/960/960 961/961/961 
f 962/962/962 963/963/963 964/964/964 
f 965/965/965 966/966/966 967/967/967 
f 968/968/968 969/969/969 970/970/970 
f 971/971/971 972/972/972 973/973/973 
f 974/974/974 975/975/975 976/976/976 
f 977/977/977 978/978/978 979/979/979 
f 980/980/980 981/981/981 982/982/982 
f 980/980/980 982/982/982 983/983/983 
f 984/984/984 985/985/985 986/986/986 
f 984/984/984 986/986/986 987/987/987 
f 988/988/988 989/989/989 990/990/990 
f 991/991/991 992/992/992 993/993/993 
f 994/994/994 995/995/995 996/996/996 
f 994/994/994 996/996/996 997/997/997 
f 998/998/998 999/999/999 1000/1000/1000 
f 1001/1001/1001 1002/1002/1002 1003/1003/1003 
f 1004/1004/1004 1005/1005/1005 1006/1006/1006 
f 1004/1004/1004 1006/1006/1006 1007/1007/1007 
f 1008/1008/1008 1009/1009/1009 1010/1010/1010 
f 1008/1008/1008 1010/1010/1010 1011/1011/1011 
f 1012/1012/1012 1013/1013/1013 1014/1014/1014 
f 1015/1015/1015 1016/1016/1016 1017/1017/1017 
f 1015/1015/1015 1017/1017/1017 1018/1018/1018 
f 1019/1019/1019 1020/1020/1020 1021/1021/1021 
f 1022/1022/1022 1023/1023/1023 1024/1024/1024 
f 1025/1025/1025 1026/1026/1026 1027/1027/1027 
f 1028/1028/1028 1029/1029/1029 1030/1030/1030 
f 1028/1028/1028 1030/1030/1030 1031/1031/1031 
f 1032/1032/1032 1033/1033/1033 1034/1034/1034 
f 1032/1032/1032 1034/1034/1034 1035/1035/1035 
f 1036/1036/1036 1037/1037/1037 1038/1038/1038 
f 1036/1036/1036 1038/1038/1038 1039/1039/1039 
f 1040/1040/1040 1041/1041/1041 1042/1042/1042 
f 1040/1040/1040 1042/1042/1042 1043/1043/1043 
f 1044/1044/1044 1045/1045/1045 1046/1046/1046 
f 1044/1044/1044 1046/1046/1046 1047/1047/1047 
f 1048/1048/1048 1049/1049/1049 1050/1050/1050 
f 1048/1048/1048 1050/1050/1050 1051/1051/1051 
f 1052/1052/1052 1053/1053/1053 1054/1054/1054 
f 1052/1052/1052 1054/1054/1054 1055/1055/1055 
f 1056/1056/1056 1057/1057/1057 1058/1058/1058 
f 1056/1056/1056 1058/1058/1058 1059/1059/1059 
f 1060/1060/1060 1061/1061/1061 1062/1062/1062 
f 1060/1060/1060 1062/1062/1062 1063/1063/1063 
f 1064/1064/1064 1065/1065/1065 1066/1066/1066 
f 1064/1064/1064 1066/1066/1066 1067/1067/1067 
f 1068/1068/1068 1069/1069/1069 1070/1070/1070 
f 1071/1071/1071 1072/1072/1072 1073/1073/1073 
f 1071/1071/1071 1073/1073/1073 1074/1074/1074 
f 1075/1075/1075 1076/1076/1076 1077/1077/1077 
f 1075/1075/1075 1077/1077/1077 1078/1078/1078 
f 1079/1079/1079 1080/1080/1080 1081/1081/1081 
f 1079/1079/1079 1081/1081/1081 1082/1082/1082 
f 1083/1083/1083 1084/1084/1084 1085/1085/1085 
f 1083/1083/1083 1085/1085/1085 1086/1086/1086 
f 1087/1087/1087 1088/1088/1088 1089/1089/1089 
f 1087/1087/1087 1089/1089/1089 1090/1090/1090 
f 1091/1091/1091 1092/1092/1092 1093/1093/1093 
f 1091/1091/1091 1093/1093/1093 1094/1094/1094 
f 1095/1095/1095 1096/1096/1096 1097/1097/1097 
f 1095/1095/1095 1097/1097/1097 1098/1098/1098 
f 1099/1099/1099 1100/1100/1100 1101/1101/1101 
f 1099/1099/1099 1101/1101/1101 1102/1102/1102 
f 1103/1103/1103 1104/1104/1104 1105/1105/1105 
f 1106/1106/1106 1107/1107/1107 1108/1108/1108 

g KillerRobot4

v -8.24092 1.63067 -15.0775 
v -8.38014 1.55975 -15.0775 
v -8.36026 1.53239 -15.0448 
v -8.23047 1.59851 -15.0448 
v -8.22002 1.56635 -15.0122 
v -8.08148 1.58747 -15.0122 
v -8.08147 1.62129 -15.0448 
v -8.23047 1.59851 -15.0448 
v -8.38014 1.55975 -15.0775 
v -8.49063 1.44928 -15.0775 
v -8.46327 1.4294 -15.0448 
v -8.36026 1.53239 -15.0448 
v -8.49063 1.44928 -15.0775 
v -8.56158 1.31007 -15.0775 
v -8.52948 1.29948 -15.0448 
v -8.46327 1.4294 -15.0448 
v -8.56158 1.31007 -15.0775 
v -8.5842 1.17471 -15.0676 
v -8.5508 1.17194 -15.0342 
v -8.52948 1.29948 -15.0448 
v -7.60654 1.30999 -15.0775 
v -7.67747 1.44921 -15.0775 
v -7.70483 1.42933 -15.0448 
v -7.63864 1.29941 -15.0448 
v -7.67073 1.28883 -15.0122 
v -7.65074 1.16909 -15.0008 
v -7.61734 1.17186 -15.0342 
v -7.63864 1.29941 -15.0448 
v -7.67747 1.44921 -15.0775 
v -7.78794 1.5597 -15.0775 
v -7.80782 1.53234 -15.0448 
v -7.70483 1.42933 -15.0448 
v -7.78794 1.5597 -15.0775 
v -7.92715 1.63065 -15.0775 
v -7.9376 1.59849 -15.0448 
v -7.80782 1.53234 -15.0448 
v -7.92715 1.63065 -15.0775 
v -8.08147 1.6551 -15.0775 
v -8.08147 1.62129 -15.0448 
v -7.9376 1.59849 -15.0448 
v -8.24092 1.63067 -15.9245 
v -8.08147 1.6551 -15.9245 
v -8.08147 1.62129 -15.9571 
v -8.23047 1.59851 -15.9571 
v -8.22002 1.56635 -15.9898 
v -8.34039 1.50503 -15.9898 
v -8.36026 1.53239 -15.9571 
v -8.23047 1.59851 -15.9571 
v -8.34039 1.50503 -15.9898 
v -8.43592 1.40952 -15.9898 
v -8.46327 1.4294 -15.9571 
v -8.36026 1.53239 -15.9571 
v -8.43592 1.40952 -15.9898 
v -8.49739 1.2889 -15.9898 
v -8.52948 1.29949 -15.9571 
v -8.46327 1.4294 -15.9571 
v -8.49739 1.2889 -15.9898 
v -8.5174 1.16917 -16.0011 
v -8.5508 1.17194 -15.9677 
v -8.52948 1.29949 -15.9571 
v -7.60654 1.30999 -15.9245 
v -7.58395 1.17463 -15.9343 
v -7.61734 1.17186 -15.9677 
v -7.63864 1.29941 -15.9571 
v -7.67073 1.28884 -15.9898 
v -7.73218 1.40946 -15.9898 
v -7.70483 1.42933 -15.9571 
v -7.63864 1.29941 -15.9571 
v -7.73218 1.40946 -15.9898 
v -7.8277 1.50499 -15.9898 
v -7.80782 1.53235 -15.9571 
v -7.70483 1.42933 -15.9571 
v -7.8277 1.50499 -15.9898 
v -7.94806 1.56633 -15.9898 
v -7.9376 1.59849 -15.9571 
v -7.80782 1.53235 -15.9571 
v -7.94806 1.56633 -15.9898 
v -8.08148 1.58747 -15.9898 
v -8.08147 1.62129 -15.9571 
v -7.9376 1.59849 -15.9571 
v -8.51748 0.243704 -15.0008 
v -8.5174 1.16917 -15.0008 
v -8.5508 1.17194 -15.0342 
v -8.55088 0.240936 -15.0342 
v -8.5174 1.16917 -16.0011 
v -8.51748 0.243704 -16.0011 
v -8.55088 0.240936 -15.9677 
v -8.5508 1.17194 -15.9677 
v -7.65074 1.16909 -15.0008 
v -7.65082 0.243632 -15.0008 
v -7.61742 0.240859 -15.0342 
v -7.61734 1.17186 -15.0342 
v -7.65082 0.243632 -16.0011 
v -7.65074 1.16909 -16.0011 
v -7.61734 1.17186 -15.9677 
v -7.61742 0.240859 -15.9677 
v -8.24092 1.63067 -15.0775 
v -8.24092 1.63067 -15.9245 
v -8.38014 1.55975 -15.9245 
v -8.38014 1.55975 -15.0775 
v -8.38014 1.55975 -15.0775 
v -8.38014 1.55975 -15.9245 
v -8.49063 1.44928 -15.9245 
v -8.49063 1.44928 -15.0775 
v -8.49063 1.44928 -15.0775 
v -8.49063 1.44928 -15.9245 
v -8.56158 1.31007 -15.9245 
v -8.56158 1.31007 -15.0775 
v -7.60654 1.30999 -15.0775 
v -7.60654 1.30999 -15.9245 
v -7.67747 1.44921 -15.9245 
v -7.67747 1.44921 -15.0775 
v -7.67747 1.44921 -15.0775 
v -7.67747 1.44921 -15.9245 
v -7.78794 1.5597 -15.9245 
v -7.78794 1.5597 -15.0775 
v -7.78794 1.5597 -15.0775 
v -7.78794 1.5597 -15.9245 
v -7.92715 1.63065 -15.9245 
v -7.92715 1.63065 -15.0775 
v -7.92715 1.63065 -15.0775 
v -7.92715 1.63065 -15.9245 
v -8.08147 1.6551 -15.9245 
v -8.08147 1.6551 -15.0775 
v -8.08147 1.6551 -15.0775 
v -8.08147 1.6551 -15.9245 
v -8.24092 1.63067 -15.9245 
v -8.24092 1.63067 -15.0775 
v -8.51748 0.243704 -15.0008 
v -8.08159 0.238127 -15.0008 
v -8.08151 1.17467 -15.0008 
v -8.5174 1.16917 -15.0008 
v -8.5842 1.17471 -15.0676 
v -8.5842 1.17471 -15.9343 
v -8.58427 0.238169 -15.9343 
v -8.58427 0.238169 -15.0676 
v -8.5174 1.16917 -16.0011 
v -8.08151 1.17467 -16.0011 
v -8.08159 0.238127 -16.0011 
v -8.51748 0.243704 -16.0011 
v -7.65074 1.16909 -15.0008 
v -8.08151 1.17467 -15.0008 
v -8.08159 0.238127 -15.0008 
v -7.65082 0.243632 -15.0008 
v -7.58402 0.238086 -15.0676 
v -7.58402 0.238086 -15.9343 
v -7.58395 1.17463 -15.9343 
v -7.58395 1.17463 -15.0676 
v -7.65082 0.243632 -16.0011 
v -8.08159 0.238127 -16.0011 
v -8.08151 1.17467 -16.0011 
v -7.65074 1.16909 -16.0011 
v -8.56158 1.31007 -15.0775 
v -8.56158 1.31007 -15.9245 
v -8.5842 1.17471 -15.9343 
v -8.5842 1.17471 -15.0676 
v -7.58395 1.17463 -15.0676 
v -7.58395 1.17463 -15.9343 
v -7.60654 1.30999 -15.9245 
v -7.60654 1.30999 -15.0775 
v -8.34039 1.50503 -15.0122 
v -8.08151 1.17467 -15.0008 
v -8.22002 1.56635 -15.0122 
v -8.43592 1.40952 -15.0122 
v -8.08151 1.17467 -15.0008 
v -8.34039 1.50503 -15.0122 
v -8.49739 1.2889 -15.0122 
v -8.08151 1.17467 -15.0008 
v -8.43592 1.40952 -15.0122 
v -8.5174 1.16917 -15.0008 
v -8.08151 1.17467 -15.0008 
v -8.49739 1.2889 -15.0122 
v -7.67073 1.28883 -15.0122 
v -8.08151 1.17467 -15.0008 
v -7.65074 1.16909 -15.0008 
v -7.73218 1.40946 -15.0122 
v -8.08151 1.17467 -15.0008 
v -7.67073 1.28883 -15.0122 
v -7.8277 1.50499 -15.0122 
v -8.08151 1.17467 -15.0008 
v -7.73218 1.40946 -15.0122 
v -7.94806 1.56633 -15.0122 
v -8.08151 1.17467 -15.0008 
v -7.8277 1.50499 -15.0122 
v -8.08148 1.58747 -15.0122 
v -8.08151 1.17467 -15.0008 
v -7.94806 1.56633 -15.0122 
v -8.22002 1.56635 -15.0122 
v -8.08151 1.17467 -15.0008 
v -8.08148 1.58747 -15.0122 
v -8.22002 1.56635 -15.9898 
v -8.08151 1.17467 -16.0011 
v -8.34039 1.50503 -15.9898 
v -8.34039 1.50503 -15.9898 
v -8.08151 1.17467 -16.0011 
v -8.43592 1.40952 -15.9898 
v -8.43592 1.40952 -15.9898 
v -8.08151 1.17467 -16.0011 
v -8.49739 1.2889 -15.9898 
v -8.49739 1.2889 -15.9898 
v -8.08151 1.17467 -16.0011 
v -8.5174 1.16917 -16.0011 
v -7.65074 1.16909 -16.0011 
v -8.08151 1.17467 -16.0011 
v -7.67073 1.28884 -15.9898 
v -7.67073 1.28884 -15.9898 
v -8.08151 1.17467 -16.0011 
v -7.73218 1.40946 -15.9898 
v -7.73218 1.40946 -15.9898 
v -8.08151 1.17467 -16.0011 
v -7.8277 1.50499 -15.9898 
v -7.8277 1.50499 -15.9898 
v -8.08151 1.17467 -16.0011 
v -7.94806 1.56633 -15.9898 
v -7.94806 1.56633 -15.9898 
v -8.08151 1.17467 -16.0011 
v -8.08148 1.58747 -15.9898 
v -8.08148 1.58747 -15.9898 
v -8.08151 1.17467 -16.0011 
v -8.22002 1.56635 -15.9898 
v -8.4799 0.165526 -15.8946 
v -7.68941 0.165789 -15.1074 
v -8.47816 0.170192 -15.1084 
v -8.51748 0.243704 -15.0008 
v -8.47802 0.170559 -15.0467 
v -8.0816 0.165493 -15.0467 
v -8.08159 0.238127 -15.0008 
v -8.08159 0.238127 -15.0008 
v -8.0816 0.165493 -15.0467 
v -7.69029 0.170494 -15.0467 
v -7.65082 0.243632 -15.0008 
v -7.65082 0.243632 -15.0008 
v -7.69029 0.170494 -15.0467 
v -7.65995 0.167975 -15.077 
v -7.61742 0.240859 -15.0342 
v -7.58402 0.238086 -15.0676 
v -7.62961 0.165456 -15.1073 
v -7.62961 0.165456 -15.8946 
v -7.58402 0.238086 -15.9343 
v -7.58402 0.238086 -15.9343 
v -7.62961 0.165456 -15.8946 
v -7.65995 0.167975 -15.9249 
v -7.61742 0.240859 -15.9677 
v -7.65082 0.243632 -16.0011 
v -7.69029 0.170494 -15.9553 
v -8.0816 0.165493 -15.9553 
v -8.08159 0.238127 -16.0011 
v -8.08159 0.238127 -16.0011 
v -8.0816 0.165493 -15.9553 
v -8.47802 0.170559 -15.9553 
v -8.51748 0.243704 -16.0011 
v -8.51748 0.243704 -16.0011 
v -8.47802 0.170559 -15.9553 
v -8.50836 0.168045 -15.9249 
v -8.55088 0.240936 -15.9677 
v -8.58427 0.238169 -15.9343 
v -8.5387 0.16553 -15.8946 
v -8.5387 0.16553 -15.1073 
v -8.58427 0.238169 -15.0676 
v -8.58427 0.238169 -15.0676 
v -8.5387 0.16553 -15.1073 
v -8.50836 0.168045 -15.077 
v -8.55088 0.240936 -15.0342 
v -8.0816 0.165493 -15.9553 
v -7.68934 0.165461 -15.8946 
v -8.4799 0.165526 -15.8946 
v -8.47816 0.170192 -15.1084 
v -8.5387 0.16553 -15.1073 
v -8.5387 0.16553 -15.8946 
v -8.4799 0.165526 -15.8946 
v -8.4799 0.165526 -15.8946 
v -8.5387 0.16553 -15.8946 
v -8.50836 0.168045 -15.9249 
v -8.47802 0.170559 -15.0467 
v -8.47816 0.170192 -15.1084 
v -8.0816 0.165493 -15.0467 
v -8.47802 0.170559 -15.0467 
v -8.50836 0.168045 -15.077 
v -8.47816 0.170192 -15.1084 
v -7.68934 0.165461 -15.8946 
v -7.69029 0.170494 -15.9553 
v -7.65995 0.167975 -15.9249 
v -7.62961 0.165456 -15.1073 
v -7.68941 0.165789 -15.1074 
v -7.68934 0.165461 -15.8946 
v -7.62961 0.165456 -15.8946 
v -7.68941 0.165789 -15.1074 
v -7.62961 0.165456 -15.1073 
v -7.65995 0.167975 -15.077 
v -8.0816 0.165493 -15.9553 
v -8.4799 0.165526 -15.8946 
v -8.47802 0.170559 -15.9553 
v -7.69029 0.170494 -15.9553 
v -7.68934 0.165461 -15.8946 
v -8.0816 0.165493 -15.9553 
v -8.0816 0.165493 -15.0467 
v -7.68941 0.165789 -15.1074 
v -7.69029 0.170494 -15.0467 
v -8.0816 0.165493 -15.0467 
v -8.47816 0.170192 -15.1084 
v -7.68941 0.165789 -15.1074 
v -7.68934 0.165461 -15.8946 
v -7.68941 0.165789 -15.1074 
v -8.4799 0.165526 -15.8946 
v -8.36026 1.53239 -15.0448 
v -8.34039 1.50503 -15.0122 
v -8.22002 1.56635 -15.0122 
v -8.23047 1.59851 -15.0448 
v -8.08147 1.62129 -15.0448 
v -8.08147 1.6551 -15.0775 
v -8.24092 1.63067 -15.0775 
v -8.23047 1.59851 -15.0448 
v -8.46327 1.4294 -15.0448 
v -8.43592 1.40952 -15.0122 
v -8.34039 1.50503 -15.0122 
v -8.36026 1.53239 -15.0448 
v -8.52948 1.29948 -15.0448 
v -8.49739 1.2889 -15.0122 
v -8.43592 1.40952 -15.0122 
v -8.46327 1.4294 -15.0448 
v -8.5508 1.17194 -15.0342 
v -8.5174 1.16917 -15.0008 
v -8.49739 1.2889 -15.0122 
v -8.52948 1.29948 -15.0448 
v -7.70483 1.42933 -15.0448 
v -7.73218 1.40946 -15.0122 
v -7.67073 1.28883 -15.0122 
v -7.63864 1.29941 -15.0448 
v -7.61734 1.17186 -15.0342 
v -7.58395 1.17463 -15.0676 
v -7.60654 1.30999 -15.0775 
v -7.63864 1.29941 -15.0448 
v -7.80782 1.53234 -15.0448 
v -7.8277 1.50499 -15.0122 
v -7.73218 1.40946 -15.0122 
v -7.70483 1.42933 -15.0448 
v -7.9376 1.59849 -15.0448 
v -7.94806 1.56633 -15.0122 
v -7.8277 1.50499 -15.0122 
v -7.80782 1.53234 -15.0448 
v -8.08147 1.62129 -15.0448 
v -8.08148 1.58747 -15.0122 
v -7.94806 1.56633 -15.0122 
v -7.9376 1.59849 -15.0448 
v -8.5508 1.17194 -15.0342 
v -8.5842 1.17471 -15.0676 
v -8.58427 0.238169 -15.0676 
v -8.55088 0.240936 -15.0342 
v -7.61742 0.240859 -15.0342 
v -7.58402 0.238086 -15.0676 
v -7.58395 1.17463 -15.0676 
v -7.61734 1.17186 -15.0342 
v -7.65995 0.167975 -15.077 
v -7.62961 0.165456 -15.1073 
v -7.58402 0.238086 -15.0676 
v -7.61742 0.240859 -15.0342 
v -8.50836 0.168045 -15.077 
v -8.47802 0.170559 -15.0467 
v -8.51748 0.243704 -15.0008 
v -8.55088 0.240936 -15.0342 
v -8.50836 0.168045 -15.077 
v -8.5387 0.16553 -15.1073 
v -8.47816 0.170192 -15.1084 
v -7.65995 0.167975 -15.077 
v -7.69029 0.170494 -15.0467 
v -7.68941 0.165789 -15.1074 
v -8.08147 1.62129 -15.9571 
v -8.08148 1.58747 -15.9898 
v -8.22002 1.56635 -15.9898 
v -8.23047 1.59851 -15.9571 
v -8.36026 1.53239 -15.9571 
v -8.38014 1.55975 -15.9245 
v -8.24092 1.63067 -15.9245 
v -8.23047 1.59851 -15.9571 
v -8.46327 1.4294 -15.9571 
v -8.49063 1.44928 -15.9245 
v -8.38014 1.55975 -15.9245 
v -8.36026 1.53239 -15.9571 
v -8.52948 1.29949 -15.9571 
v -8.56158 1.31007 -15.9245 
v -8.49063 1.44928 -15.9245 
v -8.46327 1.4294 -15.9571 
v -8.5508 1.17194 -15.9677 
v -8.5842 1.17471 -15.9343 
v -8.56158 1.31007 -15.9245 
v -8.52948 1.29949 -15.9571 
v -7.61734 1.17186 -15.9677 
v -7.65074 1.16909 -16.0011 
v -7.67073 1.28884 -15.9898 
v -7.63864 1.29941 -15.9571 
v -7.70483 1.42933 -15.9571 
v -7.67747 1.44921 -15.9245 
v -7.60654 1.30999 -15.9245 
v -7.63864 1.29941 -15.9571 
v -7.80782 1.53235 -15.9571 
v -7.78794 1.5597 -15.9245 
v -7.67747 1.44921 -15.9245 
v -7.70483 1.42933 -15.9571 
v -7.9376 1.59849 -15.9571 
v -7.92715 1.63065 -15.9245 
v -7.78794 1.5597 -15.9245 
v -7.80782 1.53235 -15.9571 
v -8.08147 1.62129 -15.9571 
v -8.08147 1.6551 -15.9245 
v -7.92715 1.63065 -15.9245 
v -7.9376 1.59849 -15.9571 
v -8.55088 0.240936 -15.9677 
v -8.58427 0.238169 -15.9343 
v -8.5842 1.17471 -15.9343 
v -8.5508 1.17194 -15.9677 
v -7.61734 1.17186 -15.9677 
v -7.58395 1.17463 -15.9343 
v -7.58402 0.238086 -15.9343 
v -7.61742 0.240859 -15.9677 
v -7.65995 0.167975 -15.9249 
v -7.69029 0.170494 -15.9553 
v -7.65082 0.243632 -16.0011 
v -7.61742 0.240859 -15.9677 
v -8.50836 0.168045 -15.9249 
v -8.5387 0.16553 -15.8946 
v -8.58427 0.238169 -15.9343 
v -8.55088 0.240936 -15.9677 
v -7.65995 0.167975 -15.9249 
v -7.62961 0.165456 -15.8946 
v -7.68934 0.165461 -15.8946 
v -8.50836 0.168045 -15.9249 
v -8.47802 0.170559 -15.9553 
v -8.4799 0.165526 -15.8946 

vn -0.212598 0.661417 0.716535 
vn -0.409449 0.559055 0.716535 
vn -0.409449 0.559055 0.716535 
vn -0.212598 0.661417 0.716535 
vn -0.212598 0.661417 0.716535 
vn 0 0.692913 0.716535 
vn 0 0.692913 0.716535 
vn -0.212598 0.661417 0.716535 
vn -0.409449 0.559055 0.716535 
vn -0.559055 0.409449 0.716535 
vn -0.559055 0.409449 0.716535 
vn -0.409449 0.559055 0.716535 
vn -0.559055 0.409449 0.716535 
vn -0.653543 0.244094 0.716535 
vn -0.653543 0.244094 0.716535 
vn -0.559055 0.409449 0.716535 
vn -0.653543 0.244094 0.716535 
vn -0.700787 0.0866142 0.708661 
vn -0.700787 0.0866142 0.708661 
vn -0.653543 0.244094 0.716535 
vn 0.653543 0.244094 0.716535 
vn 0.559055 0.409449 0.716535 
vn 0.559055 0.409449 0.716535 
vn 0.653543 0.244094 0.716535 
vn 0.653543 0.244094 0.716535 
vn 0.700787 0.0866142 0.708661 
vn 0.700787 0.0866142 0.708661 
vn 0.653543 0.244094 0.716535 
vn 0.559055 0.409449 0.716535 
vn 0.409449 0.559055 0.716535 
vn 0.409449 0.559055 0.716535 
vn 0.559055 0.409449 0.716535 
vn 0.409449 0.559055 0.716535 
vn 0.212598 0.661417 0.716535 
vn 0.212598 0.661417 0.716535 
vn 0.409449 0.559055 0.716535 
vn 0.212598 0.661417 0.716535 
vn 0 0.692913 0.716535 
vn 0 0.692913 0.716535 
vn 0.212598 0.661417 0.716535 
vn -0.212598 0.661417 -0.716535 
vn 0 0.692913 -0.716535 
vn 0 0.692913 -0.716535 
vn -0.212598 0.661417 -0.716535 
vn -0.212598 0.661417 -0.716535 
vn -0.409449 0.559055 -0.716535 
vn -0.409449 0.559055 -0.716535 
vn -0.212598 0.661417 -0.716535 
vn -0.409449 0.559055 -0.716535 
vn -0.559055 0.409449 -0.716535 
vn -0.559055 0.409449 -0.716535 
vn -0.409449 0.559055 -0.716535 
vn -0.559055 0.409449 -0.716535 
vn -0.653543 0.244094 -0.716535 
vn -0.653543 0.244094 -0.716535 
vn -0.559055 0.409449 -0.716535 
vn -0.653543 0.244094 -0.716535 
vn -0.700787 0.0866142 -0.708661 
vn -0.700787 0.0866142 -0.708661 
vn -0.653543 0.244094 -0.716535 
vn 0.653543 0.244094 -0.716535 
vn 0.700787 0.0866142 -0.708661 
vn 0.700787 0.0866142 -0.708661 
vn 0.653543 0.244094 -0.716535 
vn 0.653543 0.244094 -0.716535 
vn 0.559055 0.409449 -0.716535 
vn 0.559055 0.409449 -0.716535 
vn 0.653543 0.244094 -0.716535 
vn 0.559055 0.409449 -0.716535 
vn 0.409449 0.559055 -0.716535 
vn 0.409449 0.559055 -0.716535 
vn 0.559055 0.409449 -0.716535 
vn 0.409449 0.559055 -0.716535 
vn 0.212598 0.661417 -0.716535 
vn 0.212598 0.661417 -0.716535 
vn 0.409449 0.559055 -0.716535 
vn 0.212598 0.661417 -0.716535 
vn 0 0.692913 -0.716535 
vn 0 0.692913 -0.716535 
vn 0.212598 0.661417 -0.716535 
vn -0.708661 0 0.708661 
vn -0.700787 0.0866142 0.708661 
vn -0.700787 0.0866142 0.708661 
vn -0.708661 0 0.708661 
vn -0.700787 0.0866142 -0.708661 
vn -0.708661 0 -0.708661 
vn -0.708661 0 -0.708661 
vn -0.700787 0.0866142 -0.708661 
vn 0.700787 0.0866142 0.708661 
vn 0.708661 0 0.708661 
vn 0.708661 0 0.708661 
vn 0.700787 0.0866142 0.708661 
vn 0.708661 0 -0.708661 
vn 0.700787 0.0866142 -0.708661 
vn 0.700787 0.0866142 -0.708661 
vn 0.708661 0 -0.708661 
vn -0.307087 0.952756 0 
vn -0.307087 0.952756 0 
vn -0.590551 0.811024 0 
vn -0.590551 0.811024 0 
vn -0.590551 0.811024 0 
vn -0.590551 0.811024 0 
vn -0.811024 0.590551 0 
vn -0.811024 0.590551 0 
vn -0.811024 0.590551 0 
vn -0.811024 0.590551 0 
vn -0.952756 0.307087 0 
vn -0.952756 0.307087 0 
vn 0.952756 0.307087 0 
vn 0.952756 0.307087 0 
vn 0.811024 0.590551 0 
vn 0.811024 0.590551 0 
vn 0.811024 0.590551 0 
vn 0.811024 0.590551 0 
vn 0.590551 0.811024 0 
vn 0.590551 0.811024 0 
vn 0.590551 0.811024 0 
vn 0.590551 0.811024 0 
vn 0.307087 0.952756 0 
vn 0.307087 0.952756 0 
vn 0.307087 0.952756 0 
vn 0.307087 0.952756 0 
vn 0 1 0 
vn 0 1 0 
vn 0 1 0 
vn 0 1 0 
vn -0.307087 0.952756 0 
vn -0.307087 0.952756 0 
vn 0 0 1 
vn 0 0 1 
vn 0 0.015748 1 
vn 0 0.0472441 1 
vn -1 0.0787402 0 
vn -1 0.0787402 0 
vn -1 0 0 
vn -1 0 0 
vn 0 0.0472441 -1 
vn 0 0.015748 -1 
vn 0 0 -1 
vn 0 0 -1 
vn 0 0.0472441 1 
vn 0 0.015748 1 
vn 0 0 1 
vn 0 0 1 
vn 1 0 0 
vn 1 0 0 
vn 1 0.0787402 0 
vn 1 0.0787402 0 
vn 0 0 -1 
vn 0 0 -1 
vn 0 0.015748 -1 
vn 0 0.0472441 -1 
vn -0.952756 0.307087 0 
vn -0.952756 0.307087 0 
vn -1 0.0787402 0 
vn -1 0.0787402 0 
vn 1 0.0787402 0 
vn 1 0.0787402 0 
vn 0.952756 0.307087 0 
vn 0.952756 0.307087 0 
vn -0.015748 0.023622 1 
vn 0 0.015748 1 
vn -0.00787402 0.023622 1 
vn -0.023622 0.015748 1 
vn 0 0.015748 1 
vn -0.015748 0.023622 1 
vn -0.015748 0.0551181 1 
vn 0 0.015748 1 
vn -0.023622 0.015748 1 
vn 0 0.0472441 1 
vn 0 0.015748 1 
vn -0.015748 0.0551181 1 
vn 0.015748 0.0551181 1 
vn 0 0.015748 1 
vn 0 0.0472441 1 
vn 0.023622 0.015748 1 
vn 0 0.015748 1 
vn 0.015748 0.0551181 1 
vn 0.015748 0.023622 1 
vn 0 0.015748 1 
vn 0.023622 0.015748 1 
vn 0.00787402 0.023622 1 
vn 0 0.015748 1 
vn 0.015748 0.023622 1 
vn 0 0.023622 1 
vn 0 0.015748 1 
vn 0.00787402 0.023622 1 
vn -0.00787402 0.023622 1 
vn 0 0.015748 1 
vn 0 0.023622 1 
vn -0.00787402 0.023622 -1 
vn 0 0.015748 -1 
vn -0.015748 0.023622 -1 
vn -0.015748 0.023622 -1 
vn 0 0.015748 -1 
vn -0.023622 0.015748 -1 
vn -0.023622 0.015748 -1 
vn 0 0.015748 -1 
vn -0.015748 0.0551181 -1 
vn -0.015748 0.0551181 -1 
vn 0 0.015748 -1 
vn 0 0.0472441 -1 
vn 0 0.0472441 -1 
vn 0 0.015748 -1 
vn 0.015748 0.0551181 -1 
vn 0.015748 0.0551181 -1 
vn 0 0.015748 -1 
vn 0.023622 0.015748 -1 
vn 0.023622 0.015748 -1 
vn 0 0.015748 -1 
vn 0.015748 0.023622 -1 
vn 0.015748 0.023622 -1 
vn 0 0.015748 -1 
vn 0.00787402 0.023622 -1 
vn 0.00787402 0.023622 -1 
vn 0 0.015748 -1 
vn 0 0.023622 -1 
vn 0 0.023622 -1 
vn 0 0.015748 -1 
vn -0.00787402 0.023622 -1 
vn -0.00787402 -1 0.00787402 
vn -0.00787402 -1 0.00787402 
vn -0.00787402 -1 0.00787402 
vn -0.00787402 -0.535433 0.84252 
vn -0.00787402 -0.535433 0.84252 
vn -0.00787402 -0.535433 0.84252 
vn -0.00787402 -0.535433 0.84252 
vn 0.00787402 -0.535433 0.84252 
vn 0.00787402 -0.535433 0.84252 
vn 0.00787402 -0.535433 0.84252 
vn 0.00787402 -0.535433 0.84252 
vn 0.519685 -0.637795 0.566929 
vn 0.519685 -0.637795 0.566929 
vn 0.519685 -0.637795 0.566929 
vn 0.519685 -0.637795 0.566929 
vn 0.850394 -0.535433 0 
vn 0.850394 -0.535433 0 
vn 0.850394 -0.535433 0 
vn 0.850394 -0.535433 0 
vn 0.519685 -0.637795 -0.566929 
vn 0.519685 -0.637795 -0.566929 
vn 0.519685 -0.637795 -0.566929 
vn 0.519685 -0.637795 -0.566929 
vn 0.00787402 -0.535433 -0.84252 
vn 0.00787402 -0.535433 -0.84252 
vn 0.00787402 -0.535433 -0.84252 
vn 0.00787402 -0.535433 -0.84252 
vn -0.00787402 -0.535433 -0.84252 
vn -0.00787402 -0.535433 -0.84252 
vn -0.00787402 -0.535433 -0.84252 
vn -0.00787402 -0.535433 -0.84252 
vn -0.519685 -0.637795 -0.566929 
vn -0.519685 -0.637795 -0.566929 
vn -0.519685 -0.637795 -0.566929 
vn -0.519685 -0.637795 -0.566929 
vn -0.850394 -0.535433 0 
vn -0.850394 -0.535433 0 
vn -0.850394 -0.535433 0 
vn -0.850394 -0.535433 0 
vn -0.519685 -0.637795 0.566929 
vn -0.519685 -0.637795 0.566929 
vn -0.519685 -0.637795 0.566929 
vn -0.519685 -0.637795 0.566929 
vn 0 -1 0 
vn 0 -1 0 
vn 0 -1 0 
vn 0.0393701 -1 0 
vn 0.0393701 -1 0 
vn 0.0393701 -1 0 
vn 0.0393701 -1 0 
vn 0 -1 -0.0787402 
vn 0 -1 -0.0787402 
vn 0 -1 -0.0787402 
vn -0.015748 -1 0.00787402 
vn -0.015748 -1 0.00787402 
vn -0.015748 -1 0.00787402 
vn 0.0787402 -1 0.00787402 
vn 0.0787402 -1 0.00787402 
vn 0.0787402 -1 0.00787402 
vn 0 -1 -0.0787402 
vn 0 -1 -0.0787402 
vn 0 -1 -0.0787402 
vn 0 -1 0 
vn 0 -1 0 
vn 0 -1 0 
vn 0 -1 0 
vn -0.00787402 -1 0.0787402 
vn -0.00787402 -1 0.0787402 
vn -0.00787402 -1 0.0787402 
vn -0.015748 -1 -0.0866142 
vn -0.015748 -1 -0.0866142 
vn -0.015748 -1 -0.0866142 
vn 0.015748 -1 -0.0866142 
vn 0.015748 -1 -0.0866142 
vn 0.015748 -1 -0.0866142 
vn 0.015748 -1 0.0787402 
vn 0.015748 -1 0.0787402 
vn 0.015748 -1 0.0787402 
vn -0.00787402 -1 -0.0393701 
vn -0.00787402 -1 -0.0393701 
vn -0.00787402 -1 -0.0393701 
vn 0 -1 0 
vn 0 -1 0 
vn 0 -1 0 
vn -0.409449 0.559055 0.716535 
vn -0.409449 0.559055 0.716535 
vn -0.212598 0.661417 0.716535 
vn -0.212598 0.661417 0.716535 
vn 0 0.692913 0.716535 
vn 0 0.692913 0.716535 
vn -0.212598 0.661417 0.716535 
vn -0.212598 0.661417 0.716535 
vn -0.559055 0.409449 0.716535 
vn -0.559055 0.409449 0.716535 
vn -0.409449 0.559055 0.716535 
vn -0.409449 0.559055 0.716535 
vn -0.653543 0.244094 0.716535 
vn -0.653543 0.244094 0.716535 
vn -0.559055 0.409449 0.716535 
vn -0.559055 0.409449 0.716535 
vn -0.700787 0.0866142 0.708661 
vn -0.700787 0.0866142 0.708661 
vn -0.653543 0.244094 0.716535 
vn -0.653543 0.244094 0.716535 
vn 0.559055 0.409449 0.716535 
vn 0.559055 0.409449 0.716535 
vn 0.653543 0.244094 0.716535 
vn 0.653543 0.244094 0.716535 
vn 0.700787 0.0866142 0.708661 
vn 0.700787 0.0866142 0.708661 
vn 0.653543 0.244094 0.716535 
vn 0.653543 0.244094 0.716535 
vn 0.409449 0.559055 0.716535 
vn 0.409449 0.559055 0.716535 
vn 0.559055 0.409449 0.716535 
vn 0.559055 0.409449 0.716535 
vn 0.212598 0.661417 0.716535 
vn 0.212598 0.661417 0.716535 
vn 0.409449 0.559055 0.716535 
vn 0.409449 0.559055 0.716535 
vn 0 0.692913 0.716535 
vn 0 0.692913 0.716535 
vn 0.212598 0.661417 0.716535 
vn 0.212598 0.661417 0.716535 
vn -0.700787 0.0866142 0.708661 
vn -0.700787 0.0866142 0.708661 
vn -0.708661 0 0.708661 
vn -0.708661 0 0.708661 
vn 0.708661 0 0.708661 
vn 0.708661 0 0.708661 
vn 0.700787 0.0866142 0.708661 
vn 0.700787 0.0866142 0.708661 
vn 0.519685 -0.637795 0.566929 
vn 0.519685 -0.637795 0.566929 
vn 0.519685 -0.637795 0.566929 
vn 0.519685 -0.637795 0.566929 
vn -0.519685 -0.637795 0.566929 
vn -0.519685 -0.637795 0.566929 
vn -0.519685 -0.637795 0.566929 
vn -0.519685 -0.637795 0.566929 
vn 0.0787402 -1 0.00787402 
vn 0.0787402 -1 0.00787402 
vn 0.0787402 -1 0.00787402 
vn -0.00787402 -1 0.0787402 
vn -0.00787402 -1 0.0787402 
vn -0.00787402 -1 0.0787402 
vn 0 0.692913 -0.716535 
vn 0 0.692913 -0.716535 
vn -0.212598 0.661417 -0.716535 
vn -0.212598 0.661417 -0.716535 
vn -0.409449 0.559055 -0.716535 
vn -0.409449 0.559055 -0.716535 
vn -0.212598 0.661417 -0.716535 
vn -0.212598 0.661417 -0.716535 
vn -0.559055 0.409449 -0.716535 
vn -0.559055 0.409449 -0.716535 
vn -0.409449 0.559055 -0.716535 
vn -0.409449 0.559055 -0.716535 
vn -0.653543 0.244094 -0.716535 
vn -0.653543 0.244094 -0.716535 
vn -0.559055 0.409449 -0.716535 
vn -0.559055 0.409449 -0.716535 
vn -0.700787 0.0866142 -0.708661 
vn -0.700787 0.0866142 -0.708661 
vn -0.653543 0.244094 -0.716535 
vn -0.653543 0.244094 -0.716535 
vn 0.700787 0.0866142 -0.708661 
vn 0.700787 0.0866142 -0.708661 
vn 0.653543 0.244094 -0.716535 
vn 0.653543 0.244094 -0.716535 
vn 0.559055 0.409449 -0.716535 
vn 0.559055 0.409449 -0.716535 
vn 0.653543 0.244094 -0.716535 
vn 0.653543 0.244094 -0.716535 
vn 0.409449 0.559055 -0.716535 
vn 0.409449 0.559055 -0.716535 
vn 0.559055 0.409449 -0.716535 
vn 0.559055 0.409449 -0.716535 
vn 0.212598 0.661417 -0.716535 
vn 0.212598 0.661417 -0.716535 
vn 0.409449 0.559055 -0.716535 
vn 0.409449 0.559055 -0.716535 
vn 0 0.692913 -0.716535 
vn 0 0.692913 -0.716535 
vn 0.212598 0.661417 -0.716535 
vn 0.212598 0.661417 -0.716535 
vn -0.708661 0 -0.708661 
vn -0.708661 0 -0.708661 
vn -0.700787 0.0866142 -0.708661 
vn -0.700787 0.0866142 -0.708661 
vn 0.700787 0.0866142 -0.708661 
vn 0.700787 0.0866142 -0.708661 
vn 0.708661 0 -0.708661 
vn 0.708661 0 -0.708661 
vn 0.519685 -0.637795 -0.566929 
vn 0.519685 -0.637795 -0.566929 
vn 0.519685 -0.637795 -0.566929 
vn 0.519685 -0.637795 -0.566929 
vn -0.519685 -0.637795 -0.566929 
vn -0.519685 -0.637795 -0.566929 
vn -0.519685 -0.637795 -0.566929 
vn -0.519685 -0.637795 -0.566929 
vn 0 -1 -0.0787402 
vn 0 -1 -0.0787402 
vn 0 -1 -0.0787402 
vn 0 -1 -0.0787402 
vn 0 -1 -0.0787402 
vn 0 -1 -0.0787402 

vt 0.734373 0.560902 
vt 0.734373 0.570364 
vt 0.736229 0.570364 
vt 0.73623 0.560903 
vt 0.488962 0.56081 
vt 0.488962 0.549996 
vt 0.486988 0.549996 
vt 0.486988 0.56081 
vt 0.734373 0.570364 
vt 0.734373 0.579857 
vt 0.736229 0.579857 
vt 0.736229 0.570364 
vt 0.734373 0.579857 
vt 0.734373 0.587834 
vt 0.736232 0.587834 
vt 0.736229 0.579857 
vt 0.734373 0.587834 
vt 0.734374 0.596099 
vt 0.736231 0.596098 
vt 0.736232 0.587834 
vt 0.551391 0.586362 
vt 0.551393 0.576149 
vt 0.549502 0.576149 
vt 0.549516 0.586362 
vt 0.547644 0.586362 
vt 0.54764 0.596099 
vt 0.549514 0.596099 
vt 0.549516 0.586362 
vt 0.551393 0.576149 
vt 0.551387 0.565895 
vt 0.549501 0.565895 
vt 0.549502 0.576149 
vt 0.551387 0.565895 
vt 0.551385 0.55648 
vt 0.549498 0.55648 
vt 0.549501 0.565895 
vt 0.551385 0.55648 
vt 0.551416 0.549331 
vt 0.549532 0.549331 
vt 0.549498 0.55648 
vt 0.675935 0.560902 
vt 0.675935 0.550088 
vt 0.674065 0.550089 
vt 0.674065 0.560903 
vt 0.674065 0.560903 
vt 0.674065 0.570364 
vt 0.672129 0.570364 
vt 0.672037 0.560903 
vt 0.674065 0.570364 
vt 0.674065 0.579857 
vt 0.672129 0.579857 
vt 0.672129 0.570364 
vt 0.674065 0.579857 
vt 0.674064 0.587834 
vt 0.672129 0.587834 
vt 0.672129 0.579857 
vt 0.674064 0.587834 
vt 0.674064 0.596101 
vt 0.672129 0.596101 
vt 0.672129 0.587834 
vt 0.609457 0.586362 
vt 0.609467 0.596099 
vt 0.611482 0.596099 
vt 0.611507 0.586362 
vt 0.61345 0.586362 
vt 0.61345 0.576149 
vt 0.611507 0.576149 
vt 0.611507 0.586362 
vt 0.61345 0.576149 
vt 0.61345 0.565896 
vt 0.611507 0.565895 
vt 0.611507 0.576149 
vt 0.61345 0.565896 
vt 0.61345 0.556481 
vt 0.611507 0.55648 
vt 0.611507 0.565895 
vt 0.61345 0.556481 
vt 0.613525 0.549331 
vt 0.611498 0.549331 
vt 0.611507 0.55648 
vt 0.488705 0.55302 
vt 0.488705 0.59604 
vt 0.486932 0.59607 
vt 0.486932 0.55305 
vt 0.672131 0.596099 
vt 0.672131 0.55308 
vt 0.674065 0.55308 
vt 0.674064 0.596099 
vt 0.54764 0.596099 
vt 0.54764 0.55308 
vt 0.549496 0.55308 
vt 0.549514 0.596099 
vt 0.613496 0.55308 
vt 0.613496 0.596099 
vt 0.611482 0.596099 
vt 0.611482 0.55308 
vt 0.734373 0.560902 
vt 0.675935 0.560902 
vt 0.675935 0.570364 
vt 0.734373 0.570364 
vt 0.734373 0.570364 
vt 0.675935 0.570364 
vt 0.675935 0.579857 
vt 0.734373 0.579857 
vt 0.734373 0.579857 
vt 0.675935 0.579857 
vt 0.675935 0.587834 
vt 0.734373 0.587834 
vt 0.551391 0.586362 
vt 0.609457 0.586362 
vt 0.609457 0.576149 
vt 0.551393 0.576149 
vt 0.551393 0.576149 
vt 0.609457 0.576149 
vt 0.609457 0.565895 
vt 0.551387 0.565895 
vt 0.551387 0.565895 
vt 0.609457 0.565895 
vt 0.609457 0.55648 
vt 0.551385 0.55648 
vt 0.551385 0.55648 
vt 0.609457 0.55648 
vt 0.609472 0.549331 
vt 0.551416 0.549331 
vt 0.734374 0.550088 
vt 0.675935 0.550088 
vt 0.675935 0.560902 
vt 0.734373 0.560902 
vt 0.488655 0.55302 
vt 0.518028 0.55308 
vt 0.518028 0.596099 
vt 0.488655 0.59604 
vt 0.734374 0.596099 
vt 0.675935 0.596099 
vt 0.675935 0.55308 
vt 0.734375 0.55308 
vt 0.672106 0.596099 
vt 0.642352 0.596099 
vt 0.642352 0.55308 
vt 0.672106 0.55308 
vt 0.547637 0.596099 
vt 0.518028 0.596099 
vt 0.518028 0.55308 
vt 0.547637 0.55308 
vt 0.551402 0.55308 
vt 0.609467 0.55308 
vt 0.609467 0.596099 
vt 0.551388 0.596099 
vt 0.613536 0.55308 
vt 0.642352 0.55308 
vt 0.642352 0.596099 
vt 0.613536 0.596099 
vt 0.734373 0.587834 
vt 0.675935 0.587834 
vt 0.675935 0.596101 
vt 0.734374 0.596099 
vt 0.551388 0.596099 
vt 0.609467 0.596099 
vt 0.609457 0.586362 
vt 0.551391 0.586362 
vt 0.500744 0.575581 
vt 0.518028 0.596099 
vt 0.508929 0.572118 
vt 0.494227 0.581009 
vt 0.518028 0.596099 
vt 0.500744 0.575581 
vt 0.490008 0.587887 
vt 0.518028 0.596099 
vt 0.494227 0.581009 
vt 0.488655 0.59604 
vt 0.518028 0.596099 
vt 0.490008 0.587887 
vt 0.54665 0.588534 
vt 0.518028 0.596099 
vt 0.547637 0.596099 
vt 0.543979 0.581472 
vt 0.518028 0.596099 
vt 0.54665 0.588534 
vt 0.537151 0.575861 
vt 0.518028 0.596099 
vt 0.543979 0.581472 
vt 0.52852 0.572236 
vt 0.518028 0.596099 
vt 0.537151 0.575861 
vt 0.518058 0.57095 
vt 0.518028 0.596099 
vt 0.52852 0.572236 
vt 0.508929 0.572118 
vt 0.518028 0.596099 
vt 0.518058 0.57095 
vt 0.652 0.572598 
vt 0.642352 0.596099 
vt 0.660228 0.576464 
vt 0.660228 0.576464 
vt 0.642352 0.596099 
vt 0.666759 0.582486 
vt 0.666759 0.582486 
vt 0.642352 0.596099 
vt 0.670961 0.59009 
vt 0.670961 0.59009 
vt 0.642352 0.596099 
vt 0.672106 0.596099 
vt 0.613536 0.596099 
vt 0.642352 0.596099 
vt 0.613874 0.589956 
vt 0.613874 0.589956 
vt 0.642352 0.596099 
vt 0.617472 0.582469 
vt 0.617472 0.582469 
vt 0.642352 0.596099 
vt 0.62431 0.57654 
vt 0.62431 0.57654 
vt 0.642352 0.596099 
vt 0.632926 0.572733 
vt 0.632926 0.572733 
vt 0.642352 0.596099 
vt 0.642355 0.571421 
vt 0.642355 0.571421 
vt 0.642352 0.596099 
vt 0.652 0.572598 
vt 0.550488 0.515728 
vt 0.5237 0.542872 
vt 0.523735 0.515788 
vt 0.488655 0.55302 
vt 0.488675 0.549331 
vt 0.518028 0.549331 
vt 0.518028 0.55308 
vt 0.518028 0.55308 
vt 0.518028 0.549331 
vt 0.547644 0.549331 
vt 0.547637 0.55308 
vt 0.54764 0.55308 
vt 0.547648 0.549331 
vt 0.549532 0.549331 
vt 0.549496 0.55308 
vt 0.551402 0.55308 
vt 0.551416 0.549331 
vt 0.609472 0.549331 
vt 0.609467 0.55308 
vt 0.609467 0.55308 
vt 0.609472 0.549331 
vt 0.611498 0.549331 
vt 0.611482 0.55308 
vt 0.613536 0.55308 
vt 0.613563 0.549331 
vt 0.642352 0.549331 
vt 0.642352 0.55308 
vt 0.642352 0.55308 
vt 0.642352 0.549331 
vt 0.672059 0.549331 
vt 0.672106 0.55308 
vt 0.672131 0.55308 
vt 0.672082 0.549331 
vt 0.674065 0.549334 
vt 0.674065 0.55308 
vt 0.675935 0.55308 
vt 0.675935 0.549331 
vt 0.734375 0.549332 
vt 0.734375 0.55308 
vt 0.734375 0.55308 
vt 0.734375 0.549332 
vt 0.73623 0.549332 
vt 0.73623 0.55305 
vt 0.552552 0.529405 
vt 0.550488 0.542874 
vt 0.550488 0.515728 
vt 0.523735 0.515788 
vt 0.523697 0.513709 
vt 0.550488 0.513709 
vt 0.550488 0.515728 
vt 0.550488 0.515728 
vt 0.550488 0.513709 
vt 0.55152 0.514751 
vt 0.521632 0.515792 
vt 0.523735 0.515788 
vt 0.521632 0.529405 
vt 0.521632 0.515792 
vt 0.522665 0.514751 
vt 0.523735 0.515788 
vt 0.550488 0.542874 
vt 0.552552 0.542842 
vt 0.55152 0.543884 
vt 0.523697 0.544925 
vt 0.5237 0.542872 
vt 0.550488 0.542874 
vt 0.550488 0.544925 
vt 0.5237 0.542872 
vt 0.523697 0.544925 
vt 0.522665 0.543884 
vt 0.552552 0.529405 
vt 0.550488 0.515728 
vt 0.552552 0.515792 
vt 0.552552 0.542842 
vt 0.550488 0.542874 
vt 0.552552 0.529405 
vt 0.521632 0.529405 
vt 0.5237 0.542872 
vt 0.521632 0.542842 
vt 0.521632 0.529405 
vt 0.523735 0.515788 
vt 0.5237 0.542872 
vt 0.550488 0.542874 
vt 0.5237 0.542872 
vt 0.550488 0.515728 
vt 0.486988 0.570272 
vt 0.488962 0.570272 
vt 0.488962 0.56081 
vt 0.486988 0.56081 
vt 0.736229 0.550089 
vt 0.734374 0.550088 
vt 0.734373 0.560902 
vt 0.73623 0.560903 
vt 0.486988 0.579765 
vt 0.488962 0.579765 
vt 0.488962 0.570272 
vt 0.486988 0.570272 
vt 0.486988 0.587741 
vt 0.488962 0.587742 
vt 0.488962 0.579765 
vt 0.486988 0.579765 
vt 0.486988 0.596007 
vt 0.488995 0.59601 
vt 0.488962 0.587742 
vt 0.486988 0.587741 
vt 0.549502 0.576149 
vt 0.547644 0.576149 
vt 0.547644 0.586362 
vt 0.549516 0.586362 
vt 0.549514 0.596099 
vt 0.551388 0.596099 
vt 0.551391 0.586362 
vt 0.549516 0.586362 
vt 0.549501 0.565895 
vt 0.547644 0.565896 
vt 0.547644 0.576149 
vt 0.549502 0.576149 
vt 0.549498 0.55648 
vt 0.547644 0.556481 
vt 0.547644 0.565896 
vt 0.549501 0.565895 
vt 0.549532 0.549331 
vt 0.547648 0.549331 
vt 0.547644 0.556481 
vt 0.549498 0.55648 
vt 0.736231 0.596098 
vt 0.734374 0.596099 
vt 0.734375 0.55308 
vt 0.73623 0.55305 
vt 0.549496 0.55308 
vt 0.551402 0.55308 
vt 0.551388 0.596099 
vt 0.549514 0.596099 
vt 0.549532 0.549331 
vt 0.551416 0.549331 
vt 0.551402 0.55308 
vt 0.549496 0.55308 
vt 0.486899 0.549331 
vt 0.488731 0.549331 
vt 0.488705 0.55302 
vt 0.486932 0.55305 
vt 0.522665 0.514751 
vt 0.523697 0.513709 
vt 0.523735 0.515788 
vt 0.522665 0.543884 
vt 0.521632 0.542842 
vt 0.5237 0.542872 
vt 0.671944 0.550089 
vt 0.674065 0.550089 
vt 0.674065 0.560903 
vt 0.672037 0.560903 
vt 0.674065 0.570364 
vt 0.675935 0.570364 
vt 0.675935 0.560902 
vt 0.674065 0.560903 
vt 0.674065 0.579857 
vt 0.675935 0.579857 
vt 0.675935 0.570364 
vt 0.674065 0.570364 
vt 0.674064 0.587834 
vt 0.675935 0.587834 
vt 0.675935 0.579857 
vt 0.674065 0.579857 
vt 0.674064 0.596101 
vt 0.675935 0.596101 
vt 0.675935 0.587834 
vt 0.674064 0.587834 
vt 0.611482 0.596099 
vt 0.613496 0.596099 
vt 0.61345 0.586362 
vt 0.611507 0.586362 
vt 0.611507 0.576149 
vt 0.609457 0.576149 
vt 0.609457 0.586362 
vt 0.611507 0.586362 
vt 0.611507 0.565895 
vt 0.609457 0.565895 
vt 0.609457 0.576149 
vt 0.611507 0.576149 
vt 0.611507 0.55648 
vt 0.609457 0.55648 
vt 0.609457 0.565895 
vt 0.611507 0.565895 
vt 0.611498 0.549331 
vt 0.609472 0.549331 
vt 0.609457 0.55648 
vt 0.611507 0.55648 
vt 0.674065 0.55308 
vt 0.675935 0.55308 
vt 0.675935 0.596099 
vt 0.674064 0.596099 
vt 0.611482 0.596099 
vt 0.609467 0.596099 
vt 0.609467 0.55308 
vt 0.611482 0.55308 
vt 0.611498 0.549331 
vt 0.613525 0.549331 
vt 0.613496 0.55308 
vt 0.611482 0.55308 
vt 0.674065 0.549334 
vt 0.675935 0.549331 
vt 0.675935 0.55308 
vt 0.674065 0.55308 
vt 0.55152 0.543884 
vt 0.550488 0.544925 
vt 0.550488 0.542874 
vt 0.55152 0.514751 
vt 0.552552 0.515792 
vt 0.550488 0.515728 

usemtl KillerRobot1Mtl

f 1109/1109/1109 1110/1110/1110 1111/1111/1111 
f 1109/1109/1109 1111/1111/1111 1112/1112/1112 
f 1113/1113/1113 1114/1114/1114 1115/1115/1115 
f 1113/1113/1113 1115/1115/1115 1116/1116/1116 
f 1117/1117/1117 1118/1118/1118 1119/1119/1119 
f 1117/1117/1117 1119/1119/1119 1120/1120/1120 
f 1121/1121/1121 1122/1122/1122 1123/1123/1123 
f 1121/1121/1121 1123/1123/1123 1124/1124/1124 
f 1125/1125/1125 1126/1126/1126 1127/1127/1127 
f 1125/1125/1125 1127/1127/1127 1128/1128/1128 
f 1129/1129/1129 1130/1130/1130 1131/1131/1131 
f 1129/1129/1129 1131/1131/1131 1132/1132/1132 
f 1133/1133/1133 1134/1134/1134 1135/1135/1135 
f 1133/1133/1133 1135/1135/1135 1136/1136/1136 
f 1137/1137/1137 1138/1138/1138 1139/1139/1139 
f 1137/1137/1137 1139/1139/1139 1140/1140/1140 
f 1141/1141/1141 1142/1142/1142 1143/1143/1143 
f 1141/1141/1141 1143/1143/1143 1144/1144/1144 
f 1145/1145/1145 1146/1146/1146 1147/1147/1147 
f 1145/1145/1145 1147/1147/1147 1148/1148/1148 
f 1149/1149/1149 1150/1150/1150 1151/1151/1151 
f 1149/1149/1149 1151/1151/1151 1152/1152/1152 
f 1153/1153/1153 1154/1154/1154 1155/1155/1155 
f 1153/1153/1153 1155/1155/1155 1156/1156/1156 
f 1157/1157/1157 1158/1158/1158 1159/1159/1159 
f 1157/1157/1157 1159/1159/1159 1160/1160/1160 
f 1161/1161/1161 1162/1162/1162 1163/1163/1163 
f 1161/1161/1161 1163/1163/1163 1164/1164/1164 
f 1165/1165/1165 1166/1166/1166 1167/1167/1167 
f 1165/1165/1165 1167/1167/1167 1168/1168/1168 
f 1169/1169/1169 1170/1170/1170 1171/1171/1171 
f 1169/1169/1169 1171/1171/1171 1172/1172/1172 
f 1173/1173/1173 1174/1174/1174 1175/1175/1175 
f 1173/1173/1173 1175/1175/1175 1176/1176/1176 
f 1177/1177/1177 1178/1178/1178 1179/1179/1179 
f 1177/1177/1177 1179/1179/1179 1180/1180/1180 
f 1181/1181/1181 1182/1182/1182 1183/1183/1183 
f 1181/1181/1181 1183/1183/1183 1184/1184/1184 
f 1185/1185/1185 1186/1186/1186 1187/1187/1187 
f 1185/1185/1185 1187/1187/1187 1188/1188/1188 
f 1189/1189/1189 1190/1190/1190 1191/1191/1191 
f 1189/1189/1189 1191/1191/1191 1192/1192/1192 
f 1193/1193/1193 1194/1194/1194 1195/1195/1195 
f 1193/1193/1193 1195/1195/1195 1196/1196/1196 
f 1197/1197/1197 1198/1198/1198 1199/1199/1199 
f 1197/1197/1197 1199/1199/1199 1200/1200/1200 
f 1201/1201/1201 1202/1202/1202 1203/1203/1203 
f 1201/1201/1201 1203/1203/1203 1204/1204/1204 
f 1205/1205/1205 1206/1206/1206 1207/1207/1207 
f 1205/1205/1205 1207/1207/1207 1208/1208/1208 
f 1209/1209/1209 1210/1210/1210 1211/1211/1211 
f 1209/1209/1209 1211/1211/1211 1212/1212/1212 
f 1213/1213/1213 1214/1214/1214 1215/1215/1215 
f 1213/1213/1213 1215/1215/1215 1216/1216/1216 
f 1217/1217/1217 1218/1218/1218 1219/1219/1219 
f 1217/1217/1217 1219/1219/1219 1220/1220/1220 
f 1221/1221/1221 1222/1222/1222 1223/1223/1223 
f 1221/1221/1221 1223/1223/1223 1224/1224/1224 
f 1225/1225/1225 1226/1226/1226 1227/1227/1227 
f 1225/1225/1225 1227/1227/1227 1228/1228/1228 
f 1229/1229/1229 1230/1230/1230 1231/1231/1231 
f 1229/1229/1229 1231/1231/1231 1232/1232/1232 
f 1233/1233/1233 1234/1234/1234 1235/1235/1235 
f 1233/1233/1233 1235/1235/1235 1236/1236/1236 
f 1237/1237/1237 1238/1238/1238 1239/1239/1239 
f 1237/1237/1237 1239/1239/1239 1240/1240/1240 
f 1241/1241/1241 1242/1242/1242 1243/1243/1243 
f 1241/1241/1241 1243/1243/1243 1244/1244/1244 
f 1245/1245/1245 1246/1246/1246 1247/1247/1247 
f 1245/1245/1245 1247/1247/1247 1248/1248/1248 
f 1249/1249/1249 1250/1250/1250 1251/1251/1251 
f 1249/1249/1249 1251/1251/1251 1252/1252/1252 
f 1253/1253/1253 1254/1254/1254 1255/1255/1255 
f 1253/1253/1253 1255/1255/1255 1256/1256/1256 
f 1257/1257/1257 1258/1258/1258 1259/1259/1259 
f 1257/1257/1257 1259/1259/1259 1260/1260/1260 
f 1261/1261/1261 1262/1262/1262 1263/1263/1263 
f 1261/1261/1261 1263/1263/1263 1264/1264/1264 
f 1265/1265/1265 1266/1266/1266 1267/1267/1267 
f 1265/1265/1265 1267/1267/1267 1268/1268/1268 
f 1269/1269/1269 1270/1270/1270 1271/1271/1271 
f 1272/1272/1272 1273/1273/1273 1274/1274/1274 
f 1275/1275/1275 1276/1276/1276 1277/1277/1277 
f 1278/1278/1278 1279/1279/1279 1280/1280/1280 
f 1281/1281/1281 1282/1282/1282 1283/1283/1283 
f 1284/1284/1284 1285/1285/1285 1286/1286/1286 
f 1287/1287/1287 1288/1288/1288 1289/1289/1289 
f 1290/1290/1290 1291/1291/1291 1292/1292/1292 
f 1293/1293/1293 1294/1294/1294 1295/1295/1295 
f 1296/1296/1296 1297/1297/1297 1298/1298/1298 
f 1299/1299/1299 1300/1300/1300 1301/1301/1301 
f 1302/1302/1302 1303/1303/1303 1304/1304/1304 
f 1305/1305/1305 1306/1306/1306 1307/1307/1307 
f 1308/1308/1308 1309/1309/1309 1310/1310/1310 
f 1311/1311/1311 1312/1312/1312 1313/1313/1313 
f 1314/1314/1314 1315/1315/1315 1316/1316/1316 
f 1317/1317/1317 1318/1318/1318 1319/1319/1319 
f 1320/1320/1320 1321/1321/1321 1322/1322/1322 
f 1323/1323/1323 1324/1324/1324 1325/1325/1325 
f 1326/1326/1326 1327/1327/1327 1328/1328/1328 
f 1329/1329/1329 1330/1330/1330 1331/1331/1331 
f 1332/1332/1332 1333/1333/1333 1334/1334/1334 
f 1332/1332/1332 1334/1334/1334 1335/1335/1335 
f 1336/1336/1336 1337/1337/1337 1338/1338/1338 
f 1336/1336/1336 1338/1338/1338 1339/1339/1339 
f 1340/1340/1340 1341/1341/1341 1342/1342/1342 
f 1340/1340/1340 1342/1342/1342 1343/1343/1343 
f 1344/1344/1344 1345/1345/1345 1346/1346/1346 
f 1344/1344/1344 1346/1346/1346 1347/1347/1347 
f 1348/1348/1348 1349/1349/1349 1350/1350/1350 
f 1348/1348/1348 1350/1350/1350 1351/1351/1351 
f 1352/1352/1352 1353/1353/1353 1354/1354/1354 
f 1352/1352/1352 1354/1354/1354 1355/1355/1355 
f 1356/1356/1356 1357/1357/1357 1358/1358/1358 
f 1356/1356/1356 1358/1358/1358 1359/1359/1359 
f 1360/1360/1360 1361/1361/1361 1362/1362/1362 
f 1360/1360/1360 1362/1362/1362 1363/1363/1363 
f 1364/1364/1364 1365/1365/1365 1366/1366/1366 
f 1364/1364/1364 1366/1366/1366 1367/1367/1367 
f 1368/1368/1368 1369/1369/1369 1370/1370/1370 
f 1368/1368/1368 1370/1370/1370 1371/1371/1371 
f 1372/1372/1372 1373/1373/1373 1374/1374/1374 
f 1375/1375/1375 1376/1376/1376 1377/1377/1377 
f 1375/1375/1375 1377/1377/1377 1378/1378/1378 
f 1379/1379/1379 1380/1380/1380 1381/1381/1381 
f 1382/1382/1382 1383/1383/1383 1384/1384/1384 
f 1385/1385/1385 1386/1386/1386 1387/1387/1387 
f 1388/1388/1388 1389/1389/1389 1390/1390/1390 
f 1391/1391/1391 1392/1392/1392 1393/1393/1393 
f 1391/1391/1391 1393/1393/1393 1394/1394/1394 
f 1395/1395/1395 1396/1396/1396 1397/1397/1397 
f 1398/1398/1398 1399/1399/1399 1400/1400/1400 
f 1401/1401/1401 1402/1402/1402 1403/1403/1403 
f 1404/1404/1404 1405/1405/1405 1406/1406/1406 
f 1407/1407/1407 1408/1408/1408 1409/1409/1409 
f 1410/1410/1410 1411/1411/1411 1412/1412/1412 
f 1413/1413/1413 1414/1414/1414 1415/1415/1415 
f 1413/1413/1413 1415/1415/1415 1416/1416/1416 
f 1417/1417/1417 1418/1418/1418 1419/1419/1419 
f 1417/1417/1417 1419/1419/1419 1420/1420/1420 
f 1421/1421/1421 1422/1422/1422 1423/1423/1423 
f 1421/1421/1421 1423/1423/1423 1424/1424/1424 
f 1425/1425/1425 1426/1426/1426 1427/1427/1427 
f 1425/1425/1425 1427/1427/1427 1428/1428/1428 
f 1429/1429/1429 1430/1430/1430 1431/1431/1431 
f 1429/1429/1429 1431/1431/1431 1432/1432/1432 
f 1433/1433/1433 1434/1434/1434 1435/1435/1435 
f 1433/1433/1433 1435/1435/1435 1436/1436/1436 
f 1437/1437/1437 1438/1438/1438 1439/1439/1439 
f 1437/1437/1437 1439/1439/1439 1440/1440/1440 
f 1441/1441/1441 1442/1442/1442 1443/1443/1443 
f 1441/1441/1441 1443/1443/1443 1444/1444/1444 
f 1445/1445/1445 1446/1446/1446 1447/1447/1447 
f 1445/1445/1445 1447/1447/1447 1448/1448/1448 
f 1449/1449/1449 1450/1450/1450 1451/1451/1451 
f 1449/1449/1449 1451/1451/1451 1452/1452/1452 
f 1453/1453/1453 1454/1454/1454 1455/1455/1455 
f 1453/1453/1453 1455/1455/1455 1456/1456/1456 
f 1457/1457/1457 1458/1458/1458 1459/1459/1459 
f 1457/1457/1457 1459/1459/1459 1460/1460/1460 
f 1461/1461/1461 1462/1462/1462 1463/1463/1463 
f 1461/1461/1461 1463/1463/1463 1464/1464/1464 
f 1465/1465/1465 1466/1466/1466 1467/1467/1467 
f 1465/1465/1465 1467/1467/1467 1468/1468/1468 
f 1469/1469/1469 1470/1470/1470 1471/1471/1471 
f 1472/1472/1472 1473/1473/1473 1474/1474/1474 
f 1475/1475/1475 1476/1476/1476 1477/1477/1477 
f 1475/1475/1475 1477/1477/1477 1478/1478/1478 
f 1479/1479/1479 1480/1480/1480 1481/1481/1481 
f 1479/1479/1479 1481/1481/1481 1482/1482/1482 
f 1483/1483/1483 1484/1484/1484 1485/1485/1485 
f 1483/1483/1483 1485/1485/1485 1486/1486/1486 
f 1487/1487/1487 1488/1488/1488 1489/1489/1489 
f 1487/1487/1487 1489/1489/1489 1490/1490/1490 
f 1491/1491/1491 1492/1492/1492 1493/1493/1493 
f 1491/1491/1491 1493/1493/1493 1494/1494/1494 
f 1495/1495/1495 1496/1496/1496 1497/1497/1497 
f 1495/1495/1495 1497/1497/1497 1498/1498/1498 
f 1499/1499/1499 1500/1500/1500 1501/1501/1501 
f 1499/1499/1499 1501/1501/1501 1502/1502/1502 
f 1503/1503/1503 1504/1504/1504 1505/1505/1505 
f 1503/1503/1503 1505/1505/1505 1506/1506/1506 
f 1507/1507/1507 1508/1508/1508 1509/1509/1509 
f 1507/1507/1507 1509/1509/1509 1510/1510/1510 
f 1511/1511/1511 1512/1512/1512 1513/1513/1513 
f 1511/1511/1511 1513/1513/1513 1514/1514/1514 
f 1515/1515/1515 1516/1516/1516 1517/1517/1517 
f 1515/1515/1515 1517/1517/1517 1518/1518/1518 
f 1519/1519/1519 1520/1520/1520 1521/1521/1521 
f 1519/1519/1519 1521/1521/1521 1522/1522/1522 
f 1523/1523/1523 1524/1524/1524 1525/1525/1525 
f 1523/1523/1523 1525/1525/1525 1526/1526/1526 
f 1527/1527/1527 1528/1528/1528 1529/1529/1529 
f 1527/1527/1527 1529/1529/1529 1530/1530/1530 
f 1531/1531/1531 1532/1532/1532 1533/1533/1533 
f 1534/1534/1534 1535/1535/1535 1536/1536/1536 

g KillerRobot5

v -8.55597 2.93492 -16.9133 
v -8.52388 2.9455 -16.9463 
v -8.45768 2.81558 -16.9463 
v -8.48504 2.79571 -16.9133 
v -8.49178 2.95608 -16.9792 
v -8.52388 2.9455 -16.9463 
v -8.54518 3.05905 -16.9646 
v -8.51178 3.05905 -16.998 
v -8.48504 2.79571 -16.9133 
v -8.45768 2.81558 -16.9463 
v -8.35468 2.71258 -16.9463 
v -8.37455 2.68522 -16.9133 
v -8.37455 2.68522 -16.9133 
v -8.35468 2.71258 -16.9463 
v -8.22489 2.64645 -16.9463 
v -8.23534 2.61429 -16.9133 
v -8.55597 2.93492 -16.078 
v -8.52388 2.9455 -16.0477 
v -8.54518 3.05905 -16.0311 
v -8.57858 3.05905 -16.0645 
v -8.49178 2.95608 -16.0174 
v -8.52388 2.9455 -16.0477 
v -8.45768 2.81558 -16.0477 
v -8.43032 2.83546 -16.0174 
v -8.43032 2.83546 -16.0174 
v -8.45768 2.81558 -16.0477 
v -8.35468 2.71258 -16.0477 
v -8.3348 2.73994 -16.0174 
v -8.3348 2.73994 -16.0174 
v -8.35468 2.71258 -16.0477 
v -8.22489 2.64645 -16.0477 
v -8.21444 2.67861 -16.0174 
v -8.51178 3.05905 -16.998 
v -8.54518 3.05905 -16.9646 
v -8.54518 3.92028 -16.9646 
v -8.51178 3.92024 -16.998 
v -8.51178 3.92024 -15.9977 
v -8.54518 3.92028 -16.0311 
v -8.54518 3.05905 -16.0311 
v -8.51178 3.05905 -15.9977 
v -8.55597 2.93492 -16.9133 
v -8.48504 2.79571 -16.9133 
v -8.48504 2.79571 -16.078 
v -8.55597 2.93492 -16.078 
v -8.48504 2.79571 -16.9133 
v -8.37455 2.68522 -16.9133 
v -8.37455 2.68522 -16.078 
v -8.48504 2.79571 -16.078 
v -8.37455 2.68522 -16.9133 
v -8.23534 2.61429 -16.9133 
v -8.23534 2.61429 -16.078 
v -8.37455 2.68522 -16.078 
v -8.57858 3.92033 -16.9312 
v -8.57858 3.05905 -16.9312 
v -8.57858 3.05905 -16.0645 
v -8.57858 3.92033 -16.0645 
v -8.57858 3.05905 -16.9312 
v -8.55597 2.93492 -16.9133 
v -8.55597 2.93492 -16.078 
v -8.57858 3.05905 -16.0645 
v -8.47232 3.99085 -16.9522 
v -8.50266 3.99085 -16.9218 
v -8.47449 3.99086 -16.8915 
v -7.64513 3.92024 -16.998 
v -8.08102 3.9205 -16.998 
v -8.08102 3.99086 -16.9522 
v -7.68459 3.99085 -16.9522 
v -8.08102 3.9205 -16.998 
v -8.51178 3.92024 -16.998 
v -8.47232 3.99085 -16.9522 
v -8.08102 3.99086 -16.9522 
v -8.51178 3.92024 -16.998 
v -8.54518 3.92028 -16.9646 
v -8.50266 3.99085 -16.9218 
v -8.47232 3.99085 -16.9522 
v -8.57858 3.92033 -16.9312 
v -8.57858 3.92033 -16.0645 
v -8.533 3.99086 -16.1042 
v -8.533 3.99086 -16.8915 
v -8.57858 3.92033 -16.0645 
v -8.54518 3.92028 -16.0311 
v -8.50266 3.99085 -16.0739 
v -8.533 3.99086 -16.1042 
v -8.51178 3.92024 -15.9977 
v -8.08102 3.9205 -15.9977 
v -8.08102 3.99086 -16.0435 
v -8.47232 3.99085 -16.0435 
v -8.08102 3.9205 -15.9977 
v -7.64513 3.92024 -15.9977 
v -7.68459 3.99085 -16.0435 
v -8.08102 3.99086 -16.0435 
v -7.64513 3.92024 -15.9977 
v -7.57833 3.92033 -16.0645 
v -7.62392 3.99086 -16.1042 
v -7.68459 3.99085 -16.0435 
v -7.57833 3.92033 -16.0645 
v -7.57833 3.92033 -16.9312 
v -7.62392 3.99086 -16.8915 
v -7.62392 3.99086 -16.1042 
v -7.57833 3.92033 -16.9312 
v -7.64513 3.92024 -16.998 
v -7.68459 3.99085 -16.9522 
v -7.62392 3.99086 -16.8915 
v -8.11559 2.59532 -16.9187 
v -8.08102 2.62485 -16.904 
v -8.08102 2.62485 -16.0926 
v -8.11559 2.59532 -16.078 
v -8.08102 2.62485 -16.904 
v -8.11559 2.59532 -16.9187 
v -8.11498 2.62904 -16.949 
v -8.08102 2.67126 -16.9519 
v -8.11437 2.66276 -16.9792 
v -8.11354 3.05905 -16.998 
v -8.08102 3.0264 -16.9655 
v -7.64513 3.05908 -16.998 
v -7.64513 3.0264 -16.9624 
v -8.08102 3.0264 -16.9655 
v -8.11354 3.05905 -16.998 
v -7.64513 3.0264 -16.9624 
v -7.64513 3.05908 -16.998 
v -7.57833 3.05908 -16.9312 
v -7.61197 3.0264 -16.9172 
v -7.61197 3.0264 -16.9172 
v -7.57833 3.05908 -16.9312 
v -7.57833 3.05908 -16.0645 
v -7.61197 3.0264 -16.0785 
v -8.08102 2.62485 -16.0926 
v -8.08102 2.67126 -16.0505 
v -8.11437 2.66276 -16.0174 
v -8.11498 2.62904 -16.0477 
v -8.11437 2.66276 -16.0174 
v -8.08102 2.67126 -16.0505 
v -8.08102 3.0264 -16.0302 
v -8.11354 3.05905 -15.9977 
v -7.61197 3.0264 -16.0785 
v -7.57833 3.05908 -16.0645 
v -7.64513 3.05908 -15.9977 
v -7.64513 3.0264 -16.0333 
v -7.64513 3.0264 -16.0333 
v -7.64513 3.05908 -15.9977 
v -8.11354 3.05905 -15.9977 
v -8.08102 3.0264 -16.0302 
v -8.23534 2.61429 -16.9133 
v -8.22489 2.64645 -16.9463 
v -8.11498 2.62904 -16.949 
v -8.11559 2.59532 -16.9187 
v -8.21444 2.67861 -16.0174 
v -8.22489 2.64645 -16.0477 
v -8.11498 2.62904 -16.0477 
v -8.11437 2.66276 -16.0174 
v -7.64513 3.92024 -16.998 
v -7.57833 3.92033 -16.9312 
v -7.57833 3.05908 -16.9312 
v -7.64513 3.05908 -16.998 
v -7.64513 3.05908 -15.9977 
v -7.57833 3.05908 -16.0645 
v -7.57833 3.92033 -16.0645 
v -7.64513 3.92024 -15.9977 
v -8.23534 2.61429 -16.9133 
v -8.11559 2.59532 -16.9187 
v -8.11559 2.59532 -16.078 
v -8.23534 2.61429 -16.078 
v -7.64513 3.92024 -16.998 
v -7.64513 3.05908 -16.998 
v -8.11354 3.05905 -16.998 
v -8.08102 3.9205 -16.998 
v -7.57833 3.05908 -16.9312 
v -7.57833 3.92033 -16.9312 
v -7.57833 3.92033 -16.0645 
v -7.57833 3.05908 -16.0645 
v -7.64513 3.05908 -15.9977 
v -7.64513 3.92024 -15.9977 
v -8.08102 3.9205 -15.9977 
v -8.11354 3.05905 -15.9977 
v -8.51178 3.05905 -16.998 
v -8.51178 3.92024 -16.998 
v -8.08102 3.9205 -16.998 
v -8.11354 3.05905 -16.998 
v -8.51178 3.92024 -15.9977 
v -8.51178 3.05905 -15.9977 
v -8.11354 3.05905 -15.9977 
v -8.08102 3.9205 -15.9977 
v -8.49178 2.95608 -16.9792 
v -8.51178 3.05905 -16.998 
v -8.11354 3.05905 -16.998 
v -8.43032 2.83546 -16.9792 
v -8.49178 2.95608 -16.9792 
v -8.11354 3.05905 -16.998 
v -8.3348 2.73994 -16.9792 
v -8.43032 2.83546 -16.9792 
v -8.11354 3.05905 -16.998 
v -8.21444 2.67861 -16.9792 
v -8.3348 2.73994 -16.9792 
v -8.11354 3.05905 -16.998 
v -8.11437 2.66276 -16.9792 
v -8.21444 2.67861 -16.9792 
v -8.11354 3.05905 -16.998 
v -8.51178 3.05905 -15.9977 
v -8.49178 2.95608 -16.0174 
v -8.11354 3.05905 -15.9977 
v -8.49178 2.95608 -16.0174 
v -8.43032 2.83546 -16.0174 
v -8.11354 3.05905 -15.9977 
v -8.43032 2.83546 -16.0174 
v -8.3348 2.73994 -16.0174 
v -8.11354 3.05905 -15.9977 
v -8.3348 2.73994 -16.0174 
v -8.21444 2.67861 -16.0174 
v -8.11354 3.05905 -15.9977 
v -8.21444 2.67861 -16.0174 
v -8.11437 2.66276 -16.0174 
v -8.11354 3.05905 -15.9977 
v -8.08102 2.62485 -16.904 
v -8.08102 2.67126 -16.9519 
v -8.08102 2.67126 -16.0505 
v -8.08102 2.62485 -16.0926 
v -7.64513 3.0264 -16.9624 
v -7.61197 3.0264 -16.9172 
v -7.61197 3.0264 -16.0785 
v -7.64513 3.0264 -16.0333 
v -8.08102 3.0264 -16.0302 
v -8.08102 2.67126 -16.0505 
v -8.08102 2.67126 -16.9519 
v -7.64513 3.0264 -16.9624 
v -8.08102 3.0264 -16.0302 
v -8.08102 3.0264 -16.9655 
v -8.533 3.99086 -16.1042 
v -8.47247 3.99085 -16.1039 
v -8.47449 3.99086 -16.8915 
v -8.533 3.99086 -16.8915 
v -7.62392 3.99086 -16.8915 
v -7.68261 3.99086 -16.8915 
v -7.68445 3.99085 -16.1039 
v -7.62392 3.99086 -16.1042 
v -7.68459 3.99085 -16.9522 
v -7.68261 3.99086 -16.8915 
v -7.62392 3.99086 -16.8915 
v -7.68459 3.99085 -16.9522 
v -8.08102 3.99086 -16.9522 
v -7.68261 3.99086 -16.8915 
v -8.47247 3.99085 -16.1039 
v -7.68445 3.99085 -16.1039 
v -7.68261 3.99086 -16.8915 
v -8.47449 3.99086 -16.8915 
v -8.47247 3.99085 -16.1039 
v -8.533 3.99086 -16.1042 
v -8.50266 3.99085 -16.0739 
v -7.68459 3.99085 -16.0435 
v -7.68445 3.99085 -16.1039 
v -8.08102 3.99086 -16.0435 
v -7.62392 3.99086 -16.1042 
v -7.68445 3.99085 -16.1039 
v -7.68459 3.99085 -16.0435 
v -8.47449 3.99086 -16.8915 
v -8.08102 3.99086 -16.9522 
v -8.47232 3.99085 -16.9522 
v -7.68261 3.99086 -16.8915 
v -8.08102 3.99086 -16.9522 
v -8.47449 3.99086 -16.8915 
v -8.08102 3.99086 -16.0435 
v -8.47247 3.99085 -16.1039 
v -8.47232 3.99085 -16.0435 
v -8.08102 3.99086 -16.0435 
v -7.68445 3.99085 -16.1039 
v -8.47247 3.99085 -16.1039 
v -7.64513 3.0264 -16.0333 
v -8.08102 3.0264 -16.0302 
v -7.64513 3.0264 -16.9624 
v -8.08102 3.0264 -16.0302 
v -8.08102 2.67126 -16.9519 
v -8.08102 3.0264 -16.9655 
v -8.52388 2.9455 -16.0477 
v -8.49178 2.95608 -16.0174 
v -8.51178 3.05905 -15.9977 
v -8.54518 3.05905 -16.0311 
v -8.52388 2.9455 -16.0477 
v -8.55597 2.93492 -16.078 
v -8.48504 2.79571 -16.078 
v -8.45768 2.81558 -16.0477 
v -8.45768 2.81558 -16.0477 
v -8.48504 2.79571 -16.078 
v -8.37455 2.68522 -16.078 
v -8.35468 2.71258 -16.0477 
v -8.35468 2.71258 -16.0477 
v -8.37455 2.68522 -16.078 
v -8.23534 2.61429 -16.078 
v -8.22489 2.64645 -16.0477 
v -8.54518 3.92028 -16.0311 
v -8.57858 3.92033 -16.0645 
v -8.57858 3.05905 -16.0645 
v -8.54518 3.05905 -16.0311 
v -8.54518 3.92028 -16.0311 
v -8.51178 3.92024 -15.9977 
v -8.47232 3.99085 -16.0435 
v -8.50266 3.99085 -16.0739 
v -8.22489 2.64645 -16.0477 
v -8.23534 2.61429 -16.078 
v -8.11559 2.59532 -16.078 
v -8.11498 2.62904 -16.0477 
v -8.11498 2.62904 -16.0477 
v -8.11559 2.59532 -16.078 
v -8.08102 2.62485 -16.0926 
v -8.50266 3.99085 -16.0739 
v -8.47232 3.99085 -16.0435 
v -8.47247 3.99085 -16.1039 
v -8.52388 2.9455 -16.9463 
v -8.49178 2.95608 -16.9792 
v -8.43032 2.83546 -16.9792 
v -8.45768 2.81558 -16.9463 
v -8.52388 2.9455 -16.9463 
v -8.55597 2.93492 -16.9133 
v -8.57858 3.05905 -16.9312 
v -8.54518 3.05905 -16.9646 
v -8.45768 2.81558 -16.9463 
v -8.43032 2.83546 -16.9792 
v -8.3348 2.73994 -16.9792 
v -8.35468 2.71258 -16.9463 
v -8.35468 2.71258 -16.9463 
v -8.3348 2.73994 -16.9792 
v -8.21444 2.67861 -16.9792 
v -8.22489 2.64645 -16.9463 
v -8.54518 3.05905 -16.9646 
v -8.57858 3.05905 -16.9312 
v -8.57858 3.92033 -16.9312 
v -8.54518 3.92028 -16.9646 
v -8.54518 3.92028 -16.9646 
v -8.57858 3.92033 -16.9312 
v -8.533 3.99086 -16.8915 
v -8.50266 3.99085 -16.9218 
v -8.22489 2.64645 -16.9463 
v -8.21444 2.67861 -16.9792 
v -8.11437 2.66276 -16.9792 
v -8.11498 2.62904 -16.949 
v -8.11498 2.62904 -16.949 
v -8.11437 2.66276 -16.9792 
v -8.08102 2.67126 -16.9519 
v -8.08102 2.62485 -16.904 
v -8.50266 3.99085 -16.9218 
v -8.533 3.99086 -16.8915 
v -8.47449 3.99086 -16.8915 

vn -0.653543 -0.275591 -0.708661 
vn -0.653543 -0.275591 -0.708661 
vn -0.566929 -0.409449 -0.716535 
vn -0.566929 -0.409449 -0.716535 
vn -0.645669 -0.283465 -0.708661 
vn -0.653543 -0.275591 -0.708661 
vn -0.692913 -0.11811 -0.708661 
vn -0.692913 -0.125984 -0.708661 
vn -0.566929 -0.409449 -0.716535 
vn -0.566929 -0.409449 -0.716535 
vn -0.409449 -0.566929 -0.716535 
vn -0.409449 -0.566929 -0.716535 
vn -0.409449 -0.566929 -0.716535 
vn -0.409449 -0.566929 -0.716535 
vn -0.220472 -0.653543 -0.724409 
vn -0.228346 -0.653543 -0.724409 
vn -0.629921 -0.259843 0.732283 
vn -0.629921 -0.267717 0.732283 
vn -0.685039 -0.11811 0.716535 
vn -0.692913 -0.102362 0.716535 
vn -0.629921 -0.275591 0.724409 
vn -0.629921 -0.267717 0.732283 
vn -0.543307 -0.393701 0.748031 
vn -0.543307 -0.393701 0.748031 
vn -0.543307 -0.393701 0.748031 
vn -0.543307 -0.393701 0.748031 
vn -0.393701 -0.543307 0.748031 
vn -0.393701 -0.543307 0.748031 
vn -0.393701 -0.543307 0.748031 
vn -0.393701 -0.543307 0.748031 
vn -0.204724 -0.637795 0.748031 
vn -0.204724 -0.637795 0.748031 
vn -0.692913 -0.125984 -0.708661 
vn -0.692913 -0.11811 -0.708661 
vn -0.708661 0 -0.708661 
vn -0.708661 0 -0.708661 
vn -0.708661 0 0.708661 
vn -0.708661 0 0.708661 
vn -0.685039 -0.11811 0.716535 
vn -0.685039 -0.125984 0.716535 
vn -0.952756 -0.314961 0 
vn -0.811024 -0.590551 0 
vn -0.811024 -0.590551 0 
vn -0.952756 -0.314961 0 
vn -0.811024 -0.590551 0 
vn -0.590551 -0.811024 0 
vn -0.590551 -0.811024 0 
vn -0.811024 -0.590551 0 
vn -0.590551 -0.811024 0 
vn -0.307087 -0.952756 0 
vn -0.307087 -0.952756 0 
vn -0.590551 -0.811024 0 
vn -1 0 0 
vn -1 -0.0866142 0 
vn -1 -0.0866142 0 
vn -1 0 0 
vn -1 -0.0866142 0 
vn -0.952756 -0.314961 0 
vn -0.952756 -0.314961 0 
vn -1 -0.0866142 0 
vn 0 1 0 
vn 0 1 0 
vn 0 1 0 
vn 0 0.543307 -0.834646 
vn 0 0.543307 -0.834646 
vn 0 0.543307 -0.834646 
vn 0 0.543307 -0.834646 
vn 0 0.543307 -0.834646 
vn 0 0.543307 -0.834646 
vn 0 0.543307 -0.834646 
vn 0 0.543307 -0.834646 
vn -0.535433 0.645669 -0.535433 
vn -0.535433 0.645669 -0.535433 
vn -0.535433 0.645669 -0.535433 
vn -0.535433 0.645669 -0.535433 
vn -0.84252 0.543307 0 
vn -0.84252 0.543307 0 
vn -0.84252 0.543307 0 
vn -0.84252 0.543307 0 
vn -0.535433 0.653543 0.535433 
vn -0.535433 0.653543 0.535433 
vn -0.535433 0.653543 0.535433 
vn -0.535433 0.653543 0.535433 
vn 0 0.543307 0.834646 
vn 0 0.543307 0.834646 
vn 0 0.543307 0.834646 
vn 0 0.543307 0.834646 
vn 0 0.543307 0.834646 
vn 0 0.543307 0.834646 
vn 0 0.543307 0.834646 
vn 0 0.543307 0.834646 
vn 0.535433 0.653543 0.535433 
vn 0.535433 0.653543 0.535433 
vn 0.535433 0.653543 0.535433 
vn 0.535433 0.653543 0.535433 
vn 0.84252 0.543307 0 
vn 0.84252 0.543307 0 
vn 0.84252 0.543307 0 
vn 0.84252 0.543307 0 
vn 0.535433 0.653543 -0.535433 
vn 0.535433 0.653543 -0.535433 
vn 0.535433 0.653543 -0.535433 
vn 0.535433 0.653543 -0.535433 
vn 0.645669 -0.76378 0 
vn 0.645669 -0.76378 0 
vn 0.645669 -0.76378 0 
vn 0.645669 -0.76378 0 
vn 0.661417 -0.503937 -0.551181 
vn 0.661417 -0.503937 -0.551181 
vn 0.661417 -0.503937 -0.551181 
vn 0.669291 -0.0314961 -0.748031 
vn 0.669291 -0.0314961 -0.748031 
vn 0.669291 -0.0314961 -0.748031 
vn 0.669291 -0.0314961 -0.748031 
vn 0 -0.724409 -0.692913 
vn 0 -0.724409 -0.692913 
vn 0 -0.724409 -0.692913 
vn 0 -0.724409 -0.692913 
vn 0.559055 -0.661417 -0.496063 
vn 0.559055 -0.661417 -0.496063 
vn 0.559055 -0.661417 -0.496063 
vn 0.559055 -0.661417 -0.496063 
vn 0.692913 -0.716535 0 
vn 0.692913 -0.716535 0 
vn 0.692913 -0.716535 0 
vn 0.692913 -0.716535 0 
vn 0.669291 -0.503937 0.551181 
vn 0.669291 -0.503937 0.551181 
vn 0.669291 -0.503937 0.551181 
vn 0.669291 -0.503937 0.551181 
vn 0.700787 -0.0393701 0.716535 
vn 0.700787 -0.0393701 0.716535 
vn 0.700787 -0.0393701 0.716535 
vn 0.700787 -0.0393701 0.716535 
vn 0.559055 -0.661417 0.496063 
vn 0.559055 -0.661417 0.496063 
vn 0.559055 -0.661417 0.496063 
vn 0.559055 -0.661417 0.496063 
vn 0 -0.724409 0.692913 
vn 0 -0.724409 0.692913 
vn 0 -0.724409 0.692913 
vn 0 -0.724409 0.692913 
vn -0.228346 -0.653543 -0.724409 
vn -0.220472 -0.653543 -0.724409 
vn -0.125984 -0.677165 -0.724409 
vn -0.133858 -0.677165 -0.724409 
vn -0.204724 -0.637795 0.748031 
vn -0.204724 -0.637795 0.748031 
vn -0.102362 -0.661417 0.740157 
vn -0.102362 -0.661417 0.740157 
vn 0.708661 0 -0.708661 
vn 0.708661 0 -0.708661 
vn 0.708661 0 -0.708661 
vn 0.708661 0 -0.708661 
vn 0.708661 0 0.708661 
vn 0.708661 0 0.708661 
vn 0.708661 0 0.708661 
vn 0.708661 0 0.708661 
vn -0.307087 -0.952756 0 
vn -0.15748 -0.984252 0 
vn -0.15748 -0.984252 0 
vn -0.307087 -0.952756 0 
vn 0 0 -1 
vn 0 0 -1 
vn -0.00787402 -0.023622 -1 
vn 0 0 -1 
vn 1 0 0 
vn 1 0 0 
vn 1 0 0 
vn 1 0 0 
vn 0 0 1 
vn 0 0 1 
vn 0 0 1 
vn -0.00787402 -0.023622 1 
vn 0 -0.0866142 -1 
vn 0 0 -1 
vn 0 0 -1 
vn -0.00787402 -0.023622 -1 
vn 0 0 1 
vn 0 -0.0866142 1 
vn -0.00787402 -0.023622 1 
vn 0 0 1 
vn -0.023622 -0.102362 -0.992126 
vn 0 -0.0866142 -1 
vn -0.00787402 -0.023622 -1 
vn -0.0393701 -0.0314961 -1 
vn -0.023622 -0.102362 -0.992126 
vn -0.00787402 -0.023622 -1 
vn -0.0314961 -0.0393701 -1 
vn -0.0393701 -0.0314961 -1 
vn -0.00787402 -0.023622 -1 
vn -0.015748 -0.0472441 -1 
vn -0.0314961 -0.0393701 -1 
vn -0.00787402 -0.023622 -1 
vn -0.00787402 -0.0472441 -1 
vn -0.015748 -0.0472441 -1 
vn -0.00787402 -0.023622 -1 
vn 0 -0.0866142 1 
vn -0.023622 -0.110236 0.992126 
vn -0.00787402 -0.023622 1 
vn -0.023622 -0.110236 0.992126 
vn -0.0393701 -0.0314961 1 
vn -0.00787402 -0.023622 1 
vn -0.0393701 -0.0314961 1 
vn -0.0314961 -0.0393701 1 
vn -0.00787402 -0.023622 1 
vn -0.0314961 -0.0393701 1 
vn -0.015748 -0.0472441 1 
vn -0.00787402 -0.023622 1 
vn -0.015748 -0.0472441 1 
vn -0.00787402 -0.0472441 1 
vn -0.00787402 -0.023622 1 
vn 1 0 0 
vn 1 0 0 
vn 1 0 0 
vn 1 0 0 
vn 0 -1 0 
vn 0 -1 0 
vn 0 -1 0 
vn 0 -1 0 
vn 1 0 0 
vn 1 0 0 
vn 1 0 0 
vn 0 -1 0 
vn 0 -1 0 
vn 0 -1 0 
vn 0 1 0 
vn 0 1 0 
vn 0 1 0 
vn 0 1 0 
vn 0 1 0 
vn 0 1 0 
vn 0 1 0 
vn 0 1 0 
vn 0 1 0 
vn 0 1 0 
vn 0 1 0 
vn 0 1 0 
vn 0 1 0 
vn 0 1 0 
vn 0 1 0 
vn 0 1 0 
vn 0 1 0 
vn 0 1 0 
vn 0 1 0 
vn 0 1 0 
vn 0 1 0 
vn 0 1 0 
vn 0 1 0 
vn 0 1 0 
vn 0 1 0 
vn 0 1 0 
vn 0 1 0 
vn 0 1 0 
vn 0 1 0 
vn 0 1 0 
vn 0 1 0 
vn 0 1 0 
vn 0 1 0 
vn 0 1 0 
vn 0 1 0 
vn 0 1 0 
vn 0 1 0 
vn 0 1 0 
vn 0 1 0 
vn 0 -1 0 
vn 0 -1 0 
vn 0 -1 0 
vn 1 0 0 
vn 1 0 0 
vn 1 0 0 
vn -0.629921 -0.267717 0.732283 
vn -0.629921 -0.275591 0.724409 
vn -0.685039 -0.125984 0.716535 
vn -0.685039 -0.11811 0.716535 
vn -0.629921 -0.267717 0.732283 
vn -0.629921 -0.259843 0.732283 
vn -0.543307 -0.393701 0.748031 
vn -0.543307 -0.393701 0.748031 
vn -0.543307 -0.393701 0.748031 
vn -0.543307 -0.393701 0.748031 
vn -0.393701 -0.543307 0.748031 
vn -0.393701 -0.543307 0.748031 
vn -0.393701 -0.543307 0.748031 
vn -0.393701 -0.543307 0.748031 
vn -0.204724 -0.637795 0.748031 
vn -0.204724 -0.637795 0.748031 
vn -0.708661 0 0.708661 
vn -0.708661 0 0.708661 
vn -0.692913 -0.102362 0.716535 
vn -0.685039 -0.11811 0.716535 
vn -0.535433 0.645669 0.535433 
vn -0.535433 0.645669 0.535433 
vn -0.535433 0.645669 0.535433 
vn -0.535433 0.645669 0.535433 
vn -0.204724 -0.637795 0.748031 
vn -0.204724 -0.637795 0.748031 
vn -0.102362 -0.661417 0.740157 
vn -0.102362 -0.661417 0.740157 
vn 0.661417 -0.503937 0.551181 
vn 0.661417 -0.503937 0.551181 
vn 0.661417 -0.503937 0.551181 
vn 0 1 0 
vn 0 1 0 
vn 0 1 0 
vn -0.653543 -0.275591 -0.708661 
vn -0.645669 -0.283465 -0.708661 
vn -0.566929 -0.409449 -0.716535 
vn -0.566929 -0.409449 -0.716535 
vn -0.653543 -0.275591 -0.708661 
vn -0.653543 -0.275591 -0.708661 
vn -0.692913 -0.11811 -0.708661 
vn -0.692913 -0.11811 -0.708661 
vn -0.566929 -0.409449 -0.716535 
vn -0.566929 -0.409449 -0.716535 
vn -0.409449 -0.566929 -0.716535 
vn -0.409449 -0.566929 -0.716535 
vn -0.409449 -0.566929 -0.716535 
vn -0.409449 -0.566929 -0.716535 
vn -0.220472 -0.653543 -0.724409 
vn -0.220472 -0.653543 -0.724409 
vn -0.692913 -0.11811 -0.708661 
vn -0.692913 -0.11811 -0.708661 
vn -0.708661 0 -0.708661 
vn -0.708661 0 -0.708661 
vn -0.535433 0.653543 -0.535433 
vn -0.535433 0.653543 -0.535433 
vn -0.535433 0.653543 -0.535433 
vn -0.535433 0.653543 -0.535433 
vn -0.220472 -0.653543 -0.724409 
vn -0.220472 -0.653543 -0.724409 
vn -0.11811 -0.677165 -0.724409 
vn -0.125984 -0.677165 -0.724409 
vn 0.629921 -0.543307 -0.551181 
vn 0.629921 -0.543307 -0.551181 
vn 0.629921 -0.543307 -0.551181 
vn 0.629921 -0.543307 -0.551181 
vn 0 1 0 
vn 0 1 0 
vn 0 1 0 

vt 0.674485 0.886217 
vt 0.672191 0.886006 
vt 0.667899 0.894161 
vt 0.669886 0.894955 
vt 0.669896 0.885795 
vt 0.672191 0.886006 
vt 0.673913 0.873617 
vt 0.671987 0.873616 
vt 0.669886 0.894955 
vt 0.667899 0.894161 
vt 0.661217 0.900576 
vt 0.662719 0.901836 
vt 0.662719 0.901836 
vt 0.661217 0.900576 
vt 0.652795 0.90463 
vt 0.653685 0.906185 
vt 0.48787 0.882352 
vt 0.49283 0.882324 
vt 0.491498 0.873617 
vt 0.486511 0.873617 
vt 0.497789 0.882295 
vt 0.49283 0.882324 
vt 0.496204 0.893834 
vt 0.500615 0.893392 
vt 0.500615 0.893392 
vt 0.496204 0.893834 
vt 0.50108 0.899916 
vt 0.504291 0.898595 
vt 0.504291 0.898595 
vt 0.50108 0.899916 
vt 0.507205 0.904151 
vt 0.50891 0.902261 
vt 0.671987 0.873616 
vt 0.673913 0.873617 
vt 0.673913 0.930533 
vt 0.671987 0.930533 
vt 0.488306 0.930533 
vt 0.486511 0.930533 
vt 0.486511 0.873617 
vt 0.488306 0.873617 
vt 0.67391 0.879022 
vt 0.67391 0.88287 
vt 0.736422 0.88287 
vt 0.736422 0.879022 
vt 0.67391 0.88287 
vt 0.67391 0.886352 
vt 0.736422 0.886352 
vt 0.736422 0.88287 
vt 0.67391 0.886352 
vt 0.67391 0.889127 
vt 0.736422 0.889127 
vt 0.736422 0.886352 
vt 0.67584 0.930533 
vt 0.67584 0.873616 
vt 0.734233 0.873616 
vt 0.734233 0.930533 
vt 0.673913 0.873617 
vt 0.67391 0.879022 
vt 0.736422 0.879022 
vt 0.736423 0.873617 
vt 0.490517 0.998034 
vt 0.488556 0.995976 
vt 0.490377 0.993919 
vt 0.613519 0.930533 
vt 0.643737 0.930533 
vt 0.644012 0.93554 
vt 0.613519 0.93554 
vt 0.643737 0.930533 
vt 0.671987 0.930533 
vt 0.671987 0.93554 
vt 0.644012 0.93554 
vt 0.671987 0.930533 
vt 0.673913 0.930533 
vt 0.673913 0.93554 
vt 0.671987 0.93554 
vt 0.67584 0.930533 
vt 0.734233 0.930533 
vt 0.734233 0.93554 
vt 0.67584 0.93554 
vt 0.734233 0.930533 
vt 0.736423 0.930533 
vt 0.736423 0.93554 
vt 0.734233 0.93554 
vt 0.488306 0.930533 
vt 0.520149 0.930533 
vt 0.519718 0.93554 
vt 0.488306 0.93554 
vt 0.520149 0.930533 
vt 0.546966 0.930533 
vt 0.546966 0.93554 
vt 0.519718 0.93554 
vt 0.546979 0.930533 
vt 0.551076 0.930533 
vt 0.551076 0.93554 
vt 0.546979 0.93554 
vt 0.551076 0.930533 
vt 0.609511 0.930533 
vt 0.609511 0.93554 
vt 0.551076 0.93554 
vt 0.609511 0.930533 
vt 0.613519 0.930533 
vt 0.613519 0.93554 
vt 0.609511 0.93554 
vt 0.580955 0.93948 
vt 0.580955 0.940917 
vt 0.556543 0.940917 
vt 0.556543 0.93948 
vt 0.580955 0.940917 
vt 0.583939 0.940855 
vt 0.583939 0.941639 
vt 0.582242 0.942437 
vt 0.583939 0.942422 
vt 0.583939 0.95416 
vt 0.582561 0.954073 
vt 0.58359 0.970645 
vt 0.582561 0.968354 
vt 0.582561 0.954073 
vt 0.583939 0.95416 
vt 0.582561 0.968354 
vt 0.58359 0.970645 
vt 0.581203 0.970645 
vt 0.58132 0.96944 
vt 0.58132 0.96944 
vt 0.581203 0.970645 
vt 0.555228 0.970645 
vt 0.556197 0.96944 
vt 0.556543 0.940907 
vt 0.555455 0.942437 
vt 0.553185 0.942509 
vt 0.553185 0.941812 
vt 0.553185 0.942509 
vt 0.555455 0.942437 
vt 0.554956 0.954073 
vt 0.553185 0.954071 
vt 0.556197 0.96944 
vt 0.555228 0.970645 
vt 0.552835 0.970645 
vt 0.554956 0.968354 
vt 0.554956 0.968354 
vt 0.552835 0.970645 
vt 0.553185 0.954071 
vt 0.554956 0.954073 
vt 0.653685 0.906185 
vt 0.652795 0.90463 
vt 0.645948 0.905994 
vt 0.645948 0.90801 
vt 0.50891 0.902261 
vt 0.507205 0.904151 
vt 0.518361 0.906891 
vt 0.518361 0.905003 
vt 0.613519 0.930533 
vt 0.609511 0.930533 
vt 0.609511 0.873616 
vt 0.613519 0.873617 
vt 0.546979 0.873617 
vt 0.551076 0.873616 
vt 0.551076 0.930533 
vt 0.546979 0.930533 
vt 0.67391 0.889127 
vt 0.67391 0.901625 
vt 0.736422 0.901625 
vt 0.736422 0.889127 
vt 0.613519 0.930533 
vt 0.613519 0.873617 
vt 0.645798 0.873616 
vt 0.643737 0.930533 
vt 0.609511 0.873616 
vt 0.609511 0.930533 
vt 0.551076 0.930533 
vt 0.551076 0.873616 
vt 0.546966 0.873617 
vt 0.546966 0.930533 
vt 0.520149 0.930533 
vt 0.513847 0.873617 
vt 0.671987 0.873616 
vt 0.671987 0.930533 
vt 0.643737 0.930533 
vt 0.645798 0.873616 
vt 0.488306 0.930533 
vt 0.488306 0.873617 
vt 0.513847 0.873617 
vt 0.520149 0.930533 
vt 0.669896 0.885795 
vt 0.671987 0.873616 
vt 0.645798 0.873616 
vt 0.665912 0.893366 
vt 0.669896 0.885795 
vt 0.645798 0.873616 
vt 0.659715 0.899315 
vt 0.665912 0.893366 
vt 0.645798 0.873616 
vt 0.651905 0.903075 
vt 0.659715 0.899315 
vt 0.645798 0.873616 
vt 0.645948 0.903978 
vt 0.651905 0.903075 
vt 0.645798 0.873616 
vt 0.496732 0.873617 
vt 0.497789 0.882295 
vt 0.513847 0.873617 
vt 0.497789 0.882295 
vt 0.500615 0.893392 
vt 0.513847 0.873617 
vt 0.500615 0.893392 
vt 0.504291 0.898595 
vt 0.513847 0.873617 
vt 0.504291 0.898595 
vt 0.50891 0.902261 
vt 0.513847 0.873617 
vt 0.50891 0.902261 
vt 0.518361 0.905003 
vt 0.513847 0.873617 
vt 0.580955 0.940917 
vt 0.582242 0.942437 
vt 0.555455 0.942437 
vt 0.556543 0.940917 
vt 0.582561 0.968354 
vt 0.58132 0.96944 
vt 0.556197 0.96944 
vt 0.554956 0.968354 
vt 0.554956 0.954073 
vt 0.555455 0.942437 
vt 0.582242 0.942437 
vt 0.582561 0.968354 
vt 0.554956 0.954073 
vt 0.582561 0.954073 
vt 0.486595 0.939693 
vt 0.490507 0.939671 
vt 0.490377 0.993919 
vt 0.486595 0.993919 
vt 0.548753 0.993919 
vt 0.54496 0.993919 
vt 0.54484 0.939671 
vt 0.548753 0.939693 
vt 0.544831 0.998034 
vt 0.54496 0.993919 
vt 0.548753 0.993919 
vt 0.544831 0.998034 
vt 0.517451 0.998034 
vt 0.54496 0.993919 
vt 0.490507 0.939671 
vt 0.54484 0.939671 
vt 0.54496 0.993919 
vt 0.490377 0.993919 
vt 0.490507 0.939671 
vt 0.486595 0.939693 
vt 0.488556 0.937635 
vt 0.54484 0.935578 
vt 0.54484 0.939671 
vt 0.517451 0.935578 
vt 0.548753 0.939693 
vt 0.54484 0.939671 
vt 0.54484 0.935578 
vt 0.490377 0.993919 
vt 0.517451 0.998034 
vt 0.490517 0.998034 
vt 0.54496 0.993919 
vt 0.517451 0.998034 
vt 0.490377 0.993919 
vt 0.517451 0.935578 
vt 0.490507 0.939671 
vt 0.490517 0.935578 
vt 0.517451 0.935578 
vt 0.54484 0.939671 
vt 0.490507 0.939671 
vt 0.554956 0.968354 
vt 0.554956 0.954073 
vt 0.582561 0.968354 
vt 0.554956 0.954073 
vt 0.582242 0.942437 
vt 0.582561 0.954073 
vt 0.49283 0.882324 
vt 0.497789 0.882295 
vt 0.496732 0.873617 
vt 0.491498 0.873617 
vt 0.49283 0.882324 
vt 0.48787 0.882352 
vt 0.491793 0.894276 
vt 0.496204 0.893834 
vt 0.496204 0.893834 
vt 0.491793 0.894276 
vt 0.497868 0.901236 
vt 0.50108 0.899916 
vt 0.50108 0.899916 
vt 0.497868 0.901236 
vt 0.505501 0.906042 
vt 0.507205 0.904151 
vt 0.736423 0.930533 
vt 0.734233 0.930533 
vt 0.734233 0.873617 
vt 0.736423 0.873617 
vt 0.486511 0.930533 
vt 0.488306 0.930533 
vt 0.488306 0.93554 
vt 0.486512 0.93554 
vt 0.507205 0.904151 
vt 0.505501 0.906042 
vt 0.518361 0.908778 
vt 0.518361 0.906891 
vt 0.553185 0.941812 
vt 0.553185 0.941116 
vt 0.556543 0.940907 
vt 0.488556 0.937635 
vt 0.490517 0.935578 
vt 0.490507 0.939671 
vt 0.672191 0.886006 
vt 0.669896 0.885795 
vt 0.665912 0.893366 
vt 0.667899 0.894161 
vt 0.672191 0.886006 
vt 0.674485 0.886217 
vt 0.67584 0.873617 
vt 0.673913 0.873617 
vt 0.667899 0.894161 
vt 0.665912 0.893366 
vt 0.659715 0.899315 
vt 0.661217 0.900576 
vt 0.661217 0.900576 
vt 0.659715 0.899315 
vt 0.651905 0.903075 
vt 0.652795 0.90463 
vt 0.673913 0.873617 
vt 0.67584 0.873617 
vt 0.67584 0.930533 
vt 0.673913 0.930533 
vt 0.673913 0.930533 
vt 0.67584 0.930533 
vt 0.67584 0.93554 
vt 0.673913 0.93554 
vt 0.652795 0.90463 
vt 0.651905 0.903075 
vt 0.645948 0.903978 
vt 0.645948 0.905994 
vt 0.583939 0.941639 
vt 0.583939 0.942422 
vt 0.582242 0.942437 
vt 0.580955 0.940917 
vt 0.488556 0.995976 
vt 0.486595 0.993919 
vt 0.490377 0.993919 

usemtl KillerRobot1Mtl

f 1537/1537/1537 1538/1538/1538 1539/1539/1539 
f 1537/1537/1537 1539/1539/1539 1540/1540/1540 
f 1541/1541/1541 1542/1542/1542 1543/1543/1543 
f 1541/1541/1541 1543/1543/1543 1544/1544/1544 
f 1545/1545/1545 1546/1546/1546 1547/1547/1547 
f 1545/1545/1545 1547/1547/1547 1548/1548/1548 
f 1549/1549/1549 1550/1550/1550 1551/1551/1551 
f 1549/1549/1549 1551/1551/1551 1552/1552/1552 
f 1553/1553/1553 1554/1554/1554 1555/1555/1555 
f 1553/1553/1553 1555/1555/1555 1556/1556/1556 
f 1557/1557/1557 1558/1558/1558 1559/1559/1559 
f 1557/1557/1557 1559/1559/1559 1560/1560/1560 
f 1561/1561/1561 1562/1562/1562 1563/1563/1563 
f 1561/1561/1561 1563/1563/1563 1564/1564/1564 
f 1565/1565/1565 1566/1566/1566 1567/1567/1567 
f 1565/1565/1565 1567/1567/1567 1568/1568/1568 
f 1569/1569/1569 1570/1570/1570 1571/1571/1571 
f 1569/1569/1569 1571/1571/1571 1572/1572/1572 
f 1573/1573/1573 1574/1574/1574 1575/1575/1575 
f 1573/1573/1573 1575/1575/1575 1576/1576/1576 
f 1577/1577/1577 1578/1578/1578 1579/1579/1579 
f 1577/1577/1577 1579/1579/1579 1580/1580/1580 
f 1581/1581/1581 1582/1582/1582 1583/1583/1583 
f 1581/1581/1581 1583/1583/1583 1584/1584/1584 
f 1585/1585/1585 1586/1586/1586 1587/1587/1587 
f 1585/1585/1585 1587/1587/1587 1588/1588/1588 
f 1589/1589/1589 1590/1590/1590 1591/1591/1591 
f 1589/1589/1589 1591/1591/1591 1592/1592/1592 
f 1593/1593/1593 1594/1594/1594 1595/1595/1595 
f 1593/1593/1593 1595/1595/1595 1596/1596/1596 
f 1597/1597/1597 1598/1598/1598 1599/1599/1599 
f 1600/1600/1600 1601/1601/1601 1602/1602/1602 
f 1600/1600/1600 1602/1602/1602 1603/1603/1603 
f 1604/1604/1604 1605/1605/1605 1606/1606/1606 
f 1604/1604/1604 1606/1606/1606 1607/1607/1607 
f 1608/1608/1608 1609/1609/1609 1610/1610/1610 
f 1608/1608/1608 1610/1610/1610 1611/1611/1611 
f 1612/1612/1612 1613/1613/1613 1614/1614/1614 
f 1612/1612/1612 1614/1614/1614 1615/1615/1615 
f 1616/1616/1616 1617/1617/1617 1618/1618/1618 
f 1616/1616/1616 1618/1618/1618 1619/1619/1619 
f 1620/1620/1620 1621/1621/1621 1622/1622/1622 
f 1620/1620/1620 1622/1622/1622 1623/1623/1623 
f 1624/1624/1624 1625/1625/1625 1626/1626/1626 
f 1624/1624/1624 1626/1626/1626 1627/1627/1627 
f 1628/1628/1628 1629/1629/1629 1630/1630/1630 
f 1628/1628/1628 1630/1630/1630 1631/1631/1631 
f 1632/1632/1632 1633/1633/1633 1634/1634/1634 
f 1632/1632/1632 1634/1634/1634 1635/1635/1635 
f 1636/1636/1636 1637/1637/1637 1638/1638/1638 
f 1636/1636/1636 1638/1638/1638 1639/1639/1639 
f 1640/1640/1640 1641/1641/1641 1642/1642/1642 
f 1640/1640/1640 1642/1642/1642 1643/1643/1643 
f 1644/1644/1644 1645/1645/1645 1646/1646/1646 
f 1647/1647/1647 1648/1648/1648 1649/1649/1649 
f 1647/1647/1647 1649/1649/1649 1650/1650/1650 
f 1651/1651/1651 1652/1652/1652 1653/1653/1653 
f 1651/1651/1651 1653/1653/1653 1654/1654/1654 
f 1655/1655/1655 1656/1656/1656 1657/1657/1657 
f 1655/1655/1655 1657/1657/1657 1658/1658/1658 
f 1659/1659/1659 1660/1660/1660 1661/1661/1661 
f 1659/1659/1659 1661/1661/1661 1662/1662/1662 
f 1663/1663/1663 1664/1664/1664 1665/1665/1665 
f 1663/1663/1663 1665/1665/1665 1666/1666/1666 
f 1667/1667/1667 1668/1668/1668 1669/1669/1669 
f 1667/1667/1667 1669/1669/1669 1670/1670/1670 
f 1671/1671/1671 1672/1672/1672 1673/1673/1673 
f 1671/1671/1671 1673/1673/1673 1674/1674/1674 
f 1675/1675/1675 1676/1676/1676 1677/1677/1677 
f 1675/1675/1675 1677/1677/1677 1678/1678/1678 
f 1679/1679/1679 1680/1680/1680 1681/1681/1681 
f 1679/1679/1679 1681/1681/1681 1682/1682/1682 
f 1683/1683/1683 1684/1684/1684 1685/1685/1685 
f 1683/1683/1683 1685/1685/1685 1686/1686/1686 
f 1687/1687/1687 1688/1688/1688 1689/1689/1689 
f 1687/1687/1687 1689/1689/1689 1690/1690/1690 
f 1691/1691/1691 1692/1692/1692 1693/1693/1693 
f 1691/1691/1691 1693/1693/1693 1694/1694/1694 
f 1695/1695/1695 1696/1696/1696 1697/1697/1697 
f 1695/1695/1695 1697/1697/1697 1698/1698/1698 
f 1699/1699/1699 1700/1700/1700 1701/1701/1701 
f 1699/1699/1699 1701/1701/1701 1702/1702/1702 
f 1703/1703/1703 1704/1704/1704 1705/1705/1705 
f 1703/1703/1703 1705/1705/1705 1706/1706/1706 
f 1707/1707/1707 1708/1708/1708 1709/1709/1709 
f 1707/1707/1707 1709/1709/1709 1710/1710/1710 
f 1711/1711/1711 1712/1712/1712 1713/1713/1713 
f 1711/1711/1711 1713/1713/1713 1714/1714/1714 
f 1715/1715/1715 1716/1716/1716 1717/1717/1717 
f 1715/1715/1715 1717/1717/1717 1718/1718/1718 
f 1719/1719/1719 1720/1720/1720 1721/1721/1721 
f 1722/1722/1722 1723/1723/1723 1724/1724/1724 
f 1725/1725/1725 1726/1726/1726 1727/1727/1727 
f 1728/1728/1728 1729/1729/1729 1730/1730/1730 
f 1731/1731/1731 1732/1732/1732 1733/1733/1733 
f 1734/1734/1734 1735/1735/1735 1736/1736/1736 
f 1737/1737/1737 1738/1738/1738 1739/1739/1739 
f 1740/1740/1740 1741/1741/1741 1742/1742/1742 
f 1743/1743/1743 1744/1744/1744 1745/1745/1745 
f 1746/1746/1746 1747/1747/1747 1748/1748/1748 
f 1749/1749/1749 1750/1750/1750 1751/1751/1751 
f 1749/1749/1749 1751/1751/1751 1752/1752/1752 
f 1753/1753/1753 1754/1754/1754 1755/1755/1755 
f 1753/1753/1753 1755/1755/1755 1756/1756/1756 
f 1757/1757/1757 1758/1758/1758 1759/1759/1759 
f 1760/1760/1760 1761/1761/1761 1762/1762/1762 
f 1763/1763/1763 1764/1764/1764 1765/1765/1765 
f 1763/1763/1763 1765/1765/1765 1766/1766/1766 
f 1767/1767/1767 1768/1768/1768 1769/1769/1769 
f 1767/1767/1767 1769/1769/1769 1770/1770/1770 
f 1771/1771/1771 1772/1772/1772 1773/1773/1773 
f 1774/1774/1774 1775/1775/1775 1776/1776/1776 
f 1777/1777/1777 1778/1778/1778 1779/1779/1779 
f 1777/1777/1777 1779/1779/1779 1780/1780/1780 
f 1781/1781/1781 1782/1782/1782 1783/1783/1783 
f 1784/1784/1784 1785/1785/1785 1786/1786/1786 
f 1787/1787/1787 1788/1788/1788 1789/1789/1789 
f 1790/1790/1790 1791/1791/1791 1792/1792/1792 
f 1793/1793/1793 1794/1794/1794 1795/1795/1795 
f 1796/1796/1796 1797/1797/1797 1798/1798/1798 
f 1799/1799/1799 1800/1800/1800 1801/1801/1801 
f 1802/1802/1802 1803/1803/1803 1804/1804/1804 
f 1805/1805/1805 1806/1806/1806 1807/1807/1807 
f 1808/1808/1808 1809/1809/1809 1810/1810/1810 
f 1808/1808/1808 1810/1810/1810 1811/1811/1811 
f 1812/1812/1812 1813/1813/1813 1814/1814/1814 
f 1812/1812/1812 1814/1814/1814 1815/1815/1815 
f 1816/1816/1816 1817/1817/1817 1818/1818/1818 
f 1816/1816/1816 1818/1818/1818 1819/1819/1819 
f 1820/1820/1820 1821/1821/1821 1822/1822/1822 
f 1820/1820/1820 1822/1822/1822 1823/1823/1823 
f 1824/1824/1824 1825/1825/1825 1826/1826/1826 
f 1824/1824/1824 1826/1826/1826 1827/1827/1827 
f 1828/1828/1828 1829/1829/1829 1830/1830/1830 
f 1828/1828/1828 1830/1830/1830 1831/1831/1831 
f 1832/1832/1832 1833/1833/1833 1834/1834/1834 
f 1832/1832/1832 1834/1834/1834 1835/1835/1835 
f 1836/1836/1836 1837/1837/1837 1838/1838/1838 
f 1839/1839/1839 1840/1840/1840 1841/1841/1841 
f 1842/1842/1842 1843/1843/1843 1844/1844/1844 
f 1842/1842/1842 1844/1844/1844 1845/1845/1845 
f 1846/1846/1846 1847/1847/1847 1848/1848/1848 
f 1846/1846/1846 1848/1848/1848 1849/1849/1849 
f 1850/1850/1850 1851/1851/1851 1852/1852/1852 
f 1850/1850/1850 1852/1852/1852 1853/1853/1853 
f 1854/1854/1854 1855/1855/1855 1856/1856/1856 
f 1854/1854/1854 1856/1856/1856 1857/1857/1857 
f 1858/1858/1858 1859/1859/1859 1860/1860/1860 
f 1858/1858/1858 1860/1860/1860 1861/1861/1861 
f 1862/1862/1862 1863/1863/1863 1864/1864/1864 
f 1862/1862/1862 1864/1864/1864 1865/1865/1865 
f 1866/1866/1866 1867/1867/1867 1868/1868/1868 
f 1866/1866/1866 1868/1868/1868 1869/1869/1869 
f 1870/1870/1870 1871/1871/1871 1872/1872/1872 
f 1870/1870/1870 1872/1872/1872 1873/1873/1873 
f 1874/1874/1874 1875/1875/1875 1876/1876/1876 

g KillerRobot6

v -8.2411 2.20831 -15.0676 
v -8.38031 2.13736 -15.0676 
v -8.36043 2.11 -15.0342 
v -8.23065 2.17615 -15.0342 
v -8.22019 2.14399 -15.0008 
v -8.08104 2.16514 -15.0008 
v -8.08104 2.19895 -15.0342 
v -8.23065 2.17615 -15.0342 
v -8.38031 2.13736 -15.0676 
v -8.49078 2.02686 -15.0676 
v -8.46342 2.00699 -15.0342 
v -8.36043 2.11 -15.0342 
v -8.49078 2.02686 -15.0676 
v -8.5617 1.88764 -15.0676 
v -8.5296 1.87706 -15.0342 
v -8.46342 2.00699 -15.0342 
v -8.5617 1.88764 -15.0676 
v -8.58429 1.75228 -15.0676 
v -8.55089 1.74951 -15.0342 
v -8.5296 1.87706 -15.0342 
v -8.56161 1.04152 -15.0731 
v -8.49066 0.902315 -15.0731 
v -8.4633 0.922194 -15.0401 
v -8.52951 1.0521 -15.0401 
v -8.49742 1.06269 -15.0071 
v -8.51743 1.18242 -15.0008 
v -8.55083 1.17965 -15.0342 
v -8.52951 1.0521 -15.0401 
v -8.49066 0.902315 -15.0731 
v -8.38016 0.791844 -15.0731 
v -8.36029 0.819203 -15.0401 
v -8.4633 0.922194 -15.0401 
v -8.38016 0.791844 -15.0731 
v -8.24094 0.720926 -15.0731 
v -8.23049 0.753087 -15.0401 
v -8.36029 0.819203 -15.0401 
v -8.24094 0.720926 -15.0731 
v -8.08088 0.696501 -15.0731 
v -8.08088 0.730316 -15.0401 
v -8.23049 0.753087 -15.0401 
v -8.08088 0.696501 -15.0731 
v -7.92656 0.72096 -15.0731 
v -7.93701 0.753119 -15.0401 
v -8.08088 0.730316 -15.0401 
v -7.92656 0.72096 -15.0731 
v -7.78735 0.79191 -15.0731 
v -7.80723 0.819265 -15.0401 
v -7.93701 0.753119 -15.0401 
v -7.78735 0.79191 -15.0731 
v -7.67688 0.902405 -15.0731 
v -7.70424 0.922278 -15.0401 
v -7.80723 0.819265 -15.0401 
v -7.67688 0.902405 -15.0731 
v -7.60596 1.04163 -15.0731 
v -7.63805 1.0522 -15.0401 
v -7.70424 0.922278 -15.0401 
v -7.60596 1.04163 -15.0731 
v -7.58336 1.17699 -15.0676 
v -7.61676 1.17975 -15.0342 
v -7.63805 1.0522 -15.0401 
v -7.60605 1.88774 -15.0676 
v -7.677 2.02695 -15.0676 
v -7.70436 2.00707 -15.0342 
v -7.63815 1.87716 -15.0342 
v -7.67024 1.86658 -15.0008 
v -7.65022 1.74684 -15.0008 
v -7.61683 1.74962 -15.0342 
v -7.63815 1.87716 -15.0342 
v -7.677 2.02695 -15.0676 
v -7.7875 2.13742 -15.0676 
v -7.80737 2.11006 -15.0342 
v -7.70436 2.00707 -15.0342 
v -7.7875 2.13742 -15.0676 
v -7.92672 2.20834 -15.0676 
v -7.93717 2.17618 -15.0342 
v -7.80737 2.11006 -15.0342 
v -7.92672 2.20834 -15.0676 
v -8.08105 2.23277 -15.0676 
v -8.08104 2.19895 -15.0342 
v -7.93717 2.17618 -15.0342 
v -8.2411 2.20831 -15.9343 
v -8.08105 2.23277 -15.9343 
v -8.08104 2.19895 -15.9677 
v -8.23065 2.17615 -15.9677 
v -8.22019 2.14399 -16.0011 
v -8.34055 2.08265 -16.0011 
v -8.36043 2.11 -15.9677 
v -8.23065 2.17615 -15.9677 
v -8.34055 2.08265 -16.0011 
v -8.43606 1.98712 -16.0011 
v -8.46342 2.00699 -15.9677 
v -8.36043 2.11 -15.9677 
v -8.43606 1.98712 -16.0011 
v -8.49751 1.86649 -16.0011 
v -8.5296 1.87706 -15.9677 
v -8.46342 2.00699 -15.9677 
v -8.49751 1.86649 -16.0011 
v -8.5175 1.74675 -16.0011 
v -8.55089 1.74951 -15.9677 
v -8.5296 1.87706 -15.9677 
v -8.56161 1.04152 -15.9288 
v -8.58423 1.17688 -15.9343 
v -8.55083 1.17965 -15.9677 
v -8.52951 1.0521 -15.9618 
v -8.49742 1.06269 -15.9948 
v -8.43595 0.942073 -15.9948 
v -8.4633 0.922194 -15.9618 
v -8.52951 1.0521 -15.9618 
v -8.43595 0.942073 -15.9948 
v -8.34041 0.846562 -15.9948 
v -8.36029 0.819203 -15.9618 
v -8.4633 0.922194 -15.9618 
v -8.34041 0.846562 -15.9948 
v -8.22004 0.785248 -15.9948 
v -8.23049 0.753087 -15.9618 
v -8.36029 0.819203 -15.9618 
v -8.22004 0.785248 -15.9948 
v -8.08088 0.764131 -15.9948 
v -8.08088 0.730316 -15.9618 
v -8.23049 0.753087 -15.9618 
v -8.08088 0.764131 -15.9948 
v -7.94746 0.785278 -15.9948 
v -7.93701 0.753119 -15.9618 
v -8.08088 0.730316 -15.9618 
v -7.94746 0.785278 -15.9948 
v -7.82711 0.846619 -15.9948 
v -7.80723 0.819265 -15.9618 
v -7.93701 0.753119 -15.9618 
v -7.82711 0.846619 -15.9948 
v -7.7316 0.942151 -15.9948 
v -7.70424 0.922278 -15.9618 
v -7.80723 0.819265 -15.9618 
v -7.7316 0.942151 -15.9948 
v -7.67015 1.06278 -15.9948 
v -7.63805 1.0522 -15.9618 
v -7.70424 0.922278 -15.9618 
v -7.67015 1.06278 -15.9948 
v -7.65016 1.18252 -16.0011 
v -7.61676 1.17975 -15.9677 
v -7.63805 1.0522 -15.9618 
v -7.60605 1.88774 -15.9343 
v -7.58343 1.75239 -15.9343 
v -7.61683 1.74962 -15.9677 
v -7.63815 1.87716 -15.9677 
v -7.67024 1.86658 -16.0011 
v -7.73171 1.98719 -16.0011 
v -7.70436 2.00707 -15.9677 
v -7.63815 1.87716 -15.9677 
v -7.73171 1.98719 -16.0011 
v -7.82724 2.0827 -16.0011 
v -7.80737 2.11006 -15.9677 
v -7.70436 2.00707 -15.9677 
v -7.82724 2.0827 -16.0011 
v -7.94761 2.14402 -16.0011 
v -7.93717 2.17618 -15.9677 
v -7.80737 2.11006 -15.9677 
v -7.94761 2.14402 -16.0011 
v -8.08104 2.16514 -16.0011 
v -8.08104 2.19895 -15.9677 
v -7.93717 2.17618 -15.9677 
v -8.51743 1.18242 -15.0008 
v -8.5175 1.74675 -15.0008 
v -8.55089 1.74951 -15.0342 
v -8.55083 1.17965 -15.0342 
v -8.5175 1.74675 -16.0011 
v -8.51743 1.18242 -16.0011 
v -8.55083 1.17965 -15.9677 
v -8.55089 1.74951 -15.9677 
v -7.65022 1.74684 -15.0008 
v -7.65016 1.18252 -15.0008 
v -7.61676 1.17975 -15.0342 
v -7.61683 1.74962 -15.0342 
v -7.65016 1.18252 -16.0011 
v -7.65022 1.74684 -16.0011 
v -7.61683 1.74962 -15.9677 
v -7.61676 1.17975 -15.9677 
v -8.2411 2.20831 -15.0676 
v -8.2411 2.20831 -15.9343 
v -8.38031 2.13736 -15.9343 
v -8.38031 2.13736 -15.0676 
v -8.38031 2.13736 -15.0676 
v -8.38031 2.13736 -15.9343 
v -8.49078 2.02686 -15.9343 
v -8.49078 2.02686 -15.0676 
v -8.49078 2.02686 -15.0676 
v -8.49078 2.02686 -15.9343 
v -8.5617 1.88764 -15.9343 
v -8.5617 1.88764 -15.0676 
v -8.56161 1.04152 -15.0731 
v -8.56161 1.04152 -15.9288 
v -8.49066 0.902315 -15.9288 
v -8.49066 0.902315 -15.0731 
v -8.49066 0.902315 -15.0731 
v -8.49066 0.902315 -15.9288 
v -8.38016 0.791844 -15.9288 
v -8.38016 0.791844 -15.0731 
v -8.38016 0.791844 -15.0731 
v -8.38016 0.791844 -15.9288 
v -8.24094 0.720926 -15.9288 
v -8.24094 0.720926 -15.0731 
v -8.24094 0.720926 -15.0731 
v -8.24094 0.720926 -15.9288 
v -8.08088 0.696501 -15.9288 
v -8.08088 0.696501 -15.0731 
v -8.08088 0.696501 -15.0731 
v -8.08088 0.696501 -15.9288 
v -7.92656 0.72096 -15.9288 
v -7.92656 0.72096 -15.0731 
v -7.92656 0.72096 -15.0731 
v -7.92656 0.72096 -15.9288 
v -7.78735 0.79191 -15.9288 
v -7.78735 0.79191 -15.0731 
v -7.78735 0.79191 -15.0731 
v -7.78735 0.79191 -15.9288 
v -7.67688 0.902405 -15.9288 
v -7.67688 0.902405 -15.0731 
v -7.67688 0.902405 -15.0731 
v -7.67688 0.902405 -15.9288 
v -7.60596 1.04163 -15.9288 
v -7.60596 1.04163 -15.0731 
v -7.60605 1.88774 -15.0676 
v -7.60605 1.88774 -15.9343 
v -7.677 2.02695 -15.9343 
v -7.677 2.02695 -15.0676 
v -7.677 2.02695 -15.0676 
v -7.677 2.02695 -15.9343 
v -7.7875 2.13742 -15.9343 
v -7.7875 2.13742 -15.0676 
v -7.7875 2.13742 -15.0676 
v -7.7875 2.13742 -15.9343 
v -7.92672 2.20834 -15.9343 
v -7.92672 2.20834 -15.0676 
v -7.92672 2.20834 -15.0676 
v -7.92672 2.20834 -15.9343 
v -8.08105 2.23277 -15.9343 
v -8.08105 2.23277 -15.0676 
v -8.08105 2.23277 -15.0676 
v -8.08105 2.23277 -15.9343 
v -8.2411 2.20831 -15.9343 
v -8.2411 2.20831 -15.0676 
v -8.51743 1.18242 -15.0008 
v -8.08093 1.17693 -15.0008 
v -8.08099 1.75233 -15.0008 
v -8.5175 1.74675 -15.0008 
v -8.58429 1.75228 -15.0676 
v -8.58429 1.75228 -15.9343 
v -8.58423 1.17688 -15.9343 
v -8.58423 1.17688 -15.0676 
v -8.5175 1.74675 -16.0011 
v -8.08099 1.75233 -16.0011 
v -8.08093 1.17693 -16.0011 
v -8.51743 1.18242 -16.0011 
v -7.65022 1.74684 -15.0008 
v -8.08099 1.75233 -15.0008 
v -8.08093 1.17693 -15.0008 
v -7.65016 1.18252 -15.0008 
v -7.58336 1.17699 -15.0676 
v -7.58336 1.17699 -15.9343 
v -7.58343 1.75239 -15.9343 
v -7.58343 1.75239 -15.0676 
v -7.65016 1.18252 -16.0011 
v -8.08093 1.17693 -16.0011 
v -8.08099 1.75233 -16.0011 
v -7.65022 1.74684 -16.0011 
v -8.5617 1.88764 -15.0676 
v -8.5617 1.88764 -15.9343 
v -8.58429 1.75228 -15.9343 
v -8.58429 1.75228 -15.0676 
v -8.58423 1.17688 -15.0676 
v -8.58423 1.17688 -15.9343 
v -8.56161 1.04152 -15.9288 
v -8.56161 1.04152 -15.0731 
v -7.60596 1.04163 -15.0731 
v -7.60596 1.04163 -15.9288 
v -7.58336 1.17699 -15.9343 
v -7.58336 1.17699 -15.0676 
v -7.58343 1.75239 -15.0676 
v -7.58343 1.75239 -15.9343 
v -7.60605 1.88774 -15.9343 
v -7.60605 1.88774 -15.0676 
v -8.34055 2.08265 -15.0008 
v -8.08099 1.75233 -15.0008 
v -8.22019 2.14399 -15.0008 
v -8.43606 1.98712 -15.0008 
v -8.08099 1.75233 -15.0008 
v -8.34055 2.08265 -15.0008 
v -8.49751 1.86649 -15.0008 
v -8.08099 1.75233 -15.0008 
v -8.43606 1.98712 -15.0008 
v -8.5175 1.74675 -15.0008 
v -8.08099 1.75233 -15.0008 
v -8.49751 1.86649 -15.0008 
v -8.49742 1.06269 -15.0071 
v -8.08093 1.17693 -15.0008 
v -8.51743 1.18242 -15.0008 
v -8.43595 0.942073 -15.0071 
v -8.08093 1.17693 -15.0008 
v -8.49742 1.06269 -15.0071 
v -8.34041 0.846562 -15.0071 
v -8.08093 1.17693 -15.0008 
v -8.43595 0.942073 -15.0071 
v -8.22004 0.785248 -15.0071 
v -8.08093 1.17693 -15.0008 
v -8.34041 0.846562 -15.0071 
v -8.08088 0.764131 -15.0071 
v -8.08093 1.17693 -15.0008 
v -8.22004 0.785248 -15.0071 
v -7.94746 0.785278 -15.0071 
v -8.08093 1.17693 -15.0008 
v -8.08088 0.764131 -15.0071 
v -7.82711 0.846619 -15.0071 
v -8.08093 1.17693 -15.0008 
v -7.94746 0.785278 -15.0071 
v -7.7316 0.942151 -15.0071 
v -8.08093 1.17693 -15.0008 
v -7.82711 0.846619 -15.0071 
v -7.67015 1.06278 -15.0071 
v -8.08093 1.17693 -15.0008 
v -7.7316 0.942151 -15.0071 
v -7.65016 1.18252 -15.0008 
v -8.08093 1.17693 -15.0008 
v -7.67015 1.06278 -15.0071 
v -7.67024 1.86658 -15.0008 
v -8.08099 1.75233 -15.0008 
v -7.65022 1.74684 -15.0008 
v -7.73171 1.98719 -15.0008 
v -8.08099 1.75233 -15.0008 
v -7.67024 1.86658 -15.0008 
v -7.82724 2.0827 -15.0008 
v -8.08099 1.75233 -15.0008 
v -7.73171 1.98719 -15.0008 
v -7.94761 2.14402 -15.0008 
v -8.08099 1.75233 -15.0008 
v -7.82724 2.0827 -15.0008 
v -8.08104 2.16514 -15.0008 
v -8.08099 1.75233 -15.0008 
v -7.94761 2.14402 -15.0008 
v -8.22019 2.14399 -15.0008 
v -8.08099 1.75233 -15.0008 
v -8.08104 2.16514 -15.0008 
v -8.22019 2.14399 -16.0011 
v -8.08099 1.75233 -16.0011 
v -8.34055 2.08265 -16.0011 
v -8.34055 2.08265 -16.0011 
v -8.08099 1.75233 -16.0011 
v -8.43606 1.98712 -16.0011 
v -8.43606 1.98712 -16.0011 
v -8.08099 1.75233 -16.0011 
v -8.49751 1.86649 -16.0011 
v -8.49751 1.86649 -16.0011 
v -8.08099 1.75233 -16.0011 
v -8.5175 1.74675 -16.0011 
v -8.51743 1.18242 -16.0011 
v -8.08093 1.17693 -16.0011 
v -8.49742 1.06269 -15.9948 
v -8.43595 0.942073 -15.9948 
v -8.08093 1.17693 -16.0011 
v -8.34041 0.846562 -15.9948 
v -8.34041 0.846562 -15.9948 
v -8.08093 1.17693 -16.0011 
v -8.22004 0.785248 -15.9948 
v -8.22004 0.785248 -15.9948 
v -8.08093 1.17693 -16.0011 
v -8.08088 0.764131 -15.9948 
v -8.08088 0.764131 -15.9948 
v -8.08093 1.17693 -16.0011 
v -7.94746 0.785278 -15.9948 
v -7.94746 0.785278 -15.9948 
v -8.08093 1.17693 -16.0011 
v -7.82711 0.846619 -15.9948 
v -7.82711 0.846619 -15.9948 
v -8.08093 1.17693 -16.0011 
v -7.7316 0.942151 -15.9948 
v -7.7316 0.942151 -15.9948 
v -8.08093 1.17693 -16.0011 
v -7.67015 1.06278 -15.9948 
v -7.67015 1.06278 -15.9948 
v -8.08093 1.17693 -16.0011 
v -7.65016 1.18252 -16.0011 
v -7.65022 1.74684 -16.0011 
v -8.08099 1.75233 -16.0011 
v -7.67024 1.86658 -16.0011 
v -7.67024 1.86658 -16.0011 
v -8.08099 1.75233 -16.0011 
v -7.73171 1.98719 -16.0011 
v -7.73171 1.98719 -16.0011 
v -8.08099 1.75233 -16.0011 
v -7.82724 2.0827 -16.0011 
v -7.82724 2.0827 -16.0011 
v -8.08099 1.75233 -16.0011 
v -7.94761 2.14402 -16.0011 
v -7.94761 2.14402 -16.0011 
v -8.08099 1.75233 -16.0011 
v -8.08104 2.16514 -16.0011 
v -8.08104 2.16514 -16.0011 
v -8.08099 1.75233 -16.0011 
v -8.22019 2.14399 -16.0011 
v -8.36043 2.11 -15.0342 
v -8.34055 2.08265 -15.0008 
v -8.22019 2.14399 -15.0008 
v -8.23065 2.17615 -15.0342 
v -8.08104 2.19895 -15.0342 
v -8.08105 2.23277 -15.0676 
v -8.2411 2.20831 -15.0676 
v -8.23065 2.17615 -15.0342 
v -8.46342 2.00699 -15.0342 
v -8.43606 1.98712 -15.0008 
v -8.34055 2.08265 -15.0008 
v -8.36043 2.11 -15.0342 
v -8.5296 1.87706 -15.0342 
v -8.49751 1.86649 -15.0008 
v -8.43606 1.98712 -15.0008 
v -8.46342 2.00699 -15.0342 
v -8.55089 1.74951 -15.0342 
v -8.5175 1.74675 -15.0008 
v -8.49751 1.86649 -15.0008 
v -8.5296 1.87706 -15.0342 
v -8.4633 0.922194 -15.0401 
v -8.43595 0.942073 -15.0071 
v -8.49742 1.06269 -15.0071 
v -8.52951 1.0521 -15.0401 
v -8.55083 1.17965 -15.0342 
v -8.58423 1.17688 -15.0676 
v -8.56161 1.04152 -15.0731 
v -8.52951 1.0521 -15.0401 
v -8.36029 0.819203 -15.0401 
v -8.34041 0.846562 -15.0071 
v -8.43595 0.942073 -15.0071 
v -8.4633 0.922194 -15.0401 
v -8.23049 0.753087 -15.0401 
v -8.22004 0.785248 -15.0071 
v -8.34041 0.846562 -15.0071 
v -8.36029 0.819203 -15.0401 
v -8.08088 0.730316 -15.0401 
v -8.08088 0.764131 -15.0071 
v -8.22004 0.785248 -15.0071 
v -8.23049 0.753087 -15.0401 
v -7.93701 0.753119 -15.0401 
v -7.94746 0.785278 -15.0071 
v -8.08088 0.764131 -15.0071 
v -8.08088 0.730316 -15.0401 
v -7.80723 0.819265 -15.0401 
v -7.82711 0.846619 -15.0071 
v -7.94746 0.785278 -15.0071 
v -7.93701 0.753119 -15.0401 
v -7.70424 0.922278 -15.0401 
v -7.7316 0.942151 -15.0071 
v -7.82711 0.846619 -15.0071 
v -7.80723 0.819265 -15.0401 
v -7.63805 1.0522 -15.0401 
v -7.67015 1.06278 -15.0071 
v -7.7316 0.942151 -15.0071 
v -7.70424 0.922278 -15.0401 
v -7.61676 1.17975 -15.0342 
v -7.65016 1.18252 -15.0008 
v -7.67015 1.06278 -15.0071 
v -7.63805 1.0522 -15.0401 
v -7.70436 2.00707 -15.0342 
v -7.73171 1.98719 -15.0008 
v -7.67024 1.86658 -15.0008 
v -7.63815 1.87716 -15.0342 
v -7.61683 1.74962 -15.0342 
v -7.58343 1.75239 -15.0676 
v -7.60605 1.88774 -15.0676 
v -7.63815 1.87716 -15.0342 
v -7.80737 2.11006 -15.0342 
v -7.82724 2.0827 -15.0008 
v -7.73171 1.98719 -15.0008 
v -7.70436 2.00707 -15.0342 
v -7.93717 2.17618 -15.0342 
v -7.94761 2.14402 -15.0008 
v -7.82724 2.0827 -15.0008 
v -7.80737 2.11006 -15.0342 
v -8.08104 2.19895 -15.0342 
v -8.08104 2.16514 -15.0008 
v -7.94761 2.14402 -15.0008 
v -7.93717 2.17618 -15.0342 
v -8.55089 1.74951 -15.0342 
v -8.58429 1.75228 -15.0676 
v -8.58423 1.17688 -15.0676 
v -8.55083 1.17965 -15.0342 
v -7.61676 1.17975 -15.0342 
v -7.58336 1.17699 -15.0676 
v -7.58343 1.75239 -15.0676 
v -7.61683 1.74962 -15.0342 
v -8.08104 2.19895 -15.9677 
v -8.08104 2.16514 -16.0011 
v -8.22019 2.14399 -16.0011 
v -8.23065 2.17615 -15.9677 
v -8.36043 2.11 -15.9677 
v -8.38031 2.13736 -15.9343 
v -8.2411 2.20831 -15.9343 
v -8.23065 2.17615 -15.9677 
v -8.46342 2.00699 -15.9677 
v -8.49078 2.02686 -15.9343 
v -8.38031 2.13736 -15.9343 
v -8.36043 2.11 -15.9677 
v -8.5296 1.87706 -15.9677 
v -8.5617 1.88764 -15.9343 
v -8.49078 2.02686 -15.9343 
v -8.46342 2.00699 -15.9677 
v -8.55089 1.74951 -15.9677 
v -8.58429 1.75228 -15.9343 
v -8.5617 1.88764 -15.9343 
v -8.5296 1.87706 -15.9677 
v -8.55083 1.17965 -15.9677 
v -8.51743 1.18242 -16.0011 
v -8.49742 1.06269 -15.9948 
v -8.52951 1.0521 -15.9618 
v -8.4633 0.922194 -15.9618 
v -8.49066 0.902315 -15.9288 
v -8.56161 1.04152 -15.9288 
v -8.52951 1.0521 -15.9618 
v -8.36029 0.819203 -15.9618 
v -8.38016 0.791844 -15.9288 
v -8.49066 0.902315 -15.9288 
v -8.4633 0.922194 -15.9618 
v -8.23049 0.753087 -15.9618 
v -8.24094 0.720926 -15.9288 
v -8.38016 0.791844 -15.9288 
v -8.36029 0.819203 -15.9618 
v -8.08088 0.730316 -15.9618 
v -8.08088 0.696501 -15.9288 
v -8.24094 0.720926 -15.9288 
v -8.23049 0.753087 -15.9618 
v -7.93701 0.753119 -15.9618 
v -7.92656 0.72096 -15.9288 
v -8.08088 0.696501 -15.9288 
v -8.08088 0.730316 -15.9618 
v -7.80723 0.819265 -15.9618 
v -7.78735 0.79191 -15.9288 
v -7.92656 0.72096 -15.9288 
v -7.93701 0.753119 -15.9618 
v -7.70424 0.922278 -15.9618 
v -7.67688 0.902405 -15.9288 
v -7.78735 0.79191 -15.9288 
v -7.80723 0.819265 -15.9618 
v -7.63805 1.0522 -15.9618 
v -7.60596 1.04163 -15.9288 
v -7.67688 0.902405 -15.9288 
v -7.70424 0.922278 -15.9618 
v -7.61676 1.17975 -15.9677 
v -7.58336 1.17699 -15.9343 
v -7.60596 1.04163 -15.9288 
v -7.63805 1.0522 -15.9618 
v -7.61683 1.74962 -15.9677 
v -7.65022 1.74684 -16.0011 
v -7.67024 1.86658 -16.0011 
v -7.63815 1.87716 -15.9677 
v -7.70436 2.00707 -15.9677 
v -7.677 2.02695 -15.9343 
v -7.60605 1.88774 -15.9343 
v -7.63815 1.87716 -15.9677 
v -7.80737 2.11006 -15.9677 
v -7.7875 2.13742 -15.9343 
v -7.677 2.02695 -15.9343 
v -7.70436 2.00707 -15.9677 
v -7.93717 2.17618 -15.9677 
v -7.92672 2.20834 -15.9343 
v -7.7875 2.13742 -15.9343 
v -7.80737 2.11006 -15.9677 
v -8.08104 2.19895 -15.9677 
v -8.08105 2.23277 -15.9343 
v -7.92672 2.20834 -15.9343 
v -7.93717 2.17618 -15.9677 
v -8.55083 1.17965 -15.9677 
v -8.58423 1.17688 -15.9343 
v -8.58429 1.75228 -15.9343 
v -8.55089 1.74951 -15.9677 
v -7.61683 1.74962 -15.9677 
v -7.58343 1.75239 -15.9343 
v -7.58336 1.17699 -15.9343 
v -7.61676 1.17975 -15.9677 
v -8.08093 1.17693 -16.0011 
v -8.43595 0.942073 -15.9948 
v -8.49742 1.06269 -15.9948 

vn -0.212598 0.669291 0.708661 
vn -0.409449 0.566929 0.708661 
vn -0.409449 0.566929 0.708661 
vn -0.212598 0.669291 0.708661 
vn -0.212598 0.669291 0.708661 
vn 0 0.700787 0.708661 
vn 0 0.700787 0.708661 
vn -0.212598 0.669291 0.708661 
vn -0.409449 0.566929 0.708661 
vn -0.566929 0.409449 0.708661 
vn -0.566929 0.409449 0.708661 
vn -0.409449 0.566929 0.708661 
vn -0.566929 0.409449 0.708661 
vn -0.669291 0.220472 0.708661 
vn -0.669291 0.220472 0.708661 
vn -0.566929 0.409449 0.708661 
vn -0.669291 0.220472 0.708661 
vn -0.700787 0.0551181 0.708661 
vn -0.700787 0.0551181 0.708661 
vn -0.669291 0.220472 0.708661 
vn -0.661417 -0.23622 0.716535 
vn -0.566929 -0.409449 0.716535 
vn -0.566929 -0.409449 0.716535 
vn -0.661417 -0.23622 0.716535 
vn -0.661417 -0.23622 0.716535 
vn -0.700787 -0.0708661 0.708661 
vn -0.700787 -0.0708661 0.708661 
vn -0.661417 -0.23622 0.716535 
vn -0.566929 -0.409449 0.716535 
vn -0.409449 -0.566929 0.716535 
vn -0.409449 -0.566929 0.716535 
vn -0.566929 -0.409449 0.716535 
vn -0.409449 -0.566929 0.716535 
vn -0.212598 -0.661417 0.716535 
vn -0.212598 -0.661417 0.716535 
vn -0.409449 -0.566929 0.716535 
vn -0.212598 -0.661417 0.716535 
vn 0 -0.700787 0.716535 
vn 0 -0.700787 0.716535 
vn -0.212598 -0.661417 0.716535 
vn 0 -0.700787 0.716535 
vn 0.212598 -0.661417 0.716535 
vn 0.212598 -0.661417 0.716535 
vn 0 -0.700787 0.716535 
vn 0.212598 -0.661417 0.716535 
vn 0.409449 -0.566929 0.716535 
vn 0.409449 -0.566929 0.716535 
vn 0.212598 -0.661417 0.716535 
vn 0.409449 -0.566929 0.716535 
vn 0.566929 -0.409449 0.716535 
vn 0.566929 -0.409449 0.716535 
vn 0.409449 -0.566929 0.716535 
vn 0.566929 -0.409449 0.716535 
vn 0.661417 -0.23622 0.716535 
vn 0.661417 -0.23622 0.716535 
vn 0.566929 -0.409449 0.716535 
vn 0.661417 -0.23622 0.716535 
vn 0.700787 -0.0708661 0.708661 
vn 0.700787 -0.0708661 0.708661 
vn 0.661417 -0.23622 0.716535 
vn 0.669291 0.220472 0.708661 
vn 0.566929 0.409449 0.708661 
vn 0.566929 0.409449 0.708661 
vn 0.669291 0.220472 0.708661 
vn 0.669291 0.220472 0.708661 
vn 0.700787 0.0551181 0.708661 
vn 0.700787 0.0551181 0.708661 
vn 0.669291 0.220472 0.708661 
vn 0.566929 0.409449 0.708661 
vn 0.409449 0.566929 0.708661 
vn 0.409449 0.566929 0.708661 
vn 0.566929 0.409449 0.708661 
vn 0.409449 0.566929 0.708661 
vn 0.220472 0.669291 0.708661 
vn 0.220472 0.669291 0.708661 
vn 0.409449 0.566929 0.708661 
vn 0.220472 0.669291 0.708661 
vn 0 0.700787 0.708661 
vn 0 0.700787 0.708661 
vn 0.220472 0.669291 0.708661 
vn -0.212598 0.669291 -0.708661 
vn 0 0.700787 -0.708661 
vn 0 0.700787 -0.708661 
vn -0.212598 0.669291 -0.708661 
vn -0.212598 0.669291 -0.708661 
vn -0.409449 0.566929 -0.708661 
vn -0.409449 0.566929 -0.708661 
vn -0.212598 0.669291 -0.708661 
vn -0.409449 0.566929 -0.708661 
vn -0.566929 0.409449 -0.708661 
vn -0.566929 0.409449 -0.708661 
vn -0.409449 0.566929 -0.708661 
vn -0.566929 0.409449 -0.708661 
vn -0.669291 0.220472 -0.708661 
vn -0.669291 0.220472 -0.708661 
vn -0.566929 0.409449 -0.708661 
vn -0.669291 0.220472 -0.708661 
vn -0.700787 0.0551181 -0.708661 
vn -0.700787 0.0551181 -0.708661 
vn -0.669291 0.220472 -0.708661 
vn -0.661417 -0.23622 -0.716535 
vn -0.700787 -0.0708661 -0.708661 
vn -0.700787 -0.0708661 -0.708661 
vn -0.661417 -0.23622 -0.716535 
vn -0.661417 -0.23622 -0.716535 
vn -0.566929 -0.409449 -0.716535 
vn -0.566929 -0.409449 -0.716535 
vn -0.661417 -0.23622 -0.716535 
vn -0.566929 -0.409449 -0.716535 
vn -0.409449 -0.566929 -0.716535 
vn -0.409449 -0.566929 -0.716535 
vn -0.566929 -0.409449 -0.716535 
vn -0.409449 -0.566929 -0.716535 
vn -0.212598 -0.661417 -0.716535 
vn -0.212598 -0.661417 -0.716535 
vn -0.409449 -0.566929 -0.716535 
vn -0.212598 -0.661417 -0.716535 
vn 0 -0.700787 -0.716535 
vn 0 -0.700787 -0.716535 
vn -0.212598 -0.661417 -0.716535 
vn 0 -0.700787 -0.716535 
vn 0.212598 -0.661417 -0.716535 
vn 0.212598 -0.661417 -0.716535 
vn 0 -0.700787 -0.716535 
vn 0.212598 -0.661417 -0.716535 
vn 0.409449 -0.566929 -0.716535 
vn 0.409449 -0.566929 -0.716535 
vn 0.212598 -0.661417 -0.716535 
vn 0.409449 -0.566929 -0.716535 
vn 0.566929 -0.409449 -0.716535 
vn 0.566929 -0.409449 -0.716535 
vn 0.409449 -0.566929 -0.716535 
vn 0.566929 -0.409449 -0.716535 
vn 0.661417 -0.23622 -0.716535 
vn 0.661417 -0.23622 -0.716535 
vn 0.566929 -0.409449 -0.716535 
vn 0.661417 -0.23622 -0.716535 
vn 0.700787 -0.0708661 -0.708661 
vn 0.700787 -0.0708661 -0.708661 
vn 0.661417 -0.23622 -0.716535 
vn 0.669291 0.220472 -0.708661 
vn 0.700787 0.0551181 -0.708661 
vn 0.700787 0.0551181 -0.708661 
vn 0.669291 0.220472 -0.708661 
vn 0.669291 0.220472 -0.708661 
vn 0.566929 0.409449 -0.708661 
vn 0.566929 0.409449 -0.708661 
vn 0.669291 0.220472 -0.708661 
vn 0.566929 0.409449 -0.708661 
vn 0.409449 0.566929 -0.708661 
vn 0.409449 0.566929 -0.708661 
vn 0.566929 0.409449 -0.708661 
vn 0.409449 0.566929 -0.708661 
vn 0.220472 0.669291 -0.708661 
vn 0.220472 0.669291 -0.708661 
vn 0.409449 0.566929 -0.708661 
vn 0.220472 0.669291 -0.708661 
vn 0 0.700787 -0.708661 
vn 0 0.700787 -0.708661 
vn 0.220472 0.669291 -0.708661 
vn -0.700787 -0.0708661 0.708661 
vn -0.700787 0.0551181 0.708661 
vn -0.700787 0.0551181 0.708661 
vn -0.700787 -0.0708661 0.708661 
vn -0.700787 0.0551181 -0.708661 
vn -0.700787 -0.0708661 -0.708661 
vn -0.700787 -0.0708661 -0.708661 
vn -0.700787 0.0551181 -0.708661 
vn 0.700787 0.0551181 0.708661 
vn 0.700787 -0.0708661 0.708661 
vn 0.700787 -0.0708661 0.708661 
vn 0.700787 0.0551181 0.708661 
vn 0.700787 -0.0708661 -0.708661 
vn 0.700787 0.0551181 -0.708661 
vn 0.700787 0.0551181 -0.708661 
vn 0.700787 -0.0708661 -0.708661 
vn -0.307087 0.952756 0 
vn -0.307087 0.952756 0 
vn -0.590551 0.811024 0 
vn -0.590551 0.811024 0 
vn -0.590551 0.811024 0 
vn -0.590551 0.811024 0 
vn -0.811024 0.590551 0 
vn -0.811024 0.590551 0 
vn -0.811024 0.590551 0 
vn -0.811024 0.590551 0 
vn -0.952756 0.314961 0 
vn -0.952756 0.314961 0 
vn -0.952756 -0.314961 0 
vn -0.952756 -0.314961 0 
vn -0.811024 -0.590551 0 
vn -0.811024 -0.590551 0 
vn -0.811024 -0.590551 0 
vn -0.811024 -0.590551 0 
vn -0.590551 -0.811024 0 
vn -0.590551 -0.811024 0 
vn -0.590551 -0.811024 0 
vn -0.590551 -0.811024 0 
vn -0.307087 -0.952756 0 
vn -0.307087 -0.952756 0 
vn -0.307087 -0.952756 0 
vn -0.307087 -0.952756 0 
vn 0 -1 0 
vn 0 -1 0 
vn 0 -1 0 
vn 0 -1 0 
vn 0.307087 -0.952756 0 
vn 0.307087 -0.952756 0 
vn 0.307087 -0.952756 0 
vn 0.307087 -0.952756 0 
vn 0.590551 -0.811024 0 
vn 0.590551 -0.811024 0 
vn 0.590551 -0.811024 0 
vn 0.590551 -0.811024 0 
vn 0.811024 -0.590551 0 
vn 0.811024 -0.590551 0 
vn 0.811024 -0.590551 0 
vn 0.811024 -0.590551 0 
vn 0.952756 -0.314961 0 
vn 0.952756 -0.314961 0 
vn 0.952756 0.314961 0 
vn 0.952756 0.314961 0 
vn 0.811024 0.590551 0 
vn 0.811024 0.590551 0 
vn 0.811024 0.590551 0 
vn 0.811024 0.590551 0 
vn 0.590551 0.811024 0 
vn 0.590551 0.811024 0 
vn 0.590551 0.811024 0 
vn 0.590551 0.811024 0 
vn 0.307087 0.952756 0 
vn 0.307087 0.952756 0 
vn 0.307087 0.952756 0 
vn 0.307087 0.952756 0 
vn 0 1 0 
vn 0 1 0 
vn 0 1 0 
vn 0 1 0 
vn -0.307087 0.952756 0 
vn -0.307087 0.952756 0 
vn 0 -0.023622 1 
vn 0 -0.00787402 1 
vn 0 0 1 
vn 0 0 1 
vn -1 0.0787402 0 
vn -1 0.0787402 0 
vn -1 -0.0787402 0 
vn -1 -0.0787402 0 
vn 0 0 -1 
vn 0 0 -1 
vn 0 -0.00787402 -1 
vn 0 -0.023622 -1 
vn 0 0 1 
vn 0 0 1 
vn 0 -0.00787402 1 
vn 0 -0.023622 1 
vn 1 -0.0787402 0 
vn 1 -0.0787402 0 
vn 1 0.0866142 0 
vn 1 0.0866142 0 
vn 0 -0.023622 -1 
vn 0 -0.00787402 -1 
vn 0 0 -1 
vn 0 0 -1 
vn -0.952756 0.314961 0 
vn -0.952756 0.314961 0 
vn -1 0.0787402 0 
vn -1 0.0787402 0 
vn -1 -0.0787402 0 
vn -1 -0.0787402 0 
vn -0.952756 -0.314961 0 
vn -0.952756 -0.314961 0 
vn 0.952756 -0.314961 0 
vn 0.952756 -0.314961 0 
vn 1 -0.0787402 0 
vn 1 -0.0787402 0 
vn 1 0.0866142 0 
vn 1 0.0866142 0 
vn 0.952756 0.314961 0 
vn 0.952756 0.314961 0 
vn 0 0 1 
vn 0 0 1 
vn 0 0 1 
vn 0 0 1 
vn 0 0 1 
vn 0 0 1 
vn 0 0 1 
vn 0 0 1 
vn 0 0 1 
vn 0 0 1 
vn 0 0 1 
vn 0 0 1 
vn -0.00787402 -0.0314961 1 
vn 0 -0.00787402 1 
vn 0 -0.023622 1 
vn -0.015748 -0.00787402 1 
vn 0 -0.00787402 1 
vn -0.00787402 -0.0314961 1 
vn -0.00787402 -0.015748 1 
vn 0 -0.00787402 1 
vn -0.015748 -0.00787402 1 
vn -0.00787402 -0.015748 1 
vn 0 -0.00787402 1 
vn -0.00787402 -0.015748 1 
vn 0 -0.015748 1 
vn 0 -0.00787402 1 
vn -0.00787402 -0.015748 1 
vn 0.00787402 -0.015748 1 
vn 0 -0.00787402 1 
vn 0 -0.015748 1 
vn 0.00787402 -0.015748 1 
vn 0 -0.00787402 1 
vn 0.00787402 -0.015748 1 
vn 0.015748 -0.00787402 1 
vn 0 -0.00787402 1 
vn 0.00787402 -0.015748 1 
vn 0.00787402 -0.0314961 1 
vn 0 -0.00787402 1 
vn 0.015748 -0.00787402 1 
vn 0 -0.023622 1 
vn 0 -0.00787402 1 
vn 0.00787402 -0.0314961 1 
vn 0 0 1 
vn 0 0 1 
vn 0 0 1 
vn 0 0 1 
vn 0 0 1 
vn 0 0 1 
vn 0 0 1 
vn 0 0 1 
vn 0 0 1 
vn 0 0 1 
vn 0 0 1 
vn 0 0 1 
vn 0 0 1 
vn 0 0 1 
vn 0 0 1 
vn 0 0 1 
vn 0 0 1 
vn 0 0 1 
vn 0 0 -1 
vn 0 0 -1 
vn 0 0 -1 
vn 0 0 -1 
vn 0 0 -1 
vn 0 0 -1 
vn 0 0 -1 
vn 0 0 -1 
vn 0 0 -1 
vn 0 0 -1 
vn 0 0 -1 
vn 0 0 -1 
vn 0 -0.023622 -1 
vn 0 -0.00787402 -1 
vn -0.00787402 -0.0314961 -1 
vn -0.015748 -0.00787402 -1 
vn 0 -0.00787402 -1 
vn -0.00787402 -0.015748 -1 
vn -0.00787402 -0.015748 -1 
vn 0 -0.00787402 -1 
vn -0.00787402 -0.015748 -1 
vn -0.00787402 -0.015748 -1 
vn 0 -0.00787402 -1 
vn 0 -0.015748 -1 
vn 0 -0.015748 -1 
vn 0 -0.00787402 -1 
vn 0.00787402 -0.015748 -1 
vn 0.00787402 -0.015748 -1 
vn 0 -0.00787402 -1 
vn 0.00787402 -0.015748 -1 
vn 0.00787402 -0.015748 -1 
vn 0 -0.00787402 -1 
vn 0.015748 -0.00787402 -1 
vn 0.015748 -0.00787402 -1 
vn 0 -0.00787402 -1 
vn 0.00787402 -0.0314961 -1 
vn 0.00787402 -0.0314961 -1 
vn 0 -0.00787402 -1 
vn 0 -0.023622 -1 
vn 0 0 -1 
vn 0 0 -1 
vn 0 0 -1 
vn 0 0 -1 
vn 0 0 -1 
vn 0 0 -1 
vn 0 0 -1 
vn 0 0 -1 
vn 0 0 -1 
vn 0 0 -1 
vn 0 0 -1 
vn 0 0 -1 
vn 0 0 -1 
vn 0 0 -1 
vn 0 0 -1 
vn 0 0 -1 
vn 0 0 -1 
vn 0 0 -1 
vn -0.409449 0.566929 0.708661 
vn -0.409449 0.566929 0.708661 
vn -0.212598 0.669291 0.708661 
vn -0.212598 0.669291 0.708661 
vn 0 0.700787 0.708661 
vn 0 0.700787 0.708661 
vn -0.212598 0.669291 0.708661 
vn -0.212598 0.669291 0.708661 
vn -0.566929 0.409449 0.708661 
vn -0.566929 0.409449 0.708661 
vn -0.409449 0.566929 0.708661 
vn -0.409449 0.566929 0.708661 
vn -0.669291 0.220472 0.708661 
vn -0.669291 0.220472 0.708661 
vn -0.566929 0.409449 0.708661 
vn -0.566929 0.409449 0.708661 
vn -0.700787 0.0551181 0.708661 
vn -0.700787 0.0551181 0.708661 
vn -0.669291 0.220472 0.708661 
vn -0.669291 0.220472 0.708661 
vn -0.566929 -0.409449 0.716535 
vn -0.566929 -0.409449 0.716535 
vn -0.661417 -0.23622 0.716535 
vn -0.661417 -0.23622 0.716535 
vn -0.700787 -0.0708661 0.708661 
vn -0.700787 -0.0708661 0.708661 
vn -0.661417 -0.23622 0.716535 
vn -0.661417 -0.23622 0.716535 
vn -0.409449 -0.566929 0.716535 
vn -0.409449 -0.566929 0.716535 
vn -0.566929 -0.409449 0.716535 
vn -0.566929 -0.409449 0.716535 
vn -0.212598 -0.661417 0.716535 
vn -0.212598 -0.661417 0.716535 
vn -0.409449 -0.566929 0.716535 
vn -0.409449 -0.566929 0.716535 
vn 0 -0.700787 0.716535 
vn 0 -0.700787 0.716535 
vn -0.212598 -0.661417 0.716535 
vn -0.212598 -0.661417 0.716535 
vn 0.212598 -0.661417 0.716535 
vn 0.212598 -0.661417 0.716535 
vn 0 -0.700787 0.716535 
vn 0 -0.700787 0.716535 
vn 0.409449 -0.566929 0.716535 
vn 0.409449 -0.566929 0.716535 
vn 0.212598 -0.661417 0.716535 
vn 0.212598 -0.661417 0.716535 
vn 0.566929 -0.409449 0.716535 
vn 0.566929 -0.409449 0.716535 
vn 0.409449 -0.566929 0.716535 
vn 0.409449 -0.566929 0.716535 
vn 0.661417 -0.23622 0.716535 
vn 0.661417 -0.23622 0.716535 
vn 0.566929 -0.409449 0.716535 
vn 0.566929 -0.409449 0.716535 
vn 0.700787 -0.0708661 0.708661 
vn 0.700787 -0.0708661 0.708661 
vn 0.661417 -0.23622 0.716535 
vn 0.661417 -0.23622 0.716535 
vn 0.566929 0.409449 0.708661 
vn 0.566929 0.409449 0.708661 
vn 0.669291 0.220472 0.708661 
vn 0.669291 0.220472 0.708661 
vn 0.700787 0.0551181 0.708661 
vn 0.700787 0.0551181 0.708661 
vn 0.669291 0.220472 0.708661 
vn 0.669291 0.220472 0.708661 
vn 0.409449 0.566929 0.708661 
vn 0.409449 0.566929 0.708661 
vn 0.566929 0.409449 0.708661 
vn 0.566929 0.409449 0.708661 
vn 0.220472 0.669291 0.708661 
vn 0.220472 0.669291 0.708661 
vn 0.409449 0.566929 0.708661 
vn 0.409449 0.566929 0.708661 
vn 0 0.700787 0.708661 
vn 0 0.700787 0.708661 
vn 0.220472 0.669291 0.708661 
vn 0.220472 0.669291 0.708661 
vn -0.700787 0.0551181 0.708661 
vn -0.700787 0.0551181 0.708661 
vn -0.700787 -0.0708661 0.708661 
vn -0.700787 -0.0708661 0.708661 
vn 0.700787 -0.0708661 0.708661 
vn 0.700787 -0.0708661 0.708661 
vn 0.700787 0.0551181 0.708661 
vn 0.700787 0.0551181 0.708661 
vn 0 0.700787 -0.708661 
vn 0 0.700787 -0.708661 
vn -0.212598 0.669291 -0.708661 
vn -0.212598 0.669291 -0.708661 
vn -0.409449 0.566929 -0.708661 
vn -0.409449 0.566929 -0.708661 
vn -0.212598 0.669291 -0.708661 
vn -0.212598 0.669291 -0.708661 
vn -0.566929 0.409449 -0.708661 
vn -0.566929 0.409449 -0.708661 
vn -0.409449 0.566929 -0.708661 
vn -0.409449 0.566929 -0.708661 
vn -0.669291 0.220472 -0.708661 
vn -0.669291 0.220472 -0.708661 
vn -0.566929 0.409449 -0.708661 
vn -0.566929 0.409449 -0.708661 
vn -0.700787 0.0551181 -0.708661 
vn -0.700787 0.0551181 -0.708661 
vn -0.669291 0.220472 -0.708661 
vn -0.669291 0.220472 -0.708661 
vn -0.700787 -0.0708661 -0.708661 
vn -0.700787 -0.0708661 -0.708661 
vn -0.661417 -0.23622 -0.716535 
vn -0.661417 -0.23622 -0.716535 
vn -0.566929 -0.409449 -0.716535 
vn -0.566929 -0.409449 -0.716535 
vn -0.661417 -0.23622 -0.716535 
vn -0.661417 -0.23622 -0.716535 
vn -0.409449 -0.566929 -0.716535 
vn -0.409449 -0.566929 -0.716535 
vn -0.566929 -0.409449 -0.716535 
vn -0.566929 -0.409449 -0.716535 
vn -0.212598 -0.661417 -0.716535 
vn -0.212598 -0.661417 -0.716535 
vn -0.409449 -0.566929 -0.716535 
vn -0.409449 -0.566929 -0.716535 
vn 0 -0.700787 -0.716535 
vn 0 -0.700787 -0.716535 
vn -0.212598 -0.661417 -0.716535 
vn -0.212598 -0.661417 -0.716535 
vn 0.212598 -0.661417 -0.716535 
vn 0.212598 -0.661417 -0.716535 
vn 0 -0.700787 -0.716535 
vn 0 -0.700787 -0.716535 
vn 0.409449 -0.566929 -0.716535 
vn 0.409449 -0.566929 -0.716535 
vn 0.212598 -0.661417 -0.716535 
vn 0.212598 -0.661417 -0.716535 
vn 0.566929 -0.409449 -0.716535 
vn 0.566929 -0.409449 -0.716535 
vn 0.409449 -0.566929 -0.716535 
vn 0.409449 -0.566929 -0.716535 
vn 0.661417 -0.23622 -0.716535 
vn 0.661417 -0.23622 -0.716535 
vn 0.566929 -0.409449 -0.716535 
vn 0.566929 -0.409449 -0.716535 
vn 0.700787 -0.0708661 -0.708661 
vn 0.700787 -0.0708661 -0.708661 
vn 0.661417 -0.23622 -0.716535 
vn 0.661417 -0.23622 -0.716535 
vn 0.700787 0.0551181 -0.708661 
vn 0.700787 0.0551181 -0.708661 
vn 0.669291 0.220472 -0.708661 
vn 0.669291 0.220472 -0.708661 
vn 0.566929 0.409449 -0.708661 
vn 0.566929 0.409449 -0.708661 
vn 0.669291 0.220472 -0.708661 
vn 0.669291 0.220472 -0.708661 
vn 0.409449 0.566929 -0.708661 
vn 0.409449 0.566929 -0.708661 
vn 0.566929 0.409449 -0.708661 
vn 0.566929 0.409449 -0.708661 
vn 0.220472 0.669291 -0.708661 
vn 0.220472 0.669291 -0.708661 
vn 0.409449 0.566929 -0.708661 
vn 0.409449 0.566929 -0.708661 
vn 0 0.700787 -0.708661 
vn 0 0.700787 -0.708661 
vn 0.220472 0.669291 -0.708661 
vn 0.220472 0.669291 -0.708661 
vn -0.700787 -0.0708661 -0.708661 
vn -0.700787 -0.0708661 -0.708661 
vn -0.700787 0.0551181 -0.708661 
vn -0.700787 0.0551181 -0.708661 
vn 0.700787 0.0551181 -0.708661 
vn 0.700787 0.0551181 -0.708661 
vn 0.700787 -0.0708661 -0.708661 
vn 0.700787 -0.0708661 -0.708661 
vn -0.015748 -0.00787402 -1 
vn -0.015748 -0.00787402 -1 
vn -0.015748 -0.00787402 -1 

vt 0.734374 0.656688 
vt 0.734374 0.652256 
vt 0.736231 0.650554 
vt 0.736231 0.654685 
vt 0.488705 0.652683 
vt 0.488705 0.654003 
vt 0.486931 0.656109 
vt 0.486931 0.654685 
vt 0.734374 0.652256 
vt 0.734374 0.645354 
vt 0.736231 0.644118 
vt 0.736231 0.650554 
vt 0.734374 0.645354 
vt 0.734374 0.636572 
vt 0.736231 0.635959 
vt 0.736231 0.644118 
vt 0.734374 0.636572 
vt 0.734374 0.62996 
vt 0.736231 0.62996 
vt 0.736231 0.635959 
vt 0.73437 0.60516 
vt 0.73437 0.612993 
vt 0.736233 0.612993 
vt 0.736233 0.60516 
vt 0.488693 0.604761 
vt 0.488693 0.59613 
vt 0.48693 0.59613 
vt 0.48693 0.604761 
vt 0.73437 0.612993 
vt 0.73437 0.622574 
vt 0.736233 0.622573 
vt 0.736233 0.612993 
vt 0.73437 0.622574 
vt 0.73437 0.633198 
vt 0.736233 0.633198 
vt 0.736233 0.622573 
vt 0.73437 0.633198 
vt 0.73437 0.642542 
vt 0.736233 0.642531 
vt 0.736233 0.633198 
vt 0.551394 0.631504 
vt 0.551394 0.62862 
vt 0.549518 0.62862 
vt 0.549509 0.631507 
vt 0.551394 0.62862 
vt 0.551394 0.620909 
vt 0.549513 0.620909 
vt 0.549518 0.62862 
vt 0.551394 0.620909 
vt 0.551394 0.611327 
vt 0.549513 0.611327 
vt 0.549513 0.620909 
vt 0.551394 0.611327 
vt 0.551394 0.603492 
vt 0.549513 0.603492 
vt 0.549513 0.611327 
vt 0.551394 0.603492 
vt 0.551388 0.596125 
vt 0.549514 0.596125 
vt 0.549513 0.603492 
vt 0.551388 0.636841 
vt 0.551388 0.645456 
vt 0.549514 0.644204 
vt 0.549514 0.636129 
vt 0.54764 0.635416 
vt 0.54764 0.62996 
vt 0.549514 0.62996 
vt 0.549514 0.636129 
vt 0.551388 0.645456 
vt 0.551388 0.652359 
vt 0.549514 0.65064 
vt 0.549514 0.644204 
vt 0.551388 0.652359 
vt 0.551388 0.656791 
vt 0.549514 0.654771 
vt 0.549514 0.65064 
vt 0.551388 0.656791 
vt 0.551388 0.658318 
vt 0.549514 0.656195 
vt 0.549514 0.654771 
vt 0.67593 0.656521 
vt 0.67593 0.658048 
vt 0.67403 0.655929 
vt 0.67403 0.654505 
vt 0.672131 0.652489 
vt 0.672131 0.648658 
vt 0.67403 0.650373 
vt 0.67403 0.654505 
vt 0.672131 0.648658 
vt 0.672131 0.642689 
vt 0.67403 0.643938 
vt 0.67403 0.650373 
vt 0.672131 0.642689 
vt 0.672131 0.635153 
vt 0.67403 0.635862 
vt 0.67403 0.643938 
vt 0.672131 0.635153 
vt 0.672131 0.62996 
vt 0.67403 0.62996 
vt 0.67403 0.635862 
vt 0.675927 0.60516 
vt 0.675927 0.596127 
vt 0.67403 0.596123 
vt 0.67403 0.60516 
vt 0.672133 0.60516 
vt 0.672133 0.612993 
vt 0.67403 0.612993 
vt 0.67403 0.60516 
vt 0.672133 0.612993 
vt 0.672133 0.622573 
vt 0.67403 0.622573 
vt 0.67403 0.612993 
vt 0.672133 0.622573 
vt 0.672133 0.633198 
vt 0.67403 0.633198 
vt 0.67403 0.622573 
vt 0.672133 0.633198 
vt 0.672133 0.642835 
vt 0.67403 0.642825 
vt 0.67403 0.633198 
vt 0.613493 0.631416 
vt 0.613493 0.62862 
vt 0.611466 0.62862 
vt 0.611466 0.631419 
vt 0.613493 0.62862 
vt 0.613493 0.620909 
vt 0.611466 0.620909 
vt 0.611466 0.62862 
vt 0.613493 0.620909 
vt 0.613493 0.611327 
vt 0.611466 0.611327 
vt 0.611466 0.620909 
vt 0.613493 0.611327 
vt 0.613496 0.603492 
vt 0.611483 0.603492 
vt 0.611466 0.611327 
vt 0.613496 0.603492 
vt 0.613496 0.596125 
vt 0.611482 0.596125 
vt 0.611483 0.603492 
vt 0.609467 0.636933 
vt 0.609467 0.62996 
vt 0.611482 0.62996 
vt 0.611482 0.636324 
vt 0.613496 0.635715 
vt 0.613496 0.643251 
vt 0.611482 0.644483 
vt 0.611482 0.636324 
vt 0.613496 0.643251 
vt 0.613496 0.649219 
vt 0.611482 0.650918 
vt 0.611482 0.644483 
vt 0.613496 0.649219 
vt 0.613496 0.653051 
vt 0.611482 0.65505 
vt 0.611482 0.650918 
vt 0.613496 0.653051 
vt 0.613496 0.654371 
vt 0.611482 0.656474 
vt 0.611482 0.65505 
vt 0.488705 0.596125 
vt 0.488705 0.62996 
vt 0.486931 0.62996 
vt 0.486931 0.596125 
vt 0.672131 0.62996 
vt 0.672131 0.596125 
vt 0.67403 0.596125 
vt 0.67403 0.62996 
vt 0.54764 0.62996 
vt 0.547707 0.596117 
vt 0.549514 0.596125 
vt 0.549514 0.62996 
vt 0.613496 0.596125 
vt 0.613496 0.62996 
vt 0.611482 0.62996 
vt 0.611482 0.596125 
vt 0.734374 0.656688 
vt 0.67593 0.656521 
vt 0.67593 0.652089 
vt 0.734374 0.652256 
vt 0.734374 0.652256 
vt 0.67593 0.652089 
vt 0.67593 0.645186 
vt 0.734374 0.645354 
vt 0.734374 0.645354 
vt 0.67593 0.645186 
vt 0.67593 0.636572 
vt 0.734374 0.636572 
vt 0.73437 0.60516 
vt 0.675927 0.60516 
vt 0.675927 0.612994 
vt 0.73437 0.612993 
vt 0.73437 0.612993 
vt 0.675927 0.612994 
vt 0.675927 0.622574 
vt 0.73437 0.622574 
vt 0.73437 0.622574 
vt 0.675927 0.622574 
vt 0.675927 0.633198 
vt 0.73437 0.633198 
vt 0.73437 0.633198 
vt 0.675927 0.633198 
vt 0.675927 0.642815 
vt 0.73437 0.642542 
vt 0.551394 0.631504 
vt 0.609379 0.631423 
vt 0.609379 0.62862 
vt 0.551394 0.62862 
vt 0.551394 0.62862 
vt 0.609379 0.62862 
vt 0.609379 0.620909 
vt 0.551394 0.620909 
vt 0.551394 0.620909 
vt 0.609379 0.620909 
vt 0.609379 0.611327 
vt 0.551394 0.611327 
vt 0.551394 0.611327 
vt 0.609379 0.611327 
vt 0.609468 0.60352 
vt 0.551394 0.603492 
vt 0.551388 0.636841 
vt 0.609467 0.636933 
vt 0.609467 0.645715 
vt 0.551388 0.645456 
vt 0.551388 0.645456 
vt 0.609467 0.645715 
vt 0.609467 0.652618 
vt 0.551388 0.652359 
vt 0.551388 0.652359 
vt 0.609467 0.652618 
vt 0.609467 0.657049 
vt 0.551388 0.656791 
vt 0.551388 0.656791 
vt 0.609467 0.657049 
vt 0.609467 0.658576 
vt 0.551388 0.658318 
vt 0.734374 0.658215 
vt 0.67593 0.658048 
vt 0.67593 0.656521 
vt 0.734374 0.656688 
vt 0.488655 0.596107 
vt 0.518014 0.596107 
vt 0.518014 0.629942 
vt 0.488655 0.629942 
vt 0.734374 0.62996 
vt 0.67593 0.62996 
vt 0.67593 0.596125 
vt 0.734374 0.596125 
vt 0.672106 0.62996 
vt 0.642388 0.62996 
vt 0.642388 0.596125 
vt 0.672106 0.596125 
vt 0.547636 0.629942 
vt 0.518014 0.629942 
vt 0.518014 0.596107 
vt 0.547636 0.596107 
vt 0.551388 0.596125 
vt 0.609467 0.596125 
vt 0.609467 0.62996 
vt 0.551388 0.62996 
vt 0.613536 0.596125 
vt 0.642388 0.596125 
vt 0.642388 0.62996 
vt 0.613536 0.62996 
vt 0.734374 0.636572 
vt 0.67593 0.636572 
vt 0.67593 0.62996 
vt 0.734374 0.62996 
vt 0.73437 0.596125 
vt 0.675927 0.596127 
vt 0.675927 0.60516 
vt 0.73437 0.60516 
vt 0.551394 0.603492 
vt 0.609468 0.60352 
vt 0.609467 0.596125 
vt 0.551388 0.596125 
vt 0.551388 0.62996 
vt 0.609467 0.62996 
vt 0.609467 0.636933 
vt 0.551388 0.636841 
vt 0.500383 0.651237 
vt 0.518014 0.629942 
vt 0.508562 0.655409 
vt 0.493893 0.64474 
vt 0.518014 0.629942 
vt 0.500383 0.651237 
vt 0.489717 0.636599 
vt 0.518014 0.629942 
vt 0.493893 0.64474 
vt 0.488655 0.629942 
vt 0.518014 0.629942 
vt 0.489717 0.636599 
vt 0.490344 0.60509 
vt 0.518014 0.596107 
vt 0.488655 0.596107 
vt 0.494326 0.613389 
vt 0.518014 0.596107 
vt 0.490344 0.60509 
vt 0.500516 0.619961 
vt 0.518014 0.596107 
vt 0.494326 0.613389 
vt 0.508316 0.62418 
vt 0.518014 0.596107 
vt 0.500516 0.619961 
vt 0.518021 0.625373 
vt 0.518014 0.596107 
vt 0.508316 0.62418 
vt 0.527171 0.623943 
vt 0.518014 0.596107 
vt 0.518021 0.625373 
vt 0.535425 0.619794 
vt 0.518014 0.596107 
vt 0.527171 0.623943 
vt 0.541977 0.613333 
vt 0.518014 0.596107 
vt 0.535425 0.619794 
vt 0.546191 0.605173 
vt 0.518014 0.596107 
vt 0.541977 0.613333 
vt 0.547636 0.596107 
vt 0.518014 0.596107 
vt 0.546191 0.605173 
vt 0.545927 0.636599 
vt 0.518014 0.629942 
vt 0.547636 0.629942 
vt 0.541751 0.64474 
vt 0.518014 0.629942 
vt 0.545927 0.636599 
vt 0.53526 0.651237 
vt 0.518014 0.629942 
vt 0.541751 0.64474 
vt 0.527083 0.655409 
vt 0.518014 0.629942 
vt 0.53526 0.651237 
vt 0.518017 0.656846 
vt 0.518014 0.629942 
vt 0.527083 0.655409 
vt 0.508562 0.655409 
vt 0.518014 0.629942 
vt 0.518017 0.656846 
vt 0.651926 0.655409 
vt 0.642388 0.62996 
vt 0.660176 0.651203 
vt 0.660176 0.651203 
vt 0.642388 0.62996 
vt 0.666723 0.64474 
vt 0.666723 0.64474 
vt 0.642388 0.62996 
vt 0.670936 0.636473 
vt 0.670936 0.636473 
vt 0.642388 0.62996 
vt 0.672106 0.62996 
vt 0.672131 0.596125 
vt 0.642388 0.596125 
vt 0.67068 0.604761 
vt 0.666616 0.612607 
vt 0.642388 0.596125 
vt 0.660298 0.61882 
vt 0.660298 0.61882 
vt 0.642388 0.596125 
vt 0.652338 0.622809 
vt 0.652338 0.622809 
vt 0.642388 0.596125 
vt 0.642379 0.624147 
vt 0.642379 0.624147 
vt 0.642388 0.596125 
vt 0.63337 0.622812 
vt 0.63337 0.622812 
vt 0.642388 0.596125 
vt 0.625242 0.618937 
vt 0.625242 0.618937 
vt 0.642388 0.596125 
vt 0.618791 0.612901 
vt 0.618791 0.612901 
vt 0.642388 0.596125 
vt 0.614641 0.60528 
vt 0.614641 0.60528 
vt 0.642388 0.596125 
vt 0.613536 0.596125 
vt 0.613536 0.62996 
vt 0.642388 0.62996 
vt 0.614958 0.636473 
vt 0.614958 0.636473 
vt 0.642388 0.62996 
vt 0.618446 0.64474 
vt 0.618446 0.64474 
vt 0.642388 0.62996 
vt 0.624993 0.651237 
vt 0.624993 0.651237 
vt 0.642388 0.62996 
vt 0.633243 0.655409 
vt 0.633243 0.655409 
vt 0.642388 0.62996 
vt 0.642388 0.656846 
vt 0.642388 0.656846 
vt 0.642388 0.62996 
vt 0.651926 0.655409 
vt 0.486931 0.650554 
vt 0.488705 0.648851 
vt 0.488705 0.652683 
vt 0.486931 0.654685 
vt 0.736231 0.656109 
vt 0.734374 0.658215 
vt 0.734374 0.656688 
vt 0.736231 0.654685 
vt 0.486931 0.644118 
vt 0.488705 0.642883 
vt 0.488705 0.648851 
vt 0.486931 0.650554 
vt 0.486931 0.635959 
vt 0.488705 0.635347 
vt 0.488705 0.642883 
vt 0.486931 0.644118 
vt 0.486931 0.62996 
vt 0.488705 0.62996 
vt 0.488705 0.635347 
vt 0.486931 0.635959 
vt 0.48693 0.612594 
vt 0.488693 0.612594 
vt 0.488693 0.604761 
vt 0.48693 0.604761 
vt 0.736231 0.596125 
vt 0.73437 0.596125 
vt 0.73437 0.60516 
vt 0.736233 0.60516 
vt 0.48693 0.622174 
vt 0.488693 0.622174 
vt 0.488693 0.612594 
vt 0.48693 0.612594 
vt 0.48693 0.632799 
vt 0.488693 0.632798 
vt 0.488693 0.622174 
vt 0.48693 0.622174 
vt 0.48693 0.642132 
vt 0.488693 0.642121 
vt 0.488693 0.632798 
vt 0.48693 0.632799 
vt 0.549518 0.62862 
vt 0.547707 0.62862 
vt 0.547639 0.63151 
vt 0.549509 0.631507 
vt 0.549513 0.620909 
vt 0.547707 0.620909 
vt 0.547707 0.62862 
vt 0.549518 0.62862 
vt 0.549513 0.611327 
vt 0.547707 0.611327 
vt 0.547707 0.620909 
vt 0.549513 0.620909 
vt 0.549513 0.603492 
vt 0.547707 0.603492 
vt 0.547707 0.611327 
vt 0.549513 0.611327 
vt 0.549514 0.596125 
vt 0.547707 0.596117 
vt 0.547707 0.603492 
vt 0.549513 0.603492 
vt 0.549514 0.644204 
vt 0.54764 0.642952 
vt 0.54764 0.635416 
vt 0.549514 0.636129 
vt 0.549514 0.62996 
vt 0.551388 0.62996 
vt 0.551388 0.636841 
vt 0.549514 0.636129 
vt 0.549514 0.65064 
vt 0.54764 0.64892 
vt 0.54764 0.642952 
vt 0.549514 0.644204 
vt 0.549514 0.654771 
vt 0.54764 0.652752 
vt 0.54764 0.64892 
vt 0.549514 0.65064 
vt 0.549514 0.656195 
vt 0.54764 0.654073 
vt 0.54764 0.652752 
vt 0.549514 0.654771 
vt 0.736231 0.62996 
vt 0.734374 0.62996 
vt 0.734374 0.596125 
vt 0.736231 0.596125 
vt 0.549514 0.596125 
vt 0.551388 0.596125 
vt 0.551388 0.62996 
vt 0.549514 0.62996 
vt 0.67403 0.655929 
vt 0.672131 0.65381 
vt 0.672131 0.652489 
vt 0.67403 0.654505 
vt 0.67403 0.650373 
vt 0.67593 0.652089 
vt 0.67593 0.656521 
vt 0.67403 0.654505 
vt 0.67403 0.643938 
vt 0.67593 0.645186 
vt 0.67593 0.652089 
vt 0.67403 0.650373 
vt 0.67403 0.635862 
vt 0.67593 0.636572 
vt 0.67593 0.645186 
vt 0.67403 0.643938 
vt 0.67403 0.62996 
vt 0.67593 0.62996 
vt 0.67593 0.636572 
vt 0.67403 0.635862 
vt 0.67403 0.596123 
vt 0.672133 0.596123 
vt 0.672133 0.60516 
vt 0.67403 0.60516 
vt 0.67403 0.612993 
vt 0.675927 0.612994 
vt 0.675927 0.60516 
vt 0.67403 0.60516 
vt 0.67403 0.622573 
vt 0.675927 0.622574 
vt 0.675927 0.612994 
vt 0.67403 0.612993 
vt 0.67403 0.633198 
vt 0.675927 0.633198 
vt 0.675927 0.622574 
vt 0.67403 0.622573 
vt 0.67403 0.642825 
vt 0.675927 0.642815 
vt 0.675927 0.633198 
vt 0.67403 0.633198 
vt 0.611466 0.62862 
vt 0.609379 0.62862 
vt 0.609379 0.631423 
vt 0.611466 0.631419 
vt 0.611466 0.620909 
vt 0.609379 0.620909 
vt 0.609379 0.62862 
vt 0.611466 0.62862 
vt 0.611466 0.611327 
vt 0.609379 0.611327 
vt 0.609379 0.620909 
vt 0.611466 0.620909 
vt 0.611483 0.603492 
vt 0.609468 0.60352 
vt 0.609379 0.611327 
vt 0.611466 0.611327 
vt 0.611482 0.596125 
vt 0.609467 0.596125 
vt 0.609468 0.60352 
vt 0.611483 0.603492 
vt 0.611482 0.62996 
vt 0.613496 0.62996 
vt 0.613496 0.635715 
vt 0.611482 0.636324 
vt 0.611482 0.644483 
vt 0.609467 0.645715 
vt 0.609467 0.636933 
vt 0.611482 0.636324 
vt 0.611482 0.650918 
vt 0.609467 0.652618 
vt 0.609467 0.645715 
vt 0.611482 0.644483 
vt 0.611482 0.65505 
vt 0.609467 0.657049 
vt 0.609467 0.652618 
vt 0.611482 0.650918 
vt 0.611482 0.656474 
vt 0.609467 0.658576 
vt 0.609467 0.657049 
vt 0.611482 0.65505 
vt 0.67403 0.596125 
vt 0.67593 0.596125 
vt 0.67593 0.62996 
vt 0.67403 0.62996 
vt 0.611482 0.62996 
vt 0.609467 0.62996 
vt 0.609467 0.596125 
vt 0.611482 0.596125 
vt 0.642388 0.596125 
vt 0.666616 0.612607 
vt 0.67068 0.604761 

usemtl KillerRobot1Mtl

f 1877/1877/1877 1878/1878/1878 1879/1879/1879 
f 1877/1877/1877 1879/1879/1879 1880/1880/1880 
f 1881/1881/1881 1882/1882/1882 1883/1883/1883 
f 1881/1881/1881 1883/1883/1883 1884/1884/1884 
f 1885/1885/1885 1886/1886/1886 1887/1887/1887 
f 1885/1885/1885 1887/1887/1887 1888/1888/1888 
f 1889/1889/1889 1890/1890/1890 1891/1891/1891 
f 1889/1889/1889 1891/1891/1891 1892/1892/1892 
f 1893/1893/1893 1894/1894/1894 1895/1895/1895 
f 1893/1893/1893 1895/1895/1895 1896/1896/1896 
f 1897/1897/1897 1898/1898/1898 1899/1899/1899 
f 1897/1897/1897 1899/1899/1899 1900/1900/1900 
f 1901/1901/1901 1902/1902/1902 1903/1903/1903 
f 1901/1901/1901 1903/1903/1903 1904/1904/1904 
f 1905/1905/1905 1906/1906/1906 1907/1907/1907 
f 1905/1905/1905 1907/1907/1907 1908/1908/1908 
f 1909/1909/1909 1910/1910/1910 1911/1911/1911 
f 1909/1909/1909 1911/1911/1911 1912/1912/1912 
f 1913/1913/1913 1914/1914/1914 1915/1915/1915 
f 1913/1913/1913 1915/1915/1915 1916/1916/1916 
f 1917/1917/1917 1918/1918/1918 1919/1919/1919 
f 1917/1917/1917 1919/1919/1919 1920/1920/1920 
f 1921/1921/1921 1922/1922/1922 1923/1923/1923 
f 1921/1921/1921 1923/1923/1923 1924/1924/1924 
f 1925/1925/1925 1926/1926/1926 1927/1927/1927 
f 1925/1925/1925 1927/1927/1927 1928/1928/1928 
f 1929/1929/1929 1930/1930/1930 1931/1931/1931 
f 1929/1929/1929 1931/1931/1931 1932/1932/1932 
f 1933/1933/1933 1934/1934/1934 1935/1935/1935 
f 1933/1933/1933 1935/1935/1935 1936/1936/1936 
f 1937/1937/1937 1938/1938/1938 1939/1939/1939 
f 1937/1937/1937 1939/1939/1939 1940/1940/1940 
f 1941/1941/1941 1942/1942/1942 1943/1943/1943 
f 1941/1941/1941 1943/1943/1943 1944/1944/1944 
f 1945/1945/1945 1946/1946/1946 1947/1947/1947 
f 1945/1945/1945 1947/1947/1947 1948/1948/1948 
f 1949/1949/1949 1950/1950/1950 1951/1951/1951 
f 1949/1949/1949 1951/1951/1951 1952/1952/1952 
f 1953/1953/1953 1954/1954/1954 1955/1955/1955 
f 1953/1953/1953 1955/1955/1955 1956/1956/1956 
f 1957/1957/1957 1958/1958/1958 1959/1959/1959 
f 1957/1957/1957 1959/1959/1959 1960/1960/1960 
f 1961/1961/1961 1962/1962/1962 1963/1963/1963 
f 1961/1961/1961 1963/1963/1963 1964/1964/1964 
f 1965/1965/1965 1966/1966/1966 1967/1967/1967 
f 1965/1965/1965 1967/1967/1967 1968/1968/1968 
f 1969/1969/1969 1970/1970/1970 1971/1971/1971 
f 1969/1969/1969 1971/1971/1971 1972/1972/1972 
f 1973/1973/1973 1974/1974/1974 1975/1975/1975 
f 1973/1973/1973 1975/1975/1975 1976/1976/1976 
f 1977/1977/1977 1978/1978/1978 1979/1979/1979 
f 1977/1977/1977 1979/1979/1979 1980/1980/1980 
f 1981/1981/1981 1982/1982/1982 1983/1983/1983 
f 1981/1981/1981 1983/1983/1983 1984/1984/1984 
f 1985/1985/1985 1986/1986/1986 1987/1987/1987 
f 1985/1985/1985 1987/1987/1987 1988/1988/1988 
f 1989/1989/1989 1990/1990/1990 1991/1991/1991 
f 1989/1989/1989 1991/1991/1991 1992/1992/1992 
f 1993/1993/1993 1994/1994/1994 1995/1995/1995 
f 1993/1993/1993 1995/1995/1995 1996/1996/1996 
f 1997/1997/1997 1998/1998/1998 1999/1999/1999 
f 1997/1997/1997 1999/1999/1999 2000/2000/2000 
f 2001/2001/2001 2002/2002/2002 2003/2003/2003 
f 2001/2001/2001 2003/2003/2003 2004/2004/2004 
f 2005/2005/2005 2006/2006/2006 2007/2007/2007 
f 2005/2005/2005 2007/2007/2007 2008/2008/2008 
f 2009/2009/2009 2010/2010/2010 2011/2011/2011 
f 2009/2009/2009 2011/2011/2011 2012/2012/2012 
f 2013/2013/2013 2014/2014/2014 2015/2015/2015 
f 2013/2013/2013 2015/2015/2015 2016/2016/2016 
f 2017/2017/2017 2018/2018/2018 2019/2019/2019 
f 2017/2017/2017 2019/2019/2019 2020/2020/2020 
f 2021/2021/2021 2022/2022/2022 2023/2023/2023 
f 2021/2021/2021 2023/2023/2023 2024/2024/2024 
f 2025/2025/2025 2026/2026/2026 2027/2027/2027 
f 2025/2025/2025 2027/2027/2027 2028/2028/2028 
f 2029/2029/2029 2030/2030/2030 2031/2031/2031 
f 2029/2029/2029 2031/2031/2031 2032/2032/2032 
f 2033/2033/2033 2034/2034/2034 2035/2035/2035 
f 2033/2033/2033 2035/2035/2035 2036/2036/2036 
f 2037/2037/2037 2038/2038/2038 2039/2039/2039 
f 2037/2037/2037 2039/2039/2039 2040/2040/2040 
f 2041/2041/2041 2042/2042/2042 2043/2043/2043 
f 2041/2041/2041 2043/2043/2043 2044/2044/2044 
f 2045/2045/2045 2046/2046/2046 2047/2047/2047 
f 2045/2045/2045 2047/2047/2047 2048/2048/2048 
f 2049/2049/2049 2050/2050/2050 2051/2051/2051 
f 2049/2049/2049 2051/2051/2051 2052/2052/2052 
f 2053/2053/2053 2054/2054/2054 2055/2055/2055 
f 2053/2053/2053 2055/2055/2055 2056/2056/2056 
f 2057/2057/2057 2058/2058/2058 2059/2059/2059 
f 2057/2057/2057 2059/2059/2059 2060/2060/2060 
f 2061/2061/2061 2062/2062/2062 2063/2063/2063 
f 2061/2061/2061 2063/2063/2063 2064/2064/2064 
f 2065/2065/2065 2066/2066/2066 2067/2067/2067 
f 2065/2065/2065 2067/2067/2067 2068/2068/2068 
f 2069/2069/2069 2070/2070/2070 2071/2071/2071 
f 2069/2069/2069 2071/2071/2071 2072/2072/2072 
f 2073/2073/2073 2074/2074/2074 2075/2075/2075 
f 2073/2073/2073 2075/2075/2075 2076/2076/2076 
f 2077/2077/2077 2078/2078/2078 2079/2079/2079 
f 2077/2077/2077 2079/2079/2079 2080/2080/2080 
f 2081/2081/2081 2082/2082/2082 2083/2083/2083 
f 2081/2081/2081 2083/2083/2083 2084/2084/2084 
f 2085/2085/2085 2086/2086/2086 2087/2087/2087 
f 2085/2085/2085 2087/2087/2087 2088/2088/2088 
f 2089/2089/2089 2090/2090/2090 2091/2091/2091 
f 2089/2089/2089 2091/2091/2091 2092/2092/2092 
f 2093/2093/2093 2094/2094/2094 2095/2095/2095 
f 2093/2093/2093 2095/2095/2095 2096/2096/2096 
f 2097/2097/2097 2098/2098/2098 2099/2099/2099 
f 2097/2097/2097 2099/2099/2099 2100/2100/2100 
f 2101/2101/2101 2102/2102/2102 2103/2103/2103 
f 2101/2101/2101 2103/2103/2103 2104/2104/2104 
f 2105/2105/2105 2106/2106/2106 2107/2107/2107 
f 2105/2105/2105 2107/2107/2107 2108/2108/2108 
f 2109/2109/2109 2110/2110/2110 2111/2111/2111 
f 2109/2109/2109 2111/2111/2111 2112/2112/2112 
f 2113/2113/2113 2114/2114/2114 2115/2115/2115 
f 2113/2113/2113 2115/2115/2115 2116/2116/2116 
f 2117/2117/2117 2118/2118/2118 2119/2119/2119 
f 2117/2117/2117 2119/2119/2119 2120/2120/2120 
f 2121/2121/2121 2122/2122/2122 2123/2123/2123 
f 2121/2121/2121 2123/2123/2123 2124/2124/2124 
f 2125/2125/2125 2126/2126/2126 2127/2127/2127 
f 2125/2125/2125 2127/2127/2127 2128/2128/2128 
f 2129/2129/2129 2130/2130/2130 2131/2131/2131 
f 2129/2129/2129 2131/2131/2131 2132/2132/2132 
f 2133/2133/2133 2134/2134/2134 2135/2135/2135 
f 2133/2133/2133 2135/2135/2135 2136/2136/2136 
f 2137/2137/2137 2138/2138/2138 2139/2139/2139 
f 2137/2137/2137 2139/2139/2139 2140/2140/2140 
f 2141/2141/2141 2142/2142/2142 2143/2143/2143 
f 2141/2141/2141 2143/2143/2143 2144/2144/2144 
f 2145/2145/2145 2146/2146/2146 2147/2147/2147 
f 2145/2145/2145 2147/2147/2147 2148/2148/2148 
f 2149/2149/2149 2150/2150/2150 2151/2151/2151 
f 2149/2149/2149 2151/2151/2151 2152/2152/2152 
f 2153/2153/2153 2154/2154/2154 2155/2155/2155 
f 2153/2153/2153 2155/2155/2155 2156/2156/2156 
f 2157/2157/2157 2158/2158/2158 2159/2159/2159 
f 2160/2160/2160 2161/2161/2161 2162/2162/2162 
f 2163/2163/2163 2164/2164/2164 2165/2165/2165 
f 2166/2166/2166 2167/2167/2167 2168/2168/2168 
f 2169/2169/2169 2170/2170/2170 2171/2171/2171 
f 2172/2172/2172 2173/2173/2173 2174/2174/2174 
f 2175/2175/2175 2176/2176/2176 2177/2177/2177 
f 2178/2178/2178 2179/2179/2179 2180/2180/2180 
f 2181/2181/2181 2182/2182/2182 2183/2183/2183 
f 2184/2184/2184 2185/2185/2185 2186/2186/2186 
f 2187/2187/2187 2188/2188/2188 2189/2189/2189 
f 2190/2190/2190 2191/2191/2191 2192/2192/2192 
f 2193/2193/2193 2194/2194/2194 2195/2195/2195 
f 2196/2196/2196 2197/2197/2197 2198/2198/2198 
f 2199/2199/2199 2200/2200/2200 2201/2201/2201 
f 2202/2202/2202 2203/2203/2203 2204/2204/2204 
f 2205/2205/2205 2206/2206/2206 2207/2207/2207 
f 2208/2208/2208 2209/2209/2209 2210/2210/2210 
f 2211/2211/2211 2212/2212/2212 2213/2213/2213 
f 2214/2214/2214 2215/2215/2215 2216/2216/2216 
f 2217/2217/2217 2218/2218/2218 2219/2219/2219 
f 2220/2220/2220 2221/2221/2221 2222/2222/2222 
f 2223/2223/2223 2224/2224/2224 2225/2225/2225 
f 2226/2226/2226 2227/2227/2227 2228/2228/2228 
f 2229/2229/2229 2230/2230/2230 2231/2231/2231 
f 2232/2232/2232 2233/2233/2233 2234/2234/2234 
f 2235/2235/2235 2236/2236/2236 2237/2237/2237 
f 2238/2238/2238 2239/2239/2239 2240/2240/2240 
f 2241/2241/2241 2242/2242/2242 2243/2243/2243 
f 2244/2244/2244 2245/2245/2245 2246/2246/2246 
f 2247/2247/2247 2248/2248/2248 2249/2249/2249 
f 2250/2250/2250 2251/2251/2251 2252/2252/2252 
f 2253/2253/2253 2254/2254/2254 2255/2255/2255 
f 2256/2256/2256 2257/2257/2257 2258/2258/2258 
f 2259/2259/2259 2260/2260/2260 2261/2261/2261 
f 2262/2262/2262 2263/2263/2263 2264/2264/2264 
f 2265/2265/2265 2266/2266/2266 2267/2267/2267 
f 2268/2268/2268 2269/2269/2269 2270/2270/2270 
f 2271/2271/2271 2272/2272/2272 2273/2273/2273 
f 2274/2274/2274 2275/2275/2275 2276/2276/2276 
f 2274/2274/2274 2276/2276/2276 2277/2277/2277 
f 2278/2278/2278 2279/2279/2279 2280/2280/2280 
f 2278/2278/2278 2280/2280/2280 2281/2281/2281 
f 2282/2282/2282 2283/2283/2283 2284/2284/2284 
f 2282/2282/2282 2284/2284/2284 2285/2285/2285 
f 2286/2286/2286 2287/2287/2287 2288/2288/2288 
f 2286/2286/2286 2288/2288/2288 2289/2289/2289 
f 2290/2290/2290 2291/2291/2291 2292/2292/2292 
f 2290/2290/2290 2292/2292/2292 2293/2293/2293 
f 2294/2294/2294 2295/2295/2295 2296/2296/2296 
f 2294/2294/2294 2296/2296/2296 2297/2297/2297 
f 2298/2298/2298 2299/2299/2299 2300/2300/2300 
f 2298/2298/2298 2300/2300/2300 2301/2301/2301 
f 2302/2302/2302 2303/2303/2303 2304/2304/2304 
f 2302/2302/2302 2304/2304/2304 2305/2305/2305 
f 2306/2306/2306 2307/2307/2307 2308/2308/2308 
f 2306/2306/2306 2308/2308/2308 2309/2309/2309 
f 2310/2310/2310 2311/2311/2311 2312/2312/2312 
f 2310/2310/2310 2312/2312/2312 2313/2313/2313 
f 2314/2314/2314 2315/2315/2315 2316/2316/2316 
f 2314/2314/2314 2316/2316/2316 2317/2317/2317 
f 2318/2318/2318 2319/2319/2319 2320/2320/2320 
f 2318/2318/2318 2320/2320/2320 2321/2321/2321 
f 2322/2322/2322 2323/2323/2323 2324/2324/2324 
f 2322/2322/2322 2324/2324/2324 2325/2325/2325 
f 2326/2326/2326 2327/2327/2327 2328/2328/2328 
f 2326/2326/2326 2328/2328/2328 2329/2329/2329 
f 2330/2330/2330 2331/2331/2331 2332/2332/2332 
f 2330/2330/2330 2332/2332/2332 2333/2333/2333 
f 2334/2334/2334 2335/2335/2335 2336/2336/2336 
f 2334/2334/2334 2336/2336/2336 2337/2337/2337 
f 2338/2338/2338 2339/2339/2339 2340/2340/2340 
f 2338/2338/2338 2340/2340/2340 2341/2341/2341 
f 2342/2342/2342 2343/2343/2343 2344/2344/2344 
f 2342/2342/2342 2344/2344/2344 2345/2345/2345 
f 2346/2346/2346 2347/2347/2347 2348/2348/2348 
f 2346/2346/2346 2348/2348/2348 2349/2349/2349 
f 2350/2350/2350 2351/2351/2351 2352/2352/2352 
f 2350/2350/2350 2352/2352/2352 2353/2353/2353 
f 2354/2354/2354 2355/2355/2355 2356/2356/2356 
f 2354/2354/2354 2356/2356/2356 2357/2357/2357 
f 2358/2358/2358 2359/2359/2359 2360/2360/2360 
f 2358/2358/2358 2360/2360/2360 2361/2361/2361 
f 2362/2362/2362 2363/2363/2363 2364/2364/2364 
f 2362/2362/2362 2364/2364/2364 2365/2365/2365 
f 2366/2366/2366 2367/2367/2367 2368/2368/2368 
f 2366/2366/2366 2368/2368/2368 2369/2369/2369 
f 2370/2370/2370 2371/2371/2371 2372/2372/2372 
f 2370/2370/2370 2372/2372/2372 2373/2373/2373 
f 2374/2374/2374 2375/2375/2375 2376/2376/2376 
f 2374/2374/2374 2376/2376/2376 2377/2377/2377 
f 2378/2378/2378 2379/2379/2379 2380/2380/2380 
f 2378/2378/2378 2380/2380/2380 2381/2381/2381 
f 2382/2382/2382 2383/2383/2383 2384/2384/2384 
f 2382/2382/2382 2384/2384/2384 2385/2385/2385 
f 2386/2386/2386 2387/2387/2387 2388/2388/2388 
f 2386/2386/2386 2388/2388/2388 2389/2389/2389 
f 2390/2390/2390 2391/2391/2391 2392/2392/2392 
f 2390/2390/2390 2392/2392/2392 2393/2393/2393 
f 2394/2394/2394 2395/2395/2395 2396/2396/2396 
f 2394/2394/2394 2396/2396/2396 2397/2397/2397 
f 2398/2398/2398 2399/2399/2399 2400/2400/2400 
f 2398/2398/2398 2400/2400/2400 2401/2401/2401 
f 2402/2402/2402 2403/2403/2403 2404/2404/2404 
f 2402/2402/2402 2404/2404/2404 2405/2405/2405 
f 2406/2406/2406 2407/2407/2407 2408/2408/2408 
f 2406/2406/2406 2408/2408/2408 2409/2409/2409 
f 2410/2410/2410 2411/2411/2411 2412/2412/2412 
f 2410/2410/2410 2412/2412/2412 2413/2413/2413 
f 2414/2414/2414 2415/2415/2415 2416/2416/2416 
f 2414/2414/2414 2416/2416/2416 2417/2417/2417 
f 2418/2418/2418 2419/2419/2419 2420/2420/2420 
f 2418/2418/2418 2420/2420/2420 2421/2421/2421 
f 2422/2422/2422 2423/2423/2423 2424/2424/2424 
f 2422/2422/2422 2424/2424/2424 2425/2425/2425 
f 2426/2426/2426 2427/2427/2427 2428/2428/2428 
f 2426/2426/2426 2428/2428/2428 2429/2429/2429 
f 2430/2430/2430 2431/2431/2431 2432/2432/2432 
f 2430/2430/2430 2432/2432/2432 2433/2433/2433 
f 2434/2434/2434 2435/2435/2435 2436/2436/2436 
f 2434/2434/2434 2436/2436/2436 2437/2437/2437 
f 2438/2438/2438 2439/2439/2439 2440/2440/2440 
f 2438/2438/2438 2440/2440/2440 2441/2441/2441 
f 2442/2442/2442 2443/2443/2443 2444/2444/2444 
f 2442/2442/2442 2444/2444/2444 2445/2445/2445 
f 2446/2446/2446 2447/2447/2447 2448/2448/2448 
f 2446/2446/2446 2448/2448/2448 2449/2449/2449 
f 2450/2450/2450 2451/2451/2451 2452/2452/2452 

g KillerRobot7

v -8.58339 2.35643 -15.9391 
v -8.58339 2.03902 -15.9391 
v -8.58339 2.03912 -14.0615 
v -8.58339 2.35647 -14.0614 
v -7.58318 2.35647 -14.0614 
v -7.64976 2.39283 -14.0639 
v -7.60944 2.35647 -14.0308 
v -7.64976 2.39283 -14.0639 
v -7.58318 2.35647 -14.0614 
v -7.58318 2.35643 -15.9391 
v -7.64976 2.39279 -15.9406 
v -8.53412 2.35647 -14.0002 
v -8.51546 2.39283 -14.0639 
v -8.58339 2.35647 -14.0614 
v -7.64976 2.39283 -14.0639 
v -8.51546 2.39283 -14.0639 
v -8.53412 2.35647 -14.0002 
v -7.6357 2.35647 -14.0002 
v -7.6357 2.35643 -16.0004 
v -7.64976 2.39279 -15.9406 
v -7.58318 2.35643 -15.9391 
v -8.51546 2.39279 -15.9406 
v -8.58339 2.35643 -15.9391 
v -8.58339 2.35647 -14.0614 
v -8.51546 2.39283 -14.0639 
v -8.08318 2.39282 -15.0019 
v -7.64976 2.39283 -14.0639 
v -7.64976 2.39279 -15.9406 
v -8.53412 2.35643 -16.0004 
v -8.58339 2.35643 -15.9391 
v -8.51546 2.39279 -15.9406 
v -7.64976 2.39279 -15.9406 
v -7.6357 2.35643 -16.0004 
v -8.53412 2.35643 -16.0004 
v -8.51546 2.39279 -15.9406 
v -8.51546 2.39279 -15.9406 
v -8.08318 2.39282 -15.0019 
v -7.64976 2.39279 -15.9406 
v -8.08318 2.39282 -15.0019 
v -8.51546 2.39279 -15.9406 
v -8.51546 2.39283 -14.0639 
v -7.64976 2.39283 -14.0639 
v -8.08318 2.39282 -15.0019 
v -8.51546 2.39283 -14.0639 
v -7.58318 2.03902 -15.9391 
v -7.58318 2.35643 -15.9391 
v -7.58318 2.35647 -14.0614 
v -7.58318 2.03912 -14.0615 
v -7.60944 2.03912 -14.0308 
v -7.58318 2.03912 -14.0615 
v -7.58318 2.35647 -14.0614 
v -7.60944 2.35647 -14.0308 
v -7.6357 2.03913 -14.0002 
v -7.6357 2.35647 -14.0002 
v -8.53412 2.35647 -14.0002 
v -8.53412 2.03913 -14.0002 
v -8.58339 2.03912 -14.0615 
v -8.53412 2.03913 -14.0002 
v -8.53412 2.35647 -14.0002 
v -8.58339 2.35647 -14.0614 
v -8.53412 2.03902 -16.0004 
v -8.58339 2.03902 -15.9391 
v -8.58339 2.35643 -15.9391 
v -8.53412 2.35643 -16.0004 
v -8.58339 2.03912 -14.0615 
v -8.51546 1.9929 -14.0639 
v -8.53412 2.03913 -14.0002 
v -7.64976 1.9928 -15.9406 
v -7.58318 2.03902 -15.9391 
v -7.58318 2.03912 -14.0615 
v -7.64976 1.9929 -14.0639 
v -7.58318 2.03902 -15.9391 
v -7.64976 1.9928 -15.9406 
v -7.6357 2.03902 -16.0004 
v -7.64976 1.9929 -14.0639 
v -7.6357 2.03913 -14.0002 
v -8.53412 2.03913 -14.0002 
v -8.51546 1.9929 -14.0639 
v -8.58339 2.03912 -14.0615 
v -8.58339 2.03902 -15.9391 
v -8.51546 1.9928 -15.9406 
v -8.51546 1.9929 -14.0639 
v -8.08318 1.99279 -15.002 
v -8.51546 1.9928 -15.9406 
v -7.64976 1.9928 -15.9406 
v -7.64976 1.9929 -14.0639 
v -7.58318 2.03912 -14.0615 
v -7.60944 2.03912 -14.0308 
v -8.58339 2.03902 -15.9391 
v -8.53412 2.03902 -16.0004 
v -8.51546 1.9928 -15.9406 
v -7.64976 1.9928 -15.9406 
v -8.51546 1.9928 -15.9406 
v -8.53412 2.03902 -16.0004 
v -7.6357 2.03902 -16.0004 
v -7.58318 2.03902 -15.9391 
v -7.6357 2.03902 -16.0004 
v -7.6357 2.35643 -16.0004 
v -7.58318 2.35643 -15.9391 
v -8.53412 2.35643 -16.0004 
v -7.6357 2.35643 -16.0004 
v -7.6357 2.03902 -16.0004 
v -8.53412 2.03902 -16.0004 
v -7.64976 1.9929 -14.0639 
v -8.08318 1.99279 -15.002 
v -7.64976 1.9928 -15.9406 
v -8.08318 1.99279 -15.002 
v -7.64976 1.9929 -14.0639 
v -8.51546 1.9929 -14.0639 
v -8.51546 1.9928 -15.9406 
v -8.08318 1.99279 -15.002 
v -8.51546 1.9929 -14.0639 
v -7.64976 2.39283 -14.0639 
v -7.6357 2.35647 -14.0002 
v -7.60944 2.35647 -14.0308 
v -7.60944 2.35647 -14.0308 
v -7.6357 2.35647 -14.0002 
v -7.6357 2.03913 -14.0002 
v -7.60944 2.03912 -14.0308 
v -7.60944 2.03912 -14.0308 
v -7.6357 2.03913 -14.0002 
v -7.64976 1.9929 -14.0639 

vn -1 0 0 
vn -1 0 0 
vn -1 0 0 
vn -1 0 0 
vn 0.433071 0.818898 0.370079 
vn 0.433071 0.818898 0.370079 
vn 0.433071 0.818898 0.370079 
vn 0.480315 0.874016 0 
vn 0.480315 0.874016 0 
vn 0.480315 0.874016 0 
vn 0.480315 0.874016 0 
vn -0.433071 0.834646 0.346457 
vn -0.433071 0.834646 0.346457 
vn -0.433071 0.834646 0.346457 
vn 0 0.866142 0.496063 
vn 0 0.866142 0.496063 
vn 0 0.866142 0.496063 
vn 0 0.866142 0.496063 
vn 0.448819 0.80315 -0.385827 
vn 0.448819 0.80315 -0.385827 
vn 0.448819 0.80315 -0.385827 
vn -0.472441 0.88189 0 
vn -0.472441 0.88189 0 
vn -0.472441 0.88189 0 
vn -0.472441 0.88189 0 
vn 0 1 0 
vn 0 1 0 
vn 0 1 0 
vn -0.448819 0.818898 -0.362205 
vn -0.448819 0.818898 -0.362205 
vn -0.448819 0.818898 -0.362205 
vn 0 0.850394 -0.519685 
vn 0 0.850394 -0.519685 
vn 0 0.850394 -0.519685 
vn 0 0.850394 -0.519685 
vn 0 1 0 
vn 0 1 0 
vn 0 1 0 
vn 0 1 0 
vn 0 1 0 
vn 0 1 0 
vn 0 1 0 
vn 0 1 0 
vn 0 1 0 
vn 1 0 0 
vn 1 0 0 
vn 1 0 0 
vn 1 0 0 
vn 0.755906 0 0.653543 
vn 0.755906 0 0.653543 
vn 0.755906 0 0.653543 
vn 0.755906 0 0.653543 
vn 0 0 1 
vn 0 0 1 
vn 0 0 1 
vn 0 0 1 
vn -0.779528 0 0.629921 
vn -0.779528 0 0.629921 
vn -0.779528 0 0.629921 
vn -0.779528 0 0.629921 
vn -0.779528 0 -0.629921 
vn -0.779528 0 -0.629921 
vn -0.779528 0 -0.629921 
vn -0.779528 0 -0.629921 
vn -0.503937 -0.76378 0.401575 
vn -0.503937 -0.76378 0.401575 
vn -0.503937 -0.76378 0.401575 
vn 0.566929 -0.818898 0 
vn 0.566929 -0.818898 0 
vn 0.566929 -0.818898 0 
vn 0.566929 -0.818898 0 
vn 0.519685 -0.732283 -0.440945 
vn 0.519685 -0.732283 -0.440945 
vn 0.519685 -0.732283 -0.440945 
vn 0 -0.811024 0.590551 
vn 0 -0.811024 0.590551 
vn 0 -0.811024 0.590551 
vn 0 -0.811024 0.590551 
vn -0.559055 -0.826772 0 
vn -0.559055 -0.826772 0 
vn -0.559055 -0.826772 0 
vn -0.559055 -0.826772 0 
vn 0 -1 0 
vn 0 -1 0 
vn 0 -1 0 
vn 0.503937 -0.748031 0.433071 
vn 0.503937 -0.748031 0.433071 
vn 0.503937 -0.748031 0.433071 
vn -0.519685 -0.748031 -0.417323 
vn -0.519685 -0.748031 -0.417323 
vn -0.519685 -0.748031 -0.417323 
vn 0 -0.787402 -0.614173 
vn 0 -0.787402 -0.614173 
vn 0 -0.787402 -0.614173 
vn 0 -0.787402 -0.614173 
vn 0.755906 0 -0.653543 
vn 0.755906 0 -0.653543 
vn 0.755906 0 -0.653543 
vn 0.755906 0 -0.653543 
vn 0 0 -1 
vn 0 0 -1 
vn 0 0 -1 
vn 0 0 -1 
vn 0 -1 0 
vn 0 -1 0 
vn 0 -1 0 
vn 0 -1 0 
vn 0 -1 0 
vn 0 -1 0 
vn 0 -1 0 
vn 0 -1 0 
vn 0 -1 0 
vn 0.433071 0.818898 0.370079 
vn 0.433071 0.818898 0.370079 
vn 0.433071 0.818898 0.370079 
vn 0.755906 0 0.653543 
vn 0.755906 0 0.653543 
vn 0.755906 0 0.653543 
vn 0.755906 0 0.653543 
vn 0.503937 -0.748031 0.433071 
vn 0.503937 -0.748031 0.433071 
vn 0.503937 -0.748031 0.433071 

vt 0.192295 0.82927 
vt 0.192295 0.807321 
vt 0.311883 0.807386 
vt 0.311883 0.82927 
vt 0.00463906 0.82927 
vt 0.00219908 0.833959 
vt 0.00219908 0.82927 
vt 0.00219908 0.833959 
vt 0.00463906 0.82927 
vt 0.12445 0.82927 
vt 0.12701 0.833959 
vt 0.317527 0.82927 
vt 0.314425 0.833959 
vt 0.311883 0.82927 
vt 0.376799 0.833959 
vt 0.314425 0.833959 
vt 0.317527 0.82927 
vt 0.374101 0.82927 
vt 0.129467 0.82927 
vt 0.12701 0.833959 
vt 0.12445 0.82927 
vt 0.18955 0.833959 
vt 0.192295 0.82927 
vt 0.311883 0.82927 
vt 0.314425 0.833959 
vt 0.162107 0.783145 
vt 0.130971 0.767692 
vt 0.192921 0.767695 
vt 0.187116 0.82927 
vt 0.192295 0.82927 
vt 0.18955 0.833959 
vt 0.12701 0.833959 
vt 0.129467 0.82927 
vt 0.18713 0.82927 
vt 0.18955 0.833959 
vt 0.192921 0.798678 
vt 0.162107 0.783145 
vt 0.192921 0.767695 
vt 0.162107 0.783145 
vt 0.192921 0.798678 
vt 0.130971 0.798678 
vt 0.130971 0.767692 
vt 0.162107 0.783145 
vt 0.130971 0.798678 
vt 0.12445 0.807314 
vt 0.12445 0.82927 
vt 0.00463906 0.82927 
vt 0.00463906 0.807322 
vt 0.00219908 0.807322 
vt 0.00463906 0.807322 
vt 0.00463906 0.82927 
vt 0.00219908 0.82927 
vt 0.374101 0.807451 
vt 0.374101 0.82927 
vt 0.317527 0.82927 
vt 0.317527 0.807393 
vt 0.311883 0.807393 
vt 0.317527 0.807393 
vt 0.317527 0.82927 
vt 0.311883 0.82927 
vt 0.187091 0.80732 
vt 0.192295 0.807321 
vt 0.192295 0.82927 
vt 0.187116 0.82927 
vt 0.311883 0.807393 
vt 0.314425 0.803132 
vt 0.317527 0.807393 
vt 0.12701 0.803057 
vt 0.12445 0.807314 
vt 0.00463906 0.807322 
vt 0.00219908 0.803065 
vt 0.12445 0.807314 
vt 0.12701 0.803057 
vt 0.129467 0.807314 
vt 0.376799 0.803193 
vt 0.374101 0.807451 
vt 0.317527 0.807393 
vt 0.314425 0.803132 
vt 0.311883 0.807386 
vt 0.192295 0.807321 
vt 0.189416 0.803063 
vt 0.314425 0.803132 
vt 0.0627037 0.771295 
vt 0.126776 0.740569 
vt 0.126776 0.802819 
vt 0.00219908 0.803065 
vt 0.00463906 0.807322 
vt 0.00219908 0.807322 
vt 0.192295 0.807321 
vt 0.187091 0.80732 
vt 0.189416 0.803063 
vt 0.12701 0.803057 
vt 0.189416 0.803057 
vt 0.187132 0.807318 
vt 0.129467 0.807318 
vt 0.12445 0.807314 
vt 0.129467 0.807314 
vt 0.129467 0.82927 
vt 0.12445 0.82927 
vt 0.18713 0.82927 
vt 0.129467 0.82927 
vt 0.129467 0.807318 
vt 0.187132 0.807318 
vt 0.00233804 0.802819 
vt 0.0627037 0.771295 
vt 0.126776 0.802819 
vt 0.0627037 0.771295 
vt 0.00233804 0.802819 
vt 0.00233804 0.740571 
vt 0.126776 0.740569 
vt 0.0627037 0.771295 
vt 0.00233804 0.740571 
vt 0.376799 0.833959 
vt 0.374101 0.82927 
vt 0.376799 0.82927 
vt 0.376799 0.82927 
vt 0.374101 0.82927 
vt 0.374101 0.807322 
vt 0.376799 0.807322 
vt 0.376799 0.807322 
vt 0.374101 0.807322 
vt 0.376799 0.803065 

usemtl KillerRobot1Mtl

f 2453/2453/2453 2454/2454/2454 2455/2455/2455 
f 2453/2453/2453 2455/2455/2455 2456/2456/2456 
f 2457/2457/2457 2458/2458/2458 2459/2459/2459 
f 2460/2460/2460 2461/2461/2461 2462/2462/2462 
f 2460/2460/2460 2462/2462/2462 2463/2463/2463 
f 2464/2464/2464 2465/2465/2465 2466/2466/2466 
f 2467/2467/2467 2468/2468/2468 2469/2469/2469 
f 2467/2467/2467 2469/2469/2469 2470/2470/2470 
f 2471/2471/2471 2472/2472/2472 2473/2473/2473 
f 2474/2474/2474 2475/2475/2475 2476/2476/2476 
f 2474/2474/2474 2476/2476/2476 2477/2477/2477 
f 2478/2478/2478 2479/2479/2479 2480/2480/2480 
f 2481/2481/2481 2482/2482/2482 2483/2483/2483 
f 2484/2484/2484 2485/2485/2485 2486/2486/2486 
f 2484/2484/2484 2486/2486/2486 2487/2487/2487 
f 2488/2488/2488 2489/2489/2489 2490/2490/2490 
f 2491/2491/2491 2492/2492/2492 2493/2493/2493 
f 2494/2494/2494 2495/2495/2495 2496/2496/2496 
f 2497/2497/2497 2498/2498/2498 2499/2499/2499 
f 2497/2497/2497 2499/2499/2499 2500/2500/2500 
f 2501/2501/2501 2502/2502/2502 2503/2503/2503 
f 2501/2501/2501 2503/2503/2503 2504/2504/2504 
f 2505/2505/2505 2506/2506/2506 2507/2507/2507 
f 2505/2505/2505 2507/2507/2507 2508/2508/2508 
f 2509/2509/2509 2510/2510/2510 2511/2511/2511 
f 2509/2509/2509 2511/2511/2511 2512/2512/2512 
f 2513/2513/2513 2514/2514/2514 2515/2515/2515 
f 2513/2513/2513 2515/2515/2515 2516/2516/2516 
f 2517/2517/2517 2518/2518/2518 2519/2519/2519 
f 2520/2520/2520 2521/2521/2521 2522/2522/2522 
f 2520/2520/2520 2522/2522/2522 2523/2523/2523 
f 2524/2524/2524 2525/2525/2525 2526/2526/2526 
f 2527/2527/2527 2528/2528/2528 2529/2529/2529 
f 2527/2527/2527 2529/2529/2529 2530/2530/2530 
f 2531/2531/2531 2532/2532/2532 2533/2533/2533 
f 2531/2531/2531 2533/2533/2533 2534/2534/2534 
f 2535/2535/2535 2536/2536/2536 2537/2537/2537 
f 2538/2538/2538 2539/2539/2539 2540/2540/2540 
f 2541/2541/2541 2542/2542/2542 2543/2543/2543 
f 2544/2544/2544 2545/2545/2545 2546/2546/2546 
f 2544/2544/2544 2546/2546/2546 2547/2547/2547 
f 2548/2548/2548 2549/2549/2549 2550/2550/2550 
f 2548/2548/2548 2550/2550/2550 2551/2551/2551 
f 2552/2552/2552 2553/2553/2553 2554/2554/2554 
f 2552/2552/2552 2554/2554/2554 2555/2555/2555 
f 2556/2556/2556 2557/2557/2557 2558/2558/2558 
f 2559/2559/2559 2560/2560/2560 2561/2561/2561 
f 2562/2562/2562 2563/2563/2563 2564/2564/2564 
f 2565/2565/2565 2566/2566/2566 2567/2567/2567 
f 2568/2568/2568 2569/2569/2569 2570/2570/2570 
f 2568/2568/2568 2570/2570/2570 2571/2571/2571 
f 2572/2572/2572 2573/2573/2573 2574/2574/2574 

g KillerRobot8

v -8.53374 4.61936e-07 -14.9402 
v -8.55904 4.61936e-07 -14.9724 
v -8.53374 4.61936e-07 -15.0045 
v -8.5597 7.00355e-07 -14.0351 
v -8.5597 0.199768 -14.0351 
v -8.58433 0.199768 -14.0655 
v -8.58433 4.61936e-07 -14.0655 
v -7.63663 0.199769 -15.0045 
v -7.58414 0.199768 -14.9402 
v -7.58414 4.61936e-07 -14.9402 
v -7.63663 2.23517e-07 -15.0045 
v -7.58414 4.61936e-07 -14.0655 
v -7.63665 4.61936e-07 -14.0039 
v -7.63521 4.61936e-07 -14.0655 
v -8.58433 0.199768 -14.0655 
v -8.58434 0.199769 -14.9402 
v -8.58434 4.61936e-07 -14.9402 
v -8.58433 4.61936e-07 -14.0655 
v -7.58414 0.199768 -14.0655 
v -7.63665 0.199768 -14.0039 
v -7.63665 4.61936e-07 -14.0039 
v -7.58414 4.61936e-07 -14.0655 
v -7.63522 0.285858 -14.0655 
v -7.63665 0.199768 -14.0039 
v -7.58414 0.199768 -14.0655 
v -8.53371 0.285858 -14.0655 
v -8.5337 0.28593 -14.9402 
v -8.58434 0.199769 -14.9402 
v -8.58433 0.199768 -14.0655 
v -7.58414 4.61936e-07 -14.9402 
v -7.58414 4.61936e-07 -14.0655 
v -7.63521 4.61936e-07 -14.0655 
v -7.63521 4.61936e-07 -14.9402 
v -7.58414 0.199768 -14.9402 
v -7.58414 0.199768 -14.0655 
v -7.58414 4.61936e-07 -14.0655 
v -7.58414 4.61936e-07 -14.9402 
v -8.58434 0.199769 -14.9402 
v -8.55904 0.199768 -14.9724 
v -8.55904 4.61936e-07 -14.9724 
v -8.58434 4.61936e-07 -14.9402 
v -7.63663 2.23517e-07 -15.0045 
v -7.58414 4.61936e-07 -14.9402 
v -7.63521 4.61936e-07 -14.9402 
v -7.63663 2.23517e-07 -15.0045 
v -8.53374 4.61936e-07 -15.0045 
v -8.53374 0.199768 -15.0045 
v -7.63663 0.199769 -15.0045 
v -7.63522 0.285858 -14.0655 
v -8.53371 0.285858 -14.0655 
v -8.53507 0.199768 -14.0047 
v -7.63665 0.199768 -14.0039 
v -7.63522 0.285978 -14.9403 
v -7.58414 0.199768 -14.9402 
v -7.63663 0.199769 -15.0045 
v -7.63665 4.61936e-07 -14.0039 
v -8.53507 4.61936e-07 -14.0047 
v -8.53374 4.61936e-07 -14.0655 
v -7.63521 4.61936e-07 -14.0655 
v -7.63521 4.61936e-07 -14.0655 
v -8.53374 4.61936e-07 -14.0655 
v -8.53374 4.61936e-07 -14.9402 
v -7.63521 4.61936e-07 -14.9402 
v -7.63522 0.285858 -14.0655 
v -7.58414 0.199768 -14.0655 
v -7.58414 0.199768 -14.9402 
v -7.63522 0.285978 -14.9403 
v -8.53374 4.61936e-07 -15.0045 
v -7.63663 2.23517e-07 -15.0045 
v -7.63521 4.61936e-07 -14.9402 
v -8.53374 4.61936e-07 -14.9402 
v -8.53507 4.61936e-07 -14.0047 
v -7.63665 4.61936e-07 -14.0039 
v -7.63665 0.199768 -14.0039 
v -8.53507 0.199768 -14.0047 
v -8.5337 0.28593 -14.9402 
v -7.63522 0.285978 -14.9403 
v -7.63663 0.199769 -15.0045 
v -8.53374 0.199768 -15.0045 
v -8.5337 0.28593 -14.9402 
v -8.55904 0.199768 -14.9724 
v -8.58434 0.199769 -14.9402 
v -8.53371 0.285858 -14.0655 
v -8.58433 0.199768 -14.0655 
v -8.5597 0.199768 -14.0351 
v -8.53507 4.61936e-07 -14.0047 
v -8.5597 7.00355e-07 -14.0351 
v -8.58433 4.61936e-07 -14.0655 
v -8.53374 4.61936e-07 -14.0655 
v -8.53374 4.61936e-07 -14.0655 
v -8.58433 4.61936e-07 -14.0655 
v -8.58434 4.61936e-07 -14.9402 
v -8.53374 4.61936e-07 -14.9402 
v -8.08223 0.334844 -14.5111 
v -7.76326 0.335408 -14.7987 
v -8.40232 0.335408 -14.7987 
v -8.53371 0.285858 -14.0655 
v -7.63522 0.285858 -14.0655 
v -7.76326 0.335408 -14.2234 
v -8.40232 0.335408 -14.2234 
v -8.5337 0.28593 -14.9402 
v -8.53371 0.285858 -14.0655 
v -8.40232 0.335408 -14.2234 
v -8.40232 0.335408 -14.7987 
v -7.76326 0.335408 -14.7987 
v -7.76326 0.335408 -14.2234 
v -7.63522 0.285858 -14.0655 
v -7.63522 0.285978 -14.9403 
v -8.5337 0.28593 -14.9402 
v -8.40232 0.335408 -14.7987 
v -7.76326 0.335408 -14.7987 
v -7.63522 0.285978 -14.9403 
v -7.76326 0.335408 -14.2234 
v -7.76326 0.335408 -14.7987 
v -8.08223 0.334844 -14.5111 
v -8.08223 0.334844 -14.5111 
v -8.40232 0.335408 -14.2234 
v -7.76326 0.335408 -14.2234 
v -8.40232 0.335408 -14.7987 
v -8.40232 0.335408 -14.2234 
v -8.08223 0.334844 -14.5111 
v -8.55904 4.61936e-07 -14.9724 
v -8.55904 0.199768 -14.9724 
v -8.53374 0.199768 -15.0045 
v -8.53374 4.61936e-07 -15.0045 
v -8.55904 4.61936e-07 -14.9724 
v -8.53374 4.61936e-07 -14.9402 
v -8.58434 4.61936e-07 -14.9402 
v -8.55904 0.199768 -14.9724 
v -8.5337 0.28593 -14.9402 
v -8.53374 0.199768 -15.0045 
v -8.53371 0.285858 -14.0655 
v -8.5597 0.199768 -14.0351 
v -8.53507 0.199768 -14.0047 
v -8.5597 0.199768 -14.0351 
v -8.5597 7.00355e-07 -14.0351 
v -8.53507 4.61936e-07 -14.0047 
v -8.53507 0.199768 -14.0047 

vn 0 -1 0 
vn 0 -1 0 
vn 0 -1 0 
vn -0.779528 0 0.629921 
vn -0.779528 0 0.629921 
vn -0.779528 0 0.629921 
vn -0.779528 0 0.629921 
vn 0.771654 0 -0.629921 
vn 0.771654 0 -0.629921 
vn 0.771654 0 -0.629921 
vn 0.771654 0 -0.629921 
vn 0 -1 0 
vn 0 -1 0 
vn 0 -1 0 
vn -1 0 0 
vn -1 0 0 
vn -1 0 0 
vn -1 0 0 
vn 0.76378 0 0.645669 
vn 0.76378 0 0.645669 
vn 0.76378 0 0.645669 
vn 0.76378 0 0.645669 
vn 0.692913 0.409449 0.590551 
vn 0.692913 0.409449 0.590551 
vn 0.692913 0.409449 0.590551 
vn -0.858268 0.503937 0 
vn -0.858268 0.503937 0 
vn -0.858268 0.503937 0 
vn -0.858268 0.503937 0 
vn 0 -1 0 
vn 0 -1 0 
vn 0 -1 0 
vn 0 -1 0 
vn 1 0 0 
vn 1 0 0 
vn 1 0 0 
vn 1 0 0 
vn -0.787402 0 -0.622047 
vn -0.787402 0 -0.622047 
vn -0.787402 0 -0.622047 
vn -0.787402 0 -0.622047 
vn 0 -1 0 
vn 0 -1 0 
vn 0 -1 0 
vn 0 0 -1 
vn 0 0 -1 
vn 0 0 -1 
vn 0 0 -1 
vn 0 0.582677 0.811024 
vn 0 0.582677 0.811024 
vn 0 0.582677 0.811024 
vn 0 0.582677 0.811024 
vn 0.700787 0.417323 -0.574803 
vn 0.700787 0.417323 -0.574803 
vn 0.700787 0.417323 -0.574803 
vn 0 -1 0 
vn 0 -1 0 
vn 0 -1 0 
vn 0 -1 0 
vn 0 -1 0 
vn 0 -1 0 
vn 0 -1 0 
vn 0 -1 0 
vn 0.858268 0.511811 0 
vn 0.858268 0.511811 0 
vn 0.858268 0.511811 0 
vn 0.858268 0.511811 0 
vn 0 -1 0 
vn 0 -1 0 
vn 0 -1 0 
vn 0 -1 0 
vn 0 0 1 
vn 0 0 1 
vn 0 0 1 
vn 0 0 1 
vn 0 0.598425 -0.80315 
vn 0 0.598425 -0.80315 
vn 0 0.598425 -0.80315 
vn 0 0.598425 -0.80315 
vn -0.716535 0.417323 -0.559055 
vn -0.716535 0.417323 -0.559055 
vn -0.716535 0.417323 -0.559055 
vn -0.708661 0.417323 0.574803 
vn -0.708661 0.417323 0.574803 
vn -0.708661 0.417323 0.574803 
vn 0 -1 0 
vn 0 -1 0 
vn 0 -1 0 
vn 0 -1 0 
vn 0 -1 0 
vn 0 -1 0 
vn 0 -1 0 
vn 0 -1 0 
vn 0 1 0 
vn 0 1 0 
vn 0 1 0 
vn 0 0.952756 0.299213 
vn 0 0.952756 0.299213 
vn 0 0.952756 0.299213 
vn 0 0.952756 0.299213 
vn -0.354331 0.937008 0 
vn -0.354331 0.937008 0 
vn -0.354331 0.937008 0 
vn -0.354331 0.937008 0 
vn 0.362205 0.929134 0 
vn 0.362205 0.929134 0 
vn 0.362205 0.929134 0 
vn 0.362205 0.929134 0 
vn 0 0.944882 -0.330709 
vn 0 0.944882 -0.330709 
vn 0 0.944882 -0.330709 
vn 0 0.944882 -0.330709 
vn 0 1 0 
vn 0 1 0 
vn 0 1 0 
vn 0 1 0 
vn 0 1 0 
vn 0 1 0 
vn 0 1 0 
vn 0 1 0 
vn 0 1 0 
vn -0.787402 0 -0.622047 
vn -0.787402 0 -0.622047 
vn -0.787402 0 -0.622047 
vn -0.787402 0 -0.622047 
vn 0 -1 0 
vn 0 -1 0 
vn 0 -1 0 
vn -0.716535 0.417323 -0.559055 
vn -0.716535 0.417323 -0.559055 
vn -0.716535 0.417323 -0.559055 
vn -0.708661 0.417323 0.574803 
vn -0.708661 0.417323 0.574803 
vn -0.708661 0.417323 0.574803 
vn -0.779528 0 0.629921 
vn -0.779528 0 0.629921 
vn -0.779528 0 0.629921 
vn -0.779528 0 0.629921 

vt 0.994173 0.450555 
vt 0.996003 0.449026 
vt 0.997832 0.450555 
vt 0.806398 0.474851 
vt 0.806398 0.488091 
vt 0.804671 0.488091 
vt 0.804671 0.474851 
vt 0.870799 0.507537 
vt 0.867243 0.507537 
vt 0.867243 0.494338 
vt 0.870799 0.494338 
vt 0.939106 0.509663 
vt 0.935601 0.50649 
vt 0.939106 0.506577 
vt 0.804671 0.488091 
vt 0.745906 0.488091 
vt 0.745906 0.474851 
vt 0.804671 0.474851 
vt 0.808432 0.507537 
vt 0.804757 0.507537 
vt 0.804757 0.494338 
vt 0.808432 0.494338 
vt 0.806536 0.509666 
vt 0.804757 0.507537 
vt 0.808432 0.507537 
vt 0.806397 0.490222 
vt 0.744364 0.490222 
vt 0.745906 0.488091 
vt 0.804671 0.488091 
vt 0.994173 0.509663 
vt 0.939106 0.509663 
vt 0.939106 0.506577 
vt 0.994173 0.506577 
vt 0.867243 0.507537 
vt 0.808432 0.507537 
vt 0.808432 0.494338 
vt 0.867243 0.494338 
vt 0.745906 0.488091 
vt 0.74435 0.488091 
vt 0.74435 0.474851 
vt 0.745906 0.474851 
vt 0.997832 0.506491 
vt 0.994173 0.509663 
vt 0.994173 0.506577 
vt 0.870799 0.494338 
vt 0.929958 0.494338 
vt 0.929958 0.507537 
vt 0.870799 0.507537 
vt 0.806536 0.509666 
vt 0.744257 0.509666 
vt 0.745878 0.507537 
vt 0.804757 0.507537 
vt 0.869048 0.509666 
vt 0.867243 0.507537 
vt 0.870799 0.507537 
vt 0.935601 0.50649 
vt 0.935646 0.450475 
vt 0.939106 0.450555 
vt 0.939106 0.506577 
vt 0.939106 0.506577 
vt 0.939106 0.450555 
vt 0.994173 0.450555 
vt 0.994173 0.506577 
vt 0.806536 0.509666 
vt 0.808432 0.507537 
vt 0.867243 0.507537 
vt 0.869048 0.509666 
vt 0.997832 0.450555 
vt 0.997832 0.506491 
vt 0.994173 0.506577 
vt 0.994173 0.450555 
vt 0.745878 0.494338 
vt 0.804757 0.494338 
vt 0.804757 0.507537 
vt 0.745878 0.507537 
vt 0.931506 0.509666 
vt 0.869048 0.509666 
vt 0.870799 0.507537 
vt 0.929958 0.507537 
vt 0.744364 0.490222 
vt 0.74435 0.488091 
vt 0.745906 0.488091 
vt 0.806397 0.490222 
vt 0.804671 0.488091 
vt 0.806398 0.488091 
vt 0.935646 0.450475 
vt 0.937376 0.448987 
vt 0.939106 0.447498 
vt 0.939106 0.450555 
vt 0.939106 0.450555 
vt 0.939106 0.447498 
vt 0.994173 0.447498 
vt 0.994173 0.450555 
vt 0.916597 0.474502 
vt 0.927178 0.463494 
vt 0.927178 0.485687 
vt 0.900573 0.490076 
vt 0.900573 0.45918 
vt 0.905473 0.463494 
vt 0.905473 0.485687 
vt 0.931569 0.490076 
vt 0.900573 0.490076 
vt 0.905473 0.485687 
vt 0.927178 0.485687 
vt 0.927178 0.463494 
vt 0.905473 0.463494 
vt 0.900573 0.45918 
vt 0.931571 0.45918 
vt 0.931569 0.490076 
vt 0.927178 0.485687 
vt 0.927178 0.463494 
vt 0.931571 0.45918 
vt 0.905473 0.463494 
vt 0.927178 0.463494 
vt 0.916597 0.474502 
vt 0.916597 0.474502 
vt 0.905473 0.485687 
vt 0.905473 0.463494 
vt 0.927178 0.485687 
vt 0.905473 0.485687 
vt 0.916597 0.474502 
vt 0.931506 0.494338 
vt 0.931506 0.507537 
vt 0.929958 0.507537 
vt 0.929958 0.494338 
vt 0.996003 0.449026 
vt 0.994173 0.450555 
vt 0.994173 0.447498 
vt 0.931506 0.507537 
vt 0.931506 0.509668 
vt 0.929958 0.507537 
vt 0.744257 0.509675 
vt 0.744257 0.507537 
vt 0.745878 0.507537 
vt 0.744257 0.507537 
vt 0.744257 0.494338 
vt 0.745878 0.494338 
vt 0.745878 0.507537 

usemtl KillerRobot1Mtl

f 2575/2575/2575 2576/2576/2576 2577/2577/2577 
f 2578/2578/2578 2579/2579/2579 2580/2580/2580 
f 2578/2578/2578 2580/2580/2580 2581/2581/2581 
f 2582/2582/2582 2583/2583/2583 2584/2584/2584 
f 2582/2582/2582 2584/2584/2584 2585/2585/2585 
f 2586/2586/2586 2587/2587/2587 2588/2588/2588 
f 2589/2589/2589 2590/2590/2590 2591/2591/2591 
f 2589/2589/2589 2591/2591/2591 2592/2592/2592 
f 2593/2593/2593 2594/2594/2594 2595/2595/2595 
f 2593/2593/2593 2595/2595/2595 2596/2596/2596 
f 2597/2597/2597 2598/2598/2598 2599/2599/2599 
f 2600/2600/2600 2601/2601/2601 2602/2602/2602 
f 2600/2600/2600 2602/2602/2602 2603/2603/2603 
f 2604/2604/2604 2605/2605/2605 2606/2606/2606 
f 2604/2604/2604 2606/2606/2606 2607/2607/2607 
f 2608/2608/2608 2609/2609/2609 2610/2610/2610 
f 2608/2608/2608 2610/2610/2610 2611/2611/2611 
f 2612/2612/2612 2613/2613/2613 2614/2614/2614 
f 2612/2612/2612 2614/2614/2614 2615/2615/2615 
f 2616/2616/2616 2617/2617/2617 2618/2618/2618 
f 2619/2619/2619 2620/2620/2620 2621/2621/2621 
f 2619/2619/2619 2621/2621/2621 2622/2622/2622 
f 2623/2623/2623 2624/2624/2624 2625/2625/2625 
f 2623/2623/2623 2625/2625/2625 2626/2626/2626 
f 2627/2627/2627 2628/2628/2628 2629/2629/2629 
f 2630/2630/2630 2631/2631/2631 2632/2632/2632 
f 2630/2630/2630 2632/2632/2632 2633/2633/2633 
f 2634/2634/2634 2635/2635/2635 2636/2636/2636 
f 2634/2634/2634 2636/2636/2636 2637/2637/2637 
f 2638/2638/2638 2639/2639/2639 2640/2640/2640 
f 2638/2638/2638 2640/2640/2640 2641/2641/2641 
f 2642/2642/2642 2643/2643/2643 2644/2644/2644 
f 2642/2642/2642 2644/2644/2644 2645/2645/2645 
f 2646/2646/2646 2647/2647/2647 2648/2648/2648 
f 2646/2646/2646 2648/2648/2648 2649/2649/2649 
f 2650/2650/2650 2651/2651/2651 2652/2652/2652 
f 2650/2650/2650 2652/2652/2652 2653/2653/2653 
f 2654/2654/2654 2655/2655/2655 2656/2656/2656 
f 2657/2657/2657 2658/2658/2658 2659/2659/2659 
f 2660/2660/2660 2661/2661/2661 2662/2662/2662 
f 2660/2660/2660 2662/2662/2662 2663/2663/2663 
f 2664/2664/2664 2665/2665/2665 2666/2666/2666 
f 2664/2664/2664 2666/2666/2666 2667/2667/2667 
f 2668/2668/2668 2669/2669/2669 2670/2670/2670 
f 2671/2671/2671 2672/2672/2672 2673/2673/2673 
f 2671/2671/2671 2673/2673/2673 2674/2674/2674 
f 2675/2675/2675 2676/2676/2676 2677/2677/2677 
f 2675/2675/2675 2677/2677/2677 2678/2678/2678 
f 2679/2679/2679 2680/2680/2680 2681/2681/2681 
f 2679/2679/2679 2681/2681/2681 2682/2682/2682 
f 2683/2683/2683 2684/2684/2684 2685/2685/2685 
f 2683/2683/2683 2685/2685/2685 2686/2686/2686 
f 2687/2687/2687 2688/2688/2688 2689/2689/2689 
f 2690/2690/2690 2691/2691/2691 2692/2692/2692 
f 2693/2693/2693 2694/2694/2694 2695/2695/2695 
f 2696/2696/2696 2697/2697/2697 2698/2698/2698 
f 2696/2696/2696 2698/2698/2698 2699/2699/2699 
f 2700/2700/2700 2701/2701/2701 2702/2702/2702 
f 2703/2703/2703 2704/2704/2704 2705/2705/2705 
f 2706/2706/2706 2707/2707/2707 2708/2708/2708 
f 2709/2709/2709 2710/2710/2710 2711/2711/2711 
f 2709/2709/2709 2711/2711/2711 2712/2712/2712 

g KillerRobot9

v -8.5846 2.04022 -13.9348 
v -8.5846 2.04022 -13.0709 
v -8.5846 2.23199 -13.0709 
v -8.5846 2.23199 -13.9348 
v -7.58431 2.23199 -13.9345 
v -7.58431 2.23199 -13.0709 
v -7.58431 2.04022 -13.0709 
v -7.58431 2.04022 -13.9346 
v -7.64965 2.27312 -13.0709 
v -7.64965 2.27312 -13.9345 
v -7.80527 2.33447 -13.7822 
v -7.80527 2.33447 -13.2252 
v -8.08446 1.99922 -13.5036 
v -7.64965 1.99922 -13.9348 
v -7.64961 1.99928 -13.0709 
v -8.5216 1.99928 -13.0709 
v -8.52163 1.99922 -13.9348 
v -8.08446 1.99922 -13.5036 
v -7.64961 1.99928 -13.0709 
v -8.5216 1.99928 -13.0709 
v -8.08446 1.99922 -13.5036 
v -7.64965 1.99922 -13.9348 
v -8.08446 1.99922 -13.5036 
v -8.52163 1.99922 -13.9348 
v -8.5846 2.04022 -13.0709 
v -8.5846 2.04022 -13.9348 
v -8.52163 1.99922 -13.9348 
v -8.5216 1.99928 -13.0709 
v -7.58431 2.04022 -13.9346 
v -7.58431 2.04022 -13.0709 
v -7.64961 1.99928 -13.0709 
v -7.64965 1.99922 -13.9348 
v -7.80527 2.33447 -13.2252 
v -8.36302 2.33447 -13.2252 
v -8.52163 2.27312 -13.071 
v -7.64965 2.27312 -13.0709 
v -8.52163 2.23199 -13.0012 
v -7.64965 2.23199 -13.0012 
v -7.64965 2.27312 -13.0709 
v -8.52163 2.27312 -13.071 
v -7.64961 2.04022 -13.0012 
v -8.5216 2.04022 -13.0012 
v -8.5216 1.99928 -13.0709 
v -7.64961 1.99928 -13.0709 
v -8.52163 2.23199 -13.0012 
v -8.5216 2.04022 -13.0012 
v -7.64961 2.04022 -13.0012 
v -7.64965 2.23199 -13.0012 
v -8.5216 1.99928 -13.0709 
v -8.5531 2.04022 -13.0361 
v -8.5846 2.04022 -13.0709 
v -8.5531 2.04022 -13.0361 
v -8.55312 2.23199 -13.0361 
v -8.5846 2.23199 -13.0709 
v -8.5846 2.04022 -13.0709 
v -8.5846 2.23199 -13.0709 
v -8.55312 2.23199 -13.0361 
v -8.52163 2.27312 -13.071 
v -8.5846 2.23199 -13.9348 
v -8.5846 2.23199 -13.0709 
v -8.52163 2.27312 -13.071 
v -8.52163 2.27312 -13.9348 
v -8.36302 2.33447 -13.2252 
v -8.36302 2.33447 -13.7822 
v -8.52163 2.27312 -13.9348 
v -8.52163 2.27312 -13.071 
v -8.52163 2.27312 -13.9348 
v -8.55312 2.23199 -13.9676 
v -8.5846 2.23199 -13.9348 
v -8.5846 2.04022 -13.9348 
v -8.5846 2.23199 -13.9348 
v -8.55312 2.23199 -13.9676 
v -8.55312 2.04022 -13.9677 
v -7.64965 2.23199 -13.0012 
v -7.58431 2.23199 -13.0709 
v -7.64965 2.27312 -13.0709 
v -7.58431 2.04022 -13.0709 
v -7.58431 2.23199 -13.0709 
v -7.64965 2.23199 -13.0012 
v -7.64961 2.04022 -13.0012 
v -7.58431 2.04022 -13.0709 
v -7.64961 2.04022 -13.0012 
v -7.64961 1.99928 -13.0709 
v -7.58431 2.23199 -13.0709 
v -7.58431 2.23199 -13.9345 
v -7.64965 2.27312 -13.9345 
v -7.64965 2.27312 -13.0709 
v -7.58431 2.23199 -13.9345 
v -7.64965 2.23199 -14.0005 
v -7.64965 2.27312 -13.9345 
v -7.58431 2.23199 -13.9345 
v -7.58431 2.04022 -13.9346 
v -7.64965 2.04022 -14.0005 
v -7.64965 2.23199 -14.0005 
v -7.64965 2.04022 -14.0005 
v -7.58431 2.04022 -13.9346 
v -7.64965 1.99922 -13.9348 
v -8.52163 2.04022 -14.0005 
v -7.64965 2.04022 -14.0005 
v -7.64965 1.99922 -13.9348 
v -8.52163 1.99922 -13.9348 
v -7.64965 2.23199 -14.0005 
v -7.64965 2.04022 -14.0005 
v -8.52163 2.04022 -14.0005 
v -8.52163 2.23199 -14.0005 
v -7.64965 2.27312 -13.9345 
v -7.64965 2.23199 -14.0005 
v -8.52163 2.23199 -14.0005 
v -8.52163 2.27312 -13.9348 
v -7.64965 2.27312 -13.9345 
v -8.52163 2.27312 -13.9348 
v -8.36302 2.33447 -13.7822 
v -7.80527 2.33447 -13.7822 
v -8.52163 1.99922 -13.9348 
v -8.55312 2.04022 -13.9677 
v -8.52163 2.04022 -14.0005 
v -8.36302 2.33447 -13.2252 
v -7.80527 2.33447 -13.2252 
v -8.08354 2.33423 -13.5037 
v -8.08354 2.33423 -13.5037 
v -7.80527 2.33447 -13.7822 
v -8.36302 2.33447 -13.7822 
v -8.08354 2.33423 -13.5037 
v -7.80527 2.33447 -13.2252 
v -7.80527 2.33447 -13.7822 
v -8.36302 2.33447 -13.2252 
v -8.08354 2.33423 -13.5037 
v -8.36302 2.33447 -13.7822 
v -8.55312 2.04022 -13.9677 
v -8.55312 2.23199 -13.9676 
v -8.52163 2.23199 -14.0005 
v -8.52163 2.04022 -14.0005 
v -8.55312 2.04022 -13.9677 
v -8.52163 1.99922 -13.9348 
v -8.5846 2.04022 -13.9348 
v -8.55312 2.23199 -13.9676 
v -8.52163 2.27312 -13.9348 
v -8.52163 2.23199 -14.0005 
v -8.52163 2.27312 -13.071 
v -8.55312 2.23199 -13.0361 
v -8.52163 2.23199 -13.0012 
v -8.55312 2.23199 -13.0361 
v -8.5531 2.04022 -13.0361 
v -8.5216 2.04022 -13.0012 
v -8.52163 2.23199 -13.0012 
v -8.5531 2.04022 -13.0361 
v -8.5216 1.99928 -13.0709 
v -8.5216 2.04022 -13.0012 

vn -1 0 0 
vn -1 0 0 
vn -1 0 0 
vn -1 0 0 
vn 1 0 0 
vn 1 0 0 
vn 1 0 0 
vn 1 0 0 
vn 0.188976 0.96063 0.188976 
vn 0.188976 0.96063 -0.188976 
vn 0.141732 0.976378 -0.141732 
vn 0.141732 0.976378 0.141732 
vn 0 -1 0 
vn 0 -1 0 
vn 0 -1 0 
vn 0 -1 0 
vn 0 -1 0 
vn 0 -1 0 
vn 0 -1 0 
vn 0 -1 0 
vn 0 -1 0 
vn 0 -1 0 
vn 0 -1 0 
vn 0 -1 0 
vn -0.543307 -0.834646 0 
vn -0.543307 -0.834646 0 
vn -0.543307 -0.834646 0 
vn -0.543307 -0.834646 0 
vn 0.527559 -0.850394 0 
vn 0.527559 -0.850394 0 
vn 0.527559 -0.850394 0 
vn 0.527559 -0.850394 0 
vn 0.141732 0.976378 0.141732 
vn -0.141732 0.976378 0.141732 
vn -0.188976 0.96063 0.188976 
vn 0.188976 0.96063 0.188976 
vn 0 0.858268 0.511811 
vn 0 0.858268 0.511811 
vn 0 0.858268 0.511811 
vn 0 0.858268 0.511811 
vn 0 -0.866142 0.503937 
vn 0 -0.866142 0.503937 
vn 0 -0.866142 0.503937 
vn 0 -0.866142 0.503937 
vn 0 0 1 
vn 0 0 1 
vn 0 0 1 
vn 0 0 1 
vn -0.488189 -0.755906 0.440945 
vn -0.488189 -0.755906 0.440945 
vn -0.488189 -0.755906 0.440945 
vn -0.740157 0 0.669291 
vn -0.740157 0 0.669291 
vn -0.740157 0 0.669291 
vn -0.740157 0 0.669291 
vn -0.488189 0.748031 0.440945 
vn -0.488189 0.748031 0.440945 
vn -0.488189 0.748031 0.440945 
vn -0.543307 0.834646 0 
vn -0.543307 0.834646 0 
vn -0.543307 0.834646 0 
vn -0.543307 0.834646 0 
vn -0.141732 0.976378 0.141732 
vn -0.141732 0.976378 -0.141732 
vn -0.188976 0.96063 -0.188976 
vn -0.188976 0.96063 0.188976 
vn -0.488189 0.740157 -0.464567 
vn -0.488189 0.740157 -0.464567 
vn -0.488189 0.740157 -0.464567 
vn -0.724409 0 -0.692913 
vn -0.724409 0 -0.692913 
vn -0.724409 0 -0.692913 
vn -0.724409 0 -0.692913 
vn 0.480315 0.755906 0.448819 
vn 0.480315 0.755906 0.448819 
vn 0.480315 0.755906 0.448819 
vn 0.732283 0 0.685039 
vn 0.732283 0 0.685039 
vn 0.732283 0 0.685039 
vn 0.732283 0 0.685039 
vn 0.472441 -0.755906 0.448819 
vn 0.472441 -0.755906 0.448819 
vn 0.472441 -0.755906 0.448819 
vn 0.535433 0.84252 0 
vn 0.535433 0.84252 0 
vn 0.535433 0.84252 0 
vn 0.535433 0.84252 0 
vn 0.472441 0.748031 -0.464567 
vn 0.472441 0.748031 -0.464567 
vn 0.472441 0.748031 -0.464567 
vn 0.708661 0 -0.700787 
vn 0.708661 0 -0.700787 
vn 0.708661 0 -0.700787 
vn 0.708661 0 -0.700787 
vn 0.472441 -0.748031 -0.464567 
vn 0.472441 -0.748031 -0.464567 
vn 0.472441 -0.748031 -0.464567 
vn 0 -0.850394 -0.527559 
vn 0 -0.850394 -0.527559 
vn 0 -0.850394 -0.527559 
vn 0 -0.850394 -0.527559 
vn 0 0 -1 
vn 0 0 -1 
vn 0 0 -1 
vn 0 0 -1 
vn 0 0.850394 -0.527559 
vn 0 0.850394 -0.527559 
vn 0 0.850394 -0.527559 
vn 0 0.850394 -0.527559 
vn 0.188976 0.96063 -0.188976 
vn -0.188976 0.96063 -0.188976 
vn -0.141732 0.976378 -0.141732 
vn 0.141732 0.976378 -0.141732 
vn -0.480315 -0.740157 -0.464567 
vn -0.480315 -0.740157 -0.464567 
vn -0.480315 -0.740157 -0.464567 
vn -0.141732 0.976378 0.141732 
vn 0.141732 0.976378 0.141732 
vn 0 1 0 
vn 0 1 0 
vn 0.141732 0.976378 -0.141732 
vn -0.141732 0.976378 -0.141732 
vn 0 1 0 
vn 0.141732 0.976378 0.141732 
vn 0.141732 0.976378 -0.141732 
vn -0.141732 0.976378 0.141732 
vn 0 1 0 
vn -0.141732 0.976378 -0.141732 
vn -0.724409 0 -0.692913 
vn -0.724409 0 -0.692913 
vn -0.724409 0 -0.692913 
vn -0.724409 0 -0.692913 
vn -0.480315 -0.740157 -0.464567 
vn -0.480315 -0.740157 -0.464567 
vn -0.480315 -0.740157 -0.464567 
vn -0.488189 0.740157 -0.464567 
vn -0.488189 0.740157 -0.464567 
vn -0.488189 0.740157 -0.464567 
vn -0.488189 0.748031 0.440945 
vn -0.488189 0.748031 0.440945 
vn -0.488189 0.748031 0.440945 
vn -0.740157 0 0.669291 
vn -0.740157 0 0.669291 
vn -0.740157 0 0.669291 
vn -0.740157 0 0.669291 
vn -0.488189 -0.755906 0.440945 
vn -0.488189 -0.755906 0.440945 
vn -0.488189 -0.755906 0.440945 

vt 0.745968 0.753817 
vt 0.804901 0.753817 
vt 0.804901 0.765795 
vt 0.745968 0.765795 
vt 0.867267 0.785284 
vt 0.808642 0.785284 
vt 0.808642 0.773127 
vt 0.867267 0.773127 
vt 0.90052 0.736488 
vt 0.931519 0.736488 
vt 0.926376 0.741912 
vt 0.905729 0.741912 
vt 0.96704 0.755957 
vt 0.997952 0.787026 
vt 0.935616 0.787026 
vt 0.935616 0.72471 
vt 0.997953 0.724711 
vt 0.96704 0.755957 
vt 0.935616 0.787026 
vt 0.935616 0.72471 
vt 0.96704 0.755957 
vt 0.997952 0.787026 
vt 0.96704 0.755957 
vt 0.997953 0.724711 
vt 0.804901 0.753817 
vt 0.745968 0.753817 
vt 0.74432 0.752108 
vt 0.806514 0.752108 
vt 0.867267 0.773127 
vt 0.808642 0.773127 
vt 0.806664 0.77168 
vt 0.86921 0.77168 
vt 0.905729 0.741912 
vt 0.905729 0.761882 
vt 0.900521 0.767411 
vt 0.90052 0.736488 
vt 0.746003 0.78534 
vt 0.804752 0.785284 
vt 0.806664 0.787087 
vt 0.74422 0.787143 
vt 0.804752 0.773127 
vt 0.746003 0.773272 
vt 0.74422 0.771695 
vt 0.806664 0.77168 
vt 0.746003 0.78534 
vt 0.746003 0.773272 
vt 0.804752 0.773127 
vt 0.804752 0.785284 
vt 0.806514 0.752108 
vt 0.806514 0.753817 
vt 0.804901 0.753817 
vt 0.806514 0.753817 
vt 0.806514 0.765795 
vt 0.804901 0.765795 
vt 0.804901 0.753817 
vt 0.804901 0.765795 
vt 0.806514 0.765795 
vt 0.806514 0.76757 
vt 0.745968 0.765795 
vt 0.804901 0.765795 
vt 0.806514 0.76757 
vt 0.74432 0.76757 
vt 0.905729 0.761882 
vt 0.926376 0.761882 
vt 0.931528 0.767411 
vt 0.900521 0.767411 
vt 0.74432 0.76757 
vt 0.74432 0.765795 
vt 0.745968 0.765795 
vt 0.745968 0.753817 
vt 0.745968 0.765795 
vt 0.74432 0.765795 
vt 0.74432 0.753817 
vt 0.804752 0.785284 
vt 0.808642 0.785284 
vt 0.806664 0.787086 
vt 0.808642 0.773127 
vt 0.808642 0.785284 
vt 0.804752 0.785284 
vt 0.804752 0.773127 
vt 0.808642 0.773127 
vt 0.804752 0.773127 
vt 0.806664 0.77168 
vt 0.808642 0.785284 
vt 0.867267 0.785284 
vt 0.86921 0.787086 
vt 0.806664 0.787086 
vt 0.867267 0.785284 
vt 0.871045 0.785284 
vt 0.86921 0.787086 
vt 0.867267 0.785284 
vt 0.867267 0.773127 
vt 0.871045 0.773127 
vt 0.871045 0.785284 
vt 0.871045 0.773127 
vt 0.867267 0.773127 
vt 0.86921 0.77168 
vt 0.929792 0.773119 
vt 0.871045 0.773127 
vt 0.86921 0.77168 
vt 0.931581 0.77168 
vt 0.871045 0.785284 
vt 0.871045 0.773127 
vt 0.929792 0.773119 
vt 0.929792 0.78534 
vt 0.86921 0.787086 
vt 0.871045 0.785284 
vt 0.929792 0.78534 
vt 0.931581 0.787143 
vt 0.931519 0.736488 
vt 0.931528 0.767411 
vt 0.926376 0.761882 
vt 0.926376 0.741912 
vt 0.931581 0.771709 
vt 0.931581 0.773119 
vt 0.929792 0.773119 
vt 0.905729 0.761882 
vt 0.905729 0.741912 
vt 0.916359 0.751833 
vt 0.916359 0.751833 
vt 0.926376 0.741912 
vt 0.926376 0.761882 
vt 0.916359 0.751833 
vt 0.905729 0.741912 
vt 0.926376 0.741912 
vt 0.905729 0.761882 
vt 0.916359 0.751833 
vt 0.926376 0.761882 
vt 0.931581 0.773119 
vt 0.931581 0.78534 
vt 0.929792 0.78534 
vt 0.929792 0.773119 
vt 0.74432 0.753817 
vt 0.74432 0.752108 
vt 0.745968 0.753817 
vt 0.931581 0.78534 
vt 0.931581 0.787143 
vt 0.929792 0.78534 
vt 0.74422 0.787143 
vt 0.74422 0.785368 
vt 0.746003 0.78534 
vt 0.74422 0.785368 
vt 0.74422 0.773345 
vt 0.746003 0.773272 
vt 0.746003 0.78534 
vt 0.74422 0.773345 
vt 0.74422 0.771695 
vt 0.746003 0.773272 

usemtl KillerRobot1Mtl

f 2713/2713/2713 2714/2714/2714 2715/2715/2715 
f 2713/2713/2713 2715/2715/2715 2716/2716/2716 
f 2717/2717/2717 2718/2718/2718 2719/2719/2719 
f 2717/2717/2717 2719/2719/2719 2720/2720/2720 
f 2721/2721/2721 2722/2722/2722 2723/2723/2723 
f 2721/2721/2721 2723/2723/2723 2724/2724/2724 
f 2725/2725/2725 2726/2726/2726 2727/2727/2727 
f 2728/2728/2728 2729/2729/2729 2730/2730/2730 
f 2731/2731/2731 2732/2732/2732 2733/2733/2733 
f 2734/2734/2734 2735/2735/2735 2736/2736/2736 
f 2737/2737/2737 2738/2738/2738 2739/2739/2739 
f 2737/2737/2737 2739/2739/2739 2740/2740/2740 
f 2741/2741/2741 2742/2742/2742 2743/2743/2743 
f 2741/2741/2741 2743/2743/2743 2744/2744/2744 
f 2745/2745/2745 2746/2746/2746 2747/2747/2747 
f 2745/2745/2745 2747/2747/2747 2748/2748/2748 
f 2749/2749/2749 2750/2750/2750 2751/2751/2751 
f 2749/2749/2749 2751/2751/2751 2752/2752/2752 
f 2753/2753/2753 2754/2754/2754 2755/2755/2755 
f 2753/2753/2753 2755/2755/2755 2756/2756/2756 
f 2757/2757/2757 2758/2758/2758 2759/2759/2759 
f 2757/2757/2757 2759/2759/2759 2760/2760/2760 
f 2761/2761/2761 2762/2762/2762 2763/2763/2763 
f 2764/2764/2764 2765/2765/2765 2766/2766/2766 
f 2764/2764/2764 2766/2766/2766 2767/2767/2767 
f 2768/2768/2768 2769/2769/2769 2770/2770/2770 
f 2771/2771/2771 2772/2772/2772 2773/2773/2773 
f 2771/2771/2771 2773/2773/2773 2774/2774/2774 
f 2775/2775/2775 2776/2776/2776 2777/2777/2777 
f 2775/2775/2775 2777/2777/2777 2778/2778/2778 
f 2779/2779/2779 2780/2780/2780 2781/2781/2781 
f 2782/2782/2782 2783/2783/2783 2784/2784/2784 
f 2782/2782/2782 2784/2784/2784 2785/2785/2785 
f 2786/2786/2786 2787/2787/2787 2788/2788/2788 
f 2789/2789/2789 2790/2790/2790 2791/2791/2791 
f 2789/2789/2789 2791/2791/2791 2792/2792/2792 
f 2793/2793/2793 2794/2794/2794 2795/2795/2795 
f 2796/2796/2796 2797/2797/2797 2798/2798/2798 
f 2796/2796/2796 2798/2798/2798 2799/2799/2799 
f 2800/2800/2800 2801/2801/2801 2802/2802/2802 
f 2803/2803/2803 2804/2804/2804 2805/2805/2805 
f 2803/2803/2803 2805/2805/2805 2806/2806/2806 
f 2807/2807/2807 2808/2808/2808 2809/2809/2809 
f 2810/2810/2810 2811/2811/2811 2812/2812/2812 
f 2810/2810/2810 2812/2812/2812 2813/2813/2813 
f 2814/2814/2814 2815/2815/2815 2816/2816/2816 
f 2814/2814/2814 2816/2816/2816 2817/2817/2817 
f 2818/2818/2818 2819/2819/2819 2820/2820/2820 
f 2818/2818/2818 2820/2820/2820 2821/2821/2821 
f 2822/2822/2822 2823/2823/2823 2824/2824/2824 
f 2822/2822/2822 2824/2824/2824 2825/2825/2825 
f 2826/2826/2826 2827/2827/2827 2828/2828/2828 
f 2829/2829/2829 2830/2830/2830 2831/2831/2831 
f 2832/2832/2832 2833/2833/2833 2834/2834/2834 
f 2835/2835/2835 2836/2836/2836 2837/2837/2837 
f 2838/2838/2838 2839/2839/2839 2840/2840/2840 
f 2841/2841/2841 2842/2842/2842 2843/2843/2843 
f 2841/2841/2841 2843/2843/2843 2844/2844/2844 
f 2845/2845/2845 2846/2846/2846 2847/2847/2847 
f 2848/2848/2848 2849/2849/2849 2850/2850/2850 
f 2851/2851/2851 2852/2852/2852 2853/2853/2853 
f 2854/2854/2854 2855/2855/2855 2856/2856/2856 
f 2854/2854/2854 2856/2856/2856 2857/2857/2857 
f 2858/2858/2858 2859/2859/2859 2860/2860/2860 

g KillerRobot10

v -8.23579 3.52089 -13.9196 
v -8.22534 3.48873 -13.9531 
v -8.35513 3.4226 -13.9531 
v -8.37501 3.44996 -13.9196 
v -8.37501 3.44996 -13.9196 
v -8.35513 3.4226 -13.9531 
v -8.45814 3.3196 -13.9531 
v -8.48549 3.33948 -13.9196 
v -8.48549 3.33948 -13.9196 
v -8.45814 3.3196 -13.9531 
v -8.52433 3.18968 -13.9531 
v -8.55643 3.20026 -13.9196 
v -8.55643 3.20026 -13.9196 
v -8.52433 3.18968 -13.9531 
v -8.54564 3.05936 -13.9689 
v -8.57904 3.05936 -13.9355 
v -8.2149 3.45657 -13.0176 
v -8.22534 3.48873 -13.0512 
v -8.35513 3.4226 -13.0512 
v -8.33526 3.39525 -13.0176 
v -8.33526 3.39525 -13.0176 
v -8.35513 3.4226 -13.0512 
v -8.45814 3.3196 -13.0512 
v -8.43078 3.29973 -13.0176 
v -8.43078 3.29973 -13.0176 
v -8.45814 3.3196 -13.0512 
v -8.52433 3.18968 -13.0512 
v -8.49224 3.1791 -13.0176 
v -8.49224 3.1791 -13.0176 
v -8.52433 3.18968 -13.0512 
v -8.54564 3.05937 -13.0354 
v -8.51224 3.05937 -13.002 
v -8.51224 2.34718 -14.0023 
v -8.54564 2.34718 -13.9689 
v -8.54564 3.05936 -13.9689 
v -8.51224 3.05936 -14.0023 
v -8.51224 3.05937 -13.002 
v -8.54564 3.05937 -13.0354 
v -8.54564 2.34718 -13.0354 
v -8.51224 2.34718 -13.002 
v -8.23579 3.52089 -13.9196 
v -8.37501 3.44996 -13.9196 
v -8.37501 3.44996 -13.0848 
v -8.23579 3.52089 -13.0848 
v -8.37501 3.44996 -13.9196 
v -8.48549 3.33948 -13.9196 
v -8.48549 3.33948 -13.0848 
v -8.37501 3.44996 -13.0848 
v -8.48549 3.33948 -13.9196 
v -8.55643 3.20026 -13.9196 
v -8.55643 3.20026 -13.0848 
v -8.48549 3.33948 -13.0848 
v -8.57904 3.05936 -13.9355 
v -8.57904 2.34717 -13.9355 
v -8.57904 2.34717 -13.0688 
v -8.57904 3.05937 -13.0688 
v -8.55643 3.20026 -13.9196 
v -8.57904 3.05936 -13.9355 
v -8.57904 3.05937 -13.0688 
v -8.55643 3.20026 -13.0848 
v -8.07635 2.27431 -13.9565 
v -7.68505 2.27445 -13.9565 
v -7.68582 2.2744 -13.8941 
v -8.07636 2.27434 -13.8949 
v -8.51224 2.34718 -14.0023 
v -8.07635 2.34717 -14.0023 
v -8.07635 2.27431 -13.9565 
v -8.47277 2.27445 -13.9565 
v -8.07635 2.34717 -14.0023 
v -7.64558 2.34718 -14.0023 
v -7.68505 2.27445 -13.9565 
v -8.07635 2.27431 -13.9565 
v -7.64558 2.34718 -14.0023 
v -7.57879 2.34717 -13.9355 
v -7.62437 2.27427 -13.8958 
v -7.68505 2.27445 -13.9565 
v -7.57879 2.34717 -13.9355 
v -7.57879 2.34717 -13.0688 
v -7.62437 2.27427 -13.1085 
v -7.62437 2.27427 -13.8958 
v -7.57879 2.34717 -13.0688 
v -7.64558 2.34718 -13.002 
v -7.68505 2.27431 -13.0478 
v -7.62437 2.27427 -13.1085 
v -7.64558 2.34718 -13.002 
v -8.07635 2.34717 -13.002 
v -8.07635 2.27417 -13.0478 
v -7.68505 2.27431 -13.0478 
v -8.07635 2.34717 -13.002 
v -8.51224 2.34718 -13.002 
v -8.47277 2.27431 -13.0478 
v -8.07635 2.27417 -13.0478 
v -8.51224 2.34718 -13.002 
v -8.54564 2.34718 -13.0354 
v -8.50311 2.27429 -13.0782 
v -8.47277 2.27431 -13.0478 
v -8.57904 2.34717 -13.0688 
v -8.57904 2.34717 -13.9355 
v -8.53345 2.27427 -13.8958 
v -8.53345 2.27427 -13.1085 
v -8.57904 2.34717 -13.9355 
v -8.54564 2.34718 -13.9689 
v -8.50311 2.27436 -13.9261 
v -8.53345 2.27427 -13.8958 
v -8.07635 3.50906 -13.9097 
v -8.11221 3.53984 -13.9196 
v -8.11221 3.53984 -13.0848 
v -8.07635 3.50906 -13.0979 
v -8.07635 3.50906 -13.9097 
v -8.07635 3.46341 -13.9558 
v -8.11098 3.47241 -13.9867 
v -8.1116 3.50612 -13.9531 
v -8.11098 3.47241 -13.9867 
v -8.07635 3.46341 -13.9558 
v -8.07635 3.09444 -13.9685 
v -8.11015 3.05906 -14.0023 
v -7.57879 3.05906 -13.9355 
v -7.61374 3.09444 -13.9209 
v -7.61374 3.09444 -13.0834 
v -7.57879 3.05906 -13.0688 
v -7.61374 3.09444 -13.9209 
v -7.57879 3.05906 -13.9355 
v -7.64558 3.05906 -14.0023 
v -7.64558 3.09444 -13.9653 
v -7.64558 3.09444 -13.9653 
v -7.64558 3.05906 -14.0023 
v -8.11015 3.05906 -14.0023 
v -8.07635 3.09444 -13.9685 
v -8.11221 3.53984 -13.0848 
v -8.1116 3.50612 -13.0512 
v -8.07635 3.50906 -13.0979 
v -8.07635 3.46341 -13.0489 
v -8.11098 3.47241 -13.0176 
v -8.11015 3.05906 -13.002 
v -8.07635 3.09444 -13.0358 
v -7.64558 3.05906 -13.002 
v -7.64558 3.09444 -13.039 
v -8.07635 3.09444 -13.0358 
v -8.11015 3.05906 -13.002 
v -7.64558 3.09444 -13.039 
v -7.64558 3.05906 -13.002 
v -7.57879 3.05906 -13.0688 
v -7.61374 3.09444 -13.0834 
v -8.2149 3.45657 -13.9867 
v -8.22534 3.48873 -13.9531 
v -8.1116 3.50612 -13.9531 
v -8.11098 3.47241 -13.9867 
v -8.23579 3.52089 -13.0848 
v -8.22534 3.48873 -13.0512 
v -8.1116 3.50612 -13.0512 
v -8.11221 3.53984 -13.0848 
v -7.64558 3.05906 -14.0023 
v -7.57879 3.05906 -13.9355 
v -7.57879 2.34717 -13.9355 
v -7.64558 2.34718 -14.0023 
v -7.64558 2.34718 -13.002 
v -7.57879 2.34717 -13.0688 
v -7.57879 3.05906 -13.0688 
v -7.64558 3.05906 -13.002 
v -8.11221 3.53984 -13.9196 
v -8.23579 3.52089 -13.9196 
v -8.23579 3.52089 -13.0848 
v -8.11221 3.53984 -13.0848 
v -8.51224 2.34718 -14.0023 
v -8.51224 3.05936 -14.0023 
v -8.11015 3.05906 -14.0023 
v -8.07635 2.34717 -14.0023 
v -8.51224 3.05937 -13.002 
v -8.51224 2.34718 -13.002 
v -8.07635 2.34717 -13.002 
v -8.11015 3.05906 -13.002 
v -7.64558 3.05906 -14.0023 
v -7.64558 2.34718 -14.0023 
v -8.07635 2.34717 -14.0023 
v -8.11015 3.05906 -14.0023 
v -7.57879 2.34717 -13.9355 
v -7.57879 3.05906 -13.9355 
v -7.57879 3.05906 -13.0688 
v -7.57879 2.34717 -13.0688 
v -7.64558 2.34718 -13.002 
v -7.64558 3.05906 -13.002 
v -8.11015 3.05906 -13.002 
v -8.07635 2.34717 -13.002 
v -8.33526 3.39525 -13.9867 
v -8.2149 3.45657 -13.9867 
v -8.11015 3.05906 -14.0023 
v -8.43078 3.29973 -13.9867 
v -8.33526 3.39525 -13.9867 
v -8.11015 3.05906 -14.0023 
v -8.49224 3.1791 -13.9867 
v -8.43078 3.29973 -13.9867 
v -8.11015 3.05906 -14.0023 
v -8.51224 3.05936 -14.0023 
v -8.49224 3.1791 -13.9867 
v -8.11015 3.05906 -14.0023 
v -8.2149 3.45657 -13.9867 
v -8.11098 3.47241 -13.9867 
v -8.11015 3.05906 -14.0023 
v -8.2149 3.45657 -13.0176 
v -8.33526 3.39525 -13.0176 
v -8.11015 3.05906 -13.002 
v -8.33526 3.39525 -13.0176 
v -8.43078 3.29973 -13.0176 
v -8.11015 3.05906 -13.002 
v -8.43078 3.29973 -13.0176 
v -8.49224 3.1791 -13.0176 
v -8.11015 3.05906 -13.002 
v -8.49224 3.1791 -13.0176 
v -8.51224 3.05937 -13.002 
v -8.11015 3.05906 -13.002 
v -8.11098 3.47241 -13.0176 
v -8.2149 3.45657 -13.0176 
v -8.11015 3.05906 -13.002 
v -7.61374 3.09444 -13.9209 
v -7.64558 3.09444 -13.9653 
v -7.64558 3.09444 -13.039 
v -7.61374 3.09444 -13.0834 
v -8.07635 3.46341 -13.9558 
v -8.07635 3.50906 -13.9097 
v -8.07635 3.50906 -13.0979 
v -8.07635 3.46341 -13.0489 
v -7.64558 3.09444 -13.039 
v -8.07635 3.09444 -13.9685 
v -8.07635 3.09444 -13.0358 
v -8.07635 3.09444 -13.9685 
v -8.07635 3.46341 -13.0489 
v -8.07635 3.09444 -13.0358 
v -8.07637 2.27427 -13.1085 
v -7.69557 2.27427 -13.1085 
v -7.68505 2.27431 -13.0478 
v -8.07635 2.27417 -13.0478 
v -7.62437 2.27427 -13.8958 
v -7.68582 2.2744 -13.8941 
v -7.68505 2.27445 -13.9565 
v -7.68505 2.27431 -13.0478 
v -7.69557 2.27427 -13.1085 
v -7.62437 2.27427 -13.1085 
v -7.69557 2.27427 -13.1085 
v -7.68582 2.2744 -13.8941 
v -7.62437 2.27427 -13.8958 
v -7.62437 2.27427 -13.1085 
v -8.07636 2.27434 -13.8949 
v -7.68582 2.2744 -13.8941 
v -7.69557 2.27427 -13.1085 
v -8.07637 2.27427 -13.1085 
v -8.47457 2.27427 -13.1085 
v -8.47277 2.27431 -13.0478 
v -8.50311 2.27429 -13.0782 
v -8.53345 2.27427 -13.8958 
v -8.47445 2.27428 -13.8957 
v -8.47457 2.27427 -13.1085 
v -8.53345 2.27427 -13.1085 
v -8.47445 2.27428 -13.8957 
v -8.53345 2.27427 -13.8958 
v -8.50311 2.27436 -13.9261 
v -7.64558 3.09444 -13.9653 
v -8.07635 3.09444 -13.9685 
v -7.64558 3.09444 -13.039 
v -8.07635 3.09444 -13.9685 
v -8.07635 3.46341 -13.9558 
v -8.07635 3.46341 -13.0489 
v -8.07635 2.27417 -13.0478 
v -8.47277 2.27431 -13.0478 
v -8.47457 2.27427 -13.1085 
v -8.07637 2.27427 -13.1085 
v -8.07637 2.27427 -13.1085 
v -8.47457 2.27427 -13.1085 
v -8.47445 2.27428 -13.8957 
v -8.07636 2.27434 -13.8949 
v -8.07636 2.27434 -13.8949 
v -8.47445 2.27428 -13.8957 
v -8.47277 2.27445 -13.9565 
v -8.07635 2.27431 -13.9565 
v -8.22534 3.48873 -13.0512 
v -8.23579 3.52089 -13.0848 
v -8.37501 3.44996 -13.0848 
v -8.35513 3.4226 -13.0512 
v -8.35513 3.4226 -13.0512 
v -8.37501 3.44996 -13.0848 
v -8.48549 3.33948 -13.0848 
v -8.45814 3.3196 -13.0512 
v -8.45814 3.3196 -13.0512 
v -8.48549 3.33948 -13.0848 
v -8.55643 3.20026 -13.0848 
v -8.52433 3.18968 -13.0512 
v -8.52433 3.18968 -13.0512 
v -8.55643 3.20026 -13.0848 
v -8.57904 3.05937 -13.0688 
v -8.54564 3.05937 -13.0354 
v -8.54564 3.05937 -13.0354 
v -8.57904 3.05937 -13.0688 
v -8.57904 2.34717 -13.0688 
v -8.54564 2.34718 -13.0354 
v -8.54564 2.34718 -13.0354 
v -8.57904 2.34717 -13.0688 
v -8.53345 2.27427 -13.1085 
v -8.50311 2.27429 -13.0782 
v -8.22534 3.48873 -13.0512 
v -8.2149 3.45657 -13.0176 
v -8.11098 3.47241 -13.0176 
v -8.1116 3.50612 -13.0512 
v -8.50311 2.27429 -13.0782 
v -8.53345 2.27427 -13.1085 
v -8.47457 2.27427 -13.1085 
v -8.1116 3.50612 -13.0512 
v -8.11098 3.47241 -13.0176 
v -8.07635 3.46341 -13.0489 
v -8.07635 3.50906 -13.0979 
v -8.22534 3.48873 -13.9531 
v -8.2149 3.45657 -13.9867 
v -8.33526 3.39525 -13.9867 
v -8.35513 3.4226 -13.9531 
v -8.35513 3.4226 -13.9531 
v -8.33526 3.39525 -13.9867 
v -8.43078 3.29973 -13.9867 
v -8.45814 3.3196 -13.9531 
v -8.45814 3.3196 -13.9531 
v -8.43078 3.29973 -13.9867 
v -8.49224 3.1791 -13.9867 
v -8.52433 3.18968 -13.9531 
v -8.52433 3.18968 -13.9531 
v -8.49224 3.1791 -13.9867 
v -8.51224 3.05936 -14.0023 
v -8.54564 3.05936 -13.9689 
v -8.54564 2.34718 -13.9689 
v -8.57904 2.34717 -13.9355 
v -8.57904 3.05936 -13.9355 
v -8.54564 3.05936 -13.9689 
v -8.54564 2.34718 -13.9689 
v -8.51224 2.34718 -14.0023 
v -8.47277 2.27445 -13.9565 
v -8.50311 2.27436 -13.9261 
v -8.22534 3.48873 -13.9531 
v -8.23579 3.52089 -13.9196 
v -8.11221 3.53984 -13.9196 
v -8.1116 3.50612 -13.9531 
v -8.50311 2.27436 -13.9261 
v -8.47277 2.27445 -13.9565 
v -8.47445 2.27428 -13.8957 
v -8.1116 3.50612 -13.9531 
v -8.11221 3.53984 -13.9196 
v -8.07635 3.50906 -13.9097 

vn -0.212598 0.669291 -0.708661 
vn -0.212598 0.669291 -0.708661 
vn -0.417323 0.566929 -0.708661 
vn -0.417323 0.566929 -0.708661 
vn -0.417323 0.566929 -0.708661 
vn -0.417323 0.566929 -0.708661 
vn -0.566929 0.417323 -0.708661 
vn -0.566929 0.417323 -0.708661 
vn -0.566929 0.417323 -0.708661 
vn -0.566929 0.417323 -0.708661 
vn -0.661417 0.259843 -0.708661 
vn -0.661417 0.259843 -0.708661 
vn -0.661417 0.259843 -0.708661 
vn -0.661417 0.259843 -0.708661 
vn -0.700787 0.102362 -0.708661 
vn -0.700787 0.0944882 -0.708661 
vn -0.212598 0.669291 0.708661 
vn -0.212598 0.669291 0.708661 
vn -0.417323 0.566929 0.708661 
vn -0.417323 0.566929 0.708661 
vn -0.417323 0.566929 0.708661 
vn -0.417323 0.566929 0.708661 
vn -0.566929 0.417323 0.708661 
vn -0.566929 0.417323 0.708661 
vn -0.566929 0.417323 0.708661 
vn -0.566929 0.417323 0.708661 
vn -0.661417 0.259843 0.708661 
vn -0.661417 0.259843 0.700787 
vn -0.661417 0.259843 0.700787 
vn -0.661417 0.259843 0.708661 
vn -0.700787 0.102362 0.708661 
vn -0.700787 0.102362 0.708661 
vn -0.708661 0 -0.708661 
vn -0.708661 0 -0.708661 
vn -0.700787 0.102362 -0.708661 
vn -0.700787 0.102362 -0.708661 
vn -0.700787 0.102362 0.708661 
vn -0.700787 0.102362 0.708661 
vn -0.708661 0 0.708661 
vn -0.708661 0 0.708661 
vn -0.307087 0.952756 0 
vn -0.590551 0.811024 0 
vn -0.590551 0.811024 0 
vn -0.307087 0.952756 0 
vn -0.590551 0.811024 0 
vn -0.811024 0.590551 0 
vn -0.811024 0.590551 0 
vn -0.590551 0.811024 0 
vn -0.811024 0.590551 0 
vn -0.952756 0.307087 0 
vn -0.952756 0.307087 0 
vn -0.811024 0.590551 0 
vn -1 0.0787402 0 
vn -1 0 0 
vn -1 0 0 
vn -1 0.0787402 0 
vn -0.952756 0.307087 0 
vn -1 0.0787402 0 
vn -1 0.0787402 0 
vn -0.952756 0.307087 0 
vn 0 -1 0 
vn 0 -1 0 
vn 0 -1 0 
vn 0 -1 0 
vn 0 -0.535433 -0.84252 
vn 0 -0.535433 -0.84252 
vn 0 -0.535433 -0.84252 
vn 0 -0.535433 -0.84252 
vn 0 -0.535433 -0.84252 
vn 0 -0.535433 -0.84252 
vn 0 -0.535433 -0.84252 
vn 0 -0.535433 -0.84252 
vn 0.543307 -0.637795 -0.543307 
vn 0.543307 -0.637795 -0.543307 
vn 0.543307 -0.637795 -0.543307 
vn 0.543307 -0.637795 -0.543307 
vn 0.850394 -0.527559 0 
vn 0.850394 -0.527559 0 
vn 0.850394 -0.527559 0 
vn 0.850394 -0.527559 0 
vn 0.543307 -0.637795 0.543307 
vn 0.543307 -0.637795 0.543307 
vn 0.543307 -0.637795 0.543307 
vn 0.543307 -0.637795 0.543307 
vn 0 -0.535433 0.850394 
vn 0 -0.535433 0.850394 
vn 0 -0.535433 0.850394 
vn 0 -0.535433 0.850394 
vn 0 -0.535433 0.850394 
vn 0 -0.535433 0.850394 
vn 0 -0.535433 0.850394 
vn 0 -0.535433 0.850394 
vn -0.543307 -0.637795 0.543307 
vn -0.543307 -0.637795 0.543307 
vn -0.543307 -0.637795 0.543307 
vn -0.543307 -0.637795 0.543307 
vn -0.850394 -0.527559 0 
vn -0.850394 -0.527559 0 
vn -0.850394 -0.527559 0 
vn -0.850394 -0.527559 0 
vn -0.543307 -0.637795 -0.543307 
vn -0.543307 -0.637795 -0.543307 
vn -0.543307 -0.637795 -0.543307 
vn -0.543307 -0.637795 -0.543307 
vn 0.653543 0.755906 0 
vn 0.653543 0.755906 0 
vn 0.653543 0.755906 0 
vn 0.653543 0.755906 0 
vn 0.629921 0.551181 -0.543307 
vn 0.629921 0.551181 -0.543307 
vn 0.629921 0.551181 -0.543307 
vn 0.629921 0.551181 -0.543307 
vn 0.677165 0.023622 -0.732283 
vn 0.677165 0.023622 -0.732283 
vn 0.677165 0.023622 -0.732283 
vn 0.677165 0.023622 -0.732283 
vn 0.708661 0.700787 0 
vn 0.708661 0.700787 0 
vn 0.708661 0.700787 0 
vn 0.708661 0.700787 0 
vn 0.566929 0.645669 -0.503937 
vn 0.566929 0.645669 -0.503937 
vn 0.566929 0.645669 -0.503937 
vn 0.566929 0.645669 -0.503937 
vn 0 0.708661 -0.708661 
vn 0 0.708661 -0.708661 
vn 0 0.708661 -0.708661 
vn 0 0.708661 -0.708661 
vn 0.653543 0.535433 0.527559 
vn 0.653543 0.535433 0.527559 
vn 0.653543 0.535433 0.527559 
vn 0.685039 0.023622 0.732283 
vn 0.685039 0.023622 0.732283 
vn 0.685039 0.023622 0.732283 
vn 0.685039 0.023622 0.732283 
vn 0 0.708661 0.708661 
vn 0 0.708661 0.708661 
vn 0 0.708661 0.708661 
vn 0 0.708661 0.708661 
vn 0.566929 0.645669 0.503937 
vn 0.566929 0.645669 0.503937 
vn 0.566929 0.645669 0.503937 
vn 0.566929 0.645669 0.503937 
vn -0.212598 0.669291 -0.708661 
vn -0.212598 0.669291 -0.708661 
vn -0.110236 0.700787 -0.708661 
vn -0.110236 0.700787 -0.708661 
vn -0.212598 0.669291 0.708661 
vn -0.212598 0.669291 0.708661 
vn -0.110236 0.700787 0.708661 
vn -0.110236 0.700787 0.708661 
vn 0.708661 0 -0.708661 
vn 0.708661 0 -0.708661 
vn 0.708661 0 -0.708661 
vn 0.708661 0 -0.708661 
vn 0.708661 0 0.708661 
vn 0.708661 0 0.708661 
vn 0.708661 0 0.708661 
vn 0.708661 0 0.708661 
vn -0.149606 0.992126 0 
vn -0.307087 0.952756 0 
vn -0.307087 0.952756 0 
vn -0.149606 0.992126 0 
vn 0 0 -1 
vn 0 0.0629921 -1 
vn -0.00787402 0.015748 -1 
vn 0 0 -1 
vn 0 0.0629921 1 
vn 0 0 1 
vn 0 0 1 
vn -0.00787402 0.015748 1 
vn 0 0 -1 
vn 0 0 -1 
vn 0 0 -1 
vn -0.00787402 0.015748 -1 
vn 1 0 0 
vn 1 0 0 
vn 1 0 0 
vn 1 0 0 
vn 0 0 1 
vn 0 0 1 
vn -0.00787402 0.015748 1 
vn 0 0 1 
vn -0.023622 0.0314961 -1 
vn -0.00787402 0.0393701 -1 
vn -0.00787402 0.015748 -1 
vn -0.0314961 0.023622 -1 
vn -0.023622 0.0314961 -1 
vn -0.00787402 0.015748 -1 
vn -0.015748 0.0708661 -1 
vn -0.0314961 0.023622 -1 
vn -0.00787402 0.015748 -1 
vn 0 0.0629921 -1 
vn -0.015748 0.0708661 -1 
vn -0.00787402 0.015748 -1 
vn -0.00787402 0.0393701 -1 
vn -0.00787402 0.0393701 -1 
vn -0.00787402 0.015748 -1 
vn -0.00787402 0.0393701 1 
vn -0.023622 0.0314961 1 
vn -0.00787402 0.015748 1 
vn -0.023622 0.0314961 1 
vn -0.0314961 0.023622 1 
vn -0.00787402 0.015748 1 
vn -0.0314961 0.023622 1 
vn -0.015748 0.0708661 1 
vn -0.00787402 0.015748 1 
vn -0.015748 0.0708661 1 
vn 0 0.0629921 1 
vn -0.00787402 0.015748 1 
vn -0.00787402 0.0393701 1 
vn -0.00787402 0.0393701 1 
vn -0.00787402 0.015748 1 
vn 0 1 0 
vn 0 1 0 
vn 0 1 0 
vn 0 1 0 
vn 1 0 0 
vn 1 0 0 
vn 1 0 0 
vn 1 0 0 
vn 0 1 0 
vn 0 1 0 
vn 0 1 0 
vn 1 0 0 
vn 1 0 0 
vn 1 0 0 
vn 0 -1 0 
vn 0 -1 0 
vn 0 -1 0 
vn 0 -1 0 
vn 0 -1 0 
vn 0 -1 0 
vn 0 -1 0 
vn 0 -1 0 
vn 0 -1 0 
vn 0 -1 0 
vn 0 -1 0 
vn 0 -1 0 
vn 0 -1 0 
vn 0 -1 0 
vn 0 -1 0 
vn 0 -1 0 
vn 0 -1 0 
vn 0 -1 0 
vn 0 -1 0 
vn 0 -1 0 
vn 0 -1 0 
vn 0 -1 0 
vn 0 -1 0 
vn 0 -1 0 
vn 0 -1 0 
vn 0 -1 0 
vn 0 -1 0 
vn 0 -1 0 
vn 0 1 0 
vn 0 1 0 
vn 0 1 0 
vn 1 0 0 
vn 1 0 0 
vn 1 0 0 
vn 0 -1 0 
vn 0 -1 0 
vn 0 -1 0 
vn 0 -1 0 
vn 0 -1 0 
vn 0 -1 0 
vn 0 -1 0 
vn 0 -1 0 
vn 0 -1 0 
vn 0 -1 0 
vn 0 -1 0 
vn 0 -1 0 
vn -0.212598 0.669291 0.708661 
vn -0.212598 0.669291 0.708661 
vn -0.417323 0.566929 0.708661 
vn -0.417323 0.566929 0.708661 
vn -0.417323 0.566929 0.708661 
vn -0.417323 0.566929 0.708661 
vn -0.566929 0.417323 0.708661 
vn -0.566929 0.417323 0.708661 
vn -0.566929 0.417323 0.708661 
vn -0.566929 0.417323 0.708661 
vn -0.661417 0.259843 0.708661 
vn -0.661417 0.259843 0.708661 
vn -0.661417 0.259843 0.708661 
vn -0.661417 0.259843 0.708661 
vn -0.700787 0.0944882 0.708661 
vn -0.700787 0.102362 0.708661 
vn -0.700787 0.102362 0.708661 
vn -0.700787 0.0944882 0.708661 
vn -0.708661 0 0.708661 
vn -0.708661 0 0.708661 
vn -0.543307 -0.637795 0.543307 
vn -0.543307 -0.637795 0.543307 
vn -0.543307 -0.637795 0.543307 
vn -0.543307 -0.637795 0.543307 
vn -0.212598 0.669291 0.708661 
vn -0.212598 0.669291 0.708661 
vn -0.110236 0.700787 0.708661 
vn -0.110236 0.700787 0.708661 
vn 0 -1 0 
vn 0 -1 0 
vn 0 -1 0 
vn 0.637795 0.559055 0.527559 
vn 0.637795 0.559055 0.527559 
vn 0.637795 0.559055 0.527559 
vn 0.637795 0.559055 0.527559 
vn -0.212598 0.669291 -0.708661 
vn -0.212598 0.669291 -0.708661 
vn -0.417323 0.566929 -0.708661 
vn -0.417323 0.566929 -0.708661 
vn -0.417323 0.566929 -0.708661 
vn -0.417323 0.566929 -0.708661 
vn -0.566929 0.417323 -0.708661 
vn -0.566929 0.417323 -0.708661 
vn -0.566929 0.417323 -0.708661 
vn -0.566929 0.417323 -0.708661 
vn -0.661417 0.259843 -0.708661 
vn -0.661417 0.259843 -0.708661 
vn -0.661417 0.259843 -0.708661 
vn -0.661417 0.259843 -0.708661 
vn -0.700787 0.102362 -0.708661 
vn -0.700787 0.102362 -0.708661 
vn -0.708661 0 -0.708661 
vn -0.708661 0 -0.708661 
vn -0.700787 0.0944882 -0.708661 
vn -0.700787 0.102362 -0.708661 
vn -0.543307 -0.637795 -0.543307 
vn -0.543307 -0.637795 -0.543307 
vn -0.543307 -0.637795 -0.543307 
vn -0.543307 -0.637795 -0.543307 
vn -0.212598 0.669291 -0.708661 
vn -0.212598 0.669291 -0.708661 
vn -0.110236 0.700787 -0.708661 
vn -0.110236 0.700787 -0.708661 
vn 0 -1 0 
vn 0 -1 0 
vn 0 -1 0 
vn 0.629921 0.559055 -0.543307 
vn 0.629921 0.559055 -0.543307 
vn 0.629921 0.559055 -0.543307 

vt 0.916012 0.843895 
vt 0.915199 0.845559 
vt 0.923813 0.849083 
vt 0.925041 0.847987 
vt 0.925041 0.847987 
vt 0.923813 0.849083 
vt 0.929696 0.855846 
vt 0.93097 0.854905 
vt 0.93097 0.854905 
vt 0.929696 0.855846 
vt 0.93139 0.862566 
vt 0.933228 0.862576 
vt 0.933228 0.862576 
vt 0.93139 0.862566 
vt 0.931726 0.873303 
vt 0.933653 0.873303 
vt 0.765413 0.848869 
vt 0.764376 0.848029 
vt 0.75775 0.851384 
vt 0.758881 0.852246 
vt 0.758881 0.852246 
vt 0.75775 0.851384 
vt 0.752509 0.856295 
vt 0.75445 0.856917 
vt 0.75445 0.856917 
vt 0.752509 0.856295 
vt 0.749379 0.862621 
vt 0.751829 0.862953 
vt 0.751829 0.862953 
vt 0.749379 0.862621 
vt 0.74714 0.873296 
vt 0.74967 0.873296 
vt 0.929799 0.830149 
vt 0.931726 0.830149 
vt 0.931726 0.873303 
vt 0.929799 0.873303 
vt 0.746118 0.873303 
vt 0.744378 0.873303 
vt 0.744378 0.830149 
vt 0.746118 0.830149 
vt 0.931727 0.832038 
vt 0.931726 0.838058 
vt 0.994291 0.838199 
vt 0.994291 0.832179 
vt 0.931726 0.838058 
vt 0.931726 0.846478 
vt 0.994291 0.846619 
vt 0.994291 0.838199 
vt 0.931726 0.846478 
vt 0.931726 0.858206 
vt 0.994291 0.858168 
vt 0.994291 0.846619 
vt 0.933653 0.873303 
vt 0.933653 0.830149 
vt 0.992045 0.830149 
vt 0.992045 0.873303 
vt 0.931726 0.858206 
vt 0.931726 0.871978 
vt 0.994289 0.871978 
vt 0.994291 0.858168 
vt 0.810432 0.806542 
vt 0.810432 0.819812 
vt 0.808361 0.819812 
vt 0.808361 0.806657 
vt 0.929799 0.830149 
vt 0.900404 0.830149 
vt 0.900404 0.826301 
vt 0.929799 0.826301 
vt 0.900404 0.830149 
vt 0.871331 0.830149 
vt 0.871331 0.826301 
vt 0.900404 0.826301 
vt 0.871331 0.830149 
vt 0.867323 0.830149 
vt 0.867323 0.826301 
vt 0.871331 0.826301 
vt 0.867323 0.830149 
vt 0.808813 0.830149 
vt 0.808813 0.826301 
vt 0.867323 0.826301 
vt 0.808889 0.830149 
vt 0.804792 0.830149 
vt 0.804792 0.826301 
vt 0.808889 0.826301 
vt 0.804792 0.830149 
vt 0.772861 0.830149 
vt 0.772861 0.826301 
vt 0.804792 0.826301 
vt 0.772861 0.830149 
vt 0.746118 0.830149 
vt 0.746118 0.826301 
vt 0.772861 0.826301 
vt 0.746118 0.830149 
vt 0.744378 0.830149 
vt 0.744378 0.826301 
vt 0.746118 0.826301 
vt 0.992045 0.830149 
vt 0.933653 0.830149 
vt 0.933653 0.826301 
vt 0.992045 0.826301 
vt 0.933653 0.830149 
vt 0.931726 0.830149 
vt 0.931726 0.826301 
vt 0.933653 0.826301 
vt 0.938768 0.871979 
vt 0.931726 0.873303 
vt 0.994289 0.873303 
vt 0.987327 0.871979 
vt 0.771998 0.821329 
vt 0.773576 0.819806 
vt 0.775326 0.820964 
vt 0.775346 0.821553 
vt 0.775326 0.820964 
vt 0.773576 0.819806 
vt 0.773652 0.806309 
vt 0.775065 0.806309 
vt 0.772568 0.791159 
vt 0.771873 0.792786 
vt 0.747419 0.792786 
vt 0.746492 0.791159 
vt 0.771895 0.792784 
vt 0.772568 0.791159 
vt 0.775094 0.791159 
vt 0.773576 0.794048 
vt 0.773576 0.794048 
vt 0.775094 0.791159 
vt 0.775065 0.806309 
vt 0.773652 0.806309 
vt 0.994289 0.873303 
vt 0.994289 0.871978 
vt 0.987327 0.871979 
vt 0.745724 0.819803 
vt 0.744279 0.820782 
vt 0.744279 0.806308 
vt 0.745741 0.806309 
vt 0.744279 0.791159 
vt 0.745728 0.794048 
vt 0.745741 0.806309 
vt 0.744279 0.806308 
vt 0.745728 0.794048 
vt 0.744279 0.791159 
vt 0.746492 0.791159 
vt 0.747419 0.792786 
vt 0.914509 0.847156 
vt 0.915199 0.845559 
vt 0.906639 0.843425 
vt 0.906489 0.845021 
vt 0.763338 0.84719 
vt 0.764376 0.848029 
vt 0.771377 0.846111 
vt 0.771377 0.844898 
vt 0.871331 0.873303 
vt 0.867323 0.873303 
vt 0.867323 0.830149 
vt 0.871331 0.830149 
vt 0.804792 0.830149 
vt 0.808889 0.830149 
vt 0.808889 0.873304 
vt 0.804792 0.873304 
vt 0.931726 0.829026 
vt 0.931727 0.832038 
vt 0.994291 0.832179 
vt 0.994289 0.829026 
vt 0.929799 0.830149 
vt 0.929799 0.873303 
vt 0.903699 0.873303 
vt 0.900404 0.830149 
vt 0.746118 0.873303 
vt 0.746118 0.830149 
vt 0.772861 0.830149 
vt 0.77165 0.873304 
vt 0.871331 0.873303 
vt 0.871331 0.830149 
vt 0.900404 0.830149 
vt 0.903699 0.873303 
vt 0.867323 0.830149 
vt 0.867323 0.873303 
vt 0.808813 0.873303 
vt 0.808813 0.830149 
vt 0.804792 0.830149 
vt 0.804792 0.873304 
vt 0.77165 0.873304 
vt 0.772861 0.830149 
vt 0.922119 0.850169 
vt 0.914509 0.847156 
vt 0.903699 0.873303 
vt 0.928127 0.857119 
vt 0.922119 0.850169 
vt 0.903699 0.873303 
vt 0.929599 0.862555 
vt 0.928127 0.857119 
vt 0.903699 0.873303 
vt 0.929799 0.873303 
vt 0.929599 0.862555 
vt 0.903699 0.873303 
vt 0.914509 0.847156 
vt 0.906489 0.845021 
vt 0.903699 0.873303 
vt 0.765413 0.848869 
vt 0.758881 0.852246 
vt 0.77165 0.873304 
vt 0.758881 0.852246 
vt 0.75445 0.856917 
vt 0.77165 0.873304 
vt 0.75445 0.856917 
vt 0.751829 0.862953 
vt 0.77165 0.873304 
vt 0.751829 0.862953 
vt 0.74967 0.873296 
vt 0.77165 0.873304 
vt 0.771377 0.847324 
vt 0.765413 0.848869 
vt 0.77165 0.873304 
vt 0.771895 0.792784 
vt 0.773576 0.794048 
vt 0.745728 0.794048 
vt 0.747325 0.792784 
vt 0.773576 0.819806 
vt 0.771998 0.821329 
vt 0.74755 0.821329 
vt 0.745728 0.819806 
vt 0.745728 0.794048 
vt 0.773576 0.806309 
vt 0.745741 0.806309 
vt 0.773576 0.806309 
vt 0.745728 0.819806 
vt 0.745741 0.806309 
vt 0.781598 0.806824 
vt 0.781598 0.819812 
vt 0.77959 0.819812 
vt 0.77959 0.806542 
vt 0.808361 0.822014 
vt 0.808361 0.819812 
vt 0.810432 0.819812 
vt 0.77959 0.819812 
vt 0.781598 0.819812 
vt 0.781598 0.822014 
vt 0.781598 0.819812 
vt 0.808361 0.819812 
vt 0.808361 0.822014 
vt 0.781598 0.822014 
vt 0.808361 0.806657 
vt 0.808361 0.819812 
vt 0.781598 0.819812 
vt 0.781598 0.806824 
vt 0.781598 0.793244 
vt 0.77959 0.793308 
vt 0.780594 0.792223 
vt 0.808361 0.791138 
vt 0.808361 0.793248 
vt 0.781598 0.793244 
vt 0.781598 0.791138 
vt 0.808361 0.793248 
vt 0.808361 0.791138 
vt 0.809397 0.792223 
vt 0.773576 0.794048 
vt 0.773576 0.806309 
vt 0.745728 0.794048 
vt 0.773576 0.806309 
vt 0.773576 0.819806 
vt 0.745728 0.819806 
vt 0.77959 0.806542 
vt 0.77959 0.793308 
vt 0.781598 0.793244 
vt 0.781598 0.806824 
vt 0.781598 0.806824 
vt 0.781598 0.793244 
vt 0.808361 0.793248 
vt 0.808361 0.806657 
vt 0.808361 0.806657 
vt 0.808361 0.793248 
vt 0.810432 0.793308 
vt 0.810432 0.806542 
vt 0.764376 0.848029 
vt 0.763338 0.84719 
vt 0.756619 0.850522 
vt 0.75775 0.851384 
vt 0.75775 0.851384 
vt 0.756619 0.850522 
vt 0.750569 0.855672 
vt 0.752509 0.856295 
vt 0.752509 0.856295 
vt 0.750569 0.855672 
vt 0.74693 0.86229 
vt 0.749379 0.862621 
vt 0.749379 0.862621 
vt 0.74693 0.86229 
vt 0.744378 0.873303 
vt 0.74714 0.873296 
vt 0.994289 0.873303 
vt 0.992045 0.873303 
vt 0.992045 0.830149 
vt 0.994289 0.830149 
vt 0.994289 0.830149 
vt 0.992045 0.830149 
vt 0.992045 0.826301 
vt 0.994289 0.826301 
vt 0.764376 0.848029 
vt 0.765413 0.848869 
vt 0.771377 0.847324 
vt 0.771377 0.846111 
vt 0.780594 0.792223 
vt 0.781598 0.791138 
vt 0.781598 0.793244 
vt 0.744279 0.821462 
vt 0.744279 0.820782 
vt 0.745724 0.819803 
vt 0.74755 0.821329 
vt 0.915199 0.845559 
vt 0.914509 0.847156 
vt 0.922119 0.850169 
vt 0.923813 0.849083 
vt 0.923813 0.849083 
vt 0.922119 0.850169 
vt 0.928127 0.857119 
vt 0.929696 0.855846 
vt 0.929696 0.855846 
vt 0.928127 0.857119 
vt 0.929599 0.862555 
vt 0.93139 0.862566 
vt 0.93139 0.862566 
vt 0.929599 0.862555 
vt 0.929799 0.873303 
vt 0.931726 0.873303 
vt 0.931726 0.830149 
vt 0.933653 0.830149 
vt 0.933653 0.873303 
vt 0.931726 0.873303 
vt 0.931726 0.830149 
vt 0.929799 0.830149 
vt 0.929799 0.826301 
vt 0.931726 0.826301 
vt 0.915199 0.845559 
vt 0.916012 0.843895 
vt 0.906788 0.841895 
vt 0.906639 0.843425 
vt 0.809397 0.792223 
vt 0.810432 0.793308 
vt 0.808361 0.793248 
vt 0.931726 0.871978 
vt 0.931726 0.873303 
vt 0.938768 0.871979 

usemtl KillerRobot1Mtl

f 2861/2861/2861 2862/2862/2862 2863/2863/2863 
f 2861/2861/2861 2863/2863/2863 2864/2864/2864 
f 2865/2865/2865 2866/2866/2866 2867/2867/2867 
f 2865/2865/2865 2867/2867/2867 2868/2868/2868 
f 2869/2869/2869 2870/2870/2870 2871/2871/2871 
f 2869/2869/2869 2871/2871/2871 2872/2872/2872 
f 2873/2873/2873 2874/2874/2874 2875/2875/2875 
f 2873/2873/2873 2875/2875/2875 2876/2876/2876 
f 2877/2877/2877 2878/2878/2878 2879/2879/2879 
f 2877/2877/2877 2879/2879/2879 2880/2880/2880 
f 2881/2881/2881 2882/2882/2882 2883/2883/2883 
f 2881/2881/2881 2883/2883/2883 2884/2884/2884 
f 2885/2885/2885 2886/2886/2886 2887/2887/2887 
f 2885/2885/2885 2887/2887/2887 2888/2888/2888 
f 2889/2889/2889 2890/2890/2890 2891/2891/2891 
f 2889/2889/2889 2891/2891/2891 2892/2892/2892 
f 2893/2893/2893 2894/2894/2894 2895/2895/2895 
f 2893/2893/2893 2895/2895/2895 2896/2896/2896 
f 2897/2897/2897 2898/2898/2898 2899/2899/2899 
f 2897/2897/2897 2899/2899/2899 2900/2900/2900 
f 2901/2901/2901 2902/2902/2902 2903/2903/2903 
f 2901/2901/2901 2903/2903/2903 2904/2904/2904 
f 2905/2905/2905 2906/2906/2906 2907/2907/2907 
f 2905/2905/2905 2907/2907/2907 2908/2908/2908 
f 2909/2909/2909 2910/2910/2910 2911/2911/2911 
f 2909/2909/2909 2911/2911/2911 2912/2912/2912 
f 2913/2913/2913 2914/2914/2914 2915/2915/2915 
f 2913/2913/2913 2915/2915/2915 2916/2916/2916 
f 2917/2917/2917 2918/2918/2918 2919/2919/2919 
f 2917/2917/2917 2919/2919/2919 2920/2920/2920 
f 2921/2921/2921 2922/2922/2922 2923/2923/2923 
f 2921/2921/2921 2923/2923/2923 2924/2924/2924 
f 2925/2925/2925 2926/2926/2926 2927/2927/2927 
f 2925/2925/2925 2927/2927/2927 2928/2928/2928 
f 2929/2929/2929 2930/2930/2930 2931/2931/2931 
f 2929/2929/2929 2931/2931/2931 2932/2932/2932 
f 2933/2933/2933 2934/2934/2934 2935/2935/2935 
f 2933/2933/2933 2935/2935/2935 2936/2936/2936 
f 2937/2937/2937 2938/2938/2938 2939/2939/2939 
f 2937/2937/2937 2939/2939/2939 2940/2940/2940 
f 2941/2941/2941 2942/2942/2942 2943/2943/2943 
f 2941/2941/2941 2943/2943/2943 2944/2944/2944 
f 2945/2945/2945 2946/2946/2946 2947/2947/2947 
f 2945/2945/2945 2947/2947/2947 2948/2948/2948 
f 2949/2949/2949 2950/2950/2950 2951/2951/2951 
f 2949/2949/2949 2951/2951/2951 2952/2952/2952 
f 2953/2953/2953 2954/2954/2954 2955/2955/2955 
f 2953/2953/2953 2955/2955/2955 2956/2956/2956 
f 2957/2957/2957 2958/2958/2958 2959/2959/2959 
f 2957/2957/2957 2959/2959/2959 2960/2960/2960 
f 2961/2961/2961 2962/2962/2962 2963/2963/2963 
f 2961/2961/2961 2963/2963/2963 2964/2964/2964 
f 2965/2965/2965 2966/2966/2966 2967/2967/2967 
f 2965/2965/2965 2967/2967/2967 2968/2968/2968 
f 2969/2969/2969 2970/2970/2970 2971/2971/2971 
f 2969/2969/2969 2971/2971/2971 2972/2972/2972 
f 2973/2973/2973 2974/2974/2974 2975/2975/2975 
f 2973/2973/2973 2975/2975/2975 2976/2976/2976 
f 2977/2977/2977 2978/2978/2978 2979/2979/2979 
f 2977/2977/2977 2979/2979/2979 2980/2980/2980 
f 2981/2981/2981 2982/2982/2982 2983/2983/2983 
f 2981/2981/2981 2983/2983/2983 2984/2984/2984 
f 2985/2985/2985 2986/2986/2986 2987/2987/2987 
f 2985/2985/2985 2987/2987/2987 2988/2988/2988 
f 2989/2989/2989 2990/2990/2990 2991/2991/2991 
f 2992/2992/2992 2993/2993/2993 2994/2994/2994 
f 2992/2992/2992 2994/2994/2994 2995/2995/2995 
f 2996/2996/2996 2997/2997/2997 2998/2998/2998 
f 2996/2996/2996 2998/2998/2998 2999/2999/2999 
f 3000/3000/3000 3001/3001/3001 3002/3002/3002 
f 3000/3000/3000 3002/3002/3002 3003/3003/3003 
f 3004/3004/3004 3005/3005/3005 3006/3006/3006 
f 3004/3004/3004 3006/3006/3006 3007/3007/3007 
f 3008/3008/3008 3009/3009/3009 3010/3010/3010 
f 3008/3008/3008 3010/3010/3010 3011/3011/3011 
f 3012/3012/3012 3013/3013/3013 3014/3014/3014 
f 3012/3012/3012 3014/3014/3014 3015/3015/3015 
f 3016/3016/3016 3017/3017/3017 3018/3018/3018 
f 3016/3016/3016 3018/3018/3018 3019/3019/3019 
f 3020/3020/3020 3021/3021/3021 3022/3022/3022 
f 3020/3020/3020 3022/3022/3022 3023/3023/3023 
f 3024/3024/3024 3025/3025/3025 3026/3026/3026 
f 3024/3024/3024 3026/3026/3026 3027/3027/3027 
f 3028/3028/3028 3029/3029/3029 3030/3030/3030 
f 3028/3028/3028 3030/3030/3030 3031/3031/3031 
f 3032/3032/3032 3033/3033/3033 3034/3034/3034 
f 3032/3032/3032 3034/3034/3034 3035/3035/3035 
f 3036/3036/3036 3037/3037/3037 3038/3038/3038 
f 3036/3036/3036 3038/3038/3038 3039/3039/3039 
f 3040/3040/3040 3041/3041/3041 3042/3042/3042 
f 3040/3040/3040 3042/3042/3042 3043/3043/3043 
f 3044/3044/3044 3045/3045/3045 3046/3046/3046 
f 3047/3047/3047 3048/3048/3048 3049/3049/3049 
f 3050/3050/3050 3051/3051/3051 3052/3052/3052 
f 3053/3053/3053 3054/3054/3054 3055/3055/3055 
f 3056/3056/3056 3057/3057/3057 3058/3058/3058 
f 3059/3059/3059 3060/3060/3060 3061/3061/3061 
f 3062/3062/3062 3063/3063/3063 3064/3064/3064 
f 3065/3065/3065 3066/3066/3066 3067/3067/3067 
f 3068/3068/3068 3069/3069/3069 3070/3070/3070 
f 3071/3071/3071 3072/3072/3072 3073/3073/3073 
f 3074/3074/3074 3075/3075/3075 3076/3076/3076 
f 3074/3074/3074 3076/3076/3076 3077/3077/3077 
f 3078/3078/3078 3079/3079/3079 3080/3080/3080 
f 3078/3078/3078 3080/3080/3080 3081/3081/3081 
f 3082/3082/3082 3083/3083/3083 3084/3084/3084 
f 3085/3085/3085 3086/3086/3086 3087/3087/3087 
f 3088/3088/3088 3089/3089/3089 3090/3090/3090 
f 3088/3088/3088 3090/3090/3090 3091/3091/3091 
f 3092/3092/3092 3093/3093/3093 3094/3094/3094 
f 3095/3095/3095 3096/3096/3096 3097/3097/3097 
f 3098/3098/3098 3099/3099/3099 3100/3100/3100 
f 3098/3098/3098 3100/3100/3100 3101/3101/3101 
f 3102/3102/3102 3103/3103/3103 3104/3104/3104 
f 3102/3102/3102 3104/3104/3104 3105/3105/3105 
f 3106/3106/3106 3107/3107/3107 3108/3108/3108 
f 3109/3109/3109 3110/3110/3110 3111/3111/3111 
f 3109/3109/3109 3111/3111/3111 3112/3112/3112 
f 3113/3113/3113 3114/3114/3114 3115/3115/3115 
f 3116/3116/3116 3117/3117/3117 3118/3118/3118 
f 3119/3119/3119 3120/3120/3120 3121/3121/3121 
f 3122/3122/3122 3123/3123/3123 3124/3124/3124 
f 3122/3122/3122 3124/3124/3124 3125/3125/3125 
f 3126/3126/3126 3127/3127/3127 3128/3128/3128 
f 3126/3126/3126 3128/3128/3128 3129/3129/3129 
f 3130/3130/3130 3131/3131/3131 3132/3132/3132 
f 3130/3130/3130 3132/3132/3132 3133/3133/3133 
f 3134/3134/3134 3135/3135/3135 3136/3136/3136 
f 3134/3134/3134 3136/3136/3136 3137/3137/3137 
f 3138/3138/3138 3139/3139/3139 3140/3140/3140 
f 3138/3138/3138 3140/3140/3140 3141/3141/3141 
f 3142/3142/3142 3143/3143/3143 3144/3144/3144 
f 3142/3142/3142 3144/3144/3144 3145/3145/3145 
f 3146/3146/3146 3147/3147/3147 3148/3148/3148 
f 3146/3146/3146 3148/3148/3148 3149/3149/3149 
f 3150/3150/3150 3151/3151/3151 3152/3152/3152 
f 3150/3150/3150 3152/3152/3152 3153/3153/3153 
f 3154/3154/3154 3155/3155/3155 3156/3156/3156 
f 3154/3154/3154 3156/3156/3156 3157/3157/3157 
f 3158/3158/3158 3159/3159/3159 3160/3160/3160 
f 3158/3158/3158 3160/3160/3160 3161/3161/3161 
f 3162/3162/3162 3163/3163/3163 3164/3164/3164 
f 3165/3165/3165 3166/3166/3166 3167/3167/3167 
f 3165/3165/3165 3167/3167/3167 3168/3168/3168 
f 3169/3169/3169 3170/3170/3170 3171/3171/3171 
f 3169/3169/3169 3171/3171/3171 3172/3172/3172 
f 3173/3173/3173 3174/3174/3174 3175/3175/3175 
f 3173/3173/3173 3175/3175/3175 3176/3176/3176 
f 3177/3177/3177 3178/3178/3178 3179/3179/3179 
f 3177/3177/3177 3179/3179/3179 3180/3180/3180 
f 3181/3181/3181 3182/3182/3182 3183/3183/3183 
f 3181/3181/3181 3183/3183/3183 3184/3184/3184 
f 3185/3185/3185 3186/3186/3186 3187/3187/3187 
f 3185/3185/3185 3187/3187/3187 3188/3188/3188 
f 3189/3189/3189 3190/3190/3190 3191/3191/3191 
f 3189/3189/3189 3191/3191/3191 3192/3192/3192 
f 3193/3193/3193 3194/3194/3194 3195/3195/3195 
f 3193/3193/3193 3195/3195/3195 3196/3196/3196 
f 3197/3197/3197 3198/3198/3198 3199/3199/3199 
f 3200/3200/3200 3201/3201/3201 3202/3202/3202 

g KillerRobot11

v -8.24092 1.63067 -14.0755 
v -8.38014 1.55975 -14.0755 
v -8.36026 1.53239 -14.0429 
v -8.23047 1.59851 -14.0429 
v -8.22002 1.56635 -14.0102 
v -8.08148 1.58747 -14.0102 
v -8.08147 1.62129 -14.0429 
v -8.23047 1.59851 -14.0429 
v -8.38014 1.55975 -14.0755 
v -8.49063 1.44928 -14.0755 
v -8.46327 1.4294 -14.0429 
v -8.36026 1.53239 -14.0429 
v -8.49063 1.44928 -14.0755 
v -8.56158 1.31007 -14.0755 
v -8.52948 1.29949 -14.0429 
v -8.46327 1.4294 -14.0429 
v -8.56158 1.31007 -14.0755 
v -8.5842 1.17471 -14.0657 
v -8.5508 1.17194 -14.0323 
v -8.52948 1.29949 -14.0429 
v -7.60654 1.30999 -14.0755 
v -7.67747 1.44921 -14.0755 
v -7.70483 1.42933 -14.0429 
v -7.63864 1.29941 -14.0429 
v -7.67073 1.28883 -14.0102 
v -7.65074 1.16909 -13.9989 
v -7.61734 1.17186 -14.0323 
v -7.63864 1.29941 -14.0429 
v -7.67747 1.44921 -14.0755 
v -7.78794 1.5597 -14.0755 
v -7.80782 1.53235 -14.0429 
v -7.70483 1.42933 -14.0429 
v -7.78794 1.5597 -14.0755 
v -7.92715 1.63065 -14.0755 
v -7.9376 1.59849 -14.0429 
v -7.80782 1.53235 -14.0429 
v -7.92715 1.63065 -14.0755 
v -8.08147 1.6551 -14.0755 
v -8.08147 1.62129 -14.0429 
v -7.9376 1.59849 -14.0429 
v -8.24092 1.63067 -14.9225 
v -8.08147 1.6551 -14.9225 
v -8.08147 1.62129 -14.9552 
v -8.23047 1.59851 -14.9552 
v -8.22002 1.56635 -14.9878 
v -8.34039 1.50503 -14.9878 
v -8.36026 1.53239 -14.9552 
v -8.23047 1.59851 -14.9552 
v -8.34039 1.50503 -14.9878 
v -8.43592 1.40952 -14.9878 
v -8.46327 1.4294 -14.9552 
v -8.36026 1.53239 -14.9552 
v -8.43592 1.40952 -14.9878 
v -8.49739 1.2889 -14.9878 
v -8.52948 1.29949 -14.9552 
v -8.46327 1.4294 -14.9552 
v -8.49739 1.2889 -14.9878 
v -8.5174 1.16917 -14.9992 
v -8.5508 1.17194 -14.9658 
v -8.52948 1.29949 -14.9552 
v -7.60654 1.30999 -14.9225 
v -7.58395 1.17463 -14.9324 
v -7.61734 1.17186 -14.9658 
v -7.63864 1.29941 -14.9552 
v -7.67073 1.28884 -14.9878 
v -7.73218 1.40946 -14.9878 
v -7.70483 1.42933 -14.9552 
v -7.63864 1.29941 -14.9552 
v -7.73218 1.40946 -14.9878 
v -7.8277 1.50499 -14.9878 
v -7.80782 1.53235 -14.9552 
v -7.70483 1.42933 -14.9552 
v -7.8277 1.50499 -14.9878 
v -7.94806 1.56633 -14.9878 
v -7.9376 1.59849 -14.9552 
v -7.80782 1.53235 -14.9552 
v -7.94806 1.56633 -14.9878 
v -8.08148 1.58747 -14.9878 
v -8.08147 1.62129 -14.9552 
v -7.9376 1.59849 -14.9552 
v -8.51748 0.243704 -13.9989 
v -8.5174 1.16917 -13.9989 
v -8.5508 1.17194 -14.0323 
v -8.55088 0.240936 -14.0323 
v -8.5174 1.16917 -14.9992 
v -8.51748 0.243704 -14.9992 
v -8.55088 0.240936 -14.9658 
v -8.5508 1.17194 -14.9658 
v -7.65074 1.16909 -13.9989 
v -7.65082 0.243632 -13.9989 
v -7.61742 0.240859 -14.0323 
v -7.61734 1.17186 -14.0323 
v -7.65082 0.243632 -14.9992 
v -7.65074 1.16909 -14.9992 
v -7.61734 1.17186 -14.9658 
v -7.61742 0.240859 -14.9658 
v -8.24092 1.63067 -14.0755 
v -8.24092 1.63067 -14.9225 
v -8.38014 1.55975 -14.9225 
v -8.38014 1.55975 -14.0755 
v -8.38014 1.55975 -14.0755 
v -8.38014 1.55975 -14.9225 
v -8.49063 1.44928 -14.9225 
v -8.49063 1.44928 -14.0755 
v -8.49063 1.44928 -14.0755 
v -8.49063 1.44928 -14.9225 
v -8.56158 1.31007 -14.9225 
v -8.56158 1.31007 -14.0755 
v -7.60654 1.30999 -14.0755 
v -7.60654 1.30999 -14.9225 
v -7.67747 1.44921 -14.9225 
v -7.67747 1.44921 -14.0755 
v -7.67747 1.44921 -14.0755 
v -7.67747 1.44921 -14.9225 
v -7.78794 1.5597 -14.9225 
v -7.78794 1.5597 -14.0755 
v -7.78794 1.5597 -14.0755 
v -7.78794 1.5597 -14.9225 
v -7.92715 1.63065 -14.9225 
v -7.92715 1.63065 -14.0755 
v -7.92715 1.63065 -14.0755 
v -7.92715 1.63065 -14.9225 
v -8.08147 1.6551 -14.9225 
v -8.08147 1.6551 -14.0755 
v -8.08147 1.6551 -14.0755 
v -8.08147 1.6551 -14.9225 
v -8.24092 1.63067 -14.9225 
v -8.24092 1.63067 -14.0755 
v -8.51748 0.243704 -13.9989 
v -8.08159 0.238127 -13.9989 
v -8.08151 1.17467 -13.9989 
v -8.5174 1.16917 -13.9989 
v -8.5842 1.17471 -14.0657 
v -8.5842 1.17471 -14.9324 
v -8.58427 0.238169 -14.9324 
v -8.58427 0.238169 -14.0657 
v -8.5174 1.16917 -14.9992 
v -8.08151 1.17467 -14.9992 
v -8.08159 0.238127 -14.9992 
v -8.51748 0.243704 -14.9992 
v -7.65074 1.16909 -13.9989 
v -8.08151 1.17467 -13.9989 
v -8.08159 0.238127 -13.9989 
v -7.65082 0.243632 -13.9989 
v -7.58402 0.238086 -14.0657 
v -7.58402 0.238086 -14.9324 
v -7.58395 1.17463 -14.9324 
v -7.58395 1.17463 -14.0657 
v -7.65082 0.243632 -14.9992 
v -8.08159 0.238127 -14.9992 
v -8.08151 1.17467 -14.9992 
v -7.65074 1.16909 -14.9992 
v -8.56158 1.31007 -14.0755 
v -8.56158 1.31007 -14.9225 
v -8.5842 1.17471 -14.9324 
v -8.5842 1.17471 -14.0657 
v -7.58395 1.17463 -14.0657 
v -7.58395 1.17463 -14.9324 
v -7.60654 1.30999 -14.9225 
v -7.60654 1.30999 -14.0755 
v -8.34039 1.50503 -14.0102 
v -8.08151 1.17467 -13.9989 
v -8.22002 1.56635 -14.0102 
v -8.43592 1.40952 -14.0102 
v -8.08151 1.17467 -13.9989 
v -8.34039 1.50503 -14.0102 
v -8.49739 1.2889 -14.0102 
v -8.08151 1.17467 -13.9989 
v -8.43592 1.40952 -14.0102 
v -8.5174 1.16917 -13.9989 
v -8.08151 1.17467 -13.9989 
v -8.49739 1.2889 -14.0102 
v -7.67073 1.28883 -14.0102 
v -8.08151 1.17467 -13.9989 
v -7.65074 1.16909 -13.9989 
v -7.73218 1.40946 -14.0102 
v -8.08151 1.17467 -13.9989 
v -7.67073 1.28883 -14.0102 
v -7.8277 1.50499 -14.0102 
v -8.08151 1.17467 -13.9989 
v -7.73218 1.40946 -14.0102 
v -7.94806 1.56633 -14.0102 
v -8.08151 1.17467 -13.9989 
v -7.8277 1.50499 -14.0102 
v -8.08148 1.58747 -14.0102 
v -8.08151 1.17467 -13.9989 
v -7.94806 1.56633 -14.0102 
v -8.22002 1.56635 -14.0102 
v -8.08151 1.17467 -13.9989 
v -8.08148 1.58747 -14.0102 
v -8.22002 1.56635 -14.9878 
v -8.08151 1.17467 -14.9992 
v -8.34039 1.50503 -14.9878 
v -8.34039 1.50503 -14.9878 
v -8.08151 1.17467 -14.9992 
v -8.43592 1.40952 -14.9878 
v -8.43592 1.40952 -14.9878 
v -8.08151 1.17467 -14.9992 
v -8.49739 1.2889 -14.9878 
v -8.49739 1.2889 -14.9878 
v -8.08151 1.17467 -14.9992 
v -8.5174 1.16917 -14.9992 
v -7.65074 1.16909 -14.9992 
v -8.08151 1.17467 -14.9992 
v -7.67073 1.28884 -14.9878 
v -7.67073 1.28884 -14.9878 
v -8.08151 1.17467 -14.9992 
v -7.73218 1.40946 -14.9878 
v -7.73218 1.40946 -14.9878 
v -8.08151 1.17467 -14.9992 
v -7.8277 1.50499 -14.9878 
v -7.8277 1.50499 -14.9878 
v -8.08151 1.17467 -14.9992 
v -7.94806 1.56633 -14.9878 
v -7.94806 1.56633 -14.9878 
v -8.08151 1.17467 -14.9992 
v -8.08148 1.58747 -14.9878 
v -8.08148 1.58747 -14.9878 
v -8.08151 1.17467 -14.9992 
v -8.22002 1.56635 -14.9878 
v -8.4799 0.165526 -14.8927 
v -7.68941 0.165789 -14.1055 
v -8.47816 0.170192 -14.1065 
v -8.51748 0.243704 -13.9989 
v -8.47802 0.170559 -14.0447 
v -8.0816 0.165493 -14.0447 
v -8.08159 0.238127 -13.9989 
v -8.08159 0.238127 -13.9989 
v -8.0816 0.165493 -14.0447 
v -7.69029 0.170494 -14.0447 
v -7.65082 0.243632 -13.9989 
v -7.65082 0.243632 -13.9989 
v -7.69029 0.170494 -14.0447 
v -7.65995 0.167975 -14.075 
v -7.61742 0.240859 -14.0323 
v -7.58402 0.238086 -14.0657 
v -7.62961 0.165456 -14.1054 
v -7.62961 0.165456 -14.8927 
v -7.58402 0.238086 -14.9324 
v -7.58402 0.238086 -14.9324 
v -7.62961 0.165456 -14.8927 
v -7.65995 0.167975 -14.923 
v -7.61742 0.240859 -14.9658 
v -7.65082 0.243632 -14.9992 
v -7.69029 0.170494 -14.9533 
v -8.0816 0.165493 -14.9533 
v -8.08159 0.238127 -14.9992 
v -8.08159 0.238127 -14.9992 
v -8.0816 0.165493 -14.9533 
v -8.47802 0.170559 -14.9533 
v -8.51748 0.243704 -14.9992 
v -8.51748 0.243704 -14.9992 
v -8.47802 0.170559 -14.9533 
v -8.50836 0.168045 -14.923 
v -8.55088 0.240936 -14.9658 
v -8.58427 0.238169 -14.9324 
v -8.5387 0.16553 -14.8927 
v -8.5387 0.16553 -14.1054 
v -8.58427 0.238169 -14.0657 
v -8.58427 0.238169 -14.0657 
v -8.5387 0.16553 -14.1054 
v -8.50836 0.168045 -14.075 
v -8.55088 0.240936 -14.0323 
v -8.0816 0.165493 -14.9533 
v -7.68934 0.165461 -14.8927 
v -8.4799 0.165526 -14.8927 
v -8.47816 0.170192 -14.1065 
v -8.5387 0.16553 -14.1054 
v -8.5387 0.16553 -14.8927 
v -8.4799 0.165526 -14.8927 
v -8.4799 0.165526 -14.8927 
v -8.5387 0.16553 -14.8927 
v -8.50836 0.168045 -14.923 
v -8.47802 0.170559 -14.0447 
v -8.47816 0.170192 -14.1065 
v -8.0816 0.165493 -14.0447 
v -8.47802 0.170559 -14.0447 
v -8.50836 0.168045 -14.075 
v -8.47816 0.170192 -14.1065 
v -7.68934 0.165461 -14.8927 
v -7.69029 0.170494 -14.9533 
v -7.65995 0.167975 -14.923 
v -7.62961 0.165456 -14.1054 
v -7.68941 0.165789 -14.1055 
v -7.68934 0.165461 -14.8927 
v -7.62961 0.165456 -14.8927 
v -7.68941 0.165789 -14.1055 
v -7.62961 0.165456 -14.1054 
v -7.65995 0.167975 -14.075 
v -8.0816 0.165493 -14.9533 
v -8.4799 0.165526 -14.8927 
v -8.47802 0.170559 -14.9533 
v -7.69029 0.170494 -14.9533 
v -7.68934 0.165461 -14.8927 
v -8.0816 0.165493 -14.9533 
v -8.0816 0.165493 -14.0447 
v -7.68941 0.165789 -14.1055 
v -7.69029 0.170494 -14.0447 
v -8.0816 0.165493 -14.0447 
v -8.47816 0.170192 -14.1065 
v -7.68941 0.165789 -14.1055 
v -7.68934 0.165461 -14.8927 
v -7.68941 0.165789 -14.1055 
v -8.4799 0.165526 -14.8927 
v -8.36026 1.53239 -14.0429 
v -8.34039 1.50503 -14.0102 
v -8.22002 1.56635 -14.0102 
v -8.23047 1.59851 -14.0429 
v -8.08147 1.62129 -14.0429 
v -8.08147 1.6551 -14.0755 
v -8.24092 1.63067 -14.0755 
v -8.23047 1.59851 -14.0429 
v -8.46327 1.4294 -14.0429 
v -8.43592 1.40952 -14.0102 
v -8.34039 1.50503 -14.0102 
v -8.36026 1.53239 -14.0429 
v -8.52948 1.29949 -14.0429 
v -8.49739 1.2889 -14.0102 
v -8.43592 1.40952 -14.0102 
v -8.46327 1.4294 -14.0429 
v -8.5508 1.17194 -14.0323 
v -8.5174 1.16917 -13.9989 
v -8.49739 1.2889 -14.0102 
v -8.52948 1.29949 -14.0429 
v -7.70483 1.42933 -14.0429 
v -7.73218 1.40946 -14.0102 
v -7.67073 1.28883 -14.0102 
v -7.63864 1.29941 -14.0429 
v -7.61734 1.17186 -14.0323 
v -7.58395 1.17463 -14.0657 
v -7.60654 1.30999 -14.0755 
v -7.63864 1.29941 -14.0429 
v -7.80782 1.53235 -14.0429 
v -7.8277 1.50499 -14.0102 
v -7.73218 1.40946 -14.0102 
v -7.70483 1.42933 -14.0429 
v -7.9376 1.59849 -14.0429 
v -7.94806 1.56633 -14.0102 
v -7.8277 1.50499 -14.0102 
v -7.80782 1.53235 -14.0429 
v -8.08147 1.62129 -14.0429 
v -8.08148 1.58747 -14.0102 
v -7.94806 1.56633 -14.0102 
v -7.9376 1.59849 -14.0429 
v -8.5508 1.17194 -14.0323 
v -8.5842 1.17471 -14.0657 
v -8.58427 0.238169 -14.0657 
v -8.55088 0.240936 -14.0323 
v -7.61742 0.240859 -14.0323 
v -7.58402 0.238086 -14.0657 
v -7.58395 1.17463 -14.0657 
v -7.61734 1.17186 -14.0323 
v -7.65995 0.167975 -14.075 
v -7.62961 0.165456 -14.1054 
v -7.58402 0.238086 -14.0657 
v -7.61742 0.240859 -14.0323 
v -8.50836 0.168045 -14.075 
v -8.47802 0.170559 -14.0447 
v -8.51748 0.243704 -13.9989 
v -8.55088 0.240936 -14.0323 
v -8.50836 0.168045 -14.075 
v -8.5387 0.16553 -14.1054 
v -8.47816 0.170192 -14.1065 
v -7.65995 0.167975 -14.075 
v -7.69029 0.170494 -14.0447 
v -7.68941 0.165789 -14.1055 
v -8.08147 1.62129 -14.9552 
v -8.08148 1.58747 -14.9878 
v -8.22002 1.56635 -14.9878 
v -8.23047 1.59851 -14.9552 
v -8.36026 1.53239 -14.9552 
v -8.38014 1.55975 -14.9225 
v -8.24092 1.63067 -14.9225 
v -8.23047 1.59851 -14.9552 
v -8.46327 1.4294 -14.9552 
v -8.49063 1.44928 -14.9225 
v -8.38014 1.55975 -14.9225 
v -8.36026 1.53239 -14.9552 
v -8.52948 1.29949 -14.9552 
v -8.56158 1.31007 -14.9225 
v -8.49063 1.44928 -14.9225 
v -8.46327 1.4294 -14.9552 
v -8.5508 1.17194 -14.9658 
v -8.5842 1.17471 -14.9324 
v -8.56158 1.31007 -14.9225 
v -8.52948 1.29949 -14.9552 
v -7.61734 1.17186 -14.9658 
v -7.65074 1.16909 -14.9992 
v -7.67073 1.28884 -14.9878 
v -7.63864 1.29941 -14.9552 
v -7.70483 1.42933 -14.9552 
v -7.67747 1.44921 -14.9225 
v -7.60654 1.30999 -14.9225 
v -7.63864 1.29941 -14.9552 
v -7.80782 1.53235 -14.9552 
v -7.78794 1.5597 -14.9225 
v -7.67747 1.44921 -14.9225 
v -7.70483 1.42933 -14.9552 
v -7.9376 1.59849 -14.9552 
v -7.92715 1.63065 -14.9225 
v -7.78794 1.5597 -14.9225 
v -7.80782 1.53235 -14.9552 
v -8.08147 1.62129 -14.9552 
v -8.08147 1.6551 -14.9225 
v -7.92715 1.63065 -14.9225 
v -7.9376 1.59849 -14.9552 
v -8.55088 0.240936 -14.9658 
v -8.58427 0.238169 -14.9324 
v -8.5842 1.17471 -14.9324 
v -8.5508 1.17194 -14.9658 
v -7.61734 1.17186 -14.9658 
v -7.58395 1.17463 -14.9324 
v -7.58402 0.238086 -14.9324 
v -7.61742 0.240859 -14.9658 
v -7.65995 0.167975 -14.923 
v -7.69029 0.170494 -14.9533 
v -7.65082 0.243632 -14.9992 
v -7.61742 0.240859 -14.9658 
v -8.50836 0.168045 -14.923 
v -8.5387 0.16553 -14.8927 
v -8.58427 0.238169 -14.9324 
v -8.55088 0.240936 -14.9658 
v -7.65995 0.167975 -14.923 
v -7.62961 0.165456 -14.8927 
v -7.68934 0.165461 -14.8927 
v -8.50836 0.168045 -14.923 
v -8.47802 0.170559 -14.9533 
v -8.4799 0.165526 -14.8927 

vn -0.212598 0.661417 0.716535 
vn -0.409449 0.559055 0.716535 
vn -0.409449 0.559055 0.716535 
vn -0.212598 0.661417 0.716535 
vn -0.212598 0.661417 0.716535 
vn 0 0.692913 0.716535 
vn 0 0.692913 0.716535 
vn -0.212598 0.661417 0.716535 
vn -0.409449 0.559055 0.716535 
vn -0.559055 0.409449 0.716535 
vn -0.559055 0.409449 0.716535 
vn -0.409449 0.559055 0.716535 
vn -0.559055 0.409449 0.716535 
vn -0.653543 0.244094 0.716535 
vn -0.653543 0.244094 0.716535 
vn -0.559055 0.409449 0.716535 
vn -0.653543 0.244094 0.716535 
vn -0.700787 0.0866142 0.708661 
vn -0.700787 0.0866142 0.708661 
vn -0.653543 0.244094 0.716535 
vn 0.653543 0.244094 0.716535 
vn 0.559055 0.409449 0.716535 
vn 0.559055 0.409449 0.716535 
vn 0.653543 0.244094 0.716535 
vn 0.653543 0.244094 0.716535 
vn 0.700787 0.0866142 0.708661 
vn 0.700787 0.0866142 0.708661 
vn 0.653543 0.244094 0.716535 
vn 0.559055 0.409449 0.716535 
vn 0.409449 0.559055 0.716535 
vn 0.409449 0.559055 0.716535 
vn 0.559055 0.409449 0.716535 
vn 0.409449 0.559055 0.716535 
vn 0.212598 0.661417 0.716535 
vn 0.212598 0.661417 0.716535 
vn 0.409449 0.559055 0.716535 
vn 0.212598 0.661417 0.716535 
vn 0 0.692913 0.716535 
vn 0 0.692913 0.716535 
vn 0.212598 0.661417 0.716535 
vn -0.212598 0.661417 -0.716535 
vn 0 0.692913 -0.716535 
vn 0 0.692913 -0.716535 
vn -0.212598 0.661417 -0.716535 
vn -0.212598 0.661417 -0.716535 
vn -0.409449 0.559055 -0.716535 
vn -0.409449 0.559055 -0.716535 
vn -0.212598 0.661417 -0.716535 
vn -0.409449 0.559055 -0.716535 
vn -0.559055 0.409449 -0.716535 
vn -0.559055 0.409449 -0.716535 
vn -0.409449 0.559055 -0.716535 
vn -0.559055 0.409449 -0.716535 
vn -0.653543 0.244094 -0.716535 
vn -0.653543 0.244094 -0.716535 
vn -0.559055 0.409449 -0.716535 
vn -0.653543 0.244094 -0.716535 
vn -0.700787 0.0866142 -0.708661 
vn -0.700787 0.0866142 -0.708661 
vn -0.653543 0.244094 -0.716535 
vn 0.653543 0.244094 -0.716535 
vn 0.700787 0.0866142 -0.708661 
vn 0.700787 0.0866142 -0.708661 
vn 0.653543 0.244094 -0.716535 
vn 0.653543 0.244094 -0.716535 
vn 0.559055 0.409449 -0.716535 
vn 0.559055 0.409449 -0.716535 
vn 0.653543 0.244094 -0.716535 
vn 0.559055 0.409449 -0.716535 
vn 0.409449 0.559055 -0.716535 
vn 0.409449 0.559055 -0.716535 
vn 0.559055 0.409449 -0.716535 
vn 0.409449 0.559055 -0.716535 
vn 0.212598 0.661417 -0.716535 
vn 0.212598 0.661417 -0.716535 
vn 0.409449 0.559055 -0.716535 
vn 0.212598 0.661417 -0.716535 
vn 0 0.692913 -0.716535 
vn 0 0.692913 -0.716535 
vn 0.212598 0.661417 -0.716535 
vn -0.708661 0 0.708661 
vn -0.700787 0.0866142 0.708661 
vn -0.700787 0.0866142 0.708661 
vn -0.708661 0 0.708661 
vn -0.700787 0.0866142 -0.708661 
vn -0.708661 0 -0.708661 
vn -0.708661 0 -0.708661 
vn -0.700787 0.0866142 -0.708661 
vn 0.700787 0.0866142 0.708661 
vn 0.708661 0 0.708661 
vn 0.708661 0 0.708661 
vn 0.700787 0.0866142 0.708661 
vn 0.708661 0 -0.708661 
vn 0.700787 0.0866142 -0.708661 
vn 0.700787 0.0866142 -0.708661 
vn 0.708661 0 -0.708661 
vn -0.307087 0.952756 0 
vn -0.307087 0.952756 0 
vn -0.590551 0.811024 0 
vn -0.590551 0.811024 0 
vn -0.590551 0.811024 0 
vn -0.590551 0.811024 0 
vn -0.811024 0.590551 0 
vn -0.811024 0.590551 0 
vn -0.811024 0.590551 0 
vn -0.811024 0.590551 0 
vn -0.952756 0.307087 0 
vn -0.952756 0.307087 0 
vn 0.952756 0.307087 0 
vn 0.952756 0.307087 0 
vn 0.811024 0.590551 0 
vn 0.811024 0.590551 0 
vn 0.811024 0.590551 0 
vn 0.811024 0.590551 0 
vn 0.590551 0.811024 0 
vn 0.590551 0.811024 0 
vn 0.590551 0.811024 0 
vn 0.590551 0.811024 0 
vn 0.307087 0.952756 0 
vn 0.307087 0.952756 0 
vn 0.307087 0.952756 0 
vn 0.307087 0.952756 0 
vn 0 1 0 
vn 0 1 0 
vn 0 1 0 
vn 0 1 0 
vn -0.307087 0.952756 0 
vn -0.307087 0.952756 0 
vn 0 0 1 
vn 0 0 1 
vn 0 0.015748 1 
vn 0 0.0472441 1 
vn -1 0.0787402 0 
vn -1 0.0787402 0 
vn -1 0 0 
vn -1 0 0 
vn 0 0.0472441 -1 
vn 0 0.015748 -1 
vn 0 0 -1 
vn 0 0 -1 
vn 0 0.0472441 1 
vn 0 0.015748 1 
vn 0 0 1 
vn 0 0 1 
vn 1 0 0 
vn 1 0 0 
vn 1 0.0787402 0 
vn 1 0.0787402 0 
vn 0 0 -1 
vn 0 0 -1 
vn 0 0.015748 -1 
vn 0 0.0472441 -1 
vn -0.952756 0.307087 0 
vn -0.952756 0.307087 0 
vn -1 0.0787402 0 
vn -1 0.0787402 0 
vn 1 0.0787402 0 
vn 1 0.0787402 0 
vn 0.952756 0.307087 0 
vn 0.952756 0.307087 0 
vn -0.015748 0.023622 1 
vn 0 0.015748 1 
vn -0.00787402 0.023622 1 
vn -0.023622 0.015748 1 
vn 0 0.015748 1 
vn -0.015748 0.023622 1 
vn -0.015748 0.0551181 1 
vn 0 0.015748 1 
vn -0.023622 0.015748 1 
vn 0 0.0472441 1 
vn 0 0.015748 1 
vn -0.015748 0.0551181 1 
vn 0.015748 0.0551181 1 
vn 0 0.015748 1 
vn 0 0.0472441 1 
vn 0.023622 0.015748 1 
vn 0 0.015748 1 
vn 0.015748 0.0551181 1 
vn 0.015748 0.023622 1 
vn 0 0.015748 1 
vn 0.023622 0.015748 1 
vn 0.00787402 0.023622 1 
vn 0 0.015748 1 
vn 0.015748 0.023622 1 
vn 0 0.023622 1 
vn 0 0.015748 1 
vn 0.00787402 0.023622 1 
vn -0.00787402 0.023622 1 
vn 0 0.015748 1 
vn 0 0.023622 1 
vn -0.00787402 0.023622 -1 
vn 0 0.015748 -1 
vn -0.015748 0.023622 -1 
vn -0.015748 0.023622 -1 
vn 0 0.015748 -1 
vn -0.023622 0.015748 -1 
vn -0.023622 0.015748 -1 
vn 0 0.015748 -1 
vn -0.015748 0.0551181 -1 
vn -0.015748 0.0551181 -1 
vn 0 0.015748 -1 
vn 0 0.0472441 -1 
vn 0 0.0472441 -1 
vn 0 0.015748 -1 
vn 0.015748 0.0551181 -1 
vn 0.015748 0.0551181 -1 
vn 0 0.015748 -1 
vn 0.023622 0.015748 -1 
vn 0.023622 0.015748 -1 
vn 0 0.015748 -1 
vn 0.015748 0.023622 -1 
vn 0.015748 0.023622 -1 
vn 0 0.015748 -1 
vn 0.00787402 0.023622 -1 
vn 0.00787402 0.023622 -1 
vn 0 0.015748 -1 
vn 0 0.023622 -1 
vn 0 0.023622 -1 
vn 0 0.015748 -1 
vn -0.00787402 0.023622 -1 
vn -0.00787402 -1 0.00787402 
vn -0.00787402 -1 0.00787402 
vn -0.00787402 -1 0.00787402 
vn -0.00787402 -0.535433 0.84252 
vn -0.00787402 -0.535433 0.84252 
vn -0.00787402 -0.535433 0.84252 
vn -0.00787402 -0.535433 0.84252 
vn 0.00787402 -0.535433 0.84252 
vn 0.00787402 -0.535433 0.84252 
vn 0.00787402 -0.535433 0.84252 
vn 0.00787402 -0.535433 0.84252 
vn 0.519685 -0.637795 0.566929 
vn 0.519685 -0.637795 0.566929 
vn 0.519685 -0.637795 0.566929 
vn 0.519685 -0.637795 0.566929 
vn 0.850394 -0.535433 0 
vn 0.850394 -0.535433 0 
vn 0.850394 -0.535433 0 
vn 0.850394 -0.535433 0 
vn 0.519685 -0.637795 -0.566929 
vn 0.519685 -0.637795 -0.566929 
vn 0.519685 -0.637795 -0.566929 
vn 0.519685 -0.637795 -0.566929 
vn 0.00787402 -0.535433 -0.84252 
vn 0.00787402 -0.535433 -0.84252 
vn 0.00787402 -0.535433 -0.84252 
vn 0.00787402 -0.535433 -0.84252 
vn -0.00787402 -0.535433 -0.84252 
vn -0.00787402 -0.535433 -0.84252 
vn -0.00787402 -0.535433 -0.84252 
vn -0.00787402 -0.535433 -0.84252 
vn -0.519685 -0.637795 -0.566929 
vn -0.519685 -0.637795 -0.566929 
vn -0.519685 -0.637795 -0.566929 
vn -0.519685 -0.637795 -0.566929 
vn -0.850394 -0.535433 0 
vn -0.850394 -0.535433 0 
vn -0.850394 -0.535433 0 
vn -0.850394 -0.535433 0 
vn -0.519685 -0.637795 0.566929 
vn -0.519685 -0.637795 0.566929 
vn -0.519685 -0.637795 0.566929 
vn -0.519685 -0.637795 0.566929 
vn 0 -1 0 
vn 0 -1 0 
vn 0 -1 0 
vn 0.0393701 -1 0 
vn 0.0393701 -1 0 
vn 0.0393701 -1 0 
vn 0.0393701 -1 0 
vn 0 -1 -0.0787402 
vn 0 -1 -0.0787402 
vn 0 -1 -0.0787402 
vn -0.015748 -1 0.00787402 
vn -0.015748 -1 0.00787402 
vn -0.015748 -1 0.00787402 
vn 0.0787402 -1 0.00787402 
vn 0.0787402 -1 0.00787402 
vn 0.0787402 -1 0.00787402 
vn 0 -1 -0.0787402 
vn 0 -1 -0.0787402 
vn 0 -1 -0.0787402 
vn 0 -1 0 
vn 0 -1 0 
vn 0 -1 0 
vn 0 -1 0 
vn -0.00787402 -1 0.0787402 
vn -0.00787402 -1 0.0787402 
vn -0.00787402 -1 0.0787402 
vn -0.015748 -1 -0.0866142 
vn -0.015748 -1 -0.0866142 
vn -0.015748 -1 -0.0866142 
vn 0.015748 -1 -0.0866142 
vn 0.015748 -1 -0.0866142 
vn 0.015748 -1 -0.0866142 
vn 0.015748 -1 0.0787402 
vn 0.015748 -1 0.0787402 
vn 0.015748 -1 0.0787402 
vn -0.00787402 -1 -0.0393701 
vn -0.00787402 -1 -0.0393701 
vn -0.00787402 -1 -0.0393701 
vn 0 -1 0 
vn 0 -1 0 
vn 0 -1 0 
vn -0.409449 0.559055 0.716535 
vn -0.409449 0.559055 0.716535 
vn -0.212598 0.661417 0.716535 
vn -0.212598 0.661417 0.716535 
vn 0 0.692913 0.716535 
vn 0 0.692913 0.716535 
vn -0.212598 0.661417 0.716535 
vn -0.212598 0.661417 0.716535 
vn -0.559055 0.409449 0.716535 
vn -0.559055 0.409449 0.716535 
vn -0.409449 0.559055 0.716535 
vn -0.409449 0.559055 0.716535 
vn -0.653543 0.244094 0.716535 
vn -0.653543 0.244094 0.716535 
vn -0.559055 0.409449 0.716535 
vn -0.559055 0.409449 0.716535 
vn -0.700787 0.0866142 0.708661 
vn -0.700787 0.0866142 0.708661 
vn -0.653543 0.244094 0.716535 
vn -0.653543 0.244094 0.716535 
vn 0.559055 0.409449 0.716535 
vn 0.559055 0.409449 0.716535 
vn 0.653543 0.244094 0.716535 
vn 0.653543 0.244094 0.716535 
vn 0.700787 0.0866142 0.708661 
vn 0.700787 0.0866142 0.708661 
vn 0.653543 0.244094 0.716535 
vn 0.653543 0.244094 0.716535 
vn 0.409449 0.559055 0.716535 
vn 0.409449 0.559055 0.716535 
vn 0.559055 0.409449 0.716535 
vn 0.559055 0.409449 0.716535 
vn 0.212598 0.661417 0.716535 
vn 0.212598 0.661417 0.716535 
vn 0.409449 0.559055 0.716535 
vn 0.409449 0.559055 0.716535 
vn 0 0.692913 0.716535 
vn 0 0.692913 0.716535 
vn 0.212598 0.661417 0.716535 
vn 0.212598 0.661417 0.716535 
vn -0.700787 0.0866142 0.708661 
vn -0.700787 0.0866142 0.708661 
vn -0.708661 0 0.708661 
vn -0.708661 0 0.708661 
vn 0.708661 0 0.708661 
vn 0.708661 0 0.708661 
vn 0.700787 0.0866142 0.708661 
vn 0.700787 0.0866142 0.708661 
vn 0.519685 -0.637795 0.566929 
vn 0.519685 -0.637795 0.566929 
vn 0.519685 -0.637795 0.566929 
vn 0.519685 -0.637795 0.566929 
vn -0.519685 -0.637795 0.566929 
vn -0.519685 -0.637795 0.566929 
vn -0.519685 -0.637795 0.566929 
vn -0.519685 -0.637795 0.566929 
vn 0.0787402 -1 0.00787402 
vn 0.0787402 -1 0.00787402 
vn 0.0787402 -1 0.00787402 
vn -0.00787402 -1 0.0787402 
vn -0.00787402 -1 0.0787402 
vn -0.00787402 -1 0.0787402 
vn 0 0.692913 -0.716535 
vn 0 0.692913 -0.716535 
vn -0.212598 0.661417 -0.716535 
vn -0.212598 0.661417 -0.716535 
vn -0.409449 0.559055 -0.716535 
vn -0.409449 0.559055 -0.716535 
vn -0.212598 0.661417 -0.716535 
vn -0.212598 0.661417 -0.716535 
vn -0.559055 0.409449 -0.716535 
vn -0.559055 0.409449 -0.716535 
vn -0.409449 0.559055 -0.716535 
vn -0.409449 0.559055 -0.716535 
vn -0.653543 0.244094 -0.716535 
vn -0.653543 0.244094 -0.716535 
vn -0.559055 0.409449 -0.716535 
vn -0.559055 0.409449 -0.716535 
vn -0.700787 0.0866142 -0.708661 
vn -0.700787 0.0866142 -0.708661 
vn -0.653543 0.244094 -0.716535 
vn -0.653543 0.244094 -0.716535 
vn 0.700787 0.0866142 -0.708661 
vn 0.700787 0.0866142 -0.708661 
vn 0.653543 0.244094 -0.716535 
vn 0.653543 0.244094 -0.716535 
vn 0.559055 0.409449 -0.716535 
vn 0.559055 0.409449 -0.716535 
vn 0.653543 0.244094 -0.716535 
vn 0.653543 0.244094 -0.716535 
vn 0.409449 0.559055 -0.716535 
vn 0.409449 0.559055 -0.716535 
vn 0.559055 0.409449 -0.716535 
vn 0.559055 0.409449 -0.716535 
vn 0.212598 0.661417 -0.716535 
vn 0.212598 0.661417 -0.716535 
vn 0.409449 0.559055 -0.716535 
vn 0.409449 0.559055 -0.716535 
vn 0 0.692913 -0.716535 
vn 0 0.692913 -0.716535 
vn 0.212598 0.661417 -0.716535 
vn 0.212598 0.661417 -0.716535 
vn -0.708661 0 -0.708661 
vn -0.708661 0 -0.708661 
vn -0.700787 0.0866142 -0.708661 
vn -0.700787 0.0866142 -0.708661 
vn 0.700787 0.0866142 -0.708661 
vn 0.700787 0.0866142 -0.708661 
vn 0.708661 0 -0.708661 
vn 0.708661 0 -0.708661 
vn 0.519685 -0.637795 -0.566929 
vn 0.519685 -0.637795 -0.566929 
vn 0.519685 -0.637795 -0.566929 
vn 0.519685 -0.637795 -0.566929 
vn -0.519685 -0.637795 -0.566929 
vn -0.519685 -0.637795 -0.566929 
vn -0.519685 -0.637795 -0.566929 
vn -0.519685 -0.637795 -0.566929 
vn 0 -1 -0.0787402 
vn 0 -1 -0.0787402 
vn 0 -1 -0.0787402 
vn 0 -1 -0.0787402 
vn 0 -1 -0.0787402 
vn 0 -1 -0.0787402 

vt 0.992185 0.560902 
vt 0.992185 0.570364 
vt 0.994042 0.570364 
vt 0.994042 0.560903 
vt 0.746774 0.56081 
vt 0.746774 0.549996 
vt 0.7448 0.549996 
vt 0.7448 0.56081 
vt 0.992185 0.570364 
vt 0.992185 0.579857 
vt 0.994042 0.579857 
vt 0.994042 0.570364 
vt 0.992185 0.579857 
vt 0.992185 0.587834 
vt 0.994044 0.587834 
vt 0.994042 0.579857 
vt 0.992185 0.587834 
vt 0.992186 0.596099 
vt 0.994044 0.596098 
vt 0.994044 0.587834 
vt 0.809204 0.586362 
vt 0.809205 0.576149 
vt 0.807315 0.576149 
vt 0.807329 0.586362 
vt 0.805457 0.586362 
vt 0.805452 0.596099 
vt 0.807326 0.596099 
vt 0.807329 0.586362 
vt 0.809205 0.576149 
vt 0.8092 0.565895 
vt 0.807314 0.565895 
vt 0.807315 0.576149 
vt 0.8092 0.565895 
vt 0.809197 0.55648 
vt 0.807311 0.55648 
vt 0.807314 0.565895 
vt 0.809197 0.55648 
vt 0.809229 0.549331 
vt 0.807345 0.549331 
vt 0.807311 0.55648 
vt 0.933748 0.560902 
vt 0.933748 0.550088 
vt 0.931877 0.550089 
vt 0.931877 0.560903 
vt 0.931877 0.560903 
vt 0.931877 0.570364 
vt 0.929942 0.570364 
vt 0.929849 0.560903 
vt 0.931877 0.570364 
vt 0.931877 0.579857 
vt 0.929942 0.579857 
vt 0.929942 0.570364 
vt 0.931877 0.579857 
vt 0.931876 0.587834 
vt 0.929942 0.587834 
vt 0.929942 0.579857 
vt 0.931876 0.587834 
vt 0.931876 0.596101 
vt 0.929942 0.596101 
vt 0.929942 0.587834 
vt 0.867269 0.586362 
vt 0.86728 0.596099 
vt 0.869294 0.596099 
vt 0.86932 0.586362 
vt 0.871263 0.586362 
vt 0.871263 0.576149 
vt 0.86932 0.576149 
vt 0.86932 0.586362 
vt 0.871263 0.576149 
vt 0.871263 0.565896 
vt 0.86932 0.565895 
vt 0.86932 0.576149 
vt 0.871263 0.565896 
vt 0.871263 0.556481 
vt 0.86932 0.55648 
vt 0.86932 0.565895 
vt 0.871263 0.556481 
vt 0.871337 0.549331 
vt 0.869311 0.549331 
vt 0.86932 0.55648 
vt 0.746518 0.55302 
vt 0.746518 0.59604 
vt 0.744744 0.59607 
vt 0.744744 0.55305 
vt 0.929943 0.596099 
vt 0.929943 0.55308 
vt 0.931877 0.55308 
vt 0.931876 0.596099 
vt 0.805452 0.596099 
vt 0.805452 0.55308 
vt 0.807309 0.55308 
vt 0.807326 0.596099 
vt 0.871309 0.55308 
vt 0.871309 0.596099 
vt 0.869294 0.596099 
vt 0.869294 0.55308 
vt 0.992185 0.560902 
vt 0.933748 0.560902 
vt 0.933748 0.570364 
vt 0.992185 0.570364 
vt 0.992185 0.570364 
vt 0.933748 0.570364 
vt 0.933748 0.579857 
vt 0.992185 0.579857 
vt 0.992185 0.579857 
vt 0.933748 0.579857 
vt 0.933747 0.587834 
vt 0.992185 0.587834 
vt 0.809204 0.586362 
vt 0.867269 0.586362 
vt 0.867269 0.576149 
vt 0.809205 0.576149 
vt 0.809205 0.576149 
vt 0.867269 0.576149 
vt 0.867269 0.565895 
vt 0.8092 0.565895 
vt 0.8092 0.565895 
vt 0.867269 0.565895 
vt 0.867269 0.55648 
vt 0.809197 0.55648 
vt 0.809197 0.55648 
vt 0.867269 0.55648 
vt 0.867284 0.549331 
vt 0.809229 0.549331 
vt 0.992187 0.550088 
vt 0.933748 0.550088 
vt 0.933748 0.560902 
vt 0.992185 0.560902 
vt 0.746468 0.55302 
vt 0.77584 0.55308 
vt 0.77584 0.596099 
vt 0.746468 0.59604 
vt 0.992186 0.596099 
vt 0.933747 0.596099 
vt 0.933747 0.55308 
vt 0.992187 0.55308 
vt 0.929919 0.596099 
vt 0.900165 0.596099 
vt 0.900165 0.55308 
vt 0.929919 0.55308 
vt 0.805449 0.596099 
vt 0.77584 0.596099 
vt 0.77584 0.55308 
vt 0.805449 0.55308 
vt 0.809214 0.55308 
vt 0.86728 0.55308 
vt 0.86728 0.596099 
vt 0.8092 0.596099 
vt 0.871349 0.55308 
vt 0.900165 0.55308 
vt 0.900165 0.596099 
vt 0.871349 0.596099 
vt 0.992185 0.587834 
vt 0.933747 0.587834 
vt 0.933747 0.596101 
vt 0.992186 0.596099 
vt 0.8092 0.596099 
vt 0.86728 0.596099 
vt 0.867269 0.586362 
vt 0.809204 0.586362 
vt 0.758556 0.575581 
vt 0.77584 0.596099 
vt 0.766741 0.572118 
vt 0.752039 0.581009 
vt 0.77584 0.596099 
vt 0.758556 0.575581 
vt 0.747821 0.587887 
vt 0.77584 0.596099 
vt 0.752039 0.581009 
vt 0.746468 0.59604 
vt 0.77584 0.596099 
vt 0.747821 0.587887 
vt 0.804463 0.588534 
vt 0.77584 0.596099 
vt 0.805449 0.596099 
vt 0.801791 0.581472 
vt 0.77584 0.596099 
vt 0.804463 0.588534 
vt 0.794964 0.575861 
vt 0.77584 0.596099 
vt 0.801791 0.581472 
vt 0.786332 0.572236 
vt 0.77584 0.596099 
vt 0.794964 0.575861 
vt 0.77587 0.57095 
vt 0.77584 0.596099 
vt 0.786332 0.572236 
vt 0.766741 0.572118 
vt 0.77584 0.596099 
vt 0.77587 0.57095 
vt 0.909812 0.572598 
vt 0.900165 0.596099 
vt 0.918041 0.576464 
vt 0.918041 0.576464 
vt 0.900165 0.596099 
vt 0.924571 0.582486 
vt 0.924571 0.582486 
vt 0.900165 0.596099 
vt 0.928773 0.59009 
vt 0.928773 0.59009 
vt 0.900165 0.596099 
vt 0.929919 0.596099 
vt 0.871349 0.596099 
vt 0.900165 0.596099 
vt 0.871687 0.589956 
vt 0.871687 0.589956 
vt 0.900165 0.596099 
vt 0.875284 0.582469 
vt 0.875284 0.582469 
vt 0.900165 0.596099 
vt 0.882122 0.57654 
vt 0.882122 0.57654 
vt 0.900165 0.596099 
vt 0.890739 0.572733 
vt 0.890739 0.572733 
vt 0.900165 0.596099 
vt 0.900168 0.571421 
vt 0.900168 0.571421 
vt 0.900165 0.596099 
vt 0.909812 0.572598 
vt 0.8083 0.515728 
vt 0.781512 0.542872 
vt 0.781547 0.515788 
vt 0.746468 0.55302 
vt 0.746488 0.549331 
vt 0.77584 0.549331 
vt 0.77584 0.55308 
vt 0.77584 0.55308 
vt 0.77584 0.549331 
vt 0.805457 0.549331 
vt 0.805449 0.55308 
vt 0.805452 0.55308 
vt 0.805461 0.549331 
vt 0.807345 0.549331 
vt 0.807309 0.55308 
vt 0.809214 0.55308 
vt 0.809229 0.549331 
vt 0.867284 0.549331 
vt 0.86728 0.55308 
vt 0.86728 0.55308 
vt 0.867284 0.549331 
vt 0.869311 0.549331 
vt 0.869294 0.55308 
vt 0.871349 0.55308 
vt 0.871376 0.549331 
vt 0.900165 0.549331 
vt 0.900165 0.55308 
vt 0.900165 0.55308 
vt 0.900165 0.549331 
vt 0.929871 0.549331 
vt 0.929919 0.55308 
vt 0.929943 0.55308 
vt 0.929894 0.549331 
vt 0.931877 0.549334 
vt 0.931877 0.55308 
vt 0.933747 0.55308 
vt 0.933747 0.549331 
vt 0.992188 0.549332 
vt 0.992187 0.55308 
vt 0.992187 0.55308 
vt 0.992188 0.549332 
vt 0.994043 0.549332 
vt 0.994042 0.55305 
vt 0.810365 0.529405 
vt 0.8083 0.542874 
vt 0.8083 0.515728 
vt 0.781547 0.515788 
vt 0.78151 0.513709 
vt 0.8083 0.513709 
vt 0.8083 0.515728 
vt 0.8083 0.515728 
vt 0.8083 0.513709 
vt 0.809333 0.514751 
vt 0.779445 0.515792 
vt 0.781547 0.515788 
vt 0.779445 0.529405 
vt 0.779445 0.515792 
vt 0.780477 0.514751 
vt 0.781547 0.515788 
vt 0.8083 0.542874 
vt 0.810365 0.542842 
vt 0.809333 0.543884 
vt 0.78151 0.544925 
vt 0.781512 0.542872 
vt 0.8083 0.542874 
vt 0.8083 0.544925 
vt 0.781512 0.542872 
vt 0.78151 0.544925 
vt 0.780477 0.543884 
vt 0.810365 0.529405 
vt 0.8083 0.515728 
vt 0.810365 0.515792 
vt 0.810365 0.542842 
vt 0.8083 0.542874 
vt 0.810365 0.529405 
vt 0.779445 0.529405 
vt 0.781512 0.542872 
vt 0.779445 0.542842 
vt 0.779445 0.529405 
vt 0.781547 0.515788 
vt 0.781512 0.542872 
vt 0.8083 0.542874 
vt 0.781512 0.542872 
vt 0.8083 0.515728 
vt 0.7448 0.570272 
vt 0.746774 0.570272 
vt 0.746774 0.56081 
vt 0.7448 0.56081 
vt 0.994041 0.550089 
vt 0.992187 0.550088 
vt 0.992185 0.560902 
vt 0.994042 0.560903 
vt 0.7448 0.579765 
vt 0.746774 0.579765 
vt 0.746774 0.570272 
vt 0.7448 0.570272 
vt 0.7448 0.587741 
vt 0.746774 0.587742 
vt 0.746774 0.579765 
vt 0.7448 0.579765 
vt 0.7448 0.596007 
vt 0.746807 0.59601 
vt 0.746774 0.587742 
vt 0.7448 0.587741 
vt 0.807315 0.576149 
vt 0.805457 0.576149 
vt 0.805457 0.586362 
vt 0.807329 0.586362 
vt 0.807326 0.596099 
vt 0.8092 0.596099 
vt 0.809204 0.586362 
vt 0.807329 0.586362 
vt 0.807314 0.565895 
vt 0.805457 0.565896 
vt 0.805457 0.576149 
vt 0.807315 0.576149 
vt 0.807311 0.55648 
vt 0.805457 0.556481 
vt 0.805457 0.565896 
vt 0.807314 0.565895 
vt 0.807345 0.549331 
vt 0.805461 0.549331 
vt 0.805457 0.556481 
vt 0.807311 0.55648 
vt 0.994044 0.596098 
vt 0.992186 0.596099 
vt 0.992187 0.55308 
vt 0.994042 0.55305 
vt 0.807309 0.55308 
vt 0.809214 0.55308 
vt 0.8092 0.596099 
vt 0.807326 0.596099 
vt 0.807345 0.549331 
vt 0.809229 0.549331 
vt 0.809214 0.55308 
vt 0.807309 0.55308 
vt 0.744712 0.549331 
vt 0.746543 0.549331 
vt 0.746518 0.55302 
vt 0.744744 0.55305 
vt 0.780477 0.514751 
vt 0.78151 0.513709 
vt 0.781547 0.515788 
vt 0.780477 0.543884 
vt 0.779445 0.542842 
vt 0.781512 0.542872 
vt 0.929757 0.550089 
vt 0.931877 0.550089 
vt 0.931877 0.560903 
vt 0.929849 0.560903 
vt 0.931877 0.570364 
vt 0.933748 0.570364 
vt 0.933748 0.560902 
vt 0.931877 0.560903 
vt 0.931877 0.579857 
vt 0.933748 0.579857 
vt 0.933748 0.570364 
vt 0.931877 0.570364 
vt 0.931876 0.587834 
vt 0.933747 0.587834 
vt 0.933748 0.579857 
vt 0.931877 0.579857 
vt 0.931876 0.596101 
vt 0.933747 0.596101 
vt 0.933747 0.587834 
vt 0.931876 0.587834 
vt 0.869294 0.596099 
vt 0.871309 0.596099 
vt 0.871263 0.586362 
vt 0.86932 0.586362 
vt 0.86932 0.576149 
vt 0.867269 0.576149 
vt 0.867269 0.586362 
vt 0.86932 0.586362 
vt 0.86932 0.565895 
vt 0.867269 0.565895 
vt 0.867269 0.576149 
vt 0.86932 0.576149 
vt 0.86932 0.55648 
vt 0.867269 0.55648 
vt 0.867269 0.565895 
vt 0.86932 0.565895 
vt 0.869311 0.549331 
vt 0.867284 0.549331 
vt 0.867269 0.55648 
vt 0.86932 0.55648 
vt 0.931877 0.55308 
vt 0.933747 0.55308 
vt 0.933747 0.596099 
vt 0.931876 0.596099 
vt 0.869294 0.596099 
vt 0.86728 0.596099 
vt 0.86728 0.55308 
vt 0.869294 0.55308 
vt 0.869311 0.549331 
vt 0.871337 0.549331 
vt 0.871309 0.55308 
vt 0.869294 0.55308 
vt 0.931877 0.549334 
vt 0.933747 0.549331 
vt 0.933747 0.55308 
vt 0.931877 0.55308 
vt 0.809333 0.543884 
vt 0.8083 0.544925 
vt 0.8083 0.542874 
vt 0.809333 0.514751 
vt 0.810365 0.515792 
vt 0.8083 0.515728 

usemtl KillerRobot1Mtl

f 3203/3203/3203 3204/3204/3204 3205/3205/3205 
f 3203/3203/3203 3205/3205/3205 3206/3206/3206 
f 3207/3207/3207 3208/3208/3208 3209/3209/3209 
f 3207/3207/3207 3209/3209/3209 3210/3210/3210 
f 3211/3211/3211 3212/3212/3212 3213/3213/3213 
f 3211/3211/3211 3213/3213/3213 3214/3214/3214 
f 3215/3215/3215 3216/3216/3216 3217/3217/3217 
f 3215/3215/3215 3217/3217/3217 3218/3218/3218 
f 3219/3219/3219 3220/3220/3220 3221/3221/3221 
f 3219/3219/3219 3221/3221/3221 3222/3222/3222 
f 3223/3223/3223 3224/3224/3224 3225/3225/3225 
f 3223/3223/3223 3225/3225/3225 3226/3226/3226 
f 3227/3227/3227 3228/3228/3228 3229/3229/3229 
f 3227/3227/3227 3229/3229/3229 3230/3230/3230 
f 3231/3231/3231 3232/3232/3232 3233/3233/3233 
f 3231/3231/3231 3233/3233/3233 3234/3234/3234 
f 3235/3235/3235 3236/3236/3236 3237/3237/3237 
f 3235/3235/3235 3237/3237/3237 3238/3238/3238 
f 3239/3239/3239 3240/3240/3240 3241/3241/3241 
f 3239/3239/3239 3241/3241/3241 3242/3242/3242 
f 3243/3243/3243 3244/3244/3244 3245/3245/3245 
f 3243/3243/3243 3245/3245/3245 3246/3246/3246 
f 3247/3247/3247 3248/3248/3248 3249/3249/3249 
f 3247/3247/3247 3249/3249/3249 3250/3250/3250 
f 3251/3251/3251 3252/3252/3252 3253/3253/3253 
f 3251/3251/3251 3253/3253/3253 3254/3254/3254 
f 3255/3255/3255 3256/3256/3256 3257/3257/3257 
f 3255/3255/3255 3257/3257/3257 3258/3258/3258 
f 3259/3259/3259 3260/3260/3260 3261/3261/3261 
f 3259/3259/3259 3261/3261/3261 3262/3262/3262 
f 3263/3263/3263 3264/3264/3264 3265/3265/3265 
f 3263/3263/3263 3265/3265/3265 3266/3266/3266 
f 3267/3267/3267 3268/3268/3268 3269/3269/3269 
f 3267/3267/3267 3269/3269/3269 3270/3270/3270 
f 3271/3271/3271 3272/3272/3272 3273/3273/3273 
f 3271/3271/3271 3273/3273/3273 3274/3274/3274 
f 3275/3275/3275 3276/3276/3276 3277/3277/3277 
f 3275/3275/3275 3277/3277/3277 3278/3278/3278 
f 3279/3279/3279 3280/3280/3280 3281/3281/3281 
f 3279/3279/3279 3281/3281/3281 3282/3282/3282 
f 3283/3283/3283 3284/3284/3284 3285/3285/3285 
f 3283/3283/3283 3285/3285/3285 3286/3286/3286 
f 3287/3287/3287 3288/3288/3288 3289/3289/3289 
f 3287/3287/3287 3289/3289/3289 3290/3290/3290 
f 3291/3291/3291 3292/3292/3292 3293/3293/3293 
f 3291/3291/3291 3293/3293/3293 3294/3294/3294 
f 3295/3295/3295 3296/3296/3296 3297/3297/3297 
f 3295/3295/3295 3297/3297/3297 3298/3298/3298 
f 3299/3299/3299 3300/3300/3300 3301/3301/3301 
f 3299/3299/3299 3301/3301/3301 3302/3302/3302 
f 3303/3303/3303 3304/3304/3304 3305/3305/3305 
f 3303/3303/3303 3305/3305/3305 3306/3306/3306 
f 3307/3307/3307 3308/3308/3308 3309/3309/3309 
f 3307/3307/3307 3309/3309/3309 3310/3310/3310 
f 3311/3311/3311 3312/3312/3312 3313/3313/3313 
f 3311/3311/3311 3313/3313/3313 3314/3314/3314 
f 3315/3315/3315 3316/3316/3316 3317/3317/3317 
f 3315/3315/3315 3317/3317/3317 3318/3318/3318 
f 3319/3319/3319 3320/3320/3320 3321/3321/3321 
f 3319/3319/3319 3321/3321/3321 3322/3322/3322 
f 3323/3323/3323 3324/3324/3324 3325/3325/3325 
f 3323/3323/3323 3325/3325/3325 3326/3326/3326 
f 3327/3327/3327 3328/3328/3328 3329/3329/3329 
f 3327/3327/3327 3329/3329/3329 3330/3330/3330 
f 3331/3331/3331 3332/3332/3332 3333/3333/3333 
f 3331/3331/3331 3333/3333/3333 3334/3334/3334 
f 3335/3335/3335 3336/3336/3336 3337/3337/3337 
f 3335/3335/3335 3337/3337/3337 3338/3338/3338 
f 3339/3339/3339 3340/3340/3340 3341/3341/3341 
f 3339/3339/3339 3341/3341/3341 3342/3342/3342 
f 3343/3343/3343 3344/3344/3344 3345/3345/3345 
f 3343/3343/3343 3345/3345/3345 3346/3346/3346 
f 3347/3347/3347 3348/3348/3348 3349/3349/3349 
f 3347/3347/3347 3349/3349/3349 3350/3350/3350 
f 3351/3351/3351 3352/3352/3352 3353/3353/3353 
f 3351/3351/3351 3353/3353/3353 3354/3354/3354 
f 3355/3355/3355 3356/3356/3356 3357/3357/3357 
f 3355/3355/3355 3357/3357/3357 3358/3358/3358 
f 3359/3359/3359 3360/3360/3360 3361/3361/3361 
f 3359/3359/3359 3361/3361/3361 3362/3362/3362 
f 3363/3363/3363 3364/3364/3364 3365/3365/3365 
f 3366/3366/3366 3367/3367/3367 3368/3368/3368 
f 3369/3369/3369 3370/3370/3370 3371/3371/3371 
f 3372/3372/3372 3373/3373/3373 3374/3374/3374 
f 3375/3375/3375 3376/3376/3376 3377/3377/3377 
f 3378/3378/3378 3379/3379/3379 3380/3380/3380 
f 3381/3381/3381 3382/3382/3382 3383/3383/3383 
f 3384/3384/3384 3385/3385/3385 3386/3386/3386 
f 3387/3387/3387 3388/3388/3388 3389/3389/3389 
f 3390/3390/3390 3391/3391/3391 3392/3392/3392 
f 3393/3393/3393 3394/3394/3394 3395/3395/3395 
f 3396/3396/3396 3397/3397/3397 3398/3398/3398 
f 3399/3399/3399 3400/3400/3400 3401/3401/3401 
f 3402/3402/3402 3403/3403/3403 3404/3404/3404 
f 3405/3405/3405 3406/3406/3406 3407/3407/3407 
f 3408/3408/3408 3409/3409/3409 3410/3410/3410 
f 3411/3411/3411 3412/3412/3412 3413/3413/3413 
f 3414/3414/3414 3415/3415/3415 3416/3416/3416 
f 3417/3417/3417 3418/3418/3418 3419/3419/3419 
f 3420/3420/3420 3421/3421/3421 3422/3422/3422 
f 3423/3423/3423 3424/3424/3424 3425/3425/3425 
f 3426/3426/3426 3427/3427/3427 3428/3428/3428 
f 3426/3426/3426 3428/3428/3428 3429/3429/3429 
f 3430/3430/3430 3431/3431/3431 3432/3432/3432 
f 3430/3430/3430 3432/3432/3432 3433/3433/3433 
f 3434/3434/3434 3435/3435/3435 3436/3436/3436 
f 3434/3434/3434 3436/3436/3436 3437/3437/3437 
f 3438/3438/3438 3439/3439/3439 3440/3440/3440 
f 3438/3438/3438 3440/3440/3440 3441/3441/3441 
f 3442/3442/3442 3443/3443/3443 3444/3444/3444 
f 3442/3442/3442 3444/3444/3444 3445/3445/3445 
f 3446/3446/3446 3447/3447/3447 3448/3448/3448 
f 3446/3446/3446 3448/3448/3448 3449/3449/3449 
f 3450/3450/3450 3451/3451/3451 3452/3452/3452 
f 3450/3450/3450 3452/3452/3452 3453/3453/3453 
f 3454/3454/3454 3455/3455/3455 3456/3456/3456 
f 3454/3454/3454 3456/3456/3456 3457/3457/3457 
f 3458/3458/3458 3459/3459/3459 3460/3460/3460 
f 3458/3458/3458 3460/3460/3460 3461/3461/3461 
f 3462/3462/3462 3463/3463/3463 3464/3464/3464 
f 3462/3462/3462 3464/3464/3464 3465/3465/3465 
f 3466/3466/3466 3467/3467/3467 3468/3468/3468 
f 3469/3469/3469 3470/3470/3470 3471/3471/3471 
f 3469/3469/3469 3471/3471/3471 3472/3472/3472 
f 3473/3473/3473 3474/3474/3474 3475/3475/3475 
f 3476/3476/3476 3477/3477/3477 3478/3478/3478 
f 3479/3479/3479 3480/3480/3480 3481/3481/3481 
f 3482/3482/3482 3483/3483/3483 3484/3484/3484 
f 3485/3485/3485 3486/3486/3486 3487/3487/3487 
f 3485/3485/3485 3487/3487/3487 3488/3488/3488 
f 3489/3489/3489 3490/3490/3490 3491/3491/3491 
f 3492/3492/3492 3493/3493/3493 3494/3494/3494 
f 3495/3495/3495 3496/3496/3496 3497/3497/3497 
f 3498/3498/3498 3499/3499/3499 3500/3500/3500 
f 3501/3501/3501 3502/3502/3502 3503/3503/3503 
f 3504/3504/3504 3505/3505/3505 3506/3506/3506 
f 3507/3507/3507 3508/3508/3508 3509/3509/3509 
f 3507/3507/3507 3509/3509/3509 3510/3510/3510 
f 3511/3511/3511 3512/3512/3512 3513/3513/3513 
f 3511/3511/3511 3513/3513/3513 3514/3514/3514 
f 3515/3515/3515 3516/3516/3516 3517/3517/3517 
f 3515/3515/3515 3517/3517/3517 3518/3518/3518 
f 3519/3519/3519 3520/3520/3520 3521/3521/3521 
f 3519/3519/3519 3521/3521/3521 3522/3522/3522 
f 3523/3523/3523 3524/3524/3524 3525/3525/3525 
f 3523/3523/3523 3525/3525/3525 3526/3526/3526 
f 3527/3527/3527 3528/3528/3528 3529/3529/3529 
f 3527/3527/3527 3529/3529/3529 3530/3530/3530 
f 3531/3531/3531 3532/3532/3532 3533/3533/3533 
f 3531/3531/3531 3533/3533/3533 3534/3534/3534 
f 3535/3535/3535 3536/3536/3536 3537/3537/3537 
f 3535/3535/3535 3537/3537/3537 3538/3538/3538 
f 3539/3539/3539 3540/3540/3540 3541/3541/3541 
f 3539/3539/3539 3541/3541/3541 3542/3542/3542 
f 3543/3543/3543 3544/3544/3544 3545/3545/3545 
f 3543/3543/3543 3545/3545/3545 3546/3546/3546 
f 3547/3547/3547 3548/3548/3548 3549/3549/3549 
f 3547/3547/3547 3549/3549/3549 3550/3550/3550 
f 3551/3551/3551 3552/3552/3552 3553/3553/3553 
f 3551/3551/3551 3553/3553/3553 3554/3554/3554 
f 3555/3555/3555 3556/3556/3556 3557/3557/3557 
f 3555/3555/3555 3557/3557/3557 3558/3558/3558 
f 3559/3559/3559 3560/3560/3560 3561/3561/3561 
f 3559/3559/3559 3561/3561/3561 3562/3562/3562 
f 3563/3563/3563 3564/3564/3564 3565/3565/3565 
f 3566/3566/3566 3567/3567/3567 3568/3568/3568 
f 3569/3569/3569 3570/3570/3570 3571/3571/3571 
f 3569/3569/3569 3571/3571/3571 3572/3572/3572 
f 3573/3573/3573 3574/3574/3574 3575/3575/3575 
f 3573/3573/3573 3575/3575/3575 3576/3576/3576 
f 3577/3577/3577 3578/3578/3578 3579/3579/3579 
f 3577/3577/3577 3579/3579/3579 3580/3580/3580 
f 3581/3581/3581 3582/3582/3582 3583/3583/3583 
f 3581/3581/3581 3583/3583/3583 3584/3584/3584 
f 3585/3585/3585 3586/3586/3586 3587/3587/3587 
f 3585/3585/3585 3587/3587/3587 3588/3588/3588 
f 3589/3589/3589 3590/3590/3590 3591/3591/3591 
f 3589/3589/3589 3591/3591/3591 3592/3592/3592 
f 3593/3593/3593 3594/3594/3594 3595/3595/3595 
f 3593/3593/3593 3595/3595/3595 3596/3596/3596 
f 3597/3597/3597 3598/3598/3598 3599/3599/3599 
f 3597/3597/3597 3599/3599/3599 3600/3600/3600 
f 3601/3601/3601 3602/3602/3602 3603/3603/3603 
f 3601/3601/3601 3603/3603/3603 3604/3604/3604 
f 3605/3605/3605 3606/3606/3606 3607/3607/3607 
f 3605/3605/3605 3607/3607/3607 3608/3608/3608 
f 3609/3609/3609 3610/3610/3610 3611/3611/3611 
f 3609/3609/3609 3611/3611/3611 3612/3612/3612 
f 3613/3613/3613 3614/3614/3614 3615/3615/3615 
f 3613/3613/3613 3615/3615/3615 3616/3616/3616 
f 3617/3617/3617 3618/3618/3618 3619/3619/3619 
f 3617/3617/3617 3619/3619/3619 3620/3620/3620 
f 3621/3621/3621 3622/3622/3622 3623/3623/3623 
f 3621/3621/3621 3623/3623/3623 3624/3624/3624 
f 3625/3625/3625 3626/3626/3626 3627/3627/3627 
f 3628/3628/3628 3629/3629/3629 3630/3630/3630 

g KillerRobot12

v -8.55597 2.93492 -13.9176 
v -8.52388 2.9455 -13.9506 
v -8.45768 2.81558 -13.9506 
v -8.48504 2.79571 -13.9176 
v -8.49178 2.95608 -13.9835 
v -8.52388 2.9455 -13.9506 
v -8.54518 3.05905 -13.9689 
v -8.51178 3.05905 -14.0023 
v -8.48504 2.79571 -13.9176 
v -8.45768 2.81558 -13.9506 
v -8.35468 2.71258 -13.9506 
v -8.37455 2.68522 -13.9176 
v -8.37455 2.68522 -13.9176 
v -8.35468 2.71258 -13.9506 
v -8.22489 2.64645 -13.9506 
v -8.23534 2.61429 -13.9176 
v -8.55597 2.93492 -13.0823 
v -8.52388 2.9455 -13.052 
v -8.54518 3.05905 -13.0354 
v -8.57858 3.05905 -13.0688 
v -8.49178 2.95608 -13.0217 
v -8.52388 2.9455 -13.052 
v -8.45768 2.81558 -13.052 
v -8.43032 2.83546 -13.0217 
v -8.43032 2.83546 -13.0217 
v -8.45768 2.81558 -13.052 
v -8.35468 2.71258 -13.052 
v -8.3348 2.73994 -13.0217 
v -8.3348 2.73994 -13.0217 
v -8.35468 2.71258 -13.052 
v -8.22489 2.64645 -13.052 
v -8.21444 2.67861 -13.0217 
v -8.51178 3.05905 -14.0023 
v -8.54518 3.05905 -13.9689 
v -8.54518 3.92028 -13.9689 
v -8.51178 3.92024 -14.0023 
v -8.51178 3.92024 -13.002 
v -8.54518 3.92028 -13.0354 
v -8.54518 3.05905 -13.0354 
v -8.51178 3.05905 -13.002 
v -8.55597 2.93492 -13.9176 
v -8.48504 2.79571 -13.9176 
v -8.48504 2.79571 -13.0823 
v -8.55597 2.93492 -13.0823 
v -8.48504 2.79571 -13.9176 
v -8.37455 2.68522 -13.9176 
v -8.37455 2.68522 -13.0823 
v -8.48504 2.79571 -13.0823 
v -8.37455 2.68522 -13.9176 
v -8.23534 2.61429 -13.9176 
v -8.23534 2.61429 -13.0823 
v -8.37455 2.68522 -13.0823 
v -8.57858 3.92033 -13.9355 
v -8.57858 3.05905 -13.9355 
v -8.57858 3.05905 -13.0688 
v -8.57858 3.92033 -13.0688 
v -8.57858 3.05905 -13.9355 
v -8.55597 2.93492 -13.9176 
v -8.55597 2.93492 -13.0823 
v -8.57858 3.05905 -13.0688 
v -8.47232 3.99085 -13.9565 
v -8.50266 3.99085 -13.9261 
v -8.47449 3.99086 -13.8958 
v -7.64513 3.92024 -14.0023 
v -8.08102 3.9205 -14.0023 
v -8.08102 3.99086 -13.9565 
v -7.68459 3.99085 -13.9565 
v -8.08102 3.9205 -14.0023 
v -8.51178 3.92024 -14.0023 
v -8.47232 3.99085 -13.9565 
v -8.08102 3.99086 -13.9565 
v -8.51178 3.92024 -14.0023 
v -8.54518 3.92028 -13.9689 
v -8.50266 3.99085 -13.9261 
v -8.47232 3.99085 -13.9565 
v -8.57858 3.92033 -13.9355 
v -8.57858 3.92033 -13.0688 
v -8.533 3.99086 -13.1085 
v -8.533 3.99086 -13.8958 
v -8.57858 3.92033 -13.0688 
v -8.54518 3.92028 -13.0354 
v -8.50266 3.99085 -13.0782 
v -8.533 3.99086 -13.1085 
v -8.51178 3.92024 -13.002 
v -8.08102 3.9205 -13.002 
v -8.08102 3.99086 -13.0478 
v -8.47232 3.99085 -13.0478 
v -8.08102 3.9205 -13.002 
v -7.64513 3.92024 -13.002 
v -7.68459 3.99085 -13.0478 
v -8.08102 3.99086 -13.0478 
v -7.64513 3.92024 -13.002 
v -7.57833 3.92033 -13.0688 
v -7.62392 3.99086 -13.1085 
v -7.68459 3.99085 -13.0478 
v -7.57833 3.92033 -13.0688 
v -7.57833 3.92033 -13.9355 
v -7.62392 3.99086 -13.8958 
v -7.62392 3.99086 -13.1085 
v -7.57833 3.92033 -13.9355 
v -7.64513 3.92024 -14.0023 
v -7.68459 3.99085 -13.9565 
v -7.62392 3.99086 -13.8958 
v -8.11559 2.59532 -13.923 
v -8.08102 2.62485 -13.9083 
v -8.08102 2.62485 -13.0969 
v -8.11559 2.59532 -13.0823 
v -8.08102 2.62485 -13.9083 
v -8.11559 2.59532 -13.923 
v -8.11498 2.62904 -13.9532 
v -8.08102 2.67126 -13.9562 
v -8.11437 2.66276 -13.9835 
v -8.11354 3.05905 -14.0023 
v -8.08102 3.0264 -13.9698 
v -7.64513 3.05908 -14.0023 
v -7.64513 3.0264 -13.9667 
v -8.08102 3.0264 -13.9698 
v -8.11354 3.05905 -14.0023 
v -7.64513 3.0264 -13.9667 
v -7.64513 3.05908 -14.0023 
v -7.57833 3.05908 -13.9355 
v -7.61197 3.0264 -13.9215 
v -7.61197 3.0264 -13.9215 
v -7.57833 3.05908 -13.9355 
v -7.57833 3.05908 -13.0688 
v -7.61197 3.0264 -13.0828 
v -8.08102 2.62485 -13.0969 
v -8.08102 2.67126 -13.0548 
v -8.11437 2.66276 -13.0217 
v -8.11498 2.62904 -13.052 
v -8.11437 2.66276 -13.0217 
v -8.08102 2.67126 -13.0548 
v -8.08102 3.0264 -13.0345 
v -8.11354 3.05905 -13.002 
v -7.61197 3.0264 -13.0828 
v -7.57833 3.05908 -13.0688 
v -7.64513 3.05908 -13.002 
v -7.64513 3.0264 -13.0376 
v -7.64513 3.0264 -13.0376 
v -7.64513 3.05908 -13.002 
v -8.11354 3.05905 -13.002 
v -8.08102 3.0264 -13.0345 
v -8.23534 2.61429 -13.9176 
v -8.22489 2.64645 -13.9506 
v -8.11498 2.62904 -13.9532 
v -8.11559 2.59532 -13.923 
v -8.21444 2.67861 -13.0217 
v -8.22489 2.64645 -13.052 
v -8.11498 2.62904 -13.052 
v -8.11437 2.66276 -13.0217 
v -7.64513 3.92024 -14.0023 
v -7.57833 3.92033 -13.9355 
v -7.57833 3.05908 -13.9355 
v -7.64513 3.05908 -14.0023 
v -7.64513 3.05908 -13.002 
v -7.57833 3.05908 -13.0688 
v -7.57833 3.92033 -13.0688 
v -7.64513 3.92024 -13.002 
v -8.23534 2.61429 -13.9176 
v -8.11559 2.59532 -13.923 
v -8.11559 2.59532 -13.0823 
v -8.23534 2.61429 -13.0823 
v -7.64513 3.92024 -14.0023 
v -7.64513 3.05908 -14.0023 
v -8.11354 3.05905 -14.0023 
v -8.08102 3.9205 -14.0023 
v -7.57833 3.05908 -13.9355 
v -7.57833 3.92033 -13.9355 
v -7.57833 3.92033 -13.0688 
v -7.57833 3.05908 -13.0688 
v -7.64513 3.05908 -13.002 
v -7.64513 3.92024 -13.002 
v -8.08102 3.9205 -13.002 
v -8.11354 3.05905 -13.002 
v -8.51178 3.05905 -14.0023 
v -8.51178 3.92024 -14.0023 
v -8.08102 3.9205 -14.0023 
v -8.11354 3.05905 -14.0023 
v -8.51178 3.92024 -13.002 
v -8.51178 3.05905 -13.002 
v -8.11354 3.05905 -13.002 
v -8.08102 3.9205 -13.002 
v -8.49178 2.95608 -13.9835 
v -8.51178 3.05905 -14.0023 
v -8.11354 3.05905 -14.0023 
v -8.43032 2.83546 -13.9835 
v -8.49178 2.95608 -13.9835 
v -8.11354 3.05905 -14.0023 
v -8.3348 2.73994 -13.9835 
v -8.43032 2.83546 -13.9835 
v -8.11354 3.05905 -14.0023 
v -8.21444 2.67861 -13.9835 
v -8.3348 2.73994 -13.9835 
v -8.11354 3.05905 -14.0023 
v -8.11437 2.66276 -13.9835 
v -8.21444 2.67861 -13.9835 
v -8.11354 3.05905 -14.0023 
v -8.51178 3.05905 -13.002 
v -8.49178 2.95608 -13.0217 
v -8.11354 3.05905 -13.002 
v -8.49178 2.95608 -13.0217 
v -8.43032 2.83546 -13.0217 
v -8.11354 3.05905 -13.002 
v -8.43032 2.83546 -13.0217 
v -8.3348 2.73994 -13.0217 
v -8.11354 3.05905 -13.002 
v -8.3348 2.73994 -13.0217 
v -8.21444 2.67861 -13.0217 
v -8.11354 3.05905 -13.002 
v -8.21444 2.67861 -13.0217 
v -8.11437 2.66276 -13.0217 
v -8.11354 3.05905 -13.002 
v -8.08102 2.62485 -13.9083 
v -8.08102 2.67126 -13.9562 
v -8.08102 2.67126 -13.0548 
v -8.08102 2.62485 -13.0969 
v -7.64513 3.0264 -13.9667 
v -7.61197 3.0264 -13.9215 
v -7.61197 3.0264 -13.0828 
v -7.64513 3.0264 -13.0376 
v -8.08102 3.0264 -13.0345 
v -8.08102 2.67126 -13.0548 
v -8.08102 2.67126 -13.9562 
v -7.64513 3.0264 -13.9667 
v -8.08102 3.0264 -13.0345 
v -8.08102 3.0264 -13.9698 
v -8.533 3.99086 -13.1085 
v -8.47247 3.99085 -13.1082 
v -8.47449 3.99086 -13.8958 
v -8.533 3.99086 -13.8958 
v -7.62392 3.99086 -13.8958 
v -7.68261 3.99086 -13.8958 
v -7.68445 3.99085 -13.1082 
v -7.62392 3.99086 -13.1085 
v -7.68459 3.99085 -13.9565 
v -7.68261 3.99086 -13.8958 
v -7.62392 3.99086 -13.8958 
v -7.68459 3.99085 -13.9565 
v -8.08102 3.99086 -13.9565 
v -7.68261 3.99086 -13.8958 
v -8.47247 3.99085 -13.1082 
v -7.68445 3.99085 -13.1082 
v -7.68261 3.99086 -13.8958 
v -8.47449 3.99086 -13.8958 
v -8.47247 3.99085 -13.1082 
v -8.533 3.99086 -13.1085 
v -8.50266 3.99085 -13.0782 
v -7.68459 3.99085 -13.0478 
v -7.68445 3.99085 -13.1082 
v -8.08102 3.99086 -13.0478 
v -7.62392 3.99086 -13.1085 
v -7.68445 3.99085 -13.1082 
v -7.68459 3.99085 -13.0478 
v -8.47449 3.99086 -13.8958 
v -8.08102 3.99086 -13.9565 
v -8.47232 3.99085 -13.9565 
v -7.68261 3.99086 -13.8958 
v -8.08102 3.99086 -13.9565 
v -8.47449 3.99086 -13.8958 
v -8.08102 3.99086 -13.0478 
v -8.47247 3.99085 -13.1082 
v -8.47232 3.99085 -13.0478 
v -8.08102 3.99086 -13.0478 
v -7.68445 3.99085 -13.1082 
v -8.47247 3.99085 -13.1082 
v -7.64513 3.0264 -13.0376 
v -8.08102 3.0264 -13.0345 
v -7.64513 3.0264 -13.9667 
v -8.08102 3.0264 -13.0345 
v -8.08102 2.67126 -13.9562 
v -8.08102 3.0264 -13.9698 
v -8.52388 2.9455 -13.052 
v -8.49178 2.95608 -13.0217 
v -8.51178 3.05905 -13.002 
v -8.54518 3.05905 -13.0354 
v -8.52388 2.9455 -13.052 
v -8.55597 2.93492 -13.0823 
v -8.48504 2.79571 -13.0823 
v -8.45768 2.81558 -13.052 
v -8.45768 2.81558 -13.052 
v -8.48504 2.79571 -13.0823 
v -8.37455 2.68522 -13.0823 
v -8.35468 2.71258 -13.052 
v -8.35468 2.71258 -13.052 
v -8.37455 2.68522 -13.0823 
v -8.23534 2.61429 -13.0823 
v -8.22489 2.64645 -13.052 
v -8.54518 3.92028 -13.0354 
v -8.57858 3.92033 -13.0688 
v -8.57858 3.05905 -13.0688 
v -8.54518 3.05905 -13.0354 
v -8.54518 3.92028 -13.0354 
v -8.51178 3.92024 -13.002 
v -8.47232 3.99085 -13.0478 
v -8.50266 3.99085 -13.0782 
v -8.22489 2.64645 -13.052 
v -8.23534 2.61429 -13.0823 
v -8.11559 2.59532 -13.0823 
v -8.11498 2.62904 -13.052 
v -8.11498 2.62904 -13.052 
v -8.11559 2.59532 -13.0823 
v -8.08102 2.62485 -13.0969 
v -8.50266 3.99085 -13.0782 
v -8.47232 3.99085 -13.0478 
v -8.47247 3.99085 -13.1082 
v -8.52388 2.9455 -13.9506 
v -8.49178 2.95608 -13.9835 
v -8.43032 2.83546 -13.9835 
v -8.45768 2.81558 -13.9506 
v -8.52388 2.9455 -13.9506 
v -8.55597 2.93492 -13.9176 
v -8.57858 3.05905 -13.9355 
v -8.54518 3.05905 -13.9689 
v -8.45768 2.81558 -13.9506 
v -8.43032 2.83546 -13.9835 
v -8.3348 2.73994 -13.9835 
v -8.35468 2.71258 -13.9506 
v -8.35468 2.71258 -13.9506 
v -8.3348 2.73994 -13.9835 
v -8.21444 2.67861 -13.9835 
v -8.22489 2.64645 -13.9506 
v -8.54518 3.05905 -13.9689 
v -8.57858 3.05905 -13.9355 
v -8.57858 3.92033 -13.9355 
v -8.54518 3.92028 -13.9689 
v -8.54518 3.92028 -13.9689 
v -8.57858 3.92033 -13.9355 
v -8.533 3.99086 -13.8958 
v -8.50266 3.99085 -13.9261 
v -8.22489 2.64645 -13.9506 
v -8.21444 2.67861 -13.9835 
v -8.11437 2.66276 -13.9835 
v -8.11498 2.62904 -13.9532 
v -8.11498 2.62904 -13.9532 
v -8.11437 2.66276 -13.9835 
v -8.08102 2.67126 -13.9562 
v -8.08102 2.62485 -13.9083 
v -8.50266 3.99085 -13.9261 
v -8.533 3.99086 -13.8958 
v -8.47449 3.99086 -13.8958 

vn -0.653543 -0.275591 -0.708661 
vn -0.653543 -0.275591 -0.708661 
vn -0.566929 -0.409449 -0.716535 
vn -0.566929 -0.409449 -0.716535 
vn -0.645669 -0.283465 -0.708661 
vn -0.653543 -0.275591 -0.708661 
vn -0.692913 -0.11811 -0.708661 
vn -0.692913 -0.125984 -0.708661 
vn -0.566929 -0.409449 -0.716535 
vn -0.566929 -0.409449 -0.716535 
vn -0.409449 -0.566929 -0.716535 
vn -0.409449 -0.566929 -0.716535 
vn -0.409449 -0.566929 -0.716535 
vn -0.409449 -0.566929 -0.716535 
vn -0.220472 -0.653543 -0.724409 
vn -0.228346 -0.653543 -0.724409 
vn -0.629921 -0.259843 0.732283 
vn -0.629921 -0.267717 0.732283 
vn -0.685039 -0.11811 0.716535 
vn -0.692913 -0.102362 0.716535 
vn -0.629921 -0.275591 0.724409 
vn -0.629921 -0.267717 0.732283 
vn -0.543307 -0.393701 0.748031 
vn -0.543307 -0.393701 0.748031 
vn -0.543307 -0.393701 0.748031 
vn -0.543307 -0.393701 0.748031 
vn -0.393701 -0.543307 0.748031 
vn -0.393701 -0.543307 0.748031 
vn -0.393701 -0.543307 0.748031 
vn -0.393701 -0.543307 0.748031 
vn -0.204724 -0.637795 0.748031 
vn -0.204724 -0.637795 0.748031 
vn -0.692913 -0.125984 -0.708661 
vn -0.692913 -0.11811 -0.708661 
vn -0.708661 0 -0.708661 
vn -0.708661 0 -0.708661 
vn -0.708661 0 0.708661 
vn -0.708661 0 0.708661 
vn -0.685039 -0.11811 0.716535 
vn -0.685039 -0.125984 0.716535 
vn -0.952756 -0.314961 0 
vn -0.811024 -0.590551 0 
vn -0.811024 -0.590551 0 
vn -0.952756 -0.314961 0 
vn -0.811024 -0.590551 0 
vn -0.590551 -0.811024 0 
vn -0.590551 -0.811024 0 
vn -0.811024 -0.590551 0 
vn -0.590551 -0.811024 0 
vn -0.307087 -0.952756 0 
vn -0.307087 -0.952756 0 
vn -0.590551 -0.811024 0 
vn -1 0 0 
vn -1 -0.0866142 0 
vn -1 -0.0866142 0 
vn -1 0 0 
vn -1 -0.0866142 0 
vn -0.952756 -0.314961 0 
vn -0.952756 -0.314961 0 
vn -1 -0.0866142 0 
vn 0 1 0 
vn 0 1 0 
vn 0 1 0 
vn 0 0.543307 -0.834646 
vn 0 0.543307 -0.834646 
vn 0 0.543307 -0.834646 
vn 0 0.543307 -0.834646 
vn 0 0.543307 -0.834646 
vn 0 0.543307 -0.834646 
vn 0 0.543307 -0.834646 
vn 0 0.543307 -0.834646 
vn -0.535433 0.645669 -0.535433 
vn -0.535433 0.645669 -0.535433 
vn -0.535433 0.645669 -0.535433 
vn -0.535433 0.645669 -0.535433 
vn -0.84252 0.543307 0 
vn -0.84252 0.543307 0 
vn -0.84252 0.543307 0 
vn -0.84252 0.543307 0 
vn -0.535433 0.653543 0.535433 
vn -0.535433 0.653543 0.535433 
vn -0.535433 0.653543 0.535433 
vn -0.535433 0.653543 0.535433 
vn 0 0.543307 0.834646 
vn 0 0.543307 0.834646 
vn 0 0.543307 0.834646 
vn 0 0.543307 0.834646 
vn 0 0.543307 0.834646 
vn 0 0.543307 0.834646 
vn 0 0.543307 0.834646 
vn 0 0.543307 0.834646 
vn 0.535433 0.653543 0.535433 
vn 0.535433 0.653543 0.535433 
vn 0.535433 0.653543 0.535433 
vn 0.535433 0.653543 0.535433 
vn 0.84252 0.543307 0 
vn 0.84252 0.543307 0 
vn 0.84252 0.543307 0 
vn 0.84252 0.543307 0 
vn 0.535433 0.653543 -0.535433 
vn 0.535433 0.653543 -0.535433 
vn 0.535433 0.653543 -0.535433 
vn 0.535433 0.653543 -0.535433 
vn 0.645669 -0.76378 0 
vn 0.645669 -0.76378 0 
vn 0.645669 -0.76378 0 
vn 0.645669 -0.76378 0 
vn 0.661417 -0.503937 -0.551181 
vn 0.661417 -0.503937 -0.551181 
vn 0.661417 -0.503937 -0.551181 
vn 0.669291 -0.0314961 -0.748031 
vn 0.669291 -0.0314961 -0.748031 
vn 0.669291 -0.0314961 -0.748031 
vn 0.669291 -0.0314961 -0.748031 
vn 0 -0.724409 -0.692913 
vn 0 -0.724409 -0.692913 
vn 0 -0.724409 -0.692913 
vn 0 -0.724409 -0.692913 
vn 0.559055 -0.661417 -0.496063 
vn 0.559055 -0.661417 -0.496063 
vn 0.559055 -0.661417 -0.496063 
vn 0.559055 -0.661417 -0.496063 
vn 0.692913 -0.716535 0 
vn 0.692913 -0.716535 0 
vn 0.692913 -0.716535 0 
vn 0.692913 -0.716535 0 
vn 0.669291 -0.503937 0.551181 
vn 0.669291 -0.503937 0.551181 
vn 0.669291 -0.503937 0.551181 
vn 0.669291 -0.503937 0.551181 
vn 0.700787 -0.0393701 0.716535 
vn 0.700787 -0.0393701 0.716535 
vn 0.700787 -0.0393701 0.716535 
vn 0.700787 -0.0393701 0.716535 
vn 0.559055 -0.661417 0.496063 
vn 0.559055 -0.661417 0.496063 
vn 0.559055 -0.661417 0.496063 
vn 0.559055 -0.661417 0.496063 
vn 0 -0.724409 0.692913 
vn 0 -0.724409 0.692913 
vn 0 -0.724409 0.692913 
vn 0 -0.724409 0.692913 
vn -0.228346 -0.653543 -0.724409 
vn -0.220472 -0.653543 -0.724409 
vn -0.125984 -0.677165 -0.724409 
vn -0.133858 -0.677165 -0.724409 
vn -0.204724 -0.637795 0.748031 
vn -0.204724 -0.637795 0.748031 
vn -0.102362 -0.661417 0.740157 
vn -0.102362 -0.661417 0.740157 
vn 0.708661 0 -0.708661 
vn 0.708661 0 -0.708661 
vn 0.708661 0 -0.708661 
vn 0.708661 0 -0.708661 
vn 0.708661 0 0.708661 
vn 0.708661 0 0.708661 
vn 0.708661 0 0.708661 
vn 0.708661 0 0.708661 
vn -0.307087 -0.952756 0 
vn -0.15748 -0.984252 0 
vn -0.15748 -0.984252 0 
vn -0.307087 -0.952756 0 
vn 0 0 -1 
vn 0 0 -1 
vn -0.00787402 -0.023622 -1 
vn 0 0 -1 
vn 1 0 0 
vn 1 0 0 
vn 1 0 0 
vn 1 0 0 
vn 0 0 1 
vn 0 0 1 
vn 0 0 1 
vn -0.00787402 -0.023622 1 
vn 0 -0.0866142 -1 
vn 0 0 -1 
vn 0 0 -1 
vn -0.00787402 -0.023622 -1 
vn 0 0 1 
vn 0 -0.0866142 1 
vn -0.00787402 -0.023622 1 
vn 0 0 1 
vn -0.023622 -0.102362 -0.992126 
vn 0 -0.0866142 -1 
vn -0.00787402 -0.023622 -1 
vn -0.0393701 -0.0314961 -1 
vn -0.023622 -0.102362 -0.992126 
vn -0.00787402 -0.023622 -1 
vn -0.0314961 -0.0393701 -1 
vn -0.0393701 -0.0314961 -1 
vn -0.00787402 -0.023622 -1 
vn -0.015748 -0.0472441 -1 
vn -0.0314961 -0.0393701 -1 
vn -0.00787402 -0.023622 -1 
vn -0.00787402 -0.0472441 -1 
vn -0.015748 -0.0472441 -1 
vn -0.00787402 -0.023622 -1 
vn 0 -0.0866142 1 
vn -0.023622 -0.110236 0.992126 
vn -0.00787402 -0.023622 1 
vn -0.023622 -0.110236 0.992126 
vn -0.0393701 -0.0314961 1 
vn -0.00787402 -0.023622 1 
vn -0.0393701 -0.0314961 1 
vn -0.0314961 -0.0393701 1 
vn -0.00787402 -0.023622 1 
vn -0.0314961 -0.0393701 1 
vn -0.015748 -0.0472441 1 
vn -0.00787402 -0.023622 1 
vn -0.015748 -0.0472441 1 
vn -0.00787402 -0.0472441 1 
vn -0.00787402 -0.023622 1 
vn 1 0 0 
vn 1 0 0 
vn 1 0 0 
vn 1 0 0 
vn 0 -1 0 
vn 0 -1 0 
vn 0 -1 0 
vn 0 -1 0 
vn 1 0 0 
vn 1 0 0 
vn 1 0 0 
vn 0 -1 0 
vn 0 -1 0 
vn 0 -1 0 
vn 0 1 0 
vn 0 1 0 
vn 0 1 0 
vn 0 1 0 
vn 0 1 0 
vn 0 1 0 
vn 0 1 0 
vn 0 1 0 
vn 0 1 0 
vn 0 1 0 
vn 0 1 0 
vn 0 1 0 
vn 0 1 0 
vn 0 1 0 
vn 0 1 0 
vn 0 1 0 
vn 0 1 0 
vn 0 1 0 
vn 0 1 0 
vn 0 1 0 
vn 0 1 0 
vn 0 1 0 
vn 0 1 0 
vn 0 1 0 
vn 0 1 0 
vn 0 1 0 
vn 0 1 0 
vn 0 1 0 
vn 0 1 0 
vn 0 1 0 
vn 0 1 0 
vn 0 1 0 
vn 0 1 0 
vn 0 1 0 
vn 0 1 0 
vn 0 1 0 
vn 0 1 0 
vn 0 1 0 
vn 0 1 0 
vn 0 -1 0 
vn 0 -1 0 
vn 0 -1 0 
vn 1 0 0 
vn 1 0 0 
vn 1 0 0 
vn -0.629921 -0.267717 0.732283 
vn -0.629921 -0.275591 0.724409 
vn -0.685039 -0.125984 0.716535 
vn -0.685039 -0.11811 0.716535 
vn -0.629921 -0.267717 0.732283 
vn -0.629921 -0.259843 0.732283 
vn -0.543307 -0.393701 0.748031 
vn -0.543307 -0.393701 0.748031 
vn -0.543307 -0.393701 0.748031 
vn -0.543307 -0.393701 0.748031 
vn -0.393701 -0.543307 0.748031 
vn -0.393701 -0.543307 0.748031 
vn -0.393701 -0.543307 0.748031 
vn -0.393701 -0.543307 0.748031 
vn -0.204724 -0.637795 0.748031 
vn -0.204724 -0.637795 0.748031 
vn -0.708661 0 0.708661 
vn -0.708661 0 0.708661 
vn -0.692913 -0.102362 0.716535 
vn -0.685039 -0.11811 0.716535 
vn -0.535433 0.645669 0.535433 
vn -0.535433 0.645669 0.535433 
vn -0.535433 0.645669 0.535433 
vn -0.535433 0.645669 0.535433 
vn -0.204724 -0.637795 0.748031 
vn -0.204724 -0.637795 0.748031 
vn -0.102362 -0.661417 0.740157 
vn -0.102362 -0.661417 0.740157 
vn 0.661417 -0.503937 0.551181 
vn 0.661417 -0.503937 0.551181 
vn 0.661417 -0.503937 0.551181 
vn 0 1 0 
vn 0 1 0 
vn 0 1 0 
vn -0.653543 -0.275591 -0.708661 
vn -0.645669 -0.283465 -0.708661 
vn -0.566929 -0.409449 -0.716535 
vn -0.566929 -0.409449 -0.716535 
vn -0.653543 -0.275591 -0.708661 
vn -0.653543 -0.275591 -0.708661 
vn -0.692913 -0.11811 -0.708661 
vn -0.692913 -0.11811 -0.708661 
vn -0.566929 -0.409449 -0.716535 
vn -0.566929 -0.409449 -0.716535 
vn -0.409449 -0.566929 -0.716535 
vn -0.409449 -0.566929 -0.716535 
vn -0.409449 -0.566929 -0.716535 
vn -0.409449 -0.566929 -0.716535 
vn -0.220472 -0.653543 -0.724409 
vn -0.220472 -0.653543 -0.724409 
vn -0.692913 -0.11811 -0.708661 
vn -0.692913 -0.11811 -0.708661 
vn -0.708661 0 -0.708661 
vn -0.708661 0 -0.708661 
vn -0.535433 0.653543 -0.535433 
vn -0.535433 0.653543 -0.535433 
vn -0.535433 0.653543 -0.535433 
vn -0.535433 0.653543 -0.535433 
vn -0.220472 -0.653543 -0.724409 
vn -0.220472 -0.653543 -0.724409 
vn -0.11811 -0.677165 -0.724409 
vn -0.125984 -0.677165 -0.724409 
vn 0.629921 -0.543307 -0.551181 
vn 0.629921 -0.543307 -0.551181 
vn 0.629921 -0.543307 -0.551181 
vn 0.629921 -0.543307 -0.551181 
vn 0 1 0 
vn 0 1 0 
vn 0 1 0 

vt 0.932297 0.886217 
vt 0.930003 0.886006 
vt 0.925712 0.894161 
vt 0.927698 0.894955 
vt 0.927709 0.885795 
vt 0.930003 0.886006 
vt 0.931726 0.873617 
vt 0.929799 0.873616 
vt 0.927698 0.894955 
vt 0.925712 0.894161 
vt 0.91903 0.900576 
vt 0.920531 0.901836 
vt 0.920531 0.901836 
vt 0.91903 0.900576 
vt 0.910607 0.90463 
vt 0.911497 0.906185 
vt 0.745683 0.882352 
vt 0.750642 0.882324 
vt 0.74931 0.873617 
vt 0.744324 0.873617 
vt 0.755602 0.882295 
vt 0.750642 0.882324 
vt 0.754016 0.893834 
vt 0.758427 0.893392 
vt 0.758427 0.893392 
vt 0.754016 0.893834 
vt 0.758892 0.899916 
vt 0.762104 0.898595 
vt 0.762104 0.898595 
vt 0.758892 0.899916 
vt 0.765018 0.904151 
vt 0.766723 0.902261 
vt 0.929799 0.873616 
vt 0.931726 0.873617 
vt 0.931726 0.930533 
vt 0.929799 0.930533 
vt 0.746118 0.930533 
vt 0.744324 0.930533 
vt 0.744324 0.873617 
vt 0.746118 0.873617 
vt 0.931723 0.879022 
vt 0.931723 0.88287 
vt 0.994234 0.88287 
vt 0.994234 0.879022 
vt 0.931723 0.88287 
vt 0.931723 0.886352 
vt 0.994234 0.886352 
vt 0.994234 0.88287 
vt 0.931723 0.886352 
vt 0.931723 0.889127 
vt 0.994234 0.889127 
vt 0.994234 0.886352 
vt 0.933653 0.930533 
vt 0.933653 0.873616 
vt 0.992045 0.873616 
vt 0.992045 0.930533 
vt 0.931726 0.873617 
vt 0.931723 0.879022 
vt 0.994234 0.879022 
vt 0.994235 0.873617 
vt 0.74833 0.998034 
vt 0.746369 0.995976 
vt 0.748189 0.993919 
vt 0.871331 0.930533 
vt 0.901549 0.930533 
vt 0.901824 0.93554 
vt 0.871331 0.93554 
vt 0.901549 0.930533 
vt 0.929799 0.930533 
vt 0.929799 0.93554 
vt 0.901824 0.93554 
vt 0.929799 0.930533 
vt 0.931726 0.930533 
vt 0.931726 0.93554 
vt 0.929799 0.93554 
vt 0.933653 0.930533 
vt 0.992045 0.930533 
vt 0.992045 0.93554 
vt 0.933653 0.93554 
vt 0.992045 0.930533 
vt 0.994235 0.930533 
vt 0.994235 0.93554 
vt 0.992045 0.93554 
vt 0.746118 0.930533 
vt 0.777961 0.930533 
vt 0.777531 0.93554 
vt 0.746118 0.93554 
vt 0.777961 0.930533 
vt 0.804778 0.930533 
vt 0.804778 0.93554 
vt 0.777531 0.93554 
vt 0.804792 0.930533 
vt 0.808889 0.930533 
vt 0.808889 0.93554 
vt 0.804792 0.93554 
vt 0.808889 0.930533 
vt 0.867323 0.930533 
vt 0.867323 0.93554 
vt 0.808889 0.93554 
vt 0.867323 0.930533 
vt 0.871331 0.930533 
vt 0.871331 0.93554 
vt 0.867323 0.93554 
vt 0.838768 0.93948 
vt 0.838768 0.940917 
vt 0.814356 0.940917 
vt 0.814356 0.93948 
vt 0.838768 0.940917 
vt 0.841752 0.940855 
vt 0.841752 0.941639 
vt 0.840054 0.942437 
vt 0.841752 0.942422 
vt 0.841752 0.95416 
vt 0.840373 0.954073 
vt 0.841402 0.970645 
vt 0.840373 0.968354 
vt 0.840373 0.954073 
vt 0.841752 0.95416 
vt 0.840373 0.968354 
vt 0.841402 0.970645 
vt 0.839015 0.970645 
vt 0.839133 0.96944 
vt 0.839133 0.96944 
vt 0.839015 0.970645 
vt 0.813041 0.970645 
vt 0.81401 0.96944 
vt 0.814356 0.940907 
vt 0.813267 0.942437 
vt 0.810997 0.942509 
vt 0.810997 0.941812 
vt 0.810997 0.942509 
vt 0.813267 0.942437 
vt 0.812769 0.954073 
vt 0.810997 0.954071 
vt 0.81401 0.96944 
vt 0.813041 0.970645 
vt 0.810647 0.970645 
vt 0.812769 0.968354 
vt 0.812769 0.968354 
vt 0.810647 0.970645 
vt 0.810997 0.954071 
vt 0.812769 0.954073 
vt 0.911497 0.906185 
vt 0.910607 0.90463 
vt 0.903761 0.905994 
vt 0.903761 0.90801 
vt 0.766723 0.902261 
vt 0.765018 0.904151 
vt 0.776173 0.906891 
vt 0.776174 0.905003 
vt 0.871331 0.930533 
vt 0.867323 0.930533 
vt 0.867323 0.873616 
vt 0.871331 0.873617 
vt 0.804792 0.873617 
vt 0.808889 0.873616 
vt 0.808889 0.930533 
vt 0.804792 0.930533 
vt 0.931723 0.889127 
vt 0.931723 0.901625 
vt 0.994234 0.901625 
vt 0.994234 0.889127 
vt 0.871331 0.930533 
vt 0.871331 0.873617 
vt 0.90361 0.873616 
vt 0.901549 0.930533 
vt 0.867323 0.873616 
vt 0.867323 0.930533 
vt 0.808889 0.930533 
vt 0.808889 0.873616 
vt 0.804778 0.873617 
vt 0.804778 0.930533 
vt 0.777961 0.930533 
vt 0.771659 0.873617 
vt 0.929799 0.873616 
vt 0.929799 0.930533 
vt 0.901549 0.930533 
vt 0.90361 0.873616 
vt 0.746118 0.930533 
vt 0.746118 0.873617 
vt 0.771659 0.873617 
vt 0.777961 0.930533 
vt 0.927709 0.885795 
vt 0.929799 0.873616 
vt 0.90361 0.873616 
vt 0.923724 0.893366 
vt 0.927709 0.885795 
vt 0.90361 0.873616 
vt 0.917528 0.899315 
vt 0.923724 0.893366 
vt 0.90361 0.873616 
vt 0.909717 0.903075 
vt 0.917528 0.899315 
vt 0.90361 0.873616 
vt 0.903761 0.903978 
vt 0.909717 0.903075 
vt 0.90361 0.873616 
vt 0.754545 0.873617 
vt 0.755602 0.882295 
vt 0.771659 0.873617 
vt 0.755602 0.882295 
vt 0.758427 0.893392 
vt 0.771659 0.873617 
vt 0.758427 0.893392 
vt 0.762104 0.898595 
vt 0.771659 0.873617 
vt 0.762104 0.898595 
vt 0.766723 0.902261 
vt 0.771659 0.873617 
vt 0.766723 0.902261 
vt 0.776174 0.905003 
vt 0.771659 0.873617 
vt 0.838768 0.940917 
vt 0.840054 0.942437 
vt 0.813267 0.942437 
vt 0.814356 0.940917 
vt 0.840373 0.968354 
vt 0.839133 0.96944 
vt 0.81401 0.96944 
vt 0.812769 0.968354 
vt 0.812769 0.954073 
vt 0.813267 0.942437 
vt 0.840054 0.942437 
vt 0.840373 0.968354 
vt 0.812769 0.954073 
vt 0.840373 0.954073 
vt 0.744408 0.939693 
vt 0.74832 0.939671 
vt 0.748189 0.993919 
vt 0.744408 0.993919 
vt 0.806566 0.993919 
vt 0.802772 0.993919 
vt 0.802653 0.939671 
vt 0.806566 0.939693 
vt 0.802644 0.998034 
vt 0.802772 0.993919 
vt 0.806566 0.993919 
vt 0.802644 0.998034 
vt 0.775263 0.998034 
vt 0.802772 0.993919 
vt 0.74832 0.939671 
vt 0.802653 0.939671 
vt 0.802772 0.993919 
vt 0.748189 0.993919 
vt 0.74832 0.939671 
vt 0.744408 0.939693 
vt 0.746369 0.937635 
vt 0.802653 0.935578 
vt 0.802653 0.939671 
vt 0.775263 0.935578 
vt 0.806566 0.939693 
vt 0.802653 0.939671 
vt 0.802653 0.935578 
vt 0.748189 0.993919 
vt 0.775263 0.998034 
vt 0.74833 0.998034 
vt 0.802772 0.993919 
vt 0.775263 0.998034 
vt 0.748189 0.993919 
vt 0.775263 0.935578 
vt 0.74832 0.939671 
vt 0.74833 0.935578 
vt 0.775263 0.935578 
vt 0.802653 0.939671 
vt 0.74832 0.939671 
vt 0.812769 0.968354 
vt 0.812769 0.954073 
vt 0.840373 0.968354 
vt 0.812769 0.954073 
vt 0.840054 0.942437 
vt 0.840373 0.954073 
vt 0.750642 0.882324 
vt 0.755602 0.882295 
vt 0.754545 0.873617 
vt 0.74931 0.873617 
vt 0.750642 0.882324 
vt 0.745683 0.882352 
vt 0.749606 0.894276 
vt 0.754016 0.893834 
vt 0.754016 0.893834 
vt 0.749606 0.894276 
vt 0.755681 0.901236 
vt 0.758892 0.899916 
vt 0.758892 0.899916 
vt 0.755681 0.901236 
vt 0.763313 0.906042 
vt 0.765018 0.904151 
vt 0.994235 0.930533 
vt 0.992045 0.930533 
vt 0.992045 0.873617 
vt 0.994235 0.873617 
vt 0.744324 0.930533 
vt 0.746118 0.930533 
vt 0.746118 0.93554 
vt 0.744324 0.93554 
vt 0.765018 0.904151 
vt 0.763313 0.906042 
vt 0.776173 0.908778 
vt 0.776173 0.906891 
vt 0.810997 0.941812 
vt 0.810997 0.941116 
vt 0.814356 0.940907 
vt 0.746369 0.937635 
vt 0.74833 0.935578 
vt 0.74832 0.939671 
vt 0.930003 0.886006 
vt 0.927709 0.885795 
vt 0.923724 0.893366 
vt 0.925712 0.894161 
vt 0.930003 0.886006 
vt 0.932297 0.886217 
vt 0.933653 0.873617 
vt 0.931726 0.873617 
vt 0.925712 0.894161 
vt 0.923724 0.893366 
vt 0.917528 0.899315 
vt 0.91903 0.900576 
vt 0.91903 0.900576 
vt 0.917528 0.899315 
vt 0.909717 0.903075 
vt 0.910607 0.90463 
vt 0.931726 0.873617 
vt 0.933653 0.873617 
vt 0.933653 0.930533 
vt 0.931726 0.930533 
vt 0.931726 0.930533 
vt 0.933653 0.930533 
vt 0.933653 0.93554 
vt 0.931726 0.93554 
vt 0.910607 0.90463 
vt 0.909717 0.903075 
vt 0.903761 0.903978 
vt 0.903761 0.905994 
vt 0.841752 0.941639 
vt 0.841752 0.942422 
vt 0.840054 0.942437 
vt 0.838768 0.940917 
vt 0.746369 0.995976 
vt 0.744408 0.993919 
vt 0.748189 0.993919 

usemtl KillerRobot1Mtl

f 3631/3631/3631 3632/3632/3632 3633/3633/3633 
f 3631/3631/3631 3633/3633/3633 3634/3634/3634 
f 3635/3635/3635 3636/3636/3636 3637/3637/3637 
f 3635/3635/3635 3637/3637/3637 3638/3638/3638 
f 3639/3639/3639 3640/3640/3640 3641/3641/3641 
f 3639/3639/3639 3641/3641/3641 3642/3642/3642 
f 3643/3643/3643 3644/3644/3644 3645/3645/3645 
f 3643/3643/3643 3645/3645/3645 3646/3646/3646 
f 3647/3647/3647 3648/3648/3648 3649/3649/3649 
f 3647/3647/3647 3649/3649/3649 3650/3650/3650 
f 3651/3651/3651 3652/3652/3652 3653/3653/3653 
f 3651/3651/3651 3653/3653/3653 3654/3654/3654 
f 3655/3655/3655 3656/3656/3656 3657/3657/3657 
f 3655/3655/3655 3657/3657/3657 3658/3658/3658 
f 3659/3659/3659 3660/3660/3660 3661/3661/3661 
f 3659/3659/3659 3661/3661/3661 3662/3662/3662 
f 3663/3663/3663 3664/3664/3664 3665/3665/3665 
f 3663/3663/3663 3665/3665/3665 3666/3666/3666 
f 3667/3667/3667 3668/3668/3668 3669/3669/3669 
f 3667/3667/3667 3669/3669/3669 3670/3670/3670 
f 3671/3671/3671 3672/3672/3672 3673/3673/3673 
f 3671/3671/3671 3673/3673/3673 3674/3674/3674 
f 3675/3675/3675 3676/3676/3676 3677/3677/3677 
f 3675/3675/3675 3677/3677/3677 3678/3678/3678 
f 3679/3679/3679 3680/3680/3680 3681/3681/3681 
f 3679/3679/3679 3681/3681/3681 3682/3682/3682 
f 3683/3683/3683 3684/3684/3684 3685/3685/3685 
f 3683/3683/3683 3685/3685/3685 3686/3686/3686 
f 3687/3687/3687 3688/3688/3688 3689/3689/3689 
f 3687/3687/3687 3689/3689/3689 3690/3690/3690 
f 3691/3691/3691 3692/3692/3692 3693/3693/3693 
f 3694/3694/3694 3695/3695/3695 3696/3696/3696 
f 3694/3694/3694 3696/3696/3696 3697/3697/3697 
f 3698/3698/3698 3699/3699/3699 3700/3700/3700 
f 3698/3698/3698 3700/3700/3700 3701/3701/3701 
f 3702/3702/3702 3703/3703/3703 3704/3704/3704 
f 3702/3702/3702 3704/3704/3704 3705/3705/3705 
f 3706/3706/3706 3707/3707/3707 3708/3708/3708 
f 3706/3706/3706 3708/3708/3708 3709/3709/3709 
f 3710/3710/3710 3711/3711/3711 3712/3712/3712 
f 3710/3710/3710 3712/3712/3712 3713/3713/3713 
f 3714/3714/3714 3715/3715/3715 3716/3716/3716 
f 3714/3714/3714 3716/3716/3716 3717/3717/3717 
f 3718/3718/3718 3719/3719/3719 3720/3720/3720 
f 3718/3718/3718 3720/3720/3720 3721/3721/3721 
f 3722/3722/3722 3723/3723/3723 3724/3724/3724 
f 3722/3722/3722 3724/3724/3724 3725/3725/3725 
f 3726/3726/3726 3727/3727/3727 3728/3728/3728 
f 3726/3726/3726 3728/3728/3728 3729/3729/3729 
f 3730/3730/3730 3731/3731/3731 3732/3732/3732 
f 3730/3730/3730 3732/3732/3732 3733/3733/3733 
f 3734/3734/3734 3735/3735/3735 3736/3736/3736 
f 3734/3734/3734 3736/3736/3736 3737/3737/3737 
f 3738/3738/3738 3739/3739/3739 3740/3740/3740 
f 3741/3741/3741 3742/3742/3742 3743/3743/3743 
f 3741/3741/3741 3743/3743/3743 3744/3744/3744 
f 3745/3745/3745 3746/3746/3746 3747/3747/3747 
f 3745/3745/3745 3747/3747/3747 3748/3748/3748 
f 3749/3749/3749 3750/3750/3750 3751/3751/3751 
f 3749/3749/3749 3751/3751/3751 3752/3752/3752 
f 3753/3753/3753 3754/3754/3754 3755/3755/3755 
f 3753/3753/3753 3755/3755/3755 3756/3756/3756 
f 3757/3757/3757 3758/3758/3758 3759/3759/3759 
f 3757/3757/3757 3759/3759/3759 3760/3760/3760 
f 3761/3761/3761 3762/3762/3762 3763/3763/3763 
f 3761/3761/3761 3763/3763/3763 3764/3764/3764 
f 3765/3765/3765 3766/3766/3766 3767/3767/3767 
f 3765/3765/3765 3767/3767/3767 3768/3768/3768 
f 3769/3769/3769 3770/3770/3770 3771/3771/3771 
f 3769/3769/3769 3771/3771/3771 3772/3772/3772 
f 3773/3773/3773 3774/3774/3774 3775/3775/3775 
f 3773/3773/3773 3775/3775/3775 3776/3776/3776 
f 3777/3777/3777 3778/3778/3778 3779/3779/3779 
f 3777/3777/3777 3779/3779/3779 3780/3780/3780 
f 3781/3781/3781 3782/3782/3782 3783/3783/3783 
f 3781/3781/3781 3783/3783/3783 3784/3784/3784 
f 3785/3785/3785 3786/3786/3786 3787/3787/3787 
f 3785/3785/3785 3787/3787/3787 3788/3788/3788 
f 3789/3789/3789 3790/3790/3790 3791/3791/3791 
f 3789/3789/3789 3791/3791/3791 3792/3792/3792 
f 3793/3793/3793 3794/3794/3794 3795/3795/3795 
f 3793/3793/3793 3795/3795/3795 3796/3796/3796 
f 3797/3797/3797 3798/3798/3798 3799/3799/3799 
f 3797/3797/3797 3799/3799/3799 3800/3800/3800 
f 3801/3801/3801 3802/3802/3802 3803/3803/3803 
f 3801/3801/3801 3803/3803/3803 3804/3804/3804 
f 3805/3805/3805 3806/3806/3806 3807/3807/3807 
f 3805/3805/3805 3807/3807/3807 3808/3808/3808 
f 3809/3809/3809 3810/3810/3810 3811/3811/3811 
f 3809/3809/3809 3811/3811/3811 3812/3812/3812 
f 3813/3813/3813 3814/3814/3814 3815/3815/3815 
f 3816/3816/3816 3817/3817/3817 3818/3818/3818 
f 3819/3819/3819 3820/3820/3820 3821/3821/3821 
f 3822/3822/3822 3823/3823/3823 3824/3824/3824 
f 3825/3825/3825 3826/3826/3826 3827/3827/3827 
f 3828/3828/3828 3829/3829/3829 3830/3830/3830 
f 3831/3831/3831 3832/3832/3832 3833/3833/3833 
f 3834/3834/3834 3835/3835/3835 3836/3836/3836 
f 3837/3837/3837 3838/3838/3838 3839/3839/3839 
f 3840/3840/3840 3841/3841/3841 3842/3842/3842 
f 3843/3843/3843 3844/3844/3844 3845/3845/3845 
f 3843/3843/3843 3845/3845/3845 3846/3846/3846 
f 3847/3847/3847 3848/3848/3848 3849/3849/3849 
f 3847/3847/3847 3849/3849/3849 3850/3850/3850 
f 3851/3851/3851 3852/3852/3852 3853/3853/3853 
f 3854/3854/3854 3855/3855/3855 3856/3856/3856 
f 3857/3857/3857 3858/3858/3858 3859/3859/3859 
f 3857/3857/3857 3859/3859/3859 3860/3860/3860 
f 3861/3861/3861 3862/3862/3862 3863/3863/3863 
f 3861/3861/3861 3863/3863/3863 3864/3864/3864 
f 3865/3865/3865 3866/3866/3866 3867/3867/3867 
f 3868/3868/3868 3869/3869/3869 3870/3870/3870 
f 3871/3871/3871 3872/3872/3872 3873/3873/3873 
f 3871/3871/3871 3873/3873/3873 3874/3874/3874 
f 3875/3875/3875 3876/3876/3876 3877/3877/3877 
f 3878/3878/3878 3879/3879/3879 3880/3880/3880 
f 3881/3881/3881 3882/3882/3882 3883/3883/3883 
f 3884/3884/3884 3885/3885/3885 3886/3886/3886 
f 3887/3887/3887 3888/3888/3888 3889/3889/3889 
f 3890/3890/3890 3891/3891/3891 3892/3892/3892 
f 3893/3893/3893 3894/3894/3894 3895/3895/3895 
f 3896/3896/3896 3897/3897/3897 3898/3898/3898 
f 3899/3899/3899 3900/3900/3900 3901/3901/3901 
f 3902/3902/3902 3903/3903/3903 3904/3904/3904 
f 3902/3902/3902 3904/3904/3904 3905/3905/3905 
f 3906/3906/3906 3907/3907/3907 3908/3908/3908 
f 3906/3906/3906 3908/3908/3908 3909/3909/3909 
f 3910/3910/3910 3911/3911/3911 3912/3912/3912 
f 3910/3910/3910 3912/3912/3912 3913/3913/3913 
f 3914/3914/3914 3915/3915/3915 3916/3916/3916 
f 3914/3914/3914 3916/3916/3916 3917/3917/3917 
f 3918/3918/3918 3919/3919/3919 3920/3920/3920 
f 3918/3918/3918 3920/3920/3920 3921/3921/3921 
f 3922/3922/3922 3923/3923/3923 3924/3924/3924 
f 3922/3922/3922 3924/3924/3924 3925/3925/3925 
f 3926/3926/3926 3927/3927/3927 3928/3928/3928 
f 3926/3926/3926 3928/3928/3928 3929/3929/3929 
f 3930/3930/3930 3931/3931/3931 3932/3932/3932 
f 3933/3933/3933 3934/3934/3934 3935/3935/3935 
f 3936/3936/3936 3937/3937/3937 3938/3938/3938 
f 3936/3936/3936 3938/3938/3938 3939/3939/3939 
f 3940/3940/3940 3941/3941/3941 3942/3942/3942 
f 3940/3940/3940 3942/3942/3942 3943/3943/3943 
f 3944/3944/3944 3945/3945/3945 3946/3946/3946 
f 3944/3944/3944 3946/3946/3946 3947/3947/3947 
f 3948/3948/3948 3949/3949/3949 3950/3950/3950 
f 3948/3948/3948 3950/3950/3950 3951/3951/3951 
f 3952/3952/3952 3953/3953/3953 3954/3954/3954 
f 3952/3952/3952 3954/3954/3954 3955/3955/3955 
f 3956/3956/3956 3957/3957/3957 3958/3958/3958 
f 3956/3956/3956 3958/3958/3958 3959/3959/3959 
f 3960/3960/3960 3961/3961/3961 3962/3962/3962 
f 3960/3960/3960 3962/3962/3962 3963/3963/3963 
f 3964/3964/3964 3965/3965/3965 3966/3966/3966 
f 3964/3964/3964 3966/3966/3966 3967/3967/3967 
f 3968/3968/3968 3969/3969/3969 3970/3970/3970 

g KillerRobot13

v -8.2411 2.20831 -14.0657 
v -8.38031 2.13736 -14.0657 
v -8.36043 2.11 -14.0323 
v -8.23065 2.17615 -14.0323 
v -8.22019 2.14399 -13.9989 
v -8.08104 2.16514 -13.9989 
v -8.08104 2.19895 -14.0323 
v -8.23065 2.17615 -14.0323 
v -8.38031 2.13736 -14.0657 
v -8.49078 2.02686 -14.0657 
v -8.46342 2.00699 -14.0323 
v -8.36043 2.11 -14.0323 
v -8.49078 2.02686 -14.0657 
v -8.5617 1.88764 -14.0657 
v -8.5296 1.87706 -14.0323 
v -8.46342 2.00699 -14.0323 
v -8.5617 1.88764 -14.0657 
v -8.58429 1.75228 -14.0657 
v -8.55089 1.74951 -14.0323 
v -8.5296 1.87706 -14.0323 
v -8.56161 1.04152 -14.0711 
v -8.49066 0.902315 -14.0711 
v -8.4633 0.922194 -14.0382 
v -8.52951 1.0521 -14.0382 
v -8.49742 1.06269 -14.0052 
v -8.51743 1.18242 -13.9989 
v -8.55083 1.17965 -14.0323 
v -8.52951 1.0521 -14.0382 
v -8.49066 0.902315 -14.0711 
v -8.38016 0.791844 -14.0711 
v -8.36029 0.819203 -14.0382 
v -8.4633 0.922194 -14.0382 
v -8.38016 0.791844 -14.0711 
v -8.24094 0.720926 -14.0711 
v -8.23049 0.753087 -14.0382 
v -8.36029 0.819203 -14.0382 
v -8.24094 0.720926 -14.0711 
v -8.08088 0.696501 -14.0711 
v -8.08088 0.730316 -14.0382 
v -8.23049 0.753087 -14.0382 
v -8.08088 0.696501 -14.0711 
v -7.92656 0.72096 -14.0711 
v -7.93701 0.753119 -14.0382 
v -8.08088 0.730316 -14.0382 
v -7.92656 0.72096 -14.0711 
v -7.78735 0.79191 -14.0711 
v -7.80723 0.819265 -14.0382 
v -7.93701 0.753119 -14.0382 
v -7.78735 0.79191 -14.0711 
v -7.67688 0.902405 -14.0711 
v -7.70424 0.922278 -14.0382 
v -7.80723 0.819265 -14.0382 
v -7.67688 0.902405 -14.0711 
v -7.60596 1.04163 -14.0711 
v -7.63805 1.0522 -14.0382 
v -7.70424 0.922278 -14.0382 
v -7.60596 1.04163 -14.0711 
v -7.58336 1.17699 -14.0657 
v -7.61676 1.17975 -14.0323 
v -7.63805 1.0522 -14.0382 
v -7.60605 1.88774 -14.0657 
v -7.677 2.02695 -14.0657 
v -7.70436 2.00707 -14.0323 
v -7.63815 1.87716 -14.0323 
v -7.67024 1.86658 -13.9989 
v -7.65022 1.74684 -13.9989 
v -7.61683 1.74962 -14.0323 
v -7.63815 1.87716 -14.0323 
v -7.677 2.02695 -14.0657 
v -7.7875 2.13742 -14.0657 
v -7.80737 2.11006 -14.0323 
v -7.70436 2.00707 -14.0323 
v -7.7875 2.13742 -14.0657 
v -7.92672 2.20834 -14.0657 
v -7.93717 2.17618 -14.0323 
v -7.80737 2.11006 -14.0323 
v -7.92672 2.20834 -14.0657 
v -8.08105 2.23277 -14.0657 
v -8.08104 2.19895 -14.0323 
v -7.93717 2.17618 -14.0323 
v -8.2411 2.20831 -14.9324 
v -8.08105 2.23277 -14.9324 
v -8.08104 2.19895 -14.9658 
v -8.23065 2.17615 -14.9658 
v -8.22019 2.14399 -14.9992 
v -8.34055 2.08265 -14.9992 
v -8.36043 2.11 -14.9658 
v -8.23065 2.17615 -14.9658 
v -8.34055 2.08265 -14.9992 
v -8.43606 1.98712 -14.9992 
v -8.46342 2.00699 -14.9658 
v -8.36043 2.11 -14.9658 
v -8.43606 1.98712 -14.9992 
v -8.49751 1.86649 -14.9992 
v -8.5296 1.87706 -14.9658 
v -8.46342 2.00699 -14.9658 
v -8.49751 1.86649 -14.9992 
v -8.5175 1.74675 -14.9992 
v -8.55089 1.74951 -14.9658 
v -8.5296 1.87706 -14.9658 
v -8.56161 1.04152 -14.9269 
v -8.58423 1.17688 -14.9324 
v -8.55083 1.17965 -14.9658 
v -8.52951 1.0521 -14.9599 
v -8.49742 1.06269 -14.9929 
v -8.43595 0.942073 -14.9929 
v -8.4633 0.922194 -14.9599 
v -8.52951 1.0521 -14.9599 
v -8.43595 0.942073 -14.9929 
v -8.34041 0.846562 -14.9929 
v -8.36029 0.819203 -14.9599 
v -8.4633 0.922194 -14.9599 
v -8.34041 0.846562 -14.9929 
v -8.22004 0.785248 -14.9929 
v -8.23049 0.753087 -14.9599 
v -8.36029 0.819203 -14.9599 
v -8.22004 0.785248 -14.9929 
v -8.08088 0.764131 -14.9929 
v -8.08088 0.730316 -14.9599 
v -8.23049 0.753087 -14.9599 
v -8.08088 0.764131 -14.9929 
v -7.94746 0.785278 -14.9929 
v -7.93701 0.753119 -14.9599 
v -8.08088 0.730316 -14.9599 
v -7.94746 0.785278 -14.9929 
v -7.82711 0.846619 -14.9929 
v -7.80723 0.819265 -14.9599 
v -7.93701 0.753119 -14.9599 
v -7.82711 0.846619 -14.9929 
v -7.7316 0.942151 -14.9929 
v -7.70424 0.922278 -14.9599 
v -7.80723 0.819265 -14.9599 
v -7.7316 0.942151 -14.9929 
v -7.67015 1.06278 -14.9929 
v -7.63805 1.0522 -14.9599 
v -7.70424 0.922278 -14.9599 
v -7.67015 1.06278 -14.9929 
v -7.65016 1.18252 -14.9992 
v -7.61676 1.17975 -14.9658 
v -7.63805 1.0522 -14.9599 
v -7.60605 1.88774 -14.9324 
v -7.58343 1.75239 -14.9324 
v -7.61683 1.74962 -14.9658 
v -7.63815 1.87716 -14.9658 
v -7.67024 1.86658 -14.9992 
v -7.73171 1.98719 -14.9992 
v -7.70436 2.00707 -14.9658 
v -7.63815 1.87716 -14.9658 
v -7.73171 1.98719 -14.9992 
v -7.82724 2.0827 -14.9992 
v -7.80737 2.11006 -14.9658 
v -7.70436 2.00707 -14.9658 
v -7.82724 2.0827 -14.9992 
v -7.94761 2.14402 -14.9992 
v -7.93717 2.17618 -14.9658 
v -7.80737 2.11006 -14.9658 
v -7.94761 2.14402 -14.9992 
v -8.08104 2.16514 -14.9992 
v -8.08104 2.19895 -14.9658 
v -7.93717 2.17618 -14.9658 
v -8.51743 1.18242 -13.9989 
v -8.5175 1.74675 -13.9989 
v -8.55089 1.74951 -14.0323 
v -8.55083 1.17965 -14.0323 
v -8.5175 1.74675 -14.9992 
v -8.51743 1.18242 -14.9992 
v -8.55083 1.17965 -14.9658 
v -8.55089 1.74951 -14.9658 
v -7.65022 1.74684 -13.9989 
v -7.65016 1.18252 -13.9989 
v -7.61676 1.17975 -14.0323 
v -7.61683 1.74962 -14.0323 
v -7.65016 1.18252 -14.9992 
v -7.65022 1.74684 -14.9992 
v -7.61683 1.74962 -14.9658 
v -7.61676 1.17975 -14.9658 
v -8.2411 2.20831 -14.0657 
v -8.2411 2.20831 -14.9324 
v -8.38031 2.13736 -14.9324 
v -8.38031 2.13736 -14.0657 
v -8.38031 2.13736 -14.0657 
v -8.38031 2.13736 -14.9324 
v -8.49078 2.02686 -14.9324 
v -8.49078 2.02686 -14.0657 
v -8.49078 2.02686 -14.0657 
v -8.49078 2.02686 -14.9324 
v -8.5617 1.88764 -14.9324 
v -8.5617 1.88764 -14.0657 
v -8.56161 1.04152 -14.0711 
v -8.56161 1.04152 -14.9269 
v -8.49066 0.902315 -14.9269 
v -8.49066 0.902315 -14.0711 
v -8.49066 0.902315 -14.0711 
v -8.49066 0.902315 -14.9269 
v -8.38016 0.791844 -14.9269 
v -8.38016 0.791844 -14.0711 
v -8.38016 0.791844 -14.0711 
v -8.38016 0.791844 -14.9269 
v -8.24094 0.720926 -14.9269 
v -8.24094 0.720926 -14.0711 
v -8.24094 0.720926 -14.0711 
v -8.24094 0.720926 -14.9269 
v -8.08088 0.696501 -14.9269 
v -8.08088 0.696501 -14.0711 
v -8.08088 0.696501 -14.0711 
v -8.08088 0.696501 -14.9269 
v -7.92656 0.72096 -14.9269 
v -7.92656 0.72096 -14.0711 
v -7.92656 0.72096 -14.0711 
v -7.92656 0.72096 -14.9269 
v -7.78735 0.79191 -14.9269 
v -7.78735 0.79191 -14.0711 
v -7.78735 0.79191 -14.0711 
v -7.78735 0.79191 -14.9269 
v -7.67688 0.902405 -14.9269 
v -7.67688 0.902405 -14.0711 
v -7.67688 0.902405 -14.0711 
v -7.67688 0.902405 -14.9269 
v -7.60596 1.04163 -14.9269 
v -7.60596 1.04163 -14.0711 
v -7.60605 1.88774 -14.0657 
v -7.60605 1.88774 -14.9324 
v -7.677 2.02695 -14.9324 
v -7.677 2.02695 -14.0657 
v -7.677 2.02695 -14.0657 
v -7.677 2.02695 -14.9324 
v -7.7875 2.13742 -14.9324 
v -7.7875 2.13742 -14.0657 
v -7.7875 2.13742 -14.0657 
v -7.7875 2.13742 -14.9324 
v -7.92672 2.20834 -14.9324 
v -7.92672 2.20834 -14.0657 
v -7.92672 2.20834 -14.0657 
v -7.92672 2.20834 -14.9324 
v -8.08105 2.23277 -14.9324 
v -8.08105 2.23277 -14.0657 
v -8.08105 2.23277 -14.0657 
v -8.08105 2.23277 -14.9324 
v -8.2411 2.20831 -14.9324 
v -8.2411 2.20831 -14.0657 
v -8.51743 1.18242 -13.9989 
v -8.08093 1.17693 -13.9989 
v -8.08099 1.75233 -13.9989 
v -8.5175 1.74675 -13.9989 
v -8.58429 1.75228 -14.0657 
v -8.58429 1.75228 -14.9324 
v -8.58423 1.17688 -14.9324 
v -8.58423 1.17688 -14.0657 
v -8.5175 1.74675 -14.9992 
v -8.08099 1.75233 -14.9992 
v -8.08093 1.17693 -14.9992 
v -8.51743 1.18242 -14.9992 
v -7.65022 1.74684 -13.9989 
v -8.08099 1.75233 -13.9989 
v -8.08093 1.17693 -13.9989 
v -7.65016 1.18252 -13.9989 
v -7.58336 1.17699 -14.0657 
v -7.58336 1.17699 -14.9324 
v -7.58343 1.75239 -14.9324 
v -7.58343 1.75239 -14.0657 
v -7.65016 1.18252 -14.9992 
v -8.08093 1.17693 -14.9992 
v -8.08099 1.75233 -14.9992 
v -7.65022 1.74684 -14.9992 
v -8.5617 1.88764 -14.0657 
v -8.5617 1.88764 -14.9324 
v -8.58429 1.75228 -14.9324 
v -8.58429 1.75228 -14.0657 
v -8.58423 1.17688 -14.0657 
v -8.58423 1.17688 -14.9324 
v -8.56161 1.04152 -14.9269 
v -8.56161 1.04152 -14.0711 
v -7.60596 1.04163 -14.0711 
v -7.60596 1.04163 -14.9269 
v -7.58336 1.17699 -14.9324 
v -7.58336 1.17699 -14.0657 
v -7.58343 1.75239 -14.0657 
v -7.58343 1.75239 -14.9324 
v -7.60605 1.88774 -14.9324 
v -7.60605 1.88774 -14.0657 
v -8.34055 2.08265 -13.9989 
v -8.08099 1.75233 -13.9989 
v -8.22019 2.14399 -13.9989 
v -8.43606 1.98712 -13.9989 
v -8.08099 1.75233 -13.9989 
v -8.34055 2.08265 -13.9989 
v -8.49751 1.86649 -13.9989 
v -8.08099 1.75233 -13.9989 
v -8.43606 1.98712 -13.9989 
v -8.5175 1.74675 -13.9989 
v -8.08099 1.75233 -13.9989 
v -8.49751 1.86649 -13.9989 
v -8.49742 1.06269 -14.0052 
v -8.08093 1.17693 -13.9989 
v -8.51743 1.18242 -13.9989 
v -8.43595 0.942073 -14.0052 
v -8.08093 1.17693 -13.9989 
v -8.49742 1.06269 -14.0052 
v -8.34041 0.846562 -14.0052 
v -8.08093 1.17693 -13.9989 
v -8.43595 0.942073 -14.0052 
v -8.22004 0.785248 -14.0052 
v -8.08093 1.17693 -13.9989 
v -8.34041 0.846562 -14.0052 
v -8.08088 0.764131 -14.0052 
v -8.08093 1.17693 -13.9989 
v -8.22004 0.785248 -14.0052 
v -7.94746 0.785278 -14.0052 
v -8.08093 1.17693 -13.9989 
v -8.08088 0.764131 -14.0052 
v -7.82711 0.846619 -14.0052 
v -8.08093 1.17693 -13.9989 
v -7.94746 0.785278 -14.0052 
v -7.7316 0.942151 -14.0052 
v -8.08093 1.17693 -13.9989 
v -7.82711 0.846619 -14.0052 
v -7.67015 1.06278 -14.0052 
v -8.08093 1.17693 -13.9989 
v -7.7316 0.942151 -14.0052 
v -7.65016 1.18252 -13.9989 
v -8.08093 1.17693 -13.9989 
v -7.67015 1.06278 -14.0052 
v -7.67024 1.86658 -13.9989 
v -8.08099 1.75233 -13.9989 
v -7.65022 1.74684 -13.9989 
v -7.73171 1.98719 -13.9989 
v -8.08099 1.75233 -13.9989 
v -7.67024 1.86658 -13.9989 
v -7.82724 2.0827 -13.9989 
v -8.08099 1.75233 -13.9989 
v -7.73171 1.98719 -13.9989 
v -7.94761 2.14402 -13.9989 
v -8.08099 1.75233 -13.9989 
v -7.82724 2.0827 -13.9989 
v -8.08104 2.16514 -13.9989 
v -8.08099 1.75233 -13.9989 
v -7.94761 2.14402 -13.9989 
v -8.22019 2.14399 -13.9989 
v -8.08099 1.75233 -13.9989 
v -8.08104 2.16514 -13.9989 
v -8.22019 2.14399 -14.9992 
v -8.08099 1.75233 -14.9992 
v -8.34055 2.08265 -14.9992 
v -8.34055 2.08265 -14.9992 
v -8.08099 1.75233 -14.9992 
v -8.43606 1.98712 -14.9992 
v -8.43606 1.98712 -14.9992 
v -8.08099 1.75233 -14.9992 
v -8.49751 1.86649 -14.9992 
v -8.49751 1.86649 -14.9992 
v -8.08099 1.75233 -14.9992 
v -8.5175 1.74675 -14.9992 
v -8.51743 1.18242 -14.9992 
v -8.08093 1.17693 -14.9992 
v -8.49742 1.06269 -14.9929 
v -8.43595 0.942073 -14.9929 
v -8.08093 1.17693 -14.9992 
v -8.34041 0.846562 -14.9929 
v -8.34041 0.846562 -14.9929 
v -8.08093 1.17693 -14.9992 
v -8.22004 0.785248 -14.9929 
v -8.22004 0.785248 -14.9929 
v -8.08093 1.17693 -14.9992 
v -8.08088 0.764131 -14.9929 
v -8.08088 0.764131 -14.9929 
v -8.08093 1.17693 -14.9992 
v -7.94746 0.785278 -14.9929 
v -7.94746 0.785278 -14.9929 
v -8.08093 1.17693 -14.9992 
v -7.82711 0.846619 -14.9929 
v -7.82711 0.846619 -14.9929 
v -8.08093 1.17693 -14.9992 
v -7.7316 0.942151 -14.9929 
v -7.7316 0.942151 -14.9929 
v -8.08093 1.17693 -14.9992 
v -7.67015 1.06278 -14.9929 
v -7.67015 1.06278 -14.9929 
v -8.08093 1.17693 -14.9992 
v -7.65016 1.18252 -14.9992 
v -7.65022 1.74684 -14.9992 
v -8.08099 1.75233 -14.9992 
v -7.67024 1.86658 -14.9992 
v -7.67024 1.86658 -14.9992 
v -8.08099 1.75233 -14.9992 
v -7.73171 1.98719 -14.9992 
v -7.73171 1.98719 -14.9992 
v -8.08099 1.75233 -14.9992 
v -7.82724 2.0827 -14.9992 
v -7.82724 2.0827 -14.9992 
v -8.08099 1.75233 -14.9992 
v -7.94761 2.14402 -14.9992 
v -7.94761 2.14402 -14.9992 
v -8.08099 1.75233 -14.9992 
v -8.08104 2.16514 -14.9992 
v -8.08104 2.16514 -14.9992 
v -8.08099 1.75233 -14.9992 
v -8.22019 2.14399 -14.9992 
v -8.36043 2.11 -14.0323 
v -8.34055 2.08265 -13.9989 
v -8.22019 2.14399 -13.9989 
v -8.23065 2.17615 -14.0323 
v -8.08104 2.19895 -14.0323 
v -8.08105 2.23277 -14.0657 
v -8.2411 2.20831 -14.0657 
v -8.23065 2.17615 -14.0323 
v -8.46342 2.00699 -14.0323 
v -8.43606 1.98712 -13.9989 
v -8.34055 2.08265 -13.9989 
v -8.36043 2.11 -14.0323 
v -8.5296 1.87706 -14.0323 
v -8.49751 1.86649 -13.9989 
v -8.43606 1.98712 -13.9989 
v -8.46342 2.00699 -14.0323 
v -8.55089 1.74951 -14.0323 
v -8.5175 1.74675 -13.9989 
v -8.49751 1.86649 -13.9989 
v -8.5296 1.87706 -14.0323 
v -8.4633 0.922194 -14.0382 
v -8.43595 0.942073 -14.0052 
v -8.49742 1.06269 -14.0052 
v -8.52951 1.0521 -14.0382 
v -8.55083 1.17965 -14.0323 
v -8.58423 1.17688 -14.0657 
v -8.56161 1.04152 -14.0711 
v -8.52951 1.0521 -14.0382 
v -8.36029 0.819203 -14.0382 
v -8.34041 0.846562 -14.0052 
v -8.43595 0.942073 -14.0052 
v -8.4633 0.922194 -14.0382 
v -8.23049 0.753087 -14.0382 
v -8.22004 0.785248 -14.0052 
v -8.34041 0.846562 -14.0052 
v -8.36029 0.819203 -14.0382 
v -8.08088 0.730316 -14.0382 
v -8.08088 0.764131 -14.0052 
v -8.22004 0.785248 -14.0052 
v -8.23049 0.753087 -14.0382 
v -7.93701 0.753119 -14.0382 
v -7.94746 0.785278 -14.0052 
v -8.08088 0.764131 -14.0052 
v -8.08088 0.730316 -14.0382 
v -7.80723 0.819265 -14.0382 
v -7.82711 0.846619 -14.0052 
v -7.94746 0.785278 -14.0052 
v -7.93701 0.753119 -14.0382 
v -7.70424 0.922278 -14.0382 
v -7.7316 0.942151 -14.0052 
v -7.82711 0.846619 -14.0052 
v -7.80723 0.819265 -14.0382 
v -7.63805 1.0522 -14.0382 
v -7.67015 1.06278 -14.0052 
v -7.7316 0.942151 -14.0052 
v -7.70424 0.922278 -14.0382 
v -7.61676 1.17975 -14.0323 
v -7.65016 1.18252 -13.9989 
v -7.67015 1.06278 -14.0052 
v -7.63805 1.0522 -14.0382 
v -7.70436 2.00707 -14.0323 
v -7.73171 1.98719 -13.9989 
v -7.67024 1.86658 -13.9989 
v -7.63815 1.87716 -14.0323 
v -7.61683 1.74962 -14.0323 
v -7.58343 1.75239 -14.0657 
v -7.60605 1.88774 -14.0657 
v -7.63815 1.87716 -14.0323 
v -7.80737 2.11006 -14.0323 
v -7.82724 2.0827 -13.9989 
v -7.73171 1.98719 -13.9989 
v -7.70436 2.00707 -14.0323 
v -7.93717 2.17618 -14.0323 
v -7.94761 2.14402 -13.9989 
v -7.82724 2.0827 -13.9989 
v -7.80737 2.11006 -14.0323 
v -8.08104 2.19895 -14.0323 
v -8.08104 2.16514 -13.9989 
v -7.94761 2.14402 -13.9989 
v -7.93717 2.17618 -14.0323 
v -8.55089 1.74951 -14.0323 
v -8.58429 1.75228 -14.0657 
v -8.58423 1.17688 -14.0657 
v -8.55083 1.17965 -14.0323 
v -7.61676 1.17975 -14.0323 
v -7.58336 1.17699 -14.0657 
v -7.58343 1.75239 -14.0657 
v -7.61683 1.74962 -14.0323 
v -8.08104 2.19895 -14.9658 
v -8.08104 2.16514 -14.9992 
v -8.22019 2.14399 -14.9992 
v -8.23065 2.17615 -14.9658 
v -8.36043 2.11 -14.9658 
v -8.38031 2.13736 -14.9324 
v -8.2411 2.20831 -14.9324 
v -8.23065 2.17615 -14.9658 
v -8.46342 2.00699 -14.9658 
v -8.49078 2.02686 -14.9324 
v -8.38031 2.13736 -14.9324 
v -8.36043 2.11 -14.9658 
v -8.5296 1.87706 -14.9658 
v -8.5617 1.88764 -14.9324 
v -8.49078 2.02686 -14.9324 
v -8.46342 2.00699 -14.9658 
v -8.55089 1.74951 -14.9658 
v -8.58429 1.75228 -14.9324 
v -8.5617 1.88764 -14.9324 
v -8.5296 1.87706 -14.9658 
v -8.55083 1.17965 -14.9658 
v -8.51743 1.18242 -14.9992 
v -8.49742 1.06269 -14.9929 
v -8.52951 1.0521 -14.9599 
v -8.4633 0.922194 -14.9599 
v -8.49066 0.902315 -14.9269 
v -8.56161 1.04152 -14.9269 
v -8.52951 1.0521 -14.9599 
v -8.36029 0.819203 -14.9599 
v -8.38016 0.791844 -14.9269 
v -8.49066 0.902315 -14.9269 
v -8.4633 0.922194 -14.9599 
v -8.23049 0.753087 -14.9599 
v -8.24094 0.720926 -14.9269 
v -8.38016 0.791844 -14.9269 
v -8.36029 0.819203 -14.9599 
v -8.08088 0.730316 -14.9599 
v -8.08088 0.696501 -14.9269 
v -8.24094 0.720926 -14.9269 
v -8.23049 0.753087 -14.9599 
v -7.93701 0.753119 -14.9599 
v -7.92656 0.72096 -14.9269 
v -8.08088 0.696501 -14.9269 
v -8.08088 0.730316 -14.9599 
v -7.80723 0.819265 -14.9599 
v -7.78735 0.79191 -14.9269 
v -7.92656 0.72096 -14.9269 
v -7.93701 0.753119 -14.9599 
v -7.70424 0.922278 -14.9599 
v -7.67688 0.902405 -14.9269 
v -7.78735 0.79191 -14.9269 
v -7.80723 0.819265 -14.9599 
v -7.63805 1.0522 -14.9599 
v -7.60596 1.04163 -14.9269 
v -7.67688 0.902405 -14.9269 
v -7.70424 0.922278 -14.9599 
v -7.61676 1.17975 -14.9658 
v -7.58336 1.17699 -14.9324 
v -7.60596 1.04163 -14.9269 
v -7.63805 1.0522 -14.9599 
v -7.61683 1.74962 -14.9658 
v -7.65022 1.74684 -14.9992 
v -7.67024 1.86658 -14.9992 
v -7.63815 1.87716 -14.9658 
v -7.70436 2.00707 -14.9658 
v -7.677 2.02695 -14.9324 
v -7.60605 1.88774 -14.9324 
v -7.63815 1.87716 -14.9658 
v -7.80737 2.11006 -14.9658 
v -7.7875 2.13742 -14.9324 
v -7.677 2.02695 -14.9324 
v -7.70436 2.00707 -14.9658 
v -7.93717 2.17618 -14.9658 
v -7.92672 2.20834 -14.9324 
v -7.7875 2.13742 -14.9324 
v -7.80737 2.11006 -14.9658 
v -8.08104 2.19895 -14.9658 
v -8.08105 2.23277 -14.9324 
v -7.92672 2.20834 -14.9324 
v -7.93717 2.17618 -14.9658 
v -8.55083 1.17965 -14.9658 
v -8.58423 1.17688 -14.9324 
v -8.58429 1.75228 -14.9324 
v -8.55089 1.74951 -14.9658 
v -7.61683 1.74962 -14.9658 
v -7.58343 1.75239 -14.9324 
v -7.58336 1.17699 -14.9324 
v -7.61676 1.17975 -14.9658 
v -8.08093 1.17693 -14.9992 
v -8.43595 0.942073 -14.9929 
v -8.49742 1.06269 -14.9929 

vn -0.212598 0.669291 0.708661 
vn -0.409449 0.566929 0.708661 
vn -0.409449 0.566929 0.708661 
vn -0.212598 0.669291 0.708661 
vn -0.212598 0.669291 0.708661 
vn 0 0.700787 0.708661 
vn 0 0.700787 0.708661 
vn -0.212598 0.669291 0.708661 
vn -0.409449 0.566929 0.708661 
vn -0.566929 0.409449 0.708661 
vn -0.566929 0.409449 0.708661 
vn -0.409449 0.566929 0.708661 
vn -0.566929 0.409449 0.708661 
vn -0.669291 0.220472 0.708661 
vn -0.669291 0.220472 0.708661 
vn -0.566929 0.409449 0.708661 
vn -0.669291 0.220472 0.708661 
vn -0.700787 0.0551181 0.708661 
vn -0.700787 0.0551181 0.708661 
vn -0.669291 0.220472 0.708661 
vn -0.661417 -0.23622 0.716535 
vn -0.566929 -0.409449 0.716535 
vn -0.566929 -0.409449 0.716535 
vn -0.661417 -0.23622 0.716535 
vn -0.661417 -0.23622 0.716535 
vn -0.700787 -0.0708661 0.708661 
vn -0.700787 -0.0708661 0.708661 
vn -0.661417 -0.23622 0.716535 
vn -0.566929 -0.409449 0.716535 
vn -0.409449 -0.566929 0.716535 
vn -0.409449 -0.566929 0.716535 
vn -0.566929 -0.409449 0.716535 
vn -0.409449 -0.566929 0.716535 
vn -0.212598 -0.661417 0.716535 
vn -0.212598 -0.661417 0.716535 
vn -0.409449 -0.566929 0.716535 
vn -0.212598 -0.661417 0.716535 
vn 0 -0.700787 0.716535 
vn 0 -0.700787 0.716535 
vn -0.212598 -0.661417 0.716535 
vn 0 -0.700787 0.716535 
vn 0.212598 -0.661417 0.716535 
vn 0.212598 -0.661417 0.716535 
vn 0 -0.700787 0.716535 
vn 0.212598 -0.661417 0.716535 
vn 0.409449 -0.566929 0.716535 
vn 0.409449 -0.566929 0.716535 
vn 0.212598 -0.661417 0.716535 
vn 0.409449 -0.566929 0.716535 
vn 0.566929 -0.409449 0.716535 
vn 0.566929 -0.409449 0.716535 
vn 0.409449 -0.566929 0.716535 
vn 0.566929 -0.409449 0.716535 
vn 0.661417 -0.23622 0.716535 
vn 0.661417 -0.23622 0.716535 
vn 0.566929 -0.409449 0.716535 
vn 0.661417 -0.23622 0.716535 
vn 0.700787 -0.0708661 0.708661 
vn 0.700787 -0.0708661 0.708661 
vn 0.661417 -0.23622 0.716535 
vn 0.669291 0.220472 0.708661 
vn 0.566929 0.409449 0.708661 
vn 0.566929 0.409449 0.708661 
vn 0.669291 0.220472 0.708661 
vn 0.669291 0.220472 0.708661 
vn 0.700787 0.0551181 0.708661 
vn 0.700787 0.0551181 0.708661 
vn 0.669291 0.220472 0.708661 
vn 0.566929 0.409449 0.708661 
vn 0.409449 0.566929 0.708661 
vn 0.409449 0.566929 0.708661 
vn 0.566929 0.409449 0.708661 
vn 0.409449 0.566929 0.708661 
vn 0.220472 0.669291 0.708661 
vn 0.220472 0.669291 0.708661 
vn 0.409449 0.566929 0.708661 
vn 0.220472 0.669291 0.708661 
vn 0 0.700787 0.708661 
vn 0 0.700787 0.708661 
vn 0.220472 0.669291 0.708661 
vn -0.212598 0.669291 -0.708661 
vn 0 0.700787 -0.708661 
vn 0 0.700787 -0.708661 
vn -0.212598 0.669291 -0.708661 
vn -0.212598 0.669291 -0.708661 
vn -0.409449 0.566929 -0.708661 
vn -0.409449 0.566929 -0.708661 
vn -0.212598 0.669291 -0.708661 
vn -0.409449 0.566929 -0.708661 
vn -0.566929 0.409449 -0.708661 
vn -0.566929 0.409449 -0.708661 
vn -0.409449 0.566929 -0.708661 
vn -0.566929 0.409449 -0.708661 
vn -0.669291 0.220472 -0.708661 
vn -0.669291 0.220472 -0.708661 
vn -0.566929 0.409449 -0.708661 
vn -0.669291 0.220472 -0.708661 
vn -0.700787 0.0551181 -0.708661 
vn -0.700787 0.0551181 -0.708661 
vn -0.669291 0.220472 -0.708661 
vn -0.661417 -0.23622 -0.716535 
vn -0.700787 -0.0708661 -0.708661 
vn -0.700787 -0.0708661 -0.708661 
vn -0.661417 -0.23622 -0.716535 
vn -0.661417 -0.23622 -0.716535 
vn -0.566929 -0.409449 -0.716535 
vn -0.566929 -0.409449 -0.716535 
vn -0.661417 -0.23622 -0.716535 
vn -0.566929 -0.409449 -0.716535 
vn -0.409449 -0.566929 -0.716535 
vn -0.409449 -0.566929 -0.716535 
vn -0.566929 -0.409449 -0.716535 
vn -0.409449 -0.566929 -0.716535 
vn -0.212598 -0.661417 -0.716535 
vn -0.212598 -0.661417 -0.716535 
vn -0.409449 -0.566929 -0.716535 
vn -0.212598 -0.661417 -0.716535 
vn 0 -0.700787 -0.716535 
vn 0 -0.700787 -0.716535 
vn -0.212598 -0.661417 -0.716535 
vn 0 -0.700787 -0.716535 
vn 0.212598 -0.661417 -0.716535 
vn 0.212598 -0.661417 -0.716535 
vn 0 -0.700787 -0.716535 
vn 0.212598 -0.661417 -0.716535 
vn 0.409449 -0.566929 -0.716535 
vn 0.409449 -0.566929 -0.716535 
vn 0.212598 -0.661417 -0.716535 
vn 0.409449 -0.566929 -0.716535 
vn 0.566929 -0.409449 -0.716535 
vn 0.566929 -0.409449 -0.716535 
vn 0.409449 -0.566929 -0.716535 
vn 0.566929 -0.409449 -0.716535 
vn 0.661417 -0.23622 -0.716535 
vn 0.661417 -0.23622 -0.716535 
vn 0.566929 -0.409449 -0.716535 
vn 0.661417 -0.23622 -0.716535 
vn 0.700787 -0.0708661 -0.708661 
vn 0.700787 -0.0708661 -0.708661 
vn 0.661417 -0.23622 -0.716535 
vn 0.669291 0.220472 -0.708661 
vn 0.700787 0.0551181 -0.708661 
vn 0.700787 0.0551181 -0.708661 
vn 0.669291 0.220472 -0.708661 
vn 0.669291 0.220472 -0.708661 
vn 0.566929 0.409449 -0.708661 
vn 0.566929 0.409449 -0.708661 
vn 0.669291 0.220472 -0.708661 
vn 0.566929 0.409449 -0.708661 
vn 0.409449 0.566929 -0.708661 
vn 0.409449 0.566929 -0.708661 
vn 0.566929 0.409449 -0.708661 
vn 0.409449 0.566929 -0.708661 
vn 0.220472 0.669291 -0.708661 
vn 0.220472 0.669291 -0.708661 
vn 0.409449 0.566929 -0.708661 
vn 0.220472 0.669291 -0.708661 
vn 0 0.700787 -0.708661 
vn 0 0.700787 -0.708661 
vn 0.220472 0.669291 -0.708661 
vn -0.700787 -0.0708661 0.708661 
vn -0.700787 0.0551181 0.708661 
vn -0.700787 0.0551181 0.708661 
vn -0.700787 -0.0708661 0.708661 
vn -0.700787 0.0551181 -0.708661 
vn -0.700787 -0.0708661 -0.708661 
vn -0.700787 -0.0708661 -0.708661 
vn -0.700787 0.0551181 -0.708661 
vn 0.700787 0.0551181 0.708661 
vn 0.700787 -0.0708661 0.708661 
vn 0.700787 -0.0708661 0.708661 
vn 0.700787 0.0551181 0.708661 
vn 0.700787 -0.0708661 -0.708661 
vn 0.700787 0.0551181 -0.708661 
vn 0.700787 0.0551181 -0.708661 
vn 0.700787 -0.0708661 -0.708661 
vn -0.307087 0.952756 0 
vn -0.307087 0.952756 0 
vn -0.590551 0.811024 0 
vn -0.590551 0.811024 0 
vn -0.590551 0.811024 0 
vn -0.590551 0.811024 0 
vn -0.811024 0.590551 0 
vn -0.811024 0.590551 0 
vn -0.811024 0.590551 0 
vn -0.811024 0.590551 0 
vn -0.952756 0.314961 0 
vn -0.952756 0.314961 0 
vn -0.952756 -0.314961 0 
vn -0.952756 -0.314961 0 
vn -0.811024 -0.590551 0 
vn -0.811024 -0.590551 0 
vn -0.811024 -0.590551 0 
vn -0.811024 -0.590551 0 
vn -0.590551 -0.811024 0 
vn -0.590551 -0.811024 0 
vn -0.590551 -0.811024 0 
vn -0.590551 -0.811024 0 
vn -0.307087 -0.952756 0 
vn -0.307087 -0.952756 0 
vn -0.307087 -0.952756 0 
vn -0.307087 -0.952756 0 
vn 0 -1 0 
vn 0 -1 0 
vn 0 -1 0 
vn 0 -1 0 
vn 0.307087 -0.952756 0 
vn 0.307087 -0.952756 0 
vn 0.307087 -0.952756 0 
vn 0.307087 -0.952756 0 
vn 0.590551 -0.811024 0 
vn 0.590551 -0.811024 0 
vn 0.590551 -0.811024 0 
vn 0.590551 -0.811024 0 
vn 0.811024 -0.590551 0 
vn 0.811024 -0.590551 0 
vn 0.811024 -0.590551 0 
vn 0.811024 -0.590551 0 
vn 0.952756 -0.314961 0 
vn 0.952756 -0.314961 0 
vn 0.952756 0.314961 0 
vn 0.952756 0.314961 0 
vn 0.811024 0.590551 0 
vn 0.811024 0.590551 0 
vn 0.811024 0.590551 0 
vn 0.811024 0.590551 0 
vn 0.590551 0.811024 0 
vn 0.590551 0.811024 0 
vn 0.590551 0.811024 0 
vn 0.590551 0.811024 0 
vn 0.307087 0.952756 0 
vn 0.307087 0.952756 0 
vn 0.307087 0.952756 0 
vn 0.307087 0.952756 0 
vn 0 1 0 
vn 0 1 0 
vn 0 1 0 
vn 0 1 0 
vn -0.307087 0.952756 0 
vn -0.307087 0.952756 0 
vn 0 -0.023622 1 
vn 0 -0.00787402 1 
vn 0 0 1 
vn 0 0 1 
vn -1 0.0787402 0 
vn -1 0.0787402 0 
vn -1 -0.0787402 0 
vn -1 -0.0787402 0 
vn 0 0 -1 
vn 0 0 -1 
vn 0 -0.00787402 -1 
vn 0 -0.023622 -1 
vn 0 0 1 
vn 0 0 1 
vn 0 -0.00787402 1 
vn 0 -0.023622 1 
vn 1 -0.0787402 0 
vn 1 -0.0787402 0 
vn 1 0.0866142 0 
vn 1 0.0866142 0 
vn 0 -0.023622 -1 
vn 0 -0.00787402 -1 
vn 0 0 -1 
vn 0 0 -1 
vn -0.952756 0.314961 0 
vn -0.952756 0.314961 0 
vn -1 0.0787402 0 
vn -1 0.0787402 0 
vn -1 -0.0787402 0 
vn -1 -0.0787402 0 
vn -0.952756 -0.314961 0 
vn -0.952756 -0.314961 0 
vn 0.952756 -0.314961 0 
vn 0.952756 -0.314961 0 
vn 1 -0.0787402 0 
vn 1 -0.0787402 0 
vn 1 0.0866142 0 
vn 1 0.0866142 0 
vn 0.952756 0.314961 0 
vn 0.952756 0.314961 0 
vn 0 0 1 
vn 0 0 1 
vn 0 0 1 
vn 0 0 1 
vn 0 0 1 
vn 0 0 1 
vn 0 0 1 
vn 0 0 1 
vn 0 0 1 
vn 0 0 1 
vn 0 0 1 
vn 0 0 1 
vn -0.00787402 -0.0314961 1 
vn 0 -0.00787402 1 
vn 0 -0.023622 1 
vn -0.015748 -0.00787402 1 
vn 0 -0.00787402 1 
vn -0.00787402 -0.0314961 1 
vn -0.00787402 -0.015748 1 
vn 0 -0.00787402 1 
vn -0.015748 -0.00787402 1 
vn -0.00787402 -0.015748 1 
vn 0 -0.00787402 1 
vn -0.00787402 -0.015748 1 
vn 0 -0.015748 1 
vn 0 -0.00787402 1 
vn -0.00787402 -0.015748 1 
vn 0.00787402 -0.015748 1 
vn 0 -0.00787402 1 
vn 0 -0.015748 1 
vn 0.00787402 -0.015748 1 
vn 0 -0.00787402 1 
vn 0.00787402 -0.015748 1 
vn 0.015748 -0.00787402 1 
vn 0 -0.00787402 1 
vn 0.00787402 -0.015748 1 
vn 0.00787402 -0.0314961 1 
vn 0 -0.00787402 1 
vn 0.015748 -0.00787402 1 
vn 0 -0.023622 1 
vn 0 -0.00787402 1 
vn 0.00787402 -0.0314961 1 
vn 0 0 1 
vn 0 0 1 
vn 0 0 1 
vn 0 0 1 
vn 0 0 1 
vn 0 0 1 
vn 0 0 1 
vn 0 0 1 
vn 0 0 1 
vn 0 0 1 
vn 0 0 1 
vn 0 0 1 
vn 0 0 1 
vn 0 0 1 
vn 0 0 1 
vn 0 0 1 
vn 0 0 1 
vn 0 0 1 
vn 0 0 -1 
vn 0 0 -1 
vn 0 0 -1 
vn 0 0 -1 
vn 0 0 -1 
vn 0 0 -1 
vn 0 0 -1 
vn 0 0 -1 
vn 0 0 -1 
vn 0 0 -1 
vn 0 0 -1 
vn 0 0 -1 
vn 0 -0.023622 -1 
vn 0 -0.00787402 -1 
vn -0.00787402 -0.0314961 -1 
vn -0.015748 -0.00787402 -1 
vn 0 -0.00787402 -1 
vn -0.00787402 -0.015748 -1 
vn -0.00787402 -0.015748 -1 
vn 0 -0.00787402 -1 
vn -0.00787402 -0.015748 -1 
vn -0.00787402 -0.015748 -1 
vn 0 -0.00787402 -1 
vn 0 -0.015748 -1 
vn 0 -0.015748 -1 
vn 0 -0.00787402 -1 
vn 0.00787402 -0.015748 -1 
vn 0.00787402 -0.015748 -1 
vn 0 -0.00787402 -1 
vn 0.00787402 -0.015748 -1 
vn 0.00787402 -0.015748 -1 
vn 0 -0.00787402 -1 
vn 0.015748 -0.00787402 -1 
vn 0.015748 -0.00787402 -1 
vn 0 -0.00787402 -1 
vn 0.00787402 -0.0314961 -1 
vn 0.00787402 -0.0314961 -1 
vn 0 -0.00787402 -1 
vn 0 -0.023622 -1 
vn 0 0 -1 
vn 0 0 -1 
vn 0 0 -1 
vn 0 0 -1 
vn 0 0 -1 
vn 0 0 -1 
vn 0 0 -1 
vn 0 0 -1 
vn 0 0 -1 
vn 0 0 -1 
vn 0 0 -1 
vn 0 0 -1 
vn 0 0 -1 
vn 0 0 -1 
vn 0 0 -1 
vn 0 0 -1 
vn 0 0 -1 
vn 0 0 -1 
vn -0.409449 0.566929 0.708661 
vn -0.409449 0.566929 0.708661 
vn -0.212598 0.669291 0.708661 
vn -0.212598 0.669291 0.708661 
vn 0 0.700787 0.708661 
vn 0 0.700787 0.708661 
vn -0.212598 0.669291 0.708661 
vn -0.212598 0.669291 0.708661 
vn -0.566929 0.409449 0.708661 
vn -0.566929 0.409449 0.708661 
vn -0.409449 0.566929 0.708661 
vn -0.409449 0.566929 0.708661 
vn -0.669291 0.220472 0.708661 
vn -0.669291 0.220472 0.708661 
vn -0.566929 0.409449 0.708661 
vn -0.566929 0.409449 0.708661 
vn -0.700787 0.0551181 0.708661 
vn -0.700787 0.0551181 0.708661 
vn -0.669291 0.220472 0.708661 
vn -0.669291 0.220472 0.708661 
vn -0.566929 -0.409449 0.716535 
vn -0.566929 -0.409449 0.716535 
vn -0.661417 -0.23622 0.716535 
vn -0.661417 -0.23622 0.716535 
vn -0.700787 -0.0708661 0.708661 
vn -0.700787 -0.0708661 0.708661 
vn -0.661417 -0.23622 0.716535 
vn -0.661417 -0.23622 0.716535 
vn -0.409449 -0.566929 0.716535 
vn -0.409449 -0.566929 0.716535 
vn -0.566929 -0.409449 0.716535 
vn -0.566929 -0.409449 0.716535 
vn -0.212598 -0.661417 0.716535 
vn -0.212598 -0.661417 0.716535 
vn -0.409449 -0.566929 0.716535 
vn -0.409449 -0.566929 0.716535 
vn 0 -0.700787 0.716535 
vn 0 -0.700787 0.716535 
vn -0.212598 -0.661417 0.716535 
vn -0.212598 -0.661417 0.716535 
vn 0.212598 -0.661417 0.716535 
vn 0.212598 -0.661417 0.716535 
vn 0 -0.700787 0.716535 
vn 0 -0.700787 0.716535 
vn 0.409449 -0.566929 0.716535 
vn 0.409449 -0.566929 0.716535 
vn 0.212598 -0.661417 0.716535 
vn 0.212598 -0.661417 0.716535 
vn 0.566929 -0.409449 0.716535 
vn 0.566929 -0.409449 0.716535 
vn 0.409449 -0.566929 0.716535 
vn 0.409449 -0.566929 0.716535 
vn 0.661417 -0.23622 0.716535 
vn 0.661417 -0.23622 0.716535 
vn 0.566929 -0.409449 0.716535 
vn 0.566929 -0.409449 0.716535 
vn 0.700787 -0.0708661 0.708661 
vn 0.700787 -0.0708661 0.708661 
vn 0.661417 -0.23622 0.716535 
vn 0.661417 -0.23622 0.716535 
vn 0.566929 0.409449 0.708661 
vn 0.566929 0.409449 0.708661 
vn 0.669291 0.220472 0.708661 
vn 0.669291 0.220472 0.708661 
vn 0.700787 0.0551181 0.708661 
vn 0.700787 0.0551181 0.708661 
vn 0.669291 0.220472 0.708661 
vn 0.669291 0.220472 0.708661 
vn 0.409449 0.566929 0.708661 
vn 0.409449 0.566929 0.708661 
vn 0.566929 0.409449 0.708661 
vn 0.566929 0.409449 0.708661 
vn 0.220472 0.669291 0.708661 
vn 0.220472 0.669291 0.708661 
vn 0.409449 0.566929 0.708661 
vn 0.409449 0.566929 0.708661 
vn 0 0.700787 0.708661 
vn 0 0.700787 0.708661 
vn 0.220472 0.669291 0.708661 
vn 0.220472 0.669291 0.708661 
vn -0.700787 0.0551181 0.708661 
vn -0.700787 0.0551181 0.708661 
vn -0.700787 -0.0708661 0.708661 
vn -0.700787 -0.0708661 0.708661 
vn 0.700787 -0.0708661 0.708661 
vn 0.700787 -0.0708661 0.708661 
vn 0.700787 0.0551181 0.708661 
vn 0.700787 0.0551181 0.708661 
vn 0 0.700787 -0.708661 
vn 0 0.700787 -0.708661 
vn -0.212598 0.669291 -0.708661 
vn -0.212598 0.669291 -0.708661 
vn -0.409449 0.566929 -0.708661 
vn -0.409449 0.566929 -0.708661 
vn -0.212598 0.669291 -0.708661 
vn -0.212598 0.669291 -0.708661 
vn -0.566929 0.409449 -0.708661 
vn -0.566929 0.409449 -0.708661 
vn -0.409449 0.566929 -0.708661 
vn -0.409449 0.566929 -0.708661 
vn -0.669291 0.220472 -0.708661 
vn -0.669291 0.220472 -0.708661 
vn -0.566929 0.409449 -0.708661 
vn -0.566929 0.409449 -0.708661 
vn -0.700787 0.0551181 -0.708661 
vn -0.700787 0.0551181 -0.708661 
vn -0.669291 0.220472 -0.708661 
vn -0.669291 0.220472 -0.708661 
vn -0.700787 -0.0708661 -0.708661 
vn -0.700787 -0.0708661 -0.708661 
vn -0.661417 -0.23622 -0.716535 
vn -0.661417 -0.23622 -0.716535 
vn -0.566929 -0.409449 -0.716535 
vn -0.566929 -0.409449 -0.716535 
vn -0.661417 -0.23622 -0.716535 
vn -0.661417 -0.23622 -0.716535 
vn -0.409449 -0.566929 -0.716535 
vn -0.409449 -0.566929 -0.716535 
vn -0.566929 -0.409449 -0.716535 
vn -0.566929 -0.409449 -0.716535 
vn -0.212598 -0.661417 -0.716535 
vn -0.212598 -0.661417 -0.716535 
vn -0.409449 -0.566929 -0.716535 
vn -0.409449 -0.566929 -0.716535 
vn 0 -0.700787 -0.716535 
vn 0 -0.700787 -0.716535 
vn -0.212598 -0.661417 -0.716535 
vn -0.212598 -0.661417 -0.716535 
vn 0.212598 -0.661417 -0.716535 
vn 0.212598 -0.661417 -0.716535 
vn 0 -0.700787 -0.716535 
vn 0 -0.700787 -0.716535 
vn 0.409449 -0.566929 -0.716535 
vn 0.409449 -0.566929 -0.716535 
vn 0.212598 -0.661417 -0.716535 
vn 0.212598 -0.661417 -0.716535 
vn 0.566929 -0.409449 -0.716535 
vn 0.566929 -0.409449 -0.716535 
vn 0.409449 -0.566929 -0.716535 
vn 0.409449 -0.566929 -0.716535 
vn 0.661417 -0.23622 -0.716535 
vn 0.661417 -0.23622 -0.716535 
vn 0.566929 -0.409449 -0.716535 
vn 0.566929 -0.409449 -0.716535 
vn 0.700787 -0.0708661 -0.708661 
vn 0.700787 -0.0708661 -0.708661 
vn 0.661417 -0.23622 -0.716535 
vn 0.661417 -0.23622 -0.716535 
vn 0.700787 0.0551181 -0.708661 
vn 0.700787 0.0551181 -0.708661 
vn 0.669291 0.220472 -0.708661 
vn 0.669291 0.220472 -0.708661 
vn 0.566929 0.409449 -0.708661 
vn 0.566929 0.409449 -0.708661 
vn 0.669291 0.220472 -0.708661 
vn 0.669291 0.220472 -0.708661 
vn 0.409449 0.566929 -0.708661 
vn 0.409449 0.566929 -0.708661 
vn 0.566929 0.409449 -0.708661 
vn 0.566929 0.409449 -0.708661 
vn 0.220472 0.669291 -0.708661 
vn 0.220472 0.669291 -0.708661 
vn 0.409449 0.566929 -0.708661 
vn 0.409449 0.566929 -0.708661 
vn 0 0.700787 -0.708661 
vn 0 0.700787 -0.708661 
vn 0.220472 0.669291 -0.708661 
vn 0.220472 0.669291 -0.708661 
vn -0.700787 -0.0708661 -0.708661 
vn -0.700787 -0.0708661 -0.708661 
vn -0.700787 0.0551181 -0.708661 
vn -0.700787 0.0551181 -0.708661 
vn 0.700787 0.0551181 -0.708661 
vn 0.700787 0.0551181 -0.708661 
vn 0.700787 -0.0708661 -0.708661 
vn 0.700787 -0.0708661 -0.708661 
vn -0.015748 -0.00787402 -1 
vn -0.015748 -0.00787402 -1 
vn -0.015748 -0.00787402 -1 

vt 0.992186 0.656688 
vt 0.992186 0.652256 
vt 0.994044 0.650554 
vt 0.994044 0.654685 
vt 0.746518 0.652683 
vt 0.746518 0.654003 
vt 0.744744 0.656109 
vt 0.744744 0.654685 
vt 0.992186 0.652256 
vt 0.992186 0.645354 
vt 0.994044 0.644118 
vt 0.994044 0.650554 
vt 0.992186 0.645354 
vt 0.992186 0.636572 
vt 0.994044 0.635959 
vt 0.994044 0.644118 
vt 0.992186 0.636572 
vt 0.992186 0.62996 
vt 0.994044 0.62996 
vt 0.994044 0.635959 
vt 0.992182 0.60516 
vt 0.992182 0.612993 
vt 0.994045 0.612993 
vt 0.994045 0.60516 
vt 0.746505 0.604761 
vt 0.746505 0.59613 
vt 0.744743 0.59613 
vt 0.744743 0.604761 
vt 0.992182 0.612993 
vt 0.992182 0.622574 
vt 0.994045 0.622573 
vt 0.994045 0.612993 
vt 0.992182 0.622574 
vt 0.992182 0.633198 
vt 0.994045 0.633198 
vt 0.994045 0.622573 
vt 0.992182 0.633198 
vt 0.992182 0.642542 
vt 0.994045 0.642531 
vt 0.994045 0.633198 
vt 0.809207 0.631504 
vt 0.809207 0.62862 
vt 0.80733 0.62862 
vt 0.807321 0.631507 
vt 0.809207 0.62862 
vt 0.809207 0.620909 
vt 0.807325 0.620909 
vt 0.80733 0.62862 
vt 0.809207 0.620909 
vt 0.809207 0.611327 
vt 0.807326 0.611327 
vt 0.807325 0.620909 
vt 0.809207 0.611327 
vt 0.809207 0.603492 
vt 0.807326 0.603492 
vt 0.807326 0.611327 
vt 0.809207 0.603492 
vt 0.8092 0.596125 
vt 0.807326 0.596125 
vt 0.807326 0.603492 
vt 0.8092 0.636841 
vt 0.8092 0.645456 
vt 0.807326 0.644204 
vt 0.807326 0.636129 
vt 0.805452 0.635416 
vt 0.805452 0.62996 
vt 0.807326 0.62996 
vt 0.807326 0.636129 
vt 0.8092 0.645456 
vt 0.8092 0.652359 
vt 0.807326 0.65064 
vt 0.807326 0.644204 
vt 0.8092 0.652359 
vt 0.8092 0.656791 
vt 0.807326 0.654771 
vt 0.807326 0.65064 
vt 0.8092 0.656791 
vt 0.8092 0.658318 
vt 0.807326 0.656195 
vt 0.807326 0.654771 
vt 0.933742 0.656521 
vt 0.933742 0.658048 
vt 0.931843 0.655929 
vt 0.931843 0.654505 
vt 0.929943 0.652489 
vt 0.929943 0.648658 
vt 0.931843 0.650373 
vt 0.931843 0.654505 
vt 0.929943 0.648658 
vt 0.929943 0.642689 
vt 0.931843 0.643938 
vt 0.931843 0.650373 
vt 0.929943 0.642689 
vt 0.929943 0.635153 
vt 0.931843 0.635862 
vt 0.931843 0.643938 
vt 0.929943 0.635153 
vt 0.929943 0.62996 
vt 0.931843 0.62996 
vt 0.931843 0.635862 
vt 0.93374 0.60516 
vt 0.93374 0.596127 
vt 0.931843 0.596123 
vt 0.931843 0.60516 
vt 0.929945 0.60516 
vt 0.929945 0.612993 
vt 0.931843 0.612993 
vt 0.931843 0.60516 
vt 0.929945 0.612993 
vt 0.929945 0.622573 
vt 0.931843 0.622573 
vt 0.931843 0.612993 
vt 0.929945 0.622573 
vt 0.929945 0.633198 
vt 0.931843 0.633198 
vt 0.931843 0.622573 
vt 0.929945 0.633198 
vt 0.929945 0.642835 
vt 0.931843 0.642825 
vt 0.931843 0.633198 
vt 0.871306 0.631416 
vt 0.871306 0.62862 
vt 0.869278 0.62862 
vt 0.869278 0.631419 
vt 0.871306 0.62862 
vt 0.871306 0.620909 
vt 0.869278 0.620909 
vt 0.869278 0.62862 
vt 0.871306 0.620909 
vt 0.871306 0.611327 
vt 0.869278 0.611327 
vt 0.869278 0.620909 
vt 0.871306 0.611327 
vt 0.871309 0.603492 
vt 0.869296 0.603492 
vt 0.869278 0.611327 
vt 0.871309 0.603492 
vt 0.871309 0.596125 
vt 0.869294 0.596125 
vt 0.869296 0.603492 
vt 0.86728 0.636933 
vt 0.86728 0.62996 
vt 0.869294 0.62996 
vt 0.869294 0.636324 
vt 0.871309 0.635715 
vt 0.871309 0.643251 
vt 0.869294 0.644483 
vt 0.869294 0.636324 
vt 0.871309 0.643251 
vt 0.871309 0.649219 
vt 0.869294 0.650918 
vt 0.869294 0.644483 
vt 0.871309 0.649219 
vt 0.871309 0.653051 
vt 0.869294 0.65505 
vt 0.869294 0.650918 
vt 0.871309 0.653051 
vt 0.871309 0.654371 
vt 0.869294 0.656474 
vt 0.869294 0.65505 
vt 0.746518 0.596125 
vt 0.746518 0.62996 
vt 0.744744 0.62996 
vt 0.744744 0.596125 
vt 0.929943 0.62996 
vt 0.929943 0.596125 
vt 0.931843 0.596125 
vt 0.931843 0.62996 
vt 0.805452 0.62996 
vt 0.80552 0.596117 
vt 0.807326 0.596125 
vt 0.807326 0.62996 
vt 0.871309 0.596125 
vt 0.871309 0.62996 
vt 0.869294 0.62996 
vt 0.869294 0.596125 
vt 0.992186 0.656688 
vt 0.933742 0.656521 
vt 0.933742 0.652089 
vt 0.992186 0.652256 
vt 0.992186 0.652256 
vt 0.933742 0.652089 
vt 0.933742 0.645186 
vt 0.992186 0.645354 
vt 0.992186 0.645354 
vt 0.933742 0.645186 
vt 0.933742 0.636572 
vt 0.992186 0.636572 
vt 0.992182 0.60516 
vt 0.93374 0.60516 
vt 0.93374 0.612994 
vt 0.992182 0.612993 
vt 0.992182 0.612993 
vt 0.93374 0.612994 
vt 0.93374 0.622574 
vt 0.992182 0.622574 
vt 0.992182 0.622574 
vt 0.93374 0.622574 
vt 0.93374 0.633198 
vt 0.992182 0.633198 
vt 0.992182 0.633198 
vt 0.93374 0.633198 
vt 0.93374 0.642815 
vt 0.992182 0.642542 
vt 0.809207 0.631504 
vt 0.867192 0.631423 
vt 0.867192 0.62862 
vt 0.809207 0.62862 
vt 0.809207 0.62862 
vt 0.867192 0.62862 
vt 0.867192 0.620909 
vt 0.809207 0.620909 
vt 0.809207 0.620909 
vt 0.867192 0.620909 
vt 0.867192 0.611327 
vt 0.809207 0.611327 
vt 0.809207 0.611327 
vt 0.867192 0.611327 
vt 0.86728 0.60352 
vt 0.809207 0.603492 
vt 0.8092 0.636841 
vt 0.86728 0.636933 
vt 0.86728 0.645715 
vt 0.8092 0.645456 
vt 0.8092 0.645456 
vt 0.86728 0.645715 
vt 0.86728 0.652618 
vt 0.8092 0.652359 
vt 0.8092 0.652359 
vt 0.86728 0.652618 
vt 0.86728 0.657049 
vt 0.8092 0.656791 
vt 0.8092 0.656791 
vt 0.86728 0.657049 
vt 0.86728 0.658576 
vt 0.8092 0.658318 
vt 0.992186 0.658215 
vt 0.933742 0.658048 
vt 0.933742 0.656521 
vt 0.992186 0.656688 
vt 0.746468 0.596107 
vt 0.775827 0.596107 
vt 0.775827 0.629942 
vt 0.746468 0.629942 
vt 0.992186 0.62996 
vt 0.933742 0.62996 
vt 0.933742 0.596125 
vt 0.992186 0.596125 
vt 0.929919 0.62996 
vt 0.9002 0.62996 
vt 0.9002 0.596125 
vt 0.929919 0.596125 
vt 0.805449 0.629942 
vt 0.775827 0.629942 
vt 0.775827 0.596107 
vt 0.805449 0.596107 
vt 0.8092 0.596125 
vt 0.86728 0.596125 
vt 0.86728 0.62996 
vt 0.8092 0.62996 
vt 0.871349 0.596125 
vt 0.9002 0.596125 
vt 0.9002 0.62996 
vt 0.871349 0.62996 
vt 0.992186 0.636572 
vt 0.933742 0.636572 
vt 0.933742 0.62996 
vt 0.992186 0.62996 
vt 0.992182 0.596125 
vt 0.93374 0.596127 
vt 0.93374 0.60516 
vt 0.992182 0.60516 
vt 0.809207 0.603492 
vt 0.86728 0.60352 
vt 0.86728 0.596125 
vt 0.8092 0.596125 
vt 0.8092 0.62996 
vt 0.86728 0.62996 
vt 0.86728 0.636933 
vt 0.8092 0.636841 
vt 0.758196 0.651237 
vt 0.775827 0.629942 
vt 0.766374 0.655409 
vt 0.751705 0.64474 
vt 0.775827 0.629942 
vt 0.758196 0.651237 
vt 0.74753 0.636599 
vt 0.775827 0.629942 
vt 0.751705 0.64474 
vt 0.746468 0.629942 
vt 0.775827 0.629942 
vt 0.74753 0.636599 
vt 0.748156 0.60509 
vt 0.775827 0.596107 
vt 0.746468 0.596107 
vt 0.752138 0.613389 
vt 0.775827 0.596107 
vt 0.748156 0.60509 
vt 0.758328 0.619961 
vt 0.775827 0.596107 
vt 0.752138 0.613389 
vt 0.766128 0.62418 
vt 0.775827 0.596107 
vt 0.758328 0.619961 
vt 0.775833 0.625373 
vt 0.775827 0.596107 
vt 0.766128 0.62418 
vt 0.784984 0.623943 
vt 0.775827 0.596107 
vt 0.775833 0.625373 
vt 0.793238 0.619794 
vt 0.775827 0.596107 
vt 0.784984 0.623943 
vt 0.799789 0.613333 
vt 0.775827 0.596107 
vt 0.793238 0.619794 
vt 0.804004 0.605173 
vt 0.775827 0.596107 
vt 0.799789 0.613333 
vt 0.805449 0.596107 
vt 0.775827 0.596107 
vt 0.804004 0.605173 
vt 0.80374 0.636599 
vt 0.775827 0.629942 
vt 0.805449 0.629942 
vt 0.799564 0.64474 
vt 0.775827 0.629942 
vt 0.80374 0.636599 
vt 0.793073 0.651237 
vt 0.775827 0.629942 
vt 0.799564 0.64474 
vt 0.784895 0.655409 
vt 0.775827 0.629942 
vt 0.793073 0.651237 
vt 0.775829 0.656846 
vt 0.775827 0.629942 
vt 0.784895 0.655409 
vt 0.766374 0.655409 
vt 0.775827 0.629942 
vt 0.775829 0.656846 
vt 0.909738 0.655409 
vt 0.9002 0.62996 
vt 0.917988 0.651203 
vt 0.917988 0.651203 
vt 0.9002 0.62996 
vt 0.924536 0.64474 
vt 0.924536 0.64474 
vt 0.9002 0.62996 
vt 0.928748 0.636473 
vt 0.928748 0.636473 
vt 0.9002 0.62996 
vt 0.929919 0.62996 
vt 0.929943 0.596125 
vt 0.9002 0.596125 
vt 0.928493 0.604761 
vt 0.924428 0.612607 
vt 0.9002 0.596125 
vt 0.918111 0.61882 
vt 0.918111 0.61882 
vt 0.9002 0.596125 
vt 0.910151 0.622809 
vt 0.910151 0.622809 
vt 0.9002 0.596125 
vt 0.900192 0.624147 
vt 0.900192 0.624147 
vt 0.9002 0.596125 
vt 0.891182 0.622812 
vt 0.891182 0.622812 
vt 0.9002 0.596125 
vt 0.883054 0.618937 
vt 0.883054 0.618937 
vt 0.9002 0.596125 
vt 0.876604 0.612901 
vt 0.876604 0.612901 
vt 0.9002 0.596125 
vt 0.872454 0.60528 
vt 0.872454 0.60528 
vt 0.9002 0.596125 
vt 0.871349 0.596125 
vt 0.871349 0.62996 
vt 0.9002 0.62996 
vt 0.872771 0.636473 
vt 0.872771 0.636473 
vt 0.9002 0.62996 
vt 0.876258 0.64474 
vt 0.876258 0.64474 
vt 0.9002 0.62996 
vt 0.882806 0.651237 
vt 0.882806 0.651237 
vt 0.9002 0.62996 
vt 0.891055 0.655409 
vt 0.891055 0.655409 
vt 0.9002 0.62996 
vt 0.9002 0.656846 
vt 0.9002 0.656846 
vt 0.9002 0.62996 
vt 0.909738 0.655409 
vt 0.744744 0.650554 
vt 0.746518 0.648851 
vt 0.746518 0.652683 
vt 0.744744 0.654685 
vt 0.994044 0.656109 
vt 0.992186 0.658215 
vt 0.992186 0.656688 
vt 0.994044 0.654685 
vt 0.744744 0.644118 
vt 0.746518 0.642883 
vt 0.746518 0.648851 
vt 0.744744 0.650554 
vt 0.744744 0.635959 
vt 0.746518 0.635347 
vt 0.746518 0.642883 
vt 0.744744 0.644118 
vt 0.744744 0.62996 
vt 0.746518 0.62996 
vt 0.746518 0.635347 
vt 0.744744 0.635959 
vt 0.744743 0.612594 
vt 0.746505 0.612594 
vt 0.746505 0.604761 
vt 0.744743 0.604761 
vt 0.994044 0.596125 
vt 0.992182 0.596125 
vt 0.992182 0.60516 
vt 0.994045 0.60516 
vt 0.744743 0.622174 
vt 0.746505 0.622174 
vt 0.746505 0.612594 
vt 0.744743 0.612594 
vt 0.744743 0.632799 
vt 0.746505 0.632798 
vt 0.746505 0.622174 
vt 0.744743 0.622174 
vt 0.744743 0.642132 
vt 0.746505 0.642121 
vt 0.746505 0.632798 
vt 0.744743 0.632799 
vt 0.80733 0.62862 
vt 0.80552 0.62862 
vt 0.805452 0.63151 
vt 0.807321 0.631507 
vt 0.807325 0.620909 
vt 0.80552 0.620909 
vt 0.80552 0.62862 
vt 0.80733 0.62862 
vt 0.807326 0.611327 
vt 0.80552 0.611327 
vt 0.80552 0.620909 
vt 0.807325 0.620909 
vt 0.807326 0.603492 
vt 0.80552 0.603492 
vt 0.80552 0.611327 
vt 0.807326 0.611327 
vt 0.807326 0.596125 
vt 0.80552 0.596117 
vt 0.80552 0.603492 
vt 0.807326 0.603492 
vt 0.807326 0.644204 
vt 0.805452 0.642952 
vt 0.805452 0.635416 
vt 0.807326 0.636129 
vt 0.807326 0.62996 
vt 0.8092 0.62996 
vt 0.8092 0.636841 
vt 0.807326 0.636129 
vt 0.807326 0.65064 
vt 0.805452 0.64892 
vt 0.805452 0.642952 
vt 0.807326 0.644204 
vt 0.807326 0.654771 
vt 0.805452 0.652752 
vt 0.805452 0.64892 
vt 0.807326 0.65064 
vt 0.807326 0.656195 
vt 0.805452 0.654073 
vt 0.805452 0.652752 
vt 0.807326 0.654771 
vt 0.994044 0.62996 
vt 0.992186 0.62996 
vt 0.992186 0.596125 
vt 0.994044 0.596125 
vt 0.807326 0.596125 
vt 0.8092 0.596125 
vt 0.8092 0.62996 
vt 0.807326 0.62996 
vt 0.931843 0.655929 
vt 0.929943 0.65381 
vt 0.929943 0.652489 
vt 0.931843 0.654505 
vt 0.931843 0.650373 
vt 0.933742 0.652089 
vt 0.933742 0.656521 
vt 0.931843 0.654505 
vt 0.931843 0.643938 
vt 0.933742 0.645186 
vt 0.933742 0.652089 
vt 0.931843 0.650373 
vt 0.931843 0.635862 
vt 0.933742 0.636572 
vt 0.933742 0.645186 
vt 0.931843 0.643938 
vt 0.931843 0.62996 
vt 0.933742 0.62996 
vt 0.933742 0.636572 
vt 0.931843 0.635862 
vt 0.931843 0.596123 
vt 0.929945 0.596123 
vt 0.929945 0.60516 
vt 0.931843 0.60516 
vt 0.931843 0.612993 
vt 0.93374 0.612994 
vt 0.93374 0.60516 
vt 0.931843 0.60516 
vt 0.931843 0.622573 
vt 0.93374 0.622574 
vt 0.93374 0.612994 
vt 0.931843 0.612993 
vt 0.931843 0.633198 
vt 0.93374 0.633198 
vt 0.93374 0.622574 
vt 0.931843 0.622573 
vt 0.931843 0.642825 
vt 0.93374 0.642815 
vt 0.93374 0.633198 
vt 0.931843 0.633198 
vt 0.869278 0.62862 
vt 0.867192 0.62862 
vt 0.867192 0.631423 
vt 0.869278 0.631419 
vt 0.869278 0.620909 
vt 0.867192 0.620909 
vt 0.867192 0.62862 
vt 0.869278 0.62862 
vt 0.869278 0.611327 
vt 0.867192 0.611327 
vt 0.867192 0.620909 
vt 0.869278 0.620909 
vt 0.869296 0.603492 
vt 0.86728 0.60352 
vt 0.867192 0.611327 
vt 0.869278 0.611327 
vt 0.869294 0.596125 
vt 0.86728 0.596125 
vt 0.86728 0.60352 
vt 0.869296 0.603492 
vt 0.869294 0.62996 
vt 0.871309 0.62996 
vt 0.871309 0.635715 
vt 0.869294 0.636324 
vt 0.869294 0.644483 
vt 0.86728 0.645715 
vt 0.86728 0.636933 
vt 0.869294 0.636324 
vt 0.869294 0.650918 
vt 0.86728 0.652618 
vt 0.86728 0.645715 
vt 0.869294 0.644483 
vt 0.869294 0.65505 
vt 0.86728 0.657049 
vt 0.86728 0.652618 
vt 0.869294 0.650918 
vt 0.869294 0.656474 
vt 0.86728 0.658576 
vt 0.86728 0.657049 
vt 0.869294 0.65505 
vt 0.931843 0.596125 
vt 0.933742 0.596125 
vt 0.933742 0.62996 
vt 0.931843 0.62996 
vt 0.869294 0.62996 
vt 0.86728 0.62996 
vt 0.86728 0.596125 
vt 0.869294 0.596125 
vt 0.9002 0.596125 
vt 0.924428 0.612607 
vt 0.928493 0.604761 

usemtl KillerRobot1Mtl

f 3971/3971/3971 3972/3972/3972 3973/3973/3973 
f 3971/3971/3971 3973/3973/3973 3974/3974/3974 
f 3975/3975/3975 3976/3976/3976 3977/3977/3977 
f 3975/3975/3975 3977/3977/3977 3978/3978/3978 
f 3979/3979/3979 3980/3980/3980 3981/3981/3981 
f 3979/3979/3979 3981/3981/3981 3982/3982/3982 
f 3983/3983/3983 3984/3984/3984 3985/3985/3985 
f 3983/3983/3983 3985/3985/3985 3986/3986/3986 
f 3987/3987/3987 3988/3988/3988 3989/3989/3989 
f 3987/3987/3987 3989/3989/3989 3990/3990/3990 
f 3991/3991/3991 3992/3992/3992 3993/3993/3993 
f 3991/3991/3991 3993/3993/3993 3994/3994/3994 
f 3995/3995/3995 3996/3996/3996 3997/3997/3997 
f 3995/3995/3995 3997/3997/3997 3998/3998/3998 
f 3999/3999/3999 4000/4000/4000 4001/4001/4001 
f 3999/3999/3999 4001/4001/4001 4002/4002/4002 
f 4003/4003/4003 4004/4004/4004 4005/4005/4005 
f 4003/4003/4003 4005/4005/4005 4006/4006/4006 
f 4007/4007/4007 4008/4008/4008 4009/4009/4009 
f 4007/4007/4007 4009/4009/4009 4010/4010/4010 
f 4011/4011/4011 4012/4012/4012 4013/4013/4013 
f 4011/4011/4011 4013/4013/4013 4014/4014/4014 
f 4015/4015/4015 4016/4016/4016 4017/4017/4017 
f 4015/4015/4015 4017/4017/4017 4018/4018/4018 
f 4019/4019/4019 4020/4020/4020 4021/4021/4021 
f 4019/4019/4019 4021/4021/4021 4022/4022/4022 
f 4023/4023/4023 4024/4024/4024 4025/4025/4025 
f 4023/4023/4023 4025/4025/4025 4026/4026/4026 
f 4027/4027/4027 4028/4028/4028 4029/4029/4029 
f 4027/4027/4027 4029/4029/4029 4030/4030/4030 
f 4031/4031/4031 4032/4032/4032 4033/4033/4033 
f 4031/4031/4031 4033/4033/4033 4034/4034/4034 
f 4035/4035/4035 4036/4036/4036 4037/4037/4037 
f 4035/4035/4035 4037/4037/4037 4038/4038/4038 
f 4039/4039/4039 4040/4040/4040 4041/4041/4041 
f 4039/4039/4039 4041/4041/4041 4042/4042/4042 
f 4043/4043/4043 4044/4044/4044 4045/4045/4045 
f 4043/4043/4043 4045/4045/4045 4046/4046/4046 
f 4047/4047/4047 4048/4048/4048 4049/4049/4049 
f 4047/4047/4047 4049/4049/4049 4050/4050/4050 
f 4051/4051/4051 4052/4052/4052 4053/4053/4053 
f 4051/4051/4051 4053/4053/4053 4054/4054/4054 
f 4055/4055/4055 4056/4056/4056 4057/4057/4057 
f 4055/4055/4055 4057/4057/4057 4058/4058/4058 
f 4059/4059/4059 4060/4060/4060 4061/4061/4061 
f 4059/4059/4059 4061/4061/4061 4062/4062/4062 
f 4063/4063/4063 4064/4064/4064 4065/4065/4065 
f 4063/4063/4063 4065/4065/4065 4066/4066/4066 
f 4067/4067/4067 4068/4068/4068 4069/4069/4069 
f 4067/4067/4067 4069/4069/4069 4070/4070/4070 
f 4071/4071/4071 4072/4072/4072 4073/4073/4073 
f 4071/4071/4071 4073/4073/4073 4074/4074/4074 
f 4075/4075/4075 4076/4076/4076 4077/4077/4077 
f 4075/4075/4075 4077/4077/4077 4078/4078/4078 
f 4079/4079/4079 4080/4080/4080 4081/4081/4081 
f 4079/4079/4079 4081/4081/4081 4082/4082/4082 
f 4083/4083/4083 4084/4084/4084 4085/4085/4085 
f 4083/4083/4083 4085/4085/4085 4086/4086/4086 
f 4087/4087/4087 4088/4088/4088 4089/4089/4089 
f 4087/4087/4087 4089/4089/4089 4090/4090/4090 
f 4091/4091/4091 4092/4092/4092 4093/4093/4093 
f 4091/4091/4091 4093/4093/4093 4094/4094/4094 
f 4095/4095/4095 4096/4096/4096 4097/4097/4097 
f 4095/4095/4095 4097/4097/4097 4098/4098/4098 
f 4099/4099/4099 4100/4100/4100 4101/4101/4101 
f 4099/4099/4099 4101/4101/4101 4102/4102/4102 
f 4103/4103/4103 4104/4104/4104 4105/4105/4105 
f 4103/4103/4103 4105/4105/4105 4106/4106/4106 
f 4107/4107/4107 4108/4108/4108 4109/4109/4109 
f 4107/4107/4107 4109/4109/4109 4110/4110/4110 
f 4111/4111/4111 4112/4112/4112 4113/4113/4113 
f 4111/4111/4111 4113/4113/4113 4114/4114/4114 
f 4115/4115/4115 4116/4116/4116 4117/4117/4117 
f 4115/4115/4115 4117/4117/4117 4118/4118/4118 
f 4119/4119/4119 4120/4120/4120 4121/4121/4121 
f 4119/4119/4119 4121/4121/4121 4122/4122/4122 
f 4123/4123/4123 4124/4124/4124 4125/4125/4125 
f 4123/4123/4123 4125/4125/4125 4126/4126/4126 
f 4127/4127/4127 4128/4128/4128 4129/4129/4129 
f 4127/4127/4127 4129/4129/4129 4130/4130/4130 
f 4131/4131/4131 4132/4132/4132 4133/4133/4133 
f 4131/4131/4131 4133/4133/4133 4134/4134/4134 
f 4135/4135/4135 4136/4136/4136 4137/4137/4137 
f 4135/4135/4135 4137/4137/4137 4138/4138/4138 
f 4139/4139/4139 4140/4140/4140 4141/4141/4141 
f 4139/4139/4139 4141/4141/4141 4142/4142/4142 
f 4143/4143/4143 4144/4144/4144 4145/4145/4145 
f 4143/4143/4143 4145/4145/4145 4146/4146/4146 
f 4147/4147/4147 4148/4148/4148 4149/4149/4149 
f 4147/4147/4147 4149/4149/4149 4150/4150/4150 
f 4151/4151/4151 4152/4152/4152 4153/4153/4153 
f 4151/4151/4151 4153/4153/4153 4154/4154/4154 
f 4155/4155/4155 4156/4156/4156 4157/4157/4157 
f 4155/4155/4155 4157/4157/4157 4158/4158/4158 
f 4159/4159/4159 4160/4160/4160 4161/4161/4161 
f 4159/4159/4159 4161/4161/4161 4162/4162/4162 
f 4163/4163/4163 4164/4164/4164 4165/4165/4165 
f 4163/4163/4163 4165/4165/4165 4166/4166/4166 
f 4167/4167/4167 4168/4168/4168 4169/4169/4169 
f 4167/4167/4167 4169/4169/4169 4170/4170/4170 
f 4171/4171/4171 4172/4172/4172 4173/4173/4173 
f 4171/4171/4171 4173/4173/4173 4174/4174/4174 
f 4175/4175/4175 4176/4176/4176 4177/4177/4177 
f 4175/4175/4175 4177/4177/4177 4178/4178/4178 
f 4179/4179/4179 4180/4180/4180 4181/4181/4181 
f 4179/4179/4179 4181/4181/4181 4182/4182/4182 
f 4183/4183/4183 4184/4184/4184 4185/4185/4185 
f 4183/4183/4183 4185/4185/4185 4186/4186/4186 
f 4187/4187/4187 4188/4188/4188 4189/4189/4189 
f 4187/4187/4187 4189/4189/4189 4190/4190/4190 
f 4191/4191/4191 4192/4192/4192 4193/4193/4193 
f 4191/4191/4191 4193/4193/4193 4194/4194/4194 
f 4195/4195/4195 4196/4196/4196 4197/4197/4197 
f 4195/4195/4195 4197/4197/4197 4198/4198/4198 
f 4199/4199/4199 4200/4200/4200 4201/4201/4201 
f 4199/4199/4199 4201/4201/4201 4202/4202/4202 
f 4203/4203/4203 4204/4204/4204 4205/4205/4205 
f 4203/4203/4203 4205/4205/4205 4206/4206/4206 
f 4207/4207/4207 4208/4208/4208 4209/4209/4209 
f 4207/4207/4207 4209/4209/4209 4210/4210/4210 
f 4211/4211/4211 4212/4212/4212 4213/4213/4213 
f 4211/4211/4211 4213/4213/4213 4214/4214/4214 
f 4215/4215/4215 4216/4216/4216 4217/4217/4217 
f 4215/4215/4215 4217/4217/4217 4218/4218/4218 
f 4219/4219/4219 4220/4220/4220 4221/4221/4221 
f 4219/4219/4219 4221/4221/4221 4222/4222/4222 
f 4223/4223/4223 4224/4224/4224 4225/4225/4225 
f 4223/4223/4223 4225/4225/4225 4226/4226/4226 
f 4227/4227/4227 4228/4228/4228 4229/4229/4229 
f 4227/4227/4227 4229/4229/4229 4230/4230/4230 
f 4231/4231/4231 4232/4232/4232 4233/4233/4233 
f 4231/4231/4231 4233/4233/4233 4234/4234/4234 
f 4235/4235/4235 4236/4236/4236 4237/4237/4237 
f 4235/4235/4235 4237/4237/4237 4238/4238/4238 
f 4239/4239/4239 4240/4240/4240 4241/4241/4241 
f 4239/4239/4239 4241/4241/4241 4242/4242/4242 
f 4243/4243/4243 4244/4244/4244 4245/4245/4245 
f 4243/4243/4243 4245/4245/4245 4246/4246/4246 
f 4247/4247/4247 4248/4248/4248 4249/4249/4249 
f 4247/4247/4247 4249/4249/4249 4250/4250/4250 
f 4251/4251/4251 4252/4252/4252 4253/4253/4253 
f 4254/4254/4254 4255/4255/4255 4256/4256/4256 
f 4257/4257/4257 4258/4258/4258 4259/4259/4259 
f 4260/4260/4260 4261/4261/4261 4262/4262/4262 
f 4263/4263/4263 4264/4264/4264 4265/4265/4265 
f 4266/4266/4266 4267/4267/4267 4268/4268/4268 
f 4269/4269/4269 4270/4270/4270 4271/4271/4271 
f 4272/4272/4272 4273/4273/4273 4274/4274/4274 
f 4275/4275/4275 4276/4276/4276 4277/4277/4277 
f 4278/4278/4278 4279/4279/4279 4280/4280/4280 
f 4281/4281/4281 4282/4282/4282 4283/4283/4283 
f 4284/4284/4284 4285/4285/4285 4286/4286/4286 
f 4287/4287/4287 4288/4288/4288 4289/4289/4289 
f 4290/4290/4290 4291/4291/4291 4292/4292/4292 
f 4293/4293/4293 4294/4294/4294 4295/4295/4295 
f 4296/4296/4296 4297/4297/4297 4298/4298/4298 
f 4299/4299/4299 4300/4300/4300 4301/4301/4301 
f 4302/4302/4302 4303/4303/4303 4304/4304/4304 
f 4305/4305/4305 4306/4306/4306 4307/4307/4307 
f 4308/4308/4308 4309/4309/4309 4310/4310/4310 
f 4311/4311/4311 4312/4312/4312 4313/4313/4313 
f 4314/4314/4314 4315/4315/4315 4316/4316/4316 
f 4317/4317/4317 4318/4318/4318 4319/4319/4319 
f 4320/4320/4320 4321/4321/4321 4322/4322/4322 
f 4323/4323/4323 4324/4324/4324 4325/4325/4325 
f 4326/4326/4326 4327/4327/4327 4328/4328/4328 
f 4329/4329/4329 4330/4330/4330 4331/4331/4331 
f 4332/4332/4332 4333/4333/4333 4334/4334/4334 
f 4335/4335/4335 4336/4336/4336 4337/4337/4337 
f 4338/4338/4338 4339/4339/4339 4340/4340/4340 
f 4341/4341/4341 4342/4342/4342 4343/4343/4343 
f 4344/4344/4344 4345/4345/4345 4346/4346/4346 
f 4347/4347/4347 4348/4348/4348 4349/4349/4349 
f 4350/4350/4350 4351/4351/4351 4352/4352/4352 
f 4353/4353/4353 4354/4354/4354 4355/4355/4355 
f 4356/4356/4356 4357/4357/4357 4358/4358/4358 
f 4359/4359/4359 4360/4360/4360 4361/4361/4361 
f 4362/4362/4362 4363/4363/4363 4364/4364/4364 
f 4365/4365/4365 4366/4366/4366 4367/4367/4367 
f 4368/4368/4368 4369/4369/4369 4370/4370/4370 
f 4368/4368/4368 4370/4370/4370 4371/4371/4371 
f 4372/4372/4372 4373/4373/4373 4374/4374/4374 
f 4372/4372/4372 4374/4374/4374 4375/4375/4375 
f 4376/4376/4376 4377/4377/4377 4378/4378/4378 
f 4376/4376/4376 4378/4378/4378 4379/4379/4379 
f 4380/4380/4380 4381/4381/4381 4382/4382/4382 
f 4380/4380/4380 4382/4382/4382 4383/4383/4383 
f 4384/4384/4384 4385/4385/4385 4386/4386/4386 
f 4384/4384/4384 4386/4386/4386 4387/4387/4387 
f 4388/4388/4388 4389/4389/4389 4390/4390/4390 
f 4388/4388/4388 4390/4390/4390 4391/4391/4391 
f 4392/4392/4392 4393/4393/4393 4394/4394/4394 
f 4392/4392/4392 4394/4394/4394 4395/4395/4395 
f 4396/4396/4396 4397/4397/4397 4398/4398/4398 
f 4396/4396/4396 4398/4398/4398 4399/4399/4399 
f 4400/4400/4400 4401/4401/4401 4402/4402/4402 
f 4400/4400/4400 4402/4402/4402 4403/4403/4403 
f 4404/4404/4404 4405/4405/4405 4406/4406/4406 
f 4404/4404/4404 4406/4406/4406 4407/4407/4407 
f 4408/4408/4408 4409/4409/4409 4410/4410/4410 
f 4408/4408/4408 4410/4410/4410 4411/4411/4411 
f 4412/4412/4412 4413/4413/4413 4414/4414/4414 
f 4412/4412/4412 4414/4414/4414 4415/4415/4415 
f 4416/4416/4416 4417/4417/4417 4418/4418/4418 
f 4416/4416/4416 4418/4418/4418 4419/4419/4419 
f 4420/4420/4420 4421/4421/4421 4422/4422/4422 
f 4420/4420/4420 4422/4422/4422 4423/4423/4423 
f 4424/4424/4424 4425/4425/4425 4426/4426/4426 
f 4424/4424/4424 4426/4426/4426 4427/4427/4427 
f 4428/4428/4428 4429/4429/4429 4430/4430/4430 
f 4428/4428/4428 4430/4430/4430 4431/4431/4431 
f 4432/4432/4432 4433/4433/4433 4434/4434/4434 
f 4432/4432/4432 4434/4434/4434 4435/4435/4435 
f 4436/4436/4436 4437/4437/4437 4438/4438/4438 
f 4436/4436/4436 4438/4438/4438 4439/4439/4439 
f 4440/4440/4440 4441/4441/4441 4442/4442/4442 
f 4440/4440/4440 4442/4442/4442 4443/4443/4443 
f 4444/4444/4444 4445/4445/4445 4446/4446/4446 
f 4444/4444/4444 4446/4446/4446 4447/4447/4447 
f 4448/4448/4448 4449/4449/4449 4450/4450/4450 
f 4448/4448/4448 4450/4450/4450 4451/4451/4451 
f 4452/4452/4452 4453/4453/4453 4454/4454/4454 
f 4452/4452/4452 4454/4454/4454 4455/4455/4455 
f 4456/4456/4456 4457/4457/4457 4458/4458/4458 
f 4456/4456/4456 4458/4458/4458 4459/4459/4459 
f 4460/4460/4460 4461/4461/4461 4462/4462/4462 
f 4460/4460/4460 4462/4462/4462 4463/4463/4463 
f 4464/4464/4464 4465/4465/4465 4466/4466/4466 
f 4464/4464/4464 4466/4466/4466 4467/4467/4467 
f 4468/4468/4468 4469/4469/4469 4470/4470/4470 
f 4468/4468/4468 4470/4470/4470 4471/4471/4471 
f 4472/4472/4472 4473/4473/4473 4474/4474/4474 
f 4472/4472/4472 4474/4474/4474 4475/4475/4475 
f 4476/4476/4476 4477/4477/4477 4478/4478/4478 
f 4476/4476/4476 4478/4478/4478 4479/4479/4479 
f 4480/4480/4480 4481/4481/4481 4482/4482/4482 
f 4480/4480/4480 4482/4482/4482 4483/4483/4483 
f 4484/4484/4484 4485/4485/4485 4486/4486/4486 
f 4484/4484/4484 4486/4486/4486 4487/4487/4487 
f 4488/4488/4488 4489/4489/4489 4490/4490/4490 
f 4488/4488/4488 4490/4490/4490 4491/4491/4491 
f 4492/4492/4492 4493/4493/4493 4494/4494/4494 
f 4492/4492/4492 4494/4494/4494 4495/4495/4495 
f 4496/4496/4496 4497/4497/4497 4498/4498/4498 
f 4496/4496/4496 4498/4498/4498 4499/4499/4499 
f 4500/4500/4500 4501/4501/4501 4502/4502/4502 
f 4500/4500/4500 4502/4502/4502 4503/4503/4503 
f 4504/4504/4504 4505/4505/4505 4506/4506/4506 
f 4504/4504/4504 4506/4506/4506 4507/4507/4507 
f 4508/4508/4508 4509/4509/4509 4510/4510/4510 
f 4508/4508/4508 4510/4510/4510 4511/4511/4511 
f 4512/4512/4512 4513/4513/4513 4514/4514/4514 
f 4512/4512/4512 4514/4514/4514 4515/4515/4515 
f 4516/4516/4516 4517/4517/4517 4518/4518/4518 
f 4516/4516/4516 4518/4518/4518 4519/4519/4519 
f 4520/4520/4520 4521/4521/4521 4522/4522/4522 
f 4520/4520/4520 4522/4522/4522 4523/4523/4523 
f 4524/4524/4524 4525/4525/4525 4526/4526/4526 
f 4524/4524/4524 4526/4526/4526 4527/4527/4527 
f 4528/4528/4528 4529/4529/4529 4530/4530/4530 
f 4528/4528/4528 4530/4530/4530 4531/4531/4531 
f 4532/4532/4532 4533/4533/4533 4534/4534/4534 
f 4532/4532/4532 4534/4534/4534 4535/4535/4535 
f 4536/4536/4536 4537/4537/4537 4538/4538/4538 
f 4536/4536/4536 4538/4538/4538 4539/4539/4539 
f 4540/4540/4540 4541/4541/4541 4542/4542/4542 
f 4540/4540/4540 4542/4542/4542 4543/4543/4543 
f 4544/4544/4544 4545/4545/4545 4546/4546/4546 

g KillerRobot14

v -8.53557 3.92597 -14.0002 
v -8.53557 2.46058 -14.0002 
v -7.63683 2.46058 -14.0002 
v -7.63683 3.92597 -14.0002 
v -7.63683 3.92597 -16.0005 
v -7.63683 2.46054 -16.0005 
v -8.53557 2.46054 -16.0005 
v -8.53557 3.92597 -16.0005 
v -7.61057 2.46058 -14.0308 
v -7.58431 2.46058 -14.0614 
v -7.58431 3.92597 -14.0614 
v -7.61057 3.92596 -14.0308 
v -7.58431 2.46058 -14.0614 
v -7.58431 2.46054 -15.9392 
v -7.58431 3.92596 -15.9392 
v -7.58431 3.92597 -14.0614 
v -7.63683 2.46054 -16.0005 
v -7.63683 3.92597 -16.0005 
v -7.58431 3.92596 -15.9392 
v -7.58431 2.46054 -15.9392 
v -7.65089 2.39298 -14.0639 
v -7.58431 2.46058 -14.0614 
v -7.61057 2.46058 -14.0308 
v -7.58431 2.46054 -15.9392 
v -7.58431 2.46058 -14.0614 
v -7.65089 2.39298 -14.0639 
v -7.65089 2.39295 -15.9407 
v -8.58484 2.46058 -14.0614 
v -8.51691 2.39299 -14.0639 
v -8.53557 2.46058 -14.0002 
v -8.51691 2.39295 -15.9407 
v -8.51691 2.39299 -14.0639 
v -8.58484 2.46058 -14.0614 
v -8.58484 2.46054 -15.9392 
v -8.53557 2.46054 -16.0005 
v -7.63683 2.46054 -16.0005 
v -7.65089 2.39295 -15.9407 
v -8.51691 2.39295 -15.9407 
v -8.51691 2.39299 -14.0639 
v -7.65089 2.39298 -14.0639 
v -7.63683 2.46058 -14.0002 
v -8.53557 2.46058 -14.0002 
v -8.08252 2.39321 -15.0019 
v -7.65089 2.39295 -15.9407 
v -7.65089 2.39298 -14.0639 
v -7.65089 2.39295 -15.9407 
v -7.63683 2.46054 -16.0005 
v -7.58431 2.46054 -15.9392 
v -8.58484 2.46054 -15.9392 
v -8.53557 2.46054 -16.0005 
v -8.51691 2.39295 -15.9407 
v -8.51691 2.39299 -14.0639 
v -8.08252 2.39321 -15.0019 
v -7.65089 2.39298 -14.0639 
v -8.08252 2.39321 -15.0019 
v -8.51691 2.39299 -14.0639 
v -8.51691 2.39295 -15.9407 
v -7.65089 2.39295 -15.9407 
v -8.08252 2.39321 -15.0019 
v -8.51691 2.39295 -15.9407 
v -7.58431 3.92597 -14.0614 
v -7.65089 3.99388 -14.0638 
v -7.61057 3.92596 -14.0308 
v -7.65089 3.99388 -14.0638 
v -7.58431 3.92597 -14.0614 
v -7.58431 3.92596 -15.9392 
v -7.65089 3.99388 -15.9407 
v -8.53557 3.92597 -14.0002 
v -8.51691 3.99388 -14.0638 
v -8.58484 3.92597 -14.0614 
v -7.65089 3.99388 -14.0638 
v -8.51691 3.99388 -14.0638 
v -8.53557 3.92597 -14.0002 
v -7.63683 3.92597 -14.0002 
v -8.51691 3.99388 -14.0638 
v -8.08252 3.99388 -15.0019 
v -8.51691 3.99388 -15.9407 
v -7.58431 3.92596 -15.9392 
v -7.63683 3.92597 -16.0005 
v -7.65089 3.99388 -15.9407 
v -8.58484 2.46058 -14.0614 
v -8.53557 2.46058 -14.0002 
v -8.53557 3.92597 -14.0002 
v -8.58484 3.92597 -14.0614 
v -8.58484 3.92597 -15.9392 
v -8.58484 2.46054 -15.9392 
v -8.58484 2.46058 -14.0614 
v -8.58484 3.92597 -14.0614 
v -8.53557 2.46054 -16.0005 
v -8.58484 2.46054 -15.9392 
v -8.58484 3.92597 -15.9392 
v -8.53557 3.92597 -16.0005 
v -8.51691 3.99388 -15.9407 
v -8.53557 3.92597 -16.0005 
v -8.58484 3.92597 -15.9392 
v -8.51691 3.99388 -15.9407 
v -8.58484 3.92597 -15.9392 
v -8.58484 3.92597 -14.0614 
v -8.51691 3.99388 -14.0638 
v -7.63683 3.92597 -16.0005 
v -8.53557 3.92597 -16.0005 
v -8.51691 3.99388 -15.9407 
v -7.65089 3.99388 -15.9407 
v -8.08252 3.99388 -15.0019 
v -7.65089 3.99388 -15.9407 
v -8.51691 3.99388 -15.9407 
v -8.08252 3.99388 -15.0019 
v -8.51691 3.99388 -14.0638 
v -7.65089 3.99388 -14.0638 
v -7.65089 3.99388 -15.9407 
v -8.08252 3.99388 -15.0019 
v -7.65089 3.99388 -14.0638 
v -7.65089 3.99388 -14.0638 
v -7.63683 3.92597 -14.0002 
v -7.61057 3.92596 -14.0308 
v -7.61057 3.92596 -14.0308 
v -7.63683 3.92597 -14.0002 
v -7.63683 2.46058 -14.0002 
v -7.61057 2.46058 -14.0308 
v -7.61057 2.46058 -14.0308 
v -7.63683 2.46058 -14.0002 
v -7.65089 2.39298 -14.0639 

vn 0 0 1 
vn 0 0 1 
vn 0 0 1 
vn 0 0 1 
vn 0 0 -1 
vn 0 0 -1 
vn 0 0 -1 
vn 0 0 -1 
vn 0.755906 0 0.653543 
vn 0.755906 0 0.653543 
vn 0.755906 0 0.653543 
vn 0.755906 0 0.653543 
vn 1 0 0 
vn 1 0 0 
vn 1 0 0 
vn 1 0 0 
vn 0.755906 0 -0.653543 
vn 0.755906 0 -0.653543 
vn 0.755906 0 -0.653543 
vn 0.755906 0 -0.653543 
vn 0.598425 -0.614173 0.511811 
vn 0.598425 -0.614173 0.511811 
vn 0.598425 -0.614173 0.511811 
vn 0.708661 -0.700787 0 
vn 0.708661 -0.700787 0 
vn 0.708661 -0.700787 0 
vn 0.708661 -0.700787 0 
vn -0.606299 -0.629921 0.488189 
vn -0.606299 -0.629921 0.488189 
vn -0.606299 -0.629921 0.488189 
vn -0.708661 -0.708661 0 
vn -0.708661 -0.708661 0 
vn -0.708661 -0.708661 0 
vn -0.708661 -0.708661 0 
vn 0 -0.661417 -0.748031 
vn 0 -0.661417 -0.748031 
vn 0 -0.661417 -0.748031 
vn 0 -0.661417 -0.748031 
vn 0 -0.685039 0.724409 
vn 0 -0.685039 0.724409 
vn 0 -0.685039 0.724409 
vn 0 -0.685039 0.724409 
vn 0 -1 0 
vn 0 -1 0 
vn 0 -1 0 
vn 0.614173 -0.590551 -0.527559 
vn 0.614173 -0.590551 -0.527559 
vn 0.614173 -0.590551 -0.527559 
vn -0.614173 -0.606299 -0.496063 
vn -0.614173 -0.606299 -0.496063 
vn -0.614173 -0.606299 -0.496063 
vn 0 -1 0 
vn 0 -1 0 
vn 0 -1 0 
vn 0 -1 0 
vn 0 -1 0 
vn 0 -1 0 
vn 0 -1 0 
vn 0 -1 0 
vn 0 -1 0 
vn 0.598425 0.606299 0.519685 
vn 0.598425 0.606299 0.519685 
vn 0.598425 0.606299 0.519685 
vn 0.716535 0.700787 0 
vn 0.716535 0.700787 0 
vn 0.716535 0.700787 0 
vn 0.716535 0.700787 0 
vn -0.606299 0.622047 0.488189 
vn -0.606299 0.622047 0.488189 
vn -0.606299 0.622047 0.488189 
vn 0 0.685039 0.732283 
vn 0 0.685039 0.732283 
vn 0 0.685039 0.732283 
vn 0 0.685039 0.732283 
vn 0 1 0 
vn 0 1 0 
vn 0 1 0 
vn 0.614173 0.590551 -0.527559 
vn 0.614173 0.590551 -0.527559 
vn 0.614173 0.590551 -0.527559 
vn -0.779528 0 0.629921 
vn -0.779528 0 0.629921 
vn -0.779528 0 0.629921 
vn -0.779528 0 0.629921 
vn -1 0 0 
vn -1 0 0 
vn -1 0 0 
vn -1 0 0 
vn -0.779528 0 -0.629921 
vn -0.779528 0 -0.629921 
vn -0.779528 0 -0.629921 
vn -0.779528 0 -0.629921 
vn -0.622047 0.606299 -0.496063 
vn -0.622047 0.606299 -0.496063 
vn -0.622047 0.606299 -0.496063 
vn -0.708661 0.708661 0 
vn -0.708661 0.708661 0 
vn -0.708661 0.708661 0 
vn -0.708661 0.708661 0 
vn 0 0.661417 -0.748031 
vn 0 0.661417 -0.748031 
vn 0 0.661417 -0.748031 
vn 0 0.661417 -0.748031 
vn 0 1 0 
vn 0 1 0 
vn 0 1 0 
vn 0 1 0 
vn 0 1 0 
vn 0 1 0 
vn 0 1 0 
vn 0 1 0 
vn 0 1 0 
vn 0.598425 0.606299 0.519685 
vn 0.598425 0.606299 0.519685 
vn 0.598425 0.606299 0.519685 
vn 0.755906 0 0.653543 
vn 0.755906 0 0.653543 
vn 0.755906 0 0.653543 
vn 0.755906 0 0.653543 
vn 0.598425 -0.614173 0.511811 
vn 0.598425 -0.614173 0.511811 
vn 0.598425 -0.614173 0.511811 

vt 0.317527 0.92285 
vt 0.317527 0.838723 
vt 0.374101 0.838723 
vt 0.374101 0.92285 
vt 0.129467 0.92285 
vt 0.129467 0.838723 
vt 0.187063 0.838723 
vt 0.187063 0.92285 
vt 0.00219909 0.838723 
vt 0.00474999 0.838723 
vt 0.00474999 0.92285 
vt 0.00219909 0.92285 
vt 0.00474999 0.838723 
vt 0.124434 0.838723 
vt 0.124434 0.92285 
vt 0.00474999 0.92285 
vt 0.129467 0.838723 
vt 0.129467 0.92285 
vt 0.124434 0.92285 
vt 0.124434 0.838723 
vt 0.00219909 0.833959 
vt 0.00474999 0.838723 
vt 0.00219909 0.838723 
vt 0.124434 0.838723 
vt 0.00474999 0.838723 
vt 0.00219909 0.833959 
vt 0.12701 0.833959 
vt 0.311883 0.838723 
vt 0.314425 0.833959 
vt 0.317527 0.838723 
vt 0.18955 0.833959 
vt 0.314425 0.833959 
vt 0.311883 0.838723 
vt 0.192249 0.838723 
vt 0.187063 0.838723 
vt 0.129467 0.838723 
vt 0.12701 0.833959 
vt 0.18955 0.833959 
vt 0.314425 0.833959 
vt 0.376799 0.833959 
vt 0.374101 0.838723 
vt 0.317527 0.838723 
vt 0.161784 0.946866 
vt 0.193183 0.962651 
vt 0.131134 0.962654 
vt 0.12701 0.833959 
vt 0.129467 0.838723 
vt 0.124434 0.838723 
vt 0.192249 0.838723 
vt 0.18706 0.838723 
vt 0.18955 0.833959 
vt 0.131135 0.931881 
vt 0.161784 0.946866 
vt 0.131134 0.962654 
vt 0.161784 0.946866 
vt 0.131135 0.931881 
vt 0.193183 0.931877 
vt 0.193183 0.962651 
vt 0.161784 0.946866 
vt 0.193183 0.931877 
vt 0.00474999 0.92285 
vt 0.00219909 0.927561 
vt 0.00219909 0.92285 
vt 0.00219909 0.927561 
vt 0.00474999 0.92285 
vt 0.124434 0.92285 
vt 0.12701 0.927561 
vt 0.317527 0.92285 
vt 0.314425 0.927463 
vt 0.311883 0.92285 
vt 0.376799 0.927463 
vt 0.314425 0.927463 
vt 0.317527 0.92285 
vt 0.374101 0.92285 
vt 0.00223849 0.990028 
vt 0.0641999 0.959406 
vt 0.126685 0.990028 
vt 0.124434 0.92285 
vt 0.129467 0.92285 
vt 0.12701 0.927561 
vt 0.311883 0.838723 
vt 0.317527 0.838723 
vt 0.317527 0.92285 
vt 0.311883 0.92285 
vt 0.192249 0.92285 
vt 0.192249 0.838723 
vt 0.311883 0.838723 
vt 0.311883 0.92285 
vt 0.18706 0.838723 
vt 0.192249 0.838723 
vt 0.192249 0.92285 
vt 0.18706 0.92285 
vt 0.189656 0.927475 
vt 0.18706 0.92285 
vt 0.192249 0.92285 
vt 0.189656 0.927475 
vt 0.192249 0.92285 
vt 0.311883 0.92285 
vt 0.314425 0.927475 
vt 0.129467 0.92285 
vt 0.187063 0.92285 
vt 0.189656 0.927503 
vt 0.12701 0.927503 
vt 0.0641999 0.959406 
vt 0.126685 0.928065 
vt 0.126685 0.990028 
vt 0.0641999 0.959406 
vt 0.00223849 0.990028 
vt 0.00223852 0.928065 
vt 0.126685 0.928065 
vt 0.0641999 0.959406 
vt 0.00223852 0.928065 
vt 0.376799 0.927561 
vt 0.374101 0.92285 
vt 0.376799 0.92285 
vt 0.376799 0.92285 
vt 0.374101 0.92285 
vt 0.374101 0.838723 
vt 0.376799 0.838723 
vt 0.376799 0.838723 
vt 0.374101 0.838723 
vt 0.376799 0.833959 

usemtl KillerRobot14Mtl

f 4547/4547/4547 4548/4548/4548 4549/4549/4549 
f 4547/4547/4547 4549/4549/4549 4550/4550/4550 
f 4551/4551/4551 4552/4552/4552 4553/4553/4553 
f 4551/4551/4551 4553/4553/4553 4554/4554/4554 
f 4555/4555/4555 4556/4556/4556 4557/4557/4557 
f 4555/4555/4555 4557/4557/4557 4558/4558/4558 
f 4559/4559/4559 4560/4560/4560 4561/4561/4561 
f 4559/4559/4559 4561/4561/4561 4562/4562/4562 
f 4563/4563/4563 4564/4564/4564 4565/4565/4565 
f 4563/4563/4563 4565/4565/4565 4566/4566/4566 
f 4567/4567/4567 4568/4568/4568 4569/4569/4569 
f 4570/4570/4570 4571/4571/4571 4572/4572/4572 
f 4570/4570/4570 4572/4572/4572 4573/4573/4573 
f 4574/4574/4574 4575/4575/4575 4576/4576/4576 
f 4577/4577/4577 4578/4578/4578 4579/4579/4579 
f 4577/4577/4577 4579/4579/4579 4580/4580/4580 
f 4581/4581/4581 4582/4582/4582 4583/4583/4583 
f 4581/4581/4581 4583/4583/4583 4584/4584/4584 
f 4585/4585/4585 4586/4586/4586 4587/4587/4587 
f 4585/4585/4585 4587/4587/4587 4588/4588/4588 
f 4589/4589/4589 4590/4590/4590 4591/4591/4591 
f 4592/4592/4592 4593/4593/4593 4594/4594/4594 
f 4595/4595/4595 4596/4596/4596 4597/4597/4597 
f 4598/4598/4598 4599/4599/4599 4600/4600/4600 
f 4601/4601/4601 4602/4602/4602 4603/4603/4603 
f 4604/4604/4604 4605/4605/4605 4606/4606/4606 
f 4607/4607/4607 4608/4608/4608 4609/4609/4609 
f 4610/4610/4610 4611/4611/4611 4612/4612/4612 
f 4610/4610/4610 4612/4612/4612 4613/4613/4613 
f 4614/4614/4614 4615/4615/4615 4616/4616/4616 
f 4617/4617/4617 4618/4618/4618 4619/4619/4619 
f 4617/4617/4617 4619/4619/4619 4620/4620/4620 
f 4621/4621/4621 4622/4622/4622 4623/4623/4623 
f 4624/4624/4624 4625/4625/4625 4626/4626/4626 
f 4627/4627/4627 4628/4628/4628 4629/4629/4629 
f 4627/4627/4627 4629/4629/4629 4630/4630/4630 
f 4631/4631/4631 4632/4632/4632 4633/4633/4633 
f 4631/4631/4631 4633/4633/4633 4634/4634/4634 
f 4635/4635/4635 4636/4636/4636 4637/4637/4637 
f 4635/4635/4635 4637/4637/4637 4638/4638/4638 
f 4639/4639/4639 4640/4640/4640 4641/4641/4641 
f 4642/4642/4642 4643/4643/4643 4644/4644/4644 
f 4642/4642/4642 4644/4644/4644 4645/4645/4645 
f 4646/4646/4646 4647/4647/4647 4648/4648/4648 
f 4646/4646/4646 4648/4648/4648 4649/4649/4649 
f 4650/4650/4650 4651/4651/4651 4652/4652/4652 
f 4653/4653/4653 4654/4654/4654 4655/4655/4655 
f 4656/4656/4656 4657/4657/4657 4658/4658/4658 
f 4659/4659/4659 4660/4660/4660 4661/4661/4661 
f 4662/4662/4662 4663/4663/4663 4664/4664/4664 
f 4662/4662/4662 4664/4664/4664 4665/4665/4665 
f 4666/4666/4666 4667/4667/4667 4668/4668/4668 

g KillerRobot15

v -8.3649 3.91979 -14.7159 
v -8.28091 3.89691 -14.7945 
v -8.24191 3.89691 -14.7595 
v -8.24191 3.89691 -14.7595 
v -8.31091 3.91979 -14.6675 
v -8.3649 3.91979 -14.7159 
v -8.436 3.98494 -14.6493 
v -8.3649 3.91979 -14.7159 
v -8.31091 3.91979 -14.6675 
v -8.31091 3.91979 -14.6675 
v -8.3695 3.98494 -14.5895 
v -8.436 3.98494 -14.6493 
v -8.48359 4.08247 -14.6047 
v -8.436 3.98494 -14.6493 
v -8.3695 3.98494 -14.5895 
v -8.3695 3.98494 -14.5895 
v -8.4086 4.08247 -14.5374 
v -8.48359 4.08247 -14.6047 
v -8.50029 4.19749 -14.5891 
v -8.48359 4.08247 -14.6047 
v -8.4086 4.08247 -14.5374 
v -8.4086 4.08247 -14.5374 
v -8.4223 4.19749 -14.5191 
v -8.50029 4.19749 -14.5891 
v -8.50029 4.79575 -14.5891 
v -8.50029 4.19749 -14.5891 
v -8.4223 4.19749 -14.5191 
v -8.4223 4.19749 -14.5191 
v -8.4223 4.79575 -14.5191 
v -8.50029 4.79575 -14.5891 
v -8.48359 4.91077 -14.6047 
v -8.50029 4.79575 -14.5891 
v -8.4223 4.79575 -14.5191 
v -8.4223 4.79575 -14.5191 
v -8.4086 4.91077 -14.5374 
v -8.48359 4.91077 -14.6047 
v -8.4361 5.00829 -14.6493 
v -8.48359 4.91077 -14.6047 
v -8.4086 4.91077 -14.5374 
v -8.4086 4.91077 -14.5374 
v -8.3695 5.00829 -14.5895 
v -8.4361 5.00829 -14.6493 
v -8.3649 5.07345 -14.7159 
v -8.4361 5.00829 -14.6493 
v -8.3695 5.00829 -14.5895 
v -8.3695 5.00829 -14.5895 
v -8.31091 5.07345 -14.6675 
v -8.3649 5.07345 -14.7159 
v -8.28091 5.09633 -14.7945 
v -8.3649 5.07345 -14.7159 
v -8.31091 5.07345 -14.6675 
v -8.31091 5.07345 -14.6675 
v -8.24191 5.09633 -14.7595 
v -8.28091 5.09633 -14.7945 
v -8.31091 3.91979 -14.6675 
v -8.24191 3.89691 -14.7595 
v -8.19741 3.89691 -14.7319 
v -8.19741 3.89691 -14.7319 
v -8.24941 3.91979 -14.6293 
v -8.31091 3.91979 -14.6675 
v -8.3695 3.98494 -14.5895 
v -8.31091 3.91979 -14.6675 
v -8.24941 3.91979 -14.6293 
v -8.24941 3.91979 -14.6293 
v -8.29351 3.98494 -14.5423 
v -8.3695 3.98494 -14.5895 
v -8.4086 4.08247 -14.5374 
v -8.3695 3.98494 -14.5895 
v -8.29351 3.98494 -14.5423 
v -8.29351 3.98494 -14.5423 
v -8.323 4.08247 -14.4842 
v -8.4086 4.08247 -14.5374 
v -8.4223 4.19749 -14.5191 
v -8.4086 4.08247 -14.5374 
v -8.323 4.08247 -14.4842 
v -8.323 4.08247 -14.4842 
v -8.33331 4.19749 -14.4638 
v -8.4223 4.19749 -14.5191 
v -8.4223 4.79575 -14.5191 
v -8.4223 4.19749 -14.5191 
v -8.33331 4.19749 -14.4638 
v -8.33331 4.19749 -14.4638 
v -8.33331 4.79575 -14.4638 
v -8.4223 4.79575 -14.5191 
v -8.4086 4.91077 -14.5374 
v -8.4223 4.79575 -14.5191 
v -8.33331 4.79575 -14.4638 
v -8.33331 4.79575 -14.4638 
v -8.323 4.91077 -14.4842 
v -8.4086 4.91077 -14.5374 
v -8.3695 5.00829 -14.5895 
v -8.4086 4.91077 -14.5374 
v -8.323 4.91077 -14.4842 
v -8.323 4.91077 -14.4842 
v -8.29351 5.00829 -14.5423 
v -8.3695 5.00829 -14.5895 
v -8.31091 5.07345 -14.6675 
v -8.3695 5.00829 -14.5895 
v -8.29351 5.00829 -14.5423 
v -8.29351 5.00829 -14.5423 
v -8.24941 5.07345 -14.6293 
v -8.31091 5.07345 -14.6675 
v -8.24191 5.09633 -14.7595 
v -8.31091 5.07345 -14.6675 
v -8.24941 5.07345 -14.6293 
v -8.24941 5.07345 -14.6293 
v -8.19741 5.09633 -14.7318 
v -8.24191 5.09633 -14.7595 
v -8.24941 3.91979 -14.6293 
v -8.19741 3.89691 -14.7319 
v -8.14882 3.89691 -14.7123 
v -8.14882 3.89691 -14.7123 
v -8.18221 3.91979 -14.6023 
v -8.24941 3.91979 -14.6293 
v -8.29351 3.98494 -14.5423 
v -8.24941 3.91979 -14.6293 
v -8.18221 3.91979 -14.6023 
v -8.18221 3.91979 -14.6023 
v -8.21051 3.98494 -14.5089 
v -8.29351 3.98494 -14.5423 
v -8.323 4.08247 -14.4842 
v -8.29351 3.98494 -14.5423 
v -8.21051 3.98494 -14.5089 
v -8.21051 3.98494 -14.5089 
v -8.22941 4.08247 -14.4466 
v -8.323 4.08247 -14.4842 
v -8.33331 4.19749 -14.4638 
v -8.323 4.08247 -14.4842 
v -8.22941 4.08247 -14.4466 
v -8.22941 4.08247 -14.4466 
v -8.23611 4.19749 -14.4247 
v -8.33331 4.19749 -14.4638 
v -8.33331 4.79575 -14.4638 
v -8.33331 4.19749 -14.4638 
v -8.23611 4.19749 -14.4247 
v -8.23611 4.19749 -14.4247 
v -8.23611 4.79575 -14.4247 
v -8.33331 4.79575 -14.4638 
v -8.323 4.91077 -14.4842 
v -8.33331 4.79575 -14.4638 
v -8.23611 4.79575 -14.4247 
v -8.23611 4.79575 -14.4247 
v -8.22941 4.91077 -14.4466 
v -8.323 4.91077 -14.4842 
v -8.29351 5.00829 -14.5423 
v -8.323 4.91077 -14.4842 
v -8.22941 4.91077 -14.4466 
v -8.22941 4.91077 -14.4466 
v -8.21051 5.00829 -14.5089 
v -8.29351 5.00829 -14.5423 
v -8.24941 5.07345 -14.6293 
v -8.29351 5.00829 -14.5423 
v -8.21051 5.00829 -14.5089 
v -8.21051 5.00829 -14.5089 
v -8.18221 5.07345 -14.6022 
v -8.24941 5.07345 -14.6293 
v -8.19741 5.09633 -14.7318 
v -8.24941 5.07345 -14.6293 
v -8.18221 5.07345 -14.6022 
v -8.18221 5.07345 -14.6022 
v -8.14882 5.09633 -14.7123 
v -8.19741 5.09633 -14.7318 
v -8.18221 3.91979 -14.6023 
v -8.14882 3.89691 -14.7123 
v -8.09752 3.89691 -14.7015 
v -8.09752 3.89691 -14.7015 
v -8.11132 3.91979 -14.5873 
v -8.18221 3.91979 -14.6023 
v -8.21051 3.98494 -14.5089 
v -8.18221 3.91979 -14.6023 
v -8.11132 3.91979 -14.5873 
v -8.11132 3.91979 -14.5873 
v -8.12302 3.98494 -14.4905 
v -8.21051 3.98494 -14.5089 
v -8.22941 4.08247 -14.4466 
v -8.21051 3.98494 -14.5089 
v -8.12302 3.98494 -14.4905 
v -8.12302 3.98494 -14.4905 
v -8.13082 4.08247 -14.4258 
v -8.22941 4.08247 -14.4466 
v -8.23611 4.19749 -14.4247 
v -8.22941 4.08247 -14.4466 
v -8.13082 4.08247 -14.4258 
v -8.13082 4.08247 -14.4258 
v -8.13352 4.19749 -14.4031 
v -8.23611 4.19749 -14.4247 
v -8.23611 4.79575 -14.4247 
v -8.23611 4.19749 -14.4247 
v -8.13352 4.19749 -14.4031 
v -8.13352 4.19749 -14.4031 
v -8.13352 4.79575 -14.4031 
v -8.23611 4.79575 -14.4247 
v -8.22941 4.91077 -14.4466 
v -8.23611 4.79575 -14.4247 
v -8.13352 4.79575 -14.4031 
v -8.13352 4.79575 -14.4031 
v -8.13082 4.91077 -14.4258 
v -8.22941 4.91077 -14.4466 
v -8.21051 5.00829 -14.5089 
v -8.22941 4.91077 -14.4466 
v -8.13082 4.91077 -14.4258 
v -8.13082 4.91077 -14.4258 
v -8.12302 5.00829 -14.4905 
v -8.21051 5.00829 -14.5089 
v -8.18221 5.07345 -14.6022 
v -8.21051 5.00829 -14.5089 
v -8.12302 5.00829 -14.4905 
v -8.12302 5.00829 -14.4905 
v -8.11132 5.07345 -14.5873 
v -8.18221 5.07345 -14.6022 
v -8.14882 5.09633 -14.7123 
v -8.18221 5.07345 -14.6022 
v -8.11132 5.07345 -14.5873 
v -8.11132 5.07345 -14.5873 
v -8.09752 5.09633 -14.7015 
v -8.14882 5.09633 -14.7123 
v -8.11132 3.91979 -14.5873 
v -8.09752 3.89691 -14.7015 
v -8.04512 3.89691 -14.6998 
v -8.04512 3.89691 -14.6998 
v -8.03892 3.91979 -14.5849 
v -8.11132 3.91979 -14.5873 
v -8.12302 3.98494 -14.4905 
v -8.11132 3.91979 -14.5873 
v -8.03892 3.91979 -14.5849 
v -8.03892 3.91979 -14.5849 
v -8.03362 3.98494 -14.4876 
v -8.12302 3.98494 -14.4905 
v -8.13082 4.08247 -14.4258 
v -8.12302 3.98494 -14.4905 
v -8.03362 3.98494 -14.4876 
v -8.03362 3.98494 -14.4876 
v -8.03003 4.08247 -14.4225 
v -8.13082 4.08247 -14.4258 
v -8.13352 4.19749 -14.4031 
v -8.13082 4.08247 -14.4258 
v -8.03003 4.08247 -14.4225 
v -8.03003 4.08247 -14.4225 
v -8.02882 4.19749 -14.3997 
v -8.13352 4.19749 -14.4031 
v -8.13352 4.79575 -14.4031 
v -8.13352 4.19749 -14.4031 
v -8.02882 4.19749 -14.3997 
v -8.02882 4.19749 -14.3997 
v -8.02882 4.79575 -14.3997 
v -8.13352 4.79575 -14.4031 
v -8.13082 4.91077 -14.4258 
v -8.13352 4.79575 -14.4031 
v -8.02882 4.79575 -14.3997 
v -8.02882 4.79575 -14.3997 
v -8.03003 4.91077 -14.4225 
v -8.13082 4.91077 -14.4258 
v -8.12302 5.00829 -14.4905 
v -8.13082 4.91077 -14.4258 
v -8.03003 4.91077 -14.4225 
v -8.03003 4.91077 -14.4225 
v -8.03362 5.00829 -14.4876 
v -8.12302 5.00829 -14.4905 
v -8.11132 5.07345 -14.5873 
v -8.12302 5.00829 -14.4905 
v -8.03362 5.00829 -14.4876 
v -8.03362 5.00829 -14.4876 
v -8.03892 5.07345 -14.5849 
v -8.11132 5.07345 -14.5873 
v -8.09752 5.09633 -14.7015 
v -8.11132 5.07345 -14.5873 
v -8.03892 5.07345 -14.5849 
v -8.03892 5.07345 -14.5849 
v -8.04512 5.09633 -14.6998 
v -8.09752 5.09633 -14.7015 
v -8.03892 3.91979 -14.5849 
v -8.04512 3.89691 -14.6998 
v -7.99323 3.89691 -14.7072 
v -7.99323 3.89691 -14.7072 
v -7.96713 3.91979 -14.5952 
v -8.03892 3.91979 -14.5849 
v -8.03362 3.98494 -14.4876 
v -8.03892 3.91979 -14.5849 
v -7.96713 3.91979 -14.5952 
v -7.96713 3.91979 -14.5952 
v -7.94503 3.98494 -14.5002 
v -8.03362 3.98494 -14.4876 
v -8.03003 4.08247 -14.4225 
v -8.03362 3.98494 -14.4876 
v -7.94503 3.98494 -14.5002 
v -7.94503 3.98494 -14.5002 
v -7.93023 4.08247 -14.4367 
v -8.03003 4.08247 -14.4225 
v -8.02882 4.19749 -14.3997 
v -8.03003 4.08247 -14.4225 
v -7.93023 4.08247 -14.4367 
v -7.93023 4.08247 -14.4367 
v -7.92503 4.19749 -14.4144 
v -8.02882 4.19749 -14.3997 
v -8.02882 4.79575 -14.3997 
v -8.02882 4.19749 -14.3997 
v -7.92503 4.19749 -14.4144 
v -7.92503 4.19749 -14.4144 
v -7.92503 4.79575 -14.4144 
v -8.02882 4.79575 -14.3997 
v -8.03003 4.91077 -14.4225 
v -8.02882 4.79575 -14.3997 
v -7.92503 4.79575 -14.4144 
v -7.92503 4.79575 -14.4144 
v -7.93023 4.91077 -14.4367 
v -8.03003 4.91077 -14.4225 
v -8.03362 5.00829 -14.4876 
v -8.03003 4.91077 -14.4225 
v -7.93023 4.91077 -14.4367 
v -7.93023 4.91077 -14.4367 
v -7.94503 5.00829 -14.5002 
v -8.03362 5.00829 -14.4876 
v -8.03892 5.07345 -14.5849 
v -8.03362 5.00829 -14.4876 
v -7.94503 5.00829 -14.5002 
v -7.94503 5.00829 -14.5002 
v -7.96713 5.07345 -14.5952 
v -8.03892 5.07345 -14.5849 
v -8.04512 5.09633 -14.6998 
v -8.03892 5.07345 -14.5849 
v -7.96713 5.07345 -14.5952 
v -7.96713 5.07345 -14.5952 
v -7.99323 5.09633 -14.7072 
v -8.04512 5.09633 -14.6998 
v -7.96713 3.91979 -14.5952 
v -7.99323 3.89691 -14.7072 
v -7.94343 3.89691 -14.7235 
v -7.94343 3.89691 -14.7235 
v -7.89833 3.91979 -14.6177 
v -7.96713 3.91979 -14.5952 
v -7.94503 3.98494 -14.5002 
v -7.96713 3.91979 -14.5952 
v -7.89833 3.91979 -14.6177 
v -7.89833 3.91979 -14.6177 
v -7.86004 3.98494 -14.528 
v -7.94503 3.98494 -14.5002 
v -7.93023 4.08247 -14.4367 
v -7.94503 3.98494 -14.5002 
v -7.86004 3.98494 -14.528 
v -7.86004 3.98494 -14.528 
v -7.83444 4.08247 -14.4681 
v -7.93023 4.08247 -14.4367 
v -7.92503 4.19749 -14.4144 
v -7.93023 4.08247 -14.4367 
v -7.83444 4.08247 -14.4681 
v -7.83444 4.08247 -14.4681 
v -7.82544 4.19749 -14.447 
v -7.92503 4.19749 -14.4144 
v -7.92503 4.79575 -14.4144 
v -7.92503 4.19749 -14.4144 
v -7.82544 4.19749 -14.447 
v -7.82544 4.19749 -14.447 
v -7.82544 4.79575 -14.447 
v -7.92503 4.79575 -14.4144 
v -7.93023 4.91077 -14.4367 
v -7.92503 4.79575 -14.4144 
v -7.82544 4.79575 -14.447 
v -7.82544 4.79575 -14.447 
v -7.83444 4.91077 -14.4681 
v -7.93023 4.91077 -14.4367 
v -7.94503 5.00829 -14.5002 
v -7.93023 4.91077 -14.4367 
v -7.83444 4.91077 -14.4681 
v -7.83444 4.91077 -14.4681 
v -7.86004 5.00829 -14.528 
v -7.94503 5.00829 -14.5002 
v -7.96713 5.07345 -14.5952 
v -7.94503 5.00829 -14.5002 
v -7.86004 5.00829 -14.528 
v -7.86004 5.00829 -14.528 
v -7.89833 5.07345 -14.6177 
v -7.96713 5.07345 -14.5952 
v -7.99323 5.09633 -14.7072 
v -7.96713 5.07345 -14.5952 
v -7.89833 5.07345 -14.6177 
v -7.89833 5.07345 -14.6177 
v -7.94343 5.09633 -14.7235 
v -7.99323 5.09633 -14.7072 
v -7.89833 3.91979 -14.6177 
v -7.94343 3.89691 -14.7235 
v -7.89723 3.89691 -14.7482 
v -7.89723 3.89691 -14.7482 
v -7.83444 3.91979 -14.6518 
v -7.89833 3.91979 -14.6177 
v -7.86004 3.98494 -14.528 
v -7.89833 3.91979 -14.6177 
v -7.83444 3.91979 -14.6518 
v -7.83444 3.91979 -14.6518 
v -7.78114 3.98494 -14.5701 
v -7.86004 3.98494 -14.528 
v -7.83444 4.08247 -14.4681 
v -7.86004 3.98494 -14.528 
v -7.78114 3.98494 -14.5701 
v -7.78114 3.98494 -14.5701 
v -7.74554 4.08247 -14.5156 
v -7.83444 4.08247 -14.4681 
v -7.82544 4.19749 -14.447 
v -7.83444 4.08247 -14.4681 
v -7.74554 4.08247 -14.5156 
v -7.74554 4.08247 -14.5156 
v -7.73304 4.19749 -14.4964 
v -7.82544 4.19749 -14.447 
v -7.82544 4.79575 -14.447 
v -7.82544 4.19749 -14.447 
v -7.73304 4.19749 -14.4964 
v -7.73304 4.19749 -14.4964 
v -7.73304 4.79575 -14.4964 
v -7.82544 4.79575 -14.447 
v -7.83444 4.91077 -14.4681 
v -7.82544 4.79575 -14.447 
v -7.73304 4.79575 -14.4964 
v -7.73304 4.79575 -14.4964 
v -7.74554 4.91077 -14.5156 
v -7.83444 4.91077 -14.4681 
v -7.86004 5.00829 -14.528 
v -7.83444 4.91077 -14.4681 
v -7.74554 4.91077 -14.5156 
v -7.74554 4.91077 -14.5156 
v -7.78114 5.00829 -14.5701 
v -7.86004 5.00829 -14.528 
v -7.89833 5.07345 -14.6177 
v -7.86004 5.00829 -14.528 
v -7.78114 5.00829 -14.5701 
v -7.78114 5.00829 -14.5701 
v -7.83444 5.07345 -14.6518 
v -7.89833 5.07345 -14.6177 
v -7.94343 5.09633 -14.7235 
v -7.89833 5.07345 -14.6177 
v -7.83444 5.07345 -14.6518 
v -7.83444 5.07345 -14.6518 
v -7.89723 5.09633 -14.7482 
v -7.94343 5.09633 -14.7235 
v -7.83444 3.91979 -14.6518 
v -7.89723 3.89691 -14.7482 
v -7.85604 3.89691 -14.7805 
v -7.85604 3.89691 -14.7805 
v -7.77744 3.91979 -14.6965 
v -7.83444 3.91979 -14.6518 
v -7.78114 3.98494 -14.5701 
v -7.83444 3.91979 -14.6518 
v -7.77744 3.91979 -14.6965 
v -7.77744 3.91979 -14.6965 
v -7.71075 3.98494 -14.6254 
v -7.78114 3.98494 -14.5701 
v -7.74554 4.08247 -14.5156 
v -7.78114 3.98494 -14.5701 
v -7.71075 3.98494 -14.6254 
v -7.71075 3.98494 -14.6254 
v -7.66625 4.08247 -14.5778 
v -7.74554 4.08247 -14.5156 
v -7.73304 4.19749 -14.4964 
v -7.74554 4.08247 -14.5156 
v -7.66625 4.08247 -14.5778 
v -7.66625 4.08247 -14.5778 
v -7.65055 4.19749 -14.5611 
v -7.73304 4.19749 -14.4964 
v -7.73304 4.79575 -14.4964 
v -7.73304 4.19749 -14.4964 
v -7.65055 4.19749 -14.5611 
v -7.65055 4.19749 -14.5611 
v -7.65055 4.79575 -14.5611 
v -7.73304 4.79575 -14.4964 
v -7.74554 4.91077 -14.5156 
v -7.73304 4.79575 -14.4964 
v -7.65055 4.79575 -14.5611 
v -7.65055 4.79575 -14.5611 
v -7.66625 4.91077 -14.5778 
v -7.74554 4.91077 -14.5156 
v -7.78114 5.00829 -14.5701 
v -7.74554 4.91077 -14.5156 
v -7.66625 4.91077 -14.5778 
v -7.66625 4.91077 -14.5778 
v -7.71075 5.00829 -14.6254 
v -7.78114 5.00829 -14.5701 
v -7.83444 5.07345 -14.6518 
v -7.78114 5.00829 -14.5701 
v -7.71075 5.00829 -14.6254 
v -7.71075 5.00829 -14.6254 
v -7.77744 5.07345 -14.6965 
v -7.83444 5.07345 -14.6518 
v -7.89723 5.09633 -14.7482 
v -7.83444 5.07345 -14.6518 
v -7.77744 5.07345 -14.6965 
v -7.77744 5.07345 -14.6965 
v -7.85604 5.09633 -14.7805 
v -7.89723 5.09633 -14.7482 
v -8.06142 5.09633 -14.9999 
v -7.85604 5.09633 -14.7805 
v -7.83044 5.09633 -14.8077 
v -8.06142 5.09633 -14.9999 
v -7.83044 5.09633 -14.8077 
v -7.80364 5.09633 -14.8454 
v -8.06142 5.09633 -14.9999 
v -7.80364 5.09633 -14.8454 
v -7.77954 5.09633 -14.8955 
v -8.06142 5.09633 -14.9999 
v -7.77954 5.09633 -14.8955 
v -7.76394 5.09633 -14.9569 
v -8.06142 5.09633 -14.9999 
v -7.76394 5.09633 -14.9569 
v -7.76174 5.09633 -15.0233 
v -8.06142 5.09633 -14.9999 
v -7.76174 5.09633 -15.0233 
v -7.77334 5.09633 -15.0856 
v -8.06142 5.09633 -14.9999 
v -7.77334 5.09633 -15.0856 
v -7.79404 5.09633 -15.1372 
v -8.06142 5.09633 -14.9999 
v -7.79404 5.09633 -15.1372 
v -7.81824 5.09633 -15.1766 
v -8.06142 5.09633 -14.9999 
v -7.81824 5.09633 -15.1766 
v -7.84204 5.09633 -15.2054 
v -8.06142 5.09633 -14.9999 
v -7.84204 5.09633 -15.2054 
v -7.86924 5.09633 -15.231 
v -8.06142 5.09633 -14.9999 
v -7.86924 5.09633 -15.231 
v -7.90693 5.09633 -15.2578 
v -8.06142 5.09633 -14.9999 
v -7.90693 5.09633 -15.2578 
v -7.95703 5.09633 -15.2818 
v -8.06142 5.09633 -14.9999 
v -7.95703 5.09633 -15.2818 
v -8.01842 5.09633 -15.2974 
v -8.06142 5.09633 -14.9999 
v -8.01842 5.09633 -15.2974 
v -8.08482 5.09633 -15.2996 
v -8.06142 5.09633 -14.9999 
v -8.08482 5.09633 -15.2996 
v -8.14712 5.09633 -15.2881 
v -8.06142 5.09633 -14.9999 
v -8.14712 5.09633 -15.2881 
v -8.19871 5.09633 -15.2674 
v -8.06142 5.09633 -14.9999 
v -8.19871 5.09633 -15.2674 
v -8.23811 5.09633 -15.2432 
v -8.06142 5.09633 -14.9999 
v -8.23811 5.09633 -15.2432 
v -8.26691 5.09633 -15.2194 
v -8.06142 5.09633 -14.9999 
v -8.26691 5.09633 -15.2194 
v -8.29251 5.09633 -15.1922 
v -8.06142 5.09633 -14.9999 
v -8.29251 5.09633 -15.1922 
v -8.31931 5.09633 -15.1545 
v -8.06142 5.09633 -14.9999 
v -8.31931 5.09633 -15.1545 
v -8.3433 5.09633 -15.1043 
v -8.06142 5.09633 -14.9999 
v -8.3433 5.09633 -15.1043 
v -8.3589 5.09633 -15.043 
v -8.06142 5.09633 -14.9999 
v -8.3589 5.09633 -15.043 
v -8.3611 5.09633 -14.9766 
v -8.06142 5.09633 -14.9999 
v -8.3611 5.09633 -14.9766 
v -8.3496 5.09633 -14.9143 
v -8.06142 5.09633 -14.9999 
v -8.3496 5.09633 -14.9143 
v -8.32891 5.09633 -14.8627 
v -8.06142 5.09633 -14.9999 
v -8.32891 5.09633 -14.8627 
v -8.30471 5.09633 -14.8233 
v -8.06142 5.09633 -14.9999 
v -8.30471 5.09633 -14.8233 
v -8.28091 5.09633 -14.7945 
v -8.06142 5.09633 -14.9999 
v -8.28091 5.09633 -14.7945 
v -8.24191 5.09633 -14.7595 
v -8.06142 5.09633 -14.9999 
v -8.24191 5.09633 -14.7595 
v -8.19741 5.09633 -14.7318 
v -8.06142 5.09633 -14.9999 
v -8.19741 5.09633 -14.7318 
v -8.14882 5.09633 -14.7123 
v -8.06142 5.09633 -14.9999 
v -8.14882 5.09633 -14.7123 
v -8.09752 5.09633 -14.7015 
v -8.06142 5.09633 -14.9999 
v -8.09752 5.09633 -14.7015 
v -8.04512 5.09633 -14.6998 
v -8.06142 5.09633 -14.9999 
v -8.04512 5.09633 -14.6998 
v -7.99323 5.09633 -14.7072 
v -8.06142 5.09633 -14.9999 
v -7.99323 5.09633 -14.7072 
v -7.94343 5.09633 -14.7235 
v -8.06142 5.09633 -14.9999 
v -7.94343 5.09633 -14.7235 
v -7.89723 5.09633 -14.7482 
v -8.06142 5.09633 -14.9999 
v -7.89723 5.09633 -14.7482 
v -7.85604 5.09633 -14.7805 
v -8.3455 3.91979 -15.3033 
v -8.26691 3.89691 -15.2194 
v -8.30191 3.89691 -15.1804 
v -8.30191 3.89691 -15.1804 
v -8.3939 3.91979 -15.2494 
v -8.3455 3.91979 -15.3033 
v -8.4121 3.98494 -15.3745 
v -8.3455 3.91979 -15.3033 
v -8.3939 3.91979 -15.2494 
v -8.3939 3.91979 -15.2494 
v -8.4719 3.98494 -15.3079 
v -8.4121 3.98494 -15.3745 
v -8.4567 4.08247 -15.4221 
v -8.4121 3.98494 -15.3745 
v -8.4719 3.98494 -15.3079 
v -8.4719 3.98494 -15.3079 
v -8.52399 4.08247 -15.3471 
v -8.4567 4.08247 -15.4221 
v -8.4723 4.19749 -15.4388 
v -8.4567 4.08247 -15.4221 
v -8.52399 4.08247 -15.3471 
v -8.52399 4.08247 -15.3471 
v -8.54229 4.19749 -15.3608 
v -8.4723 4.19749 -15.4388 
v -8.4723 4.79575 -15.4388 
v -8.4723 4.19749 -15.4388 
v -8.54229 4.19749 -15.3608 
v -8.54229 4.19749 -15.3608 
v -8.54229 4.79575 -15.3608 
v -8.4723 4.79575 -15.4388 
v -8.4567 4.91077 -15.4221 
v -8.4723 4.79575 -15.4388 
v -8.54229 4.79575 -15.3608 
v -8.54229 4.79575 -15.3608 
v -8.52399 4.91077 -15.3471 
v -8.4567 4.91077 -15.4221 
v -8.4122 5.00829 -15.3745 
v -8.4567 4.91077 -15.4221 
v -8.52399 4.91077 -15.3471 
v -8.52399 4.91077 -15.3471 
v -8.4719 5.00829 -15.3079 
v -8.4122 5.00829 -15.3745 
v -8.3455 5.07345 -15.3033 
v -8.4122 5.00829 -15.3745 
v -8.4719 5.00829 -15.3079 
v -8.4719 5.00829 -15.3079 
v -8.3939 5.07345 -15.2494 
v -8.3455 5.07345 -15.3033 
v -8.26691 5.09633 -15.2194 
v -8.3455 5.07345 -15.3033 
v -8.3939 5.07345 -15.2494 
v -8.3939 5.07345 -15.2494 
v -8.29251 5.09633 -15.1922 
v -8.26691 5.09633 -15.2194 
v -8.3939 3.91979 -15.2494 
v -8.30191 3.89691 -15.1804 
v -8.3295 3.89691 -15.1359 
v -8.3295 3.89691 -15.1359 
v -8.4321 3.91979 -15.1879 
v -8.3939 3.91979 -15.2494 
v -8.4719 3.98494 -15.3079 
v -8.3939 3.91979 -15.2494 
v -8.4321 3.91979 -15.1879 
v -8.4321 3.91979 -15.1879 
v -8.51909 3.98494 -15.232 
v -8.4719 3.98494 -15.3079 
v -8.52399 4.08247 -15.3471 
v -8.4719 3.98494 -15.3079 
v -8.51909 3.98494 -15.232 
v -8.51909 3.98494 -15.232 
v -8.57719 4.08247 -15.2615 
v -8.52399 4.08247 -15.3471 
v -8.54229 4.19749 -15.3608 
v -8.52399 4.08247 -15.3471 
v -8.57719 4.08247 -15.2615 
v -8.57719 4.08247 -15.2615 
v -8.59769 4.19749 -15.2718 
v -8.54229 4.19749 -15.3608 
v -8.54229 4.79575 -15.3608 
v -8.54229 4.19749 -15.3608 
v -8.59769 4.19749 -15.2718 
v -8.59769 4.19749 -15.2718 
v -8.59769 4.79575 -15.2718 
v -8.54229 4.79575 -15.3608 
v -8.52399 4.91077 -15.3471 
v -8.54229 4.79575 -15.3608 
v -8.59769 4.79575 -15.2718 
v -8.59769 4.79575 -15.2718 
v -8.57719 4.91077 -15.2615 
v -8.52399 4.91077 -15.3471 
v -8.4719 5.00829 -15.3079 
v -8.52399 4.91077 -15.3471 
v -8.57719 4.91077 -15.2615 
v -8.57719 4.91077 -15.2615 
v -8.51909 5.00829 -15.232 
v -8.4719 5.00829 -15.3079 
v -8.3939 5.07345 -15.2494 
v -8.4719 5.00829 -15.3079 
v -8.51909 5.00829 -15.232 
v -8.51909 5.00829 -15.232 
v -8.4321 5.07345 -15.1879 
v -8.3939 5.07345 -15.2494 
v -8.29251 5.09633 -15.1922 
v -8.3939 5.07345 -15.2494 
v -8.4321 5.07345 -15.1879 
v -8.4321 5.07345 -15.1879 
v -8.31931 5.09633 -15.1545 
v -8.29251 5.09633 -15.1922 
v -8.4321 3.91979 -15.1879 
v -8.3295 3.89691 -15.1359 
v -8.3491 3.89691 -15.0873 
v -8.3491 3.89691 -15.0873 
v -8.4592 3.91979 -15.1207 
v -8.4321 3.91979 -15.1879 
v -8.51909 3.98494 -15.232 
v -8.4321 3.91979 -15.1879 
v -8.4592 3.91979 -15.1207 
v -8.4592 3.91979 -15.1207 
v -8.55249 3.98494 -15.149 
v -8.51909 3.98494 -15.232 
v -8.57719 4.08247 -15.2615 
v -8.51909 3.98494 -15.232 
v -8.55249 3.98494 -15.149 
v -8.55249 3.98494 -15.149 
v -8.61479 4.08247 -15.1679 
v -8.57719 4.08247 -15.2615 
v -8.59769 4.19749 -15.2718 
v -8.57719 4.08247 -15.2615 
v -8.61479 4.08247 -15.1679 
v -8.61479 4.08247 -15.1679 
v -8.63669 4.19749 -15.1746 
v -8.59769 4.19749 -15.2718 
v -8.59769 4.79575 -15.2718 
v -8.59769 4.19749 -15.2718 
v -8.63669 4.19749 -15.1746 
v -8.63669 4.19749 -15.1746 
v -8.63669 4.79575 -15.1746 
v -8.59769 4.79575 -15.2718 
v -8.57719 4.91077 -15.2615 
v -8.59769 4.79575 -15.2718 
v -8.63669 4.79575 -15.1746 
v -8.63669 4.79575 -15.1746 
v -8.61479 4.91077 -15.1679 
v -8.57719 4.91077 -15.2615 
v -8.51909 5.00829 -15.232 
v -8.57719 4.91077 -15.2615 
v -8.61479 4.91077 -15.1679 
v -8.61479 4.91077 -15.1679 
v -8.55249 5.00829 -15.149 
v -8.51909 5.00829 -15.232 
v -8.4321 5.07345 -15.1879 
v -8.51909 5.00829 -15.232 
v -8.55249 5.00829 -15.149 
v -8.55249 5.00829 -15.149 
v -8.4592 5.07345 -15.1207 
v -8.4321 5.07345 -15.1879 
v -8.31931 5.09633 -15.1545 
v -8.4321 5.07345 -15.1879 
v -8.4592 5.07345 -15.1207 
v -8.4592 5.07345 -15.1207 
v -8.3433 5.09633 -15.1043 
v -8.31931 5.09633 -15.1545 
v -8.4592 3.91979 -15.1207 
v -8.3491 3.89691 -15.0873 
v -8.3599 3.89691 -15.036 
v -8.3599 3.89691 -15.036 
v -8.4741 3.91979 -15.0498 
v -8.4592 3.91979 -15.1207 
v -8.55249 3.98494 -15.149 
v -8.4592 3.91979 -15.1207 
v -8.4741 3.91979 -15.0498 
v -8.4741 3.91979 -15.0498 
v -8.57089 3.98494 -15.0615 
v -8.55249 3.98494 -15.149 
v -8.61479 4.08247 -15.1679 
v -8.55249 3.98494 -15.149 
v -8.57089 3.98494 -15.0615 
v -8.57089 3.98494 -15.0615 
v -8.63559 4.08247 -15.0693 
v -8.61479 4.08247 -15.1679 
v -8.63669 4.19749 -15.1746 
v -8.61479 4.08247 -15.1679 
v -8.63559 4.08247 -15.0693 
v -8.63559 4.08247 -15.0693 
v -8.65828 4.19749 -15.072 
v -8.63669 4.19749 -15.1746 
v -8.63669 4.79575 -15.1746 
v -8.63669 4.19749 -15.1746 
v -8.65828 4.19749 -15.072 
v -8.65828 4.19749 -15.072 
v -8.65828 4.79575 -15.072 
v -8.63669 4.79575 -15.1746 
v -8.61479 4.91077 -15.1679 
v -8.63669 4.79575 -15.1746 
v -8.65828 4.79575 -15.072 
v -8.65828 4.79575 -15.072 
v -8.63559 4.91077 -15.0693 
v -8.61479 4.91077 -15.1679 
v -8.55249 5.00829 -15.149 
v -8.61479 4.91077 -15.1679 
v -8.63559 4.91077 -15.0693 
v -8.63559 4.91077 -15.0693 
v -8.57089 5.00829 -15.0615 
v -8.55249 5.00829 -15.149 
v -8.4592 5.07345 -15.1207 
v -8.55249 5.00829 -15.149 
v -8.57089 5.00829 -15.0615 
v -8.57089 5.00829 -15.0615 
v -8.4741 5.07345 -15.0498 
v -8.4592 5.07345 -15.1207 
v -8.3433 5.09633 -15.1043 
v -8.4592 5.07345 -15.1207 
v -8.4741 5.07345 -15.0498 
v -8.4741 5.07345 -15.0498 
v -8.3589 5.09633 -15.043 
v -8.3433 5.09633 -15.1043 
v -8.4741 3.91979 -15.0498 
v -8.3599 3.89691 -15.036 
v -8.3616 3.89691 -14.9836 
v -8.3616 3.89691 -14.9836 
v -8.4765 3.91979 -14.9774 
v -8.4741 3.91979 -15.0498 
v -8.57089 3.98494 -15.0615 
v -8.4741 3.91979 -15.0498 
v -8.4765 3.91979 -14.9774 
v -8.4765 3.91979 -14.9774 
v -8.57379 3.98494 -14.9721 
v -8.57089 3.98494 -15.0615 
v -8.63559 4.08247 -15.0693 
v -8.57089 3.98494 -15.0615 
v -8.57379 3.98494 -14.9721 
v -8.57379 3.98494 -14.9721 
v -8.63889 4.08247 -14.9685 
v -8.63559 4.08247 -15.0693 
v -8.65828 4.19749 -15.072 
v -8.63559 4.08247 -15.0693 
v -8.63889 4.08247 -14.9685 
v -8.63889 4.08247 -14.9685 
v -8.66178 4.19749 -14.9673 
v -8.65828 4.19749 -15.072 
v -8.65828 4.79575 -15.072 
v -8.65828 4.19749 -15.072 
v -8.66178 4.19749 -14.9673 
v -8.66178 4.19749 -14.9673 
v -8.66178 4.79575 -14.9673 
v -8.65828 4.79575 -15.072 
v -8.63559 4.91077 -15.0693 
v -8.65828 4.79575 -15.072 
v -8.66178 4.79575 -14.9673 
v -8.66178 4.79575 -14.9673 
v -8.63889 4.91077 -14.9685 
v -8.63559 4.91077 -15.0693 
v -8.57089 5.00829 -15.0615 
v -8.63559 4.91077 -15.0693 
v -8.63889 4.91077 -14.9685 
v -8.63889 4.91077 -14.9685 
v -8.57379 5.00829 -14.9721 
v -8.57089 5.00829 -15.0615 
v -8.4741 5.07345 -15.0498 
v -8.57089 5.00829 -15.0615 
v -8.57379 5.00829 -14.9721 
v -8.57379 5.00829 -14.9721 
v -8.4765 5.07345 -14.9774 
v -8.4741 5.07345 -15.0498 
v -8.3589 5.09633 -15.043 
v -8.4741 5.07345 -15.0498 
v -8.4765 5.07345 -14.9774 
v -8.4765 5.07345 -14.9774 
v -8.3611 5.09633 -14.9766 
v -8.3589 5.09633 -15.043 
v -8.4765 3.91979 -14.9774 
v -8.3616 3.89691 -14.9836 
v -8.3542 3.89691 -14.9318 
v -8.3542 3.89691 -14.9318 
v -8.4662 3.91979 -14.9057 
v -8.4765 3.91979 -14.9774 
v -8.57379 3.98494 -14.9721 
v -8.4765 3.91979 -14.9774 
v -8.4662 3.91979 -14.9057 
v -8.4662 3.91979 -14.9057 
v -8.56119 3.98494 -14.8835 
v -8.57379 3.98494 -14.9721 
v -8.63889 4.08247 -14.9685 
v -8.57379 3.98494 -14.9721 
v -8.56119 3.98494 -14.8835 
v -8.56119 3.98494 -14.8835 
v -8.62469 4.08247 -14.8687 
v -8.63889 4.08247 -14.9685 
v -8.66178 4.19749 -14.9673 
v -8.63889 4.08247 -14.9685 
v -8.62469 4.08247 -14.8687 
v -8.62469 4.08247 -14.8687 
v -8.64698 4.19749 -14.8636 
v -8.66178 4.19749 -14.9673 
v -8.66178 4.79575 -14.9673 
v -8.66178 4.19749 -14.9673 
v -8.64698 4.19749 -14.8636 
v -8.64698 4.19749 -14.8636 
v -8.64698 4.79575 -14.8636 
v -8.66178 4.79575 -14.9673 
v -8.63889 4.91077 -14.9685 
v -8.66178 4.79575 -14.9673 
v -8.64698 4.79575 -14.8636 
v -8.64698 4.79575 -14.8636 
v -8.62469 4.91077 -14.8687 
v -8.63889 4.91077 -14.9685 
v -8.57379 5.00829 -14.9721 
v -8.63889 4.91077 -14.9685 
v -8.62469 4.91077 -14.8687 
v -8.62469 4.91077 -14.8687 
v -8.56119 5.00829 -14.8835 
v -8.57379 5.00829 -14.9721 
v -8.4765 5.07345 -14.9774 
v -8.57379 5.00829 -14.9721 
v -8.56119 5.00829 -14.8835 
v -8.56119 5.00829 -14.8835 
v -8.4662 5.07345 -14.9057 
v -8.4765 5.07345 -14.9774 
v -8.3611 5.09633 -14.9766 
v -8.4765 5.07345 -14.9774 
v -8.4662 5.07345 -14.9057 
v -8.4662 5.07345 -14.9057 
v -8.3496 5.09633 -14.9143 
v -8.3611 5.09633 -14.9766 
v -8.4662 3.91979 -14.9057 
v -8.3542 3.89691 -14.9318 
v -8.3379 3.89691 -14.8819 
v -8.3379 3.89691 -14.8819 
v -8.4437 3.91979 -14.8368 
v -8.4662 3.91979 -14.9057 
v -8.56119 3.98494 -14.8835 
v -8.4662 3.91979 -14.9057 
v -8.4437 3.91979 -14.8368 
v -8.4437 3.91979 -14.8368 
v -8.53339 3.98494 -14.7985 
v -8.56119 3.98494 -14.8835 
v -8.62469 4.08247 -14.8687 
v -8.56119 3.98494 -14.8835 
v -8.53339 3.98494 -14.7985 
v -8.53339 3.98494 -14.7985 
v -8.59329 4.08247 -14.7729 
v -8.62469 4.08247 -14.8687 
v -8.64698 4.19749 -14.8636 
v -8.62469 4.08247 -14.8687 
v -8.59329 4.08247 -14.7729 
v -8.59329 4.08247 -14.7729 
v -8.61439 4.19749 -14.764 
v -8.64698 4.19749 -14.8636 
v -8.64698 4.79575 -14.8636 
v -8.64698 4.19749 -14.8636 
v -8.61439 4.19749 -14.764 
v -8.61439 4.19749 -14.764 
v -8.61439 4.79575 -14.764 
v -8.64698 4.79575 -14.8636 
v -8.62469 4.91077 -14.8687 
v -8.64698 4.79575 -14.8636 
v -8.61439 4.79575 -14.764 
v -8.61439 4.79575 -14.764 
v -8.59329 4.91077 -14.7729 
v -8.62469 4.91077 -14.8687 
v -8.56119 5.00829 -14.8835 
v -8.62469 4.91077 -14.8687 
v -8.59329 4.91077 -14.7729 
v -8.59329 4.91077 -14.7729 
v -8.53339 5.00829 -14.7985 
v -8.56119 5.00829 -14.8835 
v -8.4662 5.07345 -14.9057 
v -8.56119 5.00829 -14.8835 
v -8.53339 5.00829 -14.7985 
v -8.53339 5.00829 -14.7985 
v -8.4437 5.07345 -14.8368 
v -8.4662 5.07345 -14.9057 
v -8.3496 5.09633 -14.9143 
v -8.4662 5.07345 -14.9057 
v -8.4437 5.07345 -14.8368 
v -8.4437 5.07345 -14.8368 
v -8.32891 5.09633 -14.8627 
v -8.3496 5.09633 -14.9143 
v -8.4437 3.91979 -14.8368 
v -8.3379 3.89691 -14.8819 
v -8.31321 3.89691 -14.8357 
v -8.31321 3.89691 -14.8357 
v -8.4096 3.91979 -14.7729 
v -8.4437 3.91979 -14.8368 
v -8.53339 3.98494 -14.7985 
v -8.4437 3.91979 -14.8368 
v -8.4096 3.91979 -14.7729 
v -8.4096 3.91979 -14.7729 
v -8.49129 3.98494 -14.7196 
v -8.53339 3.98494 -14.7985 
v -8.59329 4.08247 -14.7729 
v -8.53339 3.98494 -14.7985 
v -8.49129 3.98494 -14.7196 
v -8.49129 3.98494 -14.7196 
v -8.54579 4.08247 -14.684 
v -8.59329 4.08247 -14.7729 
v -8.61439 4.19749 -14.764 
v -8.59329 4.08247 -14.7729 
v -8.54579 4.08247 -14.684 
v -8.54579 4.08247 -14.684 
v -8.56499 4.19749 -14.6715 
v -8.61439 4.19749 -14.764 
v -8.61439 4.79575 -14.764 
v -8.61439 4.19749 -14.764 
v -8.56499 4.19749 -14.6715 
v -8.56499 4.19749 -14.6715 
v -8.56499 4.79575 -14.6715 
v -8.61439 4.79575 -14.764 
v -8.59329 4.91077 -14.7729 
v -8.61439 4.79575 -14.764 
v -8.56499 4.79575 -14.6715 
v -8.56499 4.79575 -14.6715 
v -8.54579 4.91077 -14.684 
v -8.59329 4.91077 -14.7729 
v -8.53339 5.00829 -14.7985 
v -8.59329 4.91077 -14.7729 
v -8.54579 4.91077 -14.684 
v -8.54579 4.91077 -14.684 
v -8.49129 5.00829 -14.7196 
v -8.53339 5.00829 -14.7985 
v -8.4437 5.07345 -14.8368 
v -8.53339 5.00829 -14.7985 
v -8.49129 5.00829 -14.7196 
v -8.49129 5.00829 -14.7196 
v -8.4096 5.07345 -14.7729 
v -8.4437 5.07345 -14.8368 
v -8.32891 5.09633 -14.8627 
v -8.4437 5.07345 -14.8368 
v -8.4096 5.07345 -14.7729 
v -8.4096 5.07345 -14.7729 
v -8.30471 5.09633 -14.8233 
v -8.32891 5.09633 -14.8627 
v -8.4096 3.91979 -14.7729 
v -8.31321 3.89691 -14.8357 
v -8.28091 3.89691 -14.7945 
v -8.28091 3.89691 -14.7945 
v -8.3649 3.91979 -14.7159 
v -8.4096 3.91979 -14.7729 
v -8.49129 3.98494 -14.7196 
v -8.4096 3.91979 -14.7729 
v -8.3649 3.91979 -14.7159 
v -8.3649 3.91979 -14.7159 
v -8.436 3.98494 -14.6493 
v -8.49129 3.98494 -14.7196 
v -8.54579 4.08247 -14.684 
v -8.49129 3.98494 -14.7196 
v -8.436 3.98494 -14.6493 
v -8.436 3.98494 -14.6493 
v -8.48359 4.08247 -14.6047 
v -8.54579 4.08247 -14.684 
v -8.56499 4.19749 -14.6715 
v -8.54579 4.08247 -14.684 
v -8.48359 4.08247 -14.6047 
v -8.48359 4.08247 -14.6047 
v -8.50029 4.19749 -14.5891 
v -8.56499 4.19749 -14.6715 
v -8.56499 4.79575 -14.6715 
v -8.56499 4.19749 -14.6715 
v -8.50029 4.19749 -14.5891 
v -8.50029 4.19749 -14.5891 
v -8.50029 4.79575 -14.5891 
v -8.56499 4.79575 -14.6715 
v -8.54579 4.91077 -14.684 
v -8.56499 4.79575 -14.6715 
v -8.50029 4.79575 -14.5891 
v -8.50029 4.79575 -14.5891 
v -8.48359 4.91077 -14.6047 
v -8.54579 4.91077 -14.684 
v -8.49129 5.00829 -14.7196 
v -8.54579 4.91077 -14.684 
v -8.48359 4.91077 -14.6047 
v -8.48359 4.91077 -14.6047 
v -8.4361 5.00829 -14.6493 
v -8.49129 5.00829 -14.7196 
v -8.4096 5.07345 -14.7729 
v -8.49129 5.00829 -14.7196 
v -8.4361 5.00829 -14.6493 
v -8.4361 5.00829 -14.6493 
v -8.3649 5.07345 -14.7159 
v -8.4096 5.07345 -14.7729 
v -8.30471 5.09633 -14.8233 
v -8.4096 5.07345 -14.7729 
v -8.3649 5.07345 -14.7159 
v -8.3649 5.07345 -14.7159 
v -8.28091 5.09633 -14.7945 
v -8.30471 5.09633 -14.8233 
v -7.75804 3.91979 -15.284 
v -7.84204 3.89691 -15.2054 
v -7.88103 3.89691 -15.2404 
v -7.88103 3.89691 -15.2404 
v -7.81194 3.91979 -15.3324 
v -7.75804 3.91979 -15.284 
v -7.68685 3.98494 -15.3506 
v -7.75804 3.91979 -15.284 
v -7.81194 3.91979 -15.3324 
v -7.81194 3.91979 -15.3324 
v -7.75344 3.98494 -15.4104 
v -7.68685 3.98494 -15.3506 
v -7.63925 4.08247 -15.3952 
v -7.68685 3.98494 -15.3506 
v -7.75344 3.98494 -15.4104 
v -7.75344 3.98494 -15.4104 
v -7.71435 4.08247 -15.4625 
v -7.63925 4.08247 -15.3952 
v -7.62255 4.1975 -15.4108 
v -7.63925 4.08247 -15.3952 
v -7.71435 4.08247 -15.4625 
v -7.71435 4.08247 -15.4625 
v -7.70065 4.1975 -15.4808 
v -7.62255 4.1975 -15.4108 
v -7.62255 4.79575 -15.4108 
v -7.62255 4.1975 -15.4108 
v -7.70065 4.1975 -15.4808 
v -7.70065 4.1975 -15.4808 
v -7.70065 4.79575 -15.4808 
v -7.62255 4.79575 -15.4108 
v -7.63925 4.91077 -15.3952 
v -7.62255 4.79575 -15.4108 
v -7.70065 4.79575 -15.4808 
v -7.70065 4.79575 -15.4808 
v -7.71435 4.91077 -15.4625 
v -7.63925 4.91077 -15.3952 
v -7.68685 5.00829 -15.3506 
v -7.63925 4.91077 -15.3952 
v -7.71435 4.91077 -15.4625 
v -7.71435 4.91077 -15.4625 
v -7.75344 5.00829 -15.4103 
v -7.68685 5.00829 -15.3506 
v -7.75804 5.07345 -15.284 
v -7.68685 5.00829 -15.3506 
v -7.75344 5.00829 -15.4103 
v -7.75344 5.00829 -15.4103 
v -7.81194 5.07345 -15.3324 
v -7.75804 5.07345 -15.284 
v -7.84204 5.09633 -15.2054 
v -7.75804 5.07345 -15.284 
v -7.81194 5.07345 -15.3324 
v -7.81194 5.07345 -15.3324 
v -7.86924 5.09633 -15.231 
v -7.84204 5.09633 -15.2054 
v -7.81194 3.91979 -15.3324 
v -7.88103 3.89691 -15.2404 
v -7.92553 3.89691 -15.268 
v -7.92553 3.89691 -15.268 
v -7.87353 3.91979 -15.3706 
v -7.81194 3.91979 -15.3324 
v -7.75344 3.98494 -15.4104 
v -7.81194 3.91979 -15.3324 
v -7.87353 3.91979 -15.3706 
v -7.87353 3.91979 -15.3706 
v -7.82944 3.98494 -15.4576 
v -7.75344 3.98494 -15.4104 
v -7.71435 4.08247 -15.4625 
v -7.75344 3.98494 -15.4104 
v -7.82944 3.98494 -15.4576 
v -7.82944 3.98494 -15.4576 
v -7.79994 4.08247 -15.5157 
v -7.71435 4.08247 -15.4625 
v -7.70065 4.1975 -15.4808 
v -7.71435 4.08247 -15.4625 
v -7.79994 4.08247 -15.5157 
v -7.79994 4.08247 -15.5157 
v -7.78954 4.1975 -15.5361 
v -7.70065 4.1975 -15.4808 
v -7.70065 4.79575 -15.4808 
v -7.70065 4.1975 -15.4808 
v -7.78954 4.1975 -15.5361 
v -7.78954 4.1975 -15.5361 
v -7.78954 4.79575 -15.5361 
v -7.70065 4.79575 -15.4808 
v -7.71435 4.91077 -15.4625 
v -7.70065 4.79575 -15.4808 
v -7.78954 4.79575 -15.5361 
v -7.78954 4.79575 -15.5361 
v -7.79994 4.91077 -15.5157 
v -7.71435 4.91077 -15.4625 
v -7.75344 5.00829 -15.4103 
v -7.71435 4.91077 -15.4625 
v -7.79994 4.91077 -15.5157 
v -7.79994 4.91077 -15.5157 
v -7.82944 5.00829 -15.4576 
v -7.75344 5.00829 -15.4103 
v -7.81194 5.07345 -15.3324 
v -7.75344 5.00829 -15.4103 
v -7.82944 5.00829 -15.4576 
v -7.82944 5.00829 -15.4576 
v -7.87353 5.07345 -15.3706 
v -7.81194 5.07345 -15.3324 
v -7.86924 5.09633 -15.231 
v -7.81194 5.07345 -15.3324 
v -7.87353 5.07345 -15.3706 
v -7.87353 5.07345 -15.3706 
v -7.90693 5.09633 -15.2577 
v -7.86924 5.09633 -15.231 
v -7.87353 3.91979 -15.3706 
v -7.92553 3.89691 -15.268 
v -7.97413 3.89691 -15.2876 
v -7.97413 3.89691 -15.2876 
v -7.94073 3.91979 -15.3976 
v -7.87353 3.91979 -15.3706 
v -7.82944 3.98494 -15.4576 
v -7.87353 3.91979 -15.3706 
v -7.94073 3.91979 -15.3976 
v -7.94073 3.91979 -15.3976 
v -7.91243 3.98494 -15.4909 
v -7.82944 3.98494 -15.4576 
v -7.79994 4.08247 -15.5157 
v -7.82944 3.98494 -15.4576 
v -7.91243 3.98494 -15.4909 
v -7.91243 3.98494 -15.4909 
v -7.89343 4.08247 -15.5533 
v -7.79994 4.08247 -15.5157 
v -7.78954 4.1975 -15.5361 
v -7.79994 4.08247 -15.5157 
v -7.89343 4.08247 -15.5533 
v -7.89343 4.08247 -15.5533 
v -7.88683 4.1975 -15.5752 
v -7.78954 4.1975 -15.5361 
v -7.78954 4.79575 -15.5361 
v -7.78954 4.1975 -15.5361 
v -7.88683 4.1975 -15.5752 
v -7.88683 4.1975 -15.5752 
v -7.88683 4.79575 -15.5752 
v -7.78954 4.79575 -15.5361 
v -7.79994 4.91077 -15.5157 
v -7.78954 4.79575 -15.5361 
v -7.88683 4.79575 -15.5752 
v -7.88683 4.79575 -15.5752 
v -7.89343 4.91077 -15.5533 
v -7.79994 4.91077 -15.5157 
v -7.82944 5.00829 -15.4576 
v -7.79994 4.91077 -15.5157 
v -7.89343 4.91077 -15.5533 
v -7.89343 4.91077 -15.5533 
v -7.91243 5.00829 -15.4909 
v -7.82944 5.00829 -15.4576 
v -7.87353 5.07345 -15.3706 
v -7.82944 5.00829 -15.4576 
v -7.91243 5.00829 -15.4909 
v -7.91243 5.00829 -15.4909 
v -7.94073 5.07345 -15.3976 
v -7.87353 5.07345 -15.3706 
v -7.90693 5.09633 -15.2577 
v -7.87353 5.07345 -15.3706 
v -7.94073 5.07345 -15.3976 
v -7.94073 5.07345 -15.3976 
v -7.95703 5.09633 -15.2818 
v -7.90693 5.09633 -15.2577 
v -7.94073 3.91979 -15.3976 
v -7.97413 3.89691 -15.2876 
v -8.02542 3.89691 -15.2984 
v -8.02542 3.89691 -15.2984 
v -8.01163 3.91979 -15.4126 
v -7.94073 3.91979 -15.3976 
v -7.91243 3.98494 -15.4909 
v -7.94073 3.91979 -15.3976 
v -8.01163 3.91979 -15.4126 
v -8.01163 3.91979 -15.4126 
v -7.99993 3.98494 -15.5094 
v -7.91243 3.98494 -15.4909 
v -7.89343 4.08247 -15.5533 
v -7.91243 3.98494 -15.4909 
v -7.99993 3.98494 -15.5094 
v -7.99993 3.98494 -15.5094 
v -7.99213 4.08247 -15.5741 
v -7.89343 4.08247 -15.5533 
v -7.88683 4.1975 -15.5752 
v -7.89343 4.08247 -15.5533 
v -7.99213 4.08247 -15.5741 
v -7.99213 4.08247 -15.5741 
v -7.98933 4.1975 -15.5968 
v -7.88683 4.1975 -15.5752 
v -7.88683 4.79575 -15.5752 
v -7.88683 4.1975 -15.5752 
v -7.98933 4.1975 -15.5968 
v -7.98933 4.1975 -15.5968 
v -7.98933 4.79575 -15.5968 
v -7.88683 4.79575 -15.5752 
v -7.89343 4.91077 -15.5533 
v -7.88683 4.79575 -15.5752 
v -7.98933 4.79575 -15.5968 
v -7.98933 4.79575 -15.5968 
v -7.99213 4.91077 -15.5741 
v -7.89343 4.91077 -15.5533 
v -7.91243 5.00829 -15.4909 
v -7.89343 4.91077 -15.5533 
v -7.99213 4.91077 -15.5741 
v -7.99213 4.91077 -15.5741 
v -7.99993 5.00829 -15.5094 
v -7.91243 5.00829 -15.4909 
v -7.94073 5.07345 -15.3976 
v -7.91243 5.00829 -15.4909 
v -7.99993 5.00829 -15.5094 
v -7.99993 5.00829 -15.5094 
v -8.01163 5.07345 -15.4126 
v -7.94073 5.07345 -15.3976 
v -7.95703 5.09633 -15.2818 
v -7.94073 5.07345 -15.3976 
v -8.01163 5.07345 -15.4126 
v -8.01163 5.07345 -15.4126 
v -8.01842 5.09633 -15.2974 
v -7.95703 5.09633 -15.2818 
v -8.01163 3.91979 -15.4126 
v -8.02542 3.89691 -15.2984 
v -8.07782 3.89691 -15.3001 
v -8.07782 3.89691 -15.3001 
v -8.08402 3.91979 -15.4149 
v -8.01163 3.91979 -15.4126 
v -7.99993 3.98494 -15.5094 
v -8.01163 3.91979 -15.4126 
v -8.08402 3.91979 -15.4149 
v -8.08402 3.91979 -15.4149 
v -8.08932 3.98494 -15.5123 
v -7.99993 3.98494 -15.5094 
v -7.99213 4.08247 -15.5741 
v -7.99993 3.98494 -15.5094 
v -8.08932 3.98494 -15.5123 
v -8.08932 3.98494 -15.5123 
v -8.09282 4.08247 -15.5774 
v -7.99213 4.08247 -15.5741 
v -7.98933 4.1975 -15.5968 
v -7.99213 4.08247 -15.5741 
v -8.09282 4.08247 -15.5774 
v -8.09282 4.08247 -15.5774 
v -8.09412 4.1975 -15.6002 
v -7.98933 4.1975 -15.5968 
v -7.98933 4.79575 -15.5968 
v -7.98933 4.1975 -15.5968 
v -8.09412 4.1975 -15.6002 
v -8.09412 4.1975 -15.6002 
v -8.09412 4.79575 -15.6002 
v -7.98933 4.79575 -15.5968 
v -7.99213 4.91077 -15.5741 
v -7.98933 4.79575 -15.5968 
v -8.09412 4.79575 -15.6002 
v -8.09412 4.79575 -15.6002 
v -8.09282 4.91077 -15.5774 
v -7.99213 4.91077 -15.5741 
v -7.99993 5.00829 -15.5094 
v -7.99213 4.91077 -15.5741 
v -8.09282 4.91077 -15.5774 
v -8.09282 4.91077 -15.5774 
v -8.08932 5.00829 -15.5123 
v -7.99993 5.00829 -15.5094 
v -8.01163 5.07345 -15.4126 
v -7.99993 5.00829 -15.5094 
v -8.08932 5.00829 -15.5123 
v -8.08932 5.00829 -15.5123 
v -8.08402 5.07345 -15.4149 
v -8.01163 5.07345 -15.4126 
v -8.01842 5.09633 -15.2974 
v -8.01163 5.07345 -15.4126 
v -8.08402 5.07345 -15.4149 
v -8.08402 5.07345 -15.4149 
v -8.08482 5.09633 -15.2996 
v -8.01842 5.09633 -15.2974 
v -8.08402 3.91979 -15.4149 
v -8.07782 3.89691 -15.3001 
v -8.12962 3.89691 -15.2927 
v -8.12962 3.89691 -15.2927 
v -8.15572 3.91979 -15.4047 
v -8.08402 3.91979 -15.4149 
v -8.08932 3.98494 -15.5123 
v -8.08402 3.91979 -15.4149 
v -8.15572 3.91979 -15.4047 
v -8.15572 3.91979 -15.4047 
v -8.17791 3.98494 -15.4997 
v -8.08932 3.98494 -15.5123 
v -8.09282 4.08247 -15.5774 
v -8.08932 3.98494 -15.5123 
v -8.17791 3.98494 -15.4997 
v -8.17791 3.98494 -15.4997 
v -8.19261 4.08247 -15.5632 
v -8.09282 4.08247 -15.5774 
v -8.09412 4.1975 -15.6002 
v -8.09282 4.08247 -15.5774 
v -8.19261 4.08247 -15.5632 
v -8.19261 4.08247 -15.5632 
v -8.19781 4.1975 -15.5854 
v -8.09412 4.1975 -15.6002 
v -8.09412 4.79575 -15.6002 
v -8.09412 4.1975 -15.6002 
v -8.19781 4.1975 -15.5854 
v -8.19781 4.1975 -15.5854 
v -8.19781 4.79575 -15.5854 
v -8.09412 4.79575 -15.6002 
v -8.09282 4.91077 -15.5774 
v -8.09412 4.79575 -15.6002 
v -8.19781 4.79575 -15.5854 
v -8.19781 4.79575 -15.5854 
v -8.19261 4.91077 -15.5632 
v -8.09282 4.91077 -15.5774 
v -8.08932 5.00829 -15.5123 
v -8.09282 4.91077 -15.5774 
v -8.19261 4.91077 -15.5632 
v -8.19261 4.91077 -15.5632 
v -8.17791 5.00829 -15.4997 
v -8.08932 5.00829 -15.5123 
v -8.08402 5.07345 -15.4149 
v -8.08932 5.00829 -15.5123 
v -8.17791 5.00829 -15.4997 
v -8.17791 5.00829 -15.4997 
v -8.15572 5.07345 -15.4047 
v -8.08402 5.07345 -15.4149 
v -8.08482 5.09633 -15.2996 
v -8.08402 5.07345 -15.4149 
v -8.15572 5.07345 -15.4047 
v -8.15572 5.07345 -15.4047 
v -8.14712 5.09633 -15.2881 
v -8.08482 5.09633 -15.2996 
v -8.15572 3.91979 -15.4047 
v -8.12962 3.89691 -15.2927 
v -8.17941 3.89691 -15.2764 
v -8.17941 3.89691 -15.2764 
v -8.22461 3.91979 -15.3822 
v -8.15572 3.91979 -15.4047 
v -8.17791 3.98494 -15.4997 
v -8.15572 3.91979 -15.4047 
v -8.22461 3.91979 -15.3822 
v -8.22461 3.91979 -15.3822 
v -8.26291 3.98494 -15.4719 
v -8.17791 3.98494 -15.4997 
v -8.19261 4.08247 -15.5632 
v -8.17791 3.98494 -15.4997 
v -8.26291 3.98494 -15.4719 
v -8.26291 3.98494 -15.4719 
v -8.28851 4.08247 -15.5318 
v -8.19261 4.08247 -15.5632 
v -8.19781 4.1975 -15.5854 
v -8.19261 4.08247 -15.5632 
v -8.28851 4.08247 -15.5318 
v -8.28851 4.08247 -15.5318 
v -8.29741 4.19749 -15.5529 
v -8.19781 4.1975 -15.5854 
v -8.19781 4.79575 -15.5854 
v -8.19781 4.1975 -15.5854 
v -8.29741 4.19749 -15.5529 
v -8.29741 4.19749 -15.5529 
v -8.29741 4.79575 -15.5529 
v -8.19781 4.79575 -15.5854 
v -8.19261 4.91077 -15.5632 
v -8.19781 4.79575 -15.5854 
v -8.29741 4.79575 -15.5529 
v -8.29741 4.79575 -15.5529 
v -8.28851 4.91077 -15.5318 
v -8.19261 4.91077 -15.5632 
v -8.17791 5.00829 -15.4997 
v -8.19261 4.91077 -15.5632 
v -8.28851 4.91077 -15.5318 
v -8.28851 4.91077 -15.5318 
v -8.26291 5.00829 -15.4719 
v -8.17791 5.00829 -15.4997 
v -8.15572 5.07345 -15.4047 
v -8.17791 5.00829 -15.4997 
v -8.26291 5.00829 -15.4719 
v -8.26291 5.00829 -15.4719 
v -8.22461 5.07345 -15.3822 
v -8.15572 5.07345 -15.4047 
v -8.14712 5.09633 -15.2881 
v -8.15572 5.07345 -15.4047 
v -8.22461 5.07345 -15.3822 
v -8.22461 5.07345 -15.3822 
v -8.19871 5.09633 -15.2674 
v -8.14712 5.09633 -15.2881 
v -8.22461 3.91979 -15.3822 
v -8.17941 3.89691 -15.2764 
v -8.22561 3.89691 -15.2517 
v -8.22561 3.89691 -15.2517 
v -8.28851 3.91979 -15.3481 
v -8.22461 3.91979 -15.3822 
v -8.26291 3.98494 -15.4719 
v -8.22461 3.91979 -15.3822 
v -8.28851 3.91979 -15.3481 
v -8.28851 3.91979 -15.3481 
v -8.3418 3.98494 -15.4297 
v -8.26291 3.98494 -15.4719 
v -8.28851 4.08247 -15.5318 
v -8.26291 3.98494 -15.4719 
v -8.3418 3.98494 -15.4297 
v -8.3418 3.98494 -15.4297 
v -8.3774 4.08247 -15.4843 
v -8.28851 4.08247 -15.5318 
v -8.29741 4.19749 -15.5529 
v -8.28851 4.08247 -15.5318 
v -8.3774 4.08247 -15.4843 
v -8.3774 4.08247 -15.4843 
v -8.3899 4.19749 -15.5035 
v -8.29741 4.19749 -15.5529 
v -8.29741 4.79575 -15.5529 
v -8.29741 4.19749 -15.5529 
v -8.3899 4.19749 -15.5035 
v -8.3899 4.19749 -15.5035 
v -8.3899 4.79575 -15.5035 
v -8.29741 4.79575 -15.5529 
v -8.28851 4.91077 -15.5318 
v -8.29741 4.79575 -15.5529 
v -8.3899 4.79575 -15.5035 
v -8.3899 4.79575 -15.5035 
v -8.3774 4.91077 -15.4843 
v -8.28851 4.91077 -15.5318 
v -8.26291 5.00829 -15.4719 
v -8.28851 4.91077 -15.5318 
v -8.3774 4.91077 -15.4843 
v -8.3774 4.91077 -15.4843 
v -8.3418 5.00829 -15.4297 
v -8.26291 5.00829 -15.4719 
v -8.22461 5.07345 -15.3822 
v -8.26291 5.00829 -15.4719 
v -8.3418 5.00829 -15.4297 
v -8.3418 5.00829 -15.4297 
v -8.28851 5.07345 -15.3481 
v -8.22461 5.07345 -15.3822 
v -8.19871 5.09633 -15.2674 
v -8.22461 5.07345 -15.3822 
v -8.28851 5.07345 -15.3481 
v -8.28851 5.07345 -15.3481 
v -8.23811 5.09633 -15.2432 
v -8.19871 5.09633 -15.2674 
v -8.28851 3.91979 -15.3481 
v -8.22561 3.89691 -15.2517 
v -8.26691 3.89691 -15.2194 
v -8.26691 3.89691 -15.2194 
v -8.3455 3.91979 -15.3033 
v -8.28851 3.91979 -15.3481 
v -8.3418 3.98494 -15.4297 
v -8.28851 3.91979 -15.3481 
v -8.3455 3.91979 -15.3033 
v -8.3455 3.91979 -15.3033 
v -8.4121 3.98494 -15.3745 
v -8.3418 3.98494 -15.4297 
v -8.3774 4.08247 -15.4843 
v -8.3418 3.98494 -15.4297 
v -8.4121 3.98494 -15.3745 
v -8.4121 3.98494 -15.3745 
v -8.4567 4.08247 -15.4221 
v -8.3774 4.08247 -15.4843 
v -8.3899 4.19749 -15.5035 
v -8.3774 4.08247 -15.4843 
v -8.4567 4.08247 -15.4221 
v -8.4567 4.08247 -15.4221 
v -8.4723 4.19749 -15.4388 
v -8.3899 4.19749 -15.5035 
v -8.3899 4.79575 -15.5035 
v -8.3899 4.19749 -15.5035 
v -8.4723 4.19749 -15.4388 
v -8.4723 4.19749 -15.4388 
v -8.4723 4.79575 -15.4388 
v -8.3899 4.79575 -15.5035 
v -8.3774 4.91077 -15.4843 
v -8.3899 4.79575 -15.5035 
v -8.4723 4.79575 -15.4388 
v -8.4723 4.79575 -15.4388 
v -8.4567 4.91077 -15.4221 
v -8.3774 4.91077 -15.4843 
v -8.3418 5.00829 -15.4297 
v -8.3774 4.91077 -15.4843 
v -8.4567 4.91077 -15.4221 
v -8.4567 4.91077 -15.4221 
v -8.4122 5.00829 -15.3745 
v -8.3418 5.00829 -15.4297 
v -8.28851 5.07345 -15.3481 
v -8.3418 5.00829 -15.4297 
v -8.4122 5.00829 -15.3745 
v -8.4122 5.00829 -15.3745 
v -8.3455 5.07345 -15.3033 
v -8.28851 5.07345 -15.3481 
v -8.23811 5.09633 -15.2432 
v -8.28851 5.07345 -15.3481 
v -8.3455 5.07345 -15.3033 
v -8.3455 5.07345 -15.3033 
v -8.26691 5.09633 -15.2194 
v -8.23811 5.09633 -15.2432 
v -7.88103 3.89554 -15.2404 
v -7.84204 3.89554 -15.2054 
v -7.81824 3.89554 -15.1766 
v -7.81824 3.89554 -15.1766 
v -7.89083 3.89554 -15.1597 
v -7.88103 3.89554 -15.2404 
v -7.92553 3.89554 -15.268 
v -7.88103 3.89554 -15.2404 
v -7.89083 3.89554 -15.1597 
v -7.89083 3.89554 -15.1597 
v -7.91933 3.89554 -15.1856 
v -7.92553 3.89554 -15.268 
v -7.97413 3.89554 -15.2876 
v -7.92553 3.89554 -15.268 
v -7.91933 3.89554 -15.1856 
v -7.91933 3.89554 -15.1856 
v -7.96233 3.89554 -15.2117 
v -7.97413 3.89554 -15.2876 
v -8.02542 3.89554 -15.2984 
v -7.97413 3.89554 -15.2876 
v -7.96233 3.89554 -15.2117 
v -7.96233 3.89554 -15.2117 
v -8.02083 3.89554 -15.2302 
v -8.02542 3.89554 -15.2984 
v -8.07782 3.89554 -15.3001 
v -8.02542 3.89554 -15.2984 
v -8.02083 3.89554 -15.2302 
v -8.02083 3.89554 -15.2302 
v -8.08692 3.89554 -15.2323 
v -8.07782 3.89554 -15.3001 
v -8.12962 3.89554 -15.2927 
v -8.07782 3.89554 -15.3001 
v -8.08692 3.89554 -15.2323 
v -8.08692 3.89554 -15.2323 
v -8.14642 3.89554 -15.2177 
v -8.12962 3.89554 -15.2927 
v -8.17941 3.89554 -15.2764 
v -8.12962 3.89554 -15.2927 
v -8.14642 3.89554 -15.2177 
v -8.14642 3.89554 -15.2177 
v -8.19101 3.89554 -15.1946 
v -8.17941 3.89554 -15.2764 
v -8.22561 3.89554 -15.2517 
v -8.17941 3.89554 -15.2764 
v -8.19101 3.89554 -15.1946 
v -8.19101 3.89554 -15.1946 
v -8.22121 3.89554 -15.1706 
v -8.22561 3.89554 -15.2517 
v -8.26691 3.89554 -15.2194 
v -8.22561 3.89554 -15.2517 
v -8.22121 3.89554 -15.1706 
v -8.22121 3.89554 -15.1706 
v -8.30191 3.89554 -15.1804 
v -8.26691 3.89554 -15.2194 
v -7.89083 3.89554 -15.1597 
v -7.81824 3.89554 -15.1766 
v -7.79404 3.89554 -15.1372 
v -7.79404 3.89554 -15.1372 
v -7.86684 3.89554 -15.1295 
v -7.89083 3.89554 -15.1597 
v -7.91933 3.89554 -15.1856 
v -7.89083 3.89554 -15.1597 
v -7.86684 3.89554 -15.1295 
v -7.86684 3.89554 -15.1295 
v -7.93953 3.89554 -15.1141 
v -7.91933 3.89554 -15.1856 
v -7.96233 3.89554 -15.2117 
v -7.91933 3.89554 -15.1856 
v -7.93953 3.89554 -15.1141 
v -7.93953 3.89554 -15.1141 
v -7.97083 3.89554 -15.1402 
v -7.96233 3.89554 -15.2117 
v -8.02083 3.89554 -15.2302 
v -7.96233 3.89554 -15.2117 
v -7.97083 3.89554 -15.1402 
v -7.97083 3.89554 -15.1402 
v -8.02332 3.89554 -15.1625 
v -8.02083 3.89554 -15.2302 
v -8.08692 3.89554 -15.2323 
v -8.02083 3.89554 -15.2302 
v -8.02332 3.89554 -15.1625 
v -8.02332 3.89554 -15.1625 
v -8.08882 3.89554 -15.1647 
v -8.08692 3.89554 -15.2323 
v -8.14642 3.89554 -15.2177 
v -8.08692 3.89554 -15.2323 
v -8.08882 3.89554 -15.1647 
v -8.08882 3.89554 -15.1647 
v -8.14262 3.89554 -15.1459 
v -8.14642 3.89554 -15.2177 
v -8.19101 3.89554 -15.1946 
v -8.14642 3.89554 -15.2177 
v -8.14262 3.89554 -15.1459 
v -8.14262 3.89554 -15.1459 
v -8.17561 3.89554 -15.1218 
v -8.19101 3.89554 -15.1946 
v -8.22121 3.89554 -15.1706 
v -8.19101 3.89554 -15.1946 
v -8.17561 3.89554 -15.1218 
v -8.17561 3.89554 -15.1218 
v -8.24711 3.89554 -15.142 
v -8.22121 3.89554 -15.1706 
v -8.30191 3.89554 -15.1804 
v -8.22121 3.89554 -15.1706 
v -8.24711 3.89554 -15.142 
v -8.24711 3.89554 -15.142 
v -8.3295 3.89554 -15.1359 
v -8.30191 3.89554 -15.1804 
v -7.86684 3.89554 -15.1295 
v -7.79404 3.89554 -15.1372 
v -7.77334 3.89554 -15.0856 
v -7.77334 3.89554 -15.0856 
v -7.84364 3.89554 -15.0849 
v -7.86684 3.89554 -15.1295 
v -7.93953 3.89554 -15.1141 
v -7.86684 3.89554 -15.1295 
v -7.84364 3.89554 -15.0849 
v -7.84364 3.89554 -15.0849 
v -7.91553 3.89554 -15.0811 
v -7.93953 3.89554 -15.1141 
v -7.97083 3.89554 -15.1402 
v -7.93953 3.89554 -15.1141 
v -7.91553 3.89554 -15.0811 
v -7.91553 3.89554 -15.0811 
v -7.98833 3.89554 -15.0684 
v -7.97083 3.89554 -15.1402 
v -8.02332 3.89554 -15.1625 
v -7.97083 3.89554 -15.1402 
v -7.98833 3.89554 -15.0684 
v -7.98833 3.89554 -15.0684 
v -8.02662 3.89554 -15.0939 
v -8.02332 3.89554 -15.1625 
v -8.08882 3.89554 -15.1647 
v -8.02332 3.89554 -15.1625 
v -8.02662 3.89554 -15.0939 
v -8.02662 3.89554 -15.0939 
v -8.09002 3.89554 -15.096 
v -8.08882 3.89554 -15.1647 
v -8.14262 3.89554 -15.1459 
v -8.08882 3.89554 -15.1647 
v -8.09002 3.89554 -15.096 
v -8.09002 3.89554 -15.096 
v -8.12992 3.89554 -15.0731 
v -8.14262 3.89554 -15.1459 
v -8.17561 3.89554 -15.1218 
v -8.14262 3.89554 -15.1459 
v -8.12992 3.89554 -15.0731 
v -8.12992 3.89554 -15.0731 
v -8.20171 3.89554 -15.0905 
v -8.17561 3.89554 -15.1218 
v -8.24711 3.89554 -15.142 
v -8.17561 3.89554 -15.1218 
v -8.20171 3.89554 -15.0905 
v -8.20171 3.89554 -15.0905 
v -8.27321 3.89554 -15.0991 
v -8.24711 3.89554 -15.142 
v -8.3295 3.89554 -15.1359 
v -8.24711 3.89554 -15.142 
v -8.27321 3.89554 -15.0991 
v -8.27321 3.89554 -15.0991 
v -8.3491 3.89554 -15.0873 
v -8.3295 3.89554 -15.1359 
v -7.84364 3.89554 -15.0849 
v -7.77334 3.89554 -15.0856 
v -7.76174 3.89554 -15.0233 
v -7.76174 3.89554 -15.0233 
v -7.82904 3.89554 -15.0254 
v -7.84364 3.89554 -15.0849 
v -7.91553 3.89554 -15.0811 
v -7.84364 3.89554 -15.0849 
v -7.82904 3.89554 -15.0254 
v -7.82904 3.89554 -15.0254 
v -7.89673 3.89554 -15.0273 
v -7.91553 3.89554 -15.0811 
v -7.98833 3.89554 -15.0684 
v -7.91553 3.89554 -15.0811 
v -7.89673 3.89554 -15.0273 
v -7.89673 3.89554 -15.0273 
v -7.96543 3.89554 -15.0285 
v -7.98833 3.89554 -15.0684 
v -8.02662 3.89554 -15.0939 
v -7.98833 3.89554 -15.0684 
v -7.96543 3.89554 -15.0285 
v -7.96543 3.89554 -15.0285 
v -8.03702 3.89554 -15.0228 
v -8.02662 3.89554 -15.0939 
v -8.09002 3.89554 -15.096 
v -8.02662 3.89554 -15.0939 
v -8.03702 3.89554 -15.0228 
v -8.03702 3.89554 -15.0228 
v -8.08432 3.89554 -15.0243 
v -8.09002 3.89554 -15.096 
v -8.12992 3.89554 -15.0731 
v -8.09002 3.89554 -15.096 
v -8.08432 3.89554 -15.0243 
v -8.08432 3.89554 -15.0243 
v -8.15542 3.89554 -15.0347 
v -8.12992 3.89554 -15.0731 
v -8.20171 3.89554 -15.0905 
v -8.12992 3.89554 -15.0731 
v -8.15542 3.89554 -15.0347 
v -8.15542 3.89554 -15.0347 
v -8.22401 3.89554 -15.0381 
v -8.20171 3.89554 -15.0905 
v -8.27321 3.89554 -15.0991 
v -8.20171 3.89554 -15.0905 
v -8.22401 3.89554 -15.0381 
v -8.22401 3.89554 -15.0381 
v -8.29171 3.89554 -15.0406 
v -8.27321 3.89554 -15.0991 
v -8.3491 3.89554 -15.0873 
v -8.27321 3.89554 -15.0991 
v -8.29171 3.89554 -15.0406 
v -8.29171 3.89554 -15.0406 
v -8.3599 3.89554 -15.036 
v -8.3491 3.89554 -15.0873 
v -7.82904 3.89554 -15.0254 
v -7.76174 3.89554 -15.0233 
v -7.76394 3.89554 -14.9569 
v -7.76394 3.89554 -14.9569 
v -7.83124 3.89554 -14.9593 
v -7.82904 3.89554 -15.0254 
v -7.89673 3.89554 -15.0273 
v -7.82904 3.89554 -15.0254 
v -7.83124 3.89554 -14.9593 
v -7.83124 3.89554 -14.9593 
v -7.89883 3.89554 -14.9618 
v -7.89673 3.89554 -15.0273 
v -7.96543 3.89554 -15.0285 
v -7.89673 3.89554 -15.0273 
v -7.89883 3.89554 -14.9618 
v -7.89883 3.89554 -14.9618 
v -7.96753 3.89554 -14.9651 
v -7.96543 3.89554 -15.0285 
v -8.03702 3.89554 -15.0228 
v -7.96543 3.89554 -15.0285 
v -7.96753 3.89554 -14.9651 
v -7.96753 3.89554 -14.9651 
v -8.03862 3.89554 -14.9756 
v -8.03702 3.89554 -15.0228 
v -8.08432 3.89554 -15.0243 
v -8.03702 3.89554 -15.0228 
v -8.03862 3.89554 -14.9756 
v -8.03862 3.89554 -14.9756 
v -8.08582 3.89554 -14.9771 
v -8.08432 3.89554 -15.0243 
v -8.15542 3.89554 -15.0347 
v -8.08432 3.89554 -15.0243 
v -8.08582 3.89554 -14.9771 
v -8.08582 3.89554 -14.9771 
v -8.15752 3.89554 -14.9714 
v -8.15542 3.89554 -15.0347 
v -8.22401 3.89554 -15.0381 
v -8.15542 3.89554 -15.0347 
v -8.15752 3.89554 -14.9714 
v -8.15752 3.89554 -14.9714 
v -8.22621 3.89554 -14.9726 
v -8.22401 3.89554 -15.0381 
v -8.29171 3.89554 -15.0406 
v -8.22401 3.89554 -15.0381 
v -8.22621 3.89554 -14.9726 
v -8.22621 3.89554 -14.9726 
v -8.29381 3.89554 -14.9745 
v -8.29171 3.89554 -15.0406 
v -8.3599 3.89554 -15.036 
v -8.29171 3.89554 -15.0406 
v -8.29381 3.89554 -14.9745 
v -8.29381 3.89554 -14.9745 
v -8.3616 3.89554 -14.9836 
v -8.3599 3.89554 -15.036 
v -7.83124 3.89554 -14.9593 
v -7.76394 3.89554 -14.9569 
v -7.77954 3.89554 -14.8956 
v -7.77954 3.89554 -14.8956 
v -7.84974 3.89554 -14.9008 
v -7.83124 3.89554 -14.9593 
v -7.89883 3.89554 -14.9618 
v -7.83124 3.89554 -14.9593 
v -7.84974 3.89554 -14.9008 
v -7.84974 3.89554 -14.9008 
v -7.92113 3.89554 -14.9094 
v -7.89883 3.89554 -14.9618 
v -7.96753 3.89554 -14.9651 
v -7.89883 3.89554 -14.9618 
v -7.92113 3.89554 -14.9094 
v -7.92113 3.89554 -14.9094 
v -7.99303 3.89554 -14.9268 
v -7.96753 3.89554 -14.9651 
v -8.03862 3.89554 -14.9756 
v -7.96753 3.89554 -14.9651 
v -7.99303 3.89554 -14.9268 
v -7.99303 3.89554 -14.9268 
v -8.03292 3.89554 -14.9039 
v -8.03862 3.89554 -14.9756 
v -8.08582 3.89554 -14.9771 
v -8.03862 3.89554 -14.9756 
v -8.03292 3.89554 -14.9039 
v -8.03292 3.89554 -14.9039 
v -8.09622 3.89554 -14.906 
v -8.08582 3.89554 -14.9771 
v -8.15752 3.89554 -14.9714 
v -8.08582 3.89554 -14.9771 
v -8.09622 3.89554 -14.906 
v -8.09622 3.89554 -14.906 
v -8.13462 3.89554 -14.9315 
v -8.15752 3.89554 -14.9714 
v -8.22621 3.89554 -14.9726 
v -8.15752 3.89554 -14.9714 
v -8.13462 3.89554 -14.9315 
v -8.13462 3.89554 -14.9315 
v -8.20741 3.89554 -14.9188 
v -8.22621 3.89554 -14.9726 
v -8.29381 3.89554 -14.9745 
v -8.22621 3.89554 -14.9726 
v -8.20741 3.89554 -14.9188 
v -8.20741 3.89554 -14.9188 
v -8.27921 3.89554 -14.915 
v -8.29381 3.89554 -14.9745 
v -8.3616 3.89554 -14.9836 
v -8.29381 3.89554 -14.9745 
v -8.27921 3.89554 -14.915 
v -8.27921 3.89554 -14.915 
v -8.3542 3.89554 -14.9318 
v -8.3616 3.89554 -14.9836 
v -7.84974 3.89554 -14.9008 
v -7.77954 3.89554 -14.8956 
v -7.80364 3.89554 -14.8454 
v -7.80364 3.89554 -14.8454 
v -7.87583 3.89554 -14.8579 
v -7.84974 3.89554 -14.9008 
v -7.92113 3.89554 -14.9094 
v -7.84974 3.89554 -14.9008 
v -7.87583 3.89554 -14.8579 
v -7.87583 3.89554 -14.8579 
v -7.94733 3.89554 -14.878 
v -7.92113 3.89554 -14.9094 
v -7.99303 3.89554 -14.9268 
v -7.92113 3.89554 -14.9094 
v -7.94733 3.89554 -14.878 
v -7.94733 3.89554 -14.878 
v -7.98033 3.89554 -14.854 
v -7.99303 3.89554 -14.9268 
v -8.03292 3.89554 -14.9039 
v -7.99303 3.89554 -14.9268 
v -7.98033 3.89554 -14.854 
v -7.98033 3.89554 -14.854 
v -8.03412 3.89554 -14.8352 
v -8.03292 3.89554 -14.9039 
v -8.09622 3.89554 -14.906 
v -8.03292 3.89554 -14.9039 
v -8.03412 3.89554 -14.8352 
v -8.03412 3.89554 -14.8352 
v -8.09962 3.89554 -14.8374 
v -8.09622 3.89554 -14.906 
v -8.13462 3.89554 -14.9315 
v -8.09622 3.89554 -14.906 
v -8.09962 3.89554 -14.8374 
v -8.09962 3.89554 -14.8374 
v -8.15202 3.89554 -14.8597 
v -8.13462 3.89554 -14.9315 
v -8.20741 3.89554 -14.9188 
v -8.13462 3.89554 -14.9315 
v -8.15202 3.89554 -14.8597 
v -8.15202 3.89554 -14.8597 
v -8.18331 3.89554 -14.8858 
v -8.20741 3.89554 -14.9188 
v -8.27921 3.89554 -14.915 
v -8.20741 3.89554 -14.9188 
v -8.18331 3.89554 -14.8858 
v -8.18331 3.89554 -14.8858 
v -8.25611 3.89554 -14.8704 
v -8.27921 3.89554 -14.915 
v -8.3542 3.89554 -14.9318 
v -8.27921 3.89554 -14.915 
v -8.25611 3.89554 -14.8704 
v -8.25611 3.89554 -14.8704 
v -8.3379 3.89554 -14.8819 
v -8.3542 3.89554 -14.9318 
v -7.87583 3.89554 -14.8579 
v -7.80364 3.89554 -14.8454 
v -7.83044 3.89554 -14.8077 
v -7.83044 3.89554 -14.8077 
v -7.90163 3.89554 -14.8293 
v -7.87583 3.89554 -14.8579 
v -7.94733 3.89554 -14.878 
v -7.87583 3.89554 -14.8579 
v -7.90163 3.89554 -14.8293 
v -7.90163 3.89554 -14.8293 
v -7.93193 3.89554 -14.8053 
v -7.94733 3.89554 -14.878 
v -7.98033 3.89554 -14.854 
v -7.94733 3.89554 -14.878 
v -7.93193 3.89554 -14.8053 
v -7.93193 3.89554 -14.8053 
v -7.97653 3.89554 -14.7821 
v -7.98033 3.89554 -14.854 
v -8.03412 3.89554 -14.8352 
v -7.98033 3.89554 -14.854 
v -7.97653 3.89554 -14.7821 
v -7.97653 3.89554 -14.7821 
v -8.03602 3.89554 -14.7675 
v -8.03412 3.89554 -14.8352 
v -8.09962 3.89554 -14.8374 
v -8.03412 3.89554 -14.8352 
v -8.03602 3.89554 -14.7675 
v -8.03602 3.89554 -14.7675 
v -8.10212 3.89554 -14.7697 
v -8.09962 3.89554 -14.8374 
v -8.15202 3.89554 -14.8597 
v -8.09962 3.89554 -14.8374 
v -8.10212 3.89554 -14.7697 
v -8.10212 3.89554 -14.7697 
v -8.16062 3.89554 -14.7882 
v -8.15202 3.89554 -14.8597 
v -8.18331 3.89554 -14.8858 
v -8.15202 3.89554 -14.8597 
v -8.16062 3.89554 -14.7882 
v -8.16062 3.89554 -14.7882 
v -8.20351 3.89554 -14.8143 
v -8.18331 3.89554 -14.8858 
v -8.25611 3.89554 -14.8704 
v -8.18331 3.89554 -14.8858 
v -8.20351 3.89554 -14.8143 
v -8.20351 3.89554 -14.8143 
v -8.23211 3.89554 -14.8402 
v -8.25611 3.89554 -14.8704 
v -8.3379 3.89554 -14.8819 
v -8.25611 3.89554 -14.8704 
v -8.23211 3.89554 -14.8402 
v -8.23211 3.89554 -14.8402 
v -8.31321 3.89554 -14.8357 
v -8.3379 3.89554 -14.8819 
v -7.90163 3.89554 -14.8293 
v -7.83044 3.89554 -14.8077 
v -7.85604 3.89554 -14.7805 
v -7.85604 3.89554 -14.7805 
v -7.89723 3.89554 -14.7482 
v -7.90163 3.89554 -14.8293 
v -7.93193 3.89554 -14.8053 
v -7.90163 3.89554 -14.8293 
v -7.89723 3.89554 -14.7482 
v -7.89723 3.89554 -14.7482 
v -7.94343 3.89554 -14.7235 
v -7.93193 3.89554 -14.8053 
v -7.97653 3.89554 -14.7821 
v -7.93193 3.89554 -14.8053 
v -7.94343 3.89554 -14.7235 
v -7.94343 3.89554 -14.7235 
v -7.99323 3.89554 -14.7072 
v -7.97653 3.89554 -14.7821 
v -8.03602 3.89554 -14.7675 
v -7.97653 3.89554 -14.7821 
v -7.99323 3.89554 -14.7072 
v -7.99323 3.89554 -14.7072 
v -8.04512 3.89554 -14.6998 
v -8.03602 3.89554 -14.7675 
v -8.10212 3.89554 -14.7697 
v -8.03602 3.89554 -14.7675 
v -8.04512 3.89554 -14.6998 
v -8.04512 3.89554 -14.6998 
v -8.09752 3.89554 -14.7015 
v -8.10212 3.89554 -14.7697 
v -8.16062 3.89554 -14.7882 
v -8.10212 3.89554 -14.7697 
v -8.09752 3.89554 -14.7015 
v -8.09752 3.89554 -14.7015 
v -8.14882 3.89554 -14.7123 
v -8.16062 3.89554 -14.7882 
v -8.20351 3.89554 -14.8143 
v -8.16062 3.89554 -14.7882 
v -8.14882 3.89554 -14.7123 
v -8.14882 3.89554 -14.7123 
v -8.19741 3.89554 -14.7319 
v -8.20351 3.89554 -14.8143 
v -8.23211 3.89554 -14.8402 
v -8.20351 3.89554 -14.8143 
v -8.19741 3.89554 -14.7319 
v -8.19741 3.89554 -14.7319 
v -8.24191 3.89554 -14.7595 
v -8.23211 3.89554 -14.8402 
v -8.31321 3.89554 -14.8357 
v -8.23211 3.89554 -14.8402 
v -8.24191 3.89554 -14.7595 
v -8.24191 3.89554 -14.7595 
v -8.28091 3.89554 -14.7945 
v -8.31321 3.89554 -14.8357 
v -7.77744 3.91979 -14.6965 
v -7.85604 3.89691 -14.7805 
v -7.83044 3.89691 -14.8077 
v -7.83044 3.89691 -14.8077 
v -7.72905 3.91979 -14.7505 
v -7.77744 3.91979 -14.6965 
v -7.71075 3.98494 -14.6254 
v -7.77744 3.91979 -14.6965 
v -7.72905 3.91979 -14.7505 
v -7.72905 3.91979 -14.7505 
v -7.65105 3.98494 -14.6919 
v -7.71075 3.98494 -14.6254 
v -7.66625 4.08247 -14.5778 
v -7.71075 3.98494 -14.6254 
v -7.65105 3.98494 -14.6919 
v -7.65105 3.98494 -14.6919 
v -7.59895 4.08247 -14.6528 
v -7.66625 4.08247 -14.5778 
v -7.65055 4.19749 -14.5611 
v -7.66625 4.08247 -14.5778 
v -7.59895 4.08247 -14.6528 
v -7.59895 4.08247 -14.6528 
v -7.58065 4.19749 -14.6391 
v -7.65055 4.19749 -14.5611 
v -7.65055 4.79575 -14.5611 
v -7.65055 4.19749 -14.5611 
v -7.58065 4.19749 -14.6391 
v -7.58065 4.19749 -14.6391 
v -7.58065 4.79575 -14.6391 
v -7.65055 4.79575 -14.5611 
v -7.66625 4.91077 -14.5778 
v -7.65055 4.79575 -14.5611 
v -7.58065 4.79575 -14.6391 
v -7.58065 4.79575 -14.6391 
v -7.59895 4.91077 -14.6528 
v -7.66625 4.91077 -14.5778 
v -7.71075 5.00829 -14.6254 
v -7.66625 4.91077 -14.5778 
v -7.59895 4.91077 -14.6528 
v -7.59895 4.91077 -14.6528 
v -7.65105 5.00829 -14.6919 
v -7.71075 5.00829 -14.6254 
v -7.77744 5.07345 -14.6965 
v -7.71075 5.00829 -14.6254 
v -7.65105 5.00829 -14.6919 
v -7.65105 5.00829 -14.6919 
v -7.72905 5.07345 -14.7505 
v -7.77744 5.07345 -14.6965 
v -7.85604 5.09633 -14.7805 
v -7.77744 5.07345 -14.6965 
v -7.72905 5.07345 -14.7505 
v -7.72905 5.07345 -14.7505 
v -7.83044 5.09633 -14.8077 
v -7.85604 5.09633 -14.7805 
v -7.72905 3.91979 -14.7505 
v -7.83044 3.89691 -14.8077 
v -7.80364 3.89691 -14.8454 
v -7.80364 3.89691 -14.8454 
v -7.69075 3.91979 -14.812 
v -7.72905 3.91979 -14.7505 
v -7.65105 3.98494 -14.6919 
v -7.72905 3.91979 -14.7505 
v -7.69075 3.91979 -14.812 
v -7.69075 3.91979 -14.812 
v -7.60375 3.98494 -14.7679 
v -7.65105 3.98494 -14.6919 
v -7.59895 4.08247 -14.6528 
v -7.65105 3.98494 -14.6919 
v -7.60375 3.98494 -14.7679 
v -7.60375 3.98494 -14.7679 
v -7.54566 4.08247 -14.7384 
v -7.59895 4.08247 -14.6528 
v -7.58065 4.19749 -14.6391 
v -7.59895 4.08247 -14.6528 
v -7.54566 4.08247 -14.7384 
v -7.54566 4.08247 -14.7384 
v -7.52526 4.19749 -14.7281 
v -7.58065 4.19749 -14.6391 
v -7.58065 4.79575 -14.6391 
v -7.58065 4.19749 -14.6391 
v -7.52526 4.19749 -14.7281 
v -7.52526 4.19749 -14.7281 
v -7.52526 4.79575 -14.7281 
v -7.58065 4.79575 -14.6391 
v -7.59895 4.91077 -14.6528 
v -7.58065 4.79575 -14.6391 
v -7.52526 4.79575 -14.7281 
v -7.52526 4.79575 -14.7281 
v -7.54566 4.91077 -14.7384 
v -7.59895 4.91077 -14.6528 
v -7.65105 5.00829 -14.6919 
v -7.59895 4.91077 -14.6528 
v -7.54566 4.91077 -14.7384 
v -7.54566 4.91077 -14.7384 
v -7.60375 5.00829 -14.7679 
v -7.65105 5.00829 -14.6919 
v -7.72905 5.07345 -14.7505 
v -7.65105 5.00829 -14.6919 
v -7.60375 5.00829 -14.7679 
v -7.60375 5.00829 -14.7679 
v -7.69075 5.07345 -14.812 
v -7.72905 5.07345 -14.7505 
v -7.83044 5.09633 -14.8077 
v -7.72905 5.07345 -14.7505 
v -7.69075 5.07345 -14.812 
v -7.69075 5.07345 -14.812 
v -7.80364 5.09633 -14.8454 
v -7.83044 5.09633 -14.8077 
v -7.69075 3.91979 -14.812 
v -7.80364 3.89691 -14.8454 
v -7.77954 3.89691 -14.8956 
v -7.77954 3.89691 -14.8956 
v -7.66375 3.91979 -14.8792 
v -7.69075 3.91979 -14.812 
v -7.60375 3.98494 -14.7679 
v -7.69075 3.91979 -14.812 
v -7.66375 3.91979 -14.8792 
v -7.66375 3.91979 -14.8792 
v -7.57046 3.98494 -14.8509 
v -7.60375 3.98494 -14.7679 
v -7.54566 4.08247 -14.7384 
v -7.60375 3.98494 -14.7679 
v -7.57046 3.98494 -14.8509 
v -7.57046 3.98494 -14.8509 
v -7.50806 4.08247 -14.832 
v -7.54566 4.08247 -14.7384 
v -7.52526 4.19749 -14.7281 
v -7.54566 4.08247 -14.7384 
v -7.50806 4.08247 -14.832 
v -7.50806 4.08247 -14.832 
v -7.48616 4.19749 -14.8253 
v -7.52526 4.19749 -14.7281 
v -7.52526 4.79575 -14.7281 
v -7.52526 4.19749 -14.7281 
v -7.48616 4.19749 -14.8253 
v -7.48616 4.19749 -14.8253 
v -7.48616 4.79575 -14.8253 
v -7.52526 4.79575 -14.7281 
v -7.54566 4.91077 -14.7384 
v -7.52526 4.79575 -14.7281 
v -7.48616 4.79575 -14.8253 
v -7.48616 4.79575 -14.8253 
v -7.50806 4.91077 -14.832 
v -7.54566 4.91077 -14.7384 
v -7.60375 5.00829 -14.7679 
v -7.54566 4.91077 -14.7384 
v -7.50806 4.91077 -14.832 
v -7.50806 4.91077 -14.832 
v -7.57046 5.00829 -14.8509 
v -7.60375 5.00829 -14.7679 
v -7.69075 5.07345 -14.812 
v -7.60375 5.00829 -14.7679 
v -7.57046 5.00829 -14.8509 
v -7.57046 5.00829 -14.8509 
v -7.66375 5.07345 -14.8792 
v -7.69075 5.07345 -14.812 
v -7.80364 5.09633 -14.8454 
v -7.69075 5.07345 -14.812 
v -7.66375 5.07345 -14.8792 
v -7.66375 5.07345 -14.8792 
v -7.77954 5.09633 -14.8955 
v -7.80364 5.09633 -14.8454 
v -7.66375 3.91979 -14.8792 
v -7.77954 3.89691 -14.8956 
v -7.76394 3.89691 -14.9569 
v -7.76394 3.89691 -14.9569 
v -7.64885 3.91979 -14.9501 
v -7.66375 3.91979 -14.8792 
v -7.57046 3.98494 -14.8509 
v -7.66375 3.91979 -14.8792 
v -7.64885 3.91979 -14.9501 
v -7.64885 3.91979 -14.9501 
v -7.55206 3.98494 -14.9384 
v -7.57046 3.98494 -14.8509 
v -7.50806 4.08247 -14.832 
v -7.57046 3.98494 -14.8509 
v -7.55206 3.98494 -14.9384 
v -7.55206 3.98494 -14.9384 
v -7.48736 4.08247 -14.9306 
v -7.50806 4.08247 -14.832 
v -7.48616 4.19749 -14.8253 
v -7.50806 4.08247 -14.832 
v -7.48736 4.08247 -14.9306 
v -7.48736 4.08247 -14.9306 
v -7.46466 4.1975 -14.9279 
v -7.48616 4.19749 -14.8253 
v -7.48616 4.79575 -14.8253 
v -7.48616 4.19749 -14.8253 
v -7.46466 4.1975 -14.9279 
v -7.46466 4.1975 -14.9279 
v -7.46466 4.79575 -14.9279 
v -7.48616 4.79575 -14.8253 
v -7.50806 4.91077 -14.832 
v -7.48616 4.79575 -14.8253 
v -7.46466 4.79575 -14.9279 
v -7.46466 4.79575 -14.9279 
v -7.48736 4.91077 -14.9306 
v -7.50806 4.91077 -14.832 
v -7.57046 5.00829 -14.8509 
v -7.50806 4.91077 -14.832 
v -7.48736 4.91077 -14.9306 
v -7.48736 4.91077 -14.9306 
v -7.55206 5.00829 -14.9384 
v -7.57046 5.00829 -14.8509 
v -7.66375 5.07345 -14.8792 
v -7.57046 5.00829 -14.8509 
v -7.55206 5.00829 -14.9384 
v -7.55206 5.00829 -14.9384 
v -7.64885 5.07345 -14.9501 
v -7.66375 5.07345 -14.8792 
v -7.77954 5.09633 -14.8955 
v -7.66375 5.07345 -14.8792 
v -7.64885 5.07345 -14.9501 
v -7.64885 5.07345 -14.9501 
v -7.76394 5.09633 -14.9569 
v -7.77954 5.09633 -14.8955 
v -7.64885 3.91979 -14.9501 
v -7.76394 3.89691 -14.9569 
v -7.76174 3.89691 -15.0233 
v -7.76174 3.89691 -15.0233 
v -7.64645 3.91979 -15.0225 
v -7.64885 3.91979 -14.9501 
v -7.55206 3.98494 -14.9384 
v -7.64885 3.91979 -14.9501 
v -7.64645 3.91979 -15.0225 
v -7.64645 3.91979 -15.0225 
v -7.54906 3.98494 -15.0278 
v -7.55206 3.98494 -14.9384 
v -7.48736 4.08247 -14.9306 
v -7.55206 3.98494 -14.9384 
v -7.54906 3.98494 -15.0278 
v -7.54906 3.98494 -15.0278 
v -7.48406 4.08247 -15.0313 
v -7.48736 4.08247 -14.9306 
v -7.46466 4.1975 -14.9279 
v -7.48736 4.08247 -14.9306 
v -7.48406 4.08247 -15.0313 
v -7.48406 4.08247 -15.0313 
v -7.46116 4.1975 -15.0326 
v -7.46466 4.1975 -14.9279 
v -7.46466 4.79575 -14.9279 
v -7.46466 4.1975 -14.9279 
v -7.46116 4.1975 -15.0326 
v -7.46116 4.1975 -15.0326 
v -7.46116 4.79575 -15.0326 
v -7.46466 4.79575 -14.9279 
v -7.48736 4.91077 -14.9306 
v -7.46466 4.79575 -14.9279 
v -7.46116 4.79575 -15.0326 
v -7.46116 4.79575 -15.0326 
v -7.48406 4.91077 -15.0313 
v -7.48736 4.91077 -14.9306 
v -7.55206 5.00829 -14.9384 
v -7.48736 4.91077 -14.9306 
v -7.48406 4.91077 -15.0313 
v -7.48406 4.91077 -15.0313 
v -7.54906 5.00829 -15.0278 
v -7.55206 5.00829 -14.9384 
v -7.64885 5.07345 -14.9501 
v -7.55206 5.00829 -14.9384 
v -7.54906 5.00829 -15.0278 
v -7.54906 5.00829 -15.0278 
v -7.64645 5.07345 -15.0225 
v -7.64885 5.07345 -14.9501 
v -7.76394 5.09633 -14.9569 
v -7.64885 5.07345 -14.9501 
v -7.64645 5.07345 -15.0225 
v -7.64645 5.07345 -15.0225 
v -7.76174 5.09633 -15.0233 
v -7.76394 5.09633 -14.9569 
v -7.64645 3.91979 -15.0225 
v -7.76174 3.89691 -15.0233 
v -7.77334 3.89691 -15.0856 
v -7.77334 3.89691 -15.0856 
v -7.65665 3.91979 -15.0942 
v -7.64645 3.91979 -15.0225 
v -7.54906 3.98494 -15.0278 
v -7.64645 3.91979 -15.0225 
v -7.65665 3.91979 -15.0942 
v -7.65665 3.91979 -15.0942 
v -7.56166 3.98494 -15.1164 
v -7.54906 3.98494 -15.0278 
v -7.48406 4.08247 -15.0313 
v -7.54906 3.98494 -15.0278 
v -7.56166 3.98494 -15.1164 
v -7.56166 3.98494 -15.1164 
v -7.49826 4.08247 -15.1311 
v -7.48406 4.08247 -15.0313 
v -7.46116 4.1975 -15.0326 
v -7.48406 4.08247 -15.0313 
v -7.49826 4.08247 -15.1311 
v -7.49826 4.08247 -15.1311 
v -7.47596 4.1975 -15.1363 
v -7.46116 4.1975 -15.0326 
v -7.46116 4.79575 -15.0326 
v -7.46116 4.1975 -15.0326 
v -7.47596 4.1975 -15.1363 
v -7.47596 4.1975 -15.1363 
v -7.47596 4.79575 -15.1363 
v -7.46116 4.79575 -15.0326 
v -7.48406 4.91077 -15.0313 
v -7.46116 4.79575 -15.0326 
v -7.47596 4.79575 -15.1363 
v -7.47596 4.79575 -15.1363 
v -7.49826 4.91077 -15.1311 
v -7.48406 4.91077 -15.0313 
v -7.54906 5.00829 -15.0278 
v -7.48406 4.91077 -15.0313 
v -7.49826 4.91077 -15.1311 
v -7.49826 4.91077 -15.1311 
v -7.56166 5.00829 -15.1164 
v -7.54906 5.00829 -15.0278 
v -7.64645 5.07345 -15.0225 
v -7.54906 5.00829 -15.0278 
v -7.56166 5.00829 -15.1164 
v -7.56166 5.00829 -15.1164 
v -7.65665 5.07345 -15.0942 
v -7.64645 5.07345 -15.0225 
v -7.76174 5.09633 -15.0233 
v -7.64645 5.07345 -15.0225 
v -7.65665 5.07345 -15.0942 
v -7.65665 5.07345 -15.0942 
v -7.77334 5.09633 -15.0856 
v -7.76174 5.09633 -15.0233 
v -7.65665 3.91979 -15.0942 
v -7.77334 3.89691 -15.0856 
v -7.79404 3.89691 -15.1372 
v -7.79404 3.89691 -15.1372 
v -7.67925 3.91979 -15.1631 
v -7.65665 3.91979 -15.0942 
v -7.56166 3.98494 -15.1164 
v -7.65665 3.91979 -15.0942 
v -7.67925 3.91979 -15.1631 
v -7.67925 3.91979 -15.1631 
v -7.58955 3.98494 -15.2014 
v -7.56166 3.98494 -15.1164 
v -7.49826 4.08247 -15.1311 
v -7.56166 3.98494 -15.1164 
v -7.58955 3.98494 -15.2014 
v -7.58955 3.98494 -15.2014 
v -7.52956 4.08247 -15.227 
v -7.49826 4.08247 -15.1311 
v -7.47596 4.1975 -15.1363 
v -7.49826 4.08247 -15.1311 
v -7.52956 4.08247 -15.227 
v -7.52956 4.08247 -15.227 
v -7.50856 4.1975 -15.2359 
v -7.47596 4.1975 -15.1363 
v -7.47596 4.79575 -15.1363 
v -7.47596 4.1975 -15.1363 
v -7.50856 4.1975 -15.2359 
v -7.50856 4.1975 -15.2359 
v -7.50856 4.79575 -15.2359 
v -7.47596 4.79575 -15.1363 
v -7.49826 4.91077 -15.1311 
v -7.47596 4.79575 -15.1363 
v -7.50856 4.79575 -15.2359 
v -7.50856 4.79575 -15.2359 
v -7.52956 4.91077 -15.2269 
v -7.49826 4.91077 -15.1311 
v -7.56166 5.00829 -15.1164 
v -7.49826 4.91077 -15.1311 
v -7.52956 4.91077 -15.2269 
v -7.52956 4.91077 -15.2269 
v -7.58955 5.00829 -15.2014 
v -7.56166 5.00829 -15.1164 
v -7.65665 5.07345 -15.0942 
v -7.56166 5.00829 -15.1164 
v -7.58955 5.00829 -15.2014 
v -7.58955 5.00829 -15.2014 
v -7.67925 5.07345 -15.1631 
v -7.65665 5.07345 -15.0942 
v -7.77334 5.09633 -15.0856 
v -7.65665 5.07345 -15.0942 
v -7.67925 5.07345 -15.1631 
v -7.67925 5.07345 -15.1631 
v -7.79404 5.09633 -15.1372 
v -7.77334 5.09633 -15.0856 
v -7.67925 3.91979 -15.1631 
v -7.79404 3.89691 -15.1372 
v -7.81824 3.89691 -15.1766 
v -7.81824 3.89691 -15.1766 
v -7.71335 3.91979 -15.227 
v -7.67925 3.91979 -15.1631 
v -7.58955 3.98494 -15.2014 
v -7.67925 3.91979 -15.1631 
v -7.71335 3.91979 -15.227 
v -7.71335 3.91979 -15.227 
v -7.63165 3.98494 -15.2803 
v -7.58955 3.98494 -15.2014 
v -7.52956 4.08247 -15.227 
v -7.58955 3.98494 -15.2014 
v -7.63165 3.98494 -15.2803 
v -7.63165 3.98494 -15.2803 
v -7.57705 4.08247 -15.3159 
v -7.52956 4.08247 -15.227 
v -7.50856 4.1975 -15.2359 
v -7.52956 4.08247 -15.227 
v -7.57705 4.08247 -15.3159 
v -7.57705 4.08247 -15.3159 
v -7.55796 4.1975 -15.3284 
v -7.50856 4.1975 -15.2359 
v -7.50856 4.79575 -15.2359 
v -7.50856 4.1975 -15.2359 
v -7.55796 4.1975 -15.3284 
v -7.55796 4.1975 -15.3284 
v -7.55796 4.79575 -15.3284 
v -7.50856 4.79575 -15.2359 
v -7.52956 4.91077 -15.2269 
v -7.50856 4.79575 -15.2359 
v -7.55796 4.79575 -15.3284 
v -7.55796 4.79575 -15.3284 
v -7.57705 4.91077 -15.3159 
v -7.52956 4.91077 -15.2269 
v -7.58955 5.00829 -15.2014 
v -7.52956 4.91077 -15.2269 
v -7.57705 4.91077 -15.3159 
v -7.57705 4.91077 -15.3159 
v -7.63165 5.00829 -15.2803 
v -7.58955 5.00829 -15.2014 
v -7.67925 5.07345 -15.1631 
v -7.58955 5.00829 -15.2014 
v -7.63165 5.00829 -15.2803 
v -7.63165 5.00829 -15.2803 
v -7.71335 5.07345 -15.227 
v -7.67925 5.07345 -15.1631 
v -7.79404 5.09633 -15.1372 
v -7.67925 5.07345 -15.1631 
v -7.71335 5.07345 -15.227 
v -7.71335 5.07345 -15.227 
v -7.81824 5.09633 -15.1766 
v -7.79404 5.09633 -15.1372 
v -7.71335 3.91979 -15.227 
v -7.81824 3.89691 -15.1766 
v -7.84204 3.89691 -15.2054 
v -7.84204 3.89691 -15.2054 
v -7.75804 3.91979 -15.284 
v -7.71335 3.91979 -15.227 
v -7.63165 3.98494 -15.2803 
v -7.71335 3.91979 -15.227 
v -7.75804 3.91979 -15.284 
v -7.75804 3.91979 -15.284 
v -7.68685 3.98494 -15.3506 
v -7.63165 3.98494 -15.2803 
v -7.57705 4.08247 -15.3159 
v -7.63165 3.98494 -15.2803 
v -7.68685 3.98494 -15.3506 
v -7.68685 3.98494 -15.3506 
v -7.63925 4.08247 -15.3952 
v -7.57705 4.08247 -15.3159 
v -7.55796 4.1975 -15.3284 
v -7.57705 4.08247 -15.3159 
v -7.63925 4.08247 -15.3952 
v -7.63925 4.08247 -15.3952 
v -7.62255 4.1975 -15.4108 
v -7.55796 4.1975 -15.3284 
v -7.55796 4.79575 -15.3284 
v -7.55796 4.1975 -15.3284 
v -7.62255 4.1975 -15.4108 
v -7.62255 4.1975 -15.4108 
v -7.62255 4.79575 -15.4108 
v -7.55796 4.79575 -15.3284 
v -7.57705 4.91077 -15.3159 
v -7.55796 4.79575 -15.3284 
v -7.62255 4.79575 -15.4108 
v -7.62255 4.79575 -15.4108 
v -7.63925 4.91077 -15.3952 
v -7.57705 4.91077 -15.3159 
v -7.63165 5.00829 -15.2803 
v -7.57705 4.91077 -15.3159 
v -7.63925 4.91077 -15.3952 
v -7.63925 4.91077 -15.3952 
v -7.68685 5.00829 -15.3506 
v -7.63165 5.00829 -15.2803 
v -7.71335 5.07345 -15.227 
v -7.63165 5.00829 -15.2803 
v -7.68685 5.00829 -15.3506 
v -7.68685 5.00829 -15.3506 
v -7.75804 5.07345 -15.284 
v -7.71335 5.07345 -15.227 
v -7.81824 5.09633 -15.1766 
v -7.71335 5.07345 -15.227 
v -7.75804 5.07345 -15.284 
v -7.75804 5.07345 -15.284 
v -7.84204 5.09633 -15.2054 
v -7.81824 5.09633 -15.1766 

vn -0.133858 -0.984252 0.149606 
vn -0.133858 -0.984252 0.149606 
vn -0.133858 -0.984252 0.149606 
vn 0 -1 0 
vn -0.228346 -0.92126 0.307087 
vn -0.275591 -0.92126 0.259843 
vn -0.519685 -0.708661 0.480315 
vn -0.275591 -0.92126 0.259843 
vn -0.228346 -0.92126 0.307087 
vn -0.228346 -0.92126 0.307087 
vn -0.425197 -0.708661 0.566929 
vn -0.519685 -0.708661 0.480315 
vn -0.677165 -0.385827 0.629921 
vn -0.519685 -0.708661 0.480315 
vn -0.425197 -0.708661 0.566929 
vn -0.425197 -0.708661 0.566929 
vn -0.551181 -0.385827 0.740157 
vn -0.677165 -0.385827 0.629921 
vn -0.732283 0 0.685039 
vn -0.677165 -0.385827 0.629921 
vn -0.551181 -0.385827 0.740157 
vn -0.551181 -0.385827 0.740157 
vn -0.598425 0 0.80315 
vn -0.732283 0 0.685039 
vn -0.732283 0 0.685039 
vn -0.732283 0 0.685039 
vn -0.598425 0 0.80315 
vn -0.598425 0 0.80315 
vn -0.598425 0 0.80315 
vn -0.732283 0 0.685039 
vn -0.677165 0.385827 0.629921 
vn -0.732283 0 0.685039 
vn -0.598425 0 0.80315 
vn -0.598425 0 0.80315 
vn -0.551181 0.385827 0.740157 
vn -0.677165 0.385827 0.629921 
vn -0.519685 0.708661 0.480315 
vn -0.677165 0.385827 0.629921 
vn -0.551181 0.385827 0.740157 
vn -0.551181 0.385827 0.740157 
vn -0.425197 0.708661 0.566929 
vn -0.519685 0.708661 0.480315 
vn -0.275591 0.92126 0.259843 
vn -0.519685 0.708661 0.480315 
vn -0.425197 0.708661 0.566929 
vn -0.425197 0.708661 0.566929 
vn -0.228346 0.92126 0.307087 
vn -0.275591 0.92126 0.259843 
vn 0 1 0 
vn -0.275591 0.92126 0.259843 
vn -0.228346 0.92126 0.307087 
vn -0.228346 0.92126 0.307087 
vn 0 1 0 
vn 0 1 0 
vn -0.228346 -0.92126 0.307087 
vn 0 -1 0 
vn 0 -1 0 
vn 0 -1 0 
vn -0.173228 -0.92126 0.338583 
vn -0.228346 -0.92126 0.307087 
vn -0.425197 -0.708661 0.566929 
vn -0.228346 -0.92126 0.307087 
vn -0.173228 -0.92126 0.338583 
vn -0.173228 -0.92126 0.338583 
vn -0.322835 -0.708661 0.629921 
vn -0.425197 -0.708661 0.566929 
vn -0.551181 -0.385827 0.740157 
vn -0.425197 -0.708661 0.566929 
vn -0.322835 -0.708661 0.629921 
vn -0.322835 -0.708661 0.629921 
vn -0.417323 -0.385827 0.826772 
vn -0.551181 -0.385827 0.740157 
vn -0.598425 0 0.80315 
vn -0.551181 -0.385827 0.740157 
vn -0.417323 -0.385827 0.826772 
vn -0.417323 -0.385827 0.826772 
vn -0.448819 0 0.889764 
vn -0.598425 0 0.80315 
vn -0.598425 0 0.80315 
vn -0.598425 0 0.80315 
vn -0.448819 0 0.889764 
vn -0.448819 0 0.889764 
vn -0.448819 0 0.889764 
vn -0.598425 0 0.80315 
vn -0.551181 0.385827 0.740157 
vn -0.598425 0 0.80315 
vn -0.448819 0 0.889764 
vn -0.448819 0 0.889764 
vn -0.417323 0.385827 0.826772 
vn -0.551181 0.385827 0.740157 
vn -0.425197 0.708661 0.566929 
vn -0.551181 0.385827 0.740157 
vn -0.417323 0.385827 0.826772 
vn -0.417323 0.385827 0.826772 
vn -0.322835 0.708661 0.629921 
vn -0.425197 0.708661 0.566929 
vn -0.228346 0.92126 0.307087 
vn -0.425197 0.708661 0.566929 
vn -0.322835 0.708661 0.629921 
vn -0.322835 0.708661 0.629921 
vn -0.173228 0.92126 0.338583 
vn -0.228346 0.92126 0.307087 
vn 0 1 0 
vn -0.228346 0.92126 0.307087 
vn -0.173228 0.92126 0.338583 
vn -0.173228 0.92126 0.338583 
vn 0 1 0 
vn 0 1 0 
vn -0.173228 -0.92126 0.338583 
vn 0 -1 0 
vn 0 -1 0 
vn 0 -1 0 
vn -0.110236 -0.92126 0.370079 
vn -0.173228 -0.92126 0.338583 
vn -0.322835 -0.708661 0.629921 
vn -0.173228 -0.92126 0.338583 
vn -0.110236 -0.92126 0.370079 
vn -0.110236 -0.92126 0.370079 
vn -0.204724 -0.708661 0.677165 
vn -0.322835 -0.708661 0.629921 
vn -0.417323 -0.385827 0.826772 
vn -0.322835 -0.708661 0.629921 
vn -0.204724 -0.708661 0.677165 
vn -0.204724 -0.708661 0.677165 
vn -0.267717 -0.385827 0.88189 
vn -0.417323 -0.385827 0.826772 
vn -0.448819 0 0.889764 
vn -0.417323 -0.385827 0.826772 
vn -0.267717 -0.385827 0.88189 
vn -0.267717 -0.385827 0.88189 
vn -0.291339 0 0.96063 
vn -0.448819 0 0.889764 
vn -0.448819 0 0.889764 
vn -0.448819 0 0.889764 
vn -0.291339 0 0.96063 
vn -0.291339 0 0.96063 
vn -0.291339 0 0.96063 
vn -0.448819 0 0.889764 
vn -0.417323 0.385827 0.826772 
vn -0.448819 0 0.889764 
vn -0.291339 0 0.96063 
vn -0.291339 0 0.96063 
vn -0.267717 0.385827 0.88189 
vn -0.417323 0.385827 0.826772 
vn -0.322835 0.708661 0.629921 
vn -0.417323 0.385827 0.826772 
vn -0.267717 0.385827 0.88189 
vn -0.267717 0.385827 0.88189 
vn -0.204724 0.708661 0.677165 
vn -0.322835 0.708661 0.629921 
vn -0.173228 0.92126 0.338583 
vn -0.322835 0.708661 0.629921 
vn -0.204724 0.708661 0.677165 
vn -0.204724 0.708661 0.677165 
vn -0.110236 0.92126 0.370079 
vn -0.173228 0.92126 0.338583 
vn 0 1 0 
vn -0.173228 0.92126 0.338583 
vn -0.110236 0.92126 0.370079 
vn -0.110236 0.92126 0.370079 
vn 0 1 0 
vn 0 1 0 
vn -0.110236 -0.92126 0.370079 
vn 0 -1 0 
vn 0 -1 0 
vn 0 -1 0 
vn -0.0472441 -0.92126 0.377953 
vn -0.110236 -0.92126 0.370079 
vn -0.204724 -0.708661 0.677165 
vn -0.110236 -0.92126 0.370079 
vn -0.0472441 -0.92126 0.377953 
vn -0.0472441 -0.92126 0.377953 
vn -0.0866142 -0.708661 0.700787 
vn -0.204724 -0.708661 0.677165 
vn -0.267717 -0.385827 0.88189 
vn -0.204724 -0.708661 0.677165 
vn -0.0866142 -0.708661 0.700787 
vn -0.0866142 -0.708661 0.700787 
vn -0.110236 -0.385827 0.913386 
vn -0.267717 -0.385827 0.88189 
vn -0.291339 0 0.96063 
vn -0.267717 -0.385827 0.88189 
vn -0.110236 -0.385827 0.913386 
vn -0.110236 -0.385827 0.913386 
vn -0.11811 0 0.992126 
vn -0.291339 0 0.96063 
vn -0.291339 0 0.96063 
vn -0.291339 0 0.96063 
vn -0.11811 0 0.992126 
vn -0.11811 0 0.992126 
vn -0.11811 0 0.992126 
vn -0.291339 0 0.96063 
vn -0.267717 0.385827 0.88189 
vn -0.291339 0 0.96063 
vn -0.11811 0 0.992126 
vn -0.11811 0 0.992126 
vn -0.110236 0.385827 0.913386 
vn -0.267717 0.385827 0.88189 
vn -0.204724 0.708661 0.677165 
vn -0.267717 0.385827 0.88189 
vn -0.110236 0.385827 0.913386 
vn -0.110236 0.385827 0.913386 
vn -0.0866142 0.708661 0.700787 
vn -0.204724 0.708661 0.677165 
vn -0.110236 0.92126 0.370079 
vn -0.204724 0.708661 0.677165 
vn -0.0866142 0.708661 0.700787 
vn -0.0866142 0.708661 0.700787 
vn -0.0472441 0.92126 0.377953 
vn -0.110236 0.92126 0.370079 
vn 0 1 0 
vn -0.110236 0.92126 0.370079 
vn -0.0472441 0.92126 0.377953 
vn -0.0472441 0.92126 0.377953 
vn 0 1 0 
vn 0 1 0 
vn -0.0472441 -0.92126 0.377953 
vn 0 -1 0 
vn 0 -1 0 
vn 0 -1 0 
vn 0.023622 -0.92126 0.385827 
vn -0.0472441 -0.92126 0.377953 
vn -0.0866142 -0.708661 0.700787 
vn -0.0472441 -0.92126 0.377953 
vn 0.023622 -0.92126 0.385827 
vn 0.023622 -0.92126 0.385827 
vn 0.0393701 -0.708661 0.708661 
vn -0.0866142 -0.708661 0.700787 
vn -0.110236 -0.385827 0.913386 
vn -0.0866142 -0.708661 0.700787 
vn 0.0393701 -0.708661 0.708661 
vn 0.0393701 -0.708661 0.708661 
vn 0.0472441 -0.385827 0.92126 
vn -0.110236 -0.385827 0.913386 
vn -0.11811 0 0.992126 
vn -0.110236 -0.385827 0.913386 
vn 0.0472441 -0.385827 0.92126 
vn 0.0472441 -0.385827 0.92126 
vn 0.0551181 0 1 
vn -0.11811 0 0.992126 
vn -0.11811 0 0.992126 
vn -0.11811 0 0.992126 
vn 0.0551181 0 1 
vn 0.0551181 0 1 
vn 0.0551181 0 1 
vn -0.11811 0 0.992126 
vn -0.110236 0.385827 0.913386 
vn -0.11811 0 0.992126 
vn 0.0551181 0 1 
vn 0.0551181 0 1 
vn 0.0472441 0.385827 0.92126 
vn -0.110236 0.385827 0.913386 
vn -0.0866142 0.708661 0.700787 
vn -0.110236 0.385827 0.913386 
vn 0.0472441 0.385827 0.92126 
vn 0.0472441 0.385827 0.92126 
vn 0.0393701 0.708661 0.708661 
vn -0.0866142 0.708661 0.700787 
vn -0.0472441 0.92126 0.377953 
vn -0.0866142 0.708661 0.700787 
vn 0.0393701 0.708661 0.708661 
vn 0.0393701 0.708661 0.708661 
vn 0.023622 0.92126 0.385827 
vn -0.0472441 0.92126 0.377953 
vn 0 1 0 
vn -0.0472441 0.92126 0.377953 
vn 0.023622 0.92126 0.385827 
vn 0.023622 0.92126 0.385827 
vn 0 1 0 
vn 0 1 0 
vn 0.023622 -0.92126 0.385827 
vn 0 -1 0 
vn 0 -1 0 
vn 0 -1 0 
vn 0.0866142 -0.92126 0.370079 
vn 0.023622 -0.92126 0.385827 
vn 0.0393701 -0.708661 0.708661 
vn 0.023622 -0.92126 0.385827 
vn 0.0866142 -0.92126 0.370079 
vn 0.0866142 -0.92126 0.370079 
vn 0.15748 -0.708661 0.685039 
vn 0.0393701 -0.708661 0.708661 
vn 0.0472441 -0.385827 0.92126 
vn 0.0393701 -0.708661 0.708661 
vn 0.15748 -0.708661 0.685039 
vn 0.15748 -0.708661 0.685039 
vn 0.212598 -0.385827 0.897638 
vn 0.0472441 -0.385827 0.92126 
vn 0.0551181 0 1 
vn 0.0472441 -0.385827 0.92126 
vn 0.212598 -0.385827 0.897638 
vn 0.212598 -0.385827 0.897638 
vn 0.228346 0 0.976378 
vn 0.0551181 0 1 
vn 0.0551181 0 1 
vn 0.0551181 0 1 
vn 0.228346 0 0.976378 
vn 0.228346 0 0.976378 
vn 0.228346 0 0.976378 
vn 0.0551181 0 1 
vn 0.0472441 0.385827 0.92126 
vn 0.0551181 0 1 
vn 0.228346 0 0.976378 
vn 0.228346 0 0.976378 
vn 0.212598 0.385827 0.897638 
vn 0.0472441 0.385827 0.92126 
vn 0.0393701 0.708661 0.708661 
vn 0.0472441 0.385827 0.92126 
vn 0.212598 0.385827 0.897638 
vn 0.212598 0.385827 0.897638 
vn 0.15748 0.708661 0.685039 
vn 0.0393701 0.708661 0.708661 
vn 0.023622 0.92126 0.385827 
vn 0.0393701 0.708661 0.708661 
vn 0.15748 0.708661 0.685039 
vn 0.15748 0.708661 0.685039 
vn 0.0866142 0.92126 0.370079 
vn 0.023622 0.92126 0.385827 
vn 0 1 0 
vn 0.023622 0.92126 0.385827 
vn 0.0866142 0.92126 0.370079 
vn 0.0866142 0.92126 0.370079 
vn 0 1 0 
vn 0 1 0 
vn 0.0866142 -0.92126 0.370079 
vn 0 -1 0 
vn 0 -1 0 
vn 0 -1 0 
vn 0.149606 -0.92126 0.354331 
vn 0.0866142 -0.92126 0.370079 
vn 0.15748 -0.708661 0.685039 
vn 0.0866142 -0.92126 0.370079 
vn 0.149606 -0.92126 0.354331 
vn 0.149606 -0.92126 0.354331 
vn 0.275591 -0.708661 0.653543 
vn 0.15748 -0.708661 0.685039 
vn 0.212598 -0.385827 0.897638 
vn 0.15748 -0.708661 0.685039 
vn 0.275591 -0.708661 0.653543 
vn 0.275591 -0.708661 0.653543 
vn 0.362205 -0.385827 0.850394 
vn 0.212598 -0.385827 0.897638 
vn 0.228346 0 0.976378 
vn 0.212598 -0.385827 0.897638 
vn 0.362205 -0.385827 0.850394 
vn 0.362205 -0.385827 0.850394 
vn 0.393701 0 0.92126 
vn 0.228346 0 0.976378 
vn 0.228346 0 0.976378 
vn 0.228346 0 0.976378 
vn 0.393701 0 0.92126 
vn 0.393701 0 0.92126 
vn 0.393701 0 0.92126 
vn 0.228346 0 0.976378 
vn 0.212598 0.385827 0.897638 
vn 0.228346 0 0.976378 
vn 0.393701 0 0.92126 
vn 0.393701 0 0.92126 
vn 0.362205 0.385827 0.850394 
vn 0.212598 0.385827 0.897638 
vn 0.15748 0.708661 0.685039 
vn 0.212598 0.385827 0.897638 
vn 0.362205 0.385827 0.850394 
vn 0.362205 0.385827 0.850394 
vn 0.275591 0.708661 0.653543 
vn 0.15748 0.708661 0.685039 
vn 0.0866142 0.92126 0.370079 
vn 0.15748 0.708661 0.685039 
vn 0.275591 0.708661 0.653543 
vn 0.275591 0.708661 0.653543 
vn 0.149606 0.92126 0.354331 
vn 0.0866142 0.92126 0.370079 
vn 0 1 0 
vn 0.0866142 0.92126 0.370079 
vn 0.149606 0.92126 0.354331 
vn 0.149606 0.92126 0.354331 
vn 0 1 0 
vn 0 1 0 
vn 0.149606 -0.92126 0.354331 
vn 0 -1 0 
vn 0 -1 0 
vn 0 -1 0 
vn 0.212598 -0.92126 0.322835 
vn 0.149606 -0.92126 0.354331 
vn 0.275591 -0.708661 0.653543 
vn 0.149606 -0.92126 0.354331 
vn 0.212598 -0.92126 0.322835 
vn 0.212598 -0.92126 0.322835 
vn 0.385827 -0.708661 0.590551 
vn 0.275591 -0.708661 0.653543 
vn 0.362205 -0.385827 0.850394 
vn 0.275591 -0.708661 0.653543 
vn 0.385827 -0.708661 0.590551 
vn 0.385827 -0.708661 0.590551 
vn 0.503937 -0.385827 0.771654 
vn 0.362205 -0.385827 0.850394 
vn 0.393701 0 0.92126 
vn 0.362205 -0.385827 0.850394 
vn 0.503937 -0.385827 0.771654 
vn 0.503937 -0.385827 0.771654 
vn 0.543307 0 0.834646 
vn 0.393701 0 0.92126 
vn 0.393701 0 0.92126 
vn 0.393701 0 0.92126 
vn 0.543307 0 0.834646 
vn 0.543307 0 0.834646 
vn 0.543307 0 0.834646 
vn 0.393701 0 0.92126 
vn 0.362205 0.385827 0.850394 
vn 0.393701 0 0.92126 
vn 0.543307 0 0.834646 
vn 0.543307 0 0.834646 
vn 0.503937 0.385827 0.771654 
vn 0.362205 0.385827 0.850394 
vn 0.275591 0.708661 0.653543 
vn 0.362205 0.385827 0.850394 
vn 0.503937 0.385827 0.771654 
vn 0.503937 0.385827 0.771654 
vn 0.385827 0.708661 0.590551 
vn 0.275591 0.708661 0.653543 
vn 0.149606 0.92126 0.354331 
vn 0.275591 0.708661 0.653543 
vn 0.385827 0.708661 0.590551 
vn 0.385827 0.708661 0.590551 
vn 0.212598 0.92126 0.322835 
vn 0.149606 0.92126 0.354331 
vn 0 1 0 
vn 0.149606 0.92126 0.354331 
vn 0.212598 0.92126 0.322835 
vn 0.212598 0.92126 0.322835 
vn 0 1 0 
vn 0 1 0 
vn 0.212598 -0.92126 0.322835 
vn 0 -1 0 
vn 0 -1 0 
vn 0 -1 0 
vn 0.259843 -0.92126 0.275591 
vn 0.212598 -0.92126 0.322835 
vn 0.385827 -0.708661 0.590551 
vn 0.212598 -0.92126 0.322835 
vn 0.259843 -0.92126 0.275591 
vn 0.259843 -0.92126 0.275591 
vn 0.480315 -0.708661 0.519685 
vn 0.385827 -0.708661 0.590551 
vn 0.503937 -0.385827 0.771654 
vn 0.385827 -0.708661 0.590551 
vn 0.480315 -0.708661 0.519685 
vn 0.480315 -0.708661 0.519685 
vn 0.629921 -0.385827 0.677165 
vn 0.503937 -0.385827 0.771654 
vn 0.543307 0 0.834646 
vn 0.503937 -0.385827 0.771654 
vn 0.629921 -0.385827 0.677165 
vn 0.629921 -0.385827 0.677165 
vn 0.685039 0 0.732283 
vn 0.543307 0 0.834646 
vn 0.543307 0 0.834646 
vn 0.543307 0 0.834646 
vn 0.685039 0 0.732283 
vn 0.685039 0 0.732283 
vn 0.685039 0 0.732283 
vn 0.543307 0 0.834646 
vn 0.503937 0.385827 0.771654 
vn 0.543307 0 0.834646 
vn 0.685039 0 0.732283 
vn 0.685039 0 0.732283 
vn 0.629921 0.385827 0.677165 
vn 0.503937 0.385827 0.771654 
vn 0.385827 0.708661 0.590551 
vn 0.503937 0.385827 0.771654 
vn 0.629921 0.385827 0.677165 
vn 0.629921 0.385827 0.677165 
vn 0.480315 0.708661 0.519685 
vn 0.385827 0.708661 0.590551 
vn 0.212598 0.92126 0.322835 
vn 0.385827 0.708661 0.590551 
vn 0.480315 0.708661 0.519685 
vn 0.480315 0.708661 0.519685 
vn 0.259843 0.92126 0.275591 
vn 0.212598 0.92126 0.322835 
vn 0 1 0 
vn 0.212598 0.92126 0.322835 
vn 0.259843 0.92126 0.275591 
vn 0.259843 0.92126 0.275591 
vn 0 1 0 
vn 0 1 0 
vn 0 1 0 
vn 0 1 0 
vn 0 1 0 
vn 0 1 0 
vn 0 1 0 
vn 0 1 0 
vn 0 1 0 
vn 0 1 0 
vn 0 1 0 
vn 0 1 0 
vn 0 1 0 
vn 0 1 0 
vn 0 1 0 
vn 0 1 0 
vn 0 1 0 
vn 0 1 0 
vn 0 1 0 
vn 0 1 0 
vn 0 1 0 
vn 0 1 0 
vn 0 1 0 
vn 0 1 0 
vn 0 1 0 
vn 0 1 0 
vn 0 1 0 
vn 0 1 0 
vn 0 1 0 
vn 0 1 0 
vn 0 1 0 
vn 0 1 0 
vn 0 1 0 
vn 0 1 0 
vn 0 1 0 
vn 0 1 0 
vn 0 1 0 
vn 0 1 0 
vn 0 1 0 
vn 0 1 0 
vn 0 1 0 
vn 0 1 0 
vn 0 1 0 
vn 0 1 0 
vn 0 1 0 
vn 0 1 0 
vn 0 1 0 
vn 0 1 0 
vn 0 1 0 
vn 0 1 0 
vn 0 1 0 
vn 0 1 0 
vn 0 1 0 
vn 0 1 0 
vn 0 1 0 
vn 0 1 0 
vn 0 1 0 
vn 0 1 0 
vn 0 1 0 
vn 0 1 0 
vn 0 1 0 
vn 0 1 0 
vn 0 1 0 
vn 0 1 0 
vn 0 1 0 
vn 0 1 0 
vn 0 1 0 
vn 0 1 0 
vn 0 1 0 
vn 0 1 0 
vn 0 1 0 
vn 0 1 0 
vn 0 1 0 
vn 0 1 0 
vn 0 1 0 
vn 0 1 0 
vn 0 1 0 
vn 0 1 0 
vn 0 1 0 
vn 0 1 0 
vn 0 1 0 
vn 0 1 0 
vn 0 1 0 
vn 0 1 0 
vn 0 1 0 
vn 0 1 0 
vn 0 1 0 
vn 0 1 0 
vn 0 1 0 
vn 0 1 0 
vn 0 1 0 
vn 0 1 0 
vn 0 1 0 
vn 0 1 0 
vn 0 1 0 
vn 0 1 0 
vn 0 1 0 
vn 0 1 0 
vn 0 1 0 
vn 0 1 0 
vn 0 1 0 
vn 0 1 0 
vn 0 1 0 
vn 0 1 0 
vn 0 1 0 
vn 0 1 0 
vn 0 1 0 
vn 0 1 0 
vn 0 1 0 
vn 0 1 0 
vn -0.259843 -0.92126 -0.275591 
vn 0 -1 0 
vn 0 -1 0 
vn 0 -1 0 
vn -0.307087 -0.92126 -0.228346 
vn -0.259843 -0.92126 -0.275591 
vn -0.480315 -0.708661 -0.519685 
vn -0.259843 -0.92126 -0.275591 
vn -0.307087 -0.92126 -0.228346 
vn -0.307087 -0.92126 -0.228346 
vn -0.566929 -0.708661 -0.425197 
vn -0.480315 -0.708661 -0.519685 
vn -0.629921 -0.385827 -0.677165 
vn -0.480315 -0.708661 -0.519685 
vn -0.566929 -0.708661 -0.425197 
vn -0.566929 -0.708661 -0.425197 
vn -0.740157 -0.385827 -0.551181 
vn -0.629921 -0.385827 -0.677165 
vn -0.685039 0 -0.732283 
vn -0.629921 -0.385827 -0.677165 
vn -0.740157 -0.385827 -0.551181 
vn -0.740157 -0.385827 -0.551181 
vn -0.80315 0 -0.598425 
vn -0.685039 0 -0.732283 
vn -0.685039 0 -0.732283 
vn -0.685039 0 -0.732283 
vn -0.80315 0 -0.598425 
vn -0.80315 0 -0.598425 
vn -0.80315 0 -0.598425 
vn -0.685039 0 -0.732283 
vn -0.629921 0.385827 -0.677165 
vn -0.685039 0 -0.732283 
vn -0.80315 0 -0.598425 
vn -0.80315 0 -0.598425 
vn -0.740157 0.385827 -0.551181 
vn -0.629921 0.385827 -0.677165 
vn -0.480315 0.708661 -0.519685 
vn -0.629921 0.385827 -0.677165 
vn -0.740157 0.385827 -0.551181 
vn -0.740157 0.385827 -0.551181 
vn -0.566929 0.708661 -0.425197 
vn -0.480315 0.708661 -0.519685 
vn -0.259843 0.92126 -0.275591 
vn -0.480315 0.708661 -0.519685 
vn -0.566929 0.708661 -0.425197 
vn -0.566929 0.708661 -0.425197 
vn -0.307087 0.92126 -0.228346 
vn -0.259843 0.92126 -0.275591 
vn 0 1 0 
vn -0.259843 0.92126 -0.275591 
vn -0.307087 0.92126 -0.228346 
vn -0.307087 0.92126 -0.228346 
vn 0 1 0 
vn 0 1 0 
vn -0.307087 -0.92126 -0.228346 
vn 0 -1 0 
vn 0 -1 0 
vn 0 -1 0 
vn -0.338583 -0.92126 -0.173228 
vn -0.307087 -0.92126 -0.228346 
vn -0.566929 -0.708661 -0.425197 
vn -0.307087 -0.92126 -0.228346 
vn -0.338583 -0.92126 -0.173228 
vn -0.338583 -0.92126 -0.173228 
vn -0.629921 -0.708661 -0.322835 
vn -0.566929 -0.708661 -0.425197 
vn -0.740157 -0.385827 -0.551181 
vn -0.566929 -0.708661 -0.425197 
vn -0.629921 -0.708661 -0.322835 
vn -0.629921 -0.708661 -0.322835 
vn -0.826772 -0.385827 -0.417323 
vn -0.740157 -0.385827 -0.551181 
vn -0.80315 0 -0.598425 
vn -0.740157 -0.385827 -0.551181 
vn -0.826772 -0.385827 -0.417323 
vn -0.826772 -0.385827 -0.417323 
vn -0.889764 0 -0.448819 
vn -0.80315 0 -0.598425 
vn -0.80315 0 -0.598425 
vn -0.80315 0 -0.598425 
vn -0.889764 0 -0.448819 
vn -0.889764 0 -0.448819 
vn -0.889764 0 -0.448819 
vn -0.80315 0 -0.598425 
vn -0.740157 0.385827 -0.551181 
vn -0.80315 0 -0.598425 
vn -0.889764 0 -0.448819 
vn -0.889764 0 -0.448819 
vn -0.826772 0.385827 -0.417323 
vn -0.740157 0.385827 -0.551181 
vn -0.566929 0.708661 -0.425197 
vn -0.740157 0.385827 -0.551181 
vn -0.826772 0.385827 -0.417323 
vn -0.826772 0.385827 -0.417323 
vn -0.629921 0.708661 -0.322835 
vn -0.566929 0.708661 -0.425197 
vn -0.307087 0.92126 -0.228346 
vn -0.566929 0.708661 -0.425197 
vn -0.629921 0.708661 -0.322835 
vn -0.629921 0.708661 -0.322835 
vn -0.338583 0.92126 -0.173228 
vn -0.307087 0.92126 -0.228346 
vn 0 1 0 
vn -0.307087 0.92126 -0.228346 
vn -0.338583 0.92126 -0.173228 
vn -0.338583 0.92126 -0.173228 
vn 0 1 0 
vn 0 1 0 
vn -0.338583 -0.92126 -0.173228 
vn 0 -1 0 
vn 0 -1 0 
vn 0 -1 0 
vn -0.370079 -0.92126 -0.110236 
vn -0.338583 -0.92126 -0.173228 
vn -0.629921 -0.708661 -0.322835 
vn -0.338583 -0.92126 -0.173228 
vn -0.370079 -0.92126 -0.110236 
vn -0.370079 -0.92126 -0.110236 
vn -0.677165 -0.708661 -0.204724 
vn -0.629921 -0.708661 -0.322835 
vn -0.826772 -0.385827 -0.417323 
vn -0.629921 -0.708661 -0.322835 
vn -0.677165 -0.708661 -0.204724 
vn -0.677165 -0.708661 -0.204724 
vn -0.88189 -0.385827 -0.267717 
vn -0.826772 -0.385827 -0.417323 
vn -0.889764 0 -0.448819 
vn -0.826772 -0.385827 -0.417323 
vn -0.88189 -0.385827 -0.267717 
vn -0.88189 -0.385827 -0.267717 
vn -0.96063 0 -0.291339 
vn -0.889764 0 -0.448819 
vn -0.889764 0 -0.448819 
vn -0.889764 0 -0.448819 
vn -0.96063 0 -0.291339 
vn -0.96063 0 -0.291339 
vn -0.96063 0 -0.291339 
vn -0.889764 0 -0.448819 
vn -0.826772 0.385827 -0.417323 
vn -0.889764 0 -0.448819 
vn -0.96063 0 -0.291339 
vn -0.96063 0 -0.291339 
vn -0.88189 0.385827 -0.267717 
vn -0.826772 0.385827 -0.417323 
vn -0.629921 0.708661 -0.322835 
vn -0.826772 0.385827 -0.417323 
vn -0.88189 0.385827 -0.267717 
vn -0.88189 0.385827 -0.267717 
vn -0.677165 0.708661 -0.204724 
vn -0.629921 0.708661 -0.322835 
vn -0.338583 0.92126 -0.173228 
vn -0.629921 0.708661 -0.322835 
vn -0.677165 0.708661 -0.204724 
vn -0.677165 0.708661 -0.204724 
vn -0.370079 0.92126 -0.110236 
vn -0.338583 0.92126 -0.173228 
vn 0 1 0 
vn -0.338583 0.92126 -0.173228 
vn -0.370079 0.92126 -0.110236 
vn -0.370079 0.92126 -0.110236 
vn 0 1 0 
vn 0 1 0 
vn -0.370079 -0.92126 -0.110236 
vn 0 -1 0 
vn 0 -1 0 
vn 0 -1 0 
vn -0.377953 -0.92126 -0.0472441 
vn -0.370079 -0.92126 -0.110236 
vn -0.677165 -0.708661 -0.204724 
vn -0.370079 -0.92126 -0.110236 
vn -0.377953 -0.92126 -0.0472441 
vn -0.377953 -0.92126 -0.0472441 
vn -0.700787 -0.708661 -0.0866142 
vn -0.677165 -0.708661 -0.204724 
vn -0.88189 -0.385827 -0.267717 
vn -0.677165 -0.708661 -0.204724 
vn -0.700787 -0.708661 -0.0866142 
vn -0.700787 -0.708661 -0.0866142 
vn -0.913386 -0.385827 -0.110236 
vn -0.88189 -0.385827 -0.267717 
vn -0.96063 0 -0.291339 
vn -0.88189 -0.385827 -0.267717 
vn -0.913386 -0.385827 -0.110236 
vn -0.913386 -0.385827 -0.110236 
vn -0.992126 0 -0.11811 
vn -0.96063 0 -0.291339 
vn -0.96063 0 -0.291339 
vn -0.96063 0 -0.291339 
vn -0.992126 0 -0.11811 
vn -0.992126 0 -0.11811 
vn -0.992126 0 -0.11811 
vn -0.96063 0 -0.291339 
vn -0.88189 0.385827 -0.267717 
vn -0.96063 0 -0.291339 
vn -0.992126 0 -0.11811 
vn -0.992126 0 -0.11811 
vn -0.913386 0.385827 -0.110236 
vn -0.88189 0.385827 -0.267717 
vn -0.677165 0.708661 -0.204724 
vn -0.88189 0.385827 -0.267717 
vn -0.913386 0.385827 -0.110236 
vn -0.913386 0.385827 -0.110236 
vn -0.700787 0.708661 -0.0866142 
vn -0.677165 0.708661 -0.204724 
vn -0.370079 0.92126 -0.110236 
vn -0.677165 0.708661 -0.204724 
vn -0.700787 0.708661 -0.0866142 
vn -0.700787 0.708661 -0.0866142 
vn -0.377953 0.92126 -0.0472441 
vn -0.370079 0.92126 -0.110236 
vn 0 1 0 
vn -0.370079 0.92126 -0.110236 
vn -0.377953 0.92126 -0.0472441 
vn -0.377953 0.92126 -0.0472441 
vn 0 1 0 
vn 0 1 0 
vn -0.377953 -0.92126 -0.0472441 
vn 0 -1 0 
vn 0 -1 0 
vn 0 -1 0 
vn -0.385827 -0.92126 0.023622 
vn -0.377953 -0.92126 -0.0472441 
vn -0.700787 -0.708661 -0.0866142 
vn -0.377953 -0.92126 -0.0472441 
vn -0.385827 -0.92126 0.023622 
vn -0.385827 -0.92126 0.023622 
vn -0.708661 -0.708661 0.0393701 
vn -0.700787 -0.708661 -0.0866142 
vn -0.913386 -0.385827 -0.110236 
vn -0.700787 -0.708661 -0.0866142 
vn -0.708661 -0.708661 0.0393701 
vn -0.708661 -0.708661 0.0393701 
vn -0.92126 -0.385827 0.0472441 
vn -0.913386 -0.385827 -0.110236 
vn -0.992126 0 -0.11811 
vn -0.913386 -0.385827 -0.110236 
vn -0.92126 -0.385827 0.0472441 
vn -0.92126 -0.385827 0.0472441 
vn -1 0 0.0551181 
vn -0.992126 0 -0.11811 
vn -0.992126 0 -0.11811 
vn -0.992126 0 -0.11811 
vn -1 0 0.0551181 
vn -1 0 0.0551181 
vn -1 0 0.0551181 
vn -0.992126 0 -0.11811 
vn -0.913386 0.385827 -0.110236 
vn -0.992126 0 -0.11811 
vn -1 0 0.0551181 
vn -1 0 0.0551181 
vn -0.92126 0.385827 0.0472441 
vn -0.913386 0.385827 -0.110236 
vn -0.700787 0.708661 -0.0866142 
vn -0.913386 0.385827 -0.110236 
vn -0.92126 0.385827 0.0472441 
vn -0.92126 0.385827 0.0472441 
vn -0.708661 0.708661 0.0393701 
vn -0.700787 0.708661 -0.0866142 
vn -0.377953 0.92126 -0.0472441 
vn -0.700787 0.708661 -0.0866142 
vn -0.708661 0.708661 0.0393701 
vn -0.708661 0.708661 0.0393701 
vn -0.385827 0.92126 0.023622 
vn -0.377953 0.92126 -0.0472441 
vn 0 1 0 
vn -0.377953 0.92126 -0.0472441 
vn -0.385827 0.92126 0.023622 
vn -0.385827 0.92126 0.023622 
vn 0 1 0 
vn 0 1 0 
vn -0.385827 -0.92126 0.023622 
vn 0 -1 0 
vn 0 -1 0 
vn 0 -1 0 
vn -0.370079 -0.92126 0.0866142 
vn -0.385827 -0.92126 0.023622 
vn -0.708661 -0.708661 0.0393701 
vn -0.385827 -0.92126 0.023622 
vn -0.370079 -0.92126 0.0866142 
vn -0.370079 -0.92126 0.0866142 
vn -0.685039 -0.708661 0.15748 
vn -0.708661 -0.708661 0.0393701 
vn -0.92126 -0.385827 0.0472441 
vn -0.708661 -0.708661 0.0393701 
vn -0.685039 -0.708661 0.15748 
vn -0.685039 -0.708661 0.15748 
vn -0.897638 -0.385827 0.212598 
vn -0.92126 -0.385827 0.0472441 
vn -1 0 0.0551181 
vn -0.92126 -0.385827 0.0472441 
vn -0.897638 -0.385827 0.212598 
vn -0.897638 -0.385827 0.212598 
vn -0.976378 0 0.228346 
vn -1 0 0.0551181 
vn -1 0 0.0551181 
vn -1 0 0.0551181 
vn -0.976378 0 0.228346 
vn -0.976378 0 0.228346 
vn -0.976378 0 0.228346 
vn -1 0 0.0551181 
vn -0.92126 0.385827 0.0472441 
vn -1 0 0.0551181 
vn -0.976378 0 0.228346 
vn -0.976378 0 0.228346 
vn -0.897638 0.385827 0.212598 
vn -0.92126 0.385827 0.0472441 
vn -0.708661 0.708661 0.0393701 
vn -0.92126 0.385827 0.0472441 
vn -0.897638 0.385827 0.212598 
vn -0.897638 0.385827 0.212598 
vn -0.685039 0.708661 0.15748 
vn -0.708661 0.708661 0.0393701 
vn -0.385827 0.92126 0.023622 
vn -0.708661 0.708661 0.0393701 
vn -0.685039 0.708661 0.15748 
vn -0.685039 0.708661 0.15748 
vn -0.370079 0.92126 0.0866142 
vn -0.385827 0.92126 0.023622 
vn 0 1 0 
vn -0.385827 0.92126 0.023622 
vn -0.370079 0.92126 0.0866142 
vn -0.370079 0.92126 0.0866142 
vn 0 1 0 
vn 0 1 0 
vn -0.370079 -0.92126 0.0866142 
vn 0 -1 0 
vn 0 -1 0 
vn 0 -1 0 
vn -0.354331 -0.92126 0.149606 
vn -0.370079 -0.92126 0.0866142 
vn -0.685039 -0.708661 0.15748 
vn -0.370079 -0.92126 0.0866142 
vn -0.354331 -0.92126 0.149606 
vn -0.354331 -0.92126 0.149606 
vn -0.653543 -0.708661 0.275591 
vn -0.685039 -0.708661 0.15748 
vn -0.897638 -0.385827 0.212598 
vn -0.685039 -0.708661 0.15748 
vn -0.653543 -0.708661 0.275591 
vn -0.653543 -0.708661 0.275591 
vn -0.850394 -0.385827 0.362205 
vn -0.897638 -0.385827 0.212598 
vn -0.976378 0 0.228346 
vn -0.897638 -0.385827 0.212598 
vn -0.850394 -0.385827 0.362205 
vn -0.850394 -0.385827 0.362205 
vn -0.92126 0 0.393701 
vn -0.976378 0 0.228346 
vn -0.976378 0 0.228346 
vn -0.976378 0 0.228346 
vn -0.92126 0 0.393701 
vn -0.92126 0 0.393701 
vn -0.92126 0 0.393701 
vn -0.976378 0 0.228346 
vn -0.897638 0.385827 0.212598 
vn -0.976378 0 0.228346 
vn -0.92126 0 0.393701 
vn -0.92126 0 0.393701 
vn -0.850394 0.385827 0.362205 
vn -0.897638 0.385827 0.212598 
vn -0.685039 0.708661 0.15748 
vn -0.897638 0.385827 0.212598 
vn -0.850394 0.385827 0.362205 
vn -0.850394 0.385827 0.362205 
vn -0.653543 0.708661 0.275591 
vn -0.685039 0.708661 0.15748 
vn -0.370079 0.92126 0.0866142 
vn -0.685039 0.708661 0.15748 
vn -0.653543 0.708661 0.275591 
vn -0.653543 0.708661 0.275591 
vn -0.354331 0.92126 0.149606 
vn -0.370079 0.92126 0.0866142 
vn 0 1 0 
vn -0.370079 0.92126 0.0866142 
vn -0.354331 0.92126 0.149606 
vn -0.354331 0.92126 0.149606 
vn 0 1 0 
vn 0 1 0 
vn -0.354331 -0.92126 0.149606 
vn 0 -1 0 
vn 0 -1 0 
vn 0 -1 0 
vn -0.322835 -0.92126 0.212598 
vn -0.354331 -0.92126 0.149606 
vn -0.653543 -0.708661 0.275591 
vn -0.354331 -0.92126 0.149606 
vn -0.322835 -0.92126 0.212598 
vn -0.322835 -0.92126 0.212598 
vn -0.590551 -0.708661 0.385827 
vn -0.653543 -0.708661 0.275591 
vn -0.850394 -0.385827 0.362205 
vn -0.653543 -0.708661 0.275591 
vn -0.590551 -0.708661 0.385827 
vn -0.590551 -0.708661 0.385827 
vn -0.771654 -0.385827 0.503937 
vn -0.850394 -0.385827 0.362205 
vn -0.92126 0 0.393701 
vn -0.850394 -0.385827 0.362205 
vn -0.771654 -0.385827 0.503937 
vn -0.771654 -0.385827 0.503937 
vn -0.834646 0 0.543307 
vn -0.92126 0 0.393701 
vn -0.92126 0 0.393701 
vn -0.92126 0 0.393701 
vn -0.834646 0 0.543307 
vn -0.834646 0 0.543307 
vn -0.834646 0 0.543307 
vn -0.92126 0 0.393701 
vn -0.850394 0.385827 0.362205 
vn -0.92126 0 0.393701 
vn -0.834646 0 0.543307 
vn -0.834646 0 0.543307 
vn -0.771654 0.385827 0.503937 
vn -0.850394 0.385827 0.362205 
vn -0.653543 0.708661 0.275591 
vn -0.850394 0.385827 0.362205 
vn -0.771654 0.385827 0.503937 
vn -0.771654 0.385827 0.503937 
vn -0.590551 0.708661 0.385827 
vn -0.653543 0.708661 0.275591 
vn -0.354331 0.92126 0.149606 
vn -0.653543 0.708661 0.275591 
vn -0.590551 0.708661 0.385827 
vn -0.590551 0.708661 0.385827 
vn -0.322835 0.92126 0.212598 
vn -0.354331 0.92126 0.149606 
vn 0 1 0 
vn -0.354331 0.92126 0.149606 
vn -0.322835 0.92126 0.212598 
vn -0.322835 0.92126 0.212598 
vn 0 1 0 
vn 0 1 0 
vn -0.322835 -0.92126 0.212598 
vn 0 -1 0 
vn 0 -1 0 
vn 0 -1 0 
vn -0.275591 -0.92126 0.259843 
vn -0.322835 -0.92126 0.212598 
vn -0.590551 -0.708661 0.385827 
vn -0.322835 -0.92126 0.212598 
vn -0.275591 -0.92126 0.259843 
vn -0.275591 -0.92126 0.259843 
vn -0.519685 -0.708661 0.480315 
vn -0.590551 -0.708661 0.385827 
vn -0.771654 -0.385827 0.503937 
vn -0.590551 -0.708661 0.385827 
vn -0.519685 -0.708661 0.480315 
vn -0.519685 -0.708661 0.480315 
vn -0.677165 -0.385827 0.629921 
vn -0.771654 -0.385827 0.503937 
vn -0.834646 0 0.543307 
vn -0.771654 -0.385827 0.503937 
vn -0.677165 -0.385827 0.629921 
vn -0.677165 -0.385827 0.629921 
vn -0.732283 0 0.685039 
vn -0.834646 0 0.543307 
vn -0.834646 0 0.543307 
vn -0.834646 0 0.543307 
vn -0.732283 0 0.685039 
vn -0.732283 0 0.685039 
vn -0.732283 0 0.685039 
vn -0.834646 0 0.543307 
vn -0.771654 0.385827 0.503937 
vn -0.834646 0 0.543307 
vn -0.732283 0 0.685039 
vn -0.732283 0 0.685039 
vn -0.677165 0.385827 0.629921 
vn -0.771654 0.385827 0.503937 
vn -0.590551 0.708661 0.385827 
vn -0.771654 0.385827 0.503937 
vn -0.677165 0.385827 0.629921 
vn -0.677165 0.385827 0.629921 
vn -0.519685 0.708661 0.480315 
vn -0.590551 0.708661 0.385827 
vn -0.322835 0.92126 0.212598 
vn -0.590551 0.708661 0.385827 
vn -0.519685 0.708661 0.480315 
vn -0.519685 0.708661 0.480315 
vn -0.275591 0.92126 0.259843 
vn -0.322835 0.92126 0.212598 
vn 0 1 0 
vn -0.322835 0.92126 0.212598 
vn -0.275591 0.92126 0.259843 
vn -0.275591 0.92126 0.259843 
vn 0 1 0 
vn 0 1 0 
vn 0.275591 -0.92126 -0.259843 
vn 0 -1 0 
vn 0 -1 0 
vn 0 -1 0 
vn 0.228346 -0.92126 -0.307087 
vn 0.275591 -0.92126 -0.259843 
vn 0.519685 -0.708661 -0.480315 
vn 0.275591 -0.92126 -0.259843 
vn 0.228346 -0.92126 -0.307087 
vn 0.228346 -0.92126 -0.307087 
vn 0.425197 -0.708661 -0.566929 
vn 0.519685 -0.708661 -0.480315 
vn 0.677165 -0.385827 -0.629921 
vn 0.519685 -0.708661 -0.480315 
vn 0.425197 -0.708661 -0.566929 
vn 0.425197 -0.708661 -0.566929 
vn 0.551181 -0.385827 -0.740157 
vn 0.677165 -0.385827 -0.629921 
vn 0.732283 0 -0.685039 
vn 0.677165 -0.385827 -0.629921 
vn 0.551181 -0.385827 -0.740157 
vn 0.551181 -0.385827 -0.740157 
vn 0.598425 0 -0.80315 
vn 0.732283 0 -0.685039 
vn 0.732283 0 -0.685039 
vn 0.732283 0 -0.685039 
vn 0.598425 0 -0.80315 
vn 0.598425 0 -0.80315 
vn 0.598425 0 -0.80315 
vn 0.732283 0 -0.685039 
vn 0.677165 0.385827 -0.629921 
vn 0.732283 0 -0.685039 
vn 0.598425 0 -0.80315 
vn 0.598425 0 -0.80315 
vn 0.551181 0.385827 -0.740157 
vn 0.677165 0.385827 -0.629921 
vn 0.519685 0.708661 -0.480315 
vn 0.677165 0.385827 -0.629921 
vn 0.551181 0.385827 -0.740157 
vn 0.551181 0.385827 -0.740157 
vn 0.425197 0.708661 -0.566929 
vn 0.519685 0.708661 -0.480315 
vn 0.275591 0.92126 -0.259843 
vn 0.519685 0.708661 -0.480315 
vn 0.425197 0.708661 -0.566929 
vn 0.425197 0.708661 -0.566929 
vn 0.228346 0.92126 -0.307087 
vn 0.275591 0.92126 -0.259843 
vn 0 1 0 
vn 0.275591 0.92126 -0.259843 
vn 0.228346 0.92126 -0.307087 
vn 0.228346 0.92126 -0.307087 
vn 0 1 0 
vn 0 1 0 
vn 0.228346 -0.92126 -0.307087 
vn 0 -1 0 
vn 0 -1 0 
vn 0 -1 0 
vn 0.173228 -0.92126 -0.338583 
vn 0.228346 -0.92126 -0.307087 
vn 0.425197 -0.708661 -0.566929 
vn 0.228346 -0.92126 -0.307087 
vn 0.173228 -0.92126 -0.338583 
vn 0.173228 -0.92126 -0.338583 
vn 0.322835 -0.708661 -0.629921 
vn 0.425197 -0.708661 -0.566929 
vn 0.551181 -0.385827 -0.740157 
vn 0.425197 -0.708661 -0.566929 
vn 0.322835 -0.708661 -0.629921 
vn 0.322835 -0.708661 -0.629921 
vn 0.417323 -0.385827 -0.826772 
vn 0.551181 -0.385827 -0.740157 
vn 0.598425 0 -0.80315 
vn 0.551181 -0.385827 -0.740157 
vn 0.417323 -0.385827 -0.826772 
vn 0.417323 -0.385827 -0.826772 
vn 0.448819 0 -0.889764 
vn 0.598425 0 -0.80315 
vn 0.598425 0 -0.80315 
vn 0.598425 0 -0.80315 
vn 0.448819 0 -0.889764 
vn 0.448819 0 -0.889764 
vn 0.448819 0 -0.889764 
vn 0.598425 0 -0.80315 
vn 0.551181 0.385827 -0.740157 
vn 0.598425 0 -0.80315 
vn 0.448819 0 -0.889764 
vn 0.448819 0 -0.889764 
vn 0.417323 0.385827 -0.826772 
vn 0.551181 0.385827 -0.740157 
vn 0.425197 0.708661 -0.566929 
vn 0.551181 0.385827 -0.740157 
vn 0.417323 0.385827 -0.826772 
vn 0.417323 0.385827 -0.826772 
vn 0.322835 0.708661 -0.629921 
vn 0.425197 0.708661 -0.566929 
vn 0.228346 0.92126 -0.307087 
vn 0.425197 0.708661 -0.566929 
vn 0.322835 0.708661 -0.629921 
vn 0.322835 0.708661 -0.629921 
vn 0.173228 0.92126 -0.338583 
vn 0.228346 0.92126 -0.307087 
vn 0 1 0 
vn 0.228346 0.92126 -0.307087 
vn 0.173228 0.92126 -0.338583 
vn 0.173228 0.92126 -0.338583 
vn 0 1 0 
vn 0 1 0 
vn 0.173228 -0.92126 -0.338583 
vn 0 -1 0 
vn 0 -1 0 
vn 0 -1 0 
vn 0.110236 -0.92126 -0.370079 
vn 0.173228 -0.92126 -0.338583 
vn 0.322835 -0.708661 -0.629921 
vn 0.173228 -0.92126 -0.338583 
vn 0.110236 -0.92126 -0.370079 
vn 0.110236 -0.92126 -0.370079 
vn 0.204724 -0.708661 -0.677165 
vn 0.322835 -0.708661 -0.629921 
vn 0.417323 -0.385827 -0.826772 
vn 0.322835 -0.708661 -0.629921 
vn 0.204724 -0.708661 -0.677165 
vn 0.204724 -0.708661 -0.677165 
vn 0.267717 -0.385827 -0.88189 
vn 0.417323 -0.385827 -0.826772 
vn 0.448819 0 -0.889764 
vn 0.417323 -0.385827 -0.826772 
vn 0.267717 -0.385827 -0.88189 
vn 0.267717 -0.385827 -0.88189 
vn 0.291339 0 -0.96063 
vn 0.448819 0 -0.889764 
vn 0.448819 0 -0.889764 
vn 0.448819 0 -0.889764 
vn 0.291339 0 -0.96063 
vn 0.291339 0 -0.96063 
vn 0.291339 0 -0.96063 
vn 0.448819 0 -0.889764 
vn 0.417323 0.385827 -0.826772 
vn 0.448819 0 -0.889764 
vn 0.291339 0 -0.96063 
vn 0.291339 0 -0.96063 
vn 0.267717 0.385827 -0.88189 
vn 0.417323 0.385827 -0.826772 
vn 0.322835 0.708661 -0.629921 
vn 0.417323 0.385827 -0.826772 
vn 0.267717 0.385827 -0.88189 
vn 0.267717 0.385827 -0.88189 
vn 0.204724 0.708661 -0.677165 
vn 0.322835 0.708661 -0.629921 
vn 0.173228 0.92126 -0.338583 
vn 0.322835 0.708661 -0.629921 
vn 0.204724 0.708661 -0.677165 
vn 0.204724 0.708661 -0.677165 
vn 0.110236 0.92126 -0.370079 
vn 0.173228 0.92126 -0.338583 
vn 0 1 0 
vn 0.173228 0.92126 -0.338583 
vn 0.110236 0.92126 -0.370079 
vn 0.110236 0.92126 -0.370079 
vn 0 1 0 
vn 0 1 0 
vn 0.110236 -0.92126 -0.370079 
vn 0 -1 0 
vn 0 -1 0 
vn 0 -1 0 
vn 0.0472441 -0.92126 -0.377953 
vn 0.110236 -0.92126 -0.370079 
vn 0.204724 -0.708661 -0.677165 
vn 0.110236 -0.92126 -0.370079 
vn 0.0472441 -0.92126 -0.377953 
vn 0.0472441 -0.92126 -0.377953 
vn 0.0866142 -0.708661 -0.700787 
vn 0.204724 -0.708661 -0.677165 
vn 0.267717 -0.385827 -0.88189 
vn 0.204724 -0.708661 -0.677165 
vn 0.0866142 -0.708661 -0.700787 
vn 0.0866142 -0.708661 -0.700787 
vn 0.110236 -0.385827 -0.913386 
vn 0.267717 -0.385827 -0.88189 
vn 0.291339 0 -0.96063 
vn 0.267717 -0.385827 -0.88189 
vn 0.110236 -0.385827 -0.913386 
vn 0.110236 -0.385827 -0.913386 
vn 0.11811 0 -0.992126 
vn 0.291339 0 -0.96063 
vn 0.291339 0 -0.96063 
vn 0.291339 0 -0.96063 
vn 0.11811 0 -0.992126 
vn 0.11811 0 -0.992126 
vn 0.11811 0 -0.992126 
vn 0.291339 0 -0.96063 
vn 0.267717 0.385827 -0.88189 
vn 0.291339 0 -0.96063 
vn 0.11811 0 -0.992126 
vn 0.11811 0 -0.992126 
vn 0.110236 0.385827 -0.913386 
vn 0.267717 0.385827 -0.88189 
vn 0.204724 0.708661 -0.677165 
vn 0.267717 0.385827 -0.88189 
vn 0.110236 0.385827 -0.913386 
vn 0.110236 0.385827 -0.913386 
vn 0.0866142 0.708661 -0.700787 
vn 0.204724 0.708661 -0.677165 
vn 0.110236 0.92126 -0.370079 
vn 0.204724 0.708661 -0.677165 
vn 0.0866142 0.708661 -0.700787 
vn 0.0866142 0.708661 -0.700787 
vn 0.0472441 0.92126 -0.377953 
vn 0.110236 0.92126 -0.370079 
vn 0 1 0 
vn 0.110236 0.92126 -0.370079 
vn 0.0472441 0.92126 -0.377953 
vn 0.0472441 0.92126 -0.377953 
vn 0 1 0 
vn 0 1 0 
vn 0.0472441 -0.92126 -0.377953 
vn 0 -1 0 
vn 0 -1 0 
vn 0 -1 0 
vn -0.023622 -0.92126 -0.385827 
vn 0.0472441 -0.92126 -0.377953 
vn 0.0866142 -0.708661 -0.700787 
vn 0.0472441 -0.92126 -0.377953 
vn -0.023622 -0.92126 -0.385827 
vn -0.023622 -0.92126 -0.385827 
vn -0.0393701 -0.708661 -0.708661 
vn 0.0866142 -0.708661 -0.700787 
vn 0.110236 -0.385827 -0.913386 
vn 0.0866142 -0.708661 -0.700787 
vn -0.0393701 -0.708661 -0.708661 
vn -0.0393701 -0.708661 -0.708661 
vn -0.0472441 -0.385827 -0.92126 
vn 0.110236 -0.385827 -0.913386 
vn 0.11811 0 -0.992126 
vn 0.110236 -0.385827 -0.913386 
vn -0.0472441 -0.385827 -0.92126 
vn -0.0472441 -0.385827 -0.92126 
vn -0.0551181 0 -1 
vn 0.11811 0 -0.992126 
vn 0.11811 0 -0.992126 
vn 0.11811 0 -0.992126 
vn -0.0551181 0 -1 
vn -0.0551181 0 -1 
vn -0.0551181 0 -1 
vn 0.11811 0 -0.992126 
vn 0.110236 0.385827 -0.913386 
vn 0.11811 0 -0.992126 
vn -0.0551181 0 -1 
vn -0.0551181 0 -1 
vn -0.0472441 0.385827 -0.92126 
vn 0.110236 0.385827 -0.913386 
vn 0.0866142 0.708661 -0.700787 
vn 0.110236 0.385827 -0.913386 
vn -0.0472441 0.385827 -0.92126 
vn -0.0472441 0.385827 -0.92126 
vn -0.0393701 0.708661 -0.708661 
vn 0.0866142 0.708661 -0.700787 
vn 0.0472441 0.92126 -0.377953 
vn 0.0866142 0.708661 -0.700787 
vn -0.0393701 0.708661 -0.708661 
vn -0.0393701 0.708661 -0.708661 
vn -0.023622 0.92126 -0.385827 
vn 0.0472441 0.92126 -0.377953 
vn 0 1 0 
vn 0.0472441 0.92126 -0.377953 
vn -0.023622 0.92126 -0.385827 
vn -0.023622 0.92126 -0.385827 
vn 0 1 0 
vn 0 1 0 
vn -0.023622 -0.92126 -0.385827 
vn 0 -1 0 
vn 0 -1 0 
vn 0 -1 0 
vn -0.0866142 -0.92126 -0.370079 
vn -0.023622 -0.92126 -0.385827 
vn -0.0393701 -0.708661 -0.708661 
vn -0.023622 -0.92126 -0.385827 
vn -0.0866142 -0.92126 -0.370079 
vn -0.0866142 -0.92126 -0.370079 
vn -0.15748 -0.708661 -0.685039 
vn -0.0393701 -0.708661 -0.708661 
vn -0.0472441 -0.385827 -0.92126 
vn -0.0393701 -0.708661 -0.708661 
vn -0.15748 -0.708661 -0.685039 
vn -0.15748 -0.708661 -0.685039 
vn -0.212598 -0.385827 -0.897638 
vn -0.0472441 -0.385827 -0.92126 
vn -0.0551181 0 -1 
vn -0.0472441 -0.385827 -0.92126 
vn -0.212598 -0.385827 -0.897638 
vn -0.212598 -0.385827 -0.897638 
vn -0.228346 0 -0.976378 
vn -0.0551181 0 -1 
vn -0.0551181 0 -1 
vn -0.0551181 0 -1 
vn -0.228346 0 -0.976378 
vn -0.228346 0 -0.976378 
vn -0.228346 0 -0.976378 
vn -0.0551181 0 -1 
vn -0.0472441 0.385827 -0.92126 
vn -0.0551181 0 -1 
vn -0.228346 0 -0.976378 
vn -0.228346 0 -0.976378 
vn -0.212598 0.385827 -0.897638 
vn -0.0472441 0.385827 -0.92126 
vn -0.0393701 0.708661 -0.708661 
vn -0.0472441 0.385827 -0.92126 
vn -0.212598 0.385827 -0.897638 
vn -0.212598 0.385827 -0.897638 
vn -0.15748 0.708661 -0.685039 
vn -0.0393701 0.708661 -0.708661 
vn -0.023622 0.92126 -0.385827 
vn -0.0393701 0.708661 -0.708661 
vn -0.15748 0.708661 -0.685039 
vn -0.15748 0.708661 -0.685039 
vn -0.0866142 0.92126 -0.370079 
vn -0.023622 0.92126 -0.385827 
vn 0 1 0 
vn -0.023622 0.92126 -0.385827 
vn -0.0866142 0.92126 -0.370079 
vn -0.0866142 0.92126 -0.370079 
vn 0 1 0 
vn 0 1 0 
vn -0.0866142 -0.92126 -0.370079 
vn 0 -1 0 
vn 0 -1 0 
vn 0 -1 0 
vn -0.149606 -0.92126 -0.354331 
vn -0.0866142 -0.92126 -0.370079 
vn -0.15748 -0.708661 -0.685039 
vn -0.0866142 -0.92126 -0.370079 
vn -0.149606 -0.92126 -0.354331 
vn -0.149606 -0.92126 -0.354331 
vn -0.275591 -0.708661 -0.653543 
vn -0.15748 -0.708661 -0.685039 
vn -0.212598 -0.385827 -0.897638 
vn -0.15748 -0.708661 -0.685039 
vn -0.275591 -0.708661 -0.653543 
vn -0.275591 -0.708661 -0.653543 
vn -0.362205 -0.385827 -0.850394 
vn -0.212598 -0.385827 -0.897638 
vn -0.228346 0 -0.976378 
vn -0.212598 -0.385827 -0.897638 
vn -0.362205 -0.385827 -0.850394 
vn -0.362205 -0.385827 -0.850394 
vn -0.393701 0 -0.92126 
vn -0.228346 0 -0.976378 
vn -0.228346 0 -0.976378 
vn -0.228346 0 -0.976378 
vn -0.393701 0 -0.92126 
vn -0.393701 0 -0.92126 
vn -0.393701 0 -0.92126 
vn -0.228346 0 -0.976378 
vn -0.212598 0.385827 -0.897638 
vn -0.228346 0 -0.976378 
vn -0.393701 0 -0.92126 
vn -0.393701 0 -0.92126 
vn -0.362205 0.385827 -0.850394 
vn -0.212598 0.385827 -0.897638 
vn -0.15748 0.708661 -0.685039 
vn -0.212598 0.385827 -0.897638 
vn -0.362205 0.385827 -0.850394 
vn -0.362205 0.385827 -0.850394 
vn -0.275591 0.708661 -0.653543 
vn -0.15748 0.708661 -0.685039 
vn -0.0866142 0.92126 -0.370079 
vn -0.15748 0.708661 -0.685039 
vn -0.275591 0.708661 -0.653543 
vn -0.275591 0.708661 -0.653543 
vn -0.149606 0.92126 -0.354331 
vn -0.0866142 0.92126 -0.370079 
vn 0 1 0 
vn -0.0866142 0.92126 -0.370079 
vn -0.149606 0.92126 -0.354331 
vn -0.149606 0.92126 -0.354331 
vn 0 1 0 
vn 0 1 0 
vn -0.149606 -0.92126 -0.354331 
vn 0 -1 0 
vn 0 -1 0 
vn 0 -1 0 
vn -0.212598 -0.92126 -0.322835 
vn -0.149606 -0.92126 -0.354331 
vn -0.275591 -0.708661 -0.653543 
vn -0.149606 -0.92126 -0.354331 
vn -0.212598 -0.92126 -0.322835 
vn -0.212598 -0.92126 -0.322835 
vn -0.385827 -0.708661 -0.590551 
vn -0.275591 -0.708661 -0.653543 
vn -0.362205 -0.385827 -0.850394 
vn -0.275591 -0.708661 -0.653543 
vn -0.385827 -0.708661 -0.590551 
vn -0.385827 -0.708661 -0.590551 
vn -0.503937 -0.385827 -0.771654 
vn -0.362205 -0.385827 -0.850394 
vn -0.393701 0 -0.92126 
vn -0.362205 -0.385827 -0.850394 
vn -0.503937 -0.385827 -0.771654 
vn -0.503937 -0.385827 -0.771654 
vn -0.543307 0 -0.834646 
vn -0.393701 0 -0.92126 
vn -0.393701 0 -0.92126 
vn -0.393701 0 -0.92126 
vn -0.543307 0 -0.834646 
vn -0.543307 0 -0.834646 
vn -0.543307 0 -0.834646 
vn -0.393701 0 -0.92126 
vn -0.362205 0.385827 -0.850394 
vn -0.393701 0 -0.92126 
vn -0.543307 0 -0.834646 
vn -0.543307 0 -0.834646 
vn -0.503937 0.385827 -0.771654 
vn -0.362205 0.385827 -0.850394 
vn -0.275591 0.708661 -0.653543 
vn -0.362205 0.385827 -0.850394 
vn -0.503937 0.385827 -0.771654 
vn -0.503937 0.385827 -0.771654 
vn -0.385827 0.708661 -0.590551 
vn -0.275591 0.708661 -0.653543 
vn -0.149606 0.92126 -0.354331 
vn -0.275591 0.708661 -0.653543 
vn -0.385827 0.708661 -0.590551 
vn -0.385827 0.708661 -0.590551 
vn -0.212598 0.92126 -0.322835 
vn -0.149606 0.92126 -0.354331 
vn 0 1 0 
vn -0.149606 0.92126 -0.354331 
vn -0.212598 0.92126 -0.322835 
vn -0.212598 0.92126 -0.322835 
vn 0 1 0 
vn 0 1 0 
vn -0.212598 -0.92126 -0.322835 
vn 0 -1 0 
vn 0 -1 0 
vn 0 -1 0 
vn -0.259843 -0.92126 -0.275591 
vn -0.212598 -0.92126 -0.322835 
vn -0.385827 -0.708661 -0.590551 
vn -0.212598 -0.92126 -0.322835 
vn -0.259843 -0.92126 -0.275591 
vn -0.259843 -0.92126 -0.275591 
vn -0.480315 -0.708661 -0.519685 
vn -0.385827 -0.708661 -0.590551 
vn -0.503937 -0.385827 -0.771654 
vn -0.385827 -0.708661 -0.590551 
vn -0.480315 -0.708661 -0.519685 
vn -0.480315 -0.708661 -0.519685 
vn -0.629921 -0.385827 -0.677165 
vn -0.503937 -0.385827 -0.771654 
vn -0.543307 0 -0.834646 
vn -0.503937 -0.385827 -0.771654 
vn -0.629921 -0.385827 -0.677165 
vn -0.629921 -0.385827 -0.677165 
vn -0.685039 0 -0.732283 
vn -0.543307 0 -0.834646 
vn -0.543307 0 -0.834646 
vn -0.543307 0 -0.834646 
vn -0.685039 0 -0.732283 
vn -0.685039 0 -0.732283 
vn -0.685039 0 -0.732283 
vn -0.543307 0 -0.834646 
vn -0.503937 0.385827 -0.771654 
vn -0.543307 0 -0.834646 
vn -0.685039 0 -0.732283 
vn -0.685039 0 -0.732283 
vn -0.629921 0.385827 -0.677165 
vn -0.503937 0.385827 -0.771654 
vn -0.385827 0.708661 -0.590551 
vn -0.503937 0.385827 -0.771654 
vn -0.629921 0.385827 -0.677165 
vn -0.629921 0.385827 -0.677165 
vn -0.480315 0.708661 -0.519685 
vn -0.385827 0.708661 -0.590551 
vn -0.212598 0.92126 -0.322835 
vn -0.385827 0.708661 -0.590551 
vn -0.480315 0.708661 -0.519685 
vn -0.480315 0.708661 -0.519685 
vn -0.259843 0.92126 -0.275591 
vn -0.212598 0.92126 -0.322835 
vn 0 1 0 
vn -0.212598 0.92126 -0.322835 
vn -0.259843 0.92126 -0.275591 
vn -0.259843 0.92126 -0.275591 
vn 0 1 0 
vn 0 1 0 
vn 0 -1 0 
vn 0 -1 0 
vn 0 -1 0 
vn 0 -1 0 
vn 0 -1 0 
vn 0 -1 0 
vn 0 -1 0 
vn 0 -1 0 
vn 0 -1 0 
vn 0 -1 0 
vn 0 -1 0 
vn 0 -1 0 
vn 0 -1 0 
vn 0 -1 0 
vn 0 -1 0 
vn 0 -1 0 
vn 0 -1 0 
vn 0 -1 0 
vn 0 -1 0 
vn 0 -1 0 
vn 0 -1 0 
vn 0 -1 0 
vn 0 -1 0 
vn 0 -1 0 
vn 0 -1 0 
vn 0 -1 0 
vn 0 -1 0 
vn 0 -1 0 
vn 0 -1 0 
vn 0 -1 0 
vn 0 -1 0 
vn 0 -1 0 
vn 0 -1 0 
vn 0 -1 0 
vn 0 -1 0 
vn 0 -1 0 
vn 0 -1 0 
vn 0 -1 0 
vn 0 -1 0 
vn 0 -1 0 
vn 0 -1 0 
vn 0 -1 0 
vn 0 -1 0 
vn 0 -1 0 
vn 0 -1 0 
vn 0 -1 0 
vn 0 -1 0 
vn 0 -1 0 
vn 0 -1 0 
vn 0 -1 0 
vn 0 -1 0 
vn 0 -1 0 
vn 0 -1 0 
vn 0 -1 0 
vn 0 -1 0 
vn 0 -1 0 
vn 0 -1 0 
vn 0 -1 0 
vn 0 -1 0 
vn 0 -1 0 
vn 0 -1 0 
vn 0 -1 0 
vn 0 -1 0 
vn 0 -1 0 
vn 0 -1 0 
vn 0 -1 0 
vn 0 -1 0 
vn 0 -1 0 
vn 0 -1 0 
vn 0 -1 0 
vn 0 -1 0 
vn 0 -1 0 
vn 0 -1 0 
vn 0 -1 0 
vn 0 -1 0 
vn 0 -1 0 
vn 0 -1 0 
vn 0 -1 0 
vn 0 -1 0 
vn 0 -1 0 
vn 0 -1 0 
vn 0 -1 0 
vn 0 -1 0 
vn 0 -1 0 
vn 0 -1 0 
vn 0 -1 0 
vn 0 -1 0 
vn 0 -1 0 
vn 0 -1 0 
vn 0 -1 0 
vn 0 -1 0 
vn 0 -1 0 
vn 0 -1 0 
vn 0 -1 0 
vn 0 -1 0 
vn 0 -1 0 
vn 0 -1 0 
vn 0 -1 0 
vn 0 -1 0 
vn 0 -1 0 
vn 0 -1 0 
vn 0 -1 0 
vn 0 -1 0 
vn 0 -1 0 
vn 0 -1 0 
vn 0 -1 0 
vn 0 -1 0 
vn 0 -1 0 
vn 0 -1 0 
vn 0 -1 0 
vn 0 -1 0 
vn 0 -1 0 
vn 0 -1 0 
vn 0 -1 0 
vn 0 -1 0 
vn 0 -1 0 
vn 0 -1 0 
vn 0 -1 0 
vn 0 -1 0 
vn 0 -1 0 
vn 0 -1 0 
vn 0 -1 0 
vn 0 -1 0 
vn 0 -1 0 
vn 0 -1 0 
vn 0 -1 0 
vn 0 -1 0 
vn 0 -1 0 
vn 0 -1 0 
vn 0 -1 0 
vn 0 -1 0 
vn 0 -1 0 
vn 0 -1 0 
vn 0 -1 0 
vn 0 -1 0 
vn 0 -1 0 
vn 0 -1 0 
vn 0 -1 0 
vn 0 -1 0 
vn 0 -1 0 
vn 0 -1 0 
vn 0 -1 0 
vn 0 -1 0 
vn 0 -1 0 
vn 0 -1 0 
vn 0 -1 0 
vn 0 -1 0 
vn 0 -1 0 
vn 0 -1 0 
vn 0 -1 0 
vn 0 -1 0 
vn 0 -1 0 
vn 0 -1 0 
vn 0 -1 0 
vn 0 -1 0 
vn 0 -1 0 
vn 0 -1 0 
vn 0 -1 0 
vn 0 -1 0 
vn 0 -1 0 
vn 0 -1 0 
vn 0 -1 0 
vn 0 -1 0 
vn 0 -1 0 
vn 0 -1 0 
vn 0 -1 0 
vn 0 -1 0 
vn 0 -1 0 
vn 0 -1 0 
vn 0 -1 0 
vn 0 -1 0 
vn 0 -1 0 
vn 0 -1 0 
vn 0 -1 0 
vn 0 -1 0 
vn 0 -1 0 
vn 0 -1 0 
vn 0 -1 0 
vn 0 -1 0 
vn 0 -1 0 
vn 0 -1 0 
vn 0 -1 0 
vn 0 -1 0 
vn 0 -1 0 
vn 0 -1 0 
vn 0 -1 0 
vn 0 -1 0 
vn 0 -1 0 
vn 0 -1 0 
vn 0 -1 0 
vn 0 -1 0 
vn 0 -1 0 
vn 0 -1 0 
vn 0 -1 0 
vn 0 -1 0 
vn 0 -1 0 
vn 0 -1 0 
vn 0 -1 0 
vn 0 -1 0 
vn 0 -1 0 
vn 0 -1 0 
vn 0 -1 0 
vn 0 -1 0 
vn 0 -1 0 
vn 0 -1 0 
vn 0 -1 0 
vn 0 -1 0 
vn 0 -1 0 
vn 0 -1 0 
vn 0 -1 0 
vn 0 -1 0 
vn 0 -1 0 
vn 0 -1 0 
vn 0 -1 0 
vn 0 -1 0 
vn 0 -1 0 
vn 0 -1 0 
vn 0 -1 0 
vn 0 -1 0 
vn 0 -1 0 
vn 0 -1 0 
vn 0 -1 0 
vn 0 -1 0 
vn 0 -1 0 
vn 0 -1 0 
vn 0 -1 0 
vn 0 -1 0 
vn 0 -1 0 
vn 0 -1 0 
vn 0 -1 0 
vn 0 -1 0 
vn 0 -1 0 
vn 0 -1 0 
vn 0 -1 0 
vn 0 -1 0 
vn 0 -1 0 
vn 0 -1 0 
vn 0 -1 0 
vn 0 -1 0 
vn 0 -1 0 
vn 0 -1 0 
vn 0 -1 0 
vn 0 -1 0 
vn 0 -1 0 
vn 0 -1 0 
vn 0 -1 0 
vn 0 -1 0 
vn 0 -1 0 
vn 0 -1 0 
vn 0 -1 0 
vn 0 -1 0 
vn 0 -1 0 
vn 0 -1 0 
vn 0 -1 0 
vn 0 -1 0 
vn 0 -1 0 
vn 0 -1 0 
vn 0 -1 0 
vn 0 -1 0 
vn 0 -1 0 
vn 0 -1 0 
vn 0 -1 0 
vn 0 -1 0 
vn 0 -1 0 
vn 0 -1 0 
vn 0 -1 0 
vn 0 -1 0 
vn 0 -1 0 
vn 0 -1 0 
vn 0 -1 0 
vn 0 -1 0 
vn 0 -1 0 
vn 0 -1 0 
vn 0 -1 0 
vn 0 -1 0 
vn 0 -1 0 
vn 0 -1 0 
vn 0 -1 0 
vn 0 -1 0 
vn 0 -1 0 
vn 0 -1 0 
vn 0 -1 0 
vn 0 -1 0 
vn 0 -1 0 
vn 0 -1 0 
vn 0 -1 0 
vn 0 -1 0 
vn 0 -1 0 
vn 0 -1 0 
vn 0 -1 0 
vn 0 -1 0 
vn 0 -1 0 
vn 0 -1 0 
vn 0 -1 0 
vn 0 -1 0 
vn 0 -1 0 
vn 0 -1 0 
vn 0 -1 0 
vn 0 -1 0 
vn 0 -1 0 
vn 0 -1 0 
vn 0 -1 0 
vn 0 -1 0 
vn 0 -1 0 
vn 0 -1 0 
vn 0 -1 0 
vn 0 -1 0 
vn 0 -1 0 
vn 0 -1 0 
vn 0 -1 0 
vn 0 -1 0 
vn 0 -1 0 
vn 0 -1 0 
vn 0 -1 0 
vn 0 -1 0 
vn 0 -1 0 
vn 0 -1 0 
vn 0 -1 0 
vn 0 -1 0 
vn 0 -1 0 
vn 0 -1 0 
vn 0 -1 0 
vn 0 -1 0 
vn 0 -1 0 
vn 0 -1 0 
vn 0 -1 0 
vn 0 -1 0 
vn 0 -1 0 
vn 0 -1 0 
vn 0 -1 0 
vn 0 -1 0 
vn 0 -1 0 
vn 0 -1 0 
vn 0 -1 0 
vn 0 -1 0 
vn 0 -1 0 
vn 0 -1 0 
vn 0 -1 0 
vn 0 -1 0 
vn 0 -1 0 
vn 0 -1 0 
vn 0 -1 0 
vn 0 -1 0 
vn 0 -1 0 
vn 0 -1 0 
vn 0 -1 0 
vn 0 -1 0 
vn 0 -1 0 
vn 0 -1 0 
vn 0 -1 0 
vn 0 -1 0 
vn 0 -1 0 
vn 0 -1 0 
vn 0 -1 0 
vn 0 -1 0 
vn 0 -1 0 
vn 0 -1 0 
vn 0 -1 0 
vn 0 -1 0 
vn 0 -1 0 
vn 0 -1 0 
vn 0 -1 0 
vn 0 -1 0 
vn 0 -1 0 
vn 0 -1 0 
vn 0 -1 0 
vn 0 -1 0 
vn 0 -1 0 
vn 0 -1 0 
vn 0 -1 0 
vn 0 -1 0 
vn 0 -1 0 
vn 0 -1 0 
vn 0 -1 0 
vn 0 -1 0 
vn 0 -1 0 
vn 0 -1 0 
vn 0 -1 0 
vn 0 -1 0 
vn 0 -1 0 
vn 0 -1 0 
vn 0 -1 0 
vn 0 -1 0 
vn 0 -1 0 
vn 0 -1 0 
vn 0 -1 0 
vn 0 -1 0 
vn 0 -1 0 
vn 0 -1 0 
vn 0 -1 0 
vn 0 -1 0 
vn 0 -1 0 
vn 0 -1 0 
vn 0 -1 0 
vn 0 -1 0 
vn 0 -1 0 
vn 0 -1 0 
vn 0 -1 0 
vn 0 -1 0 
vn 0 -1 0 
vn 0 -1 0 
vn 0 -1 0 
vn 0 -1 0 
vn 0 -1 0 
vn 0 -1 0 
vn 0 -1 0 
vn 0 -1 0 
vn 0 -1 0 
vn 0 -1 0 
vn 0 -1 0 
vn 0 -1 0 
vn 0 -1 0 
vn 0 -1 0 
vn 0 -1 0 
vn 0 -1 0 
vn 0 -1 0 
vn 0 -1 0 
vn 0 -1 0 
vn 0 -1 0 
vn 0 -1 0 
vn 0 -1 0 
vn 0 -1 0 
vn 0 -1 0 
vn 0 -1 0 
vn 0 -1 0 
vn 0 -1 0 
vn 0 -1 0 
vn 0 -1 0 
vn 0 -1 0 
vn 0 -1 0 
vn 0 -1 0 
vn 0 -1 0 
vn 0 -1 0 
vn 0 -1 0 
vn 0 -1 0 
vn 0 -1 0 
vn 0 -1 0 
vn 0 -1 0 
vn 0 -1 0 
vn 0 -1 0 
vn 0 -1 0 
vn 0 -1 0 
vn 0 -1 0 
vn 0 -1 0 
vn 0 -1 0 
vn 0 -1 0 
vn 0 -1 0 
vn 0 -1 0 
vn 0 -1 0 
vn 0 -1 0 
vn 0 -1 0 
vn 0 -1 0 
vn 0 -1 0 
vn 0 -1 0 
vn 0 -1 0 
vn 0 -1 0 
vn 0 -1 0 
vn 0 -1 0 
vn 0 -1 0 
vn 0 -1 0 
vn 0 -1 0 
vn 0 -1 0 
vn 0 -1 0 
vn 0 -1 0 
vn 0 -1 0 
vn 0 -1 0 
vn 0 -1 0 
vn 0 -1 0 
vn 0 -1 0 
vn 0 -1 0 
vn 0 -1 0 
vn 0 -1 0 
vn 0 -1 0 
vn 0 -1 0 
vn 0 -1 0 
vn 0 -1 0 
vn 0 -1 0 
vn 0 -1 0 
vn 0 -1 0 
vn 0 -1 0 
vn 0 -1 0 
vn 0 -1 0 
vn 0 -1 0 
vn 0 -1 0 
vn 0 -1 0 
vn 0 -1 0 
vn 0.259843 -0.92126 0.275591 
vn 0 -1 0 
vn 0 -1 0 
vn 0 -1 0 
vn 0.307087 -0.92126 0.228346 
vn 0.259843 -0.92126 0.275591 
vn 0.480315 -0.708661 0.519685 
vn 0.259843 -0.92126 0.275591 
vn 0.307087 -0.92126 0.228346 
vn 0.307087 -0.92126 0.228346 
vn 0.566929 -0.708661 0.425197 
vn 0.480315 -0.708661 0.519685 
vn 0.629921 -0.385827 0.677165 
vn 0.480315 -0.708661 0.519685 
vn 0.566929 -0.708661 0.425197 
vn 0.566929 -0.708661 0.425197 
vn 0.740157 -0.385827 0.551181 
vn 0.629921 -0.385827 0.677165 
vn 0.685039 0 0.732283 
vn 0.629921 -0.385827 0.677165 
vn 0.740157 -0.385827 0.551181 
vn 0.740157 -0.385827 0.551181 
vn 0.80315 0 0.598425 
vn 0.685039 0 0.732283 
vn 0.685039 0 0.732283 
vn 0.685039 0 0.732283 
vn 0.80315 0 0.598425 
vn 0.80315 0 0.598425 
vn 0.80315 0 0.598425 
vn 0.685039 0 0.732283 
vn 0.629921 0.385827 0.677165 
vn 0.685039 0 0.732283 
vn 0.80315 0 0.598425 
vn 0.80315 0 0.598425 
vn 0.740157 0.385827 0.551181 
vn 0.629921 0.385827 0.677165 
vn 0.480315 0.708661 0.519685 
vn 0.629921 0.385827 0.677165 
vn 0.740157 0.385827 0.551181 
vn 0.740157 0.385827 0.551181 
vn 0.566929 0.708661 0.425197 
vn 0.480315 0.708661 0.519685 
vn 0.259843 0.92126 0.275591 
vn 0.480315 0.708661 0.519685 
vn 0.566929 0.708661 0.425197 
vn 0.566929 0.708661 0.425197 
vn 0.307087 0.92126 0.228346 
vn 0.259843 0.92126 0.275591 
vn 0 1 0 
vn 0.259843 0.92126 0.275591 
vn 0.307087 0.92126 0.228346 
vn 0.307087 0.92126 0.228346 
vn 0 1 0 
vn 0 1 0 
vn 0.307087 -0.92126 0.228346 
vn 0 -1 0 
vn 0 -1 0 
vn 0 -1 0 
vn 0.338583 -0.92126 0.173228 
vn 0.307087 -0.92126 0.228346 
vn 0.566929 -0.708661 0.425197 
vn 0.307087 -0.92126 0.228346 
vn 0.338583 -0.92126 0.173228 
vn 0.338583 -0.92126 0.173228 
vn 0.629921 -0.708661 0.322835 
vn 0.566929 -0.708661 0.425197 
vn 0.740157 -0.385827 0.551181 
vn 0.566929 -0.708661 0.425197 
vn 0.629921 -0.708661 0.322835 
vn 0.629921 -0.708661 0.322835 
vn 0.826772 -0.385827 0.417323 
vn 0.740157 -0.385827 0.551181 
vn 0.80315 0 0.598425 
vn 0.740157 -0.385827 0.551181 
vn 0.826772 -0.385827 0.417323 
vn 0.826772 -0.385827 0.417323 
vn 0.889764 0 0.448819 
vn 0.80315 0 0.598425 
vn 0.80315 0 0.598425 
vn 0.80315 0 0.598425 
vn 0.889764 0 0.448819 
vn 0.889764 0 0.448819 
vn 0.889764 0 0.448819 
vn 0.80315 0 0.598425 
vn 0.740157 0.385827 0.551181 
vn 0.80315 0 0.598425 
vn 0.889764 0 0.448819 
vn 0.889764 0 0.448819 
vn 0.826772 0.385827 0.417323 
vn 0.740157 0.385827 0.551181 
vn 0.566929 0.708661 0.425197 
vn 0.740157 0.385827 0.551181 
vn 0.826772 0.385827 0.417323 
vn 0.826772 0.385827 0.417323 
vn 0.629921 0.708661 0.322835 
vn 0.566929 0.708661 0.425197 
vn 0.307087 0.92126 0.228346 
vn 0.566929 0.708661 0.425197 
vn 0.629921 0.708661 0.322835 
vn 0.629921 0.708661 0.322835 
vn 0.338583 0.92126 0.173228 
vn 0.307087 0.92126 0.228346 
vn 0 1 0 
vn 0.307087 0.92126 0.228346 
vn 0.338583 0.92126 0.173228 
vn 0.338583 0.92126 0.173228 
vn 0 1 0 
vn 0 1 0 
vn 0.338583 -0.92126 0.173228 
vn 0 -1 0 
vn 0 -1 0 
vn 0 -1 0 
vn 0.370079 -0.92126 0.110236 
vn 0.338583 -0.92126 0.173228 
vn 0.629921 -0.708661 0.322835 
vn 0.338583 -0.92126 0.173228 
vn 0.370079 -0.92126 0.110236 
vn 0.370079 -0.92126 0.110236 
vn 0.677165 -0.708661 0.204724 
vn 0.629921 -0.708661 0.322835 
vn 0.826772 -0.385827 0.417323 
vn 0.629921 -0.708661 0.322835 
vn 0.677165 -0.708661 0.204724 
vn 0.677165 -0.708661 0.204724 
vn 0.88189 -0.385827 0.267717 
vn 0.826772 -0.385827 0.417323 
vn 0.889764 0 0.448819 
vn 0.826772 -0.385827 0.417323 
vn 0.88189 -0.385827 0.267717 
vn 0.88189 -0.385827 0.267717 
vn 0.96063 0 0.291339 
vn 0.889764 0 0.448819 
vn 0.889764 0 0.448819 
vn 0.889764 0 0.448819 
vn 0.96063 0 0.291339 
vn 0.96063 0 0.291339 
vn 0.96063 0 0.291339 
vn 0.889764 0 0.448819 
vn 0.826772 0.385827 0.417323 
vn 0.889764 0 0.448819 
vn 0.96063 0 0.291339 
vn 0.96063 0 0.291339 
vn 0.88189 0.385827 0.267717 
vn 0.826772 0.385827 0.417323 
vn 0.629921 0.708661 0.322835 
vn 0.826772 0.385827 0.417323 
vn 0.88189 0.385827 0.267717 
vn 0.88189 0.385827 0.267717 
vn 0.677165 0.708661 0.204724 
vn 0.629921 0.708661 0.322835 
vn 0.338583 0.92126 0.173228 
vn 0.629921 0.708661 0.322835 
vn 0.677165 0.708661 0.204724 
vn 0.677165 0.708661 0.204724 
vn 0.370079 0.92126 0.110236 
vn 0.338583 0.92126 0.173228 
vn 0 1 0 
vn 0.338583 0.92126 0.173228 
vn 0.370079 0.92126 0.110236 
vn 0.370079 0.92126 0.110236 
vn 0 1 0 
vn 0 1 0 
vn 0.370079 -0.92126 0.110236 
vn 0 -1 0 
vn 0 -1 0 
vn 0 -1 0 
vn 0.377953 -0.92126 0.0472441 
vn 0.370079 -0.92126 0.110236 
vn 0.677165 -0.708661 0.204724 
vn 0.370079 -0.92126 0.110236 
vn 0.377953 -0.92126 0.0472441 
vn 0.377953 -0.92126 0.0472441 
vn 0.700787 -0.708661 0.0866142 
vn 0.677165 -0.708661 0.204724 
vn 0.88189 -0.385827 0.267717 
vn 0.677165 -0.708661 0.204724 
vn 0.700787 -0.708661 0.0866142 
vn 0.700787 -0.708661 0.0866142 
vn 0.913386 -0.385827 0.110236 
vn 0.88189 -0.385827 0.267717 
vn 0.96063 0 0.291339 
vn 0.88189 -0.385827 0.267717 
vn 0.913386 -0.385827 0.110236 
vn 0.913386 -0.385827 0.110236 
vn 0.992126 0 0.11811 
vn 0.96063 0 0.291339 
vn 0.96063 0 0.291339 
vn 0.96063 0 0.291339 
vn 0.992126 0 0.11811 
vn 0.992126 0 0.11811 
vn 0.992126 0 0.11811 
vn 0.96063 0 0.291339 
vn 0.88189 0.385827 0.267717 
vn 0.96063 0 0.291339 
vn 0.992126 0 0.11811 
vn 0.992126 0 0.11811 
vn 0.913386 0.385827 0.110236 
vn 0.88189 0.385827 0.267717 
vn 0.677165 0.708661 0.204724 
vn 0.88189 0.385827 0.267717 
vn 0.913386 0.385827 0.110236 
vn 0.913386 0.385827 0.110236 
vn 0.700787 0.708661 0.0866142 
vn 0.677165 0.708661 0.204724 
vn 0.370079 0.92126 0.110236 
vn 0.677165 0.708661 0.204724 
vn 0.700787 0.708661 0.0866142 
vn 0.700787 0.708661 0.0866142 
vn 0.377953 0.92126 0.0472441 
vn 0.370079 0.92126 0.110236 
vn 0 1 0 
vn 0.370079 0.92126 0.110236 
vn 0.377953 0.92126 0.0472441 
vn 0.377953 0.92126 0.0472441 
vn 0 1 0 
vn 0 1 0 
vn 0.377953 -0.92126 0.0472441 
vn 0 -1 0 
vn 0 -1 0 
vn 0 -1 0 
vn 0.385827 -0.92126 -0.023622 
vn 0.377953 -0.92126 0.0472441 
vn 0.700787 -0.708661 0.0866142 
vn 0.377953 -0.92126 0.0472441 
vn 0.385827 -0.92126 -0.023622 
vn 0.385827 -0.92126 -0.023622 
vn 0.708661 -0.708661 -0.0393701 
vn 0.700787 -0.708661 0.0866142 
vn 0.913386 -0.385827 0.110236 
vn 0.700787 -0.708661 0.0866142 
vn 0.708661 -0.708661 -0.0393701 
vn 0.708661 -0.708661 -0.0393701 
vn 0.92126 -0.385827 -0.0472441 
vn 0.913386 -0.385827 0.110236 
vn 0.992126 0 0.11811 
vn 0.913386 -0.385827 0.110236 
vn 0.92126 -0.385827 -0.0472441 
vn 0.92126 -0.385827 -0.0472441 
vn 1 0 -0.0551181 
vn 0.992126 0 0.11811 
vn 0.992126 0 0.11811 
vn 0.992126 0 0.11811 
vn 1 0 -0.0551181 
vn 1 0 -0.0551181 
vn 1 0 -0.0551181 
vn 0.992126 0 0.11811 
vn 0.913386 0.385827 0.110236 
vn 0.992126 0 0.11811 
vn 1 0 -0.0551181 
vn 1 0 -0.0551181 
vn 0.92126 0.385827 -0.0472441 
vn 0.913386 0.385827 0.110236 
vn 0.700787 0.708661 0.0866142 
vn 0.913386 0.385827 0.110236 
vn 0.92126 0.385827 -0.0472441 
vn 0.92126 0.385827 -0.0472441 
vn 0.708661 0.708661 -0.0393701 
vn 0.700787 0.708661 0.0866142 
vn 0.377953 0.92126 0.0472441 
vn 0.700787 0.708661 0.0866142 
vn 0.708661 0.708661 -0.0393701 
vn 0.708661 0.708661 -0.0393701 
vn 0.385827 0.92126 -0.023622 
vn 0.377953 0.92126 0.0472441 
vn 0 1 0 
vn 0.377953 0.92126 0.0472441 
vn 0.385827 0.92126 -0.023622 
vn 0.385827 0.92126 -0.023622 
vn 0 1 0 
vn 0 1 0 
vn 0.385827 -0.92126 -0.023622 
vn 0 -1 0 
vn 0 -1 0 
vn 0 -1 0 
vn 0.370079 -0.92126 -0.0866142 
vn 0.385827 -0.92126 -0.023622 
vn 0.708661 -0.708661 -0.0393701 
vn 0.385827 -0.92126 -0.023622 
vn 0.370079 -0.92126 -0.0866142 
vn 0.370079 -0.92126 -0.0866142 
vn 0.685039 -0.708661 -0.15748 
vn 0.708661 -0.708661 -0.0393701 
vn 0.92126 -0.385827 -0.0472441 
vn 0.708661 -0.708661 -0.0393701 
vn 0.685039 -0.708661 -0.15748 
vn 0.685039 -0.708661 -0.15748 
vn 0.897638 -0.385827 -0.212598 
vn 0.92126 -0.385827 -0.0472441 
vn 1 0 -0.0551181 
vn 0.92126 -0.385827 -0.0472441 
vn 0.897638 -0.385827 -0.212598 
vn 0.897638 -0.385827 -0.212598 
vn 0.976378 0 -0.228346 
vn 1 0 -0.0551181 
vn 1 0 -0.0551181 
vn 1 0 -0.0551181 
vn 0.976378 0 -0.228346 
vn 0.976378 0 -0.228346 
vn 0.976378 0 -0.228346 
vn 1 0 -0.0551181 
vn 0.92126 0.385827 -0.0472441 
vn 1 0 -0.0551181 
vn 0.976378 0 -0.228346 
vn 0.976378 0 -0.228346 
vn 0.897638 0.385827 -0.212598 
vn 0.92126 0.385827 -0.0472441 
vn 0.708661 0.708661 -0.0393701 
vn 0.92126 0.385827 -0.0472441 
vn 0.897638 0.385827 -0.212598 
vn 0.897638 0.385827 -0.212598 
vn 0.685039 0.708661 -0.15748 
vn 0.708661 0.708661 -0.0393701 
vn 0.385827 0.92126 -0.023622 
vn 0.708661 0.708661 -0.0393701 
vn 0.685039 0.708661 -0.15748 
vn 0.685039 0.708661 -0.15748 
vn 0.370079 0.92126 -0.0866142 
vn 0.385827 0.92126 -0.023622 
vn 0 1 0 
vn 0.385827 0.92126 -0.023622 
vn 0.370079 0.92126 -0.0866142 
vn 0.370079 0.92126 -0.0866142 
vn 0 1 0 
vn 0 1 0 
vn 0.370079 -0.92126 -0.0866142 
vn 0 -1 0 
vn 0 -1 0 
vn 0 -1 0 
vn 0.354331 -0.92126 -0.149606 
vn 0.370079 -0.92126 -0.0866142 
vn 0.685039 -0.708661 -0.15748 
vn 0.370079 -0.92126 -0.0866142 
vn 0.354331 -0.92126 -0.149606 
vn 0.354331 -0.92126 -0.149606 
vn 0.653543 -0.708661 -0.275591 
vn 0.685039 -0.708661 -0.15748 
vn 0.897638 -0.385827 -0.212598 
vn 0.685039 -0.708661 -0.15748 
vn 0.653543 -0.708661 -0.275591 
vn 0.653543 -0.708661 -0.275591 
vn 0.850394 -0.385827 -0.362205 
vn 0.897638 -0.385827 -0.212598 
vn 0.976378 0 -0.228346 
vn 0.897638 -0.385827 -0.212598 
vn 0.850394 -0.385827 -0.362205 
vn 0.850394 -0.385827 -0.362205 
vn 0.92126 0 -0.393701 
vn 0.976378 0 -0.228346 
vn 0.976378 0 -0.228346 
vn 0.976378 0 -0.228346 
vn 0.92126 0 -0.393701 
vn 0.92126 0 -0.393701 
vn 0.92126 0 -0.393701 
vn 0.976378 0 -0.228346 
vn 0.897638 0.385827 -0.212598 
vn 0.976378 0 -0.228346 
vn 0.92126 0 -0.393701 
vn 0.92126 0 -0.393701 
vn 0.850394 0.385827 -0.362205 
vn 0.897638 0.385827 -0.212598 
vn 0.685039 0.708661 -0.15748 
vn 0.897638 0.385827 -0.212598 
vn 0.850394 0.385827 -0.362205 
vn 0.850394 0.385827 -0.362205 
vn 0.653543 0.708661 -0.275591 
vn 0.685039 0.708661 -0.15748 
vn 0.370079 0.92126 -0.0866142 
vn 0.685039 0.708661 -0.15748 
vn 0.653543 0.708661 -0.275591 
vn 0.653543 0.708661 -0.275591 
vn 0.354331 0.92126 -0.149606 
vn 0.370079 0.92126 -0.0866142 
vn 0 1 0 
vn 0.370079 0.92126 -0.0866142 
vn 0.354331 0.92126 -0.149606 
vn 0.354331 0.92126 -0.149606 
vn 0 1 0 
vn 0 1 0 
vn 0.354331 -0.92126 -0.149606 
vn 0 -1 0 
vn 0 -1 0 
vn 0 -1 0 
vn 0.322835 -0.92126 -0.212598 
vn 0.354331 -0.92126 -0.149606 
vn 0.653543 -0.708661 -0.275591 
vn 0.354331 -0.92126 -0.149606 
vn 0.322835 -0.92126 -0.212598 
vn 0.322835 -0.92126 -0.212598 
vn 0.590551 -0.708661 -0.385827 
vn 0.653543 -0.708661 -0.275591 
vn 0.850394 -0.385827 -0.362205 
vn 0.653543 -0.708661 -0.275591 
vn 0.590551 -0.708661 -0.385827 
vn 0.590551 -0.708661 -0.385827 
vn 0.771654 -0.385827 -0.503937 
vn 0.850394 -0.385827 -0.362205 
vn 0.92126 0 -0.393701 
vn 0.850394 -0.385827 -0.362205 
vn 0.771654 -0.385827 -0.503937 
vn 0.771654 -0.385827 -0.503937 
vn 0.834646 0 -0.543307 
vn 0.92126 0 -0.393701 
vn 0.92126 0 -0.393701 
vn 0.92126 0 -0.393701 
vn 0.834646 0 -0.543307 
vn 0.834646 0 -0.543307 
vn 0.834646 0 -0.543307 
vn 0.92126 0 -0.393701 
vn 0.850394 0.385827 -0.362205 
vn 0.92126 0 -0.393701 
vn 0.834646 0 -0.543307 
vn 0.834646 0 -0.543307 
vn 0.771654 0.385827 -0.503937 
vn 0.850394 0.385827 -0.362205 
vn 0.653543 0.708661 -0.275591 
vn 0.850394 0.385827 -0.362205 
vn 0.771654 0.385827 -0.503937 
vn 0.771654 0.385827 -0.503937 
vn 0.590551 0.708661 -0.385827 
vn 0.653543 0.708661 -0.275591 
vn 0.354331 0.92126 -0.149606 
vn 0.653543 0.708661 -0.275591 
vn 0.590551 0.708661 -0.385827 
vn 0.590551 0.708661 -0.385827 
vn 0.322835 0.92126 -0.212598 
vn 0.354331 0.92126 -0.149606 
vn 0 1 0 
vn 0.354331 0.92126 -0.149606 
vn 0.322835 0.92126 -0.212598 
vn 0.322835 0.92126 -0.212598 
vn 0 1 0 
vn 0 1 0 
vn 0.322835 -0.92126 -0.212598 
vn 0 -1 0 
vn 0 -1 0 
vn 0 -1 0 
vn 0.275591 -0.92126 -0.259843 
vn 0.322835 -0.92126 -0.212598 
vn 0.590551 -0.708661 -0.385827 
vn 0.322835 -0.92126 -0.212598 
vn 0.275591 -0.92126 -0.259843 
vn 0.275591 -0.92126 -0.259843 
vn 0.519685 -0.708661 -0.480315 
vn 0.590551 -0.708661 -0.385827 
vn 0.771654 -0.385827 -0.503937 
vn 0.590551 -0.708661 -0.385827 
vn 0.519685 -0.708661 -0.480315 
vn 0.519685 -0.708661 -0.480315 
vn 0.677165 -0.385827 -0.629921 
vn 0.771654 -0.385827 -0.503937 
vn 0.834646 0 -0.543307 
vn 0.771654 -0.385827 -0.503937 
vn 0.677165 -0.385827 -0.629921 
vn 0.677165 -0.385827 -0.629921 
vn 0.732283 0 -0.685039 
vn 0.834646 0 -0.543307 
vn 0.834646 0 -0.543307 
vn 0.834646 0 -0.543307 
vn 0.732283 0 -0.685039 
vn 0.732283 0 -0.685039 
vn 0.732283 0 -0.685039 
vn 0.834646 0 -0.543307 
vn 0.771654 0.385827 -0.503937 
vn 0.834646 0 -0.543307 
vn 0.732283 0 -0.685039 
vn 0.732283 0 -0.685039 
vn 0.677165 0.385827 -0.629921 
vn 0.771654 0.385827 -0.503937 
vn 0.590551 0.708661 -0.385827 
vn 0.771654 0.385827 -0.503937 
vn 0.677165 0.385827 -0.629921 
vn 0.677165 0.385827 -0.629921 
vn 0.519685 0.708661 -0.480315 
vn 0.590551 0.708661 -0.385827 
vn 0.322835 0.92126 -0.212598 
vn 0.590551 0.708661 -0.385827 
vn 0.519685 0.708661 -0.480315 
vn 0.519685 0.708661 -0.480315 
vn 0.275591 0.92126 -0.259843 
vn 0.322835 0.92126 -0.212598 
vn 0 1 0 
vn 0.322835 0.92126 -0.212598 
vn 0.275591 0.92126 -0.259843 
vn 0.275591 0.92126 -0.259843 
vn 0 1 0 
vn 0 1 0 

vt 0.236328 0.732422 
vt 0.236328 0.732422 
vt 0.236328 0.732422 
vt 0.236328 0.732422 
vt 0.236328 0.732422 
vt 0.236328 0.732422 
vt 0.236328 0.732422 
vt 0.236328 0.732422 
vt 0.236328 0.732422 
vt 0.236328 0.732422 
vt 0.236328 0.732422 
vt 0.236328 0.732422 
vt 0.236328 0.732422 
vt 0.236328 0.732422 
vt 0.236328 0.732422 
vt 0.236328 0.732422 
vt 0.236328 0.732422 
vt 0.236328 0.732422 
vt 0.236328 0.732422 
vt 0.236328 0.732422 
vt 0.236328 0.732422 
vt 0.236328 0.732422 
vt 0.236328 0.732422 
vt 0.236328 0.732422 
vt 0.236328 0.732422 
vt 0.236328 0.732422 
vt 0.236328 0.732422 
vt 0.236328 0.732422 
vt 0.236328 0.732422 
vt 0.236328 0.732422 
vt 0.236328 0.732422 
vt 0.236328 0.732422 
vt 0.236328 0.732422 
vt 0.236328 0.732422 
vt 0.236328 0.732422 
vt 0.236328 0.732422 
vt 0.236328 0.732422 
vt 0.236328 0.732422 
vt 0.236328 0.732422 
vt 0.236328 0.732422 
vt 0.236328 0.732422 
vt 0.236328 0.732422 
vt 0.236328 0.732422 
vt 0.236328 0.732422 
vt 0.236328 0.732422 
vt 0.236328 0.732422 
vt 0.236328 0.732422 
vt 0.236328 0.732422 
vt 0.236328 0.732422 
vt 0.236328 0.732422 
vt 0.236328 0.732422 
vt 0.236328 0.732422 
vt 0.236328 0.732422 
vt 0.236328 0.732422 
vt 0.236328 0.732422 
vt 0.236328 0.732422 
vt 0.236328 0.732422 
vt 0.236328 0.732422 
vt 0.236328 0.732422 
vt 0.236328 0.732422 
vt 0.236328 0.732422 
vt 0.236328 0.732422 
vt 0.236328 0.732422 
vt 0.236328 0.732422 
vt 0.236328 0.732422 
vt 0.236328 0.732422 
vt 0.236328 0.732422 
vt 0.236328 0.732422 
vt 0.236328 0.732422 
vt 0.236328 0.732422 
vt 0.236328 0.732422 
vt 0.236328 0.732422 
vt 0.236328 0.732422 
vt 0.236328 0.732422 
vt 0.236328 0.732422 
vt 0.236328 0.732422 
vt 0.236328 0.732422 
vt 0.236328 0.732422 
vt 0.236328 0.732422 
vt 0.236328 0.732422 
vt 0.236328 0.732422 
vt 0.236328 0.732422 
vt 0.236328 0.732422 
vt 0.236328 0.732422 
vt 0.236328 0.732422 
vt 0.236328 0.732422 
vt 0.236328 0.732422 
vt 0.236328 0.732422 
vt 0.236328 0.732422 
vt 0.236328 0.732422 
vt 0.236328 0.732422 
vt 0.236328 0.732422 
vt 0.236328 0.732422 
vt 0.236328 0.732422 
vt 0.236328 0.732422 
vt 0.236328 0.732422 
vt 0.236328 0.732422 
vt 0.236328 0.732422 
vt 0.236328 0.732422 
vt 0.236328 0.732422 
vt 0.236328 0.732422 
vt 0.236328 0.732422 
vt 0.236328 0.732422 
vt 0.236328 0.732422 
vt 0.236328 0.732422 
vt 0.236328 0.732422 
vt 0.236328 0.732422 
vt 0.236328 0.732422 
vt 0.236328 0.732422 
vt 0.236328 0.732422 
vt 0.236328 0.732422 
vt 0.236328 0.732422 
vt 0.236328 0.732422 
vt 0.236328 0.732422 
vt 0.236328 0.732422 
vt 0.236328 0.732422 
vt 0.236328 0.732422 
vt 0.236328 0.732422 
vt 0.236328 0.732422 
vt 0.236328 0.732422 
vt 0.236328 0.732422 
vt 0.236328 0.732422 
vt 0.236328 0.732422 
vt 0.236328 0.732422 
vt 0.236328 0.732422 
vt 0.236328 0.732422 
vt 0.236328 0.732422 
vt 0.236328 0.732422 
vt 0.236328 0.732422 
vt 0.236328 0.732422 
vt 0.236328 0.732422 
vt 0.236328 0.732422 
vt 0.236328 0.732422 
vt 0.236328 0.732422 
vt 0.236328 0.732422 
vt 0.236328 0.732422 
vt 0.236328 0.732422 
vt 0.236328 0.732422 
vt 0.236328 0.732422 
vt 0.236328 0.732422 
vt 0.236328 0.732422 
vt 0.236328 0.732422 
vt 0.236328 0.732422 
vt 0.236328 0.732422 
vt 0.236328 0.732422 
vt 0.236328 0.732422 
vt 0.236328 0.732422 
vt 0.236328 0.732422 
vt 0.236328 0.732422 
vt 0.236328 0.732422 
vt 0.236328 0.732422 
vt 0.236328 0.732422 
vt 0.236328 0.732422 
vt 0.236328 0.732422 
vt 0.236328 0.732422 
vt 0.236328 0.732422 
vt 0.236328 0.732422 
vt 0.236328 0.732422 
vt 0.236328 0.732422 
vt 0.236328 0.732422 
vt 0.236328 0.732422 
vt 0.236328 0.732422 
vt 0.236328 0.732422 
vt 0.236328 0.732422 
vt 0.236328 0.732422 
vt 0.236328 0.732422 
vt 0.236328 0.732422 
vt 0.236328 0.732422 
vt 0.236328 0.732422 
vt 0.236328 0.732422 
vt 0.236328 0.732422 
vt 0.236328 0.732422 
vt 0.236328 0.732422 
vt 0.236328 0.732422 
vt 0.236328 0.732422 
vt 0.236328 0.732422 
vt 0.236328 0.732422 
vt 0.236328 0.732422 
vt 0.236328 0.732422 
vt 0.236328 0.732422 
vt 0.236328 0.732422 
vt 0.236328 0.732422 
vt 0.236328 0.732422 
vt 0.236328 0.732422 
vt 0.236328 0.732422 
vt 0.236328 0.732422 
vt 0.236328 0.732422 
vt 0.236328 0.732422 
vt 0.236328 0.732422 
vt 0.236328 0.732422 
vt 0.236328 0.732422 
vt 0.236328 0.732422 
vt 0.236328 0.732422 
vt 0.236328 0.732422 
vt 0.236328 0.732422 
vt 0.236328 0.732422 
vt 0.236328 0.732422 
vt 0.236328 0.732422 
vt 0.236328 0.732422 
vt 0.236328 0.732422 
vt 0.236328 0.732422 
vt 0.236328 0.732422 
vt 0.236328 0.732422 
vt 0.236328 0.732422 
vt 0.236328 0.732422 
vt 0.236328 0.732422 
vt 0.236328 0.732422 
vt 0.236328 0.732422 
vt 0.236328 0.732422 
vt 0.236328 0.732422 
vt 0.236328 0.732422 
vt 0.236328 0.732422 
vt 0.236328 0.732422 
vt 0.236328 0.732422 
vt 0.236328 0.732422 
vt 0.236328 0.732422 
vt 0.236328 0.732422 
vt 0.236328 0.732422 
vt 0.236328 0.732422 
vt 0.236328 0.732422 
vt 0.236328 0.732422 
vt 0.236328 0.732422 
vt 0.236328 0.732422 
vt 0.236328 0.732422 
vt 0.236328 0.732422 
vt 0.236328 0.732422 
vt 0.236328 0.732422 
vt 0.236328 0.732422 
vt 0.236328 0.732422 
vt 0.236328 0.732422 
vt 0.236328 0.732422 
vt 0.236328 0.732422 
vt 0.236328 0.732422 
vt 0.236328 0.732422 
vt 0.236328 0.732422 
vt 0.236328 0.732422 
vt 0.236328 0.732422 
vt 0.236328 0.732422 
vt 0.236328 0.732422 
vt 0.236328 0.732422 
vt 0.236328 0.732422 
vt 0.236328 0.732422 
vt 0.236328 0.732422 
vt 0.236328 0.732422 
vt 0.236328 0.732422 
vt 0.236328 0.732422 
vt 0.236328 0.732422 
vt 0.236328 0.732422 
vt 0.236328 0.732422 
vt 0.236328 0.732422 
vt 0.236328 0.732422 
vt 0.236328 0.732422 
vt 0.236328 0.732422 
vt 0.236328 0.732422 
vt 0.236328 0.732422 
vt 0.236328 0.732422 
vt 0.236328 0.732422 
vt 0.236328 0.732422 
vt 0.236328 0.732422 
vt 0.236328 0.732422 
vt 0.236328 0.732422 
vt 0.236328 0.732422 
vt 0.236328 0.732422 
vt 0.236328 0.732422 
vt 0.236328 0.732422 
vt 0.236328 0.732422 
vt 0.236328 0.732422 
vt 0.236328 0.732422 
vt 0.236328 0.732422 
vt 0.236328 0.732422 
vt 0.236328 0.732422 
vt 0.236328 0.732422 
vt 0.236328 0.732422 
vt 0.236328 0.732422 
vt 0.236328 0.732422 
vt 0.236328 0.732422 
vt 0.236328 0.732422 
vt 0.236328 0.732422 
vt 0.236328 0.732422 
vt 0.236328 0.732422 
vt 0.236328 0.732422 
vt 0.236328 0.732422 
vt 0.236328 0.732422 
vt 0.236328 0.732422 
vt 0.236328 0.732422 
vt 0.236328 0.732422 
vt 0.236328 0.732422 
vt 0.236328 0.732422 
vt 0.236328 0.732422 
vt 0.236328 0.732422 
vt 0.236328 0.732422 
vt 0.236328 0.732422 
vt 0.236328 0.732422 
vt 0.236328 0.732422 
vt 0.236328 0.732422 
vt 0.236328 0.732422 
vt 0.236328 0.732422 
vt 0.236328 0.732422 
vt 0.236328 0.732422 
vt 0.236328 0.732422 
vt 0.236328 0.732422 
vt 0.236328 0.732422 
vt 0.236328 0.732422 
vt 0.236328 0.732422 
vt 0.236328 0.732422 
vt 0.236328 0.732422 
vt 0.236328 0.732422 
vt 0.236328 0.732422 
vt 0.236328 0.732422 
vt 0.236328 0.732422 
vt 0.236328 0.732422 
vt 0.236328 0.732422 
vt 0.236328 0.732422 
vt 0.236328 0.732422 
vt 0.236328 0.732422 
vt 0.236328 0.732422 
vt 0.236328 0.732422 
vt 0.236328 0.732422 
vt 0.236328 0.732422 
vt 0.236328 0.732422 
vt 0.236328 0.732422 
vt 0.236328 0.732422 
vt 0.236328 0.732422 
vt 0.236328 0.732422 
vt 0.236328 0.732422 
vt 0.236328 0.732422 
vt 0.236328 0.732422 
vt 0.236328 0.732422 
vt 0.236328 0.732422 
vt 0.236328 0.732422 
vt 0.236328 0.732422 
vt 0.236328 0.732422 
vt 0.236328 0.732422 
vt 0.236328 0.732422 
vt 0.236328 0.732422 
vt 0.236328 0.732422 
vt 0.236328 0.732422 
vt 0.236328 0.732422 
vt 0.236328 0.732422 
vt 0.236328 0.732422 
vt 0.236328 0.732422 
vt 0.236328 0.732422 
vt 0.236328 0.732422 
vt 0.236328 0.732422 
vt 0.236328 0.732422 
vt 0.236328 0.732422 
vt 0.236328 0.732422 
vt 0.236328 0.732422 
vt 0.236328 0.732422 
vt 0.236328 0.732422 
vt 0.236328 0.732422 
vt 0.236328 0.732422 
vt 0.236328 0.732422 
vt 0.236328 0.732422 
vt 0.236328 0.732422 
vt 0.236328 0.732422 
vt 0.236328 0.732422 
vt 0.236328 0.732422 
vt 0.236328 0.732422 
vt 0.236328 0.732422 
vt 0.236328 0.732422 
vt 0.236328 0.732422 
vt 0.236328 0.732422 
vt 0.236328 0.732422 
vt 0.236328 0.732422 
vt 0.236328 0.732422 
vt 0.236328 0.732422 
vt 0.236328 0.732422 
vt 0.236328 0.732422 
vt 0.236328 0.732422 
vt 0.236328 0.732422 
vt 0.236328 0.732422 
vt 0.236328 0.732422 
vt 0.236328 0.732422 
vt 0.236328 0.732422 
vt 0.236328 0.732422 
vt 0.236328 0.732422 
vt 0.236328 0.732422 
vt 0.236328 0.732422 
vt 0.236328 0.732422 
vt 0.236328 0.732422 
vt 0.236328 0.732422 
vt 0.236328 0.732422 
vt 0.236328 0.732422 
vt 0.236328 0.732422 
vt 0.236328 0.732422 
vt 0.236328 0.732422 
vt 0.236328 0.732422 
vt 0.236328 0.732422 
vt 0.236328 0.732422 
vt 0.236328 0.732422 
vt 0.236328 0.732422 
vt 0.236328 0.732422 
vt 0.236328 0.732422 
vt 0.236328 0.732422 
vt 0.236328 0.732422 
vt 0.236328 0.732422 
vt 0.236328 0.732422 
vt 0.236328 0.732422 
vt 0.236328 0.732422 
vt 0.236328 0.732422 
vt 0.236328 0.732422 
vt 0.236328 0.732422 
vt 0.236328 0.732422 
vt 0.236328 0.732422 
vt 0.236328 0.732422 
vt 0.236328 0.732422 
vt 0.236328 0.732422 
vt 0.236328 0.732422 
vt 0.236328 0.732422 
vt 0.236328 0.732422 
vt 0.236328 0.732422 
vt 0.236328 0.732422 
vt 0.236328 0.732422 
vt 0.236328 0.732422 
vt 0.236328 0.732422 
vt 0.236328 0.732422 
vt 0.236328 0.732422 
vt 0.236328 0.732422 
vt 0.236328 0.732422 
vt 0.236328 0.732422 
vt 0.236328 0.732422 
vt 0.236328 0.732422 
vt 0.236328 0.732422 
vt 0.236328 0.732422 
vt 0.236328 0.732422 
vt 0.236328 0.732422 
vt 0.236328 0.732422 
vt 0.236328 0.732422 
vt 0.236328 0.732422 
vt 0.236328 0.732422 
vt 0.236328 0.732422 
vt 0.236328 0.732422 
vt 0.236328 0.732422 
vt 0.236328 0.732422 
vt 0.236328 0.732422 
vt 0.236328 0.732422 
vt 0.236328 0.732422 
vt 0.236328 0.732422 
vt 0.236328 0.732422 
vt 0.236328 0.732422 
vt 0.236328 0.732422 
vt 0.236328 0.732422 
vt 0.236328 0.732422 
vt 0.236328 0.732422 
vt 0.236328 0.732422 
vt 0.236328 0.732422 
vt 0.236328 0.732422 
vt 0.236328 0.732422 
vt 0.236328 0.732422 
vt 0.236328 0.732422 
vt 0.236328 0.732422 
vt 0.236328 0.732422 
vt 0.236328 0.732422 
vt 0.236328 0.732422 
vt 0.236328 0.732422 
vt 0.236328 0.732422 
vt 0.236328 0.732422 
vt 0.236328 0.732422 
vt 0.236328 0.732422 
vt 0.236328 0.732422 
vt 0.236328 0.732422 
vt 0.236328 0.732422 
vt 0.236328 0.732422 
vt 0.236328 0.732422 
vt 0.236328 0.732422 
vt 0.236328 0.732422 
vt 0.236328 0.732422 
vt 0.236328 0.732422 
vt 0.236328 0.732422 
vt 0.236328 0.732422 
vt 0.236328 0.732422 
vt 0.236328 0.732422 
vt 0.236328 0.732422 
vt 0.236328 0.732422 
vt 0.236328 0.732422 
vt 0.236328 0.732422 
vt 0.236328 0.732422 
vt 0.236328 0.732422 
vt 0.236328 0.732422 
vt 0.236328 0.732422 
vt 0.236328 0.732422 
vt 0.236328 0.732422 
vt 0.236328 0.732422 
vt 0.236328 0.732422 
vt 0.236328 0.732422 
vt 0.236328 0.732422 
vt 0.236328 0.732422 
vt 0.236328 0.732422 
vt 0.236328 0.732422 
vt 0.236328 0.732422 
vt 0.236328 0.732422 
vt 0.236328 0.732422 
vt 0.236328 0.732422 
vt 0.236328 0.732422 
vt 0.236328 0.732422 
vt 0.236328 0.732422 
vt 0.236328 0.732422 
vt 0.236328 0.732422 
vt 0.236328 0.732422 
vt 0.236328 0.732422 
vt 0.236328 0.732422 
vt 0.236328 0.732422 
vt 0.236328 0.732422 
vt 0.236328 0.732422 
vt 0.236328 0.732422 
vt 0.236328 0.732422 
vt 0.236328 0.732422 
vt 0.236328 0.732422 
vt 0.236328 0.732422 
vt 0.236328 0.732422 
vt 0.236328 0.732422 
vt 0.236328 0.732422 
vt 0.236328 0.732422 
vt 0.236328 0.732422 
vt 0.236328 0.732422 
vt 0.236328 0.732422 
vt 0.236328 0.732422 
vt 0.236328 0.732422 
vt 0.236328 0.732422 
vt 0.236328 0.732422 
vt 0.236328 0.732422 
vt 0.236328 0.732422 
vt 0.236328 0.732422 
vt 0.236328 0.732422 
vt 0.236328 0.732422 
vt 0.236328 0.732422 
vt 0.236328 0.732422 
vt 0.236328 0.732422 
vt 0.236328 0.732422 
vt 0.236328 0.732422 
vt 0.236328 0.732422 
vt 0.236328 0.732422 
vt 0.236328 0.732422 
vt 0.236328 0.732422 
vt 0.236328 0.732422 
vt 0.236328 0.732422 
vt 0.236328 0.732422 
vt 0.236328 0.732422 
vt 0.236328 0.732422 
vt 0.236328 0.732422 
vt 0.236328 0.732422 
vt 0.236328 0.732422 
vt 0.236328 0.732422 
vt 0.236328 0.732422 
vt 0.236328 0.732422 
vt 0.236328 0.732422 
vt 0.236328 0.732422 
vt 0.236328 0.732422 
vt 0.236328 0.732422 
vt 0.236328 0.732422 
vt 0.236328 0.732422 
vt 0.236328 0.732422 
vt 0.236328 0.732422 
vt 0.236328 0.732422 
vt 0.236328 0.732422 
vt 0.236328 0.732422 
vt 0.236328 0.732422 
vt 0.236328 0.732422 
vt 0.236328 0.732422 
vt 0.236328 0.732422 
vt 0.236328 0.732422 
vt 0.236328 0.732422 
vt 0.236328 0.732422 
vt 0.236328 0.732422 
vt 0.236328 0.732422 
vt 0.236328 0.732422 
vt 0.236328 0.732422 
vt 0.236328 0.732422 
vt 0.236328 0.732422 
vt 0.236328 0.732422 
vt 0.236328 0.732422 
vt 0.236328 0.732422 
vt 0.236328 0.732422 
vt 0.236328 0.732422 
vt 0.236328 0.732422 
vt 0.236328 0.732422 
vt 0.236328 0.732422 
vt 0.236328 0.732422 
vt 0.236328 0.732422 
vt 0.236328 0.732422 
vt 0.236328 0.732422 
vt 0.236328 0.732422 
vt 0.236328 0.732422 
vt 0.236328 0.732422 
vt 0.236328 0.732422 
vt 0.236328 0.732422 
vt 0.236328 0.732422 
vt 0.236328 0.732422 
vt 0.236328 0.732422 
vt 0.236328 0.732422 
vt 0.236328 0.732422 
vt 0.236328 0.732422 
vt 0.236328 0.732422 
vt 0.236328 0.732422 
vt 0.236328 0.732422 
vt 0.236328 0.732422 
vt 0.236328 0.732422 
vt 0.236328 0.732422 
vt 0.236328 0.732422 
vt 0.236328 0.732422 
vt 0.236328 0.732422 
vt 0.236328 0.732422 
vt 0.236328 0.732422 
vt 0.236328 0.732422 
vt 0.236328 0.732422 
vt 0.236328 0.732422 
vt 0.236328 0.732422 
vt 0.236328 0.732422 
vt 0.236328 0.732422 
vt 0.236328 0.732422 
vt 0.236328 0.732422 
vt 0.236328 0.732422 
vt 0.236328 0.732422 
vt 0.236328 0.732422 
vt 0.236328 0.732422 
vt 0.236328 0.732422 
vt 0.236328 0.732422 
vt 0.236328 0.732422 
vt 0.236328 0.732422 
vt 0.236328 0.732422 
vt 0.236328 0.732422 
vt 0.236328 0.732422 
vt 0.236328 0.732422 
vt 0.236328 0.732422 
vt 0.236328 0.732422 
vt 0.236328 0.732422 
vt 0.236328 0.732422 
vt 0.236328 0.732422 
vt 0.236328 0.732422 
vt 0.236328 0.732422 
vt 0.236328 0.732422 
vt 0.236328 0.732422 
vt 0.236328 0.732422 
vt 0.236328 0.732422 
vt 0.236328 0.732422 
vt 0.236328 0.732422 
vt 0.236328 0.732422 
vt 0.236328 0.732422 
vt 0.236328 0.732422 
vt 0.236328 0.732422 
vt 0.236328 0.732422 
vt 0.236328 0.732422 
vt 0.236328 0.732422 
vt 0.236328 0.732422 
vt 0.236328 0.732422 
vt 0.236328 0.732422 
vt 0.236328 0.732422 
vt 0.236328 0.732422 
vt 0.236328 0.732422 
vt 0.236328 0.732422 
vt 0.236328 0.732422 
vt 0.236328 0.732422 
vt 0.236328 0.732422 
vt 0.236328 0.732422 
vt 0.236328 0.732422 
vt 0.236328 0.732422 
vt 0.236328 0.732422 
vt 0.236328 0.732422 
vt 0.236328 0.732422 
vt 0.236328 0.732422 
vt 0.236328 0.732422 
vt 0.236328 0.732422 
vt 0.236328 0.732422 
vt 0.236328 0.732422 
vt 0.236328 0.732422 
vt 0.236328 0.732422 
vt 0.236328 0.732422 
vt 0.236328 0.732422 
vt 0.236328 0.732422 
vt 0.236328 0.732422 
vt 0.236328 0.732422 
vt 0.236328 0.732422 
vt 0.236328 0.732422 
vt 0.236328 0.732422 
vt 0.236328 0.732422 
vt 0.236328 0.732422 
vt 0.236328 0.732422 
vt 0.236328 0.732422 
vt 0.236328 0.732422 
vt 0.236328 0.732422 
vt 0.236328 0.732422 
vt 0.236328 0.732422 
vt 0.236328 0.732422 
vt 0.236328 0.732422 
vt 0.236328 0.732422 
vt 0.236328 0.732422 
vt 0.236328 0.732422 
vt 0.236328 0.732422 
vt 0.236328 0.732422 
vt 0.236328 0.732422 
vt 0.236328 0.732422 
vt 0.236328 0.732422 
vt 0.236328 0.732422 
vt 0.236328 0.732422 
vt 0.236328 0.732422 
vt 0.236328 0.732422 
vt 0.236328 0.732422 
vt 0.236328 0.732422 
vt 0.236328 0.732422 
vt 0.236328 0.732422 
vt 0.236328 0.732422 
vt 0.236328 0.732422 
vt 0.236328 0.732422 
vt 0.236328 0.732422 
vt 0.236328 0.732422 
vt 0.236328 0.732422 
vt 0.236328 0.732422 
vt 0.236328 0.732422 
vt 0.236328 0.732422 
vt 0.236328 0.732422 
vt 0.236328 0.732422 
vt 0.236328 0.732422 
vt 0.236328 0.732422 
vt 0.236328 0.732422 
vt 0.236328 0.732422 
vt 0.236328 0.732422 
vt 0.236328 0.732422 
vt 0.236328 0.732422 
vt 0.236328 0.732422 
vt 0.236328 0.732422 
vt 0.236328 0.732422 
vt 0.236328 0.732422 
vt 0.236328 0.732422 
vt 0.236328 0.732422 
vt 0.236328 0.732422 
vt 0.236328 0.732422 
vt 0.236328 0.732422 
vt 0.236328 0.732422 
vt 0.236328 0.732422 
vt 0.236328 0.732422 
vt 0.236328 0.732422 
vt 0.236328 0.732422 
vt 0.236328 0.732422 
vt 0.236328 0.732422 
vt 0.236328 0.732422 
vt 0.236328 0.732422 
vt 0.236328 0.732422 
vt 0.236328 0.732422 
vt 0.236328 0.732422 
vt 0.236328 0.732422 
vt 0.236328 0.732422 
vt 0.236328 0.732422 
vt 0.236328 0.732422 
vt 0.236328 0.732422 
vt 0.236328 0.732422 
vt 0.236328 0.732422 
vt 0.236328 0.732422 
vt 0.236328 0.732422 
vt 0.236328 0.732422 
vt 0.236328 0.732422 
vt 0.236328 0.732422 
vt 0.236328 0.732422 
vt 0.236328 0.732422 
vt 0.236328 0.732422 
vt 0.236328 0.732422 
vt 0.236328 0.732422 
vt 0.236328 0.732422 
vt 0.236328 0.732422 
vt 0.236328 0.732422 
vt 0.236328 0.732422 
vt 0.236328 0.732422 
vt 0.236328 0.732422 
vt 0.236328 0.732422 
vt 0.236328 0.732422 
vt 0.236328 0.732422 
vt 0.236328 0.732422 
vt 0.236328 0.732422 
vt 0.236328 0.732422 
vt 0.236328 0.732422 
vt 0.236328 0.732422 
vt 0.236328 0.732422 
vt 0.236328 0.732422 
vt 0.236328 0.732422 
vt 0.236328 0.732422 
vt 0.236328 0.732422 
vt 0.236328 0.732422 
vt 0.236328 0.732422 
vt 0.236328 0.732422 
vt 0.236328 0.732422 
vt 0.236328 0.732422 
vt 0.236328 0.732422 
vt 0.236328 0.732422 
vt 0.236328 0.732422 
vt 0.236328 0.732422 
vt 0.236328 0.732422 
vt 0.236328 0.732422 
vt 0.236328 0.732422 
vt 0.236328 0.732422 
vt 0.236328 0.732422 
vt 0.236328 0.732422 
vt 0.236328 0.732422 
vt 0.236328 0.732422 
vt 0.236328 0.732422 
vt 0.236328 0.732422 
vt 0.236328 0.732422 
vt 0.236328 0.732422 
vt 0.236328 0.732422 
vt 0.236328 0.732422 
vt 0.236328 0.732422 
vt 0.236328 0.732422 
vt 0.236328 0.732422 
vt 0.236328 0.732422 
vt 0.236328 0.732422 
vt 0.236328 0.732422 
vt 0.236328 0.732422 
vt 0.236328 0.732422 
vt 0.236328 0.732422 
vt 0.236328 0.732422 
vt 0.236328 0.732422 
vt 0.236328 0.732422 
vt 0.236328 0.732422 
vt 0.236328 0.732422 
vt 0.236328 0.732422 
vt 0.236328 0.732422 
vt 0.236328 0.732422 
vt 0.236328 0.732422 
vt 0.236328 0.732422 
vt 0.236328 0.732422 
vt 0.236328 0.732422 
vt 0.236328 0.732422 
vt 0.236328 0.732422 
vt 0.236328 0.732422 
vt 0.236328 0.732422 
vt 0.236328 0.732422 
vt 0.236328 0.732422 
vt 0.236328 0.732422 
vt 0.236328 0.732422 
vt 0.236328 0.732422 
vt 0.236328 0.732422 
vt 0.236328 0.732422 
vt 0.236328 0.732422 
vt 0.236328 0.732422 
vt 0.236328 0.732422 
vt 0.236328 0.732422 
vt 0.236328 0.732422 
vt 0.236328 0.732422 
vt 0.236328 0.732422 
vt 0.236328 0.732422 
vt 0.236328 0.732422 
vt 0.236328 0.732422 
vt 0.236328 0.732422 
vt 0.236328 0.732422 
vt 0.236328 0.732422 
vt 0.236328 0.732422 
vt 0.236328 0.732422 
vt 0.236328 0.732422 
vt 0.236328 0.732422 
vt 0.236328 0.732422 
vt 0.236328 0.732422 
vt 0.236328 0.732422 
vt 0.236328 0.732422 
vt 0.236328 0.732422 
vt 0.236328 0.732422 
vt 0.236328 0.732422 
vt 0.236328 0.732422 
vt 0.236328 0.732422 
vt 0.236328 0.732422 
vt 0.236328 0.732422 
vt 0.236328 0.732422 
vt 0.236328 0.732422 
vt 0.236328 0.732422 
vt 0.236328 0.732422 
vt 0.236328 0.732422 
vt 0.236328 0.732422 
vt 0.236328 0.732422 
vt 0.236328 0.732422 
vt 0.236328 0.732422 
vt 0.236328 0.732422 
vt 0.236328 0.732422 
vt 0.236328 0.732422 
vt 0.236328 0.732422 
vt 0.236328 0.732422 
vt 0.236328 0.732422 
vt 0.236328 0.732422 
vt 0.236328 0.732422 
vt 0.236328 0.732422 
vt 0.236328 0.732422 
vt 0.236328 0.732422 
vt 0.236328 0.732422 
vt 0.236328 0.732422 
vt 0.236328 0.732422 
vt 0.236328 0.732422 
vt 0.236328 0.732422 
vt 0.236328 0.732422 
vt 0.236328 0.732422 
vt 0.236328 0.732422 
vt 0.236328 0.732422 
vt 0.236328 0.732422 
vt 0.236328 0.732422 
vt 0.236328 0.732422 
vt 0.236328 0.732422 
vt 0.236328 0.732422 
vt 0.236328 0.732422 
vt 0.236328 0.732422 
vt 0.236328 0.732422 
vt 0.236328 0.732422 
vt 0.236328 0.732422 
vt 0.236328 0.732422 
vt 0.236328 0.732422 
vt 0.236328 0.732422 
vt 0.236328 0.732422 
vt 0.236328 0.732422 
vt 0.236328 0.732422 
vt 0.236328 0.732422 
vt 0.236328 0.732422 
vt 0.236328 0.732422 
vt 0.236328 0.732422 
vt 0.236328 0.732422 
vt 0.236328 0.732422 
vt 0.236328 0.732422 
vt 0.236328 0.732422 
vt 0.236328 0.732422 
vt 0.236328 0.732422 
vt 0.236328 0.732422 
vt 0.236328 0.732422 
vt 0.236328 0.732422 
vt 0.236328 0.732422 
vt 0.236328 0.732422 
vt 0.236328 0.732422 
vt 0.236328 0.732422 
vt 0.236328 0.732422 
vt 0.236328 0.732422 
vt 0.236328 0.732422 
vt 0.236328 0.732422 
vt 0.236328 0.732422 
vt 0.236328 0.732422 
vt 0.236328 0.732422 
vt 0.236328 0.732422 
vt 0.236328 0.732422 
vt 0.236328 0.732422 
vt 0.236328 0.732422 
vt 0.236328 0.732422 
vt 0.236328 0.732422 
vt 0.236328 0.732422 
vt 0.236328 0.732422 
vt 0.236328 0.732422 
vt 0.236328 0.732422 
vt 0.236328 0.732422 
vt 0.236328 0.732422 
vt 0.236328 0.732422 
vt 0.236328 0.732422 
vt 0.236328 0.732422 
vt 0.236328 0.732422 
vt 0.236328 0.732422 
vt 0.236328 0.732422 
vt 0.236328 0.732422 
vt 0.236328 0.732422 
vt 0.236328 0.732422 
vt 0.236328 0.732422 
vt 0.236328 0.732422 
vt 0.236328 0.732422 
vt 0.236328 0.732422 
vt 0.236328 0.732422 
vt 0.236328 0.732422 
vt 0.236328 0.732422 
vt 0.236328 0.732422 
vt 0.236328 0.732422 
vt 0.236328 0.732422 
vt 0.236328 0.732422 
vt 0.236328 0.732422 
vt 0.236328 0.732422 
vt 0.236328 0.732422 
vt 0.236328 0.732422 
vt 0.236328 0.732422 
vt 0.236328 0.732422 
vt 0.236328 0.732422 
vt 0.236328 0.732422 
vt 0.236328 0.732422 
vt 0.236328 0.732422 
vt 0.236328 0.732422 
vt 0.236328 0.732422 
vt 0.236328 0.732422 
vt 0.236328 0.732422 
vt 0.236328 0.732422 
vt 0.236328 0.732422 
vt 0.236328 0.732422 
vt 0.236328 0.732422 
vt 0.236328 0.732422 
vt 0.236328 0.732422 
vt 0.236328 0.732422 
vt 0.236328 0.732422 
vt 0.236328 0.732422 
vt 0.236328 0.732422 
vt 0.236328 0.732422 
vt 0.236328 0.732422 
vt 0.236328 0.732422 
vt 0.236328 0.732422 
vt 0.236328 0.732422 
vt 0.236328 0.732422 
vt 0.236328 0.732422 
vt 0.236328 0.732422 
vt 0.236328 0.732422 
vt 0.236328 0.732422 
vt 0.236328 0.732422 
vt 0.236328 0.732422 
vt 0.236328 0.732422 
vt 0.236328 0.732422 
vt 0.236328 0.732422 
vt 0.236328 0.732422 
vt 0.236328 0.732422 
vt 0.236328 0.732422 
vt 0.236328 0.732422 
vt 0.236328 0.732422 
vt 0.236328 0.732422 
vt 0.236328 0.732422 
vt 0.236328 0.732422 
vt 0.236328 0.732422 
vt 0.236328 0.732422 
vt 0.236328 0.732422 
vt 0.236328 0.732422 
vt 0.236328 0.732422 
vt 0.236328 0.732422 
vt 0.236328 0.732422 
vt 0.236328 0.732422 
vt 0.236328 0.732422 
vt 0.236328 0.732422 
vt 0.236328 0.732422 
vt 0.236328 0.732422 
vt 0.236328 0.732422 
vt 0.236328 0.732422 
vt 0.236328 0.732422 
vt 0.236328 0.732422 
vt 0.236328 0.732422 
vt 0.236328 0.732422 
vt 0.236328 0.732422 
vt 0.236328 0.732422 
vt 0.236328 0.732422 
vt 0.236328 0.732422 
vt 0.236328 0.732422 
vt 0.236328 0.732422 
vt 0.236328 0.732422 
vt 0.236328 0.732422 
vt 0.236328 0.732422 
vt 0.236328 0.732422 
vt 0.236328 0.732422 
vt 0.236328 0.732422 
vt 0.236328 0.732422 
vt 0.236328 0.732422 
vt 0.236328 0.732422 
vt 0.236328 0.732422 
vt 0.236328 0.732422 
vt 0.236328 0.732422 
vt 0.236328 0.732422 
vt 0.236328 0.732422 
vt 0.236328 0.732422 
vt 0.236328 0.732422 
vt 0.236328 0.732422 
vt 0.236328 0.732422 
vt 0.236328 0.732422 
vt 0.236328 0.732422 
vt 0.236328 0.732422 
vt 0.236328 0.732422 
vt 0.236328 0.732422 
vt 0.236328 0.732422 
vt 0.236328 0.732422 
vt 0.236328 0.732422 
vt 0.236328 0.732422 
vt 0.236328 0.732422 
vt 0.236328 0.732422 
vt 0.236328 0.732422 
vt 0.236328 0.732422 
vt 0.236328 0.732422 
vt 0.236328 0.732422 
vt 0.236328 0.732422 
vt 0.236328 0.732422 
vt 0.236328 0.732422 
vt 0.236328 0.732422 
vt 0.236328 0.732422 
vt 0.236328 0.732422 
vt 0.236328 0.732422 
vt 0.236328 0.732422 
vt 0.236328 0.732422 
vt 0.236328 0.732422 
vt 0.236328 0.732422 
vt 0.236328 0.732422 
vt 0.236328 0.732422 
vt 0.236328 0.732422 
vt 0.236328 0.732422 
vt 0.236328 0.732422 
vt 0.236328 0.732422 
vt 0.236328 0.732422 
vt 0.236328 0.732422 
vt 0.236328 0.732422 
vt 0.236328 0.732422 
vt 0.236328 0.732422 
vt 0.236328 0.732422 
vt 0.236328 0.732422 
vt 0.236328 0.732422 
vt 0.236328 0.732422 
vt 0.236328 0.732422 
vt 0.236328 0.732422 
vt 0.236328 0.732422 
vt 0.236328 0.732422 
vt 0.236328 0.732422 
vt 0.236328 0.732422 
vt 0.236328 0.732422 
vt 0.236328 0.732422 
vt 0.236328 0.732422 
vt 0.236328 0.732422 
vt 0.236328 0.732422 
vt 0.236328 0.732422 
vt 0.236328 0.732422 
vt 0.236328 0.732422 
vt 0.236328 0.732422 
vt 0.236328 0.732422 
vt 0.236328 0.732422 
vt 0.236328 0.732422 
vt 0.236328 0.732422 
vt 0.236328 0.732422 
vt 0.236328 0.732422 
vt 0.236328 0.732422 
vt 0.236328 0.732422 
vt 0.236328 0.732422 
vt 0.236328 0.732422 
vt 0.236328 0.732422 
vt 0.236328 0.732422 
vt 0.236328 0.732422 
vt 0.236328 0.732422 
vt 0.236328 0.732422 
vt 0.236328 0.732422 
vt 0.236328 0.732422 
vt 0.236328 0.732422 
vt 0.236328 0.732422 
vt 0.236328 0.732422 
vt 0.236328 0.732422 
vt 0.236328 0.732422 
vt 0.236328 0.732422 
vt 0.236328 0.732422 
vt 0.236328 0.732422 
vt 0.236328 0.732422 
vt 0.236328 0.732422 
vt 0.236328 0.732422 
vt 0.236328 0.732422 
vt 0.236328 0.732422 
vt 0.236328 0.732422 
vt 0.236328 0.732422 
vt 0.236328 0.732422 
vt 0.236328 0.732422 
vt 0.236328 0.732422 
vt 0.236328 0.732422 
vt 0.236328 0.732422 
vt 0.236328 0.732422 
vt 0.236328 0.732422 
vt 0.236328 0.732422 
vt 0.236328 0.732422 
vt 0.236328 0.732422 
vt 0.236328 0.732422 
vt 0.236328 0.732422 
vt 0.236328 0.732422 
vt 0.236328 0.732422 
vt 0.236328 0.732422 
vt 0.236328 0.732422 
vt 0.236328 0.732422 
vt 0.236328 0.732422 
vt 0.236328 0.732422 
vt 0.236328 0.732422 
vt 0.236328 0.732422 
vt 0.236328 0.732422 
vt 0.236328 0.732422 
vt 0.236328 0.732422 
vt 0.236328 0.732422 
vt 0.236328 0.732422 
vt 0.236328 0.732422 
vt 0.236328 0.732422 
vt 0.236328 0.732422 
vt 0.236328 0.732422 
vt 0.236328 0.732422 
vt 0.236328 0.732422 
vt 0.236328 0.732422 
vt 0.236328 0.732422 
vt 0.236328 0.732422 
vt 0.236328 0.732422 
vt 0.236328 0.732422 
vt 0.236328 0.732422 
vt 0.236328 0.732422 
vt 0.236328 0.732422 
vt 0.236328 0.732422 
vt 0.236328 0.732422 
vt 0.236328 0.732422 
vt 0.236328 0.732422 
vt 0.236328 0.732422 
vt 0.236328 0.732422 
vt 0.236328 0.732422 
vt 0.236328 0.732422 
vt 0.236328 0.732422 
vt 0.236328 0.732422 
vt 0.236328 0.732422 
vt 0.236328 0.732422 
vt 0.236328 0.732422 
vt 0.236328 0.732422 
vt 0.236328 0.732422 
vt 0.236328 0.732422 
vt 0.236328 0.732422 
vt 0.236328 0.732422 
vt 0.236328 0.732422 
vt 0.236328 0.732422 
vt 0.236328 0.732422 
vt 0.236328 0.732422 
vt 0.236328 0.732422 
vt 0.236328 0.732422 
vt 0.236328 0.732422 
vt 0.236328 0.732422 
vt 0.236328 0.732422 
vt 0.236328 0.732422 
vt 0.236328 0.732422 
vt 0.236328 0.732422 
vt 0.236328 0.732422 
vt 0.236328 0.732422 
vt 0.236328 0.732422 
vt 0.236328 0.732422 
vt 0.236328 0.732422 
vt 0.236328 0.732422 
vt 0.236328 0.732422 
vt 0.236328 0.732422 
vt 0.236328 0.732422 
vt 0.236328 0.732422 
vt 0.236328 0.732422 
vt 0.236328 0.732422 
vt 0.236328 0.732422 
vt 0.236328 0.732422 
vt 0.236328 0.732422 
vt 0.236328 0.732422 
vt 0.236328 0.732422 
vt 0.236328 0.732422 
vt 0.236328 0.732422 
vt 0.236328 0.732422 
vt 0.236328 0.732422 
vt 0.236328 0.732422 
vt 0.236328 0.732422 
vt 0.236328 0.732422 
vt 0.236328 0.732422 
vt 0.236328 0.732422 
vt 0.236328 0.732422 
vt 0.236328 0.732422 
vt 0.236328 0.732422 
vt 0.236328 0.732422 
vt 0.236328 0.732422 
vt 0.236328 0.732422 
vt 0.236328 0.732422 
vt 0.236328 0.732422 
vt 0.236328 0.732422 
vt 0.236328 0.732422 
vt 0.236328 0.732422 
vt 0.236328 0.732422 
vt 0.236328 0.732422 
vt 0.236328 0.732422 
vt 0.236328 0.732422 
vt 0.236328 0.732422 
vt 0.236328 0.732422 
vt 0.236328 0.732422 
vt 0.236328 0.732422 
vt 0.236328 0.732422 
vt 0.236328 0.732422 
vt 0.236328 0.732422 
vt 0.236328 0.732422 
vt 0.236328 0.732422 
vt 0.236328 0.732422 
vt 0.236328 0.732422 
vt 0.236328 0.732422 
vt 0.236328 0.732422 
vt 0.236328 0.732422 
vt 0.236328 0.732422 
vt 0.236328 0.732422 
vt 0.236328 0.732422 
vt 0.236328 0.732422 
vt 0.236328 0.732422 
vt 0.236328 0.732422 
vt 0.236328 0.732422 
vt 0.236328 0.732422 
vt 0.236328 0.732422 
vt 0.236328 0.732422 
vt 0.236328 0.732422 
vt 0.236328 0.732422 
vt 0.236328 0.732422 
vt 0.236328 0.732422 
vt 0.236328 0.732422 
vt 0.236328 0.732422 
vt 0.236328 0.732422 
vt 0.236328 0.732422 
vt 0.236328 0.732422 
vt 0.236328 0.732422 
vt 0.236328 0.732422 
vt 0.236328 0.732422 
vt 0.236328 0.732422 
vt 0.236328 0.732422 
vt 0.236328 0.732422 
vt 0.236328 0.732422 
vt 0.236328 0.732422 
vt 0.236328 0.732422 
vt 0.236328 0.732422 
vt 0.236328 0.732422 
vt 0.236328 0.732422 
vt 0.236328 0.732422 
vt 0.236328 0.732422 
vt 0.236328 0.732422 
vt 0.236328 0.732422 
vt 0.236328 0.732422 
vt 0.236328 0.732422 
vt 0.236328 0.732422 
vt 0.236328 0.732422 
vt 0.236328 0.732422 
vt 0.236328 0.732422 
vt 0.236328 0.732422 
vt 0.236328 0.732422 
vt 0.236328 0.732422 
vt 0.236328 0.732422 
vt 0.236328 0.732422 
vt 0.236328 0.732422 
vt 0.236328 0.732422 
vt 0.236328 0.732422 
vt 0.236328 0.732422 
vt 0.236328 0.732422 
vt 0.236328 0.732422 
vt 0.236328 0.732422 
vt 0.236328 0.732422 
vt 0.236328 0.732422 
vt 0.236328 0.732422 
vt 0.236328 0.732422 
vt 0.236328 0.732422 
vt 0.236328 0.732422 
vt 0.236328 0.732422 
vt 0.236328 0.732422 
vt 0.236328 0.732422 
vt 0.236328 0.732422 
vt 0.236328 0.732422 
vt 0.236328 0.732422 
vt 0.236328 0.732422 
vt 0.236328 0.732422 
vt 0.236328 0.732422 
vt 0.236328 0.732422 
vt 0.236328 0.732422 
vt 0.236328 0.732422 
vt 0.236328 0.732422 
vt 0.236328 0.732422 
vt 0.236328 0.732422 
vt 0.236328 0.732422 
vt 0.236328 0.732422 
vt 0.236328 0.732422 
vt 0.236328 0.732422 
vt 0.236328 0.732422 
vt 0.236328 0.732422 
vt 0.236328 0.732422 
vt 0.236328 0.732422 
vt 0.236328 0.732422 
vt 0.236328 0.732422 
vt 0.236328 0.732422 
vt 0.236328 0.732422 
vt 0.236328 0.732422 
vt 0.236328 0.732422 
vt 0.236328 0.732422 
vt 0.236328 0.732422 
vt 0.236328 0.732422 
vt 0.236328 0.732422 
vt 0.236328 0.732422 
vt 0.236328 0.732422 
vt 0.236328 0.732422 
vt 0.236328 0.732422 
vt 0.236328 0.732422 
vt 0.236328 0.732422 
vt 0.236328 0.732422 
vt 0.236328 0.732422 
vt 0.236328 0.732422 
vt 0.236328 0.732422 
vt 0.236328 0.732422 
vt 0.236328 0.732422 
vt 0.236328 0.732422 
vt 0.236328 0.732422 
vt 0.236328 0.732422 
vt 0.236328 0.732422 
vt 0.236328 0.732422 
vt 0.236328 0.732422 
vt 0.236328 0.732422 
vt 0.236328 0.732422 
vt 0.236328 0.732422 
vt 0.236328 0.732422 
vt 0.236328 0.732422 
vt 0.236328 0.732422 
vt 0.236328 0.732422 
vt 0.236328 0.732422 
vt 0.236328 0.732422 
vt 0.236328 0.732422 
vt 0.236328 0.732422 
vt 0.236328 0.732422 
vt 0.236328 0.732422 
vt 0.236328 0.732422 
vt 0.236328 0.732422 
vt 0.236328 0.732422 
vt 0.236328 0.732422 
vt 0.236328 0.732422 
vt 0.236328 0.732422 
vt 0.236328 0.732422 
vt 0.236328 0.732422 
vt 0.236328 0.732422 
vt 0.236328 0.732422 
vt 0.236328 0.732422 
vt 0.236328 0.732422 
vt 0.236328 0.732422 
vt 0.236328 0.732422 
vt 0.236328 0.732422 
vt 0.236328 0.732422 
vt 0.236328 0.732422 
vt 0.236328 0.732422 
vt 0.236328 0.732422 
vt 0.236328 0.732422 
vt 0.236328 0.732422 
vt 0.236328 0.732422 
vt 0.236328 0.732422 
vt 0.236328 0.732422 
vt 0.236328 0.732422 
vt 0.236328 0.732422 
vt 0.236328 0.732422 
vt 0.236328 0.732422 
vt 0.236328 0.732422 
vt 0.236328 0.732422 
vt 0.236328 0.732422 
vt 0.236328 0.732422 
vt 0.236328 0.732422 
vt 0.236328 0.732422 
vt 0.236328 0.732422 
vt 0.236328 0.732422 
vt 0.236328 0.732422 
vt 0.236328 0.732422 
vt 0.236328 0.732422 
vt 0.236328 0.732422 
vt 0.236328 0.732422 
vt 0.236328 0.732422 
vt 0.236328 0.732422 
vt 0.236328 0.732422 
vt 0.236328 0.732422 
vt 0.236328 0.732422 
vt 0.236328 0.732422 
vt 0.236328 0.732422 
vt 0.236328 0.732422 
vt 0.236328 0.732422 
vt 0.236328 0.732422 
vt 0.236328 0.732422 
vt 0.236328 0.732422 
vt 0.236328 0.732422 
vt 0.236328 0.732422 
vt 0.236328 0.732422 
vt 0.236328 0.732422 
vt 0.236328 0.732422 
vt 0.236328 0.732422 
vt 0.236328 0.732422 
vt 0.236328 0.732422 
vt 0.236328 0.732422 
vt 0.236328 0.732422 
vt 0.236328 0.732422 
vt 0.236328 0.732422 
vt 0.236328 0.732422 
vt 0.236328 0.732422 
vt 0.236328 0.732422 
vt 0.236328 0.732422 
vt 0.236328 0.732422 
vt 0.236328 0.732422 
vt 0.236328 0.732422 
vt 0.236328 0.732422 
vt 0.236328 0.732422 
vt 0.236328 0.732422 
vt 0.236328 0.732422 
vt 0.236328 0.732422 
vt 0.236328 0.732422 
vt 0.236328 0.732422 
vt 0.236328 0.732422 
vt 0.236328 0.732422 
vt 0.236328 0.732422 
vt 0.236328 0.732422 
vt 0.236328 0.732422 
vt 0.236328 0.732422 
vt 0.236328 0.732422 
vt 0.236328 0.732422 
vt 0.236328 0.732422 
vt 0.236328 0.732422 
vt 0.236328 0.732422 
vt 0.236328 0.732422 
vt 0.236328 0.732422 
vt 0.236328 0.732422 
vt 0.236328 0.732422 
vt 0.236328 0.732422 
vt 0.236328 0.732422 
vt 0.236328 0.732422 
vt 0.236328 0.732422 
vt 0.236328 0.732422 
vt 0.236328 0.732422 
vt 0.236328 0.732422 
vt 0.236328 0.732422 
vt 0.236328 0.732422 
vt 0.236328 0.732422 
vt 0.236328 0.732422 
vt 0.236328 0.732422 
vt 0.236328 0.732422 
vt 0.236328 0.732422 
vt 0.236328 0.732422 
vt 0.236328 0.732422 
vt 0.236328 0.732422 
vt 0.236328 0.732422 
vt 0.236328 0.732422 
vt 0.236328 0.732422 
vt 0.236328 0.732422 
vt 0.236328 0.732422 
vt 0.236328 0.732422 
vt 0.236328 0.732422 
vt 0.236328 0.732422 
vt 0.236328 0.732422 
vt 0.236328 0.732422 
vt 0.236328 0.732422 
vt 0.236328 0.732422 
vt 0.236328 0.732422 
vt 0.236328 0.732422 
vt 0.236328 0.732422 
vt 0.236328 0.732422 
vt 0.236328 0.732422 
vt 0.236328 0.732422 
vt 0.236328 0.732422 
vt 0.236328 0.732422 
vt 0.236328 0.732422 
vt 0.236328 0.732422 
vt 0.236328 0.732422 
vt 0.236328 0.732422 
vt 0.236328 0.732422 
vt 0.236328 0.732422 
vt 0.236328 0.732422 
vt 0.236328 0.732422 
vt 0.236328 0.732422 
vt 0.236328 0.732422 
vt 0.236328 0.732422 
vt 0.236328 0.732422 
vt 0.236328 0.732422 
vt 0.236328 0.732422 
vt 0.236328 0.732422 
vt 0.236328 0.732422 
vt 0.236328 0.732422 
vt 0.236328 0.732422 
vt 0.236328 0.732422 
vt 0.236328 0.732422 
vt 0.236328 0.732422 
vt 0.236328 0.732422 
vt 0.236328 0.732422 
vt 0.236328 0.732422 
vt 0.236328 0.732422 
vt 0.236328 0.732422 
vt 0.236328 0.732422 
vt 0.236328 0.732422 
vt 0.236328 0.732422 
vt 0.236328 0.732422 
vt 0.236328 0.732422 
vt 0.236328 0.732422 
vt 0.236328 0.732422 
vt 0.236328 0.732422 
vt 0.236328 0.732422 
vt 0.236328 0.732422 
vt 0.236328 0.732422 
vt 0.236328 0.732422 
vt 0.236328 0.732422 
vt 0.236328 0.732422 
vt 0.236328 0.732422 
vt 0.236328 0.732422 
vt 0.236328 0.732422 
vt 0.236328 0.732422 
vt 0.236328 0.732422 
vt 0.236328 0.732422 
vt 0.236328 0.732422 
vt 0.236328 0.732422 
vt 0.236328 0.732422 
vt 0.236328 0.732422 
vt 0.236328 0.732422 
vt 0.236328 0.732422 
vt 0.236328 0.732422 
vt 0.236328 0.732422 
vt 0.236328 0.732422 
vt 0.236328 0.732422 
vt 0.236328 0.732422 
vt 0.236328 0.732422 
vt 0.236328 0.732422 
vt 0.236328 0.732422 
vt 0.236328 0.732422 
vt 0.236328 0.732422 
vt 0.236328 0.732422 
vt 0.236328 0.732422 
vt 0.236328 0.732422 
vt 0.236328 0.732422 
vt 0.236328 0.732422 
vt 0.236328 0.732422 
vt 0.236328 0.732422 
vt 0.236328 0.732422 
vt 0.236328 0.732422 
vt 0.236328 0.732422 
vt 0.236328 0.732422 
vt 0.236328 0.732422 
vt 0.236328 0.732422 
vt 0.236328 0.732422 
vt 0.236328 0.732422 
vt 0.236328 0.732422 
vt 0.236328 0.732422 
vt 0.236328 0.732422 
vt 0.236328 0.732422 
vt 0.236328 0.732422 
vt 0.236328 0.732422 
vt 0.236328 0.732422 
vt 0.236328 0.732422 
vt 0.236328 0.732422 
vt 0.236328 0.732422 
vt 0.236328 0.732422 
vt 0.236328 0.732422 
vt 0.236328 0.732422 
vt 0.236328 0.732422 
vt 0.236328 0.732422 
vt 0.236328 0.732422 
vt 0.236328 0.732422 
vt 0.236328 0.732422 
vt 0.236328 0.732422 
vt 0.236328 0.732422 
vt 0.236328 0.732422 
vt 0.236328 0.732422 
vt 0.236328 0.732422 
vt 0.236328 0.732422 
vt 0.236328 0.732422 
vt 0.236328 0.732422 
vt 0.236328 0.732422 
vt 0.236328 0.732422 
vt 0.236328 0.732422 
vt 0.236328 0.732422 
vt 0.236328 0.732422 
vt 0.236328 0.732422 
vt 0.236328 0.732422 
vt 0.236328 0.732422 
vt 0.236328 0.732422 
vt 0.236328 0.732422 
vt 0.236328 0.732422 
vt 0.236328 0.732422 
vt 0.236328 0.732422 
vt 0.236328 0.732422 
vt 0.236328 0.732422 
vt 0.236328 0.732422 
vt 0.236328 0.732422 
vt 0.236328 0.732422 
vt 0.236328 0.732422 
vt 0.236328 0.732422 
vt 0.236328 0.732422 
vt 0.236328 0.732422 
vt 0.236328 0.732422 
vt 0.236328 0.732422 
vt 0.236328 0.732422 
vt 0.236328 0.732422 
vt 0.236328 0.732422 
vt 0.236328 0.732422 
vt 0.236328 0.732422 
vt 0.236328 0.732422 
vt 0.236328 0.732422 
vt 0.236328 0.732422 
vt 0.236328 0.732422 
vt 0.236328 0.732422 
vt 0.236328 0.732422 
vt 0.236328 0.732422 
vt 0.236328 0.732422 
vt 0.236328 0.732422 
vt 0.236328 0.732422 
vt 0.236328 0.732422 
vt 0.236328 0.732422 
vt 0.236328 0.732422 
vt 0.236328 0.732422 
vt 0.236328 0.732422 
vt 0.236328 0.732422 
vt 0.236328 0.732422 
vt 0.236328 0.732422 
vt 0.236328 0.732422 
vt 0.236328 0.732422 
vt 0.236328 0.732422 
vt 0.236328 0.732422 
vt 0.236328 0.732422 
vt 0.236328 0.732422 
vt 0.236328 0.732422 
vt 0.236328 0.732422 
vt 0.236328 0.732422 
vt 0.236328 0.732422 
vt 0.236328 0.732422 
vt 0.236328 0.732422 
vt 0.236328 0.732422 
vt 0.236328 0.732422 
vt 0.236328 0.732422 
vt 0.236328 0.732422 
vt 0.236328 0.732422 
vt 0.236328 0.732422 
vt 0.236328 0.732422 
vt 0.236328 0.732422 
vt 0.236328 0.732422 
vt 0.236328 0.732422 
vt 0.236328 0.732422 
vt 0.236328 0.732422 
vt 0.236328 0.732422 
vt 0.236328 0.732422 
vt 0.236328 0.732422 
vt 0.236328 0.732422 
vt 0.236328 0.732422 
vt 0.236328 0.732422 
vt 0.236328 0.732422 
vt 0.236328 0.732422 
vt 0.236328 0.732422 
vt 0.236328 0.732422 
vt 0.236328 0.732422 
vt 0.236328 0.732422 
vt 0.236328 0.732422 
vt 0.236328 0.732422 
vt 0.236328 0.732422 
vt 0.236328 0.732422 
vt 0.236328 0.732422 
vt 0.236328 0.732422 
vt 0.236328 0.732422 
vt 0.236328 0.732422 
vt 0.236328 0.732422 
vt 0.236328 0.732422 
vt 0.236328 0.732422 
vt 0.236328 0.732422 
vt 0.236328 0.732422 
vt 0.236328 0.732422 
vt 0.236328 0.732422 
vt 0.236328 0.732422 
vt 0.236328 0.732422 
vt 0.236328 0.732422 
vt 0.236328 0.732422 
vt 0.236328 0.732422 
vt 0.236328 0.732422 
vt 0.236328 0.732422 
vt 0.236328 0.732422 
vt 0.236328 0.732422 
vt 0.236328 0.732422 
vt 0.236328 0.732422 
vt 0.236328 0.732422 
vt 0.236328 0.732422 
vt 0.236328 0.732422 
vt 0.236328 0.732422 
vt 0.236328 0.732422 
vt 0.236328 0.732422 
vt 0.236328 0.732422 
vt 0.236328 0.732422 
vt 0.236328 0.732422 
vt 0.236328 0.732422 
vt 0.236328 0.732422 
vt 0.236328 0.732422 
vt 0.236328 0.732422 
vt 0.236328 0.732422 
vt 0.236328 0.732422 
vt 0.236328 0.732422 
vt 0.236328 0.732422 
vt 0.236328 0.732422 
vt 0.236328 0.732422 
vt 0.236328 0.732422 
vt 0.236328 0.732422 
vt 0.236328 0.732422 
vt 0.236328 0.732422 
vt 0.236328 0.732422 
vt 0.236328 0.732422 
vt 0.236328 0.732422 
vt 0.236328 0.732422 
vt 0.236328 0.732422 
vt 0.236328 0.732422 
vt 0.236328 0.732422 
vt 0.236328 0.732422 
vt 0.236328 0.732422 
vt 0.236328 0.732422 
vt 0.236328 0.732422 
vt 0.236328 0.732422 
vt 0.236328 0.732422 
vt 0.236328 0.732422 
vt 0.236328 0.732422 
vt 0.236328 0.732422 
vt 0.236328 0.732422 
vt 0.236328 0.732422 
vt 0.236328 0.732422 
vt 0.236328 0.732422 
vt 0.236328 0.732422 
vt 0.236328 0.732422 
vt 0.236328 0.732422 
vt 0.236328 0.732422 
vt 0.236328 0.732422 
vt 0.236328 0.732422 
vt 0.236328 0.732422 
vt 0.236328 0.732422 
vt 0.236328 0.732422 
vt 0.236328 0.732422 
vt 0.236328 0.732422 
vt 0.236328 0.732422 
vt 0.236328 0.732422 
vt 0.236328 0.732422 
vt 0.236328 0.732422 
vt 0.236328 0.732422 
vt 0.236328 0.732422 
vt 0.236328 0.732422 
vt 0.236328 0.732422 
vt 0.236328 0.732422 
vt 0.236328 0.732422 
vt 0.236328 0.732422 
vt 0.236328 0.732422 
vt 0.236328 0.732422 
vt 0.236328 0.732422 
vt 0.236328 0.732422 
vt 0.236328 0.732422 
vt 0.236328 0.732422 
vt 0.236328 0.732422 
vt 0.236328 0.732422 
vt 0.236328 0.732422 
vt 0.236328 0.732422 
vt 0.236328 0.732422 
vt 0.236328 0.732422 
vt 0.236328 0.732422 
vt 0.236328 0.732422 
vt 0.236328 0.732422 
vt 0.236328 0.732422 
vt 0.236328 0.732422 
vt 0.236328 0.732422 
vt 0.236328 0.732422 
vt 0.236328 0.732422 
vt 0.236328 0.732422 
vt 0.236328 0.732422 
vt 0.236328 0.732422 
vt 0.236328 0.732422 
vt 0.236328 0.732422 
vt 0.236328 0.732422 
vt 0.236328 0.732422 
vt 0.236328 0.732422 
vt 0.236328 0.732422 
vt 0.236328 0.732422 
vt 0.236328 0.732422 
vt 0.236328 0.732422 
vt 0.236328 0.732422 
vt 0.236328 0.732422 
vt 0.236328 0.732422 
vt 0.236328 0.732422 
vt 0.236328 0.732422 
vt 0.236328 0.732422 
vt 0.236328 0.732422 
vt 0.236328 0.732422 
vt 0.236328 0.732422 
vt 0.236328 0.732422 
vt 0.236328 0.732422 
vt 0.236328 0.732422 
vt 0.236328 0.732422 
vt 0.236328 0.732422 
vt 0.236328 0.732422 
vt 0.236328 0.732422 
vt 0.236328 0.732422 
vt 0.236328 0.732422 
vt 0.236328 0.732422 
vt 0.236328 0.732422 
vt 0.236328 0.732422 
vt 0.236328 0.732422 
vt 0.236328 0.732422 
vt 0.236328 0.732422 
vt 0.236328 0.732422 
vt 0.236328 0.732422 
vt 0.236328 0.732422 
vt 0.236328 0.732422 
vt 0.236328 0.732422 
vt 0.236328 0.732422 
vt 0.236328 0.732422 
vt 0.236328 0.732422 
vt 0.236328 0.732422 
vt 0.236328 0.732422 
vt 0.236328 0.732422 
vt 0.236328 0.732422 
vt 0.236328 0.732422 
vt 0.236328 0.732422 
vt 0.236328 0.732422 
vt 0.236328 0.732422 
vt 0.236328 0.732422 
vt 0.236328 0.732422 
vt 0.236328 0.732422 
vt 0.236328 0.732422 
vt 0.236328 0.732422 
vt 0.236328 0.732422 
vt 0.236328 0.732422 
vt 0.236328 0.732422 
vt 0.236328 0.732422 
vt 0.236328 0.732422 
vt 0.236328 0.732422 
vt 0.236328 0.732422 
vt 0.236328 0.732422 
vt 0.236328 0.732422 
vt 0.236328 0.732422 
vt 0.236328 0.732422 
vt 0.236328 0.732422 
vt 0.236328 0.732422 
vt 0.236328 0.732422 
vt 0.236328 0.732422 
vt 0.236328 0.732422 
vt 0.236328 0.732422 
vt 0.236328 0.732422 
vt 0.236328 0.732422 
vt 0.236328 0.732422 
vt 0.236328 0.732422 
vt 0.236328 0.732422 
vt 0.236328 0.732422 
vt 0.236328 0.732422 
vt 0.236328 0.732422 
vt 0.236328 0.732422 
vt 0.236328 0.732422 
vt 0.236328 0.732422 
vt 0.236328 0.732422 
vt 0.236328 0.732422 
vt 0.236328 0.732422 
vt 0.236328 0.732422 
vt 0.236328 0.732422 
vt 0.236328 0.732422 
vt 0.236328 0.732422 
vt 0.236328 0.732422 
vt 0.236328 0.732422 
vt 0.236328 0.732422 
vt 0.236328 0.732422 
vt 0.236328 0.732422 
vt 0.236328 0.732422 
vt 0.236328 0.732422 
vt 0.236328 0.732422 
vt 0.236328 0.732422 
vt 0.236328 0.732422 
vt 0.236328 0.732422 
vt 0.236328 0.732422 
vt 0.236328 0.732422 
vt 0.236328 0.732422 
vt 0.236328 0.732422 
vt 0.236328 0.732422 
vt 0.236328 0.732422 
vt 0.236328 0.732422 
vt 0.236328 0.732422 
vt 0.236328 0.732422 
vt 0.236328 0.732422 
vt 0.236328 0.732422 
vt 0.236328 0.732422 
vt 0.236328 0.732422 
vt 0.236328 0.732422 
vt 0.236328 0.732422 
vt 0.236328 0.732422 
vt 0.236328 0.732422 
vt 0.236328 0.732422 
vt 0.236328 0.732422 
vt 0.236328 0.732422 
vt 0.236328 0.732422 
vt 0.236328 0.732422 
vt 0.236328 0.732422 
vt 0.236328 0.732422 
vt 0.236328 0.732422 
vt 0.236328 0.732422 
vt 0.236328 0.732422 
vt 0.236328 0.732422 
vt 0.236328 0.732422 
vt 0.236328 0.732422 
vt 0.236328 0.732422 
vt 0.236328 0.732422 
vt 0.236328 0.732422 
vt 0.236328 0.732422 
vt 0.236328 0.732422 
vt 0.236328 0.732422 
vt 0.236328 0.732422 
vt 0.236328 0.732422 
vt 0.236328 0.732422 
vt 0.236328 0.732422 
vt 0.236328 0.732422 
vt 0.236328 0.732422 
vt 0.236328 0.732422 
vt 0.236328 0.732422 
vt 0.236328 0.732422 
vt 0.236328 0.732422 
vt 0.236328 0.732422 
vt 0.236328 0.732422 
vt 0.236328 0.732422 
vt 0.236328 0.732422 
vt 0.236328 0.732422 
vt 0.236328 0.732422 
vt 0.236328 0.732422 
vt 0.236328 0.732422 
vt 0.236328 0.732422 
vt 0.236328 0.732422 
vt 0.236328 0.732422 
vt 0.236328 0.732422 
vt 0.236328 0.732422 
vt 0.236328 0.732422 
vt 0.236328 0.732422 
vt 0.236328 0.732422 
vt 0.236328 0.732422 
vt 0.236328 0.732422 
vt 0.236328 0.732422 
vt 0.236328 0.732422 
vt 0.236328 0.732422 
vt 0.236328 0.732422 
vt 0.236328 0.732422 
vt 0.236328 0.732422 
vt 0.236328 0.732422 
vt 0.236328 0.732422 
vt 0.236328 0.732422 
vt 0.236328 0.732422 
vt 0.236328 0.732422 
vt 0.236328 0.732422 
vt 0.236328 0.732422 
vt 0.236328 0.732422 
vt 0.236328 0.732422 
vt 0.236328 0.732422 
vt 0.236328 0.732422 
vt 0.236328 0.732422 
vt 0.236328 0.732422 
vt 0.236328 0.732422 
vt 0.236328 0.732422 
vt 0.236328 0.732422 
vt 0.236328 0.732422 
vt 0.236328 0.732422 
vt 0.236328 0.732422 
vt 0.236328 0.732422 
vt 0.236328 0.732422 
vt 0.236328 0.732422 
vt 0.236328 0.732422 
vt 0.236328 0.732422 
vt 0.236328 0.732422 
vt 0.236328 0.732422 
vt 0.236328 0.732422 
vt 0.236328 0.732422 
vt 0.236328 0.732422 
vt 0.236328 0.732422 
vt 0.236328 0.732422 
vt 0.236328 0.732422 
vt 0.236328 0.732422 
vt 0.236328 0.732422 
vt 0.236328 0.732422 
vt 0.236328 0.732422 
vt 0.236328 0.732422 
vt 0.236328 0.732422 
vt 0.236328 0.732422 
vt 0.236328 0.732422 
vt 0.236328 0.732422 
vt 0.236328 0.732422 
vt 0.236328 0.732422 
vt 0.236328 0.732422 
vt 0.236328 0.732422 
vt 0.236328 0.732422 
vt 0.236328 0.732422 
vt 0.236328 0.732422 
vt 0.236328 0.732422 
vt 0.236328 0.732422 
vt 0.236328 0.732422 
vt 0.236328 0.732422 
vt 0.236328 0.732422 
vt 0.236328 0.732422 
vt 0.236328 0.732422 
vt 0.236328 0.732422 
vt 0.236328 0.732422 
vt 0.236328 0.732422 
vt 0.236328 0.732422 
vt 0.236328 0.732422 
vt 0.236328 0.732422 
vt 0.236328 0.732422 
vt 0.236328 0.732422 
vt 0.236328 0.732422 
vt 0.236328 0.732422 
vt 0.236328 0.732422 
vt 0.299223 0.452692 
vt 0.315871 0.447266 
vt 0.324087 0.447266 
vt 0.324087 0.447266 
vt 0.310582 0.452692 
vt 0.299223 0.452692 
vt 0.28511 0.468146 
vt 0.299223 0.452692 
vt 0.310582 0.452692 
vt 0.310582 0.452692 
vt 0.299134 0.468146 
vt 0.28511 0.468146 
vt 0.275679 0.491274 
vt 0.28511 0.468146 
vt 0.299134 0.468146 
vt 0.299134 0.468146 
vt 0.291484 0.491274 
vt 0.275679 0.491274 
vt 0.272368 0.518555 
vt 0.275679 0.491274 
vt 0.291484 0.491274 
vt 0.291484 0.491274 
vt 0.288798 0.518555 
vt 0.272368 0.518555 
vt 0.272368 0.661133 
vt 0.272368 0.518555 
vt 0.288798 0.518555 
vt 0.288798 0.518555 
vt 0.288798 0.661133 
vt 0.272368 0.661133 
vt 0.275679 0.688414 
vt 0.272368 0.661133 
vt 0.288798 0.661133 
vt 0.288798 0.661133 
vt 0.291484 0.688414 
vt 0.275679 0.688414 
vt 0.28511 0.711542 
vt 0.275679 0.688414 
vt 0.291484 0.688414 
vt 0.291484 0.688414 
vt 0.299134 0.711542 
vt 0.28511 0.711542 
vt 0.299223 0.726995 
vt 0.28511 0.711542 
vt 0.299134 0.711542 
vt 0.299134 0.711542 
vt 0.310582 0.726995 
vt 0.299223 0.726995 
vt 0.315871 0.732422 
vt 0.299223 0.726995 
vt 0.310582 0.726995 
vt 0.310582 0.726995 
vt 0.324087 0.732422 
vt 0.315871 0.732422 
vt 0.310582 0.452692 
vt 0.324087 0.447266 
vt 0.333374 0.447266 
vt 0.333374 0.447266 
vt 0.323424 0.452692 
vt 0.310582 0.452692 
vt 0.299134 0.468146 
vt 0.310582 0.452692 
vt 0.323424 0.452692 
vt 0.323424 0.452692 
vt 0.314989 0.468146 
vt 0.299134 0.468146 
vt 0.291484 0.491274 
vt 0.299134 0.468146 
vt 0.314989 0.468146 
vt 0.314989 0.468146 
vt 0.309352 0.491274 
vt 0.291484 0.491274 
vt 0.288798 0.518555 
vt 0.291484 0.491274 
vt 0.309352 0.491274 
vt 0.309352 0.491274 
vt 0.307373 0.518555 
vt 0.288798 0.518555 
vt 0.288798 0.661133 
vt 0.288798 0.518555 
vt 0.307373 0.518555 
vt 0.307373 0.518555 
vt 0.307373 0.661133 
vt 0.288798 0.661133 
vt 0.291484 0.688414 
vt 0.288798 0.661133 
vt 0.307373 0.661133 
vt 0.307373 0.661133 
vt 0.309352 0.688414 
vt 0.291484 0.688414 
vt 0.299134 0.711542 
vt 0.291484 0.688414 
vt 0.309352 0.688414 
vt 0.309352 0.688414 
vt 0.314989 0.711542 
vt 0.299134 0.711542 
vt 0.310582 0.726995 
vt 0.299134 0.711542 
vt 0.314989 0.711542 
vt 0.314989 0.711542 
vt 0.323424 0.726995 
vt 0.310582 0.726995 
vt 0.324087 0.732422 
vt 0.310582 0.726995 
vt 0.323424 0.726995 
vt 0.323424 0.726995 
vt 0.333374 0.732422 
vt 0.324087 0.732422 
vt 0.323424 0.452692 
vt 0.333374 0.447266 
vt 0.343451 0.447266 
vt 0.343451 0.447266 
vt 0.337358 0.452692 
vt 0.323424 0.452692 
vt 0.314989 0.468146 
vt 0.323424 0.452692 
vt 0.337358 0.452692 
vt 0.337358 0.452692 
vt 0.332192 0.468146 
vt 0.314989 0.468146 
vt 0.309352 0.491274 
vt 0.314989 0.468146 
vt 0.332192 0.468146 
vt 0.332192 0.468146 
vt 0.32874 0.491274 
vt 0.309352 0.491274 
vt 0.307373 0.518555 
vt 0.309352 0.491274 
vt 0.32874 0.491274 
vt 0.32874 0.491274 
vt 0.327528 0.518555 
vt 0.307373 0.518555 
vt 0.307373 0.661133 
vt 0.307373 0.518555 
vt 0.327528 0.518555 
vt 0.327528 0.518555 
vt 0.327528 0.661133 
vt 0.307373 0.661133 
vt 0.309352 0.688414 
vt 0.307373 0.661133 
vt 0.327528 0.661133 
vt 0.327528 0.661133 
vt 0.32874 0.688414 
vt 0.309352 0.688414 
vt 0.314989 0.711542 
vt 0.309352 0.688414 
vt 0.32874 0.688414 
vt 0.32874 0.688414 
vt 0.332192 0.711542 
vt 0.314989 0.711542 
vt 0.323424 0.726995 
vt 0.314989 0.711542 
vt 0.332192 0.711542 
vt 0.332192 0.711542 
vt 0.337358 0.726995 
vt 0.323424 0.726995 
vt 0.333374 0.732422 
vt 0.323424 0.726995 
vt 0.337358 0.726995 
vt 0.337358 0.726995 
vt 0.343451 0.732422 
vt 0.333374 0.732422 
vt 0.337358 0.452692 
vt 0.343451 0.447266 
vt 0.354013 0.447266 
vt 0.354013 0.447266 
vt 0.351961 0.452692 
vt 0.337358 0.452692 
vt 0.332192 0.468146 
vt 0.337358 0.452692 
vt 0.351961 0.452692 
vt 0.351961 0.452692 
vt 0.350221 0.468146 
vt 0.332192 0.468146 
vt 0.32874 0.491274 
vt 0.332192 0.468146 
vt 0.350221 0.468146 
vt 0.350221 0.468146 
vt 0.349059 0.491274 
vt 0.32874 0.491274 
vt 0.327528 0.518555 
vt 0.32874 0.491274 
vt 0.349059 0.491274 
vt 0.349059 0.491274 
vt 0.348651 0.518555 
vt 0.327528 0.518555 
vt 0.327528 0.661133 
vt 0.327528 0.518555 
vt 0.348651 0.518555 
vt 0.348651 0.518555 
vt 0.348651 0.661133 
vt 0.327528 0.661133 
vt 0.32874 0.688414 
vt 0.327528 0.661133 
vt 0.348651 0.661133 
vt 0.348651 0.661133 
vt 0.349059 0.688414 
vt 0.32874 0.688414 
vt 0.332192 0.711542 
vt 0.32874 0.688414 
vt 0.349059 0.688414 
vt 0.349059 0.688414 
vt 0.350221 0.711542 
vt 0.332192 0.711542 
vt 0.337358 0.726995 
vt 0.332192 0.711542 
vt 0.350221 0.711542 
vt 0.350221 0.711542 
vt 0.351961 0.726995 
vt 0.337358 0.726995 
vt 0.343451 0.732422 
vt 0.337358 0.726995 
vt 0.351961 0.726995 
vt 0.351961 0.726995 
vt 0.354013 0.732422 
vt 0.343451 0.732422 
vt 0.351961 0.452692 
vt 0.354013 0.447266 
vt 0.364737 0.447266 
vt 0.364737 0.447266 
vt 0.366789 0.452692 
vt 0.351961 0.452692 
vt 0.350221 0.468146 
vt 0.351961 0.452692 
vt 0.366789 0.452692 
vt 0.366789 0.452692 
vt 0.368529 0.468146 
vt 0.350221 0.468146 
vt 0.349059 0.491274 
vt 0.350221 0.468146 
vt 0.368529 0.468146 
vt 0.368529 0.468146 
vt 0.369691 0.491274 
vt 0.349059 0.491274 
vt 0.348651 0.518555 
vt 0.349059 0.491274 
vt 0.369691 0.491274 
vt 0.369691 0.491274 
vt 0.370099 0.518555 
vt 0.348651 0.518555 
vt 0.348651 0.661133 
vt 0.348651 0.518555 
vt 0.370099 0.518555 
vt 0.370099 0.518555 
vt 0.370099 0.661133 
vt 0.348651 0.661133 
vt 0.349059 0.688414 
vt 0.348651 0.661133 
vt 0.370099 0.661133 
vt 0.370099 0.661133 
vt 0.369691 0.688414 
vt 0.349059 0.688414 
vt 0.350221 0.711542 
vt 0.349059 0.688414 
vt 0.369691 0.688414 
vt 0.369691 0.688414 
vt 0.368529 0.711542 
vt 0.350221 0.711542 
vt 0.351961 0.726995 
vt 0.350221 0.711542 
vt 0.368529 0.711542 
vt 0.368529 0.711542 
vt 0.366789 0.726995 
vt 0.351961 0.726995 
vt 0.354013 0.732422 
vt 0.351961 0.726995 
vt 0.366789 0.726995 
vt 0.366789 0.726995 
vt 0.364737 0.732422 
vt 0.354013 0.732422 
vt 0.366789 0.452692 
vt 0.364737 0.447266 
vt 0.375299 0.447266 
vt 0.375299 0.447266 
vt 0.381392 0.452692 
vt 0.366789 0.452692 
vt 0.368529 0.468146 
vt 0.366789 0.452692 
vt 0.381392 0.452692 
vt 0.381392 0.452692 
vt 0.386558 0.468146 
vt 0.368529 0.468146 
vt 0.369691 0.491274 
vt 0.368529 0.468146 
vt 0.386558 0.468146 
vt 0.386558 0.468146 
vt 0.39001 0.491274 
vt 0.369691 0.491274 
vt 0.370099 0.518555 
vt 0.369691 0.491274 
vt 0.39001 0.491274 
vt 0.39001 0.491274 
vt 0.391222 0.518555 
vt 0.370099 0.518555 
vt 0.370099 0.661133 
vt 0.370099 0.518555 
vt 0.391222 0.518555 
vt 0.391222 0.518555 
vt 0.391222 0.661133 
vt 0.370099 0.661133 
vt 0.369691 0.688414 
vt 0.370099 0.661133 
vt 0.391222 0.661133 
vt 0.391222 0.661133 
vt 0.39001 0.688414 
vt 0.369691 0.688414 
vt 0.368529 0.711542 
vt 0.369691 0.688414 
vt 0.39001 0.688414 
vt 0.39001 0.688414 
vt 0.386558 0.711542 
vt 0.368529 0.711542 
vt 0.366789 0.726995 
vt 0.368529 0.711542 
vt 0.386558 0.711542 
vt 0.386558 0.711542 
vt 0.381392 0.726995 
vt 0.366789 0.726995 
vt 0.364737 0.732422 
vt 0.366789 0.726995 
vt 0.381392 0.726995 
vt 0.381392 0.726995 
vt 0.375299 0.732422 
vt 0.364737 0.732422 
vt 0.381392 0.452692 
vt 0.375299 0.447266 
vt 0.385376 0.447266 
vt 0.385376 0.447266 
vt 0.395326 0.452692 
vt 0.381392 0.452692 
vt 0.386558 0.468146 
vt 0.381392 0.452692 
vt 0.395326 0.452692 
vt 0.395326 0.452692 
vt 0.403761 0.468146 
vt 0.386558 0.468146 
vt 0.39001 0.491274 
vt 0.386558 0.468146 
vt 0.403761 0.468146 
vt 0.403761 0.468146 
vt 0.409398 0.491274 
vt 0.39001 0.491274 
vt 0.391222 0.518555 
vt 0.39001 0.491274 
vt 0.409398 0.491274 
vt 0.409398 0.491274 
vt 0.411377 0.518555 
vt 0.391222 0.518555 
vt 0.391222 0.661133 
vt 0.391222 0.518555 
vt 0.411377 0.518555 
vt 0.411377 0.518555 
vt 0.411377 0.661133 
vt 0.391222 0.661133 
vt 0.39001 0.688414 
vt 0.391222 0.661133 
vt 0.411377 0.661133 
vt 0.411377 0.661133 
vt 0.409398 0.688414 
vt 0.39001 0.688414 
vt 0.386558 0.711542 
vt 0.39001 0.688414 
vt 0.409398 0.688414 
vt 0.409398 0.688414 
vt 0.403761 0.711542 
vt 0.386558 0.711542 
vt 0.381392 0.726995 
vt 0.386558 0.711542 
vt 0.403761 0.711542 
vt 0.403761 0.711542 
vt 0.395326 0.726995 
vt 0.381392 0.726995 
vt 0.375299 0.732422 
vt 0.381392 0.726995 
vt 0.395326 0.726995 
vt 0.395326 0.726995 
vt 0.385376 0.732422 
vt 0.375299 0.732422 
vt 0.395326 0.452692 
vt 0.385376 0.447266 
vt 0.394663 0.447266 
vt 0.394663 0.447266 
vt 0.408168 0.452692 
vt 0.395326 0.452692 
vt 0.403761 0.468146 
vt 0.395326 0.452692 
vt 0.408168 0.452692 
vt 0.408168 0.452692 
vt 0.419616 0.468146 
vt 0.403761 0.468146 
vt 0.409398 0.491274 
vt 0.403761 0.468146 
vt 0.419616 0.468146 
vt 0.419616 0.468146 
vt 0.427266 0.491274 
vt 0.409398 0.491274 
vt 0.411377 0.518555 
vt 0.409398 0.491274 
vt 0.427266 0.491274 
vt 0.427266 0.491274 
vt 0.429952 0.518555 
vt 0.411377 0.518555 
vt 0.411377 0.661133 
vt 0.411377 0.518555 
vt 0.429952 0.518555 
vt 0.429952 0.518555 
vt 0.429952 0.661133 
vt 0.411377 0.661133 
vt 0.409398 0.688414 
vt 0.411377 0.661133 
vt 0.429952 0.661133 
vt 0.429952 0.661133 
vt 0.427266 0.688414 
vt 0.409398 0.688414 
vt 0.403761 0.711542 
vt 0.409398 0.688414 
vt 0.427266 0.688414 
vt 0.427266 0.688414 
vt 0.419616 0.711542 
vt 0.403761 0.711542 
vt 0.395326 0.726995 
vt 0.403761 0.711542 
vt 0.419616 0.711542 
vt 0.419616 0.711542 
vt 0.408168 0.726995 
vt 0.395326 0.726995 
vt 0.385376 0.732422 
vt 0.395326 0.726995 
vt 0.408168 0.726995 
vt 0.408168 0.726995 
vt 0.394663 0.732422 
vt 0.385376 0.732422 
vt 0.408168 0.452692 
vt 0.394663 0.447266 
vt 0.402879 0.447266 
vt 0.402879 0.447266 
vt 0.419527 0.452692 
vt 0.408168 0.452692 
vt 0.419616 0.468146 
vt 0.408168 0.452692 
vt 0.419527 0.452692 
vt 0.419527 0.452692 
vt 0.43364 0.468146 
vt 0.419616 0.468146 
vt 0.427266 0.491274 
vt 0.419616 0.468146 
vt 0.43364 0.468146 
vt 0.43364 0.468146 
vt 0.443071 0.491274 
vt 0.427266 0.491274 
vt 0.429952 0.518555 
vt 0.427266 0.491274 
vt 0.443071 0.491274 
vt 0.443071 0.491274 
vt 0.446382 0.518555 
vt 0.429952 0.518555 
vt 0.429952 0.661133 
vt 0.429952 0.518555 
vt 0.446382 0.518555 
vt 0.446382 0.518555 
vt 0.446382 0.661133 
vt 0.429952 0.661133 
vt 0.427266 0.688414 
vt 0.429952 0.661133 
vt 0.446382 0.661133 
vt 0.446382 0.661133 
vt 0.443071 0.688414 
vt 0.427266 0.688414 
vt 0.419616 0.711542 
vt 0.427266 0.688414 
vt 0.443071 0.688414 
vt 0.443071 0.688414 
vt 0.43364 0.711542 
vt 0.419616 0.711542 
vt 0.408168 0.726995 
vt 0.419616 0.711542 
vt 0.43364 0.711542 
vt 0.43364 0.711542 
vt 0.419527 0.726995 
vt 0.408168 0.726995 
vt 0.394663 0.732422 
vt 0.408168 0.726995 
vt 0.419527 0.726995 
vt 0.419527 0.726995 
vt 0.402879 0.732422 
vt 0.394663 0.732422 

usemtl KillerRobot15Mtl

f 4669/4669/4669 4670/4670/4670 4671/4671/4671 
f 4672/4672/4672 4673/4673/4673 4674/4674/4674 
f 4675/4675/4675 4676/4676/4676 4677/4677/4677 
f 4678/4678/4678 4679/4679/4679 4680/4680/4680 
f 4681/4681/4681 4682/4682/4682 4683/4683/4683 
f 4684/4684/4684 4685/4685/4685 4686/4686/4686 
f 4687/4687/4687 4688/4688/4688 4689/4689/4689 
f 4690/4690/4690 4691/4691/4691 4692/4692/4692 
f 4693/4693/4693 4694/4694/4694 4695/4695/4695 
f 4696/4696/4696 4697/4697/4697 4698/4698/4698 
f 4699/4699/4699 4700/4700/4700 4701/4701/4701 
f 4702/4702/4702 4703/4703/4703 4704/4704/4704 
f 4705/4705/4705 4706/4706/4706 4707/4707/4707 
f 4708/4708/4708 4709/4709/4709 4710/4710/4710 
f 4711/4711/4711 4712/4712/4712 4713/4713/4713 
f 4714/4714/4714 4715/4715/4715 4716/4716/4716 
f 4717/4717/4717 4718/4718/4718 4719/4719/4719 
f 4720/4720/4720 4721/4721/4721 4722/4722/4722 
f 4723/4723/4723 4724/4724/4724 4725/4725/4725 
f 4726/4726/4726 4727/4727/4727 4728/4728/4728 
f 4729/4729/4729 4730/4730/4730 4731/4731/4731 
f 4732/4732/4732 4733/4733/4733 4734/4734/4734 
f 4735/4735/4735 4736/4736/4736 4737/4737/4737 
f 4738/4738/4738 4739/4739/4739 4740/4740/4740 
f 4741/4741/4741 4742/4742/4742 4743/4743/4743 
f 4744/4744/4744 4745/4745/4745 4746/4746/4746 
f 4747/4747/4747 4748/4748/4748 4749/4749/4749 
f 4750/4750/4750 4751/4751/4751 4752/4752/4752 
f 4753/4753/4753 4754/4754/4754 4755/4755/4755 
f 4756/4756/4756 4757/4757/4757 4758/4758/4758 
f 4759/4759/4759 4760/4760/4760 4761/4761/4761 
f 4762/4762/4762 4763/4763/4763 4764/4764/4764 
f 4765/4765/4765 4766/4766/4766 4767/4767/4767 
f 4768/4768/4768 4769/4769/4769 4770/4770/4770 
f 4771/4771/4771 4772/4772/4772 4773/4773/4773 
f 4774/4774/4774 4775/4775/4775 4776/4776/4776 
f 4777/4777/4777 4778/4778/4778 4779/4779/4779 
f 4780/4780/4780 4781/4781/4781 4782/4782/4782 
f 4783/4783/4783 4784/4784/4784 4785/4785/4785 
f 4786/4786/4786 4787/4787/4787 4788/4788/4788 
f 4789/4789/4789 4790/4790/4790 4791/4791/4791 
f 4792/4792/4792 4793/4793/4793 4794/4794/4794 
f 4795/4795/4795 4796/4796/4796 4797/4797/4797 
f 4798/4798/4798 4799/4799/4799 4800/4800/4800 
f 4801/4801/4801 4802/4802/4802 4803/4803/4803 
f 4804/4804/4804 4805/4805/4805 4806/4806/4806 
f 4807/4807/4807 4808/4808/4808 4809/4809/4809 
f 4810/4810/4810 4811/4811/4811 4812/4812/4812 
f 4813/4813/4813 4814/4814/4814 4815/4815/4815 
f 4816/4816/4816 4817/4817/4817 4818/4818/4818 
f 4819/4819/4819 4820/4820/4820 4821/4821/4821 
f 4822/4822/4822 4823/4823/4823 4824/4824/4824 
f 4825/4825/4825 4826/4826/4826 4827/4827/4827 
f 4828/4828/4828 4829/4829/4829 4830/4830/4830 
f 4831/4831/4831 4832/4832/4832 4833/4833/4833 
f 4834/4834/4834 4835/4835/4835 4836/4836/4836 
f 4837/4837/4837 4838/4838/4838 4839/4839/4839 
f 4840/4840/4840 4841/4841/4841 4842/4842/4842 
f 4843/4843/4843 4844/4844/4844 4845/4845/4845 
f 4846/4846/4846 4847/4847/4847 4848/4848/4848 
f 4849/4849/4849 4850/4850/4850 4851/4851/4851 
f 4852/4852/4852 4853/4853/4853 4854/4854/4854 
f 4855/4855/4855 4856/4856/4856 4857/4857/4857 
f 4858/4858/4858 4859/4859/4859 4860/4860/4860 
f 4861/4861/4861 4862/4862/4862 4863/4863/4863 
f 4864/4864/4864 4865/4865/4865 4866/4866/4866 
f 4867/4867/4867 4868/4868/4868 4869/4869/4869 
f 4870/4870/4870 4871/4871/4871 4872/4872/4872 
f 4873/4873/4873 4874/4874/4874 4875/4875/4875 
f 4876/4876/4876 4877/4877/4877 4878/4878/4878 
f 4879/4879/4879 4880/4880/4880 4881/4881/4881 
f 4882/4882/4882 4883/4883/4883 4884/4884/4884 
f 4885/4885/4885 4886/4886/4886 4887/4887/4887 
f 4888/4888/4888 4889/4889/4889 4890/4890/4890 
f 4891/4891/4891 4892/4892/4892 4893/4893/4893 
f 4894/4894/4894 4895/4895/4895 4896/4896/4896 
f 4897/4897/4897 4898/4898/4898 4899/4899/4899 
f 4900/4900/4900 4901/4901/4901 4902/4902/4902 
f 4903/4903/4903 4904/4904/4904 4905/4905/4905 
f 4906/4906/4906 4907/4907/4907 4908/4908/4908 
f 4909/4909/4909 4910/4910/4910 4911/4911/4911 
f 4912/4912/4912 4913/4913/4913 4914/4914/4914 
f 4915/4915/4915 4916/4916/4916 4917/4917/4917 
f 4918/4918/4918 4919/4919/4919 4920/4920/4920 
f 4921/4921/4921 4922/4922/4922 4923/4923/4923 
f 4924/4924/4924 4925/4925/4925 4926/4926/4926 
f 4927/4927/4927 4928/4928/4928 4929/4929/4929 
f 4930/4930/4930 4931/4931/4931 4932/4932/4932 
f 4933/4933/4933 4934/4934/4934 4935/4935/4935 
f 4936/4936/4936 4937/4937/4937 4938/4938/4938 
f 4939/4939/4939 4940/4940/4940 4941/4941/4941 
f 4942/4942/4942 4943/4943/4943 4944/4944/4944 
f 4945/4945/4945 4946/4946/4946 4947/4947/4947 
f 4948/4948/4948 4949/4949/4949 4950/4950/4950 
f 4951/4951/4951 4952/4952/4952 4953/4953/4953 
f 4954/4954/4954 4955/4955/4955 4956/4956/4956 
f 4957/4957/4957 4958/4958/4958 4959/4959/4959 
f 4960/4960/4960 4961/4961/4961 4962/4962/4962 
f 4963/4963/4963 4964/4964/4964 4965/4965/4965 
f 4966/4966/4966 4967/4967/4967 4968/4968/4968 
f 4969/4969/4969 4970/4970/4970 4971/4971/4971 
f 4972/4972/4972 4973/4973/4973 4974/4974/4974 
f 4975/4975/4975 4976/4976/4976 4977/4977/4977 
f 4978/4978/4978 4979/4979/4979 4980/4980/4980 
f 4981/4981/4981 4982/4982/4982 4983/4983/4983 
f 4984/4984/4984 4985/4985/4985 4986/4986/4986 
f 4987/4987/4987 4988/4988/4988 4989/4989/4989 
f 4990/4990/4990 4991/4991/4991 4992/4992/4992 
f 4993/4993/4993 4994/4994/4994 4995/4995/4995 
f 4996/4996/4996 4997/4997/4997 4998/4998/4998 
f 4999/4999/4999 5000/5000/5000 5001/5001/5001 
f 5002/5002/5002 5003/5003/5003 5004/5004/5004 
f 5005/5005/5005 5006/5006/5006 5007/5007/5007 
f 5008/5008/5008 5009/5009/5009 5010/5010/5010 
f 5011/5011/5011 5012/5012/5012 5013/5013/5013 
f 5014/5014/5014 5015/5015/5015 5016/5016/5016 
f 5017/5017/5017 5018/5018/5018 5019/5019/5019 
f 5020/5020/5020 5021/5021/5021 5022/5022/5022 
f 5023/5023/5023 5024/5024/5024 5025/5025/5025 
f 5026/5026/5026 5027/5027/5027 5028/5028/5028 
f 5029/5029/5029 5030/5030/5030 5031/5031/5031 
f 5032/5032/5032 5033/5033/5033 5034/5034/5034 
f 5035/5035/5035 5036/5036/5036 5037/5037/5037 
f 5038/5038/5038 5039/5039/5039 5040/5040/5040 
f 5041/5041/5041 5042/5042/5042 5043/5043/5043 
f 5044/5044/5044 5045/5045/5045 5046/5046/5046 
f 5047/5047/5047 5048/5048/5048 5049/5049/5049 
f 5050/5050/5050 5051/5051/5051 5052/5052/5052 
f 5053/5053/5053 5054/5054/5054 5055/5055/5055 
f 5056/5056/5056 5057/5057/5057 5058/5058/5058 
f 5059/5059/5059 5060/5060/5060 5061/5061/5061 
f 5062/5062/5062 5063/5063/5063 5064/5064/5064 
f 5065/5065/5065 5066/5066/5066 5067/5067/5067 
f 5068/5068/5068 5069/5069/5069 5070/5070/5070 
f 5071/5071/5071 5072/5072/5072 5073/5073/5073 
f 5074/5074/5074 5075/5075/5075 5076/5076/5076 
f 5077/5077/5077 5078/5078/5078 5079/5079/5079 
f 5080/5080/5080 5081/5081/5081 5082/5082/5082 
f 5083/5083/5083 5084/5084/5084 5085/5085/5085 
f 5086/5086/5086 5087/5087/5087 5088/5088/5088 
f 5089/5089/5089 5090/5090/5090 5091/5091/5091 
f 5092/5092/5092 5093/5093/5093 5094/5094/5094 
f 5095/5095/5095 5096/5096/5096 5097/5097/5097 
f 5098/5098/5098 5099/5099/5099 5100/5100/5100 
f 5101/5101/5101 5102/5102/5102 5103/5103/5103 
f 5104/5104/5104 5105/5105/5105 5106/5106/5106 
f 5107/5107/5107 5108/5108/5108 5109/5109/5109 
f 5110/5110/5110 5111/5111/5111 5112/5112/5112 
f 5113/5113/5113 5114/5114/5114 5115/5115/5115 
f 5116/5116/5116 5117/5117/5117 5118/5118/5118 
f 5119/5119/5119 5120/5120/5120 5121/5121/5121 
f 5122/5122/5122 5123/5123/5123 5124/5124/5124 
f 5125/5125/5125 5126/5126/5126 5127/5127/5127 
f 5128/5128/5128 5129/5129/5129 5130/5130/5130 
f 5131/5131/5131 5132/5132/5132 5133/5133/5133 
f 5134/5134/5134 5135/5135/5135 5136/5136/5136 
f 5137/5137/5137 5138/5138/5138 5139/5139/5139 
f 5140/5140/5140 5141/5141/5141 5142/5142/5142 
f 5143/5143/5143 5144/5144/5144 5145/5145/5145 
f 5146/5146/5146 5147/5147/5147 5148/5148/5148 
f 5149/5149/5149 5150/5150/5150 5151/5151/5151 
f 5152/5152/5152 5153/5153/5153 5154/5154/5154 
f 5155/5155/5155 5156/5156/5156 5157/5157/5157 
f 5158/5158/5158 5159/5159/5159 5160/5160/5160 
f 5161/5161/5161 5162/5162/5162 5163/5163/5163 
f 5164/5164/5164 5165/5165/5165 5166/5166/5166 
f 5167/5167/5167 5168/5168/5168 5169/5169/5169 
f 5170/5170/5170 5171/5171/5171 5172/5172/5172 
f 5173/5173/5173 5174/5174/5174 5175/5175/5175 
f 5176/5176/5176 5177/5177/5177 5178/5178/5178 
f 5179/5179/5179 5180/5180/5180 5181/5181/5181 
f 5182/5182/5182 5183/5183/5183 5184/5184/5184 
f 5185/5185/5185 5186/5186/5186 5187/5187/5187 
f 5188/5188/5188 5189/5189/5189 5190/5190/5190 
f 5191/5191/5191 5192/5192/5192 5193/5193/5193 
f 5194/5194/5194 5195/5195/5195 5196/5196/5196 
f 5197/5197/5197 5198/5198/5198 5199/5199/5199 
f 5200/5200/5200 5201/5201/5201 5202/5202/5202 
f 5203/5203/5203 5204/5204/5204 5205/5205/5205 
f 5206/5206/5206 5207/5207/5207 5208/5208/5208 
f 5209/5209/5209 5210/5210/5210 5211/5211/5211 
f 5212/5212/5212 5213/5213/5213 5214/5214/5214 
f 5215/5215/5215 5216/5216/5216 5217/5217/5217 
f 5218/5218/5218 5219/5219/5219 5220/5220/5220 
f 5221/5221/5221 5222/5222/5222 5223/5223/5223 
f 5224/5224/5224 5225/5225/5225 5226/5226/5226 
f 5227/5227/5227 5228/5228/5228 5229/5229/5229 
f 5230/5230/5230 5231/5231/5231 5232/5232/5232 
f 5233/5233/5233 5234/5234/5234 5235/5235/5235 
f 5236/5236/5236 5237/5237/5237 5238/5238/5238 
f 5239/5239/5239 5240/5240/5240 5241/5241/5241 
f 5242/5242/5242 5243/5243/5243 5244/5244/5244 
f 5245/5245/5245 5246/5246/5246 5247/5247/5247 
f 5248/5248/5248 5249/5249/5249 5250/5250/5250 
f 5251/5251/5251 5252/5252/5252 5253/5253/5253 
f 5254/5254/5254 5255/5255/5255 5256/5256/5256 
f 5257/5257/5257 5258/5258/5258 5259/5259/5259 
f 5260/5260/5260 5261/5261/5261 5262/5262/5262 
f 5263/5263/5263 5264/5264/5264 5265/5265/5265 
f 5266/5266/5266 5267/5267/5267 5268/5268/5268 
f 5269/5269/5269 5270/5270/5270 5271/5271/5271 
f 5272/5272/5272 5273/5273/5273 5274/5274/5274 
f 5275/5275/5275 5276/5276/5276 5277/5277/5277 
f 5278/5278/5278 5279/5279/5279 5280/5280/5280 
f 5281/5281/5281 5282/5282/5282 5283/5283/5283 
f 5284/5284/5284 5285/5285/5285 5286/5286/5286 
f 5287/5287/5287 5288/5288/5288 5289/5289/5289 
f 5290/5290/5290 5291/5291/5291 5292/5292/5292 
f 5293/5293/5293 5294/5294/5294 5295/5295/5295 
f 5296/5296/5296 5297/5297/5297 5298/5298/5298 
f 5299/5299/5299 5300/5300/5300 5301/5301/5301 
f 5302/5302/5302 5303/5303/5303 5304/5304/5304 
f 5305/5305/5305 5306/5306/5306 5307/5307/5307 
f 5308/5308/5308 5309/5309/5309 5310/5310/5310 
f 5311/5311/5311 5312/5312/5312 5313/5313/5313 
f 5314/5314/5314 5315/5315/5315 5316/5316/5316 
f 5317/5317/5317 5318/5318/5318 5319/5319/5319 
f 5320/5320/5320 5321/5321/5321 5322/5322/5322 
f 5323/5323/5323 5324/5324/5324 5325/5325/5325 
f 5326/5326/5326 5327/5327/5327 5328/5328/5328 
f 5329/5329/5329 5330/5330/5330 5331/5331/5331 
f 5332/5332/5332 5333/5333/5333 5334/5334/5334 
f 5335/5335/5335 5336/5336/5336 5337/5337/5337 
f 5338/5338/5338 5339/5339/5339 5340/5340/5340 
f 5341/5341/5341 5342/5342/5342 5343/5343/5343 
f 5344/5344/5344 5345/5345/5345 5346/5346/5346 
f 5347/5347/5347 5348/5348/5348 5349/5349/5349 
f 5350/5350/5350 5351/5351/5351 5352/5352/5352 
f 5353/5353/5353 5354/5354/5354 5355/5355/5355 
f 5356/5356/5356 5357/5357/5357 5358/5358/5358 
f 5359/5359/5359 5360/5360/5360 5361/5361/5361 
f 5362/5362/5362 5363/5363/5363 5364/5364/5364 
f 5365/5365/5365 5366/5366/5366 5367/5367/5367 
f 5368/5368/5368 5369/5369/5369 5370/5370/5370 
f 5371/5371/5371 5372/5372/5372 5373/5373/5373 
f 5374/5374/5374 5375/5375/5375 5376/5376/5376 
f 5377/5377/5377 5378/5378/5378 5379/5379/5379 
f 5380/5380/5380 5381/5381/5381 5382/5382/5382 
f 5383/5383/5383 5384/5384/5384 5385/5385/5385 
f 5386/5386/5386 5387/5387/5387 5388/5388/5388 
f 5389/5389/5389 5390/5390/5390 5391/5391/5391 
f 5392/5392/5392 5393/5393/5393 5394/5394/5394 
f 5395/5395/5395 5396/5396/5396 5397/5397/5397 
f 5398/5398/5398 5399/5399/5399 5400/5400/5400 
f 5401/5401/5401 5402/5402/5402 5403/5403/5403 
f 5404/5404/5404 5405/5405/5405 5406/5406/5406 
f 5407/5407/5407 5408/5408/5408 5409/5409/5409 
f 5410/5410/5410 5411/5411/5411 5412/5412/5412 
f 5413/5413/5413 5414/5414/5414 5415/5415/5415 
f 5416/5416/5416 5417/5417/5417 5418/5418/5418 
f 5419/5419/5419 5420/5420/5420 5421/5421/5421 
f 5422/5422/5422 5423/5423/5423 5424/5424/5424 
f 5425/5425/5425 5426/5426/5426 5427/5427/5427 
f 5428/5428/5428 5429/5429/5429 5430/5430/5430 
f 5431/5431/5431 5432/5432/5432 5433/5433/5433 
f 5434/5434/5434 5435/5435/5435 5436/5436/5436 
f 5437/5437/5437 5438/5438/5438 5439/5439/5439 
f 5440/5440/5440 5441/5441/5441 5442/5442/5442 
f 5443/5443/5443 5444/5444/5444 5445/5445/5445 
f 5446/5446/5446 5447/5447/5447 5448/5448/5448 
f 5449/5449/5449 5450/5450/5450 5451/5451/5451 
f 5452/5452/5452 5453/5453/5453 5454/5454/5454 
f 5455/5455/5455 5456/5456/5456 5457/5457/5457 
f 5458/5458/5458 5459/5459/5459 5460/5460/5460 
f 5461/5461/5461 5462/5462/5462 5463/5463/5463 
f 5464/5464/5464 5465/5465/5465 5466/5466/5466 
f 5467/5467/5467 5468/5468/5468 5469/5469/5469 
f 5470/5470/5470 5471/5471/5471 5472/5472/5472 
f 5473/5473/5473 5474/5474/5474 5475/5475/5475 
f 5476/5476/5476 5477/5477/5477 5478/5478/5478 
f 5479/5479/5479 5480/5480/5480 5481/5481/5481 
f 5482/5482/5482 5483/5483/5483 5484/5484/5484 
f 5485/5485/5485 5486/5486/5486 5487/5487/5487 
f 5488/5488/5488 5489/5489/5489 5490/5490/5490 
f 5491/5491/5491 5492/5492/5492 5493/5493/5493 
f 5494/5494/5494 5495/5495/5495 5496/5496/5496 
f 5497/5497/5497 5498/5498/5498 5499/5499/5499 
f 5500/5500/5500 5501/5501/5501 5502/5502/5502 
f 5503/5503/5503 5504/5504/5504 5505/5505/5505 
f 5506/5506/5506 5507/5507/5507 5508/5508/5508 
f 5509/5509/5509 5510/5510/5510 5511/5511/5511 
f 5512/5512/5512 5513/5513/5513 5514/5514/5514 
f 5515/5515/5515 5516/5516/5516 5517/5517/5517 
f 5518/5518/5518 5519/5519/5519 5520/5520/5520 
f 5521/5521/5521 5522/5522/5522 5523/5523/5523 
f 5524/5524/5524 5525/5525/5525 5526/5526/5526 
f 5527/5527/5527 5528/5528/5528 5529/5529/5529 
f 5530/5530/5530 5531/5531/5531 5532/5532/5532 
f 5533/5533/5533 5534/5534/5534 5535/5535/5535 
f 5536/5536/5536 5537/5537/5537 5538/5538/5538 
f 5539/5539/5539 5540/5540/5540 5541/5541/5541 
f 5542/5542/5542 5543/5543/5543 5544/5544/5544 
f 5545/5545/5545 5546/5546/5546 5547/5547/5547 
f 5548/5548/5548 5549/5549/5549 5550/5550/5550 
f 5551/5551/5551 5552/5552/5552 5553/5553/5553 
f 5554/5554/5554 5555/5555/5555 5556/5556/5556 
f 5557/5557/5557 5558/5558/5558 5559/5559/5559 
f 5560/5560/5560 5561/5561/5561 5562/5562/5562 
f 5563/5563/5563 5564/5564/5564 5565/5565/5565 
f 5566/5566/5566 5567/5567/5567 5568/5568/5568 
f 5569/5569/5569 5570/5570/5570 5571/5571/5571 
f 5572/5572/5572 5573/5573/5573 5574/5574/5574 
f 5575/5575/5575 5576/5576/5576 5577/5577/5577 
f 5578/5578/5578 5579/5579/5579 5580/5580/5580 
f 5581/5581/5581 5582/5582/5582 5583/5583/5583 
f 5584/5584/5584 5585/5585/5585 5586/5586/5586 
f 5587/5587/5587 5588/5588/5588 5589/5589/5589 
f 5590/5590/5590 5591/5591/5591 5592/5592/5592 
f 5593/5593/5593 5594/5594/5594 5595/5595/5595 
f 5596/5596/5596 5597/5597/5597 5598/5598/5598 
f 5599/5599/5599 5600/5600/5600 5601/5601/5601 
f 5602/5602/5602 5603/5603/5603 5604/5604/5604 
f 5605/5605/5605 5606/5606/5606 5607/5607/5607 
f 5608/5608/5608 5609/5609/5609 5610/5610/5610 
f 5611/5611/5611 5612/5612/5612 5613/5613/5613 
f 5614/5614/5614 5615/5615/5615 5616/5616/5616 
f 5617/5617/5617 5618/5618/5618 5619/5619/5619 
f 5620/5620/5620 5621/5621/5621 5622/5622/5622 
f 5623/5623/5623 5624/5624/5624 5625/5625/5625 
f 5626/5626/5626 5627/5627/5627 5628/5628/5628 
f 5629/5629/5629 5630/5630/5630 5631/5631/5631 
f 5632/5632/5632 5633/5633/5633 5634/5634/5634 
f 5635/5635/5635 5636/5636/5636 5637/5637/5637 
f 5638/5638/5638 5639/5639/5639 5640/5640/5640 
f 5641/5641/5641 5642/5642/5642 5643/5643/5643 
f 5644/5644/5644 5645/5645/5645 5646/5646/5646 
f 5647/5647/5647 5648/5648/5648 5649/5649/5649 
f 5650/5650/5650 5651/5651/5651 5652/5652/5652 
f 5653/5653/5653 5654/5654/5654 5655/5655/5655 
f 5656/5656/5656 5657/5657/5657 5658/5658/5658 
f 5659/5659/5659 5660/5660/5660 5661/5661/5661 
f 5662/5662/5662 5663/5663/5663 5664/5664/5664 
f 5665/5665/5665 5666/5666/5666 5667/5667/5667 
f 5668/5668/5668 5669/5669/5669 5670/5670/5670 
f 5671/5671/5671 5672/5672/5672 5673/5673/5673 
f 5674/5674/5674 5675/5675/5675 5676/5676/5676 
f 5677/5677/5677 5678/5678/5678 5679/5679/5679 
f 5680/5680/5680 5681/5681/5681 5682/5682/5682 
f 5683/5683/5683 5684/5684/5684 5685/5685/5685 
f 5686/5686/5686 5687/5687/5687 5688/5688/5688 
f 5689/5689/5689 5690/5690/5690 5691/5691/5691 
f 5692/5692/5692 5693/5693/5693 5694/5694/5694 
f 5695/5695/5695 5696/5696/5696 5697/5697/5697 
f 5698/5698/5698 5699/5699/5699 5700/5700/5700 
f 5701/5701/5701 5702/5702/5702 5703/5703/5703 
f 5704/5704/5704 5705/5705/5705 5706/5706/5706 
f 5707/5707/5707 5708/5708/5708 5709/5709/5709 
f 5710/5710/5710 5711/5711/5711 5712/5712/5712 
f 5713/5713/5713 5714/5714/5714 5715/5715/5715 
f 5716/5716/5716 5717/5717/5717 5718/5718/5718 
f 5719/5719/5719 5720/5720/5720 5721/5721/5721 
f 5722/5722/5722 5723/5723/5723 5724/5724/5724 
f 5725/5725/5725 5726/5726/5726 5727/5727/5727 
f 5728/5728/5728 5729/5729/5729 5730/5730/5730 
f 5731/5731/5731 5732/5732/5732 5733/5733/5733 
f 5734/5734/5734 5735/5735/5735 5736/5736/5736 
f 5737/5737/5737 5738/5738/5738 5739/5739/5739 
f 5740/5740/5740 5741/5741/5741 5742/5742/5742 
f 5743/5743/5743 5744/5744/5744 5745/5745/5745 
f 5746/5746/5746 5747/5747/5747 5748/5748/5748 
f 5749/5749/5749 5750/5750/5750 5751/5751/5751 
f 5752/5752/5752 5753/5753/5753 5754/5754/5754 
f 5755/5755/5755 5756/5756/5756 5757/5757/5757 
f 5758/5758/5758 5759/5759/5759 5760/5760/5760 
f 5761/5761/5761 5762/5762/5762 5763/5763/5763 
f 5764/5764/5764 5765/5765/5765 5766/5766/5766 
f 5767/5767/5767 5768/5768/5768 5769/5769/5769 
f 5770/5770/5770 5771/5771/5771 5772/5772/5772 
f 5773/5773/5773 5774/5774/5774 5775/5775/5775 
f 5776/5776/5776 5777/5777/5777 5778/5778/5778 
f 5779/5779/5779 5780/5780/5780 5781/5781/5781 
f 5782/5782/5782 5783/5783/5783 5784/5784/5784 
f 5785/5785/5785 5786/5786/5786 5787/5787/5787 
f 5788/5788/5788 5789/5789/5789 5790/5790/5790 
f 5791/5791/5791 5792/5792/5792 5793/5793/5793 
f 5794/5794/5794 5795/5795/5795 5796/5796/5796 
f 5797/5797/5797 5798/5798/5798 5799/5799/5799 
f 5800/5800/5800 5801/5801/5801 5802/5802/5802 
f 5803/5803/5803 5804/5804/5804 5805/5805/5805 
f 5806/5806/5806 5807/5807/5807 5808/5808/5808 
f 5809/5809/5809 5810/5810/5810 5811/5811/5811 
f 5812/5812/5812 5813/5813/5813 5814/5814/5814 
f 5815/5815/5815 5816/5816/5816 5817/5817/5817 
f 5818/5818/5818 5819/5819/5819 5820/5820/5820 
f 5821/5821/5821 5822/5822/5822 5823/5823/5823 
f 5824/5824/5824 5825/5825/5825 5826/5826/5826 
f 5827/5827/5827 5828/5828/5828 5829/5829/5829 
f 5830/5830/5830 5831/5831/5831 5832/5832/5832 
f 5833/5833/5833 5834/5834/5834 5835/5835/5835 
f 5836/5836/5836 5837/5837/5837 5838/5838/5838 
f 5839/5839/5839 5840/5840/5840 5841/5841/5841 
f 5842/5842/5842 5843/5843/5843 5844/5844/5844 
f 5845/5845/5845 5846/5846/5846 5847/5847/5847 
f 5848/5848/5848 5849/5849/5849 5850/5850/5850 
f 5851/5851/5851 5852/5852/5852 5853/5853/5853 
f 5854/5854/5854 5855/5855/5855 5856/5856/5856 
f 5857/5857/5857 5858/5858/5858 5859/5859/5859 
f 5860/5860/5860 5861/5861/5861 5862/5862/5862 
f 5863/5863/5863 5864/5864/5864 5865/5865/5865 
f 5866/5866/5866 5867/5867/5867 5868/5868/5868 
f 5869/5869/5869 5870/5870/5870 5871/5871/5871 
f 5872/5872/5872 5873/5873/5873 5874/5874/5874 
f 5875/5875/5875 5876/5876/5876 5877/5877/5877 
f 5878/5878/5878 5879/5879/5879 5880/5880/5880 
f 5881/5881/5881 5882/5882/5882 5883/5883/5883 
f 5884/5884/5884 5885/5885/5885 5886/5886/5886 
f 5887/5887/5887 5888/5888/5888 5889/5889/5889 
f 5890/5890/5890 5891/5891/5891 5892/5892/5892 
f 5893/5893/5893 5894/5894/5894 5895/5895/5895 
f 5896/5896/5896 5897/5897/5897 5898/5898/5898 
f 5899/5899/5899 5900/5900/5900 5901/5901/5901 
f 5902/5902/5902 5903/5903/5903 5904/5904/5904 
f 5905/5905/5905 5906/5906/5906 5907/5907/5907 
f 5908/5908/5908 5909/5909/5909 5910/5910/5910 
f 5911/5911/5911 5912/5912/5912 5913/5913/5913 
f 5914/5914/5914 5915/5915/5915 5916/5916/5916 
f 5917/5917/5917 5918/5918/5918 5919/5919/5919 
f 5920/5920/5920 5921/5921/5921 5922/5922/5922 
f 5923/5923/5923 5924/5924/5924 5925/5925/5925 
f 5926/5926/5926 5927/5927/5927 5928/5928/5928 
f 5929/5929/5929 5930/5930/5930 5931/5931/5931 
f 5932/5932/5932 5933/5933/5933 5934/5934/5934 
f 5935/5935/5935 5936/5936/5936 5937/5937/5937 
f 5938/5938/5938 5939/5939/5939 5940/5940/5940 
f 5941/5941/5941 5942/5942/5942 5943/5943/5943 
f 5944/5944/5944 5945/5945/5945 5946/5946/5946 
f 5947/5947/5947 5948/5948/5948 5949/5949/5949 
f 5950/5950/5950 5951/5951/5951 5952/5952/5952 
f 5953/5953/5953 5954/5954/5954 5955/5955/5955 
f 5956/5956/5956 5957/5957/5957 5958/5958/5958 
f 5959/5959/5959 5960/5960/5960 5961/5961/5961 
f 5962/5962/5962 5963/5963/5963 5964/5964/5964 
f 5965/5965/5965 5966/5966/5966 5967/5967/5967 
f 5968/5968/5968 5969/5969/5969 5970/5970/5970 
f 5971/5971/5971 5972/5972/5972 5973/5973/5973 
f 5974/5974/5974 5975/5975/5975 5976/5976/5976 
f 5977/5977/5977 5978/5978/5978 5979/5979/5979 
f 5980/5980/5980 5981/5981/5981 5982/5982/5982 
f 5983/5983/5983 5984/5984/5984 5985/5985/5985 
f 5986/5986/5986 5987/5987/5987 5988/5988/5988 
f 5989/5989/5989 5990/5990/5990 5991/5991/5991 
f 5992/5992/5992 5993/5993/5993 5994/5994/5994 
f 5995/5995/5995 5996/5996/5996 5997/5997/5997 
f 5998/5998/5998 5999/5999/5999 6000/6000/6000 
f 6001/6001/6001 6002/6002/6002 6003/6003/6003 
f 6004/6004/6004 6005/6005/6005 6006/6006/6006 
f 6007/6007/6007 6008/6008/6008 6009/6009/6009 
f 6010/6010/6010 6011/6011/6011 6012/6012/6012 
f 6013/6013/6013 6014/6014/6014 6015/6015/6015 
f 6016/6016/6016 6017/6017/6017 6018/6018/6018 
f 6019/6019/6019 6020/6020/6020 6021/6021/6021 
f 6022/6022/6022 6023/6023/6023 6024/6024/6024 
f 6025/6025/6025 6026/6026/6026 6027/6027/6027 
f 6028/6028/6028 6029/6029/6029 6030/6030/6030 
f 6031/6031/6031 6032/6032/6032 6033/6033/6033 
f 6034/6034/6034 6035/6035/6035 6036/6036/6036 
f 6037/6037/6037 6038/6038/6038 6039/6039/6039 
f 6040/6040/6040 6041/6041/6041 6042/6042/6042 
f 6043/6043/6043 6044/6044/6044 6045/6045/6045 
f 6046/6046/6046 6047/6047/6047 6048/6048/6048 
f 6049/6049/6049 6050/6050/6050 6051/6051/6051 
f 6052/6052/6052 6053/6053/6053 6054/6054/6054 
f 6055/6055/6055 6056/6056/6056 6057/6057/6057 
f 6058/6058/6058 6059/6059/6059 6060/6060/6060 
f 6061/6061/6061 6062/6062/6062 6063/6063/6063 
f 6064/6064/6064 6065/6065/6065 6066/6066/6066 
f 6067/6067/6067 6068/6068/6068 6069/6069/6069 
f 6070/6070/6070 6071/6071/6071 6072/6072/6072 
f 6073/6073/6073 6074/6074/6074 6075/6075/6075 
f 6076/6076/6076 6077/6077/6077 6078/6078/6078 
f 6079/6079/6079 6080/6080/6080 6081/6081/6081 
f 6082/6082/6082 6083/6083/6083 6084/6084/6084 
f 6085/6085/6085 6086/6086/6086 6087/6087/6087 
f 6088/6088/6088 6089/6089/6089 6090/6090/6090 
f 6091/6091/6091 6092/6092/6092 6093/6093/6093 
f 6094/6094/6094 6095/6095/6095 6096/6096/6096 
f 6097/6097/6097 6098/6098/6098 6099/6099/6099 
f 6100/6100/6100 6101/6101/6101 6102/6102/6102 
f 6103/6103/6103 6104/6104/6104 6105/6105/6105 
f 6106/6106/6106 6107/6107/6107 6108/6108/6108 
f 6109/6109/6109 6110/6110/6110 6111/6111/6111 
f 6112/6112/6112 6113/6113/6113 6114/6114/6114 
f 6115/6115/6115 6116/6116/6116 6117/6117/6117 
f 6118/6118/6118 6119/6119/6119 6120/6120/6120 
f 6121/6121/6121 6122/6122/6122 6123/6123/6123 
f 6124/6124/6124 6125/6125/6125 6126/6126/6126 
f 6127/6127/6127 6128/6128/6128 6129/6129/6129 
f 6130/6130/6130 6131/6131/6131 6132/6132/6132 
f 6133/6133/6133 6134/6134/6134 6135/6135/6135 
f 6136/6136/6136 6137/6137/6137 6138/6138/6138 
f 6139/6139/6139 6140/6140/6140 6141/6141/6141 
f 6142/6142/6142 6143/6143/6143 6144/6144/6144 
f 6145/6145/6145 6146/6146/6146 6147/6147/6147 
f 6148/6148/6148 6149/6149/6149 6150/6150/6150 
f 6151/6151/6151 6152/6152/6152 6153/6153/6153 
f 6154/6154/6154 6155/6155/6155 6156/6156/6156 
f 6157/6157/6157 6158/6158/6158 6159/6159/6159 
f 6160/6160/6160 6161/6161/6161 6162/6162/6162 
f 6163/6163/6163 6164/6164/6164 6165/6165/6165 
f 6166/6166/6166 6167/6167/6167 6168/6168/6168 
f 6169/6169/6169 6170/6170/6170 6171/6171/6171 
f 6172/6172/6172 6173/6173/6173 6174/6174/6174 
f 6175/6175/6175 6176/6176/6176 6177/6177/6177 
f 6178/6178/6178 6179/6179/6179 6180/6180/6180 
f 6181/6181/6181 6182/6182/6182 6183/6183/6183 
f 6184/6184/6184 6185/6185/6185 6186/6186/6186 
f 6187/6187/6187 6188/6188/6188 6189/6189/6189 
f 6190/6190/6190 6191/6191/6191 6192/6192/6192 
f 6193/6193/6193 6194/6194/6194 6195/6195/6195 
f 6196/6196/6196 6197/6197/6197 6198/6198/6198 
f 6199/6199/6199 6200/6200/6200 6201/6201/6201 
f 6202/6202/6202 6203/6203/6203 6204/6204/6204 
f 6205/6205/6205 6206/6206/6206 6207/6207/6207 
f 6208/6208/6208 6209/6209/6209 6210/6210/6210 
f 6211/6211/6211 6212/6212/6212 6213/6213/6213 
f 6214/6214/6214 6215/6215/6215 6216/6216/6216 
f 6217/6217/6217 6218/6218/6218 6219/6219/6219 
f 6220/6220/6220 6221/6221/6221 6222/6222/6222 
f 6223/6223/6223 6224/6224/6224 6225/6225/6225 
f 6226/6226/6226 6227/6227/6227 6228/6228/6228 
f 6229/6229/6229 6230/6230/6230 6231/6231/6231 
f 6232/6232/6232 6233/6233/6233 6234/6234/6234 
f 6235/6235/6235 6236/6236/6236 6237/6237/6237 
f 6238/6238/6238 6239/6239/6239 6240/6240/6240 
f 6241/6241/6241 6242/6242/6242 6243/6243/6243 
f 6244/6244/6244 6245/6245/6245 6246/6246/6246 
f 6247/6247/6247 6248/6248/6248 6249/6249/6249 
f 6250/6250/6250 6251/6251/6251 6252/6252/6252 
f 6253/6253/6253 6254/6254/6254 6255/6255/6255 
f 6256/6256/6256 6257/6257/6257 6258/6258/6258 
f 6259/6259/6259 6260/6260/6260 6261/6261/6261 
f 6262/6262/6262 6263/6263/6263 6264/6264/6264 
f 6265/6265/6265 6266/6266/6266 6267/6267/6267 
f 6268/6268/6268 6269/6269/6269 6270/6270/6270 
f 6271/6271/6271 6272/6272/6272 6273/6273/6273 
f 6274/6274/6274 6275/6275/6275 6276/6276/6276 
f 6277/6277/6277 6278/6278/6278 6279/6279/6279 
f 6280/6280/6280 6281/6281/6281 6282/6282/6282 
f 6283/6283/6283 6284/6284/6284 6285/6285/6285 
f 6286/6286/6286 6287/6287/6287 6288/6288/6288 
f 6289/6289/6289 6290/6290/6290 6291/6291/6291 
f 6292/6292/6292 6293/6293/6293 6294/6294/6294 
f 6295/6295/6295 6296/6296/6296 6297/6297/6297 
f 6298/6298/6298 6299/6299/6299 6300/6300/6300 
f 6301/6301/6301 6302/6302/6302 6303/6303/6303 
f 6304/6304/6304 6305/6305/6305 6306/6306/6306 
f 6307/6307/6307 6308/6308/6308 6309/6309/6309 
f 6310/6310/6310 6311/6311/6311 6312/6312/6312 
f 6313/6313/6313 6314/6314/6314 6315/6315/6315 
f 6316/6316/6316 6317/6317/6317 6318/6318/6318 
f 6319/6319/6319 6320/6320/6320 6321/6321/6321 
f 6322/6322/6322 6323/6323/6323 6324/6324/6324 
f 6325/6325/6325 6326/6326/6326 6327/6327/6327 
f 6328/6328/6328 6329/6329/6329 6330/6330/6330 
f 6331/6331/6331 6332/6332/6332 6333/6333/6333 
f 6334/6334/6334 6335/6335/6335 6336/6336/6336 
f 6337/6337/6337 6338/6338/6338 6339/6339/6339 
f 6340/6340/6340 6341/6341/6341 6342/6342/6342 
f 6343/6343/6343 6344/6344/6344 6345/6345/6345 
f 6346/6346/6346 6347/6347/6347 6348/6348/6348 
f 6349/6349/6349 6350/6350/6350 6351/6351/6351 
f 6352/6352/6352 6353/6353/6353 6354/6354/6354 
f 6355/6355/6355 6356/6356/6356 6357/6357/6357 
f 6358/6358/6358 6359/6359/6359 6360/6360/6360 
f 6361/6361/6361 6362/6362/6362 6363/6363/6363 
f 6364/6364/6364 6365/6365/6365 6366/6366/6366 
f 6367/6367/6367 6368/6368/6368 6369/6369/6369 
f 6370/6370/6370 6371/6371/6371 6372/6372/6372 
f 6373/6373/6373 6374/6374/6374 6375/6375/6375 
f 6376/6376/6376 6377/6377/6377 6378/6378/6378 
f 6379/6379/6379 6380/6380/6380 6381/6381/6381 
f 6382/6382/6382 6383/6383/6383 6384/6384/6384 
f 6385/6385/6385 6386/6386/6386 6387/6387/6387 
f 6388/6388/6388 6389/6389/6389 6390/6390/6390 
f 6391/6391/6391 6392/6392/6392 6393/6393/6393 
f 6394/6394/6394 6395/6395/6395 6396/6396/6396 
f 6397/6397/6397 6398/6398/6398 6399/6399/6399 
f 6400/6400/6400 6401/6401/6401 6402/6402/6402 
f 6403/6403/6403 6404/6404/6404 6405/6405/6405 
f 6406/6406/6406 6407/6407/6407 6408/6408/6408 
f 6409/6409/6409 6410/6410/6410 6411/6411/6411 
f 6412/6412/6412 6413/6413/6413 6414/6414/6414 
f 6415/6415/6415 6416/6416/6416 6417/6417/6417 
f 6418/6418/6418 6419/6419/6419 6420/6420/6420 
f 6421/6421/6421 6422/6422/6422 6423/6423/6423 
f 6424/6424/6424 6425/6425/6425 6426/6426/6426 
f 6427/6427/6427 6428/6428/6428 6429/6429/6429 
f 6430/6430/6430 6431/6431/6431 6432/6432/6432 
f 6433/6433/6433 6434/6434/6434 6435/6435/6435 
f 6436/6436/6436 6437/6437/6437 6438/6438/6438 
f 6439/6439/6439 6440/6440/6440 6441/6441/6441 
f 6442/6442/6442 6443/6443/6443 6444/6444/6444 
f 6445/6445/6445 6446/6446/6446 6447/6447/6447 
f 6448/6448/6448 6449/6449/6449 6450/6450/6450 
f 6451/6451/6451 6452/6452/6452 6453/6453/6453 
f 6454/6454/6454 6455/6455/6455 6456/6456/6456 
f 6457/6457/6457 6458/6458/6458 6459/6459/6459 
f 6460/6460/6460 6461/6461/6461 6462/6462/6462 
f 6463/6463/6463 6464/6464/6464 6465/6465/6465 
f 6466/6466/6466 6467/6467/6467 6468/6468/6468 
f 6469/6469/6469 6470/6470/6470 6471/6471/6471 
f 6472/6472/6472 6473/6473/6473 6474/6474/6474 
f 6475/6475/6475 6476/6476/6476 6477/6477/6477 
f 6478/6478/6478 6479/6479/6479 6480/6480/6480 
f 6481/6481/6481 6482/6482/6482 6483/6483/6483 
f 6484/6484/6484 6485/6485/6485 6486/6486/6486 
f 6487/6487/6487 6488/6488/6488 6489/6489/6489 
f 6490/6490/6490 6491/6491/6491 6492/6492/6492 
f 6493/6493/6493 6494/6494/6494 6495/6495/6495 
f 6496/6496/6496 6497/6497/6497 6498/6498/6498 
f 6499/6499/6499 6500/6500/6500 6501/6501/6501 
f 6502/6502/6502 6503/6503/6503 6504/6504/6504 
f 6505/6505/6505 6506/6506/6506 6507/6507/6507 
f 6508/6508/6508 6509/6509/6509 6510/6510/6510 
f 6511/6511/6511 6512/6512/6512 6513/6513/6513 
f 6514/6514/6514 6515/6515/6515 6516/6516/6516 
f 6517/6517/6517 6518/6518/6518 6519/6519/6519 
f 6520/6520/6520 6521/6521/6521 6522/6522/6522 
f 6523/6523/6523 6524/6524/6524 6525/6525/6525 
f 6526/6526/6526 6527/6527/6527 6528/6528/6528 
f 6529/6529/6529 6530/6530/6530 6531/6531/6531 
f 6532/6532/6532 6533/6533/6533 6534/6534/6534 
f 6535/6535/6535 6536/6536/6536 6537/6537/6537 
f 6538/6538/6538 6539/6539/6539 6540/6540/6540 
f 6541/6541/6541 6542/6542/6542 6543/6543/6543 
f 6544/6544/6544 6545/6545/6545 6546/6546/6546 
f 6547/6547/6547 6548/6548/6548 6549/6549/6549 
f 6550/6550/6550 6551/6551/6551 6552/6552/6552 
f 6553/6553/6553 6554/6554/6554 6555/6555/6555 
f 6556/6556/6556 6557/6557/6557 6558/6558/6558 
f 6559/6559/6559 6560/6560/6560 6561/6561/6561 
f 6562/6562/6562 6563/6563/6563 6564/6564/6564 
f 6565/6565/6565 6566/6566/6566 6567/6567/6567 
f 6568/6568/6568 6569/6569/6569 6570/6570/6570 
f 6571/6571/6571 6572/6572/6572 6573/6573/6573 
f 6574/6574/6574 6575/6575/6575 6576/6576/6576 
f 6577/6577/6577 6578/6578/6578 6579/6579/6579 
f 6580/6580/6580 6581/6581/6581 6582/6582/6582 
f 6583/6583/6583 6584/6584/6584 6585/6585/6585 
f 6586/6586/6586 6587/6587/6587 6588/6588/6588 
f 6589/6589/6589 6590/6590/6590 6591/6591/6591 
f 6592/6592/6592 6593/6593/6593 6594/6594/6594 
f 6595/6595/6595 6596/6596/6596 6597/6597/6597 
f 6598/6598/6598 6599/6599/6599 6600/6600/6600 
f 6601/6601/6601 6602/6602/6602 6603/6603/6603 
f 6604/6604/6604 6605/6605/6605 6606/6606/6606 
f 6607/6607/6607 6608/6608/6608 6609/6609/6609 
f 6610/6610/6610 6611/6611/6611 6612/6612/6612 
f 6613/6613/6613 6614/6614/6614 6615/6615/6615 
f 6616/6616/6616 6617/6617/6617 6618/6618/6618 
f 6619/6619/6619 6620/6620/6620 6621/6621/6621 
f 6622/6622/6622 6623/6623/6623 6624/6624/6624 
f 6625/6625/6625 6626/6626/6626 6627/6627/6627 
f 6628/6628/6628 6629/6629/6629 6630/6630/6630 
f 6631/6631/6631 6632/6632/6632 6633/6633/6633 
f 6634/6634/6634 6635/6635/6635 6636/6636/6636 
f 6637/6637/6637 6638/6638/6638 6639/6639/6639 
f 6640/6640/6640 6641/6641/6641 6642/6642/6642 
f 6643/6643/6643 6644/6644/6644 6645/6645/6645 
f 6646/6646/6646 6647/6647/6647 6648/6648/6648 
f 6649/6649/6649 6650/6650/6650 6651/6651/6651 
f 6652/6652/6652 6653/6653/6653 6654/6654/6654 
f 6655/6655/6655 6656/6656/6656 6657/6657/6657 
f 6658/6658/6658 6659/6659/6659 6660/6660/6660 
f 6661/6661/6661 6662/6662/6662 6663/6663/6663 
f 6664/6664/6664 6665/6665/6665 6666/6666/6666 
f 6667/6667/6667 6668/6668/6668 6669/6669/6669 
f 6670/6670/6670 6671/6671/6671 6672/6672/6672 
f 6673/6673/6673 6674/6674/6674 6675/6675/6675 
f 6676/6676/6676 6677/6677/6677 6678/6678/6678 
f 6679/6679/6679 6680/6680/6680 6681/6681/6681 
f 6682/6682/6682 6683/6683/6683 6684/6684/6684 
f 6685/6685/6685 6686/6686/6686 6687/6687/6687 
f 6688/6688/6688 6689/6689/6689 6690/6690/6690 
f 6691/6691/6691 6692/6692/6692 6693/6693/6693 
f 6694/6694/6694 6695/6695/6695 6696/6696/6696 
f 6697/6697/6697 6698/6698/6698 6699/6699/6699 
f 6700/6700/6700 6701/6701/6701 6702/6702/6702 
f 6703/6703/6703 6704/6704/6704 6705/6705/6705 
f 6706/6706/6706 6707/6707/6707 6708/6708/6708 
f 6709/6709/6709 6710/6710/6710 6711/6711/6711 
f 6712/6712/6712 6713/6713/6713 6714/6714/6714 
f 6715/6715/6715 6716/6716/6716 6717/6717/6717 
f 6718/6718/6718 6719/6719/6719 6720/6720/6720 
f 6721/6721/6721 6722/6722/6722 6723/6723/6723 
f 6724/6724/6724 6725/6725/6725 6726/6726/6726 
f 6727/6727/6727 6728/6728/6728 6729/6729/6729 
f 6730/6730/6730 6731/6731/6731 6732/6732/6732 
f 6733/6733/6733 6734/6734/6734 6735/6735/6735 
f 6736/6736/6736 6737/6737/6737 6738/6738/6738 
f 6739/6739/6739 6740/6740/6740 6741/6741/6741 
f 6742/6742/6742 6743/6743/6743 6744/6744/6744 
f 6745/6745/6745 6746/6746/6746 6747/6747/6747 
f 6748/6748/6748 6749/6749/6749 6750/6750/6750 
f 6751/6751/6751 6752/6752/6752 6753/6753/6753 
f 6754/6754/6754 6755/6755/6755 6756/6756/6756 
f 6757/6757/6757 6758/6758/6758 6759/6759/6759 
f 6760/6760/6760 6761/6761/6761 6762/6762/6762 
f 6763/6763/6763 6764/6764/6764 6765/6765/6765 
f 6766/6766/6766 6767/6767/6767 6768/6768/6768 
f 6769/6769/6769 6770/6770/6770 6771/6771/6771 
f 6772/6772/6772 6773/6773/6773 6774/6774/6774 
f 6775/6775/6775 6776/6776/6776 6777/6777/6777 
f 6778/6778/6778 6779/6779/6779 6780/6780/6780 
f 6781/6781/6781 6782/6782/6782 6783/6783/6783 
f 6784/6784/6784 6785/6785/6785 6786/6786/6786 
f 6787/6787/6787 6788/6788/6788 6789/6789/6789 
f 6790/6790/6790 6791/6791/6791 6792/6792/6792 
f 6793/6793/6793 6794/6794/6794 6795/6795/6795 
f 6796/6796/6796 6797/6797/6797 6798/6798/6798 
f 6799/6799/6799 6800/6800/6800 6801/6801/6801 
f 6802/6802/6802 6803/6803/6803 6804/6804/6804 
f 6805/6805/6805 6806/6806/6806 6807/6807/6807 
f 6808/6808/6808 6809/6809/6809 6810/6810/6810 
f 6811/6811/6811 6812/6812/6812 6813/6813/6813 
f 6814/6814/6814 6815/6815/6815 6816/6816/6816 
f 6817/6817/6817 6818/6818/6818 6819/6819/6819 
f 6820/6820/6820 6821/6821/6821 6822/6822/6822 
f 6823/6823/6823 6824/6824/6824 6825/6825/6825 
f 6826/6826/6826 6827/6827/6827 6828/6828/6828 
f 6829/6829/6829 6830/6830/6830 6831/6831/6831 
f 6832/6832/6832 6833/6833/6833 6834/6834/6834 
f 6835/6835/6835 6836/6836/6836 6837/6837/6837 
f 6838/6838/6838 6839/6839/6839 6840/6840/6840 
f 6841/6841/6841 6842/6842/6842 6843/6843/6843 
f 6844/6844/6844 6845/6845/6845 6846/6846/6846 
f 6847/6847/6847 6848/6848/6848 6849/6849/6849 
f 6850/6850/6850 6851/6851/6851 6852/6852/6852 
f 6853/6853/6853 6854/6854/6854 6855/6855/6855 
f 6856/6856/6856 6857/6857/6857 6858/6858/6858 
f 6859/6859/6859 6860/6860/6860 6861/6861/6861 
f 6862/6862/6862 6863/6863/6863 6864/6864/6864 
f 6865/6865/6865 6866/6866/6866 6867/6867/6867 
f 6868/6868/6868 6869/6869/6869 6870/6870/6870 
f 6871/6871/6871 6872/6872/6872 6873/6873/6873 
f 6874/6874/6874 6875/6875/6875 6876/6876/6876 
f 6877/6877/6877 6878/6878/6878 6879/6879/6879 
f 6880/6880/6880 6881/6881/6881 6882/6882/6882 
f 6883/6883/6883 6884/6884/6884 6885/6885/6885 
f 6886/6886/6886 6887/6887/6887 6888/6888/6888 
f 6889/6889/6889 6890/6890/6890 6891/6891/6891 
f 6892/6892/6892 6893/6893/6893 6894/6894/6894 
f 6895/6895/6895 6896/6896/6896 6897/6897/6897 
f 6898/6898/6898 6899/6899/6899 6900/6900/6900 
f 6901/6901/6901 6902/6902/6902 6903/6903/6903 
f 6904/6904/6904 6905/6905/6905 6906/6906/6906 
f 6907/6907/6907 6908/6908/6908 6909/6909/6909 
f 6910/6910/6910 6911/6911/6911 6912/6912/6912 
f 6913/6913/6913 6914/6914/6914 6915/6915/6915 
f 6916/6916/6916 6917/6917/6917 6918/6918/6918 
f 6919/6919/6919 6920/6920/6920 6921/6921/6921 
f 6922/6922/6922 6923/6923/6923 6924/6924/6924 
f 6925/6925/6925 6926/6926/6926 6927/6927/6927 
f 6928/6928/6928 6929/6929/6929 6930/6930/6930 
f 6931/6931/6931 6932/6932/6932 6933/6933/6933 
f 6934/6934/6934 6935/6935/6935 6936/6936/6936 
f 6937/6937/6937 6938/6938/6938 6939/6939/6939 
f 6940/6940/6940 6941/6941/6941 6942/6942/6942 
f 6943/6943/6943 6944/6944/6944 6945/6945/6945 
f 6946/6946/6946 6947/6947/6947 6948/6948/6948 
f 6949/6949/6949 6950/6950/6950 6951/6951/6951 
f 6952/6952/6952 6953/6953/6953 6954/6954/6954 
f 6955/6955/6955 6956/6956/6956 6957/6957/6957 
f 6958/6958/6958 6959/6959/6959 6960/6960/6960 
f 6961/6961/6961 6962/6962/6962 6963/6963/6963 
f 6964/6964/6964 6965/6965/6965 6966/6966/6966 
f 6967/6967/6967 6968/6968/6968 6969/6969/6969 
f 6970/6970/6970 6971/6971/6971 6972/6972/6972 
f 6973/6973/6973 6974/6974/6974 6975/6975/6975 
f 6976/6976/6976 6977/6977/6977 6978/6978/6978 
f 6979/6979/6979 6980/6980/6980 6981/6981/6981 
f 6982/6982/6982 6983/6983/6983 6984/6984/6984 
f 6985/6985/6985 6986/6986/6986 6987/6987/6987 
f 6988/6988/6988 6989/6989/6989 6990/6990/6990 
f 6991/6991/6991 6992/6992/6992 6993/6993/6993 
f 6994/6994/6994 6995/6995/6995 6996/6996/6996 
f 6997/6997/6997 6998/6998/6998 6999/6999/6999 
f 7000/7000/7000 7001/7001/7001 7002/7002/7002 
f 7003/7003/7003 7004/7004/7004 7005/7005/7005 
f 7006/7006/7006 7007/7007/7007 7008/7008/7008 
f 7009/7009/7009 7010/7010/7010 7011/7011/7011 
f 7012/7012/7012 7013/7013/7013 7014/7014/7014 
f 7015/7015/7015 7016/7016/7016 7017/7017/7017 
f 7018/7018/7018 7019/7019/7019 7020/7020/7020 
f 7021/7021/7021 7022/7022/7022 7023/7023/7023 
f 7024/7024/7024 7025/7025/7025 7026/7026/7026 
f 7027/7027/7027 7028/7028/7028 7029/7029/7029 
f 7030/7030/7030 7031/7031/7031 7032/7032/7032 
f 7033/7033/7033 7034/7034/7034 7035/7035/7035 
f 7036/7036/7036 7037/7037/7037 7038/7038/7038 
f 7039/7039/7039 7040/7040/7040 7041/7041/7041 
f 7042/7042/7042 7043/7043/7043 7044/7044/7044 
f 7045/7045/7045 7046/7046/7046 7047/7047/7047 
f 7048/7048/7048 7049/7049/7049 7050/7050/7050 
f 7051/7051/7051 7052/7052/7052 7053/7053/7053 
f 7054/7054/7054 7055/7055/7055 7056/7056/7056 
f 7057/7057/7057 7058/7058/7058 7059/7059/7059 
f 7060/7060/7060 7061/7061/7061 7062/7062/7062 
f 7063/7063/7063 7064/7064/7064 7065/7065/7065 
f 7066/7066/7066 7067/7067/7067 7068/7068/7068 
f 7069/7069/7069 7070/7070/7070 7071/7071/7071 
f 7072/7072/7072 7073/7073/7073 7074/7074/7074 
f 7075/7075/7075 7076/7076/7076 7077/7077/7077 
f 7078/7078/7078 7079/7079/7079 7080/7080/7080 
f 7081/7081/7081 7082/7082/7082 7083/7083/7083 
f 7084/7084/7084 7085/7085/7085 7086/7086/7086 
f 7087/7087/7087 7088/7088/7088 7089/7089/7089 
f 7090/7090/7090 7091/7091/7091 7092/7092/7092 
f 7093/7093/7093 7094/7094/7094 7095/7095/7095 
f 7096/7096/7096 7097/7097/7097 7098/7098/7098 
f 7099/7099/7099 7100/7100/7100 7101/7101/7101 
f 7102/7102/7102 7103/7103/7103 7104/7104/7104 
f 7105/7105/7105 7106/7106/7106 7107/7107/7107 
f 7108/7108/7108 7109/7109/7109 7110/7110/7110 
f 7111/7111/7111 7112/7112/7112 7113/7113/7113 
f 7114/7114/7114 7115/7115/7115 7116/7116/7116 
f 7117/7117/7117 7118/7118/7118 7119/7119/7119 
f 7120/7120/7120 7121/7121/7121 7122/7122/7122 
f 7123/7123/7123 7124/7124/7124 7125/7125/7125 
f 7126/7126/7126 7127/7127/7127 7128/7128/7128 
f 7129/7129/7129 7130/7130/7130 7131/7131/7131 
f 7132/7132/7132 7133/7133/7133 7134/7134/7134 
f 7135/7135/7135 7136/7136/7136 7137/7137/7137 
f 7138/7138/7138 7139/7139/7139 7140/7140/7140 
f 7141/7141/7141 7142/7142/7142 7143/7143/7143 
f 7144/7144/7144 7145/7145/7145 7146/7146/7146 
f 7147/7147/7147 7148/7148/7148 7149/7149/7149 
f 7150/7150/7150 7151/7151/7151 7152/7152/7152 
f 7153/7153/7153 7154/7154/7154 7155/7155/7155 
f 7156/7156/7156 7157/7157/7157 7158/7158/7158 
f 7159/7159/7159 7160/7160/7160 7161/7161/7161 
f 7162/7162/7162 7163/7163/7163 7164/7164/7164 
f 7165/7165/7165 7166/7166/7166 7167/7167/7167 
f 7168/7168/7168 7169/7169/7169 7170/7170/7170 
f 7171/7171/7171 7172/7172/7172 7173/7173/7173 
f 7174/7174/7174 7175/7175/7175 7176/7176/7176 
f 7177/7177/7177 7178/7178/7178 7179/7179/7179 
f 7180/7180/7180 7181/7181/7181 7182/7182/7182 
f 7183/7183/7183 7184/7184/7184 7185/7185/7185 
f 7186/7186/7186 7187/7187/7187 7188/7188/7188 
f 7189/7189/7189 7190/7190/7190 7191/7191/7191 
f 7192/7192/7192 7193/7193/7193 7194/7194/7194 
f 7195/7195/7195 7196/7196/7196 7197/7197/7197 
f 7198/7198/7198 7199/7199/7199 7200/7200/7200 
f 7201/7201/7201 7202/7202/7202 7203/7203/7203 
f 7204/7204/7204 7205/7205/7205 7206/7206/7206 

