# Blender 4.0.2
# www.blender.org
mtllib roblox_v4_pose.mtl
o robot_4.002
v -0.485000 4.620211 2.138665
v -0.452899 4.651985 2.134214
v -0.474201 4.690454 2.026100
v -0.420799 4.683759 2.129763
v -0.386699 4.626575 2.261625
v -0.359401 4.660167 2.248053
v -0.283699 4.606429 2.362636
v -0.263900 4.641485 2.341729
v -0.153900 4.593495 2.427489
v -0.143501 4.629491 2.401874
v -0.440799 4.891643 1.188075
v -0.474201 4.858896 1.181503
v -0.474201 4.690454 2.026100
v -0.440799 4.723207 2.032632
v -0.440799 4.891643 1.188075
v -0.010101 4.891694 1.187820
v -0.010101 4.860519 1.109857
v -0.401401 4.860517 1.109867
v -0.010101 4.891694 1.187820
v 0.425801 4.891643 1.188075
v 0.386399 4.860517 1.109867
v -0.010101 4.860519 1.109857
v -0.043399 4.626390 2.417418
v -0.010101 4.684921 2.058290
v -0.042598 4.723207 2.032632
v 0.425801 4.681919 2.057691
v -0.042598 4.723207 2.032632
v -0.010101 4.684921 2.058290
v -0.043998 4.590091 2.444563
v -0.043399 4.626390 2.417418
v 0.425801 4.723214 2.032603
v 0.492600 4.657704 2.019538
v 0.492600 4.826150 1.174921
v 0.425801 4.723214 2.032603
v 0.425801 4.891643 1.188075
v -0.010101 4.891694 1.187820
v -0.042598 4.723207 2.032632
v -0.440799 4.891643 1.188075
v -0.440799 4.723207 2.032632
v -0.440799 4.723207 2.032632
v -0.420799 4.683759 2.129763
v -0.359401 4.660167 2.248053
v -0.263900 4.641485 2.341729
v -0.143501 4.629491 2.401874
v -0.043399 4.626390 2.417418
v -0.440799 4.723207 2.032632
v -0.414100 4.592984 2.275187
v -0.303600 4.571373 2.383543
v -0.164398 4.557501 2.453103
v -0.474201 4.858896 1.181503
v -0.507598 4.826150 1.174921
v -0.507598 4.657699 2.019567
v -0.044601 4.553791 2.471707
v -0.401401 3.969426 0.932152
v -0.431701 3.999181 0.938086
v -0.403499 4.028936 0.944010
v -0.440799 3.910681 0.992436
v -0.474201 3.943444 0.998930
v -0.431701 3.999181 0.938086
v -0.401401 3.969426 0.932152
v -0.507598 4.826150 1.174921
v -0.474201 4.858896 1.181503
v -0.431701 4.830764 1.103933
v -0.462100 4.801011 1.097989
v 0.425801 4.891643 1.188075
v 0.492600 4.826150 1.174921
v 0.446999 4.801011 1.097989
v 0.386399 4.860517 1.109867
v 0.492600 3.976209 1.005413
v 0.425801 3.910681 0.992436
v 0.386399 3.969426 0.932152
v 0.446999 4.028936 0.944010
v -0.462100 4.801011 1.097989
v -0.401500 4.801323 1.098061
v -0.403499 4.028936 0.944010
v -0.462101 4.028936 0.944010
v 0.446999 4.028936 0.944010
v 0.388298 4.028936 0.944010
v 0.386502 4.801323 1.098061
v 0.446999 4.801011 1.097989
v 0.386399 3.969426 0.932152
v 0.388298 4.028936 0.944010
v 0.446999 4.028936 0.944010
v 0.386399 3.969426 0.932152
v -0.010101 3.969428 0.932142
v 0.388298 4.028936 0.944010
v -0.401500 4.801323 1.098061
v 0.386502 4.801323 1.098061
v 0.388298 4.028936 0.944010
v -0.403499 4.028936 0.944010
v -0.401500 4.801323 1.098061
v -0.462100 4.801011 1.097989
v -0.431701 4.830764 1.103933
v 0.386399 4.860517 1.109867
v 0.386502 4.801323 1.098061
v -0.010101 4.860519 1.109857
v 0.446999 4.801011 1.097989
v 0.386502 4.801323 1.098061
v 0.386399 4.860517 1.109867
v -0.403499 4.028936 0.944010
v -0.010101 3.969428 0.932142
v -0.401401 3.969426 0.932152
v 0.388298 4.028936 0.944010
v -0.010101 3.969428 0.932142
v -0.403499 4.028936 0.944010
v -0.010101 4.860519 1.109857
v -0.401500 4.801323 1.098061
v -0.401401 4.860517 1.109867
v -0.010101 4.860519 1.109857
v 0.386502 4.801323 1.098061
v -0.401500 4.801323 1.098061
v -0.474201 4.858896 1.181503
v -0.440799 4.891643 1.188075
v -0.401401 4.860517 1.109867
v -0.431701 4.830764 1.103933
v -0.431701 4.830764 1.103933
v -0.401401 4.860517 1.109867
v -0.401500 4.801323 1.098061
v -0.474201 3.943444 0.998930
v -0.507598 3.976209 1.005413
v -0.462101 4.028936 0.944010
v -0.431701 3.999181 0.938086
v -0.431701 3.999181 0.938086
v -0.462101 4.028936 0.944010
v -0.403499 4.028936 0.944010
v -0.452900 3.770769 1.958469
v -0.420799 3.740495 1.941643
v -0.474201 3.775002 1.843527
v -0.440799 3.742247 1.836994
v -0.485000 4.620211 2.138665
v -0.452899 4.651985 2.134214
v -0.474201 4.690454 2.026100
v -0.507598 4.657699 2.019567
v -0.485000 3.801043 1.975295
v -0.414100 3.773816 2.111816
v -0.414100 4.592984 2.275187
v -0.485000 4.620211 2.138665
v -0.303600 3.752205 2.220172
v -0.303600 4.571373 2.383543
v -0.507598 3.976209 1.005413
v -0.507598 3.807757 1.850059
v -0.507598 4.657699 2.019567
v -0.507598 4.826150 1.174921
v -0.507598 3.807757 1.850059
v -0.507598 4.657699 2.019567
v -0.507598 3.976209 1.005413
v -0.507598 4.826150 1.174921
v -0.462100 4.801011 1.097989
v -0.462101 4.028936 0.944010
v -0.440799 4.723207 2.032632
v -0.474201 4.858896 1.181503
v -0.507598 4.657699 2.019567
v -0.474201 4.690454 2.026100
v -0.507598 3.807757 1.850059
v -0.485000 3.801043 1.975295
v -0.452900 3.770769 1.958469
v -0.386699 3.745359 2.085880
v -0.414100 3.773816 2.111816
v -0.420799 3.740495 1.941643
v -0.474201 3.775002 1.843527
v -0.440799 3.742247 1.836994
v -0.283699 3.725214 2.186890
v -0.303600 3.752205 2.220172
v -0.153900 3.712280 2.251743
v -0.164398 3.738333 2.289732
v -0.474201 3.943444 0.998930
v -0.440799 3.910681 0.992436
v 0.425801 3.910681 0.992436
v -0.010101 3.910732 0.992181
v -0.010101 3.969428 0.932142
v 0.386399 3.969426 0.932152
v -0.010101 3.910732 0.992181
v -0.440799 3.910681 0.992436
v -0.401401 3.969426 0.932152
v -0.010101 3.969428 0.932142
v -0.010101 3.711601 2.226309
v -0.043399 3.683127 2.229298
v -0.042598 3.742247 1.836994
v -0.010101 3.767763 1.875376
v 0.425801 3.742252 1.836965
v -0.010101 3.767763 1.875376
v -0.042598 3.742247 1.836994
v -0.043998 3.706237 2.268291
v -0.044601 3.729347 2.307284
v 0.425801 3.910681 0.992436
v 0.492600 3.976209 1.005413
v 0.492600 3.807762 1.850030
v 0.425801 3.910681 0.992436
v 0.425801 3.742252 1.836965
v -0.042598 3.742247 1.836994
v -0.010101 3.910732 0.992181
v -0.440799 3.742247 1.836994
v -0.440799 3.910681 0.992436
v -0.420799 3.740495 1.941643
v -0.359401 3.716904 2.059933
v -0.263900 3.698222 2.153608
v -0.143501 3.686227 2.213754
v -0.043399 3.683127 2.229298
v -0.359401 3.716904 2.059933
v -0.507598 3.807757 1.850059
v -0.263900 3.698222 2.153608
v -0.143501 3.686227 2.213754
v -0.507598 3.976209 1.005413
v -0.043399 3.683127 2.229298
v -0.303600 3.752205 2.220172
v -0.303600 4.571373 2.383543
v -0.164398 3.738333 2.289732
v -0.164398 4.557501 2.453103
v -0.044601 3.729347 2.307284
v -0.010101 3.749470 2.281185
v -0.010101 4.545219 2.439886
v -0.044601 4.553791 2.471707
v 0.425801 3.742252 1.836965
v 0.425801 3.770774 1.875976
v -0.010101 3.767763 1.875376
v 0.425801 3.770774 1.875976
v 0.425801 3.742252 1.836965
v 0.492600 3.807762 1.850030
v 0.459000 3.815120 1.884821
v 0.459000 3.815120 1.884821
v 0.492600 3.807762 1.850030
v 0.492600 4.657704 2.019538
v 0.459000 4.637573 2.048847
v 0.459000 4.637573 2.048847
v 0.492600 4.657704 2.019538
v 0.425801 4.723214 2.032603
v 0.425801 4.681919 2.057691
v 0.425801 4.723214 2.032603
v -0.042598 4.723207 2.032632
v -0.044601 3.729347 2.307284
v -0.044601 4.553791 2.471707
v 0.425801 3.770774 1.875976
v 0.459000 3.815120 1.884821
v 0.459000 4.637573 2.048847
v 0.425801 4.681919 2.057691
v 0.425801 3.770774 1.875976
v -0.010101 4.684921 2.058290
v -0.010101 3.767763 1.875376
v 0.425801 4.681919 2.057691
v -0.010101 4.684921 2.058290
v 0.425801 3.770774 1.875976
v 0.492600 4.826150 1.174921
v 0.492600 3.976209 1.005413
v 0.446999 4.028936 0.944010
v 0.446999 4.801011 1.097989
v -0.010101 3.749470 2.281185
v -0.044601 3.729347 2.307284
v -0.043998 3.706237 2.268291
v -0.010101 4.545219 2.439886
v -0.010101 4.595553 2.402601
v -0.043399 4.626390 2.417418
v -0.043998 4.590091 2.444563
v -0.043399 4.626390 2.417418
v -0.010101 4.595553 2.402601
v -0.010101 4.684921 2.058290
v 0.459000 4.637573 2.048847
v 0.425801 4.723214 2.032603
v 0.425801 4.681919 2.057691
v 0.425801 3.910681 0.992436
v 0.492600 3.807762 1.850030
v 0.425801 3.742252 1.836965
v 0.425801 4.723214 2.032603
v 0.492600 4.826150 1.174921
v 0.425801 4.891643 1.188075
v 0.492600 3.807762 1.850030
v 0.492600 3.976209 1.005413
v 0.492600 4.826150 1.174921
v 0.492600 4.657704 2.019538
v -0.010101 3.749470 2.281185
v -0.010101 3.711601 2.226309
v -0.010101 4.595553 2.402601
v -0.010101 4.545219 2.439886
v -0.010101 4.684921 2.058290
v -0.010101 4.595553 2.402601
v -0.010101 3.711601 2.226309
v -0.010101 4.684921 2.058290
v -0.010101 3.711601 2.226309
v -0.010101 3.767763 1.875376
v -0.043998 4.590091 2.444563
v -0.044601 4.553791 2.471707
v -0.010101 4.545219 2.439886
v -0.043998 3.706237 2.268291
v -0.043399 3.683127 2.229298
v -0.010101 3.711601 2.226309
v -0.010101 3.749470 2.281185
v -0.143901 4.785628 1.639733
v -0.154399 4.758997 1.601628
v -0.284198 4.746062 1.666481
v -0.264301 4.773635 1.699868
v -0.387199 4.725918 1.767492
v -0.359798 4.754952 1.793544
v -0.453399 4.700508 1.894903
v -0.421299 4.731362 1.911834
v -0.474700 4.690516 2.025786
v 0.425400 4.583978 2.730754
v -0.005401 4.583976 2.730764
v -0.005401 4.524763 2.793392
v 0.385899 4.524791 2.793255
v -0.005401 4.583976 2.730764
v -0.441299 4.583978 2.730754
v -0.401798 4.524791 2.793255
v -0.005401 4.524763 2.793392
v -0.005401 4.756280 1.626905
v -0.040000 4.788726 1.624199
v -0.039199 4.723210 2.032622
v -0.005401 4.696982 1.991315
v 0.425400 4.723210 2.032622
v -0.005401 4.696982 1.991315
v -0.039199 4.723210 2.032622
v -0.164798 4.732365 1.563524
v -0.040599 4.762398 1.584574
v -0.041301 4.736072 1.544940
v 0.425400 4.583978 2.730754
v 0.492199 4.657700 2.019558
v 0.425400 4.723210 2.032622
v -0.441299 4.723270 2.032319
v -0.441299 4.583978 2.730754
v -0.005401 4.583976 2.730764
v -0.039199 4.723210 2.032622
v 0.425400 4.583978 2.730754
v 0.425400 4.723210 2.032622
v -0.143901 4.785628 1.639733
v -0.264301 4.773635 1.699868
v -0.359798 4.754952 1.793544
v -0.421299 4.731362 1.911834
v -0.441299 4.723270 2.032319
v -0.040000 4.788726 1.624199
v -0.304100 4.718493 1.633084
v -0.414501 4.696884 1.741430
v -0.485500 4.669655 1.877961
v -0.508098 4.657761 2.019253
v -0.040000 4.788726 1.624199
v -0.164798 3.913688 1.400251
v -0.304100 3.899815 1.469811
v -0.304100 4.718493 1.633084
v -0.164798 4.732365 1.563524
v -0.414501 3.878207 1.578157
v -0.414501 4.696884 1.741430
v -0.005401 3.921063 1.413784
v -0.041301 3.917394 1.381667
v -0.041301 4.736072 1.544940
v -0.005401 4.717126 1.572548
v 0.457199 3.828957 1.818200
v 0.492199 3.807758 1.850049
v 0.425400 3.742249 1.836984
v 0.425400 3.785444 1.809522
v 0.425400 3.742249 1.836984
v -0.039199 3.742249 1.836984
v 0.425400 4.723210 2.032622
v 0.425400 4.693854 1.990691
v -0.005401 4.696982 1.991315
v 0.425400 4.693854 1.990691
v 0.425400 4.723210 2.032622
v 0.492199 4.657700 2.019558
v 0.457199 4.650342 1.982014
v -0.041301 3.917394 1.381667
v -0.041301 4.736072 1.544940
v 0.457199 3.828957 1.818200
v 0.425400 3.785444 1.809522
v 0.425400 4.693854 1.990691
v 0.457199 4.650342 1.982014
v 0.425400 4.693854 1.990691
v -0.005401 3.782315 1.808898
v -0.005401 4.696982 1.991315
v 0.425400 3.785444 1.809522
v -0.005401 3.782315 1.808898
v 0.425400 4.693854 1.990691
v -0.453399 3.816016 1.718504
v -0.485500 3.850977 1.714688
v -0.474701 3.775064 1.843213
v -0.508098 3.807819 1.849745
v -0.453399 4.700508 1.894903
v -0.421299 4.731362 1.911834
v -0.474700 4.690516 2.025786
v -0.441299 4.723270 2.032319
v -0.441299 3.603017 2.535116
v -0.474701 3.635772 2.541649
v -0.441299 3.742309 1.836680
v -0.441299 4.723270 2.032319
v -0.474700 4.690516 2.025786
v -0.474700 4.551223 2.724221
v -0.441299 4.583978 2.730754
v -0.414501 3.878207 1.578157
v -0.414501 4.696884 1.741430
v -0.485500 3.850977 1.714688
v -0.485500 4.669655 1.877961
v -0.508098 3.807819 1.849745
v -0.508098 3.668525 2.548190
v -0.508098 4.518466 2.717699
v -0.508098 4.657761 2.019253
v -0.508098 3.807819 1.849745
v -0.508098 4.657761 2.019253
v -0.508098 4.518466 2.717699
v -0.508098 3.668525 2.548190
v -0.462501 3.693200 2.627447
v -0.462501 4.465275 2.781426
v -0.508098 4.657761 2.019253
v -0.474700 4.690516 2.025786
v -0.508098 4.657761 2.019253
v -0.508098 4.518466 2.717699
v -0.474700 4.551223 2.724221
v -0.508098 3.668525 2.548190
v -0.508098 3.807819 1.849745
v -0.164798 3.913688 1.400251
v -0.154400 3.874505 1.425230
v -0.284198 3.861572 1.490082
v -0.304100 3.899815 1.469811
v -0.387199 3.841426 1.591093
v -0.414501 3.878207 1.578157
v -0.453399 3.816016 1.718504
v -0.485500 3.850977 1.714688
v -0.474701 3.775064 1.843213
v -0.441299 3.742309 1.836680
v -0.441299 3.603017 2.535116
v -0.005401 3.603015 2.535125
v -0.005401 3.633699 2.615540
v -0.401798 3.633727 2.615403
v -0.005401 3.603015 2.535125
v 0.425400 3.603017 2.535116
v 0.385899 3.633727 2.615403
v -0.005401 3.633699 2.615540
v -0.040001 3.838421 1.434675
v -0.005401 3.866876 1.449527
v -0.005401 3.782315 1.808898
v -0.039199 3.742249 1.836984
v 0.425400 3.785444 1.809522
v -0.039199 3.742249 1.836984
v -0.005401 3.782315 1.808898
v -0.143901 3.835323 1.450209
v -0.040599 3.877906 1.408175
v -0.040001 3.838421 1.434675
v 0.425400 3.742249 1.836984
v 0.492199 3.807758 1.850049
v 0.492199 3.668525 2.548190
v -0.441299 3.603017 2.535116
v -0.441299 3.742309 1.836680
v -0.039199 3.742249 1.836984
v -0.005401 3.603015 2.535125
v 0.425400 3.742249 1.836984
v 0.425400 3.603017 2.535116
v -0.264301 3.823330 1.510344
v -0.143901 3.835323 1.450209
v -0.359798 3.804648 1.604019
v -0.421299 3.781057 1.722310
v -0.040001 3.838421 1.434675
v -0.264301 3.823330 1.510344
v -0.359798 3.804648 1.604019
v -0.421299 3.781057 1.722310
v -0.041301 3.917394 1.381667
v -0.005401 3.633699 2.615540
v 0.385899 3.633727 2.615403
v 0.385102 3.694882 2.627650
v -0.005401 3.694106 2.627557
v 0.425400 3.603017 2.535116
v 0.492199 3.668525 2.548190
v 0.446598 3.693200 2.627447
v 0.385899 3.633727 2.615403
v 0.492199 4.518466 2.717699
v 0.425400 4.583978 2.730754
v 0.385899 4.524791 2.793255
v 0.446598 4.465275 2.781426
v -0.441299 4.583978 2.730754
v -0.474700 4.551223 2.724221
v -0.432201 4.495033 2.787341
v -0.401798 4.524791 2.793255
v -0.508098 3.668525 2.548190
v -0.474701 3.635772 2.541649
v -0.432201 3.663464 2.621425
v -0.462501 3.693200 2.627447
v -0.005401 4.465275 2.781426
v 0.375401 4.465275 2.781426
v 0.385899 4.524791 2.793255
v -0.005401 4.524763 2.793392
v 0.446598 3.693200 2.627447
v 0.385102 3.694882 2.627650
v 0.385899 3.633727 2.615403
v 0.385899 4.524791 2.793255
v 0.375401 4.465275 2.781426
v 0.446598 4.465275 2.781426
v 0.375401 4.465275 2.781426
v 0.385102 3.694882 2.627650
v 0.446598 3.693200 2.627447
v 0.446598 4.465275 2.781426
v -0.005401 3.694106 2.627557
v 0.385102 3.694882 2.627650
v 0.375401 4.465275 2.781426
v -0.005401 4.465275 2.781426
v -0.403598 4.465275 2.781426
v -0.401798 4.524791 2.793255
v -0.432201 4.495033 2.787341
v -0.462501 3.693200 2.627447
v -0.403499 3.693320 2.627461
v -0.403598 4.465275 2.781426
v -0.462501 4.465275 2.781426
v -0.403499 3.693320 2.627461
v -0.462501 3.693200 2.627447
v -0.432201 3.663464 2.621425
v -0.005401 4.524763 2.793392
v -0.401798 4.524791 2.793255
v -0.403598 4.465275 2.781426
v -0.005401 4.465275 2.781426
v -0.005401 4.465275 2.781426
v -0.403598 4.465275 2.781426
v -0.403499 3.693320 2.627461
v -0.005401 3.694106 2.627557
v -0.005401 3.694106 2.627557
v -0.403499 3.693320 2.627461
v -0.401798 3.633727 2.615403
v -0.005401 3.633699 2.615540
v -0.474700 4.551223 2.724221
v -0.508098 4.518466 2.717699
v -0.462501 4.465275 2.781426
v -0.432201 4.495033 2.787341
v -0.432201 4.495033 2.787341
v -0.462501 4.465275 2.781426
v -0.403598 4.465275 2.781426
v -0.474701 3.635772 2.541649
v -0.441299 3.603017 2.535116
v -0.401798 3.633727 2.615403
v -0.432201 3.663464 2.621425
v -0.432201 3.663464 2.621425
v -0.401798 3.633727 2.615403
v -0.403499 3.693320 2.627461
v 0.492199 3.668525 2.548190
v 0.492199 4.518466 2.717699
v 0.446598 4.465275 2.781426
v 0.446598 3.693200 2.627447
v -0.005401 3.921063 1.413784
v -0.005401 3.866876 1.449527
v -0.040001 3.838421 1.434675
v -0.040599 3.877906 1.408175
v 0.492199 3.807758 1.850049
v 0.457199 3.828957 1.818200
v 0.457199 4.650342 1.982014
v 0.492199 4.657700 2.019558
v 0.457199 3.828957 1.818200
v 0.425400 3.742249 1.836984
v 0.425400 3.785444 1.809522
v -0.041301 4.736072 1.544940
v -0.040599 4.762398 1.584574
v -0.005401 4.717126 1.572548
v 0.425400 3.742249 1.836984
v 0.492199 3.668525 2.548190
v 0.425400 3.603017 2.535116
v 0.425400 4.583978 2.730754
v 0.492199 4.518466 2.717699
v 0.492199 4.657700 2.019558
v 0.492199 3.668525 2.548190
v 0.492199 3.807758 1.850049
v 0.492199 4.657700 2.019558
v 0.492199 4.518466 2.717699
v -0.005401 3.866876 1.449527
v -0.005401 3.921063 1.413784
v -0.005401 4.717126 1.572548
v -0.005401 4.756280 1.626905
v -0.005401 3.782315 1.808898
v -0.005401 4.756280 1.626905
v -0.005401 4.696982 1.991315
v -0.005401 3.782315 1.808898
v -0.005401 3.866876 1.449527
v -0.005401 4.756280 1.626905
v -0.040599 4.762398 1.584574
v -0.040000 4.788726 1.624199
v -0.005401 4.756280 1.626905
v -0.005401 4.717126 1.572548
v -0.040599 3.877906 1.408175
v -0.041301 3.917394 1.381667
v -0.005401 3.921063 1.413784
v -0.450698 4.562223 2.843874
v -0.450698 4.524719 3.031931
v 0.421299 4.524719 3.031931
v 0.421299 4.562223 2.843874
v 0.421299 4.501924 2.789908
v 0.421299 3.654973 2.620996
v 0.265702 3.816351 2.590622
v 0.265702 4.362612 2.699566
v -0.292099 4.362613 2.699566
v -0.450698 4.501865 2.789896
v -0.450698 4.562223 2.843874
v 0.421299 4.562223 2.843874
v 0.421299 4.501924 2.789908
v -0.450698 4.501865 2.789896
v -0.513698 4.493869 2.830242
v -0.482200 4.528046 2.837058
v -0.450698 4.501865 2.789896
v -0.513698 3.646684 2.661283
v -0.513698 4.493869 2.830242
v -0.450698 4.501865 2.789896
v -0.450698 3.654718 2.620946
v -0.292099 3.816351 2.590622
v -0.450698 3.654718 2.620946
v -0.450698 3.654718 2.620946
v -0.482200 3.614459 2.654856
v -0.513698 3.646684 2.661283
v 0.421299 4.562223 2.843874
v 0.486599 4.493869 2.830242
v 0.421299 4.501924 2.789908
v 0.486599 4.493869 2.830242
v 0.486599 3.646949 2.661336
v 0.421299 3.654973 2.620996
v 0.421299 4.501924 2.789908
v 0.486599 3.646949 2.661336
v 0.421299 3.582223 2.648427
v 0.421299 3.654973 2.620996
v 0.421299 3.654973 2.620996
v 0.421299 3.582223 2.648427
v -0.450698 3.582223 2.648427
v -0.450698 3.654718 2.620946
v -0.012600 4.089435 2.645329
v -0.482200 3.614459 2.654856
v -0.450698 3.654718 2.620946
v -0.450698 3.582223 2.648427
v -0.450698 4.501865 2.789896
v -0.482200 4.528046 2.837058
v -0.450698 4.562223 2.843874
v -0.513698 3.609150 2.849334
v -0.513698 4.456375 3.018300
v -0.513698 4.493869 2.830242
v -0.513698 3.646684 2.661283
v -0.482200 4.490542 3.025114
v -0.482200 4.528046 2.837058
v -0.513698 4.493869 2.830242
v -0.513698 4.456375 3.018300
v -0.513698 3.609150 2.849334
v -0.513698 3.646684 2.661283
v -0.482200 3.614459 2.654856
v -0.482200 3.576934 2.842909
v -0.482200 3.576934 2.842909
v -0.482200 3.614459 2.654856
v -0.450698 3.582223 2.648427
v -0.450698 3.544718 2.836484
v -0.482200 4.528046 2.837058
v -0.482200 4.490542 3.025114
v -0.450698 4.524719 3.031931
v -0.450698 4.562223 2.843874
v 0.421299 3.582223 2.648427
v 0.421299 3.544718 2.836484
v -0.450698 3.544718 2.836484
v -0.450698 3.582223 2.648427
v -0.013500 4.024040 2.973895
v 0.421299 3.601128 2.889552
v 0.421299 4.448336 3.058454
v -0.450698 4.448385 3.058463
v -0.450698 3.601158 2.889558
v -0.013500 4.024040 2.973895
v 0.421299 4.448336 3.058454
v -0.450698 4.448385 3.058463
v -0.013500 4.024040 2.973895
v 0.421299 3.601128 2.889552
v -0.013500 4.024040 2.973895
v -0.450698 3.601158 2.889558
v -0.513698 4.456375 3.018300
v -0.513698 3.609150 2.849334
v -0.450698 3.601158 2.889558
v -0.450698 4.448385 3.058463
v 0.486599 3.609404 2.849385
v 0.486599 4.456375 3.018300
v 0.421299 4.448336 3.058454
v 0.421299 3.601128 2.889552
v 0.421299 4.524719 3.031931
v -0.450698 4.524719 3.031931
v -0.450698 4.448385 3.058463
v 0.421299 4.448336 3.058454
v -0.450698 4.448385 3.058463
v -0.482200 4.490542 3.025114
v -0.513698 4.456375 3.018300
v 0.486599 4.456375 3.018300
v 0.421299 4.524719 3.031931
v 0.421299 4.448336 3.058454
v 0.421299 3.544718 2.836484
v 0.486599 3.609404 2.849385
v 0.421299 3.601128 2.889552
v -0.450698 3.544718 2.836484
v 0.421299 3.544718 2.836484
v 0.421299 3.601128 2.889552
v -0.450698 3.601158 2.889558
v -0.450698 3.601158 2.889558
v -0.482200 3.576934 2.842909
v -0.450698 3.544718 2.836484
v -0.482200 3.576934 2.842909
v -0.450698 3.601158 2.889558
v -0.513698 3.609150 2.849334
v -0.482200 4.490542 3.025114
v -0.450698 4.448385 3.058463
v -0.450698 4.524719 3.031931
v 0.486599 3.646949 2.661336
v 0.486599 4.493869 2.830242
v 0.486599 4.456375 3.018300
v 0.486599 3.609404 2.849385
v 0.486599 4.456375 3.018300
v 0.486599 4.493869 2.830242
v 0.421299 4.562223 2.843874
v 0.421299 4.524719 3.031931
v 0.486599 3.646949 2.661336
v 0.486599 3.609404 2.849385
v 0.421299 3.544718 2.836484
v 0.421299 3.582223 2.648427
v 0.434300 0.000000 0.001792
v 0.434300 0.199769 0.001792
v -0.462799 0.199769 0.001792
v -0.462799 0.000001 0.001792
v -0.462799 0.285930 -0.062537
v -0.462799 0.199769 0.001792
v 0.434300 0.199769 0.001792
v 0.435700 0.285979 -0.062468
v -0.464100 0.000001 -0.998042
v -0.513401 0.000001 -0.937206
v -0.488800 0.000001 -0.967624
v -0.011299 0.334844 -0.491678
v -0.331402 0.335408 -0.204025
v 0.307701 0.335408 -0.204025
v -0.462799 0.285859 -0.937201
v -0.331402 0.335408 -0.779331
v 0.307701 0.335408 -0.779331
v 0.435700 0.285859 -0.937201
v -0.462799 0.285930 -0.062537
v -0.331402 0.335408 -0.204025
v -0.331402 0.335408 -0.779331
v -0.462799 0.285859 -0.937201
v 0.307701 0.335408 -0.204025
v 0.435700 0.285979 -0.062468
v 0.435700 0.285859 -0.937201
v 0.307701 0.335408 -0.779331
v -0.462799 0.285930 -0.062537
v 0.435700 0.285979 -0.062468
v 0.307701 0.335408 -0.204025
v -0.331402 0.335408 -0.204025
v 0.307701 0.335408 -0.779331
v -0.011299 0.334844 -0.491678
v 0.307701 0.335408 -0.204025
v -0.011299 0.334844 -0.491678
v 0.307701 0.335408 -0.779331
v -0.331402 0.335408 -0.779331
v -0.331402 0.335408 -0.204025
v -0.011299 0.334844 -0.491678
v -0.331402 0.335408 -0.779331
v -0.488800 0.000001 -0.967624
v -0.513401 0.000001 -0.937206
v -0.513401 0.199769 -0.937206
v -0.488800 0.199769 -0.967624
v -0.513401 0.199769 -0.937206
v -0.513401 0.000001 -0.937206
v -0.513401 0.000001 -0.062545
v -0.513401 0.199769 -0.062545
v -0.462799 0.285859 -0.937201
v -0.513401 0.199769 -0.937206
v -0.513401 0.199769 -0.062545
v -0.462799 0.285930 -0.062537
v -0.513401 0.199769 -0.062545
v -0.513401 0.000001 -0.062545
v -0.488102 0.000001 -0.030378
v -0.488102 0.199769 -0.030378
v -0.462799 0.285930 -0.062537
v -0.513401 0.199769 -0.062545
v -0.488102 0.199769 -0.030378
v -0.462799 0.285859 -0.937201
v -0.488800 0.199769 -0.967624
v -0.513401 0.199769 -0.937206
v -0.488102 0.000001 -0.030378
v -0.462799 0.000001 0.001792
v -0.462799 0.199769 0.001792
v -0.488102 0.199769 -0.030378
v -0.488102 0.199769 -0.030378
v -0.462799 0.199769 0.001792
v -0.462799 0.285930 -0.062537
v -0.462799 0.285859 -0.937201
v -0.464100 0.199769 -0.998042
v -0.488800 0.199769 -0.967624
v -0.488800 0.199769 -0.967624
v -0.464100 0.199769 -0.998042
v -0.464100 0.000001 -0.998042
v -0.488800 0.000001 -0.967624
v 0.435700 0.285859 -0.937201
v 0.434300 0.199769 -0.998841
v -0.464100 0.199769 -0.998042
v -0.462799 0.285859 -0.937201
v -0.464100 0.000001 -0.998042
v -0.464100 0.199769 -0.998042
v 0.434300 0.199769 -0.998841
v 0.434300 0.000001 -0.998841
v -0.462799 0.000001 -0.062545
v -0.462799 0.000001 0.001792
v -0.488102 0.000001 -0.030378
v 0.486801 0.000001 -0.937206
v 0.435700 0.000001 -0.937207
v 0.434300 0.000001 -0.998841
v 0.486801 0.000001 -0.062545
v 0.435700 0.000001 -0.062545
v 0.434300 0.000000 0.001792
v 0.435700 0.000001 -0.062545
v 0.486801 0.000001 -0.062545
v -0.462799 0.000001 -0.937207
v -0.464100 0.000001 -0.998042
v -0.462799 0.000001 0.001792
v -0.462799 0.000001 -0.062545
v 0.435700 0.000001 -0.062545
v 0.434300 0.000000 0.001792
v -0.513401 0.000001 -0.937206
v -0.513401 0.000001 -0.062545
v 0.434300 0.199769 0.001792
v 0.434300 0.000000 0.001792
v 0.486801 0.000001 -0.062545
v 0.486801 0.199769 -0.062545
v 0.486801 0.199769 -0.937206
v 0.486801 0.000001 -0.937206
v 0.434300 0.000001 -0.998841
v 0.434300 0.199769 -0.998841
v 0.435700 0.285859 -0.937201
v 0.486801 0.199769 -0.937206
v 0.434300 0.199769 -0.998841
v 0.486801 0.199769 -0.062545
v 0.486801 0.000001 -0.062545
v 0.486801 0.000001 -0.937206
v 0.486801 0.199769 -0.937206
v 0.435700 0.285979 -0.062468
v 0.434300 0.199769 0.001792
v 0.486801 0.199769 -0.062545
v 0.435700 0.285859 -0.937201
v 0.435700 0.285979 -0.062468
v 0.486801 0.199769 -0.062545
v 0.486801 0.199769 -0.937206
v -0.293998 3.919232 0.281191
v -0.209999 3.896508 0.202526
v -0.171001 3.896438 0.237506
v -0.171001 3.896438 0.237506
v -0.240001 3.919137 0.329551
v -0.293998 3.919232 0.281191
v -0.365101 3.984250 0.347960
v -0.298599 3.984132 0.407690
v -0.412700 4.081692 0.392693
v -0.337700 4.081558 0.459983
v -0.429298 4.196681 0.408560
v -0.351398 4.196542 0.478520
v -0.429298 4.794939 0.409744
v -0.351398 4.794801 0.479704
v -0.412700 4.909990 0.394331
v -0.337700 4.909857 0.461631
v -0.365200 5.007598 0.349984
v -0.298599 5.007479 0.409714
v -0.293998 5.072890 0.283473
v -0.240001 5.072794 0.331843
v -0.209999 5.095925 0.204899
v -0.171001 5.095856 0.239888
v -0.126499 3.896384 0.265186
v -0.178501 3.919061 0.367831
v -0.222599 3.984039 0.454930
v -0.252102 4.081453 0.513242
v -0.262401 4.196433 0.533880
v -0.262401 4.794692 0.535063
v -0.252102 4.909752 0.514881
v -0.222599 5.007386 0.456954
v -0.178501 5.072719 0.370113
v -0.126499 5.095801 0.267568
v -0.077900 3.896345 0.284726
v -0.111301 3.919008 0.394831
v -0.139599 3.983972 0.488270
v -0.158500 4.081378 0.550822
v -0.165199 4.196355 0.572940
v -0.165199 4.794614 0.574123
v -0.158500 4.909677 0.552461
v -0.139599 5.007321 0.490294
v -0.111301 5.072665 0.397123
v -0.077900 5.095763 0.287098
v -0.026600 3.896324 0.295506
v -0.040401 3.918978 0.409761
v -0.052101 3.983936 0.506700
v -0.059898 4.081337 0.571582
v -0.062599 4.196313 0.594520
v -0.062599 4.794571 0.595703
v -0.059898 4.909636 0.573221
v -0.052101 5.007283 0.508724
v -0.040401 5.072636 0.412043
v -0.026600 5.095741 0.297878
v 0.025799 3.896320 0.297236
v 0.032002 3.918973 0.412141
v 0.037300 3.983930 0.509639
v 0.040902 4.081331 0.574902
v 0.042099 4.196306 0.597970
v 0.042099 4.794565 0.599153
v 0.040901 4.909629 0.576541
v 0.037300 5.007277 0.511674
v 0.032002 5.072631 0.414433
v 0.025799 5.095738 0.299608
v 0.077702 3.896335 0.289846
v 0.103802 3.918993 0.401921
v 0.125901 3.983955 0.497020
v 0.140702 4.081359 0.560672
v 0.145901 4.196335 0.583190
v 0.145901 4.794594 0.584373
v 0.140702 4.909657 0.562321
v 0.125901 5.007303 0.499044
v 0.103802 5.072651 0.404203
v 0.077702 5.095753 0.292218
v 0.127499 3.896367 0.273556
v 0.172600 3.919038 0.379401
v 0.210900 3.984010 0.469210
v 0.236500 4.081421 0.529332
v 0.245499 4.196400 0.550610
v 0.245499 4.794658 0.551793
v 0.236500 4.909719 0.530981
v 0.210900 5.007358 0.471234
v 0.172600 5.072695 0.381683
v 0.127499 5.095785 0.275928
v 0.173699 3.896416 0.248866
v 0.236500 3.919105 0.345261
v 0.289799 3.984094 0.427070
v 0.325402 4.081515 0.481832
v 0.337898 4.196497 0.501230
v 0.337898 4.794756 0.502413
v 0.325402 4.909813 0.483471
v 0.289799 5.007441 0.429094
v 0.236500 5.072763 0.347543
v 0.173699 5.095834 0.251238
v 0.214901 3.896480 0.216526
v 0.293499 3.919194 0.300541
v 0.360199 3.984203 0.371860
v 0.404702 4.081638 0.419623
v 0.420399 4.196625 0.436560
v 0.420399 4.794884 0.437743
v 0.404701 4.909936 0.421261
v 0.360199 5.007550 0.373884
v 0.293499 5.072851 0.302823
v 0.214901 5.095897 0.218898
v 0.009499 5.096332 -0.000531
v 0.214901 5.095897 0.218898
v 0.240502 5.095952 0.191718
v 0.267300 5.096026 0.154019
v 0.291401 5.096126 0.103869
v 0.306999 5.096247 0.042479
v 0.309200 5.096377 -0.023865
v 0.297600 5.096501 -0.086141
v 0.276901 5.096603 -0.137778
v 0.252701 5.096682 -0.177156
v 0.228901 5.096737 -0.205963
v 0.201698 5.096789 -0.231592
v 0.164002 5.096841 -0.258339
v 0.113899 5.096889 -0.282409
v 0.052502 5.096920 -0.298026
v -0.013901 5.096924 -0.300206
v -0.076198 5.096902 -0.288667
v -0.127800 5.096861 -0.267958
v -0.167202 5.096813 -0.243751
v -0.195999 5.096766 -0.219962
v -0.221599 5.096712 -0.192784
v -0.248401 5.096637 -0.155086
v -0.272400 5.096538 -0.104920
v -0.287998 5.096417 -0.043544
v -0.290199 5.096285 0.022809
v -0.278702 5.096163 0.085079
v -0.257999 5.096060 0.136719
v -0.233799 5.095982 0.176099
v -0.209999 5.095925 0.204899
v -0.171001 5.095856 0.239888
v -0.126499 5.095801 0.267568
v -0.077900 5.095763 0.287088
v -0.026600 5.095741 0.297878
v 0.025799 5.095738 0.299608
v 0.077702 5.095753 0.292208
v 0.127499 5.095785 0.275928
v 0.173699 5.095834 0.251238
v -0.274601 3.920394 -0.306262
v -0.195999 3.897348 -0.222334
v -0.230999 3.897271 -0.183326
v -0.323002 3.920288 -0.252326
v -0.341202 3.985685 -0.377319
v -0.401001 3.985553 -0.310734
v -0.385799 4.083308 -0.424693
v -0.452999 4.083159 -0.349648
v -0.401401 4.198361 -0.441174
v -0.471298 4.198207 -0.363159
v -0.401401 4.796620 -0.439982
v -0.471298 4.796466 -0.361976
v -0.385799 4.911606 -0.423054
v -0.452999 4.911458 -0.348009
v -0.341301 5.009032 -0.375295
v -0.401001 5.008900 -0.308709
v -0.274601 5.074052 -0.303981
v -0.323002 5.073945 -0.250044
v -0.195999 5.096766 -0.219962
v -0.221599 5.096712 -0.192784
v -0.258598 3.897183 -0.138839
v -0.361198 3.920166 -0.190811
v -0.448101 3.985403 -0.234789
v -0.506199 4.082990 -0.264064
v -0.526699 4.198031 -0.274175
v -0.526699 4.796290 -0.272992
v -0.506199 4.911289 -0.262425
v -0.448101 5.008751 -0.232765
v -0.361198 5.073823 -0.188529
v -0.248401 5.096637 -0.155085
v -0.278198 3.897087 -0.090222
v -0.388302 3.920033 -0.123585
v -0.481498 3.985239 -0.151784
v -0.543800 4.082805 -0.170520
v -0.565700 4.197839 -0.176942
v -0.565700 4.796098 -0.175759
v -0.543800 4.911104 -0.168882
v -0.481498 5.008586 -0.149760
v -0.388302 5.073690 -0.121303
v -0.272400 5.096538 -0.104919
v -0.289001 3.896985 -0.038946
v -0.403198 3.919893 -0.052700
v -0.499901 3.985065 -0.064260
v -0.564602 4.082610 -0.071886
v -0.587299 4.197636 -0.074399
v -0.587299 4.795895 -0.073215
v -0.564602 4.910908 -0.070239
v -0.499901 5.008413 -0.062236
v -0.403198 5.073550 -0.050418
v -0.287998 5.096417 -0.043544
v -0.290699 3.896881 0.013417
v -0.405601 3.919749 0.019702
v -0.502800 3.984889 0.025131
v -0.567901 4.082411 0.028864
v -0.590801 4.197429 0.030331
v -0.590801 4.795688 0.031514
v -0.567901 4.910710 0.030502
v -0.502800 5.008237 0.027155
v -0.405601 5.073407 0.021994
v -0.290199 5.096285 0.022809
v -0.283298 3.896779 0.065286
v -0.395302 3.919607 0.091432
v -0.490200 3.984713 0.113691
v -0.553699 4.082214 0.128663
v -0.576000 4.197223 0.134081
v -0.576000 4.795482 0.135264
v -0.553699 4.910512 0.130302
v -0.490200 5.008061 0.115715
v -0.395302 5.073265 0.093714
v -0.278702 5.096163 0.085079
v -0.266998 3.896680 0.115096
v -0.372799 3.919471 0.160282
v -0.462398 3.984545 0.198690
v -0.522300 4.082024 0.224463
v -0.543400 4.197026 0.233681
v -0.543400 4.795285 0.234864
v -0.522300 4.910323 0.226112
v -0.462398 5.007893 0.200724
v -0.372799 5.073129 0.162563
v -0.257999 5.096060 0.136719
v -0.242302 3.896589 0.161296
v -0.338699 3.919345 0.224191
v -0.420299 3.984389 0.277590
v -0.474800 4.081848 0.313373
v -0.493999 4.196844 0.326100
v -0.493999 4.795103 0.327284
v -0.474800 4.910147 0.315011
v -0.420299 5.007737 0.279614
v -0.338699 5.073003 0.226473
v -0.233799 5.095982 0.176099
v -0.209999 3.896508 0.202526
v 0.312901 3.920356 -0.286904
v 0.228901 3.897320 -0.208335
v 0.189900 3.897389 -0.243323
v 0.258999 3.920452 -0.335281
v 0.384098 3.985637 -0.353421
v 0.317501 3.985755 -0.413147
v 0.431702 4.083255 -0.397765
v 0.356602 4.083388 -0.465071
v 0.448399 4.198316 -0.413176
v 0.370300 4.198454 -0.483141
v 0.448399 4.796565 -0.411993
v 0.370300 4.796703 -0.481958
v 0.431702 4.911552 -0.396126
v 0.356602 4.911687 -0.463421
v 0.384098 5.008985 -0.351397
v 0.317501 5.009103 -0.411112
v 0.312901 5.074014 -0.284622
v 0.258999 5.074109 -0.332989
v 0.228901 5.096737 -0.205963
v 0.201698 5.096789 -0.231591
v 0.145401 3.897444 -0.271000
v 0.197399 3.920527 -0.373548
v 0.241501 3.985849 -0.460393
v 0.271000 4.083493 -0.518316
v 0.281399 4.198564 -0.538498
v 0.281399 4.796813 -0.537315
v 0.271000 4.911792 -0.516678
v 0.241501 5.009196 -0.458369
v 0.197399 5.074185 -0.371266
v 0.164002 5.096841 -0.258339
v 0.096802 3.897483 -0.290529
v 0.130200 3.920581 -0.400556
v 0.158501 3.985915 -0.493731
v 0.177502 4.083568 -0.555893
v 0.184101 4.198641 -0.577555
v 0.184101 4.796890 -0.576371
v 0.177502 4.911866 -0.554255
v 0.158501 5.009263 -0.491707
v 0.130200 5.074238 -0.398265
v 0.113899 5.096889 -0.282408
v 0.045502 3.897504 -0.301318
v 0.059300 3.920610 -0.415475
v 0.070999 3.985951 -0.512159
v 0.078800 4.083609 -0.576651
v 0.081600 4.198684 -0.599143
v 0.081600 4.796932 -0.597959
v 0.078800 4.911907 -0.575013
v 0.070999 5.009299 -0.510135
v 0.059300 5.074267 -0.413194
v 0.052502 5.096920 -0.298025
v -0.006901 3.897508 -0.303048
v -0.013100 3.920615 -0.417864
v -0.018398 3.985957 -0.515109
v -0.021900 4.083615 -0.579972
v -0.023201 4.198691 -0.602594
v -0.023201 4.796939 -0.601410
v -0.021900 4.911914 -0.578334
v -0.018398 5.009305 -0.513075
v -0.013100 5.074272 -0.415573
v -0.013901 5.096924 -0.300205
v -0.058700 3.897493 -0.295649
v -0.084801 3.920595 -0.407635
v -0.106998 3.985932 -0.502480
v -0.121700 4.083587 -0.565753
v -0.126900 4.198661 -0.587804
v -0.126900 4.796910 -0.586620
v -0.121700 4.911886 -0.564105
v -0.106998 5.009280 -0.500456
v -0.084801 5.074253 -0.405353
v -0.076198 5.096902 -0.288666
v -0.108501 3.897461 -0.279359
v -0.153702 3.920550 -0.385117
v -0.192001 3.985877 -0.474672
v -0.217602 4.083525 -0.534405
v -0.226501 4.198587 -0.555227
v -0.226501 4.796845 -0.554043
v -0.217602 4.911823 -0.532767
v -0.192001 5.009225 -0.472648
v -0.153702 5.074207 -0.382835
v -0.127800 5.096861 -0.267958
v -0.154701 3.897412 -0.254671
v -0.217602 3.920482 -0.350979
v -0.270901 3.985794 -0.432525
v -0.306499 4.083431 -0.486908
v -0.319000 4.198489 -0.505850
v -0.319000 4.796748 -0.504666
v -0.306499 4.911730 -0.485270
v -0.270901 5.009141 -0.430501
v -0.217602 5.074141 -0.348698
v -0.167202 5.096813 -0.243750
v 0.189900 3.896019 -0.243326
v 0.228901 3.895950 -0.208338
v 0.252701 3.895893 -0.179540
v 0.180100 3.895860 -0.162692
v 0.145401 3.896074 -0.271004
v 0.151600 3.895911 -0.188570
v 0.096802 3.896113 -0.290533
v 0.108601 3.895963 -0.214648
v 0.045502 3.896134 -0.301322
v 0.050099 3.895999 -0.233137
v -0.006901 3.896138 -0.303052
v -0.015999 3.895540 -0.235087
v -0.058700 3.896123 -0.295653
v -0.075500 3.895540 -0.220489
v -0.108501 3.896091 -0.279363
v -0.120102 3.895929 -0.197519
v -0.154701 3.896042 -0.254675
v -0.150299 3.895882 -0.173581
v -0.195999 3.895978 -0.222337
v -0.230999 3.895901 -0.183330
v 0.276901 3.895816 -0.140153
v 0.204102 3.895800 -0.132454
v 0.131401 3.895770 -0.117035
v 0.100102 3.895821 -0.143192
v 0.047600 3.895540 -0.165273
v -0.017898 3.895540 -0.167432
v -0.071701 3.895540 -0.148633
v -0.104702 3.895540 -0.124594
v -0.176201 3.895825 -0.144982
v -0.258598 3.895813 -0.138843
v 0.297600 3.895713 -0.088516
v 0.227299 3.895712 -0.087876
v 0.155400 3.895705 -0.084067
v 0.082600 3.895540 -0.071168
v 0.044300 3.895540 -0.096647
v -0.019100 3.895540 -0.098736
v -0.059002 3.895540 -0.075828
v -0.130798 3.895723 -0.093496
v -0.202301 3.895740 -0.102025
v -0.278198 3.895717 -0.090226
v 0.309200 3.895590 -0.026250
v 0.241902 3.895594 -0.028330
v 0.174198 3.895598 -0.030250
v 0.105499 3.895540 -0.031221
v 0.033901 3.895540 -0.025511
v -0.013401 3.895540 -0.027071
v -0.084499 3.895540 -0.037491
v -0.153099 3.895619 -0.041029
v -0.220798 3.895624 -0.043570
v -0.289001 3.895615 -0.038949
v 0.306999 3.895459 0.040104
v 0.239701 3.895463 0.037754
v 0.172100 3.895469 0.035214
v 0.103401 3.895540 0.032103
v 0.032299 3.895540 0.021693
v -0.014900 3.895540 0.020133
v -0.086601 3.895540 0.025843
v -0.155300 3.895490 0.024434
v -0.222900 3.895494 0.022514
v -0.290699 3.895512 0.013414
v 0.291401 3.895338 0.101484
v 0.221199 3.895348 0.096214
v 0.149800 3.895365 0.087684
v 0.077900 3.895540 0.070453
v 0.037998 3.895540 0.093363
v -0.025299 3.895540 0.091273
v -0.063701 3.895540 0.065793
v -0.136501 3.895540 0.078463
v -0.208301 3.895376 0.082064
v -0.283298 3.895409 0.065284
v 0.267300 3.895238 0.151643
v 0.195099 3.895263 0.139174
v 0.123600 3.895540 0.119223
v 0.090599 3.895540 0.143253
v 0.036801 3.895540 0.162043
v -0.028702 3.895222 0.159673
v -0.081100 3.895267 0.137384
v -0.112400 3.895540 0.111443
v -0.185199 3.895288 0.126644
v -0.266998 3.895311 0.115094
v 0.240502 3.895164 0.189343
v 0.169300 3.895206 0.167753
v 0.139000 3.895159 0.191703
v 0.094399 3.895113 0.214893
v 0.034901 3.895084 0.229493
v -0.031200 3.895089 0.227313
v -0.089699 3.895125 0.208833
v -0.132599 3.895177 0.182753
v -0.161201 3.895228 0.156874
v -0.242302 3.895219 0.161294
v 0.214901 3.895110 0.216523
v 0.173699 3.895046 0.248863
v 0.127499 3.894997 0.273553
v 0.077702 3.894965 0.289833
v 0.025799 3.894950 0.297233
v -0.026600 3.894954 0.295503
v -0.077900 3.894975 0.284713
v -0.126499 3.895014 0.265183
v -0.171001 3.895068 0.237503
v -0.209999 3.895138 0.202523
v 0.293499 3.919194 0.300541
v 0.214901 3.896480 0.216526
v 0.240502 3.896533 0.189346
v 0.341900 3.919301 0.246611
v 0.360199 3.984203 0.371860
v 0.419899 3.984334 0.305270
v 0.404702 4.081638 0.419623
v 0.472000 4.081787 0.344573
v 0.420399 4.196625 0.436560
v 0.490299 4.196780 0.358540
v 0.420399 4.794884 0.437743
v 0.490299 4.795038 0.359723
v 0.404701 4.909936 0.421261
v 0.472000 4.910085 0.346211
v 0.360199 5.007550 0.373884
v 0.419899 5.007682 0.307294
v 0.293499 5.072851 0.302823
v 0.341900 5.072958 0.248893
v 0.214901 5.095897 0.218898
v 0.240502 5.095952 0.191718
v 0.267300 3.896608 0.151646
v 0.380200 3.919422 0.185091
v 0.467202 3.984485 0.229330
v 0.525299 4.081956 0.258993
v 0.545700 4.196956 0.269560
v 0.545700 4.795214 0.270744
v 0.525299 4.910254 0.260631
v 0.467201 5.007833 0.231354
v 0.380200 5.073080 0.187373
v 0.267300 5.096026 0.154019
v 0.291401 3.896708 0.101486
v 0.407200 3.919555 0.117871
v 0.500500 3.984649 0.146330
v 0.562901 4.082141 0.165443
v 0.584801 4.197148 0.172321
v 0.584801 4.795407 0.173504
v 0.562901 4.910439 0.167081
v 0.500500 5.007997 0.148354
v 0.407200 5.073213 0.120163
v 0.291401 5.096126 0.103869
v 0.306999 3.896829 0.040106
v 0.422100 3.919695 0.046982
v 0.518898 3.984822 0.058800
v 0.583599 4.082336 0.066803
v 0.606300 4.197361 0.069781
v 0.606300 4.795609 0.070964
v 0.583599 4.910634 0.068452
v 0.518898 5.008169 0.060825
v 0.422100 5.073353 0.049263
v 0.306999 5.096247 0.042479
v 0.309200 3.896960 -0.026246
v 0.424500 3.919839 -0.025432
v 0.521900 3.984999 -0.030592
v 0.586899 4.082535 -0.033940
v 0.609799 4.197568 -0.034952
v 0.609799 4.795816 -0.033769
v 0.586899 4.910833 -0.032301
v 0.521900 5.008347 -0.028568
v 0.424500 5.073496 -0.023139
v 0.309200 5.096377 -0.023865
v 0.297600 3.897083 -0.088512
v 0.414299 3.919981 -0.097147
v 0.509300 3.985174 -0.119147
v 0.572701 4.082733 -0.133733
v 0.595001 4.197773 -0.138695
v 0.595001 4.796022 -0.137511
v 0.572701 4.911030 -0.132095
v 0.509300 5.008521 -0.117123
v 0.414299 5.073638 -0.094865
v 0.297600 5.096501 -0.086140
v 0.276901 3.897185 -0.140149
v 0.391701 3.920117 -0.166003
v 0.481400 3.985342 -0.204161
v 0.541401 4.082922 -0.229546
v 0.562401 4.197970 -0.238298
v 0.562401 4.796219 -0.237114
v 0.541401 4.911221 -0.227898
v 0.481400 5.008690 -0.202127
v 0.391701 5.073774 -0.163721
v 0.276901 5.096603 -0.137777
v 0.252701 3.897263 -0.179536
v 0.357601 3.920243 -0.229908
v 0.439301 3.985498 -0.283046
v 0.493900 4.083098 -0.318450
v 0.513001 4.198153 -0.330721
v 0.513001 4.796402 -0.329538
v 0.493900 4.911397 -0.316812
v 0.439301 5.008845 -0.281022
v 0.357601 5.073900 -0.227626
v 0.252701 5.096682 -0.177155
v 0.228901 3.897320 -0.208335
v 0.312901 3.920356 -0.286904
v 0.384098 3.985637 -0.353421
v 0.431702 4.083255 -0.397765
v 0.448399 4.198316 -0.413176
v 0.448399 4.796565 -0.411993
v 0.431702 4.911552 -0.396126
v 0.384098 5.008985 -0.351397
v 0.312901 5.074014 -0.284622
v 0.228901 5.096737 -0.205963
v 0.505501 4.715259 0.297083
v 0.505501 4.465539 0.463333
v 0.505501 4.502989 0.509083
v 0.505501 4.430589 0.391773
v 0.805500 4.464621 0.464240
v 0.505501 4.548689 0.546593
v 0.505501 4.415259 0.296893
v 0.805500 4.429812 0.392611
v 0.805500 4.501980 0.510054
v 0.505501 4.620210 0.581623
v 0.505501 4.430709 0.202033
v 0.805500 4.414670 0.297701
v 0.805500 4.539629 0.414508
v 0.805500 4.536153 0.407352
v 0.805500 4.515268 0.364370
v 0.805500 4.562045 0.442003
v 0.805500 4.565786 0.446580
v 0.805500 4.547606 0.547664
v 0.505501 4.715069 0.597083
v 0.505501 4.465740 0.130513
v 0.805500 4.430308 0.202872
v 0.805500 4.513757 0.354877
v 0.805500 4.504670 0.297929
v 0.805500 4.593162 0.469144
v 0.805500 4.597724 0.472903
v 0.805500 4.619057 0.582836
v 0.505501 4.809949 0.581743
v 0.505501 4.503259 0.084813
v 0.805500 4.465479 0.131421
v 0.805500 4.506229 0.288452
v 0.805500 4.515611 0.231551
v 0.805500 4.640592 0.494008
v 0.805500 4.647736 0.497532
v 0.805500 4.713885 0.598473
v 0.505501 4.881509 0.546793
v 0.505501 4.548999 0.047363
v 0.805500 4.503089 0.085795
v 0.805500 4.519135 0.224408
v 0.805500 4.540240 0.181539
v 0.805500 4.704637 0.506915
v 0.805500 4.714114 0.508474
v 0.805500 4.808796 0.583331
v 0.505501 4.927259 0.509343
v 0.505501 4.620569 0.012413
v 0.805500 4.548903 0.048436
v 0.805500 4.543999 0.176977
v 0.805500 4.566564 0.149601
v 0.805500 4.771062 0.499386
v 0.805500 4.780555 0.497875
v 0.805500 4.880425 0.548523
v 0.505501 4.964769 0.463643
v 0.505501 4.715439 -0.002921
v 0.805500 4.620533 0.013628
v 0.805500 4.571141 0.145860
v 0.805500 4.598635 0.123445
v 0.805500 4.823536 0.476990
v 0.805500 4.830693 0.473514
v 0.805500 4.926248 0.511163
v 0.505501 4.999799 0.392123
v 0.505501 4.810299 0.012533
v 0.805500 4.715442 -0.001520
v 0.805500 4.605792 0.119969
v 0.805500 4.648774 0.099084
v 0.805500 4.858188 0.451099
v 0.805500 4.862775 0.447358
v 0.805500 4.963850 0.465538
v 0.505501 5.015259 0.297263
v 0.505501 4.881819 0.047563
v 0.805500 4.810272 0.014123
v 0.805500 4.658267 0.097572
v 0.805500 4.715215 0.088475
v 0.805500 4.885329 0.419982
v 0.805500 4.889089 0.415420
v 0.805500 4.999021 0.394087
v 0.505501 4.999919 0.202383
v 0.505501 4.927519 0.085083
v 0.805500 4.881722 0.049294
v 0.805500 4.781593 0.099426
v 0.805500 4.724692 0.090044
v 0.805500 4.910193 0.372551
v 0.805500 4.913717 0.365408
v 0.805500 5.014668 0.299258
v 0.505501 4.964980 0.130823
v 0.805500 4.927347 0.086905
v 0.805500 4.831604 0.124055
v 0.805500 4.788736 0.102951
v 0.805500 4.923099 0.308507
v 0.805500 4.924668 0.299030
v 0.805500 4.999516 0.204348
v 0.805500 4.964707 0.132719
v 0.805500 4.863543 0.150369
v 0.805500 4.836167 0.127814
v 0.805500 4.915572 0.242082
v 0.805500 4.914060 0.232589
v 0.805500 4.889699 0.182450
v 0.805500 4.867283 0.154956
v 0.805500 4.893175 0.189607
v 0.685501 4.539629 0.414508
v 0.685501 4.714669 0.298484
v 0.685501 4.565786 0.446580
v 0.685501 4.515268 0.364370
v 0.685501 4.597724 0.472903
v 0.685501 4.504670 0.297929
v 0.685501 4.647736 0.497532
v 0.685501 4.515611 0.231551
v 0.685501 4.714114 0.508484
v 0.685501 4.540240 0.181539
v 0.685501 4.780555 0.497875
v 0.685501 4.566564 0.149601
v 0.685501 4.830693 0.473514
v 0.685501 4.598635 0.123445
v 0.685501 4.862775 0.447358
v 0.685501 4.648774 0.099084
v 0.685501 4.889089 0.415420
v 0.685501 4.715215 0.088475
v 0.685501 4.913717 0.365408
v 0.685501 4.781593 0.099426
v 0.685501 4.924668 0.299030
v 0.685501 4.831604 0.124055
v 0.685501 4.914060 0.232589
v 0.685501 4.863543 0.150379
v 0.685501 4.889699 0.182450
v 0.505501 4.464621 0.464240
v 0.505501 4.501980 0.510064
v 0.505501 4.501980 0.510064
v 0.505501 4.429812 0.392611
v 0.805500 4.464621 0.464240
v 0.505501 4.547606 0.547665
v 0.505501 4.414670 0.297701
v 0.805500 4.429812 0.392611
v 0.805500 4.501980 0.510054
v 0.805500 4.501980 0.510054
v 0.505501 4.619057 0.582836
v 0.505501 4.430308 0.202872
v 0.805500 4.414670 0.297701
v 0.805500 4.539629 0.414508
v 0.805500 4.536153 0.407352
v 0.805500 4.515268 0.364370
v 0.805500 4.562045 0.442003
v 0.805500 4.565786 0.446580
v 0.805500 4.565786 0.446580
v 0.805500 4.547606 0.547664
v 0.505501 4.713885 0.598484
v 0.505501 4.465479 0.131421
v 0.805500 4.430308 0.202872
v 0.805500 4.513757 0.354877
v 0.805500 4.504670 0.297929
v 0.805500 4.593162 0.469144
v 0.805500 4.597724 0.472903
v 0.805500 4.619057 0.582836
v 0.505501 4.808796 0.583331
v 0.505501 4.503089 0.085796
v 0.505501 4.503089 0.085796
v 0.805500 4.465479 0.131421
v 0.805500 4.506229 0.288452
v 0.805500 4.515611 0.231551
v 0.805500 4.640592 0.494008
v 0.805500 4.647736 0.497532
v 0.805500 4.713885 0.598473
v 0.505501 4.880425 0.548523
v 0.505501 4.548903 0.048436
v 0.805500 4.503089 0.085795
v 0.805500 4.503089 0.085795
v 0.805500 4.519135 0.224408
v 0.805500 4.540240 0.181539
v 0.805500 4.704637 0.506915
v 0.805500 4.714114 0.508474
v 0.805500 4.808796 0.583331
v 0.505501 4.926248 0.511163
v 0.505501 4.926248 0.511163
v 0.505501 4.620543 0.013628
v 0.805500 4.548903 0.048436
v 0.805500 4.543999 0.176977
v 0.805500 4.566564 0.149601
v 0.805500 4.566564 0.149601
v 0.805500 4.771062 0.499386
v 0.805500 4.780555 0.497875
v 0.805500 4.880425 0.548523
v 0.505501 4.963850 0.465538
v 0.505501 4.715442 -0.001519
v 0.805500 4.620533 0.013628
v 0.805500 4.571141 0.145860
v 0.805500 4.598635 0.123445
v 0.805500 4.823536 0.476990
v 0.805500 4.830693 0.473514
v 0.805500 4.926248 0.511163
v 0.805500 4.926248 0.511163
v 0.505501 4.999021 0.394087
v 0.505501 4.810272 0.014123
v 0.805500 4.715442 -0.001520
v 0.805500 4.605792 0.119969
v 0.805500 4.648774 0.099084
v 0.805500 4.858188 0.451099
v 0.805500 4.862775 0.447358
v 0.805500 4.862775 0.447358
v 0.805500 4.963850 0.465538
v 0.505501 5.014668 0.299258
v 0.505501 4.881722 0.049294
v 0.805500 4.810272 0.014123
v 0.805500 4.658267 0.097572
v 0.805500 4.715215 0.088475
v 0.805500 4.885329 0.419982
v 0.805500 4.889089 0.415420
v 0.805500 4.999021 0.394087
v 0.505501 4.999516 0.204348
v 0.505501 4.927347 0.086905
v 0.505501 4.927347 0.086905
v 0.805500 4.881722 0.049294
v 0.805500 4.781593 0.099426
v 0.805500 4.724692 0.090044
v 0.805500 4.910193 0.372551
v 0.805500 4.913717 0.365408
v 0.805500 5.014668 0.299258
v 0.505501 4.964718 0.132719
v 0.805500 4.927347 0.086905
v 0.805500 4.927347 0.086905
v 0.805500 4.831604 0.124055
v 0.805500 4.788736 0.102951
v 0.805500 4.923099 0.308507
v 0.805500 4.924668 0.299030
v 0.805500 4.999516 0.204348
v 0.805500 4.964707 0.132719
v 0.805500 4.863543 0.150369
v 0.805500 4.863543 0.150369
v 0.805500 4.836167 0.127814
v 0.805500 4.915572 0.242082
v 0.805500 4.914060 0.232589
v 0.805500 4.889699 0.182450
v 0.805500 4.867283 0.154956
v 0.805500 4.893175 0.189607
v 0.685501 4.539629 0.414508
v 0.685501 4.565786 0.446580
v 0.685501 4.565786 0.446580
v 0.685501 4.515268 0.364370
v 0.685501 4.597724 0.472903
v 0.685501 4.504670 0.297929
v 0.685501 4.647736 0.497532
v 0.685501 4.515611 0.231551
v 0.685501 4.714114 0.508484
v 0.685501 4.540240 0.181539
v 0.685501 4.780555 0.497875
v 0.685501 4.566564 0.149601
v 0.685501 4.566564 0.149601
v 0.685501 4.830693 0.473514
v 0.685501 4.598635 0.123445
v 0.685501 4.862775 0.447358
v 0.685501 4.862775 0.447358
v 0.685501 4.648774 0.099084
v 0.685501 4.889089 0.415420
v 0.685501 4.715215 0.088475
v 0.685501 4.913717 0.365408
v 0.685501 4.781593 0.099426
v 0.685501 4.924668 0.299030
v 0.685501 4.831604 0.124055
v 0.685501 4.914060 0.232589
v 0.685501 4.863543 0.150379
v 0.685501 4.863543 0.150379
v 0.685501 4.889699 0.182450
v 0.705799 4.715737 -0.251477
v 0.705799 4.604368 -0.085356
v 0.705799 4.573947 -0.110425
v 0.705799 4.652002 -0.061906
v 0.505798 4.604368 -0.085354
v 0.705799 4.549038 -0.140971
v 0.705799 4.715221 -0.051478
v 0.505798 4.652002 -0.061904
v 0.505798 4.573947 -0.110423
v 0.705799 4.525842 -0.188726
v 0.705799 4.778491 -0.061577
v 0.505798 4.715221 -0.051476
v 0.505798 4.637776 -0.135190
v 0.505798 4.642542 -0.132845
v 0.505798 4.671124 -0.118775
v 0.505798 4.619526 -0.150231
v 0.505798 4.616481 -0.152738
v 0.505798 4.549038 -0.140968
v 0.705799 4.515738 -0.251998
v 0.705799 4.826247 -0.084780
v 0.505798 4.778491 -0.061575
v 0.505798 4.677442 -0.117732
v 0.505798 4.715370 -0.111476
v 0.505798 4.601538 -0.171065
v 0.505798 4.599044 -0.174120
v 0.505798 4.525832 -0.188723
v 0.705799 4.526163 -0.315217
v 0.705799 4.856787 -0.109689
v 0.505798 4.826247 -0.084778
v 0.505798 4.721702 -0.112485
v 0.505798 4.759664 -0.118545
v 0.505798 4.585131 -0.202773
v 0.505798 4.582809 -0.207549
v 0.505798 4.515738 -0.251995
v 0.705799 4.549617 -0.362850
v 0.705799 4.881857 -0.140106
v 0.505798 4.856787 -0.109686
v 0.505798 4.764439 -0.120865
v 0.505798 4.793096 -0.134786
v 0.505798 4.576745 -0.245511
v 0.505798 4.575737 -0.251839
v 0.505798 4.526163 -0.315214
v 0.705799 4.574687 -0.393267
v 0.705799 4.905311 -0.187739
v 0.505798 4.881857 -0.140103
v 0.505798 4.796151 -0.137278
v 0.505798 4.814471 -0.152223
v 0.505798 4.581993 -0.289770
v 0.505798 4.583035 -0.296092
v 0.505798 4.549617 -0.362847
v 0.705799 4.605227 -0.418175
v 0.705799 4.915736 -0.250958
v 0.505798 4.905311 -0.187736
v 0.505798 4.816977 -0.155265
v 0.505798 4.832023 -0.173514
v 0.505798 4.597111 -0.324672
v 0.505798 4.599451 -0.329436
v 0.505798 4.574687 -0.393264
v 0.705799 4.652983 -0.441378
v 0.705799 4.905642 -0.314230
v 0.505798 4.915736 -0.250955
v 0.505798 4.834363 -0.178279
v 0.505798 4.848439 -0.206858
v 0.505798 4.614497 -0.347686
v 0.505798 4.617003 -0.350727
v 0.505798 4.605227 -0.418173
v 0.705799 4.716262 -0.451477
v 0.705799 4.882436 -0.361985
v 0.505798 4.905641 -0.314227
v 0.505798 4.849481 -0.213181
v 0.505798 4.855736 -0.251112
v 0.505798 4.635323 -0.365673
v 0.505798 4.638378 -0.368164
v 0.505798 4.652983 -0.441376
v 0.705799 4.779472 -0.441050
v 0.705799 4.857526 -0.392531
v 0.505798 4.882436 -0.361982
v 0.505798 4.848664 -0.295402
v 0.505798 4.854729 -0.257439
v 0.505798 4.667035 -0.382085
v 0.505798 4.671810 -0.384406
v 0.505798 4.716253 -0.451475
v 0.705799 4.827106 -0.417598
v 0.505798 4.857526 -0.392528
v 0.505798 4.832430 -0.328830
v 0.505798 4.846343 -0.300177
v 0.505798 4.709772 -0.390464
v 0.505798 4.716104 -0.391475
v 0.505798 4.779472 -0.441047
v 0.505798 4.827106 -0.417596
v 0.505798 4.814992 -0.350212
v 0.505798 4.829936 -0.331885
v 0.505798 4.754032 -0.385218
v 0.505798 4.760350 -0.384175
v 0.505798 4.793697 -0.367760
v 0.505798 4.811947 -0.352719
v 0.505798 4.788932 -0.370105
v 0.585800 4.637776 -0.135191
v 0.585800 4.715737 -0.251476
v 0.585800 4.616481 -0.152739
v 0.585800 4.671124 -0.118776
v 0.585800 4.599044 -0.174121
v 0.585800 4.715370 -0.111477
v 0.585800 4.582809 -0.207550
v 0.585800 4.759664 -0.118546
v 0.585800 4.575737 -0.251840
v 0.585800 4.793097 -0.134787
v 0.585800 4.583035 -0.296093
v 0.585800 4.814471 -0.152224
v 0.585800 4.599451 -0.329437
v 0.585800 4.832023 -0.173515
v 0.585800 4.617003 -0.350728
v 0.585800 4.848439 -0.206859
v 0.585800 4.638378 -0.368165
v 0.585800 4.855736 -0.251113
v 0.585800 4.671810 -0.384407
v 0.585800 4.848664 -0.295403
v 0.585800 4.716104 -0.391476
v 0.585800 4.832430 -0.328831
v 0.585800 4.760350 -0.384176
v 0.585800 4.814992 -0.350213
v 0.585800 4.793697 -0.367761
v 0.705799 4.604368 -0.085356
v 0.705799 4.573947 -0.110425
v 0.705799 4.573947 -0.110425
v 0.705799 4.652002 -0.061906
v 0.505798 4.604368 -0.085354
v 0.705799 4.549038 -0.140971
v 0.705799 4.715221 -0.051478
v 0.505798 4.651879 -0.063181
v 0.505798 4.573947 -0.110423
v 0.505798 4.573947 -0.110423
v 0.705799 4.525842 -0.188726
v 0.705799 4.778491 -0.061577
v 0.505798 4.715119 -0.052878
v 0.505798 4.637776 -0.135190
v 0.505798 4.642542 -0.132845
v 0.505798 4.671124 -0.118775
v 0.505798 4.619526 -0.150231
v 0.505798 4.616481 -0.152738
v 0.505798 4.616481 -0.152738
v 0.505798 4.549038 -0.140968
v 0.705799 4.515738 -0.251998
v 0.705799 4.826247 -0.084780
v 0.505798 4.778369 -0.063102
v 0.505798 4.677442 -0.117732
v 0.505798 4.715370 -0.111476
v 0.505798 4.601538 -0.171065
v 0.505798 4.599044 -0.174120
v 0.505798 4.525832 -0.188723
v 0.705799 4.526163 -0.315217
v 0.705799 4.856787 -0.109689
v 0.705799 4.856787 -0.109689
v 0.505798 4.826079 -0.086399
v 0.505798 4.721702 -0.112485
v 0.505798 4.759664 -0.118545
v 0.505798 4.585131 -0.202773
v 0.505798 4.582809 -0.207549
v 0.505798 4.515738 -0.251995
v 0.705799 4.549617 -0.362850
v 0.705799 4.881857 -0.140106
v 0.505798 4.856787 -0.109686
v 0.505798 4.856787 -0.109686
v 0.505798 4.764439 -0.120865
v 0.505798 4.793096 -0.134786
v 0.505798 4.576745 -0.245511
v 0.505798 4.575737 -0.251839
v 0.505798 4.526163 -0.315214
v 0.705799 4.574687 -0.393267
v 0.705799 4.574687 -0.393267
v 0.705799 4.905311 -0.187739
v 0.505798 4.881857 -0.140103
v 0.505798 4.796151 -0.137278
v 0.505798 4.814471 -0.152223
v 0.505798 4.814471 -0.152223
v 0.505798 4.581993 -0.289770
v 0.505798 4.583035 -0.296092
v 0.505798 4.549617 -0.362847
v 0.705799 4.605227 -0.418175
v 0.705799 4.915736 -0.250958
v 0.505798 4.905311 -0.187736
v 0.505798 4.816977 -0.155265
v 0.505798 4.832023 -0.173514
v 0.505798 4.597111 -0.324672
v 0.505798 4.599451 -0.329436
v 0.505798 4.574687 -0.393264
v 0.505798 4.574687 -0.393264
v 0.705799 4.652983 -0.441378
v 0.705799 4.905642 -0.314230
v 0.505798 4.915736 -0.250955
v 0.505798 4.834363 -0.178279
v 0.505798 4.848439 -0.206858
v 0.505798 4.614497 -0.347686
v 0.505798 4.617003 -0.350727
v 0.505798 4.617003 -0.350727
v 0.505798 4.605227 -0.418173
v 0.705799 4.716262 -0.451477
v 0.705799 4.882436 -0.361985
v 0.505798 4.905641 -0.314227
v 0.505798 4.849481 -0.213181
v 0.505798 4.855736 -0.251112
v 0.505798 4.635323 -0.365673
v 0.505798 4.638378 -0.368164
v 0.505798 4.652983 -0.441376
v 0.705799 4.779472 -0.441050
v 0.705799 4.857526 -0.392531
v 0.705799 4.857526 -0.392531
v 0.505798 4.882436 -0.361982
v 0.505798 4.848664 -0.295402
v 0.505798 4.854729 -0.257439
v 0.505798 4.667035 -0.382085
v 0.505798 4.671810 -0.384406
v 0.505798 4.716253 -0.451475
v 0.705799 4.827106 -0.417598
v 0.505798 4.857526 -0.392528
v 0.505798 4.857526 -0.392528
v 0.505798 4.832430 -0.328830
v 0.505798 4.846343 -0.300177
v 0.505798 4.709772 -0.390464
v 0.505798 4.716104 -0.391475
v 0.505798 4.779472 -0.441047
v 0.505798 4.827106 -0.417596
v 0.505798 4.814992 -0.350212
v 0.505798 4.814992 -0.350212
v 0.505798 4.829936 -0.331885
v 0.505798 4.754032 -0.385218
v 0.505798 4.760350 -0.384175
v 0.505798 4.793697 -0.367760
v 0.505798 4.811947 -0.352719
v 0.505798 4.788932 -0.370105
v 0.585800 4.637776 -0.135191
v 0.585800 4.616481 -0.152739
v 0.585800 4.616481 -0.152739
v 0.585800 4.671124 -0.118776
v 0.585800 4.599044 -0.174121
v 0.585800 4.715370 -0.111477
v 0.585800 4.582809 -0.207550
v 0.585800 4.759664 -0.118546
v 0.585800 4.575737 -0.251840
v 0.585800 4.793097 -0.134787
v 0.585800 4.583035 -0.296093
v 0.585800 4.814471 -0.152224
v 0.585800 4.814471 -0.152224
v 0.585800 4.599451 -0.329437
v 0.585800 4.832023 -0.173515
v 0.585800 4.617003 -0.350728
v 0.585800 4.617003 -0.350728
v 0.585800 4.848439 -0.206859
v 0.585800 4.638378 -0.368165
v 0.585800 4.855736 -0.251113
v 0.585800 4.671810 -0.384407
v 0.585800 4.848664 -0.295403
v 0.585800 4.716104 -0.391476
v 0.585800 4.832430 -0.328831
v 0.585800 4.760350 -0.384176
v 0.585800 4.814992 -0.350213
v 0.585800 4.814992 -0.350213
v 0.585800 4.793697 -0.367761
v 0.205898 4.715757 -0.251750
v 0.205898 4.465539 -0.086899
v 0.205898 4.502999 -0.041154
v 0.205898 4.430911 -0.157624
v 0.505901 4.465709 -0.085992
v 0.205898 4.548699 -0.003642
v 0.205898 4.415759 -0.252531
v 0.505901 4.430911 -0.157624
v 0.505901 4.503078 -0.040172
v 0.205898 4.620220 0.031393
v 0.205898 4.431406 -0.347359
v 0.505901 4.415759 -0.252532
v 0.505901 4.540728 -0.135719
v 0.505901 4.537242 -0.142883
v 0.505901 4.516366 -0.185863
v 0.505901 4.563143 -0.108228
v 0.505901 4.566884 -0.103646
v 0.505901 4.548704 -0.002570
v 0.205898 4.715079 0.046843
v 0.205898 4.466578 -0.418810
v 0.505901 4.431406 -0.347360
v 0.505901 4.514846 -0.195354
v 0.505901 4.505758 -0.252298
v 0.505901 4.594260 -0.081085
v 0.505901 4.598822 -0.077324
v 0.505901 4.620155 0.032607
v 0.205898 4.809884 0.033102
v 0.205898 4.504178 -0.464434
v 0.505901 4.466578 -0.418811
v 0.505901 4.507327 -0.261782
v 0.505901 4.516709 -0.318677
v 0.505901 4.641691 -0.056219
v 0.505901 4.648833 -0.052701
v 0.505901 4.714983 0.048245
v 0.205898 4.881523 -0.001703
v 0.205898 4.550001 -0.501798
v 0.505901 4.504178 -0.464435
v 0.505901 4.520223 -0.325823
v 0.505901 4.541338 -0.368693
v 0.505901 4.705735 -0.043317
v 0.505901 4.715212 -0.041752
v 0.505901 4.809884 0.033102
v 0.205898 4.927337 -0.039067
v 0.205898 4.621631 -0.536602
v 0.505901 4.550001 -0.501799
v 0.505901 4.545097 -0.373256
v 0.505901 4.567652 -0.400630
v 0.505901 4.772160 -0.050841
v 0.505901 4.781653 -0.052356
v 0.505901 4.881523 -0.001704
v 0.205898 4.964948 -0.084691
v 0.205898 4.716540 -0.551749
v 0.505901 4.621631 -0.536602
v 0.505901 4.572239 -0.404367
v 0.505901 4.599733 -0.426785
v 0.505901 4.824625 -0.073238
v 0.505901 4.831791 -0.076719
v 0.505901 4.927337 -0.039069
v 0.205898 5.000120 -0.156142
v 0.205898 4.811370 -0.536108
v 0.505901 4.716540 -0.551750
v 0.505901 4.606891 -0.430265
v 0.505901 4.649872 -0.451147
v 0.505901 4.859285 -0.099136
v 0.505901 4.863863 -0.102873
v 0.505901 4.964937 -0.084692
v 0.205898 5.015757 -0.250970
v 0.205898 4.882821 -0.500932
v 0.505901 4.811370 -0.536109
v 0.505901 4.659365 -0.452662
v 0.505901 4.716303 -0.461751
v 0.505901 4.886427 -0.130248
v 0.505901 4.890186 -0.134810
v 0.505901 5.000120 -0.156143
v 0.205898 5.000614 -0.345878
v 0.205898 4.928446 -0.463330
v 0.505901 4.882821 -0.500933
v 0.505901 4.782691 -0.450801
v 0.505901 4.725790 -0.460187
v 0.505901 4.911292 -0.177681
v 0.505901 4.914804 -0.184826
v 0.505901 5.015757 -0.250971
v 0.205898 4.965806 -0.417511
v 0.505901 4.928446 -0.463331
v 0.505901 4.832703 -0.426178
v 0.505901 4.789834 -0.447284
v 0.505901 4.924198 -0.241722
v 0.505901 4.925756 -0.251205
v 0.505901 5.000614 -0.345879
v 0.505901 4.965806 -0.417512
v 0.505901 4.864641 -0.399857
v 0.505901 4.837265 -0.422418
v 0.505901 4.916669 -0.308149
v 0.505901 4.915158 -0.317641
v 0.505901 4.890797 -0.367783
v 0.505901 4.868371 -0.395275
v 0.505901 4.894273 -0.360619
v 0.385899 4.540728 -0.135719
v 0.385899 4.715757 -0.251751
v 0.385899 4.566884 -0.103646
v 0.385899 4.516366 -0.185862
v 0.385899 4.598822 -0.077324
v 0.385899 4.505758 -0.252298
v 0.385899 4.648833 -0.052701
v 0.385899 4.516709 -0.318677
v 0.385899 4.715212 -0.041752
v 0.385899 4.541338 -0.368693
v 0.385899 4.781653 -0.052356
v 0.385899 4.567652 -0.400630
v 0.385899 4.831791 -0.076719
v 0.385899 4.599733 -0.426784
v 0.385899 4.863863 -0.102873
v 0.385899 4.649872 -0.451147
v 0.385899 4.890186 -0.134810
v 0.385899 4.716303 -0.461751
v 0.385899 4.914815 -0.184826
v 0.385899 4.782691 -0.450801
v 0.385899 4.925756 -0.251205
v 0.385899 4.832703 -0.426178
v 0.385899 4.915158 -0.317640
v 0.385899 4.864641 -0.399857
v 0.385899 4.890797 -0.367783
v 0.205898 4.465709 -0.085991
v 0.205898 4.503078 -0.040172
v 0.205898 4.503078 -0.040172
v 0.205898 4.430911 -0.157624
v 0.505901 4.465709 -0.085992
v 0.205898 4.548704 -0.002569
v 0.205898 4.415759 -0.252531
v 0.505901 4.430911 -0.157624
v 0.505901 4.503078 -0.040172
v 0.505901 4.503078 -0.040172
v 0.205898 4.620220 0.031393
v 0.205898 4.431406 -0.347359
v 0.505901 4.415759 -0.252532
v 0.505901 4.540728 -0.135719
v 0.505901 4.537242 -0.142883
v 0.505901 4.516366 -0.185863
v 0.505901 4.563143 -0.108228
v 0.505901 4.566884 -0.103646
v 0.505901 4.566884 -0.103646
v 0.505901 4.548704 -0.002570
v 0.205898 4.714983 0.048245
v 0.205898 4.466578 -0.418810
v 0.505901 4.431406 -0.347360
v 0.505901 4.514846 -0.195354
v 0.505901 4.505758 -0.252298
v 0.505901 4.594260 -0.081085
v 0.505901 4.598822 -0.077324
v 0.505901 4.620155 0.032607
v 0.205898 4.809884 0.033102
v 0.205898 4.504178 -0.464434
v 0.205898 4.504178 -0.464434
v 0.505901 4.466578 -0.418811
v 0.505901 4.507327 -0.261782
v 0.505901 4.516709 -0.318677
v 0.505901 4.641691 -0.056219
v 0.505901 4.648833 -0.052701
v 0.505901 4.714983 0.048245
v 0.205898 4.881523 -0.001703
v 0.205898 4.550001 -0.501798
v 0.505901 4.504178 -0.464435
v 0.505901 4.504178 -0.464435
v 0.505901 4.520223 -0.325823
v 0.505901 4.541338 -0.368693
v 0.505901 4.705735 -0.043317
v 0.505901 4.715212 -0.041752
v 0.505901 4.809884 0.033102
v 0.205898 4.927337 -0.039067
v 0.205898 4.927337 -0.039067
v 0.205898 4.621631 -0.536602
v 0.505901 4.550001 -0.501799
v 0.505901 4.545097 -0.373256
v 0.505901 4.567652 -0.400630
v 0.505901 4.567652 -0.400630
v 0.505901 4.772160 -0.050841
v 0.505901 4.781653 -0.052356
v 0.505901 4.881523 -0.001704
v 0.205898 4.964948 -0.084691
v 0.205898 4.716540 -0.551749
v 0.505901 4.621631 -0.536602
v 0.505901 4.572239 -0.404367
v 0.505901 4.599733 -0.426785
v 0.505901 4.824625 -0.073238
v 0.505901 4.831791 -0.076719
v 0.505901 4.927337 -0.039069
v 0.505901 4.927337 -0.039069
v 0.205898 5.000120 -0.156142
v 0.205898 4.811370 -0.536108
v 0.505901 4.716540 -0.551750
v 0.505901 4.606891 -0.430265
v 0.505901 4.649872 -0.451147
v 0.505901 4.859285 -0.099136
v 0.505901 4.863863 -0.102873
v 0.505901 4.863863 -0.102873
v 0.505901 4.964937 -0.084692
v 0.205898 5.015757 -0.250970
v 0.205898 4.882821 -0.500932
v 0.505901 4.811370 -0.536109
v 0.505901 4.659365 -0.452662
v 0.505901 4.716303 -0.461751
v 0.505901 4.886427 -0.130248
v 0.505901 4.890186 -0.134810
v 0.505901 5.000120 -0.156143
v 0.205898 5.000614 -0.345878
v 0.205898 4.928446 -0.463330
v 0.205898 4.928446 -0.463330
v 0.505901 4.882821 -0.500933
v 0.505901 4.782691 -0.450801
v 0.505901 4.725790 -0.460187
v 0.505901 4.911292 -0.177681
v 0.505901 4.914804 -0.184826
v 0.505901 5.015757 -0.250971
v 0.205898 4.965806 -0.417511
v 0.505901 4.928446 -0.463331
v 0.505901 4.928446 -0.463331
v 0.505901 4.832703 -0.426178
v 0.505901 4.789834 -0.447284
v 0.505901 4.924198 -0.241722
v 0.505901 4.925756 -0.251205
v 0.505901 5.000614 -0.345879
v 0.505901 4.965806 -0.417512
v 0.505901 4.864641 -0.399857
v 0.505901 4.864641 -0.399857
v 0.505901 4.837265 -0.422418
v 0.505901 4.916669 -0.308149
v 0.505901 4.915158 -0.317641
v 0.505901 4.890797 -0.367783
v 0.505901 4.868371 -0.395275
v 0.505901 4.894273 -0.360619
v 0.385899 4.540728 -0.135719
v 0.385899 4.566884 -0.103646
v 0.385899 4.566884 -0.103646
v 0.385899 4.516366 -0.185862
v 0.385899 4.598822 -0.077324
v 0.385899 4.505758 -0.252298
v 0.385899 4.648833 -0.052701
v 0.385899 4.516709 -0.318677
v 0.385899 4.715212 -0.041752
v 0.385899 4.541338 -0.368693
v 0.385899 4.781653 -0.052356
v 0.385899 4.567652 -0.400630
v 0.385899 4.567652 -0.400630
v 0.385899 4.831791 -0.076719
v 0.385899 4.599733 -0.426784
v 0.385899 4.863863 -0.102873
v 0.385899 4.863863 -0.102873
v 0.385899 4.649872 -0.451147
v 0.385899 4.890186 -0.134810
v 0.385899 4.716303 -0.461751
v 0.385899 4.914815 -0.184826
v 0.385899 4.782691 -0.450801
v 0.385899 4.925756 -0.251205
v 0.385899 4.832703 -0.426178
v 0.385899 4.915158 -0.317640
v 0.385899 4.864641 -0.399857
v 0.385899 4.864641 -0.399857
v 0.385899 4.890797 -0.367783
v 0.705399 4.714649 0.298524
v 0.705399 4.603280 0.464644
v 0.705399 4.572860 0.439574
v 0.705399 4.650914 0.488099
v 0.505402 4.603280 0.464644
v 0.705399 4.547950 0.409035
v 0.705399 4.714133 0.498524
v 0.505402 4.650914 0.488099
v 0.505402 4.572860 0.439584
v 0.705399 4.524754 0.361279
v 0.705399 4.777403 0.488429
v 0.505402 4.714133 0.498524
v 0.505402 4.637509 0.413563
v 0.505402 4.642279 0.415903
v 0.505402 4.670889 0.429913
v 0.505402 4.619229 0.398563
v 0.505402 4.616179 0.396063
v 0.505402 4.547950 0.409035
v 0.705399 4.514650 0.298009
v 0.705399 4.825159 0.465223
v 0.505402 4.777403 0.488429
v 0.505402 4.677209 0.430943
v 0.505402 4.715149 0.437123
v 0.505402 4.601199 0.377763
v 0.505402 4.598699 0.374713
v 0.505402 4.524745 0.361279
v 0.705399 4.525074 0.234789
v 0.705399 4.855699 0.440314
v 0.505402 4.825159 0.465223
v 0.505402 4.721479 0.436103
v 0.505402 4.759429 0.429973
v 0.505402 4.584730 0.346083
v 0.505402 4.582399 0.341313
v 0.505402 4.514650 0.298009
v 0.705399 4.548529 0.187156
v 0.705399 4.880769 0.409893
v 0.505402 4.855699 0.440314
v 0.505402 4.764200 0.427643
v 0.505402 4.792829 0.413663
v 0.505402 4.576259 0.303363
v 0.505402 4.575240 0.297043
v 0.505402 4.525074 0.234789
v 0.705399 4.573599 0.156735
v 0.705399 4.904223 0.362259
v 0.505402 4.880769 0.409903
v 0.505402 4.795879 0.411163
v 0.505402 4.814169 0.396183
v 0.505402 4.581419 0.259093
v 0.505402 4.582449 0.252773
v 0.505402 4.548529 0.187156
v 0.705399 4.604139 0.131825
v 0.705399 4.914649 0.299040
v 0.505402 4.904223 0.362270
v 0.505402 4.816669 0.393133
v 0.505402 4.831679 0.374853
v 0.505402 4.596469 0.224163
v 0.505402 4.598800 0.219393
v 0.505402 4.573599 0.156735
v 0.705399 4.651895 0.108620
v 0.705399 4.904553 0.235770
v 0.505402 4.914649 0.299050
v 0.505402 4.834010 0.370083
v 0.505402 4.848029 0.341483
v 0.505402 4.613810 0.201113
v 0.505402 4.616309 0.198073
v 0.505402 4.604139 0.131825
v 0.705399 4.715175 0.098525
v 0.705399 4.881348 0.188014
v 0.505402 4.904553 0.235770
v 0.505402 4.849060 0.335153
v 0.505402 4.855239 0.297213
v 0.505402 4.634599 0.183083
v 0.505402 4.637650 0.180593
v 0.505402 4.651895 0.108630
v 0.705399 4.778384 0.108950
v 0.705399 4.856438 0.157475
v 0.505402 4.881348 0.188024
v 0.505402 4.848079 0.252933
v 0.505402 4.854219 0.290883
v 0.505402 4.666279 0.166613
v 0.505402 4.671050 0.164283
v 0.505402 4.715165 0.098525
v 0.705399 4.826018 0.132404
v 0.505402 4.856438 0.157475
v 0.505402 4.831779 0.219543
v 0.505402 4.845749 0.248163
v 0.505402 4.708999 0.158143
v 0.505402 4.715330 0.157123
v 0.505402 4.778384 0.108960
v 0.505402 4.826018 0.132404
v 0.505402 4.814300 0.198193
v 0.505402 4.829279 0.216493
v 0.505402 4.753270 0.163303
v 0.505402 4.759590 0.164333
v 0.505402 4.792969 0.180683
v 0.505402 4.811249 0.195693
v 0.505402 4.788199 0.178353
v 0.585400 4.637509 0.413563
v 0.585400 4.715239 0.297123
v 0.585400 4.616179 0.396053
v 0.585400 4.670889 0.429913
v 0.585400 4.598699 0.374713
v 0.585400 4.715149 0.437123
v 0.585400 4.582399 0.341313
v 0.585400 4.759429 0.429963
v 0.585400 4.575240 0.297033
v 0.585400 4.792829 0.413663
v 0.585400 4.582449 0.252773
v 0.585400 4.814169 0.396183
v 0.585400 4.598800 0.219393
v 0.585400 4.831679 0.374853
v 0.585400 4.616309 0.198063
v 0.585400 4.848029 0.341483
v 0.585400 4.637650 0.180593
v 0.585400 4.855239 0.297213
v 0.585400 4.671050 0.164283
v 0.585400 4.848079 0.252933
v 0.585400 4.715330 0.157123
v 0.585400 4.831779 0.219543
v 0.585400 4.759590 0.164333
v 0.585400 4.814300 0.198193
v 0.585400 4.792969 0.180683
v 0.705399 4.603280 0.464644
v 0.705399 4.572860 0.439574
v 0.705399 4.572860 0.439574
v 0.705399 4.650914 0.488099
v 0.505402 4.604199 0.463463
v 0.705399 4.547950 0.409035
v 0.705399 4.714133 0.498524
v 0.505402 4.651879 0.486823
v 0.505402 4.572860 0.439584
v 0.505402 4.573729 0.438463
v 0.705399 4.524754 0.361279
v 0.705399 4.777403 0.488429
v 0.505402 4.715119 0.497123
v 0.505402 4.636689 0.414810
v 0.505402 4.641454 0.417160
v 0.505402 4.670036 0.431226
v 0.505402 4.618438 0.399774
v 0.505402 4.615394 0.397268
v 0.505402 4.615394 0.397268
v 0.505402 4.548759 0.407963
v 0.705399 4.514650 0.298009
v 0.705399 4.825159 0.465223
v 0.505402 4.778369 0.486903
v 0.505402 4.676354 0.432269
v 0.505402 4.714282 0.438524
v 0.505402 4.600450 0.378939
v 0.505402 4.597956 0.375884
v 0.505402 4.525459 0.360253
v 0.705399 4.525074 0.234789
v 0.705399 4.855699 0.440314
v 0.705399 4.855699 0.440314
v 0.505402 4.826079 0.463603
v 0.505402 4.720614 0.437517
v 0.505402 4.758576 0.431462
v 0.505402 4.584043 0.347226
v 0.505402 4.581721 0.342452
v 0.505402 4.515239 0.297003
v 0.705399 4.548529 0.187156
v 0.705399 4.880769 0.409893
v 0.505402 4.856569 0.438633
v 0.505402 4.855699 0.440314
v 0.505402 4.763351 0.429141
v 0.505402 4.792008 0.415218
v 0.505402 4.575657 0.304490
v 0.505402 4.574650 0.298168
v 0.505402 4.525539 0.233763
v 0.705399 4.573599 0.156735
v 0.705399 4.573599 0.156735
v 0.705399 4.904223 0.362259
v 0.505402 4.881579 0.408173
v 0.505402 4.795063 0.412724
v 0.505402 4.813383 0.397780
v 0.505402 4.813383 0.397780
v 0.505402 4.580904 0.260230
v 0.505402 4.581947 0.253912
v 0.505402 4.548899 0.186083
v 0.705399 4.604139 0.131825
v 0.705399 4.914649 0.299040
v 0.505402 4.904939 0.360493
v 0.505402 4.815889 0.394735
v 0.505402 4.830935 0.376485
v 0.505402 4.596024 0.225330
v 0.505402 4.598363 0.220564
v 0.505402 4.573599 0.156735
v 0.505402 4.573910 0.155613
v 0.705399 4.651895 0.108620
v 0.705399 4.904553 0.235770
v 0.505402 4.915239 0.297253
v 0.505402 4.833274 0.371719
v 0.505402 4.847351 0.343147
v 0.505402 4.613410 0.202314
v 0.505402 4.615915 0.199279
v 0.505402 4.615915 0.199279
v 0.505402 4.604400 0.130643
v 0.705399 4.715175 0.098525
v 0.705399 4.881348 0.188014
v 0.505402 4.905020 0.233993
v 0.505402 4.848393 0.336819
v 0.505402 4.854649 0.298891
v 0.505402 4.634235 0.184325
v 0.505402 4.637290 0.181841
v 0.505402 4.652110 0.107353
v 0.705399 4.778384 0.108950
v 0.705399 4.856438 0.157475
v 0.705399 4.856438 0.157475
v 0.505402 4.881719 0.186293
v 0.505402 4.847576 0.254597
v 0.505402 4.853641 0.292559
v 0.505402 4.665947 0.167918
v 0.505402 4.670722 0.165597
v 0.505402 4.715360 0.097123
v 0.705399 4.826018 0.132404
v 0.505402 4.856749 0.155793
v 0.505402 4.856438 0.157475
v 0.505402 4.831342 0.221175
v 0.505402 4.845255 0.249823
v 0.505402 4.708684 0.159532
v 0.505402 4.715016 0.158525
v 0.505402 4.778599 0.107433
v 0.505402 4.826280 0.130783
v 0.505402 4.813905 0.199791
v 0.505402 4.813905 0.199791
v 0.505402 4.828848 0.218120
v 0.505402 4.752944 0.164780
v 0.505402 4.759262 0.165822
v 0.505402 4.792610 0.182238
v 0.505402 4.810860 0.197285
v 0.505402 4.787844 0.179899
v 0.585400 4.636689 0.414810
v 0.585400 4.615394 0.397258
v 0.585400 4.615394 0.397258
v 0.585400 4.670036 0.431226
v 0.585400 4.597956 0.375884
v 0.585400 4.714282 0.438524
v 0.585400 4.581721 0.342452
v 0.585400 4.758576 0.431451
v 0.585400 4.574650 0.298158
v 0.585400 4.792008 0.415218
v 0.585400 4.581947 0.253912
v 0.585400 4.813383 0.397780
v 0.585400 4.813383 0.397780
v 0.585400 4.598363 0.220564
v 0.585400 4.830935 0.376484
v 0.585400 4.615915 0.199269
v 0.585400 4.615915 0.199269
v 0.585400 4.847351 0.343147
v 0.585400 4.637290 0.181841
v 0.585400 4.854649 0.298891
v 0.585400 4.670722 0.165597
v 0.585400 4.847576 0.254597
v 0.585400 4.715016 0.158525
v 0.585400 4.831342 0.221175
v 0.585400 4.759262 0.165822
v 0.585400 4.813905 0.199791
v 0.585400 4.813905 0.199791
v 0.585400 4.792610 0.182238
v 0.205502 4.714670 0.298235
v 0.205502 4.464621 0.464000
v 0.205502 4.501991 0.509814
v 0.205502 4.429823 0.392361
v 0.505501 4.464621 0.463990
v 0.205502 4.547616 0.547415
v 0.205502 4.414670 0.297451
v 0.505501 4.429823 0.392361
v 0.505501 4.501991 0.509814
v 0.205502 4.619067 0.582596
v 0.205502 4.430719 0.201793
v 0.505501 4.414670 0.297451
v 0.505501 4.539640 0.414268
v 0.505501 4.536154 0.407102
v 0.505501 4.515279 0.364120
v 0.505501 4.562056 0.441763
v 0.505501 4.565796 0.446340
v 0.505501 4.547616 0.547414
v 0.205502 4.713896 0.598233
v 0.205502 4.465749 0.130273
v 0.505501 4.430318 0.202622
v 0.505501 4.513758 0.354637
v 0.505501 4.504670 0.297689
v 0.505501 4.593172 0.468904
v 0.505501 4.597734 0.472664
v 0.505501 4.619067 0.582596
v 0.205502 4.808796 0.583091
v 0.205502 4.503259 0.084573
v 0.505501 4.465490 0.131171
v 0.505501 4.506239 0.288202
v 0.505501 4.515622 0.231311
v 0.505501 4.640603 0.493768
v 0.505501 4.647746 0.497282
v 0.505501 4.713896 0.598233
v 0.205502 4.880435 0.548283
v 0.205502 4.549009 0.047113
v 0.505501 4.503090 0.085556
v 0.505501 4.519135 0.224168
v 0.505501 4.540250 0.181289
v 0.505501 4.704647 0.506675
v 0.505501 4.714124 0.508234
v 0.505501 4.808796 0.583081
v 0.205502 4.926250 0.510923
v 0.205502 4.620569 0.012173
v 0.505501 4.548913 0.048186
v 0.505501 4.544010 0.176727
v 0.505501 4.566564 0.149361
v 0.505501 4.771072 0.499146
v 0.505501 4.780565 0.497635
v 0.505501 4.880435 0.548283
v 0.205502 4.963859 0.465298
v 0.205502 4.715449 -0.003166
v 0.505501 4.620543 0.013388
v 0.505501 4.571151 0.145620
v 0.505501 4.598646 0.123205
v 0.505501 4.823536 0.476750
v 0.505501 4.830703 0.473264
v 0.505501 4.926250 0.510923
v 0.205502 4.999031 0.393847
v 0.205502 4.810282 0.013883
v 0.505501 4.715453 -0.001764
v 0.505501 4.605803 0.119719
v 0.505501 4.648784 0.098844
v 0.505501 4.858198 0.450849
v 0.505501 4.862775 0.447118
v 0.505501 4.963850 0.465298
v 0.205502 5.014668 0.299018
v 0.205502 4.881733 0.049054
v 0.505501 4.810282 0.013873
v 0.505501 4.658277 0.097323
v 0.505501 4.715215 0.088235
v 0.505501 4.885340 0.419742
v 0.505501 4.889099 0.415180
v 0.505501 4.999031 0.393847
v 0.205502 4.999527 0.204108
v 0.205502 4.927358 0.086655
v 0.505501 4.881733 0.049054
v 0.505501 4.781603 0.099186
v 0.505501 4.724702 0.089804
v 0.505501 4.910204 0.372311
v 0.505501 4.913717 0.365158
v 0.505501 5.014668 0.299018
v 0.205502 4.964718 0.132479
v 0.505501 4.927358 0.086655
v 0.505501 4.831615 0.123805
v 0.505501 4.788746 0.102701
v 0.505501 4.923109 0.308267
v 0.505501 4.924669 0.298780
v 0.505501 4.999527 0.204108
v 0.505501 4.964718 0.132479
v 0.505501 4.863553 0.150129
v 0.505501 4.836177 0.127564
v 0.505501 4.915581 0.241842
v 0.505501 4.914070 0.232349
v 0.505501 4.889710 0.182200
v 0.505501 4.867284 0.154716
v 0.505501 4.893184 0.189367
v 0.385498 4.539640 0.414268
v 0.385498 4.714670 0.298234
v 0.385498 4.565796 0.446340
v 0.385498 4.515279 0.364120
v 0.385498 4.597734 0.472663
v 0.385498 4.504670 0.297689
v 0.385498 4.647746 0.497282
v 0.385498 4.515622 0.231311
v 0.385498 4.714124 0.508234
v 0.385498 4.540250 0.181289
v 0.385498 4.780565 0.497635
v 0.385498 4.566564 0.149361
v 0.385498 4.830703 0.473264
v 0.385498 4.598646 0.123205
v 0.385498 4.862775 0.447118
v 0.385498 4.648784 0.098844
v 0.385498 4.889099 0.415180
v 0.385498 4.715215 0.088235
v 0.385498 4.913728 0.365158
v 0.385498 4.781603 0.099187
v 0.385498 4.924669 0.298780
v 0.385498 4.831615 0.123806
v 0.385498 4.914070 0.232349
v 0.385498 4.863553 0.150129
v 0.385498 4.889710 0.182201
v 0.205502 4.464621 0.464000
v 0.205502 4.501991 0.509814
v 0.205502 4.501991 0.509814
v 0.205502 4.429823 0.392361
v 0.505501 4.464621 0.463990
v 0.205502 4.547616 0.547415
v 0.205502 4.414670 0.297451
v 0.505501 4.429823 0.392361
v 0.505501 4.501991 0.509814
v 0.505501 4.501991 0.509814
v 0.205502 4.619067 0.582596
v 0.205502 4.430318 0.202632
v 0.505501 4.414670 0.297451
v 0.505501 4.539640 0.414268
v 0.505501 4.536154 0.407102
v 0.505501 4.515279 0.364120
v 0.505501 4.562056 0.441763
v 0.505501 4.565796 0.446340
v 0.505501 4.565796 0.446340
v 0.505501 4.547616 0.547414
v 0.205502 4.713896 0.598233
v 0.205502 4.465490 0.131181
v 0.505501 4.430318 0.202622
v 0.505501 4.513758 0.354637
v 0.505501 4.504670 0.297689
v 0.505501 4.593172 0.468904
v 0.505501 4.597734 0.472664
v 0.505501 4.619067 0.582596
v 0.205502 4.808796 0.583091
v 0.205502 4.503090 0.085556
v 0.205502 4.503090 0.085556
v 0.505501 4.465490 0.131171
v 0.505501 4.506239 0.288202
v 0.505501 4.515622 0.231311
v 0.505501 4.640603 0.493768
v 0.505501 4.647746 0.497282
v 0.505501 4.713896 0.598233
v 0.205502 4.880435 0.548283
v 0.205502 4.548913 0.048186
v 0.505501 4.503090 0.085556
v 0.505501 4.503090 0.085556
v 0.505501 4.519135 0.224168
v 0.505501 4.540250 0.181289
v 0.505501 4.704647 0.506675
v 0.505501 4.714124 0.508234
v 0.505501 4.808796 0.583081
v 0.205502 4.926250 0.510923
v 0.205502 4.926250 0.510923
v 0.205502 4.620543 0.013388
v 0.505501 4.548913 0.048186
v 0.505501 4.544010 0.176727
v 0.505501 4.566564 0.149361
v 0.505501 4.566564 0.149361
v 0.505501 4.771072 0.499146
v 0.505501 4.780565 0.497635
v 0.505501 4.880435 0.548283
v 0.205502 4.963859 0.465298
v 0.205502 4.715453 -0.001763
v 0.505501 4.620543 0.013388
v 0.505501 4.571151 0.145620
v 0.505501 4.598646 0.123205
v 0.505501 4.823536 0.476750
v 0.505501 4.830703 0.473264
v 0.505501 4.926250 0.510923
v 0.505501 4.926250 0.510923
v 0.205502 4.999031 0.393847
v 0.205502 4.810282 0.013883
v 0.505501 4.715453 -0.001764
v 0.505501 4.605803 0.119719
v 0.505501 4.648784 0.098844
v 0.505501 4.858198 0.450849
v 0.505501 4.862775 0.447118
v 0.505501 4.862775 0.447118
v 0.505501 4.963850 0.465298
v 0.205502 5.014668 0.299018
v 0.205502 4.881733 0.049054
v 0.505501 4.810282 0.013873
v 0.505501 4.658277 0.097323
v 0.505501 4.715215 0.088235
v 0.505501 4.885340 0.419742
v 0.505501 4.889099 0.415180
v 0.505501 4.999031 0.393847
v 0.205502 4.999527 0.204108
v 0.205502 4.927358 0.086655
v 0.205502 4.927358 0.086655
v 0.505501 4.881733 0.049054
v 0.505501 4.781603 0.099186
v 0.505501 4.724702 0.089804
v 0.505501 4.910204 0.372311
v 0.505501 4.913717 0.365158
v 0.505501 5.014668 0.299018
v 0.205502 4.964718 0.132479
v 0.505501 4.927358 0.086655
v 0.505501 4.927358 0.086655
v 0.505501 4.831615 0.123805
v 0.505501 4.788746 0.102701
v 0.505501 4.923109 0.308267
v 0.505501 4.924669 0.298780
v 0.505501 4.999527 0.204108
v 0.505501 4.964718 0.132479
v 0.505501 4.863553 0.150129
v 0.505501 4.863553 0.150129
v 0.505501 4.836177 0.127564
v 0.505501 4.915581 0.241842
v 0.505501 4.914070 0.232349
v 0.505501 4.889710 0.182200
v 0.505501 4.867284 0.154716
v 0.505501 4.893184 0.189367
v 0.385498 4.539640 0.414268
v 0.385498 4.565796 0.446340
v 0.385498 4.565796 0.446340
v 0.385498 4.515279 0.364120
v 0.385498 4.597734 0.472663
v 0.385498 4.504670 0.297689
v 0.385498 4.647746 0.497282
v 0.385498 4.515622 0.231311
v 0.385498 4.714124 0.508234
v 0.385498 4.540250 0.181289
v 0.385498 4.780565 0.497635
v 0.385498 4.566564 0.149361
v 0.385498 4.566564 0.149361
v 0.385498 4.830703 0.473264
v 0.385498 4.598646 0.123205
v 0.385498 4.862775 0.447118
v 0.385498 4.862775 0.447118
v 0.385498 4.648784 0.098844
v 0.385498 4.889099 0.415180
v 0.385498 4.715215 0.088235
v 0.385498 4.913728 0.365158
v 0.385498 4.781603 0.099187
v 0.385498 4.924669 0.298780
v 0.385498 4.831615 0.123806
v 0.385498 4.914070 0.232349
v 0.385498 4.863553 0.150129
v 0.385498 4.863553 0.150129
v 0.385498 4.889710 0.182201
v 0.505901 4.715757 -0.251521
v 0.505901 4.465708 -0.085762
v 0.505902 4.502989 -0.040925
v 0.505901 4.430901 -0.157395
v 0.805901 4.465708 -0.085763
v 0.505902 4.548689 -0.003413
v 0.505901 4.415758 -0.252303
v 0.805901 4.430901 -0.157396
v 0.805901 4.503068 -0.039944
v 0.505902 4.620210 0.031623
v 0.505901 4.431396 -0.347130
v 0.805901 4.415758 -0.252303
v 0.805901 4.540717 -0.135490
v 0.805901 4.537241 -0.142654
v 0.805901 4.516356 -0.185634
v 0.805901 4.563133 -0.107999
v 0.805901 4.566874 -0.103417
v 0.805901 4.548694 -0.002341
v 0.505902 4.715069 0.047073
v 0.505901 4.466567 -0.418581
v 0.805901 4.431396 -0.347131
v 0.805901 4.514845 -0.195125
v 0.805901 4.505758 -0.252069
v 0.805901 4.594249 -0.080856
v 0.805901 4.598812 -0.077095
v 0.805901 4.620144 0.032837
v 0.505902 4.809949 0.031743
v 0.505901 4.504178 -0.464205
v 0.805901 4.466567 -0.418582
v 0.805901 4.507317 -0.261553
v 0.805901 4.516699 -0.318448
v 0.805901 4.641680 -0.055991
v 0.805901 4.648823 -0.052472
v 0.805901 4.714973 0.048475
v 0.505902 4.881509 -0.003205
v 0.505901 4.549991 -0.501569
v 0.805901 4.504178 -0.464206
v 0.805901 4.520223 -0.325594
v 0.805901 4.541327 -0.368464
v 0.805901 4.705725 -0.043088
v 0.805901 4.715201 -0.041523
v 0.805901 4.809884 0.033332
v 0.505902 4.927259 -0.040660
v 0.505901 4.621630 -0.536373
v 0.805901 4.549991 -0.501570
v 0.805901 4.545087 -0.373027
v 0.805901 4.567651 -0.400401
v 0.805901 4.772150 -0.050613
v 0.805901 4.781643 -0.052127
v 0.805901 4.881513 -0.001475
v 0.505902 4.964769 -0.086359
v 0.505901 4.716530 -0.551520
v 0.805901 4.621621 -0.536374
v 0.805901 4.572229 -0.404138
v 0.805901 4.599722 -0.426556
v 0.805901 4.824624 -0.073009
v 0.805901 4.831781 -0.076490
v 0.805901 4.927337 -0.038840
v 0.505901 5.000108 -0.155913
v 0.505901 4.811359 -0.535879
v 0.805901 4.716530 -0.551522
v 0.805901 4.606880 -0.430036
v 0.805901 4.649861 -0.450918
v 0.805901 4.859275 -0.098907
v 0.805901 4.863863 -0.102644
v 0.805901 4.964937 -0.084463
v 0.505901 5.015756 -0.250741
v 0.505901 4.882810 -0.500703
v 0.805901 4.811359 -0.535880
v 0.805901 4.659355 -0.452433
v 0.805901 4.716302 -0.461522
v 0.805901 4.886417 -0.130019
v 0.805901 4.890176 -0.134581
v 0.805901 5.000108 -0.155914
v 0.505901 5.000604 -0.345649
v 0.505901 4.928436 -0.463101
v 0.805901 4.882810 -0.500704
v 0.805901 4.782681 -0.450572
v 0.805901 4.725780 -0.459958
v 0.805901 4.911281 -0.177452
v 0.805901 4.914804 -0.184597
v 0.805901 5.015756 -0.250742
v 0.505901 4.965806 -0.417282
v 0.805901 4.928436 -0.463102
v 0.805901 4.832692 -0.425949
v 0.805901 4.789824 -0.447055
v 0.805901 4.924188 -0.241493
v 0.805901 4.925756 -0.250976
v 0.805901 5.000604 -0.345650
v 0.805901 4.965796 -0.417283
v 0.805901 4.864630 -0.399628
v 0.805901 4.837255 -0.422189
v 0.805901 4.916659 -0.307920
v 0.805901 4.915147 -0.317412
v 0.805901 4.890787 -0.367554
v 0.805901 4.868371 -0.395046
v 0.805901 4.894262 -0.360391
v 0.685902 4.540717 -0.135490
v 0.685902 4.715757 -0.251522
v 0.685902 4.566874 -0.103417
v 0.685902 4.516356 -0.185633
v 0.685902 4.598812 -0.077095
v 0.685902 4.505758 -0.252069
v 0.685902 4.648823 -0.052472
v 0.685902 4.516699 -0.318448
v 0.685902 4.715201 -0.041523
v 0.685902 4.541327 -0.368464
v 0.685902 4.781643 -0.052127
v 0.685902 4.567651 -0.400401
v 0.685902 4.831781 -0.076490
v 0.685902 4.599722 -0.426555
v 0.685902 4.863863 -0.102644
v 0.685902 4.649861 -0.450918
v 0.685902 4.890176 -0.134581
v 0.685902 4.716302 -0.461522
v 0.685902 4.914804 -0.184597
v 0.685902 4.782681 -0.450572
v 0.685902 4.925756 -0.250976
v 0.685902 4.832692 -0.425949
v 0.685902 4.915147 -0.317412
v 0.685902 4.864630 -0.399628
v 0.685902 4.890787 -0.367554
v 0.505901 4.465708 -0.085762
v 0.505901 4.503068 -0.039943
v 0.505901 4.503068 -0.039943
v 0.505901 4.430901 -0.157395
v 0.805901 4.465708 -0.085763
v 0.505901 4.548694 -0.002340
v 0.505901 4.415758 -0.252303
v 0.805901 4.430901 -0.157396
v 0.805901 4.503068 -0.039944
v 0.805901 4.503068 -0.039944
v 0.505901 4.620144 0.032837
v 0.505901 4.431396 -0.347130
v 0.805901 4.415758 -0.252303
v 0.805901 4.540717 -0.135490
v 0.805901 4.537241 -0.142654
v 0.805901 4.516356 -0.185634
v 0.805901 4.563133 -0.107999
v 0.805901 4.566874 -0.103417
v 0.805901 4.566874 -0.103417
v 0.805901 4.548694 -0.002341
v 0.505901 4.714973 0.048475
v 0.505901 4.466567 -0.418581
v 0.805901 4.431396 -0.347131
v 0.805901 4.514845 -0.195125
v 0.805901 4.505758 -0.252069
v 0.805901 4.594249 -0.080856
v 0.805901 4.598812 -0.077095
v 0.805901 4.620144 0.032837
v 0.505901 4.809884 0.033332
v 0.505901 4.504178 -0.464205
v 0.505901 4.504178 -0.464205
v 0.805901 4.466567 -0.418582
v 0.805901 4.507317 -0.261553
v 0.805901 4.516699 -0.318448
v 0.805901 4.641680 -0.055991
v 0.805901 4.648823 -0.052472
v 0.805901 4.714973 0.048475
v 0.505901 4.881513 -0.001474
v 0.505901 4.549991 -0.501569
v 0.805901 4.504178 -0.464206
v 0.805901 4.504178 -0.464206
v 0.805901 4.520223 -0.325594
v 0.805901 4.541327 -0.368464
v 0.805901 4.705725 -0.043088
v 0.805901 4.715201 -0.041523
v 0.805901 4.809884 0.033332
v 0.505901 4.927337 -0.038839
v 0.505901 4.927337 -0.038839
v 0.505901 4.621630 -0.536373
v 0.805901 4.549991 -0.501570
v 0.805901 4.545087 -0.373027
v 0.805901 4.567651 -0.400401
v 0.805901 4.567651 -0.400401
v 0.805901 4.772150 -0.050613
v 0.805901 4.781643 -0.052127
v 0.805901 4.881513 -0.001475
v 0.505901 4.964937 -0.084463
v 0.505901 4.716530 -0.551520
v 0.805901 4.621621 -0.536374
v 0.805901 4.572229 -0.404138
v 0.805901 4.599722 -0.426556
v 0.805901 4.824624 -0.073009
v 0.805901 4.831781 -0.076490
v 0.805901 4.927337 -0.038840
v 0.805901 4.927337 -0.038840
v 0.505901 5.000108 -0.155913
v 0.505901 4.811359 -0.535879
v 0.805901 4.716530 -0.551522
v 0.805901 4.606880 -0.430036
v 0.805901 4.649861 -0.450918
v 0.805901 4.859275 -0.098907
v 0.805901 4.863863 -0.102644
v 0.805901 4.863863 -0.102644
v 0.805901 4.964937 -0.084463
v 0.505901 5.015756 -0.250741
v 0.505901 4.882810 -0.500703
v 0.805901 4.811359 -0.535880
v 0.805901 4.659355 -0.452433
v 0.805901 4.716302 -0.461522
v 0.805901 4.886417 -0.130019
v 0.805901 4.890176 -0.134581
v 0.805901 5.000108 -0.155914
v 0.505901 5.000604 -0.345649
v 0.505901 4.928436 -0.463101
v 0.505901 4.928436 -0.463101
v 0.805901 4.882810 -0.500704
v 0.805901 4.782681 -0.450572
v 0.805901 4.725780 -0.459958
v 0.805901 4.911281 -0.177452
v 0.805901 4.914804 -0.184597
v 0.805901 5.015756 -0.250742
v 0.505901 4.965806 -0.417282
v 0.805901 4.928436 -0.463102
v 0.805901 4.928436 -0.463102
v 0.805901 4.832692 -0.425949
v 0.805901 4.789824 -0.447055
v 0.805901 4.924188 -0.241493
v 0.805901 4.925756 -0.250976
v 0.805901 5.000604 -0.345650
v 0.805901 4.965796 -0.417283
v 0.805901 4.864630 -0.399628
v 0.805901 4.864630 -0.399628
v 0.805901 4.837255 -0.422189
v 0.805901 4.916659 -0.307920
v 0.805901 4.915147 -0.317412
v 0.805901 4.890787 -0.367554
v 0.805901 4.868371 -0.395046
v 0.805901 4.894262 -0.360391
v 0.685902 4.540717 -0.135490
v 0.685902 4.566874 -0.103417
v 0.685902 4.566874 -0.103417
v 0.685902 4.516356 -0.185633
v 0.685902 4.598812 -0.077095
v 0.685902 4.505758 -0.252069
v 0.685902 4.648823 -0.052472
v 0.685902 4.516699 -0.318448
v 0.685902 4.715201 -0.041523
v 0.685902 4.541327 -0.368464
v 0.685902 4.781643 -0.052127
v 0.685902 4.567651 -0.400401
v 0.685902 4.567651 -0.400401
v 0.685902 4.831781 -0.076490
v 0.685902 4.599722 -0.426555
v 0.685902 4.863863 -0.102644
v 0.685902 4.863863 -0.102644
v 0.685902 4.649861 -0.450918
v 0.685902 4.890176 -0.134581
v 0.685902 4.716302 -0.461522
v 0.685902 4.914804 -0.184597
v 0.685902 4.782681 -0.450572
v 0.685902 4.925756 -0.250976
v 0.685902 4.832692 -0.425949
v 0.685902 4.915147 -0.317412
v 0.685902 4.864630 -0.399628
v 0.685902 4.864630 -0.399628
v 0.685902 4.890787 -0.367554
v -0.464599 3.925969 0.997063
v -0.464599 2.460579 0.997062
v 0.434101 2.460579 0.997062
v 0.434101 3.925969 0.997063
v -0.445999 2.392989 0.933402
v 0.420101 2.392979 0.933402
v 0.434101 2.460579 0.997062
v -0.464599 2.460579 0.997062
v 0.420101 3.993879 0.933463
v -0.445999 3.993880 0.933453
v -0.464599 3.925969 0.997063
v 0.434101 3.925969 0.997063
v 0.486599 3.925969 0.935883
v 0.420101 3.993879 0.933463
v 0.460400 3.925959 0.966473
v -0.464599 3.925969 0.997063
v -0.445999 3.993880 0.933453
v -0.513900 3.925969 0.935883
v -0.445999 3.993880 0.933453
v -0.011600 3.993880 -0.004665
v -0.445999 3.993880 -0.943466
v -0.445999 3.993880 -0.943466
v -0.513901 3.925969 -0.941989
v -0.513900 3.925969 0.935883
v -0.445999 3.993880 0.933453
v -0.011600 3.993880 -0.004665
v 0.420101 3.995745 -0.943488
v -0.445999 3.993880 -0.943466
v -0.011600 3.993880 -0.004665
v -0.445999 3.993880 0.933453
v 0.420101 3.993879 0.933463
v 0.420101 3.995745 -0.943488
v -0.011600 3.993880 -0.004665
v 0.420101 3.993879 0.933463
v 0.420101 3.993879 0.933463
v 0.434101 3.925969 0.997063
v 0.460400 3.925959 0.966473
v -0.513901 2.460539 -0.941989
v -0.464599 2.460539 -1.003226
v -0.445999 2.392949 -0.943466
v -0.513900 2.460579 0.935833
v -0.464599 2.460579 0.997062
v -0.464599 3.925969 0.997063
v -0.513900 3.925969 0.935883
v -0.513901 3.925969 -0.941989
v -0.513901 2.460539 -0.941989
v -0.513900 2.460579 0.935833
v -0.513900 3.925969 0.935883
v -0.464599 2.460539 -1.003226
v -0.513901 2.460539 -0.941989
v -0.513901 3.925969 -0.941989
v -0.464599 3.925969 -1.003225
v -0.445999 3.993880 -0.943466
v -0.464599 3.925969 -1.003225
v -0.513901 3.925969 -0.941989
v 0.434101 3.925969 -1.003224
v 0.434101 2.460539 -1.003226
v -0.464599 2.460539 -1.003226
v -0.464599 3.925969 -1.003225
v -0.464599 2.460539 -1.003226
v 0.434101 2.460539 -1.003226
v 0.420101 2.392949 -0.943466
v -0.445999 2.392949 -0.943466
v 0.434101 3.925969 -1.003224
v -0.464599 3.925969 -1.003225
v -0.445999 3.993880 -0.943466
v 0.420101 3.993880 -0.943466
v 0.420101 2.392979 0.933402
v 0.486599 2.460579 0.935833
v 0.460400 2.460579 0.966452
v -0.513900 2.460579 0.935833
v -0.445999 2.392989 0.933402
v -0.464599 2.460579 0.997062
v -0.445999 2.392949 -0.943466
v -0.445999 2.392989 0.933402
v -0.513900 2.460579 0.935833
v -0.513901 2.460539 -0.941989
v -0.011600 2.393210 -0.004693
v 0.420101 2.392949 -0.943466
v 0.420101 2.392979 0.933402
v -0.445999 2.392989 0.933402
v -0.011600 2.393210 -0.004693
v 0.420101 2.392979 0.933402
v -0.011600 2.393210 -0.004693
v -0.445999 2.392989 0.933402
v -0.445999 2.392949 -0.943466
v 0.420101 2.392949 -0.943466
v -0.011600 2.393210 -0.004693
v -0.445999 2.392949 -0.943466
v 0.460400 2.460579 0.966452
v 0.434101 2.460579 0.997062
v 0.420101 2.392979 0.933402
v 0.460400 2.460579 0.966452
v 0.486599 2.460579 0.935833
v 0.486599 3.925969 0.935883
v 0.460400 3.925959 0.966473
v 0.486599 2.460579 0.935833
v 0.486599 2.460539 -0.941989
v 0.486599 3.925973 -0.941990
v 0.486599 3.925969 0.935883
v 0.434101 2.460539 -1.003226
v 0.434101 3.925969 -1.003224
v 0.486599 3.925959 -0.941989
v 0.486599 2.460539 -0.941989
v 0.486599 2.460539 -0.941989
v 0.486599 2.460579 0.935833
v 0.420101 2.392979 0.933402
v 0.420101 2.392949 -0.943466
v 0.420101 2.392949 -0.943466
v 0.434101 2.460539 -1.003226
v 0.486599 2.460539 -0.941989
v 0.420101 3.993879 0.933463
v 0.486599 3.925969 0.935883
v 0.486599 3.925973 -0.941990
v 0.420101 3.995745 -0.943488
v 0.486599 3.925973 -0.941990
v 0.434101 3.926049 -1.003230
v 0.420101 3.995745 -0.943488
v 0.460400 3.925959 0.966473
v 0.434101 3.925969 0.997063
v 0.434101 2.460579 0.997062
v 0.460400 2.460579 0.966452
v -0.170200 2.208310 0.931572
v -0.309398 2.137360 0.931572
v -0.289501 2.110000 0.964972
v -0.159698 2.176150 0.964972
v -0.149299 2.143990 0.998373
v -0.010101 2.165140 0.998373
v -0.010101 2.198950 0.964972
v -0.159698 2.176150 0.964972
v -0.419799 2.026859 0.931572
v -0.392502 2.006989 0.964972
v -0.490799 1.887640 0.931572
v -0.458698 1.877060 0.964972
v -0.513401 1.752280 0.931572
v -0.479900 1.749510 0.964972
v -0.490699 1.041520 0.926112
v -0.419700 0.902315 0.926112
v -0.392399 0.922194 0.959092
v -0.458599 1.052110 0.959092
v -0.426498 1.062690 0.992062
v -0.446499 1.182420 0.998372
v -0.479900 1.179650 0.964972
v -0.458599 1.052110 0.959092
v -0.309200 0.791844 0.926112
v -0.289299 0.819204 0.959092
v -0.170002 0.720926 0.926112
v -0.159500 0.753087 0.959092
v -0.009899 0.696501 0.926112
v -0.009899 0.730316 0.959092
v -0.009899 0.696501 0.926112
v 0.144402 0.720961 0.926112
v 0.133900 0.753120 0.959092
v -0.009899 0.730316 0.959092
v 0.283600 0.791910 0.926112
v 0.263699 0.819265 0.959092
v 0.394100 0.902406 0.926112
v 0.366699 0.922279 0.959092
v 0.465000 1.041630 0.926112
v 0.432900 1.052200 0.959092
v 0.487599 1.176990 0.931572
v 0.454201 1.179750 0.964972
v 0.464901 1.887740 0.931572
v 0.393898 2.026950 0.931572
v 0.366600 2.007070 0.964972
v 0.432801 1.877160 0.964972
v 0.400700 1.866580 0.998372
v 0.420700 1.746840 0.998372
v 0.454102 1.749620 0.964972
v 0.283402 2.137419 0.931572
v 0.263600 2.110060 0.964972
v 0.144200 2.208340 0.931572
v 0.133801 2.176180 0.964972
v -0.010101 2.232769 0.931572
v -0.010101 2.198950 0.964972
v -0.446499 1.182420 0.998372
v -0.446602 1.746750 0.998373
v -0.479900 1.749510 0.964972
v 0.420800 1.182520 0.998372
v -0.446499 1.182420 0.998372
v -0.009998 1.176930 0.998372
v -0.010101 1.752330 0.998373
v -0.446602 1.746750 0.998373
v 0.420700 1.746840 0.998372
v 0.420800 1.182520 0.998372
v -0.269600 2.082650 0.998373
v -0.149299 2.143990 0.998373
v -0.365101 1.987120 0.998373
v -0.426601 1.866490 0.998373
v -0.426498 1.062690 0.992062
v -0.365001 0.942073 0.992062
v -0.269500 0.846563 0.992062
v -0.149101 0.785248 0.992062
v -0.009899 0.764131 0.992062
v 0.123501 0.785278 0.992062
v 0.243801 0.846620 0.992062
v 0.339299 0.942151 0.992062
v 0.400799 1.062780 0.992062
v 0.400700 1.866580 0.998372
v 0.339199 1.987190 0.998372
v 0.243698 2.082700 0.998373
v 0.123299 2.144020 0.998373
v -0.010101 2.165140 0.998373
v -0.289501 2.110000 0.964972
v -0.269600 2.082650 0.998373
v -0.010101 2.198950 0.964972
v -0.010101 2.232769 0.931572
v -0.392502 2.006989 0.964972
v -0.365101 1.987120 0.998373
v -0.458698 1.877060 0.964972
v -0.426601 1.866490 0.998373
v -0.392399 0.922194 0.959092
v -0.365001 0.942073 0.992062
v -0.479900 1.179650 0.964972
v -0.513301 1.176880 0.931572
v -0.289299 0.819204 0.959092
v -0.269500 0.846563 0.992062
v -0.159500 0.753087 0.959092
v -0.149101 0.785248 0.992062
v -0.009899 0.730316 0.959092
v -0.009899 0.764131 0.992062
v 0.123501 0.785278 0.992062
v -0.009899 0.764131 0.992062
v 0.243801 0.846620 0.992062
v 0.339299 0.942151 0.992062
v 0.400799 1.062780 0.992062
v 0.339199 1.987190 0.998372
v 0.487500 1.752390 0.931572
v 0.243698 2.082700 0.998373
v 0.123299 2.144020 0.998373
v -0.010101 2.165140 0.998373
v -0.513301 1.176880 0.931572
v -0.170200 2.208310 0.931572
v -0.170200 2.208310 0.064892
v -0.309398 2.137360 0.064892
v -0.309398 2.137360 0.931572
v 0.393898 2.026950 0.064892
v 0.393898 2.026950 0.931572
v 0.283402 2.137419 0.064892
v 0.283402 2.137419 0.931572
v 0.144200 2.208340 0.064892
v 0.144200 2.208340 0.931572
v -0.010101 2.232769 0.064892
v -0.010101 2.232769 0.931572
v -0.010101 2.232769 0.931572
v -0.010101 2.232769 0.064892
v -0.479900 1.749510 0.964972
v -0.446499 1.182420 0.998372
v -0.479900 1.749510 0.964972
v -0.479900 1.179650 0.964972
v -0.309398 2.137360 0.064892
v -0.309398 2.137360 0.931572
v -0.419800 2.026860 0.064892
v -0.419799 2.026859 0.931572
v -0.490799 1.887640 0.064892
v -0.490799 1.887640 0.931572
v -0.490699 1.041520 0.926112
v -0.490699 1.041520 0.070352
v -0.419700 0.902316 0.070352
v -0.419700 0.902315 0.926112
v -0.513401 1.752280 0.931572
v -0.513401 1.752280 0.064892
v -0.513302 1.176880 0.064892
v -0.513301 1.176880 0.931572
v -0.513301 1.176880 0.931572
v -0.513302 1.176880 0.064892
v -0.479900 1.179650 0.964972
v -0.513301 1.176880 0.931572
v -0.170200 2.208310 0.064892
v -0.010101 2.232769 0.064892
v -0.010101 2.198950 0.031493
v -0.159698 2.176150 0.031493
v -0.149299 2.143990 -0.001908
v -0.269600 2.082650 -0.001908
v -0.289501 2.110000 0.031493
v -0.365101 1.987120 -0.001908
v -0.392502 2.006989 0.031493
v -0.426601 1.866490 -0.001908
v -0.458698 1.877060 0.031493
v -0.446602 1.746750 -0.001908
v -0.479900 1.749510 0.031493
v -0.490699 1.041520 0.070352
v -0.513302 1.176880 0.064892
v -0.479900 1.179650 0.031492
v -0.458599 1.052110 0.037372
v -0.426498 1.062690 0.004393
v -0.365001 0.942073 0.004392
v -0.392399 0.922194 0.037372
v -0.269500 0.846563 0.004392
v -0.289299 0.819203 0.037372
v -0.149101 0.785248 0.004392
v -0.159500 0.753087 0.037372
v -0.009899 0.764131 0.004392
v -0.009899 0.730316 0.037372
v -0.009899 0.764131 0.004392
v 0.123501 0.785278 0.004392
v 0.133900 0.753120 0.037372
v -0.009899 0.730316 0.037372
v 0.243801 0.846620 0.004392
v 0.263699 0.819265 0.037372
v 0.339298 0.942151 0.004392
v 0.366699 0.922279 0.037372
v 0.400799 1.062780 0.004392
v 0.432900 1.052200 0.037372
v 0.420799 1.182520 -0.001908
v 0.454201 1.179750 0.031492
v 0.464901 1.887740 0.064892
v 0.487499 1.752390 0.064892
v 0.454102 1.749620 0.031492
v 0.432800 1.877160 0.031492
v 0.400700 1.866580 -0.001908
v 0.339199 1.987190 -0.001908
v 0.366600 2.007070 0.031492
v 0.243698 2.082700 -0.001908
v 0.263600 2.110060 0.031492
v 0.123299 2.144020 -0.001908
v 0.133801 2.176180 0.031493
v -0.010101 2.165140 -0.001908
v -0.010101 2.198950 0.031493
v -0.446499 1.182420 -0.001908
v -0.479900 1.179650 0.031492
v 0.420700 1.746840 -0.001908
v -0.446602 1.746750 -0.001908
v -0.010101 1.752330 -0.001908
v -0.009998 1.176930 -0.001908
v -0.446499 1.182420 -0.001908
v 0.420799 1.182520 -0.001908
v 0.420700 1.746840 -0.001908
v -0.149299 2.143990 -0.001908
v -0.269600 2.082650 -0.001908
v -0.365101 1.987120 -0.001908
v -0.426601 1.866490 -0.001908
v -0.446499 1.182420 -0.001908
v -0.426498 1.062690 0.004393
v -0.365001 0.942073 0.004392
v -0.269500 0.846563 0.004392
v -0.149101 0.785248 0.004392
v -0.009899 0.764131 0.004392
v 0.123501 0.785278 0.004392
v 0.243801 0.846620 0.004392
v 0.339298 0.942151 0.004392
v 0.400799 1.062780 0.004392
v 0.400700 1.866580 -0.001908
v 0.339199 1.987190 -0.001908
v 0.243698 2.082700 -0.001908
v 0.123299 2.144020 -0.001908
v -0.010101 2.165140 -0.001908
v -0.010101 2.165140 -0.001908
v -0.309398 2.137360 0.064892
v -0.419800 2.026860 0.064892
v -0.490799 1.887640 0.064892
v -0.513401 1.752280 0.064892
v -0.446499 1.182420 -0.001908
v -0.419700 0.902316 0.070352
v -0.309200 0.791844 0.070352
v -0.170002 0.720926 0.070352
v -0.009899 0.696501 0.070352
v 0.144402 0.720961 0.070352
v -0.009899 0.696501 0.070352
v 0.283600 0.791910 0.070352
v 0.394100 0.902406 0.070352
v 0.465000 1.041630 0.070352
v 0.487599 1.176990 0.064892
v 0.393898 2.026950 0.064892
v 0.283402 2.137419 0.064892
v 0.144200 2.208340 0.064892
v -0.010101 2.232769 0.064892
v -0.513302 1.176880 0.064892
v -0.009998 1.176930 -0.001908
v -0.365001 0.942073 0.004392
v -0.426498 1.062690 0.004393
v -0.419700 0.902316 0.070352
v -0.419700 0.902315 0.926112
v -0.309200 0.791844 0.070352
v -0.309200 0.791844 0.926112
v -0.170002 0.720926 0.070352
v -0.170002 0.720926 0.926112
v -0.009899 0.696501 0.070352
v -0.009899 0.696501 0.926112
v -0.009899 0.696501 0.926112
v -0.009899 0.696501 0.070352
v 0.144402 0.720961 0.070352
v 0.144402 0.720961 0.926112
v 0.283600 0.791910 0.070352
v 0.283600 0.791910 0.926112
v 0.487599 1.176990 0.931572
v 0.454201 1.179750 0.964972
v 0.420700 1.746840 0.998372
v 0.454102 1.749620 0.964972
v 0.420799 1.182520 -0.001908
v 0.454201 1.179750 0.031492
v 0.487499 1.752390 0.064892
v 0.454102 1.749620 0.031492
v 0.420800 1.182520 0.998372
v 0.283600 0.791910 0.070352
v 0.283600 0.791910 0.926112
v 0.394100 0.902406 0.070352
v 0.394100 0.902406 0.926112
v 0.465000 1.041630 0.070352
v 0.465000 1.041630 0.926112
v 0.464901 1.887740 0.931572
v 0.464901 1.887740 0.064892
v 0.393898 2.026950 0.064892
v 0.393898 2.026950 0.931572
v 0.487599 1.176990 0.931572
v 0.487599 1.176990 0.064892
v 0.487499 1.752390 0.064892
v 0.487500 1.752390 0.931572
v 0.487500 1.752390 0.931572
v 0.487599 1.176990 0.064892
v -0.170002 1.630670 0.921742
v -0.309200 1.559750 0.921742
v -0.289299 1.532390 0.954392
v -0.159500 1.598510 0.954392
v -0.149101 1.566350 0.987032
v -0.010502 1.587470 0.987032
v -0.010502 1.621290 0.954392
v -0.159500 1.598510 0.954392
v -0.419700 1.449280 0.921742
v -0.392299 1.429400 0.954392
v -0.490600 1.310070 0.921742
v -0.458500 1.299490 0.954392
v -0.513301 1.174710 0.931572
v -0.479900 1.171940 0.964972
v 0.464402 1.309990 0.921742
v 0.393502 1.449210 0.921742
v 0.366101 1.429330 0.954392
v 0.432301 1.299410 0.954392
v 0.400200 1.288840 0.987032
v 0.420201 1.169090 0.998372
v 0.453598 1.171860 0.964972
v 0.283001 1.559700 0.921742
v 0.263100 1.532350 0.954392
v 0.143799 1.630650 0.921742
v 0.133301 1.598490 0.954392
v -0.010502 1.655100 0.921742
v -0.010502 1.621290 0.954392
v -0.446499 0.243704 0.998372
v -0.479900 1.171940 0.964972
v -0.479900 0.240937 0.964972
v 0.453499 0.240859 0.964972
v -0.446499 0.243704 0.998372
v -0.010601 0.238127 0.998372
v -0.010601 1.174670 0.998372
v -0.446499 1.169170 0.998372
v 0.420201 1.169090 0.998372
v 0.420101 0.243632 0.998372
v -0.269401 1.505030 0.987032
v -0.149101 1.566350 0.987032
v -0.365001 1.409520 0.987032
v -0.426399 1.288900 0.987032
v 0.400200 1.288840 0.987032
v 0.338799 1.409460 0.987032
v 0.243199 1.504990 0.987032
v 0.122898 1.566330 0.987032
v -0.010502 1.587470 0.987032
v -0.446499 0.243704 0.998372
v -0.407100 0.170560 0.952552
v -0.010700 0.165494 0.952552
v -0.010601 0.238127 0.998372
v -0.010601 0.238127 0.998372
v -0.010700 0.165494 0.952552
v 0.380600 0.170494 0.952552
v 0.420101 0.243632 0.998372
v -0.289299 1.532390 0.954392
v -0.269401 1.505030 0.987032
v -0.010502 1.621290 0.954392
v -0.010502 1.655100 0.921742
v -0.392299 1.429400 0.954392
v -0.365001 1.409520 0.987032
v -0.458500 1.299490 0.954392
v -0.426399 1.288900 0.987032
v -0.479900 1.171940 0.964972
v -0.446499 1.169170 0.998372
v 0.338799 1.409460 0.987032
v 0.487000 1.174630 0.931572
v 0.243199 1.504990 0.987032
v 0.122898 1.566330 0.987032
v -0.010502 1.587470 0.987032
v -0.170002 1.630670 0.921742
v -0.170002 1.630670 0.074712
v -0.309200 1.559750 0.074712
v -0.309200 1.559750 0.921742
v -0.419700 1.449280 0.074712
v -0.419700 1.449280 0.921742
v 0.283001 1.559700 0.074712
v 0.283001 1.559700 0.921742
v 0.143799 1.630650 0.074712
v 0.143799 1.630650 0.921742
v -0.010502 1.655100 0.074712
v -0.010502 1.655100 0.921742
v -0.010502 1.655100 0.921742
v -0.010502 1.655100 0.074712
v -0.513301 1.174710 0.931572
v -0.446499 0.243704 0.998372
v -0.446499 1.169170 0.998372
v -0.479900 1.171940 0.964972
v -0.446499 1.169170 -0.001908
v -0.479900 0.240937 0.031492
v -0.479900 1.171940 0.031492
v -0.419700 1.449280 0.074712
v -0.419700 1.449280 0.921742
v -0.490600 1.310070 0.074712
v -0.490600 1.310070 0.921742
v -0.513301 1.174710 0.931572
v -0.513302 1.174710 0.064892
v -0.513302 0.238169 0.064892
v -0.513301 0.238169 0.931572
v -0.513302 1.174710 0.064892
v -0.513302 0.238169 0.064892
v -0.467800 0.165531 0.104592
v -0.467800 0.165531 0.891872
v -0.513301 0.238169 0.931572
v -0.479900 1.171940 0.964972
v -0.513301 0.238169 0.931572
v -0.479900 0.240937 0.964972
v -0.513302 0.238169 0.064892
v -0.513302 1.174710 0.064892
v -0.170002 1.630670 0.074712
v -0.010502 1.655100 0.074712
v -0.010502 1.621290 0.042072
v -0.159500 1.598510 0.042072
v -0.149101 1.566350 0.009432
v -0.269401 1.505030 0.009432
v -0.289299 1.532390 0.042072
v -0.159500 1.598510 0.042072
v -0.365001 1.409520 0.009432
v -0.392299 1.429400 0.042072
v -0.426399 1.288900 0.009432
v -0.458500 1.299490 0.042072
v -0.446499 1.169170 -0.001908
v -0.479900 1.171940 0.031492
v 0.464401 1.309990 0.074712
v 0.487000 1.174630 0.064892
v 0.453598 1.171860 0.031492
v 0.432301 1.299410 0.042072
v 0.400200 1.288840 0.009432
v 0.338799 1.409460 0.009432
v 0.366100 1.429330 0.042072
v 0.243199 1.504990 0.009432
v 0.263100 1.532350 0.042072
v 0.122898 1.566330 0.009432
v 0.133301 1.598490 0.042072
v -0.010502 1.587470 0.009432
v -0.010502 1.621290 0.042072
v -0.446499 1.169170 -0.001908
v -0.446499 0.243704 -0.001908
v -0.479900 0.240937 0.031492
v 0.420101 0.243632 -0.001908
v 0.420201 1.169090 -0.001908
v -0.446499 1.169170 -0.001908
v -0.010601 1.174670 -0.001908
v -0.010601 0.238128 -0.001908
v -0.446499 0.243704 -0.001908
v 0.420101 0.243632 -0.001908
v 0.420201 1.169090 -0.001908
v -0.149101 1.566350 0.009432
v -0.010601 1.174670 -0.001908
v -0.269401 1.505030 0.009432
v -0.365001 1.409520 0.009432
v -0.426399 1.288900 0.009432
v 0.420201 1.169090 -0.001908
v 0.400200 1.288840 0.009432
v 0.338799 1.409460 0.009432
v 0.243199 1.504990 0.009432
v 0.122898 1.566330 0.009432
v -0.010502 1.587470 0.009432
v 0.420101 0.243632 -0.001908
v 0.380600 0.170494 0.043912
v -0.010700 0.165494 0.043912
v -0.010601 0.238128 -0.001908
v -0.010601 0.238128 -0.001908
v -0.010700 0.165494 0.043912
v -0.407100 0.170560 0.043912
v -0.446499 0.243704 -0.001908
v -0.010502 1.621290 0.042072
v -0.010502 1.587470 0.009432
v -0.289299 1.532390 0.042072
v -0.309200 1.559750 0.074712
v -0.392299 1.429400 0.042072
v -0.419700 1.449280 0.074712
v -0.458500 1.299490 0.042072
v -0.490600 1.310070 0.074712
v -0.479900 1.171940 0.031492
v -0.513302 1.174710 0.064892
v 0.393501 1.449210 0.074712
v 0.283001 1.559700 0.074712
v 0.143799 1.630650 0.074712
v -0.010502 1.655100 0.074712
v 0.486901 0.238086 0.064892
v -0.409000 0.165527 0.104592
v 0.381501 0.165790 0.891792
v -0.407200 0.170193 0.890762
v 0.420101 0.243632 0.998372
v 0.380600 0.170494 0.952552
v 0.411000 0.167975 0.922212
v 0.453499 0.240859 0.964972
v 0.486901 0.238086 0.064892
v 0.441300 0.165456 0.104592
v 0.410999 0.167975 0.074252
v 0.453499 0.240859 0.031492
v -0.446499 0.243704 -0.001908
v -0.407100 0.170560 0.043912
v -0.437401 0.168045 0.074252
v -0.479900 0.240937 0.031492
v -0.513301 0.238169 0.931572
v -0.467800 0.165531 0.891872
v -0.437400 0.168045 0.922212
v -0.479900 0.240937 0.964972
v -0.010700 0.165494 0.043912
v 0.381600 0.165461 0.104592
v -0.409000 0.165527 0.104592
v -0.407200 0.170193 0.890762
v -0.467800 0.165531 0.891872
v -0.467800 0.165531 0.104592
v -0.409000 0.165527 0.104592
v -0.409000 0.165527 0.104592
v -0.467800 0.165531 0.104592
v -0.437401 0.168045 0.074252
v -0.407100 0.170560 0.952552
v -0.407200 0.170193 0.890762
v -0.010700 0.165494 0.952552
v -0.407100 0.170560 0.952552
v -0.437400 0.168045 0.922212
v -0.407200 0.170193 0.890762
v 0.381600 0.165461 0.104592
v 0.380600 0.170494 0.043912
v 0.410999 0.167975 0.074252
v 0.441300 0.165456 0.891872
v 0.381501 0.165790 0.891792
v 0.381600 0.165461 0.104592
v 0.441300 0.165456 0.104592
v 0.381501 0.165790 0.891792
v 0.441300 0.165456 0.891872
v 0.411000 0.167975 0.922212
v -0.010700 0.165494 0.043912
v -0.409000 0.165527 0.104592
v -0.407100 0.170560 0.043912
v 0.380600 0.170494 0.043912
v 0.381600 0.165461 0.104592
v -0.010700 0.165494 0.043912
v -0.010700 0.165494 0.952552
v 0.381501 0.165790 0.891792
v 0.380600 0.170494 0.952552
v -0.010700 0.165494 0.952552
v -0.407200 0.170193 0.890762
v 0.381501 0.165790 0.891792
v 0.381600 0.165461 0.104592
v 0.381501 0.165790 0.891792
v -0.409000 0.165527 0.104592
v 0.411000 0.167975 0.922212
v 0.441300 0.165456 0.891872
v 0.486901 0.238086 0.931572
v 0.453499 0.240859 0.964972
v -0.437400 0.168045 0.922212
v -0.407100 0.170560 0.952552
v -0.446499 0.243704 0.998372
v -0.479900 0.240937 0.964972
v -0.437400 0.168045 0.922212
v -0.467800 0.165531 0.891872
v -0.407200 0.170193 0.890762
v 0.411000 0.167975 0.922212
v 0.380600 0.170494 0.952552
v 0.381501 0.165790 0.891792
v 0.410999 0.167975 0.074252
v 0.380600 0.170494 0.043912
v 0.420101 0.243632 -0.001908
v 0.453499 0.240859 0.031492
v -0.437401 0.168045 0.074252
v -0.467800 0.165531 0.104592
v -0.513302 0.238169 0.064892
v -0.479900 0.240937 0.031492
v 0.410999 0.167975 0.074252
v 0.441300 0.165456 0.104592
v 0.381600 0.165461 0.104592
v -0.437401 0.168045 0.074252
v -0.407100 0.170560 0.043912
v -0.409000 0.165527 0.104592
v 0.420201 1.169090 0.998372
v 0.453598 1.171860 0.031492
v 0.420101 0.243632 0.998372
v 0.453499 0.240859 0.964972
v 0.420101 0.243632 -0.001908
v 0.453499 0.240859 0.031492
v 0.464402 1.309990 0.921742
v 0.464401 1.309990 0.074712
v 0.393501 1.449210 0.074712
v 0.393502 1.449210 0.921742
v 0.283001 1.559700 0.074712
v 0.283001 1.559700 0.921742
v 0.486901 0.238086 0.931572
v 0.486901 0.238086 0.064892
v 0.487000 1.174630 0.064892
v 0.487000 1.174630 0.931572
v 0.486901 0.238086 0.931572
v 0.441300 0.165456 0.891872
v 0.441300 0.165456 0.104592
v 0.486901 0.238086 0.064892
v 0.487000 1.174630 0.931572
v 0.486901 0.238086 0.931572
v 0.486901 0.238086 0.064892
v -0.474701 3.775064 1.843213
v -0.441299 3.603017 2.535116
v -0.441299 3.742309 1.836680
v 0.435700 0.285859 0.931712
v -0.462799 0.285859 0.931712
v -0.464100 0.199769 0.992552
v 0.434300 0.199769 0.993352
v -0.464100 0.000001 0.992552
v 0.434300 0.000001 0.993352
v 0.434300 0.199769 0.993352
v -0.464100 0.199769 0.992552
v -0.011299 0.334844 0.486192
v 0.307701 0.335408 0.198542
v -0.331401 0.335408 0.198542
v -0.462799 0.285859 0.931712
v 0.435700 0.285859 0.931712
v 0.307701 0.335408 0.773842
v -0.331401 0.335408 0.773842
v -0.462799 0.285930 0.057052
v -0.462799 0.285859 0.931712
v -0.331401 0.335408 0.773842
v -0.331401 0.335408 0.198542
v 0.307701 0.335408 0.198542
v 0.307701 0.335408 0.773842
v 0.435700 0.285859 0.931712
v 0.435700 0.285979 0.056982
v -0.462799 0.285930 0.057052
v -0.331401 0.335408 0.198542
v 0.307701 0.335408 0.198542
v 0.435700 0.285979 0.056982
v 0.307701 0.335408 0.773842
v 0.307701 0.335408 0.198542
v -0.011299 0.334844 0.486192
v -0.011299 0.334844 0.486192
v -0.331401 0.335408 0.773842
v 0.307701 0.335408 0.773842
v -0.331401 0.335408 0.198542
v -0.331401 0.335408 0.773842
v -0.011299 0.334844 0.486192
v -0.488800 0.000001 0.962142
v -0.488800 0.199769 0.962142
v -0.513401 0.199769 0.931722
v -0.513401 0.000001 0.931722
v -0.513401 0.199769 0.931722
v -0.513401 0.199769 0.057062
v -0.513401 0.000001 0.057062
v -0.513401 0.000001 0.931722
v -0.462799 0.285859 0.931712
v -0.462799 0.285930 0.057052
v -0.513401 0.199769 0.057062
v -0.513401 0.199769 0.931722
v -0.513401 0.199769 0.057062
v -0.488102 0.199769 0.024892
v -0.488102 0.000001 0.024892
v -0.513401 0.000001 0.057062
v -0.464100 0.000001 0.992552
v -0.462799 0.285930 0.057052
v -0.488102 0.199769 0.024892
v -0.513401 0.199769 0.057062
v -0.462799 0.285859 0.931712
v -0.513401 0.199769 0.931722
v -0.488800 0.199769 0.962142
v -0.488800 0.000001 0.962142
v -0.513401 0.000001 0.931722
v -0.488102 0.000001 0.024892
v -0.488102 0.199769 0.024892
v -0.462799 0.199769 -0.007275
v -0.462799 0.000001 -0.007275
v -0.488102 0.199769 0.024892
v -0.462799 0.285930 0.057052
v -0.462799 0.199769 -0.007275
v -0.462799 0.285859 0.931712
v -0.488800 0.199769 0.962142
v -0.464100 0.199769 0.992552
v -0.488800 0.199769 0.962142
v -0.488800 0.000001 0.962142
v -0.464100 0.000001 0.992552
v -0.464100 0.199769 0.992552
v 0.434300 0.000000 -0.007274
v -0.462799 0.000001 -0.007275
v -0.462799 0.199769 -0.007275
v 0.434300 0.199769 -0.007274
v -0.462799 0.285930 0.057052
v 0.435700 0.285979 0.056982
v 0.434300 0.199769 -0.007274
v -0.462799 0.199769 -0.007275
v -0.462799 0.000001 0.057062
v -0.488102 0.000001 0.024892
v -0.462799 0.000001 -0.007275
v 0.486801 0.000001 0.931722
v 0.434300 0.000001 0.993352
v 0.435700 0.000001 0.931722
v 0.486801 0.000001 0.057062
v 0.435700 0.000001 0.057062
v 0.434300 0.000000 -0.007274
v 0.486801 0.000001 0.057062
v 0.435700 0.000001 0.057062
v -0.464100 0.000001 0.992552
v -0.462799 0.000001 0.931722
v -0.462799 0.000001 -0.007275
v 0.434300 0.000000 -0.007274
v 0.435700 0.000001 0.057062
v -0.462799 0.000001 0.057062
v -0.513401 0.000001 0.931722
v -0.513401 0.000001 0.057062
v 0.434300 0.199769 -0.007274
v 0.486801 0.199769 0.057062
v 0.486801 0.000001 0.057062
v 0.434300 0.000000 -0.007274
v 0.486801 0.199769 0.931722
v 0.434300 0.199769 0.993352
v 0.434300 0.000001 0.993352
v 0.486801 0.000001 0.931722
v 0.435700 0.285859 0.931712
v 0.434300 0.199769 0.993352
v 0.486801 0.199769 0.931722
v 0.486801 0.199769 0.057062
v 0.486801 0.199769 0.931722
v 0.486801 0.000001 0.931722
v 0.486801 0.000001 0.057062
v 0.435700 0.285979 0.056982
v 0.486801 0.199769 0.057062
v 0.434300 0.199769 -0.007274
v 0.435700 0.285859 0.931712
v 0.486801 0.199769 0.931722
v 0.486801 0.199769 0.057062
v 0.435700 0.285979 0.056982
v 0.435200 2.039129 0.997062
v 0.435200 2.356470 0.997062
v -0.463199 2.356470 0.997062
v -0.463199 2.039129 0.997062
v 0.487801 2.356470 0.935833
v 0.421200 2.392829 0.933402
v 0.461499 2.356470 0.966452
v 0.421200 2.392829 0.933402
v 0.487801 2.356470 0.935833
v 0.487801 2.356430 -0.941871
v 0.421200 2.392790 -0.943348
v -0.463199 2.356470 0.997062
v -0.444500 2.392829 0.933402
v -0.512401 2.356470 0.935833
v 0.421200 2.392829 0.933402
v -0.444500 2.392829 0.933402
v -0.463199 2.356470 0.997062
v 0.435200 2.356470 0.997062
v 0.435200 2.356430 -1.003107
v 0.421200 2.392790 -0.943348
v 0.487801 2.356430 -0.941871
v -0.444500 2.392790 -0.943347
v -0.512501 2.356430 -0.941871
v -0.512401 2.356470 0.935833
v -0.444500 2.392829 0.933402
v -0.012199 2.392820 -0.004692
v 0.421200 2.392829 0.933402
v 0.421200 2.392790 -0.943348
v -0.463199 2.356430 -1.003108
v -0.512501 2.356430 -0.941871
v -0.444500 2.392790 -0.943347
v 0.421200 2.392790 -0.943348
v 0.435200 2.356430 -1.003107
v -0.463199 2.356430 -1.003108
v -0.444500 2.392790 -0.943347
v -0.444500 2.392790 -0.943347
v -0.012199 2.392820 -0.004692
v 0.421200 2.392790 -0.943348
v -0.012199 2.392820 -0.004692
v -0.444500 2.392790 -0.943347
v -0.444500 2.392829 0.933402
v 0.421200 2.392829 0.933402
v -0.012199 2.392820 -0.004692
v -0.444500 2.392829 0.933402
v 0.421200 2.392829 0.933402
v 0.435200 2.356470 0.997062
v 0.461499 2.356470 0.966452
v -0.512501 2.356430 -0.941871
v -0.512401 2.039020 -0.941871
v -0.512401 2.039119 0.935772
v -0.512401 2.356470 0.935833
v -0.512401 2.039119 0.935772
v -0.463199 2.039129 0.997062
v -0.463199 2.356470 0.997062
v -0.512401 2.356470 0.935833
v -0.463199 2.039020 -1.003110
v -0.512401 2.039020 -0.941871
v -0.512501 2.356430 -0.941871
v -0.463199 2.356430 -1.003108
v -0.512401 2.039119 0.935772
v -0.444500 1.992900 0.933342
v -0.463199 2.039129 0.997062
v 0.421200 1.992800 -0.943348
v 0.487801 2.039020 -0.941871
v 0.487801 2.039119 0.935772
v 0.421200 1.992900 0.933342
v 0.487801 2.039020 -0.941871
v 0.421200 1.992800 -0.943348
v 0.435200 2.039020 -1.003110
v 0.421200 1.992900 0.933342
v 0.435200 2.039129 0.997062
v -0.463199 2.039129 0.997062
v -0.444500 1.992900 0.933342
v -0.512401 2.039119 0.935772
v -0.512401 2.039020 -0.941871
v -0.444500 1.992800 -0.943347
v -0.444500 1.992900 0.933342
v -0.012199 1.992790 -0.004725
v -0.444500 1.992800 -0.943347
v 0.421200 1.992800 -0.943348
v 0.421200 1.992900 0.933342
v 0.487801 2.039119 0.935772
v 0.461499 2.039129 0.966412
v -0.512401 2.039020 -0.941871
v -0.463199 2.039020 -1.003110
v -0.444500 1.992800 -0.943347
v 0.421200 1.992800 -0.943348
v -0.444500 1.992800 -0.943347
v -0.463199 2.039020 -1.003110
v 0.435200 2.039020 -1.003110
v 0.421200 1.992900 0.933342
v -0.012199 1.992790 -0.004725
v 0.421200 1.992800 -0.943348
v -0.012199 1.992790 -0.004725
v 0.421200 1.992900 0.933342
v -0.444500 1.992900 0.933342
v -0.444500 1.992800 -0.943347
v -0.012199 1.992790 -0.004725
v -0.444500 1.992900 0.933342
v 0.461499 2.039129 0.966412
v 0.435200 2.039129 0.997062
v 0.421200 1.992900 0.933342
v 0.487801 2.039020 -0.941871
v 0.487801 2.356430 -0.941871
v 0.487801 2.356470 0.935833
v 0.487801 2.039119 0.935772
v 0.461499 2.039129 0.966412
v 0.487801 2.039119 0.935772
v 0.487801 2.356470 0.935833
v 0.461499 2.356470 0.966452
v 0.487801 2.039020 -0.941871
v 0.435200 2.039020 -1.003110
v 0.435200 2.356430 -1.003107
v 0.487801 2.356430 -0.941871
v 0.461499 2.356470 0.966452
v 0.435200 2.356470 0.997062
v 0.435200 2.039129 0.997062
v 0.461499 2.039129 0.966412
v -0.170200 2.208310 -0.070375
v -0.309398 2.137360 -0.070375
v -0.289501 2.110000 -0.036977
v -0.159698 2.176150 -0.036977
v -0.149299 2.143990 -0.003578
v -0.010101 2.165140 -0.003578
v -0.010101 2.198950 -0.036977
v -0.159698 2.176150 -0.036977
v -0.419800 2.026860 -0.070375
v -0.392502 2.006989 -0.036977
v -0.490799 1.887640 -0.070375
v -0.458698 1.877060 -0.036977
v -0.513401 1.752280 -0.070375
v -0.479900 1.749510 -0.036977
v -0.490699 1.041520 -0.075837
v -0.419700 0.902315 -0.075837
v -0.392399 0.922194 -0.042859
v -0.458599 1.052110 -0.042859
v -0.426498 1.062690 -0.009881
v -0.446499 1.182420 -0.003579
v -0.479900 1.179650 -0.036977
v -0.458599 1.052110 -0.042859
v -0.309200 0.791844 -0.075837
v -0.289299 0.819204 -0.042859
v -0.170002 0.720926 -0.075837
v -0.159500 0.753087 -0.042859
v -0.009899 0.696501 -0.075837
v -0.009899 0.730316 -0.042859
v -0.009899 0.696501 -0.075837
v 0.144402 0.720961 -0.075837
v 0.133900 0.753120 -0.042859
v -0.009899 0.730316 -0.042859
v 0.283600 0.791910 -0.075837
v 0.263699 0.819265 -0.042859
v 0.394100 0.902406 -0.075837
v 0.366699 0.922279 -0.042859
v 0.465000 1.041630 -0.075837
v 0.432900 1.052200 -0.042859
v 0.487599 1.176990 -0.070376
v 0.454201 1.179750 -0.036977
v 0.464901 1.887740 -0.070376
v 0.393898 2.026950 -0.070376
v 0.366600 2.007070 -0.036978
v 0.432800 1.877160 -0.036978
v 0.400700 1.866580 -0.003579
v 0.420700 1.746840 -0.003579
v 0.454102 1.749620 -0.036978
v 0.283402 2.137419 -0.070376
v 0.263600 2.110060 -0.036977
v 0.144200 2.208340 -0.070376
v 0.133801 2.176180 -0.036977
v -0.010101 2.232769 -0.070375
v -0.010101 2.198950 -0.036977
v -0.446499 1.182420 -0.003579
v -0.446602 1.746750 -0.003578
v -0.479900 1.749510 -0.036977
v 0.420799 1.182520 -0.003579
v -0.446499 1.182420 -0.003579
v -0.009998 1.176930 -0.003579
v -0.010101 1.752330 -0.003579
v -0.446602 1.746750 -0.003578
v 0.420700 1.746840 -0.003579
v 0.420799 1.182520 -0.003579
v -0.269600 2.082650 -0.003578
v -0.149299 2.143990 -0.003578
v -0.365101 1.987120 -0.003578
v -0.426601 1.866490 -0.003578
v -0.426498 1.062690 -0.009881
v -0.365001 0.942073 -0.009881
v -0.269500 0.846563 -0.009881
v -0.149101 0.785248 -0.009881
v -0.009899 0.764131 -0.009881
v 0.123501 0.785278 -0.009881
v 0.243801 0.846620 -0.009881
v 0.339298 0.942151 -0.009881
v 0.400799 1.062780 -0.009881
v 0.400700 1.866580 -0.003579
v 0.339199 1.987190 -0.003579
v 0.243698 2.082700 -0.003579
v 0.123299 2.144020 -0.003578
v -0.010101 2.165140 -0.003578
v -0.289501 2.110000 -0.036977
v -0.269600 2.082650 -0.003578
v -0.010101 2.198950 -0.036977
v -0.010101 2.232769 -0.070375
v -0.392502 2.006989 -0.036977
v -0.365101 1.987120 -0.003578
v -0.458698 1.877060 -0.036977
v -0.426601 1.866490 -0.003578
v -0.392399 0.922194 -0.042859
v -0.365001 0.942073 -0.009881
v -0.479900 1.179650 -0.036977
v -0.513302 1.176880 -0.070376
v -0.289299 0.819204 -0.042859
v -0.269500 0.846563 -0.009881
v -0.159500 0.753087 -0.042859
v -0.149101 0.785248 -0.009881
v -0.009899 0.730316 -0.042859
v -0.009899 0.764131 -0.009881
v 0.123501 0.785278 -0.009881
v -0.009899 0.764131 -0.009881
v 0.243801 0.846620 -0.009881
v 0.339298 0.942151 -0.009881
v 0.400799 1.062780 -0.009881
v 0.339199 1.987190 -0.003579
v 0.487499 1.752390 -0.070376
v 0.243698 2.082700 -0.003579
v 0.123299 2.144020 -0.003578
v -0.010101 2.165140 -0.003578
v -0.513302 1.176880 -0.070376
v -0.170200 2.208310 -0.070375
v -0.170200 2.208310 -0.937057
v -0.309398 2.137360 -0.937057
v -0.309398 2.137360 -0.070375
v 0.393898 2.026950 -0.937057
v 0.393898 2.026950 -0.070376
v 0.283402 2.137419 -0.937057
v 0.283402 2.137419 -0.070376
v 0.144199 2.208340 -0.937057
v 0.144200 2.208340 -0.070376
v -0.010101 2.232769 -0.937057
v -0.010101 2.232769 -0.070375
v -0.010101 2.232769 -0.070375
v -0.010101 2.232769 -0.937057
v -0.479900 1.749510 -0.036977
v -0.446499 1.182420 -0.003579
v -0.479900 1.749510 -0.036977
v -0.479900 1.179650 -0.036977
v -0.309398 2.137360 -0.937057
v -0.309398 2.137360 -0.070375
v -0.419800 2.026860 -0.937057
v -0.419800 2.026860 -0.070375
v -0.490799 1.887640 -0.937057
v -0.490799 1.887640 -0.070375
v -0.490699 1.041520 -0.075837
v -0.490699 1.041520 -0.931596
v -0.419700 0.902316 -0.931596
v -0.419700 0.902315 -0.075837
v -0.513401 1.752280 -0.070375
v -0.513401 1.752280 -0.937057
v -0.513302 1.176880 -0.937056
v -0.513302 1.176880 -0.070376
v -0.513302 1.176880 -0.070376
v -0.513302 1.176880 -0.937056
v -0.479900 1.179650 -0.036977
v -0.513302 1.176880 -0.070376
v -0.170200 2.208310 -0.937057
v -0.010101 2.232769 -0.937057
v -0.010101 2.198950 -0.970455
v -0.159698 2.176150 -0.970455
v -0.149299 2.143990 -1.003854
v -0.269600 2.082650 -1.003854
v -0.289501 2.110000 -0.970455
v -0.365101 1.987120 -1.003854
v -0.392502 2.006989 -0.970455
v -0.426601 1.866490 -1.003854
v -0.458698 1.877060 -0.970455
v -0.446602 1.746750 -1.003854
v -0.479900 1.749510 -0.970455
v -0.490699 1.041520 -0.931596
v -0.513302 1.176880 -0.937056
v -0.479900 1.179650 -0.970455
v -0.458599 1.052110 -0.964573
v -0.426498 1.062690 -0.997551
v -0.365001 0.942073 -0.997551
v -0.392399 0.922194 -0.964573
v -0.269501 0.846563 -0.997551
v -0.289299 0.819203 -0.964574
v -0.149101 0.785248 -0.997551
v -0.159500 0.753087 -0.964573
v -0.009899 0.764131 -0.997551
v -0.009899 0.730316 -0.964574
v -0.009899 0.764131 -0.997551
v 0.123501 0.785278 -0.997551
v 0.133900 0.753120 -0.964574
v -0.009899 0.730316 -0.964574
v 0.243801 0.846620 -0.997551
v 0.263699 0.819265 -0.964574
v 0.339298 0.942151 -0.997551
v 0.366699 0.922279 -0.964574
v 0.400799 1.062780 -0.997551
v 0.432900 1.052200 -0.964574
v 0.420799 1.182520 -1.003854
v 0.454201 1.179750 -0.970455
v 0.464901 1.887740 -0.937057
v 0.487499 1.752390 -0.937057
v 0.454102 1.749620 -0.970455
v 0.432800 1.877160 -0.970455
v 0.400700 1.866580 -1.003854
v 0.339199 1.987190 -1.003854
v 0.366600 2.007070 -0.970455
v 0.243698 2.082700 -1.003854
v 0.263600 2.110060 -0.970455
v 0.123299 2.144020 -1.003854
v 0.133801 2.176180 -0.970455
v -0.010101 2.165140 -1.003854
v -0.010101 2.198950 -0.970455
v -0.446499 1.182420 -1.003854
v -0.479900 1.179650 -0.970455
v 0.420700 1.746840 -1.003854
v -0.446602 1.746750 -1.003854
v -0.010101 1.752330 -1.003854
v -0.009998 1.176930 -1.003854
v -0.446499 1.182420 -1.003854
v 0.420799 1.182520 -1.003854
v 0.420700 1.746840 -1.003854
v -0.149299 2.143990 -1.003854
v -0.269600 2.082650 -1.003854
v -0.365101 1.987120 -1.003854
v -0.426601 1.866490 -1.003854
v -0.446499 1.182420 -1.003854
v -0.426498 1.062690 -0.997551
v -0.365001 0.942073 -0.997551
v -0.269501 0.846563 -0.997551
v -0.149101 0.785248 -0.997551
v -0.009899 0.764131 -0.997551
v 0.123501 0.785278 -0.997551
v 0.243801 0.846620 -0.997551
v 0.339298 0.942151 -0.997551
v 0.400799 1.062780 -0.997551
v 0.400700 1.866580 -1.003854
v 0.339199 1.987190 -1.003854
v 0.243698 2.082700 -1.003854
v 0.123299 2.144020 -1.003854
v -0.010101 2.165140 -1.003854
v -0.010101 2.165140 -1.003854
v -0.309398 2.137360 -0.937057
v -0.419800 2.026860 -0.937057
v -0.490799 1.887640 -0.937057
v -0.513401 1.752280 -0.937057
v -0.446499 1.182420 -1.003854
v -0.419700 0.902316 -0.931596
v -0.309200 0.791844 -0.931596
v -0.170002 0.720926 -0.931596
v -0.009899 0.696501 -0.931596
v 0.144402 0.720961 -0.931596
v -0.009899 0.696501 -0.931596
v 0.283600 0.791910 -0.931596
v 0.394100 0.902406 -0.931596
v 0.465000 1.041630 -0.931596
v 0.487599 1.176990 -0.937057
v 0.393898 2.026950 -0.937057
v 0.283402 2.137419 -0.937057
v 0.144199 2.208340 -0.937057
v -0.010101 2.232769 -0.937057
v -0.513302 1.176880 -0.937056
v -0.009998 1.176930 -1.003854
v -0.365001 0.942073 -0.997551
v -0.426498 1.062690 -0.997551
v -0.419700 0.902316 -0.931596
v -0.419700 0.902315 -0.075837
v -0.309200 0.791844 -0.931596
v -0.309200 0.791844 -0.075837
v -0.170002 0.720926 -0.931596
v -0.170002 0.720926 -0.075837
v -0.009899 0.696501 -0.931596
v -0.009899 0.696501 -0.075837
v -0.009899 0.696501 -0.075837
v -0.009899 0.696501 -0.931596
v 0.144402 0.720961 -0.931596
v 0.144402 0.720961 -0.075837
v 0.283600 0.791910 -0.931596
v 0.283600 0.791910 -0.075837
v 0.487599 1.176990 -0.070376
v 0.454201 1.179750 -0.036977
v 0.420700 1.746840 -0.003579
v 0.454102 1.749620 -0.036978
v 0.420799 1.182520 -1.003854
v 0.454201 1.179750 -0.970455
v 0.487499 1.752390 -0.937057
v 0.454102 1.749620 -0.970455
v 0.420799 1.182520 -0.003579
v 0.283600 0.791910 -0.931596
v 0.283600 0.791910 -0.075837
v 0.394100 0.902406 -0.931596
v 0.394100 0.902406 -0.075837
v 0.465000 1.041630 -0.931596
v 0.465000 1.041630 -0.075837
v 0.464901 1.887740 -0.070376
v 0.464901 1.887740 -0.937057
v 0.393898 2.026950 -0.937057
v 0.393898 2.026950 -0.070376
v 0.487599 1.176990 -0.070376
v 0.487599 1.176990 -0.937057
v 0.487499 1.752390 -0.937057
v 0.487499 1.752390 -0.070376
v 0.487499 1.752390 -0.070376
v 0.487599 1.176990 -0.937057
v -0.170002 1.630670 -0.080202
v -0.309200 1.559750 -0.080202
v -0.289299 1.532390 -0.047561
v -0.159500 1.598510 -0.047561
v -0.149101 1.566350 -0.014919
v -0.010502 1.587470 -0.014919
v -0.010502 1.621290 -0.047561
v -0.159500 1.598510 -0.047561
v -0.419700 1.449280 -0.080202
v -0.392299 1.429400 -0.047561
v -0.490600 1.310070 -0.080202
v -0.458500 1.299490 -0.047561
v -0.513302 1.174710 -0.070376
v -0.479900 1.171940 -0.036977
v 0.464401 1.309990 -0.080202
v 0.393501 1.449210 -0.080202
v 0.366100 1.429330 -0.047561
v 0.432301 1.299410 -0.047561
v 0.400200 1.288840 -0.014919
v 0.420201 1.169090 -0.003579
v 0.453598 1.171860 -0.036978
v 0.283001 1.559700 -0.080202
v 0.263100 1.532350 -0.047561
v 0.143799 1.630650 -0.080202
v 0.133301 1.598490 -0.047561
v -0.010502 1.655100 -0.080202
v -0.010502 1.621290 -0.047561
v -0.446499 0.243704 -0.003579
v -0.479900 1.171940 -0.036977
v -0.479900 0.240937 -0.036977
v 0.453499 0.240859 -0.036977
v -0.446499 0.243704 -0.003579
v -0.010601 0.238127 -0.003579
v -0.010601 1.174670 -0.003579
v -0.446499 1.169170 -0.003579
v 0.420201 1.169090 -0.003579
v 0.420101 0.243632 -0.003579
v -0.269401 1.505030 -0.014919
v -0.149101 1.566350 -0.014919
v -0.365001 1.409520 -0.014919
v -0.426399 1.288900 -0.014919
v 0.400200 1.288840 -0.014919
v 0.338799 1.409460 -0.014919
v 0.243199 1.504990 -0.014919
v 0.122898 1.566330 -0.014919
v -0.010502 1.587470 -0.014919
v -0.446499 0.243704 -0.003579
v -0.407100 0.170560 -0.049399
v -0.010700 0.165494 -0.049399
v -0.010601 0.238127 -0.003579
v -0.010601 0.238127 -0.003579
v -0.010700 0.165494 -0.049399
v 0.380600 0.170494 -0.049399
v 0.420101 0.243632 -0.003579
v -0.289299 1.532390 -0.047561
v -0.269401 1.505030 -0.014919
v -0.010502 1.621290 -0.047561
v -0.010502 1.655100 -0.080202
v -0.392299 1.429400 -0.047561
v -0.365001 1.409520 -0.014919
v -0.458500 1.299490 -0.047561
v -0.426399 1.288900 -0.014919
v -0.479900 1.171940 -0.036977
v -0.446499 1.169170 -0.003579
v 0.338799 1.409460 -0.014919
v 0.487000 1.174630 -0.070376
v 0.243199 1.504990 -0.014919
v 0.122898 1.566330 -0.014919
v -0.010502 1.587470 -0.014919
v -0.170002 1.630670 -0.080202
v -0.170002 1.630670 -0.927231
v -0.309200 1.559750 -0.927231
v -0.309200 1.559750 -0.080202
v -0.419700 1.449280 -0.927231
v -0.419700 1.449280 -0.080202
v 0.283001 1.559700 -0.927231
v 0.283001 1.559700 -0.080202
v 0.143799 1.630650 -0.927231
v 0.143799 1.630650 -0.080202
v -0.010502 1.655100 -0.927231
v -0.010502 1.655100 -0.080202
v -0.010502 1.655100 -0.080202
v -0.010502 1.655100 -0.927231
v -0.513302 1.174710 -0.070376
v -0.446499 0.243704 -0.003579
v -0.446499 1.169170 -0.003579
v -0.479900 1.171940 -0.036977
v -0.446499 1.169170 -1.003854
v -0.479900 0.240937 -0.970455
v -0.479900 1.171940 -0.970455
v -0.419700 1.449280 -0.927231
v -0.419700 1.449280 -0.080202
v -0.490600 1.310070 -0.927231
v -0.490600 1.310070 -0.080202
v -0.513302 1.174710 -0.070376
v -0.513302 1.174710 -0.937057
v -0.513302 0.238169 -0.937057
v -0.513302 0.238169 -0.070376
v -0.513302 1.174710 -0.937057
v -0.513302 0.238169 -0.937057
v -0.467800 0.165531 -0.897355
v -0.467800 0.165531 -0.110077
v -0.513302 0.238169 -0.070376
v -0.479900 1.171940 -0.036977
v -0.513302 0.238169 -0.070376
v -0.479900 0.240937 -0.036977
v -0.513302 0.238169 -0.937057
v -0.513302 1.174710 -0.937057
v -0.170002 1.630670 -0.927231
v -0.010502 1.655100 -0.927231
v -0.010502 1.621290 -0.959872
v -0.159500 1.598510 -0.959872
v -0.149101 1.566350 -0.992514
v -0.269401 1.505030 -0.992514
v -0.289299 1.532390 -0.959872
v -0.159500 1.598510 -0.959872
v -0.365001 1.409520 -0.992514
v -0.392299 1.429400 -0.959872
v -0.426399 1.288900 -0.992514
v -0.458500 1.299490 -0.959872
v -0.446499 1.169170 -1.003854
v -0.479900 1.171940 -0.970455
v 0.464401 1.309990 -0.927231
v 0.487000 1.174630 -0.937057
v 0.453598 1.171860 -0.970455
v 0.432301 1.299410 -0.959872
v 0.400200 1.288840 -0.992514
v 0.338799 1.409460 -0.992514
v 0.366100 1.429330 -0.959872
v 0.243199 1.504990 -0.992514
v 0.263100 1.532350 -0.959872
v 0.122898 1.566330 -0.992514
v 0.133301 1.598490 -0.959872
v -0.010502 1.587470 -0.992514
v -0.010502 1.621290 -0.959872
v -0.446499 1.169170 -1.003854
v -0.446499 0.243704 -1.003854
v -0.479900 0.240937 -0.970455
v 0.420101 0.243632 -1.003854
v 0.420200 1.169090 -1.003854
v -0.446499 1.169170 -1.003854
v -0.010601 1.174670 -1.003854
v -0.010601 0.238128 -1.003854
v -0.446499 0.243704 -1.003854
v 0.420101 0.243632 -1.003854
v 0.420200 1.169090 -1.003854
v -0.149101 1.566350 -0.992514
v -0.010601 1.174670 -1.003854
v -0.269401 1.505030 -0.992514
v -0.365001 1.409520 -0.992514
v -0.426399 1.288900 -0.992514
v 0.420200 1.169090 -1.003854
v 0.400200 1.288840 -0.992514
v 0.338799 1.409460 -0.992514
v 0.243199 1.504990 -0.992514
v 0.122898 1.566330 -0.992514
v -0.010502 1.587470 -0.992514
v 0.420101 0.243632 -1.003854
v 0.380600 0.170494 -0.958034
v -0.010700 0.165494 -0.958033
v -0.010601 0.238128 -1.003854
v -0.010601 0.238128 -1.003854
v -0.010700 0.165494 -0.958033
v -0.407100 0.170560 -0.958033
v -0.446499 0.243704 -1.003854
v -0.010502 1.621290 -0.959872
v -0.010502 1.587470 -0.992514
v -0.289299 1.532390 -0.959872
v -0.309200 1.559750 -0.927231
v -0.392299 1.429400 -0.959872
v -0.419700 1.449280 -0.927231
v -0.458500 1.299490 -0.959872
v -0.490600 1.310070 -0.927231
v -0.479900 1.171940 -0.970455
v -0.513302 1.174710 -0.937057
v 0.393501 1.449210 -0.927231
v 0.283001 1.559700 -0.927231
v 0.143799 1.630650 -0.927231
v -0.010502 1.655100 -0.927231
v 0.486900 0.238086 -0.937057
v -0.409000 0.165527 -0.897355
v 0.381500 0.165790 -0.110155
v -0.407200 0.170193 -0.111182
v 0.420101 0.243632 -0.003579
v 0.380600 0.170494 -0.049399
v 0.410999 0.167975 -0.079738
v 0.453499 0.240859 -0.036977
v 0.486900 0.238086 -0.937057
v 0.441300 0.165456 -0.897356
v 0.410999 0.167975 -0.927695
v 0.453499 0.240859 -0.970455
v -0.446499 0.243704 -1.003854
v -0.407100 0.170560 -0.958033
v -0.437401 0.168045 -0.927695
v -0.479900 0.240937 -0.970455
v -0.513302 0.238169 -0.070376
v -0.467800 0.165531 -0.110077
v -0.437401 0.168045 -0.079738
v -0.479900 0.240937 -0.036977
v -0.010700 0.165494 -0.958033
v 0.381600 0.165461 -0.897356
v -0.409000 0.165527 -0.897355
v -0.407200 0.170193 -0.111182
v -0.467800 0.165531 -0.110077
v -0.467800 0.165531 -0.897355
v -0.409000 0.165527 -0.897355
v -0.409000 0.165527 -0.897355
v -0.467800 0.165531 -0.897355
v -0.437401 0.168045 -0.927695
v -0.407100 0.170560 -0.049399
v -0.407200 0.170193 -0.111182
v -0.010700 0.165494 -0.049399
v -0.407100 0.170560 -0.049399
v -0.437401 0.168045 -0.079738
v -0.407200 0.170193 -0.111182
v 0.381600 0.165461 -0.897356
v 0.380600 0.170494 -0.958034
v 0.410999 0.167975 -0.927695
v 0.441300 0.165456 -0.110077
v 0.381500 0.165790 -0.110155
v 0.381600 0.165461 -0.897356
v 0.441300 0.165456 -0.897356
v 0.381500 0.165790 -0.110155
v 0.441300 0.165456 -0.110077
v 0.410999 0.167975 -0.079738
v -0.010700 0.165494 -0.958033
v -0.409000 0.165527 -0.897355
v -0.407100 0.170560 -0.958033
v 0.380600 0.170494 -0.958034
v 0.381600 0.165461 -0.897356
v -0.010700 0.165494 -0.958033
v -0.010700 0.165494 -0.049399
v 0.381500 0.165790 -0.110155
v 0.380600 0.170494 -0.049399
v -0.010700 0.165494 -0.049399
v -0.407200 0.170193 -0.111182
v 0.381500 0.165790 -0.110155
v 0.381600 0.165461 -0.897356
v 0.381500 0.165790 -0.110155
v -0.409000 0.165527 -0.897355
v 0.410999 0.167975 -0.079738
v 0.441300 0.165456 -0.110077
v 0.486901 0.238086 -0.070376
v 0.453499 0.240859 -0.036977
v -0.437401 0.168045 -0.079738
v -0.407100 0.170560 -0.049399
v -0.446499 0.243704 -0.003579
v -0.479900 0.240937 -0.036977
v -0.437401 0.168045 -0.079738
v -0.467800 0.165531 -0.110077
v -0.407200 0.170193 -0.111182
v 0.410999 0.167975 -0.079738
v 0.380600 0.170494 -0.049399
v 0.381500 0.165790 -0.110155
v 0.410999 0.167975 -0.927695
v 0.380600 0.170494 -0.958034
v 0.420101 0.243632 -1.003854
v 0.453499 0.240859 -0.970455
v -0.437401 0.168045 -0.927695
v -0.467800 0.165531 -0.897355
v -0.513302 0.238169 -0.937057
v -0.479900 0.240937 -0.970455
v 0.410999 0.167975 -0.927695
v 0.441300 0.165456 -0.897356
v 0.381600 0.165461 -0.897356
v -0.437401 0.168045 -0.927695
v -0.407100 0.170560 -0.958033
v -0.409000 0.165527 -0.897355
v 0.420201 1.169090 -0.003579
v 0.453598 1.171860 -0.970455
v 0.420101 0.243632 -0.003579
v 0.453499 0.240859 -0.036977
v 0.420101 0.243632 -1.003854
v 0.453499 0.240859 -0.970455
v 0.464401 1.309990 -0.080202
v 0.464401 1.309990 -0.927231
v 0.393501 1.449210 -0.927231
v 0.393501 1.449210 -0.080202
v 0.283001 1.559700 -0.927231
v 0.283001 1.559700 -0.080202
v 0.486901 0.238086 -0.070376
v 0.486900 0.238086 -0.937057
v 0.487000 1.174630 -0.937057
v 0.487000 1.174630 -0.070376
v 0.486901 0.238086 -0.070376
v 0.441300 0.165456 -0.110077
v 0.441300 0.165456 -0.897356
v 0.486900 0.238086 -0.937057
v 0.487000 1.174630 -0.070376
v 0.486901 0.238086 -0.070376
v 0.486900 0.238086 -0.937057
v -0.463199 3.584933 -2.557397
v 0.435200 3.584932 -2.557397
v 0.435200 3.522341 -2.868575
v -0.463199 3.522342 -2.868575
v -0.485000 3.775112 -2.005574
v -0.452900 3.747501 -1.989229
v -0.474201 3.753636 -1.874638
v -0.420799 3.719891 -1.972883
v -0.386699 3.721881 -2.116598
v -0.359401 3.696105 -2.091134
v -0.283699 3.701570 -2.217574
v -0.263901 3.677269 -2.184779
v -0.153900 3.688529 -2.282406
v -0.143501 3.665174 -2.244904
v -0.440800 3.890720 -1.023773
v -0.474201 3.923471 -1.030320
v -0.474201 3.753636 -1.874638
v -0.440799 3.720894 -1.868052
v -0.440800 3.890720 -1.023773
v -0.010101 3.890772 -1.023518
v -0.010101 3.949567 -0.963576
v -0.401401 3.949566 -0.963585
v -0.010101 3.890772 -1.023518
v 0.425800 3.892089 -1.023926
v 0.386398 3.951470 -0.963696
v -0.010101 3.949567 -0.963576
v -0.043400 3.662049 -2.260443
v -0.010101 3.746343 -1.906475
v -0.042599 3.720894 -1.868052
v 0.425800 3.749349 -1.907080
v -0.042599 3.720894 -1.868052
v -0.010101 3.746343 -1.906475
v -0.043999 3.685095 -2.299474
v -0.043400 3.662049 -2.260443
v 0.425800 3.720899 -1.868023
v 0.492600 3.786385 -1.881195
v 0.492599 3.958274 -1.036954
v 0.425800 3.720899 -1.868023
v 0.425800 3.890720 -1.023773
v -0.010101 3.890772 -1.023518
v -0.042599 3.720894 -1.868052
v -0.440800 3.890720 -1.023773
v -0.440799 3.720894 -1.868052
v -0.440799 3.720894 -1.868052
v -0.420799 3.719891 -1.972883
v -0.359401 3.696105 -2.091134
v -0.263901 3.677269 -2.184779
v -0.143501 3.665174 -2.244904
v -0.043400 3.662049 -2.260443
v -0.440799 3.720894 -1.868052
v -0.414100 3.747659 -2.142051
v -0.303600 3.725871 -2.250371
v -0.164398 3.711884 -2.319908
v -0.474201 3.923471 -1.030320
v -0.507599 3.956223 -1.036857
v -0.507599 3.786379 -1.881224
v -0.044601 3.708143 -2.338506
v -0.401401 4.840357 -1.142768
v -0.431702 4.810614 -1.136785
v -0.403500 4.780872 -1.130792
v -0.440800 4.871353 -1.221027
v -0.474201 4.838619 -1.214401
v -0.431702 4.810614 -1.136785
v -0.401401 4.840357 -1.142768
v -0.507599 3.956223 -1.036857
v -0.474201 3.923471 -1.030320
v -0.431701 3.979309 -0.969568
v -0.462101 4.009054 -0.975541
v 0.425800 3.892089 -1.023926
v 0.492599 3.958274 -1.036954
v 0.446999 4.010982 -0.975534
v 0.386398 3.951470 -0.963696
v 0.492599 4.808272 -1.206182
v 0.425800 4.871353 -1.221027
v 0.386398 4.842615 -1.141116
v 0.446998 4.783106 -1.129258
v -0.462101 4.009054 -0.975541
v -0.401501 4.008734 -0.975487
v -0.403500 4.780872 -1.130792
v -0.462101 4.780872 -1.130792
v 0.446998 4.783106 -1.129258
v 0.388298 4.783106 -1.129258
v 0.386501 4.010662 -0.975480
v 0.446999 4.010982 -0.975534
v 0.386398 4.842615 -1.141116
v 0.388298 4.783106 -1.129258
v 0.446998 4.783106 -1.129258
v 0.386398 4.842615 -1.141116
v -0.010101 4.840360 -1.142758
v 0.388298 4.783106 -1.129258
v -0.401501 4.008734 -0.975487
v 0.386501 4.010662 -0.975480
v 0.388298 4.783106 -1.129258
v -0.403500 4.780872 -1.130792
v -0.401501 4.008734 -0.975487
v -0.462101 4.009054 -0.975541
v -0.431701 3.979309 -0.969568
v 0.386398 3.951470 -0.963696
v 0.386501 4.010662 -0.975480
v -0.010101 3.949567 -0.963576
v 0.446999 4.010982 -0.975534
v 0.386501 4.010662 -0.975480
v 0.386398 3.951470 -0.963696
v -0.403500 4.780872 -1.130792
v -0.010101 4.840360 -1.142758
v -0.401401 4.840357 -1.142768
v 0.388298 4.783106 -1.129258
v -0.010101 4.840360 -1.142758
v -0.403500 4.780872 -1.130792
v -0.010101 3.949567 -0.963576
v -0.401501 4.008734 -0.975487
v -0.401401 3.949566 -0.963585
v -0.010101 3.949567 -0.963576
v 0.386501 4.010662 -0.975480
v -0.401501 4.008734 -0.975487
v -0.474201 3.923471 -1.030320
v -0.440800 3.890720 -1.023773
v -0.401401 3.949566 -0.963585
v -0.431701 3.979309 -0.969568
v -0.431701 3.979309 -0.969568
v -0.401401 3.949566 -0.963585
v -0.401501 4.008734 -0.975487
v -0.474201 4.838619 -1.214401
v -0.507599 4.805885 -1.207766
v -0.462101 4.780872 -1.130792
v -0.431702 4.810614 -1.136785
v -0.431702 4.810614 -1.136785
v -0.462101 4.780872 -1.130792
v -0.403500 4.780872 -1.130792
v -0.452900 4.628425 -2.166426
v -0.420799 4.662848 -2.162558
v -0.474201 4.668784 -2.058720
v -0.440800 4.701528 -2.065306
v -0.485000 3.775112 -2.005574
v -0.452900 3.747501 -1.989229
v -0.474201 3.753636 -1.874638
v -0.507599 3.786379 -1.881224
v -0.485000 4.594002 -2.170293
v -0.414100 4.566550 -2.306770
v -0.414100 3.747659 -2.142051
v -0.485000 3.775112 -2.005574
v -0.303600 4.544762 -2.415090
v -0.303600 3.725871 -2.250371
v -0.507599 4.805885 -1.207766
v -0.507599 4.636040 -2.052133
v -0.507599 3.786379 -1.881224
v -0.507599 3.956223 -1.036857
v -0.507599 4.636040 -2.052133
v -0.507599 3.786379 -1.881224
v -0.507599 4.805885 -1.207766
v -0.507599 3.956223 -1.036857
v -0.462101 4.009054 -0.975541
v -0.462101 4.780872 -1.130792
v -0.440799 3.720894 -1.868052
v -0.474201 3.923471 -1.030320
v -0.507599 3.786379 -1.881224
v -0.474201 3.753636 -1.874638
v -0.507599 4.636040 -2.052133
v -0.485000 4.594002 -2.170293
v -0.452900 4.628425 -2.166426
v -0.386700 4.602805 -2.293794
v -0.414100 4.566550 -2.306770
v -0.420799 4.662848 -2.162558
v -0.474201 4.668784 -2.058720
v -0.440800 4.701528 -2.065306
v -0.283699 4.582493 -2.394772
v -0.303600 4.544762 -2.415090
v -0.153900 4.569452 -2.459603
v -0.164398 4.530774 -2.484627
v -0.474201 4.838619 -1.214401
v -0.440800 4.871353 -1.221027
v 0.425800 4.871353 -1.221027
v -0.010101 4.871405 -1.220772
v -0.010101 4.840360 -1.142758
v 0.386398 4.842615 -1.141116
v -0.010101 4.871405 -1.220772
v -0.440800 4.871353 -1.221027
v -0.401401 4.840357 -1.142768
v -0.010101 4.840360 -1.142758
v -0.010101 4.579873 -2.436392
v -0.043400 4.605004 -2.450118
v -0.042599 4.701528 -2.065306
v -0.010101 4.663200 -2.090900
v 0.425800 4.701533 -2.065276
v -0.010101 4.663200 -2.090900
v -0.042599 4.701528 -2.065306
v -0.043999 4.568658 -2.477202
v -0.044601 4.532312 -2.504287
v 0.425800 4.871353 -1.221027
v 0.492599 4.808272 -1.206182
v 0.492599 4.636047 -2.052104
v 0.425800 4.871353 -1.221027
v 0.425800 4.701533 -2.065276
v -0.042599 4.701528 -2.065306
v -0.010101 4.871405 -1.220772
v -0.440800 4.701528 -2.065306
v -0.440800 4.871353 -1.221027
v -0.420799 4.662848 -2.162558
v -0.359402 4.639060 -2.280809
v -0.263901 4.620224 -2.374453
v -0.143501 4.608130 -2.434579
v -0.043400 4.605004 -2.450118
v -0.359402 4.639060 -2.280809
v -0.507599 4.636040 -2.052133
v -0.263901 4.620224 -2.374453
v -0.143501 4.608130 -2.434579
v -0.507599 4.805885 -1.207766
v -0.043400 4.605004 -2.450118
v -0.303600 4.544762 -2.415090
v -0.303600 3.725871 -2.250371
v -0.164398 4.530774 -2.484627
v -0.164398 3.711884 -2.319908
v -0.044601 4.532312 -2.504287
v -0.010101 4.523796 -2.472452
v -0.010101 3.728306 -2.312440
v -0.044601 3.708143 -2.338506
v 0.425800 4.701533 -2.065276
v 0.425800 4.660193 -2.090295
v -0.010101 4.663200 -2.090900
v 0.425800 4.660193 -2.090295
v 0.425800 4.701533 -2.065276
v 0.492599 4.636047 -2.052104
v 0.459000 4.615862 -2.081378
v 0.459000 4.615862 -2.081378
v 0.492599 4.636047 -2.052104
v 0.492600 3.786385 -1.881195
v 0.459000 3.793681 -1.915997
v 0.459000 3.793681 -1.915997
v 0.492600 3.786385 -1.881195
v 0.425800 3.720899 -1.868023
v 0.425800 3.749349 -1.907080
v 0.425800 3.720899 -1.868023
v -0.042599 3.720894 -1.868052
v -0.044601 4.532312 -2.504287
v -0.044601 3.708143 -2.338506
v 0.425800 4.660193 -2.090295
v 0.459000 4.615862 -2.081378
v 0.459000 3.793681 -1.915997
v 0.425800 3.749349 -1.907080
v 0.425800 4.660193 -2.090295
v -0.010101 3.746343 -1.906475
v -0.010101 4.663200 -2.090900
v 0.425800 3.749349 -1.907080
v -0.010101 3.746343 -1.906475
v 0.425800 4.660193 -2.090295
v 0.492599 3.958274 -1.036954
v 0.492599 4.808272 -1.206182
v 0.446998 4.783106 -1.129258
v 0.446999 4.010982 -0.975534
v -0.010101 4.523796 -2.472452
v -0.044601 4.532312 -2.504287
v -0.043999 4.568658 -2.477202
v -0.010101 3.728306 -2.312440
v -0.010101 3.696216 -2.258645
v -0.043400 3.662049 -2.260443
v -0.043999 3.685095 -2.299474
v -0.043400 3.662049 -2.260443
v -0.010101 3.696216 -2.258645
v -0.010101 3.746343 -1.906475
v 0.459000 3.793681 -1.915997
v 0.425800 3.720899 -1.868023
v 0.425800 3.749349 -1.907080
v 0.425800 4.871353 -1.221027
v 0.492599 4.636047 -2.052104
v 0.425800 4.701533 -2.065276
v 0.425800 3.720899 -1.868023
v 0.492599 3.958274 -1.036954
v 0.425800 3.892089 -1.023926
v 0.492599 4.636047 -2.052104
v 0.492599 4.808272 -1.206182
v 0.492599 3.958274 -1.036954
v 0.492600 3.786385 -1.881195
v -0.010101 4.523796 -2.472452
v -0.010101 4.579873 -2.436392
v -0.010101 3.696216 -2.258645
v -0.010101 3.728306 -2.312440
v -0.010101 3.746343 -1.906475
v -0.010101 3.696216 -2.258645
v -0.010101 4.579873 -2.436392
v -0.010101 3.746343 -1.906475
v -0.010101 4.579873 -2.436392
v -0.010101 4.663200 -2.090900
v -0.043999 3.685095 -2.299474
v -0.044601 3.708143 -2.338506
v -0.010101 3.728306 -2.312440
v -0.043999 4.568658 -2.477202
v -0.043400 4.605004 -2.450118
v -0.010101 4.579873 -2.436392
v -0.010101 4.523796 -2.472452
v -0.144001 3.814600 -1.481419
v -0.154400 3.853858 -1.456511
v -0.284199 3.840816 -1.521342
v -0.264301 3.802508 -1.541535
v -0.387199 3.820505 -1.622320
v -0.359798 3.783672 -1.635179
v -0.453400 3.794885 -1.749689
v -0.421299 3.759885 -1.753430
v -0.474701 3.753698 -1.874324
v 0.425400 3.580513 -2.565943
v -0.005401 3.580511 -2.565953
v -0.005401 3.611036 -2.646555
v 0.385899 3.611064 -2.646418
v -0.005401 3.580511 -2.565953
v -0.441299 3.580513 -2.565943
v -0.401798 3.611064 -2.646418
v -0.005401 3.611036 -2.646555
v -0.005401 3.846635 -1.480886
v -0.040001 3.817724 -1.465890
v -0.039200 3.720894 -1.868042
v -0.005401 3.761006 -1.840022
v 0.425400 3.720894 -1.868042
v -0.005401 3.761006 -1.840022
v -0.039200 3.720894 -1.868042
v -0.164902 3.893114 -1.431603
v -0.040699 3.857286 -1.439463
v -0.041302 3.896851 -1.413025
v 0.425400 3.580513 -2.565943
v 0.492199 3.786380 -1.881214
v 0.425400 3.720894 -1.868042
v -0.441299 3.720955 -1.867738
v -0.441299 3.580513 -2.565943
v -0.005401 3.580511 -2.565953
v -0.039200 3.720894 -1.868042
v 0.425400 3.580513 -2.565943
v 0.425400 3.720894 -1.868042
v -0.144001 3.814600 -1.481419
v -0.264301 3.802508 -1.541535
v -0.359798 3.783672 -1.635179
v -0.421299 3.759885 -1.753430
v -0.441299 3.720955 -1.867738
v -0.040001 3.817724 -1.465890
v -0.304100 3.879127 -1.501140
v -0.414600 3.857340 -1.609451
v -0.485500 3.829886 -1.745937
v -0.508098 3.786441 -1.880910
v -0.040001 3.817724 -1.465890
v -0.164902 4.711514 -1.596224
v -0.304100 4.697527 -1.665761
v -0.304100 3.879127 -1.501140
v -0.164902 3.893114 -1.431603
v -0.414600 4.675741 -1.774072
v -0.414600 3.857340 -1.609451
v -0.005402 4.699500 -1.605874
v -0.041302 4.715253 -1.577647
v -0.041302 3.896851 -1.413025
v -0.005401 3.903696 -1.445799
v 0.457199 4.628742 -2.014566
v 0.492199 4.636043 -2.052124
v 0.425400 4.701528 -2.065295
v 0.425400 4.672246 -2.023317
v 0.425400 4.701528 -2.065295
v -0.039200 4.701528 -2.065295
v 0.425400 3.720894 -1.868042
v 0.425400 3.764131 -1.840650
v -0.005401 3.761006 -1.840022
v 0.425400 3.764131 -1.840650
v 0.425400 3.720894 -1.868042
v 0.492199 3.786380 -1.881214
v 0.457199 3.807635 -1.849401
v -0.041302 4.715253 -1.577647
v -0.041302 3.896851 -1.413025
v 0.457199 4.628742 -2.014566
v 0.425400 4.672246 -2.023317
v 0.425400 3.764131 -1.840650
v 0.457199 3.807635 -1.849401
v 0.425400 3.764131 -1.840650
v -0.005402 4.675369 -2.023945
v -0.005401 3.761006 -1.840022
v 0.425400 4.672246 -2.023317
v -0.005402 4.675369 -2.023945
v 0.425400 3.764131 -1.840650
v -0.453400 4.679085 -1.927545
v -0.485500 4.648286 -1.910558
v -0.474701 4.668846 -2.058405
v -0.508098 4.636104 -2.051819
v -0.453400 3.794885 -1.749689
v -0.421299 3.759885 -1.753430
v -0.474701 3.753698 -1.874324
v -0.441299 3.720955 -1.867738
v -0.441299 4.561147 -2.763197
v -0.474701 4.528404 -2.756611
v -0.441299 4.701590 -2.064992
v -0.441299 3.720955 -1.867738
v -0.474701 3.753698 -1.874324
v -0.474701 3.613256 -2.572529
v -0.441299 3.580513 -2.565943
v -0.414600 4.675741 -1.774072
v -0.414600 3.857340 -1.609451
v -0.485500 4.648286 -1.910558
v -0.485500 3.829886 -1.745937
v -0.508098 4.636104 -2.051819
v -0.508098 4.495659 -2.750034
v -0.508098 3.645997 -2.579125
v -0.508098 3.786441 -1.880910
v -0.508098 4.636104 -2.051819
v -0.508098 3.786441 -1.880910
v -0.508098 3.645997 -2.579125
v -0.508098 4.495659 -2.750034
v -0.462501 4.442362 -2.813674
v -0.462501 3.670542 -2.658423
v -0.508098 3.786441 -1.880910
v -0.474701 3.753698 -1.874324
v -0.508098 3.786441 -1.880910
v -0.508098 3.645997 -2.579125
v -0.474701 3.613256 -2.572529
v -0.508098 4.495659 -2.750034
v -0.508098 4.636104 -2.051819
v -0.164902 4.711514 -1.596224
v -0.154400 4.738057 -1.634367
v -0.284199 4.725016 -1.699199
v -0.304100 4.697527 -1.665761
v -0.387199 4.704705 -1.800176
v -0.414600 4.675741 -1.774072
v -0.453400 4.679085 -1.927545
v -0.485500 4.648286 -1.910558
v -0.474701 4.668846 -2.058405
v -0.441299 4.701590 -2.064992
v -0.441299 4.561147 -2.763197
v -0.005402 4.561144 -2.763207
v -0.005402 4.501856 -2.825601
v -0.401798 4.501884 -2.825463
v -0.005402 4.561144 -2.763207
v 0.425400 4.561147 -2.763197
v 0.385899 4.501884 -2.825463
v -0.005402 4.501856 -2.825601
v -0.040001 4.767724 -1.656982
v -0.005402 4.735741 -1.659729
v -0.005402 4.675369 -2.023945
v -0.039200 4.701528 -2.065295
v 0.425400 4.672246 -2.023317
v -0.039200 4.701528 -2.065295
v -0.005402 4.675369 -2.023945
v -0.144001 4.764599 -1.672511
v -0.040699 4.741487 -1.617319
v -0.040001 4.767724 -1.656982
v 0.425400 4.701528 -2.065295
v 0.492199 4.636043 -2.052124
v 0.492199 4.495659 -2.750034
v -0.441299 4.561147 -2.763197
v -0.441299 4.701590 -2.064992
v -0.039200 4.701528 -2.065295
v -0.005402 4.561144 -2.763207
v 0.425400 4.701528 -2.065295
v 0.425400 4.561147 -2.763197
v -0.264301 4.752508 -1.732626
v -0.144001 4.764599 -1.672511
v -0.359798 4.733671 -1.826271
v -0.421299 4.709885 -1.944522
v -0.040001 4.767724 -1.656982
v -0.264301 4.752508 -1.732626
v -0.359798 4.733671 -1.826271
v -0.421299 4.709885 -1.944522
v -0.041302 4.715253 -1.577647
v -0.005402 4.501856 -2.825601
v 0.385899 4.501884 -2.825463
v 0.385101 4.440730 -2.813213
v -0.005402 4.441482 -2.813425
v 0.425400 4.561147 -2.763197
v 0.492199 4.495659 -2.750034
v 0.446598 4.442362 -2.813674
v 0.385899 4.501884 -2.825463
v 0.492199 3.645997 -2.579125
v 0.425400 3.580513 -2.565943
v 0.385899 3.611064 -2.646418
v 0.446598 3.670542 -2.658423
v -0.441299 3.580513 -2.565943
v -0.474701 3.613256 -2.572529
v -0.432201 3.640803 -2.652421
v -0.401798 3.611064 -2.646418
v -0.508098 4.495659 -2.750034
v -0.474701 4.528404 -2.756611
v -0.432201 4.472123 -2.819568
v -0.462501 4.442362 -2.813674
v -0.005401 3.670542 -2.658423
v 0.375401 3.670542 -2.658423
v 0.385899 3.611064 -2.646418
v -0.005401 3.611036 -2.646555
v 0.446598 4.442362 -2.813674
v 0.385101 4.440730 -2.813213
v 0.385899 4.501884 -2.825463
v 0.385899 3.611064 -2.646418
v 0.375401 3.670542 -2.658423
v 0.446598 3.670542 -2.658423
v 0.375401 3.670542 -2.658423
v 0.385101 4.440730 -2.813213
v 0.446598 4.442362 -2.813674
v 0.446598 3.670542 -2.658423
v -0.005402 4.441482 -2.813425
v 0.385101 4.440730 -2.813213
v 0.375401 3.670542 -2.658423
v -0.005401 3.670542 -2.658423
v -0.403599 3.670542 -2.658423
v -0.401798 3.611064 -2.646418
v -0.432201 3.640803 -2.652421
v -0.462501 4.442362 -2.813674
v -0.403500 4.442248 -2.813641
v -0.403599 3.670542 -2.658423
v -0.462501 3.670542 -2.658423
v -0.403500 4.442248 -2.813641
v -0.462501 4.442362 -2.813674
v -0.432201 4.472123 -2.819568
v -0.005401 3.611036 -2.646555
v -0.401798 3.611064 -2.646418
v -0.403599 3.670542 -2.658423
v -0.005401 3.670542 -2.658423
v -0.005401 3.670542 -2.658423
v -0.403599 3.670542 -2.658423
v -0.403500 4.442248 -2.813641
v -0.005402 4.441482 -2.813425
v -0.005402 4.441482 -2.813425
v -0.403500 4.442248 -2.813641
v -0.401798 4.501884 -2.825463
v -0.005402 4.501856 -2.825601
v -0.474701 3.613256 -2.572529
v -0.508098 3.645997 -2.579125
v -0.462501 3.670542 -2.658423
v -0.432201 3.640803 -2.652421
v -0.432201 3.640803 -2.652421
v -0.462501 3.670542 -2.658423
v -0.403599 3.670542 -2.658423
v -0.474701 4.528404 -2.756611
v -0.441299 4.561147 -2.763197
v -0.401798 4.501884 -2.825463
v -0.432201 4.472123 -2.819568
v -0.432201 4.472123 -2.819568
v -0.401798 4.501884 -2.825463
v -0.403500 4.442248 -2.813641
v 0.492199 4.495659 -2.750034
v 0.492199 3.645997 -2.579125
v 0.446598 3.670542 -2.658423
v 0.446598 4.442362 -2.813674
v -0.005402 4.699500 -1.605874
v -0.005402 4.735741 -1.659729
v -0.040001 4.767724 -1.656982
v -0.040699 4.741487 -1.617319
v 0.492199 4.636043 -2.052124
v 0.457199 4.628742 -2.014566
v 0.457199 3.807635 -1.849401
v 0.492199 3.786380 -1.881214
v 0.457199 4.628742 -2.014566
v 0.425400 4.701528 -2.065295
v 0.425400 4.672246 -2.023317
v -0.041302 3.896851 -1.413025
v -0.040699 3.857286 -1.439463
v -0.005401 3.903696 -1.445799
v 0.425400 4.701528 -2.065295
v 0.492199 4.495659 -2.750034
v 0.425400 4.561147 -2.763197
v 0.425400 3.580513 -2.565943
v 0.492199 3.645997 -2.579125
v 0.492199 3.786380 -1.881214
v 0.492199 4.495659 -2.750034
v 0.492199 4.636043 -2.052124
v 0.492199 3.786380 -1.881214
v 0.492199 3.645997 -2.579125
v -0.005402 4.735741 -1.659729
v -0.005402 4.699500 -1.605874
v -0.005401 3.903696 -1.445799
v -0.005401 3.846635 -1.480886
v -0.005402 4.675369 -2.023945
v -0.005401 3.846635 -1.480886
v -0.005401 3.761006 -1.840022
v -0.005402 4.675369 -2.023945
v -0.005402 4.735741 -1.659729
v -0.005401 3.846635 -1.480886
v -0.040699 3.857286 -1.439463
v -0.040001 3.817724 -1.465890
v -0.005401 3.846635 -1.480886
v -0.005401 3.903696 -1.445799
v -0.040699 4.741487 -1.617319
v -0.041302 4.715253 -1.577647
v -0.005402 4.699500 -1.605874
v 0.421299 3.559530 -2.679219
v -0.450699 3.559530 -2.679219
v -0.450699 3.521715 -2.867214
v 0.421299 3.521715 -2.867214
v 0.421299 4.478991 -2.822215
v 0.265701 4.339829 -2.731643
v 0.265701 3.793753 -2.621801
v 0.421299 3.632329 -2.651909
v -0.450699 4.478941 -2.822205
v -0.292099 4.339828 -2.731643
v -0.450699 4.539207 -2.876281
v -0.450699 4.478941 -2.822205
v 0.421299 4.478991 -2.822215
v 0.421299 4.539207 -2.876281
v -0.513698 4.470880 -2.862537
v -0.450699 4.478941 -2.822205
v -0.482201 4.505043 -2.869409
v -0.513698 3.623973 -2.692183
v -0.450699 3.632071 -2.651858
v -0.450699 4.478941 -2.822205
v -0.513698 4.470880 -2.862537
v -0.450699 3.632071 -2.651858
v -0.292099 3.793753 -2.621801
v -0.450699 3.632071 -2.651858
v -0.513698 3.623973 -2.692183
v -0.482200 3.591752 -2.685701
v 0.421299 4.539207 -2.876281
v 0.421299 4.478991 -2.822215
v 0.486599 4.470880 -2.862537
v 0.486599 4.470880 -2.862537
v 0.421299 4.478991 -2.822215
v 0.421299 3.632329 -2.651909
v 0.486599 3.624229 -2.692234
v 0.486599 3.624229 -2.692234
v 0.421299 3.632329 -2.651909
v 0.421299 3.559530 -2.679219
v 0.421299 3.632329 -2.651909
v -0.450699 3.632071 -2.651858
v -0.450699 3.559530 -2.679219
v 0.421299 3.559530 -2.679219
v -0.012600 4.066744 -2.676958
v -0.482200 3.591752 -2.685701
v -0.450699 3.559530 -2.679219
v -0.450699 3.632071 -2.651858
v -0.450699 4.478941 -2.822205
v -0.450699 4.539207 -2.876281
v -0.482201 4.505043 -2.869409
v -0.513698 3.586120 -2.880169
v -0.513698 3.623973 -2.692183
v -0.513698 4.470880 -2.862537
v -0.513698 4.433065 -3.050532
v -0.482200 4.467228 -3.057404
v -0.513698 4.433065 -3.050532
v -0.513698 4.470880 -2.862537
v -0.482201 4.505043 -2.869409
v -0.513698 3.586120 -2.880169
v -0.482200 3.553918 -2.873691
v -0.482200 3.591752 -2.685701
v -0.513698 3.623973 -2.692183
v -0.482200 3.553918 -2.873691
v -0.450699 3.521715 -2.867214
v -0.450699 3.559530 -2.679219
v -0.482200 3.591752 -2.685701
v -0.482201 4.505043 -2.869409
v -0.450699 4.539207 -2.876281
v -0.450699 4.501392 -3.064276
v -0.482200 4.467228 -3.057404
v -0.450699 4.539207 -2.876281
v 0.421299 4.539207 -2.876281
v 0.421299 4.501392 -3.064276
v -0.450699 4.501392 -3.064276
v -0.013500 4.000807 -3.005415
v 0.421299 4.424965 -3.090673
v 0.421299 3.578033 -2.920374
v -0.450699 4.425014 -3.090683
v -0.013500 4.000807 -3.005415
v -0.450699 3.578062 -2.920380
v 0.421299 4.424965 -3.090673
v -0.013500 4.000807 -3.005415
v -0.450699 4.425014 -3.090683
v 0.421299 3.578033 -2.920374
v -0.450699 3.578062 -2.920380
v -0.013500 4.000807 -3.005415
v -0.513698 4.433065 -3.050532
v -0.450699 4.425014 -3.090683
v -0.450699 3.578062 -2.920380
v -0.513698 3.586120 -2.880169
v 0.486599 3.586376 -2.880220
v 0.421299 3.578033 -2.920374
v 0.421299 4.424965 -3.090673
v 0.486599 4.433065 -3.050532
v 0.421299 4.501392 -3.064276
v 0.421299 4.424965 -3.090673
v -0.450699 4.425014 -3.090683
v -0.450699 4.501392 -3.064276
v -0.450699 4.425014 -3.090683
v -0.513698 4.433065 -3.050532
v -0.482200 4.467228 -3.057404
v 0.486599 4.433065 -3.050532
v 0.421299 4.424965 -3.090673
v 0.421299 4.501392 -3.064276
v 0.421299 3.521715 -2.867214
v 0.421299 3.578033 -2.920374
v 0.486599 3.586376 -2.880220
v -0.450699 3.521715 -2.867214
v -0.450699 3.578062 -2.920380
v 0.421299 3.578033 -2.920374
v 0.421299 3.521715 -2.867214
v -0.450699 3.578062 -2.920380
v -0.450699 3.521715 -2.867214
v -0.482200 3.553918 -2.873691
v -0.482200 3.553918 -2.873691
v -0.513698 3.586120 -2.880169
v -0.450699 3.578062 -2.920380
v -0.482200 4.467228 -3.057404
v -0.450699 4.501392 -3.064276
v -0.450699 4.425014 -3.090683
v 0.486599 3.624229 -2.692234
v 0.486599 3.586376 -2.880220
v 0.486599 4.433065 -3.050532
v 0.486599 4.470880 -2.862537
v 0.486599 4.433065 -3.050532
v 0.421299 4.501392 -3.064276
v 0.421299 4.539207 -2.876281
v 0.486599 4.470880 -2.862537
v 0.486599 3.624229 -2.692234
v 0.421299 3.559530 -2.679219
v 0.421299 3.521715 -2.867214
v 0.486599 3.586376 -2.880220
vn -0.6298 0.6672 0.3979
vn -0.6285 0.6642 0.4048
vn -0.6862 0.6807 0.2563
vn -0.6307 0.6573 0.4125
vn -0.6284 0.6642 0.4049
vn -0.5407 0.6534 0.5299
vn -0.6307 0.6573 0.4124
vn -0.5407 0.6534 0.5298
vn -0.3918 0.6243 0.6758
vn -0.2039 0.6063 0.7686
vn -0.3918 0.6243 0.6759
vn -0.7071 0.6935 0.1383
vn -0.6862 0.6807 0.2564
vn -0.6862 0.6808 0.2564
vn -0.6855 0.6786 0.2639
vn -0.0000 0.9302 -0.3671
vn -0.0000 0.9302 -0.3672
vn 0.6987 0.6929 0.1782
vn -0.0000 0.5365 0.8439
vn -0.1026 0.5978 0.7951
vn -0.2039 0.6064 0.7686
vn 0.7071 0.6934 0.1383
vn -0.0000 0.9807 0.1956
vn -0.0079 0.9758 0.2187
vn -0.0000 0.9602 0.2795
vn -0.0237 0.9528 0.3026
vn -0.0236 0.9528 0.3026
vn -0.0393 0.9733 0.2262
vn -0.0315 0.9718 0.2339
vn -0.0157 0.9702 0.2416
vn -0.0078 0.9703 0.2416
vn -0.6284 0.6642 0.4048
vn -0.6855 0.6785 0.2638
vn -0.7071 0.6934 0.1383
vn -0.6915 0.6813 0.2400
vn -0.0002 0.1954 -0.9807
vn -0.5380 -0.4007 -0.7416
vn -0.5382 -0.4005 -0.7416
vn -0.5353 0.6527 -0.5361
vn 0.5380 0.6546 -0.5311
vn 0.5381 0.6545 -0.5312
vn 0.5378 -0.4008 -0.7417
vn 0.5381 -0.4007 -0.7416
vn 0.0002 0.1956 -0.9807
vn -0.0000 0.1956 -0.9807
vn -0.0002 0.1956 -0.9807
vn -0.0000 0.1954 -0.9807
vn 0.0002 0.1957 -0.9807
vn -0.5380 0.6546 -0.5311
vn -0.5380 0.6545 -0.5312
vn -0.5353 -0.3972 -0.7455
vn -0.6458 -0.7506 0.1394
vn -0.6942 -0.7194 -0.0229
vn -0.6935 -0.7203 -0.0152
vn -0.6297 0.6671 0.3980
vn -0.6915 0.6813 0.2401
vn -0.9495 -0.0614 0.3078
vn -0.8084 -0.1151 0.5773
vn -0.5887 -0.1581 0.7928
vn -0.5886 -0.1581 0.7928
vn -1.0000 -0.0000 -0.0000
vn -0.9963 -0.0169 0.0846
vn -0.8403 0.1060 -0.5316
vn -0.6518 -0.7469 0.1313
vn -0.6942 -0.7194 -0.0228
vn -0.5662 -0.7818 0.2610
vn -0.5662 -0.7818 0.2611
vn -0.6459 -0.7506 0.1394
vn -0.4089 -0.8126 0.4153
vn -0.4090 -0.8126 0.4153
vn -0.2204 -0.8380 0.4991
vn -0.2279 -0.8366 0.4982
vn -0.6935 -0.7203 -0.0151
vn -0.7071 -0.6935 -0.1383
vn -0.0000 -0.7182 -0.6958
vn -0.0000 -0.7182 -0.6959
vn 0.6665 -0.7366 -0.1149
vn 0.6664 -0.7366 -0.1149
vn -0.0000 -0.8192 0.5735
vn -0.1260 -0.8432 0.5226
vn -0.1338 -0.8423 0.5221
vn 0.7071 -0.6934 -0.1383
vn -0.0000 -0.9807 -0.1956
vn -0.0079 -0.9850 -0.1724
vn -0.0000 -0.9939 -0.1102
vn -0.0237 -0.9953 -0.0939
vn -0.0393 -0.9856 -0.1645
vn -0.0315 -0.9871 -0.1568
vn -0.0157 -0.9887 -0.1491
vn -0.0078 -0.9888 -0.1491
vn -0.0079 -0.9850 -0.1723
vn -0.6518 -0.7469 0.1314
vn -0.6458 -0.7506 0.1395
vn -0.7071 -0.6934 -0.1383
vn -0.1183 -0.8440 0.5231
vn -0.3067 -0.1861 0.9334
vn -0.3067 -0.1862 0.9334
vn -0.3068 -0.1862 0.9334
vn 0.6456 -0.1494 0.7489
vn 0.5602 -0.6171 0.5526
vn 0.5602 -0.6171 0.5527
vn 0.5601 -0.6171 0.5527
vn 0.6952 -0.1406 0.7050
vn 0.6952 -0.1406 0.7049
vn 0.5602 0.3578 0.7471
vn -0.1580 -0.1931 0.9684
vn -0.3068 -0.1861 0.9334
vn -0.0000 -0.1956 0.9807
vn 0.8404 0.1060 -0.5315
vn 0.8404 0.1060 -0.5316
vn 0.6630 -0.6407 0.3873
vn 0.6674 0.4407 0.6003
vn 0.6674 0.4407 0.6004
vn 0.5602 0.3579 0.7471
vn 1.0000 -0.0000 -0.0000
vn 0.6630 0.4431 0.6034
vn 0.6312 -0.6482 0.4260
vn 0.6313 -0.6482 0.4259
vn -0.2131 0.8278 -0.5190
vn -0.4178 0.8068 -0.4178
vn -0.4178 0.8068 -0.4179
vn -0.4178 0.8067 -0.4179
vn -0.5676 0.7775 -0.2710
vn -0.5676 0.7775 -0.2709
vn -0.6591 0.7431 -0.1158
vn -0.6995 0.7136 0.0381
vn -0.0000 0.7257 0.6881
vn -0.0000 0.7256 0.6881
vn -0.0000 0.7257 0.6880
vn 0.6829 0.7219 0.1120
vn 0.6828 0.7219 0.1120
vn -0.0000 0.8318 -0.5551
vn -0.2131 0.8278 -0.5189
vn -0.1099 0.8298 -0.5472
vn -0.1100 0.8298 -0.5471
vn -0.0000 0.9910 0.1336
vn -0.0079 0.9836 0.1801
vn -0.0079 0.9876 0.1569
vn -0.0236 0.9861 0.1646
vn -0.0315 0.9845 0.1723
vn -0.0157 0.9919 0.1258
vn -0.0000 0.9910 0.1335
vn -0.0078 0.9876 0.1569
vn -0.5675 0.7775 -0.2710
vn -0.6590 0.7431 -0.1158
vn -0.6590 0.7431 -0.1159
vn -0.7000 0.7127 0.0459
vn -0.3068 0.1862 -0.9334
vn -0.5887 0.1581 -0.7928
vn -0.5886 0.1581 -0.7928
vn -0.3068 0.1861 -0.9334
vn -0.8084 0.1151 -0.5773
vn -0.8084 0.1151 -0.5772
vn 0.6541 0.1479 -0.7418
vn 0.6540 0.1480 -0.7419
vn 0.5691 -0.3693 -0.7346
vn -0.0000 -0.5552 -0.8317
vn -0.0000 0.8317 -0.5552
vn 0.5691 0.6229 -0.5368
vn 0.5691 0.6229 -0.5367
vn -0.1491 0.1934 -0.9697
vn -0.6591 -0.6419 -0.3920
vn -0.6995 -0.6737 -0.2385
vn -0.7000 -0.6758 -0.2310
vn -0.6995 0.7137 0.0381
vn -0.6995 0.7136 0.0382
vn -0.9518 0.0600 -0.3008
vn -0.9518 0.0600 -0.3009
vn -0.9969 0.0153 -0.0770
vn -0.9969 0.0154 -0.0770
vn -0.8498 -0.1031 0.5170
vn -0.8498 -0.1031 0.5169
vn -0.6591 -0.6418 -0.3920
vn -0.6995 -0.6737 -0.2386
vn -0.7000 -0.6757 -0.2310
vn -0.2131 -0.5654 -0.7968
vn -0.4178 -0.5847 -0.6954
vn -0.4178 -0.5848 -0.6953
vn -0.5676 -0.6141 -0.5484
vn -0.5676 -0.6140 -0.5485
vn -0.5675 -0.6140 -0.5485
vn -0.6590 -0.6418 -0.3921
vn -0.0000 -0.9326 0.3609
vn 0.6787 -0.7152 -0.1668
vn 0.6788 -0.7152 -0.1668
vn -0.1099 -0.5564 -0.8236
vn -0.0000 -0.9665 -0.2568
vn -0.0079 -0.9775 -0.2110
vn -0.0236 -0.9738 -0.2263
vn -0.0079 -0.9722 -0.2340
vn -0.0315 -0.9753 -0.2186
vn -0.0157 -0.9643 -0.2644
vn -0.0000 -0.9665 -0.2569
vn -0.0078 -0.9722 -0.2340
vn -0.4178 -0.5847 -0.6953
vn -0.5676 -0.6141 -0.5485
vn 0.0001 -0.1954 0.9807
vn 0.5440 -0.6585 0.5200
vn 0.5441 -0.6585 0.5200
vn 0.5440 0.4086 0.7329
vn 0.5441 0.4086 0.7328
vn -0.5441 0.4086 0.7328
vn -0.5441 0.4087 0.7328
vn -0.5441 -0.6585 0.5200
vn -0.5441 -0.6585 0.5199
vn 0.0002 -0.1957 0.9807
vn -0.0000 -0.1957 0.9807
vn 0.0002 -0.1956 0.9807
vn -0.0001 -0.1954 0.9807
vn -0.0001 -0.1955 0.9807
vn -0.0000 -0.1955 0.9807
vn -0.5440 -0.6585 0.5201
vn 0.8497 -0.1031 0.5170
vn 0.8498 -0.1031 0.5170
vn 0.6313 -0.4259 -0.6481
vn 0.6312 -0.4259 -0.6482
vn 0.7109 0.1375 -0.6897
vn 0.5691 -0.3694 -0.7346
vn 0.5692 -0.3694 -0.7346
vn 0.6561 0.6245 -0.4236
vn 0.6386 0.6275 -0.4455
vn 0.6385 0.6274 -0.4457
vn 0.6385 0.6275 -0.4457
vn 0.6285 -0.4225 -0.6530
vn 0.1895 0.3743 -0.9077
vn 0.1895 0.0026 -0.9819
vn 0.1422 0.0521 -0.9885
vn 0.1422 0.3310 -0.9328
vn -0.1422 0.3310 -0.9328
vn -0.1895 0.3743 -0.9077
vn -0.0000 0.6703 -0.7421
vn -0.4902 0.5809 -0.6498
vn -0.5456 0.1639 -0.8219
vn -0.1422 0.0521 -0.9885
vn -0.1895 0.0025 -0.9819
vn -0.1895 0.0026 -0.9819
vn -0.4817 -0.3117 -0.8190
vn 0.4795 0.5870 -0.6523
vn 0.5363 0.1651 -0.8277
vn 0.5364 0.1651 -0.8277
vn 0.4728 -0.3095 -0.8250
vn -0.0000 -0.3507 -0.9365
vn -0.0000 -0.3508 -0.9365
vn 0.1895 0.0025 -0.9819
vn -0.1422 0.0522 -0.9885
vn 0.1422 0.3310 -0.9329
vn 0.1422 0.0522 -0.9885
vn -0.0001 0.1956 -0.9807
vn -0.4899 0.5811 -0.6498
vn -0.7416 0.6579 0.1312
vn -0.7418 0.6577 0.1311
vn -0.7226 -0.6780 -0.1352
vn -0.7226 -0.6779 -0.1352
vn -0.7418 0.6576 0.1311
vn -0.7418 0.6576 0.1312
vn 0.0001 -0.1955 0.9807
vn -0.0000 -0.1954 0.9807
vn -0.5456 -0.1639 0.8219
vn -0.5455 -0.1639 0.8219
vn 0.5271 -0.1662 0.8334
vn 0.5272 -0.1662 0.8334
vn -0.0000 0.3283 0.9446
vn -0.0000 0.3280 0.9447
vn -0.4902 0.2873 0.8229
vn 0.4734 0.2929 0.8307
vn 0.4728 -0.6023 0.6432
vn -0.0000 -0.6832 0.7303
vn -0.4817 -0.6021 0.6368
vn -0.4900 0.2872 0.8230
vn 0.7302 0.6700 0.1336
vn 0.7302 0.6701 0.1336
vn 0.7110 -0.6896 -0.1376
vn 0.7109 -0.6897 -0.1376
vn -0.0000 -0.0000 1.0000
vn -0.0000 0.5975 0.8019
vn -0.0001 0.5976 0.8018
vn -0.0000 -1.0000 -0.0000
vn -0.0000 1.0000 -0.0000
vn -0.0000 0.9540 -0.2998
vn -0.0000 0.9541 -0.2995
vn -0.3537 0.9353 -0.0000
vn 0.3632 0.9317 -0.0000
vn -0.0000 0.9439 0.3303
vn -0.0000 0.9438 0.3305
vn -0.7778 -0.0000 -0.6285
vn -0.7777 -0.0000 -0.6286
vn -0.8623 0.5064 -0.0000
vn -0.7885 -0.0000 0.6150
vn -0.7165 0.4173 0.5590
vn -0.7063 0.4159 -0.5729
vn -0.7062 0.4159 -0.5729
vn -0.0000 0.5835 -0.8121
vn 0.0001 0.5835 -0.8121
vn -0.0000 -0.0000 -1.0000
vn 0.7746 -0.0000 0.6325
vn 0.7748 -0.0000 0.6322
vn 0.7637 -0.0000 -0.6456
vn 0.6941 0.4102 -0.5916
vn 0.7024 0.4182 0.5760
vn 0.8589 0.5122 -0.0000
vn -0.1334 -0.9812 0.1393
vn -0.0000 -1.0000 -0.0020
vn -0.2289 -0.9241 0.3060
vn -0.2767 -0.9254 0.2590
vn -0.5189 -0.7086 0.4782
vn -0.4243 -0.7082 0.5643
vn -0.6757 -0.3863 0.6278
vn -0.5511 -0.3872 0.7392
vn -0.6758 -0.3862 0.6278
vn -0.7303 -0.0014 0.6832
vn -0.5510 -0.3872 0.7392
vn -0.5975 -0.0016 0.8019
vn -0.7303 -0.0013 0.6832
vn -0.6757 0.3837 0.6294
vn -0.5975 -0.0015 0.8019
vn -0.5510 0.3843 0.7407
vn -0.6757 0.3838 0.6294
vn -0.5189 0.7066 0.4810
vn -0.5511 0.3842 0.7407
vn -0.5510 0.3842 0.7408
vn -0.4243 0.7060 0.5671
vn -0.2767 0.9244 0.2627
vn -0.5189 0.7067 0.4810
vn -0.2290 0.9229 0.3097
vn -0.2767 0.9243 0.2627
vn -0.0000 1.0000 0.0019
vn -0.2289 0.9229 0.3096
vn -0.0000 1.0000 0.0020
vn -0.1738 -0.9250 0.3379
vn -0.4243 -0.7083 0.5643
vn -0.3223 -0.7087 0.6275
vn -0.4242 -0.7082 0.5643
vn -0.3223 -0.7088 0.6275
vn -0.4160 -0.3862 0.8233
vn -0.4159 -0.3862 0.8233
vn -0.4504 -0.0017 0.8928
vn -0.4504 -0.0018 0.8928
vn -0.4160 0.3829 0.8248
vn -0.4160 0.3829 0.8249
vn -0.4159 0.3830 0.8248
vn -0.3223 0.7063 0.6303
vn -0.4242 0.7060 0.5670
vn -0.2289 0.9229 0.3097
vn -0.1738 0.9237 0.3415
vn -0.1738 0.9236 0.3416
vn -0.1104 -0.9230 0.3687
vn -0.1103 -0.9230 0.3686
vn -0.2045 -0.7091 0.6749
vn -0.2044 -0.7091 0.6749
vn -0.2045 -0.7090 0.6749
vn -0.2679 -0.3879 0.8819
vn -0.2680 -0.3879 0.8819
vn -0.2902 -0.0019 0.9570
vn -0.4160 0.3830 0.8248
vn -0.2679 0.3844 0.8834
vn -0.2680 0.3844 0.8834
vn -0.2045 0.7064 0.6776
vn -0.2045 0.7064 0.6777
vn -0.2044 0.7064 0.6776
vn -0.1103 0.9215 0.3723
vn -0.1104 0.9215 0.3723
vn -0.0000 -1.0000 -0.0019
vn -0.0474 -0.9249 0.3773
vn -0.1104 -0.9230 0.3686
vn -0.0866 -0.7098 0.6991
vn -0.2045 -0.7091 0.6748
vn -0.1097 -0.3858 0.9160
vn -0.1097 -0.3858 0.9161
vn -0.1182 -0.0020 0.9930
vn -0.1097 0.3821 0.9176
vn -0.1097 0.3822 0.9175
vn -0.0866 0.7070 0.7019
vn -0.2044 0.7064 0.6777
vn -0.1103 0.9215 0.3724
vn -0.2044 0.7063 0.6777
vn -0.0474 0.9234 0.3809
vn -0.0474 0.9234 0.3810
vn 0.0237 -0.9229 0.3843
vn 0.0236 -0.9229 0.3844
vn 0.0393 -0.7080 0.7052
vn 0.0393 -0.7080 0.7051
vn 0.0392 -0.7080 0.7052
vn 0.0473 -0.3877 0.9206
vn -0.1182 -0.0019 0.9930
vn 0.0550 -0.0020 0.9985
vn 0.0473 0.3841 0.9221
vn -0.1097 0.3822 0.9176
vn 0.0472 0.3841 0.9221
vn 0.0473 0.3840 0.9221
vn 0.0392 0.7052 0.7080
vn 0.0236 0.9213 0.3880
vn 0.0869 -0.9251 0.3695
vn 0.0393 -0.7079 0.7052
vn 0.0237 -0.9229 0.3844
vn 0.0869 -0.9251 0.3696
vn 0.0869 -0.9252 0.3695
vn 0.1578 -0.7114 0.6849
vn 0.0472 -0.3877 0.9206
vn 0.1578 -0.7113 0.6849
vn 0.2126 -0.3876 0.8970
vn 0.2126 -0.3876 0.8969
vn 0.2277 -0.0019 0.9737
vn 0.0472 0.3840 0.9221
vn 0.2126 0.3841 0.8985
vn 0.0392 0.7052 0.7079
vn 0.1578 0.7086 0.6877
vn 0.0237 0.9213 0.3880
vn 0.0393 0.7051 0.7080
vn 0.0869 0.9237 0.3731
vn 0.0237 0.9214 0.3880
vn 0.0869 0.9237 0.3732
vn 0.1499 -0.9235 0.3531
vn 0.2749 -0.7081 0.6504
vn 0.3616 -0.3869 0.8483
vn 0.3930 -0.0018 0.9196
vn 0.3930 -0.0018 0.9195
vn 0.3616 0.3835 0.8498
vn 0.3616 0.3836 0.8498
vn 0.2749 0.7055 0.6532
vn 0.1499 0.9221 0.3567
vn 0.1498 0.9221 0.3567
vn 0.1499 0.9221 0.3568
vn 0.1498 -0.9235 0.3531
vn 0.2128 -0.9228 0.3213
vn 0.2748 -0.7081 0.6504
vn 0.3859 -0.7099 0.5892
vn 0.2749 -0.7081 0.6505
vn 0.3616 -0.3868 0.8483
vn 0.3859 -0.7098 0.5893
vn 0.5044 -0.3877 0.7715
vn 0.3616 -0.3869 0.8482
vn 0.5044 -0.3877 0.7716
vn 0.5455 -0.0016 0.8381
vn 0.5455 -0.0017 0.8381
vn 0.5456 -0.0017 0.8381
vn 0.5044 0.3846 0.7731
vn 0.3859 0.7076 0.5920
vn 0.3859 0.7075 0.5920
vn 0.2128 0.9215 0.3250
vn 0.2128 0.9215 0.3249
vn 0.2128 -0.9227 0.3213
vn 0.2609 -0.9254 0.2749
vn 0.2608 -0.9254 0.2748
vn 0.4796 -0.7086 0.5175
vn 0.6286 -0.3863 0.6750
vn 0.6286 -0.3864 0.6750
vn 0.6831 -0.0015 0.7303
vn 0.6832 -0.0014 0.7303
vn 0.5044 0.3847 0.7731
vn 0.6286 0.3837 0.6765
vn 0.4796 0.7066 0.5203
vn 0.3858 0.7076 0.5920
vn 0.2608 0.9243 0.2785
vn 0.2609 0.9243 0.2785
vn -0.2608 -0.9243 -0.2785
vn -0.3078 -0.9230 -0.2307
vn -0.2609 -0.9243 -0.2785
vn -0.4796 -0.7066 -0.5203
vn -0.5657 -0.7063 -0.4256
vn -0.6286 -0.3837 -0.6765
vn -0.5657 -0.7062 -0.4257
vn -0.7400 -0.3846 -0.5518
vn -0.6286 -0.3836 -0.6765
vn -0.6832 0.0015 -0.7303
vn -0.7400 -0.3847 -0.5518
vn -0.8019 0.0012 -0.5975
vn -0.6831 0.0014 -0.7303
vn -0.6286 0.3863 -0.6750
vn -0.6832 0.0013 -0.7303
vn -0.8019 0.0011 -0.5975
vn -0.7400 0.3868 -0.5503
vn -0.6286 0.3864 -0.6750
vn -0.4796 0.7087 -0.5175
vn -0.5657 0.7079 -0.4229
vn -0.4796 0.7086 -0.5175
vn -0.2609 0.9254 -0.2749
vn -0.3078 0.9240 -0.2271
vn -0.2609 0.9254 -0.2748
vn -0.3078 0.9239 -0.2271
vn -0.3397 -0.9240 -0.1756
vn -0.3078 -0.9231 -0.2307
vn -0.6289 -0.7069 -0.3237
vn -0.5657 -0.7063 -0.4257
vn -0.6290 -0.7068 -0.3237
vn -0.8241 -0.3837 -0.4167
vn -0.8241 -0.3838 -0.4167
vn -0.8928 0.0008 -0.4504
vn -0.8928 0.0009 -0.4504
vn -0.8241 0.3854 -0.4152
vn -0.5657 0.7080 -0.4228
vn -0.6289 0.7081 -0.3209
vn -0.5657 0.7080 -0.4229
vn -0.6289 0.7082 -0.3209
vn -0.3397 0.9247 -0.1720
vn -0.3079 0.9239 -0.2271
vn -0.3705 -0.9220 -0.1122
vn -0.3704 -0.9221 -0.1121
vn -0.6763 -0.7073 -0.2058
vn -0.6762 -0.7073 -0.2058
vn -0.6763 -0.7073 -0.2059
vn -0.8827 -0.3856 -0.2687
vn -0.8928 0.0010 -0.4504
vn -0.8826 -0.3857 -0.2687
vn -0.9570 0.0005 -0.2902
vn -0.9570 0.0006 -0.2902
vn -0.8827 0.3867 -0.2672
vn -0.8826 0.3867 -0.2672
vn -0.6763 0.7081 -0.2031
vn -0.6763 0.7081 -0.2030
vn -0.6762 0.7081 -0.2030
vn -0.3705 0.9225 -0.1085
vn -0.3792 -0.9240 -0.0492
vn -0.3791 -0.9240 -0.0492
vn -0.7005 -0.7082 -0.0880
vn -0.6762 -0.7074 -0.2059
vn -0.9168 -0.3837 -0.1105
vn -0.9168 -0.3838 -0.1105
vn -0.9168 -0.3837 -0.1104
vn -0.9930 0.0003 -0.1182
vn -0.9930 0.0002 -0.1182
vn -0.8827 0.3866 -0.2672
vn -0.9168 0.3842 -0.1089
vn -0.9168 0.3842 -0.1090
vn -0.7005 0.7085 -0.0852
vn -0.3792 0.9242 -0.0456
vn -0.3791 0.9242 -0.0455
vn -0.3791 0.9242 -0.0456
vn -0.3862 -0.9222 0.0218
vn -0.7066 -0.7066 0.0378
vn -0.7065 -0.7067 0.0379
vn -0.9213 -0.3860 0.0465
vn -0.9214 -0.3859 0.0465
vn -0.9985 -0.0002 0.0550
vn -0.9985 -0.0001 0.0550
vn -0.9213 0.3858 0.0480
vn -0.7066 0.7065 0.0407
vn -0.7066 0.7065 0.0406
vn -0.3862 0.9221 0.0255
vn -0.3714 -0.9246 0.0851
vn -0.3713 -0.9246 0.0851
vn -0.6863 -0.7103 0.1564
vn -0.7065 -0.7067 0.0378
vn -0.6864 -0.7103 0.1564
vn -0.8977 -0.3862 0.2119
vn -0.9985 -0.0002 0.0551
vn -0.8977 -0.3863 0.2118
vn -0.8977 -0.3863 0.2119
vn -0.9737 -0.0005 0.2277
vn -0.9985 -0.0001 0.0551
vn -0.9737 -0.0004 0.2277
vn -0.9214 0.3857 0.0480
vn -0.8977 0.3855 0.2134
vn -0.7066 0.7064 0.0407
vn -0.8977 0.3854 0.2134
vn -0.6863 0.7097 0.1592
vn -0.7065 0.7065 0.0406
vn -0.7065 0.7065 0.0407
vn -0.3713 0.9242 0.0887
vn -0.3714 0.9242 0.0887
vn -0.3549 -0.9231 0.1480
vn -0.3550 -0.9231 0.1480
vn -0.6518 -0.7073 0.2735
vn -0.6518 -0.7074 0.2734
vn -0.6518 -0.7074 0.2735
vn -0.8490 -0.3860 0.3608
vn -0.8978 -0.3862 0.2118
vn -0.8490 -0.3859 0.3609
vn -0.8490 -0.3859 0.3608
vn -0.9196 -0.0008 0.3930
vn -0.9195 -0.0008 0.3930
vn -0.8490 0.3845 0.3624
vn -0.6518 0.7062 0.2763
vn -0.3713 0.9243 0.0887
vn -0.6518 0.7063 0.2763
vn -0.3549 0.9225 0.1517
vn -0.3231 -0.9225 0.2110
vn -0.3232 -0.9225 0.2110
vn -0.5906 -0.7095 0.3845
vn -0.5906 -0.7094 0.3845
vn -0.5906 -0.7095 0.3844
vn -0.7723 -0.3872 0.5036
vn -0.8490 -0.3860 0.3609
vn -0.7723 -0.3871 0.5036
vn -0.8381 -0.0011 0.5455
vn -0.7724 0.3851 0.5051
vn -0.6518 0.7063 0.2762
vn -0.7723 0.3852 0.5051
vn -0.5906 0.7079 0.3873
vn -0.5906 0.7080 0.3873
vn -0.3232 0.9217 0.2146
vn -0.3550 0.9225 0.1517
vn -0.3231 0.9217 0.2146
vn -0.2767 -0.9254 0.2591
vn -0.5189 -0.7085 0.4782
vn -0.6757 -0.3862 0.6279
vn -0.7724 -0.3871 0.5036
vn -0.8381 -0.0012 0.5455
vn -0.7303 -0.0013 0.6831
vn -0.8381 -0.0010 0.5455
vn -0.8381 -0.0011 0.5456
vn -0.8381 -0.0010 0.5456
vn -0.7723 0.3851 0.5051
vn -0.6757 0.3839 0.6293
vn -0.2766 0.9244 0.2627
vn 0.2767 -0.9244 -0.2627
vn 0.2289 -0.9229 -0.3097
vn 0.5189 -0.7066 -0.4810
vn 0.2289 -0.9229 -0.3096
vn 0.4242 -0.7060 -0.5671
vn 0.5189 -0.7067 -0.4810
vn 0.6757 -0.3838 -0.6294
vn 0.4243 -0.7060 -0.5671
vn 0.5510 -0.3843 -0.7407
vn 0.6758 -0.3837 -0.6294
vn 0.7303 0.0013 -0.6832
vn 0.6758 -0.3838 -0.6293
vn 0.5510 -0.3842 -0.7407
vn 0.5975 0.0016 -0.8019
vn 0.7303 0.0014 -0.6832
vn 0.7303 0.0013 -0.6831
vn 0.7303 0.0014 -0.6831
vn 0.6757 0.3862 -0.6278
vn 0.5975 0.0017 -0.8019
vn 0.5510 0.3873 -0.7392
vn 0.6757 0.3863 -0.6278
vn 0.5189 0.7085 -0.4782
vn 0.6758 0.3862 -0.6278
vn 0.5511 0.3872 -0.7392
vn 0.5510 0.3872 -0.7392
vn 0.4243 0.7082 -0.5643
vn 0.5189 0.7086 -0.4782
vn 0.2766 0.9254 -0.2590
vn 0.4242 0.7083 -0.5643
vn 0.2289 0.9241 -0.3060
vn 0.2767 0.9254 -0.2591
vn 0.2767 0.9254 -0.2590
vn 0.1738 -0.9236 -0.3416
vn 0.3223 -0.7062 -0.6303
vn 0.3223 -0.7063 -0.6303
vn 0.4159 -0.3829 -0.8248
vn 0.5510 -0.3842 -0.7408
vn 0.4160 -0.3829 -0.8248
vn 0.4504 0.0018 -0.8928
vn 0.4159 0.3862 -0.8233
vn 0.4160 0.3862 -0.8233
vn 0.3223 0.7088 -0.6275
vn 0.4242 0.7082 -0.5643
vn 0.3223 0.7087 -0.6275
vn 0.1738 0.9250 -0.3379
vn 0.1738 -0.9237 -0.3415
vn 0.1104 -0.9215 -0.3723
vn 0.1103 -0.9215 -0.3723
vn 0.2045 -0.7064 -0.6776
vn 0.2045 -0.7064 -0.6777
vn 0.2679 -0.3844 -0.8834
vn 0.2680 -0.3844 -0.8834
vn 0.2902 0.0019 -0.9570
vn 0.2679 0.3879 -0.8819
vn 0.3223 0.7087 -0.6276
vn 0.2680 0.3878 -0.8819
vn 0.2679 0.3880 -0.8819
vn 0.2044 0.7091 -0.6749
vn 0.1738 0.9250 -0.3378
vn 0.2045 0.7091 -0.6748
vn 0.2045 0.7090 -0.6749
vn 0.1104 0.9230 -0.3687
vn 0.1104 0.9230 -0.3686
vn 0.1103 0.9230 -0.3686
vn 0.0474 -0.9234 -0.3809
vn 0.0474 -0.9234 -0.3810
vn 0.0866 -0.7070 -0.7019
vn 0.1097 -0.3822 -0.9175
vn 0.1097 -0.3822 -0.9176
vn 0.1097 -0.3821 -0.9176
vn 0.1182 0.0020 -0.9930
vn 0.2680 0.3879 -0.8819
vn 0.1097 0.3858 -0.9160
vn 0.1097 0.3857 -0.9161
vn 0.1097 0.3859 -0.9160
vn 0.0866 0.7098 -0.6990
vn 0.1103 0.9230 -0.3687
vn 0.2044 0.7090 -0.6749
vn 0.0866 0.7097 -0.6991
vn 0.0866 0.7098 -0.6991
vn 0.0474 0.9249 -0.3773
vn -0.0236 -0.9214 -0.3880
vn -0.0237 -0.9214 -0.3880
vn -0.0237 -0.9213 -0.3881
vn -0.0393 -0.7051 -0.7080
vn -0.0392 -0.7051 -0.7080
vn -0.0472 -0.3840 -0.9221
vn -0.0550 0.0020 -0.9985
vn 0.1182 0.0019 -0.9930
vn 0.1097 0.3858 -0.9161
vn -0.0472 0.3877 -0.9206
vn -0.0472 0.3876 -0.9206
vn -0.0393 0.7080 -0.7052
vn -0.0392 0.7080 -0.7052
vn -0.0236 0.9229 -0.3844
vn -0.0237 0.9229 -0.3844
vn -0.0237 -0.9213 -0.3880
vn -0.0869 -0.9237 -0.3732
vn -0.0393 -0.7052 -0.7080
vn -0.0869 -0.9237 -0.3731
vn -0.1578 -0.7087 -0.6877
vn -0.0393 -0.7052 -0.7079
vn -0.0392 -0.7052 -0.7079
vn -0.1578 -0.7086 -0.6877
vn -0.2126 -0.3841 -0.8985
vn -0.0473 -0.3841 -0.9221
vn -0.0551 0.0020 -0.9985
vn -0.0473 -0.3840 -0.9221
vn -0.2126 -0.3840 -0.8985
vn -0.2277 0.0019 -0.9737
vn -0.2126 0.3876 -0.8970
vn -0.0473 0.3877 -0.9206
vn -0.2126 0.3877 -0.8970
vn -0.2126 0.3877 -0.8969
vn -0.1578 0.7113 -0.6849
vn -0.0393 0.7080 -0.7051
vn -0.0236 0.9229 -0.3843
vn -0.1578 0.7114 -0.6849
vn -0.0869 0.9251 -0.3695
vn -0.0869 0.9252 -0.3695
vn -0.1499 -0.9221 -0.3567
vn -0.1578 -0.7086 -0.6878
vn -0.1499 -0.9221 -0.3568
vn -0.1498 -0.9221 -0.3568
vn -0.2749 -0.7055 -0.6532
vn -0.3616 -0.3835 -0.8498
vn -0.2277 0.0020 -0.9737
vn -0.3930 0.0018 -0.9195
vn -0.3930 0.0019 -0.9196
vn -0.3616 0.3869 -0.8483
vn -0.2749 0.7081 -0.6504
vn -0.2749 0.7081 -0.6505
vn -0.1499 0.9235 -0.3531
vn -0.2128 -0.9215 -0.3250
vn -0.1498 -0.9221 -0.3567
vn -0.2128 -0.9215 -0.3249
vn -0.3859 -0.7076 -0.5920
vn -0.3859 -0.7075 -0.5920
vn -0.5044 -0.3846 -0.7731
vn -0.3930 0.0018 -0.9196
vn -0.5456 0.0017 -0.8381
vn -0.5455 0.0017 -0.8381
vn -0.5044 0.3877 -0.7716
vn -0.3859 0.7099 -0.5892
vn -0.1498 0.9235 -0.3531
vn -0.2128 0.9228 -0.3213
vn -0.2128 0.9227 -0.3213
vn -0.3858 -0.7076 -0.5920
vn -0.5455 0.0016 -0.8381
vn -0.5044 -0.3847 -0.7731
vn -0.6832 0.0014 -0.7303
vn -0.6831 0.0015 -0.7303
vn -0.2128 0.9227 -0.3214
vn -0.2608 0.9254 -0.2748
vn 0.0001 -1.0000 -0.0020
vn 0.0072 -0.9999 -0.0078
vn -0.0010 -1.0000 -0.0089
vn -0.0020 -1.0000 -0.0082
vn -0.0105 -0.9999 -0.0035
vn 0.0081 -0.9999 -0.0065
vn 0.0071 -1.0000 -0.0065
vn -0.0085 -1.0000 0.0004
vn -0.0034 -1.0000 -0.0046
vn -0.0023 -1.0000 -0.0049
vn -0.0027 -1.0000 -0.0044
vn -0.0001 -1.0000 -0.0020
vn 0.0017 -1.0000 -0.0035
vn 0.0064 -1.0000 -0.0024
vn -0.0033 -1.0000 0.0031
vn -0.0046 -1.0000 0.0021
vn 0.0018 -1.0000 -0.0026
vn 0.0009 -1.0000 -0.0005
vn -0.0022 -1.0000 -0.0015
vn -0.0010 -1.0000 -0.0024
vn 0.0009 -1.0000 -0.0019
vn -0.0010 -1.0000 -0.0000
vn -0.0012 -1.0000 -0.0000
vn 0.0008 -1.0000 -0.0020
vn -0.0009 -1.0000 -0.0024
vn -0.0021 -1.0000 -0.0014
vn 0.0007 -1.0000 -0.0004
vn 0.0001 -1.0000 0.0009
vn -0.0001 -1.0000 0.0009
vn 0.0022 -1.0000 -0.0025
vn -0.0044 -1.0000 0.0019
vn -0.0031 -1.0000 0.0029
vn 0.0050 -1.0000 -0.0044
vn 0.0030 -1.0000 -0.0045
vn 0.0007 -1.0000 -0.0036
vn -0.0007 -1.0000 -0.0040
vn -0.0221 -0.9996 0.0162
vn 0.0022 -1.0000 -0.0016
vn 0.0028 -1.0000 -0.0034
vn -0.0022 -1.0000 -0.0048
vn -0.0033 -1.0000 -0.0045
vn -0.0020 -1.0000 -0.0058
vn -0.0012 -1.0000 -0.0068
vn 0.0051 -1.0000 -0.0066
vn -0.0064 -1.0000 -0.0028
vn 0.0016 -1.0000 -0.0046
vn 0.0026 -1.0000 -0.0044
vn 0.0001 -1.0000 -0.0019
vn 0.2609 -0.9254 0.2748
vn 0.3078 -0.9239 0.2271
vn 0.4796 -0.7087 0.5175
vn 0.3078 -0.9240 0.2271
vn 0.3079 -0.9239 0.2271
vn 0.5657 -0.7079 0.4229
vn 0.5657 -0.7080 0.4229
vn 0.5657 -0.7080 0.4228
vn 0.7400 -0.3868 0.5503
vn 0.7400 -0.3867 0.5503
vn 0.7400 -0.3869 0.5502
vn 0.8019 -0.0012 0.5975
vn 0.6832 -0.0015 0.7303
vn 0.7400 0.3846 0.5518
vn 0.7400 0.3847 0.5518
vn 0.5657 0.7063 0.4257
vn 0.3078 0.9230 0.2307
vn 0.3078 0.9230 0.2308
vn 0.3397 -0.9247 0.1720
vn 0.6289 -0.7082 0.3209
vn 0.6289 -0.7081 0.3209
vn 0.8241 -0.3854 0.4152
vn 0.8928 -0.0009 0.4504
vn 0.8929 -0.0009 0.4504
vn 0.8241 0.3838 0.4167
vn 0.8241 0.3837 0.4167
vn 0.6289 0.7069 0.3237
vn 0.5657 0.7063 0.4256
vn 0.3397 0.9240 0.1756
vn 0.3705 -0.9225 0.1085
vn 0.6763 -0.7081 0.2030
vn 0.6762 -0.7082 0.2030
vn 0.6763 -0.7081 0.2031
vn 0.8827 -0.3867 0.2672
vn 0.9570 -0.0006 0.2902
vn 0.9570 -0.0005 0.2902
vn 0.8827 0.3856 0.2687
vn 0.6289 0.7068 0.3237
vn 0.8826 0.3857 0.2687
vn 0.6762 0.7073 0.2059
vn 0.6763 0.7073 0.2058
vn 0.6763 0.7073 0.2059
vn 0.3705 0.9220 0.1122
vn 0.3791 -0.9242 0.0456
vn 0.3792 -0.9242 0.0456
vn 0.7005 -0.7085 0.0852
vn 0.8826 -0.3868 0.2672
vn 0.7005 -0.7086 0.0852
vn 0.9168 -0.3841 0.1090
vn 0.8827 -0.3866 0.2672
vn 0.9168 -0.3841 0.1089
vn 0.9168 -0.3842 0.1089
vn 0.9930 -0.0003 0.1182
vn 0.9930 -0.0002 0.1182
vn 0.9168 0.3838 0.1105
vn 0.9168 0.3837 0.1105
vn 0.7005 0.7082 0.0880
vn 0.6762 0.7073 0.2058
vn 0.3791 0.9241 0.0492
vn 0.3791 0.9240 0.0492
vn 0.3792 0.9240 0.0492
vn 0.3862 -0.9221 -0.0255
vn 0.7066 -0.7065 -0.0407
vn 0.7066 -0.7065 -0.0406
vn 0.9213 -0.3858 -0.0480
vn 0.9168 -0.3842 0.1090
vn 0.9214 -0.3857 -0.0480
vn 0.9985 0.0002 -0.0550
vn 0.9985 0.0001 -0.0550
vn 0.9214 0.3859 -0.0465
vn 0.9213 0.3860 -0.0465
vn 0.7066 0.7066 -0.0379
vn 0.7065 0.7067 -0.0378
vn 0.3862 0.9222 -0.0218
vn 0.3714 -0.9242 -0.0887
vn 0.7065 -0.7065 -0.0407
vn 0.3713 -0.9243 -0.0887
vn 0.3713 -0.9242 -0.0887
vn 0.6863 -0.7097 -0.1592
vn 0.7066 -0.7064 -0.0406
vn 0.6864 -0.7096 -0.1592
vn 0.8977 -0.3855 -0.2134
vn 0.8977 -0.3854 -0.2134
vn 0.9737 0.0004 -0.2277
vn 0.9985 -0.0000 -0.0550
vn 0.9737 0.0005 -0.2277
vn 0.8977 0.3863 -0.2119
vn 0.7066 0.7066 -0.0378
vn 0.8977 0.3862 -0.2118
vn 0.6863 0.7103 -0.1564
vn 0.3861 0.9222 -0.0218
vn 0.7065 0.7067 -0.0379
vn 0.3714 0.9246 -0.0851
vn 0.3713 0.9246 -0.0851
vn 0.3713 -0.9242 -0.0888
vn 0.3549 -0.9225 -0.1517
vn 0.3550 -0.9225 -0.1517
vn 0.6518 -0.7062 -0.2763
vn 0.6518 -0.7063 -0.2763
vn 0.6518 -0.7063 -0.2762
vn 0.8490 -0.3845 -0.3624
vn 0.9737 0.0006 -0.2277
vn 0.8978 -0.3853 -0.2134
vn 0.8491 -0.3844 -0.3624
vn 0.9196 0.0008 -0.3930
vn 0.9195 0.0008 -0.3930
vn 0.8490 0.3859 -0.3608
vn 0.8977 0.3863 -0.2118
vn 0.8490 0.3859 -0.3609
vn 0.6518 0.7074 -0.2735
vn 0.6518 0.7074 -0.2734
vn 0.6519 0.7073 -0.2735
vn 0.3550 0.9231 -0.1480
vn 0.3549 0.9231 -0.1480
vn 0.3231 -0.9217 -0.2146
vn 0.3232 -0.9217 -0.2146
vn 0.5906 -0.7079 -0.3873
vn 0.6519 -0.7062 -0.2763
vn 0.7723 -0.3851 -0.5051
vn 0.9195 0.0007 -0.3930
vn 0.8490 -0.3846 -0.3624
vn 0.7723 -0.3852 -0.5051
vn 0.8381 0.0011 -0.5455
vn 0.8381 0.0011 -0.5456
vn 0.8381 0.0010 -0.5455
vn 0.7723 0.3871 -0.5036
vn 0.6518 0.7073 -0.2735
vn 0.7723 0.3872 -0.5036
vn 0.5906 0.7095 -0.3845
vn 0.5906 0.7095 -0.3844
vn 0.3231 0.9225 -0.2110
vn 0.3549 0.9231 -0.1481
vn 0.3232 0.9225 -0.2110
vn 0.5906 -0.7080 -0.3873
vn 0.6757 0.3862 -0.6279
vn 0.2766 0.9254 -0.2591
vn -0.0001 1.0000 0.0020
vn -0.0000 -0.7316 0.6817
vn -0.0000 -0.8687 0.4953
vn -0.0000 -0.8295 0.5585
vn -0.0000 -0.9702 0.2425
vn -0.0000 -0.9421 0.3355
vn -0.0000 -0.8688 0.4952
vn -0.0000 -0.6846 0.7289
vn -0.0000 -0.5618 0.8273
vn -0.0000 -0.9702 0.2424
vn -0.0000 -0.9984 -0.0570
vn -0.0000 -0.9986 0.0531
vn -0.0000 -0.4987 0.8668
vn -0.0000 -0.3392 0.9407
vn -0.0000 -0.9407 -0.3392
vn -0.0000 -0.9692 -0.2463
vn -0.0000 -0.2463 0.9692
vn -0.0000 -0.0570 0.9984
vn -0.0000 -0.8273 -0.5618
vn -0.0000 -0.8668 -0.4987
vn -0.0000 0.0531 0.9986
vn -0.0000 0.2425 0.9702
vn -0.0000 -0.6817 -0.7316
vn -0.0000 -0.7289 -0.6846
vn 1.0000 0.0003 -0.0000
vn -0.0000 0.3355 0.9421
vn -0.0000 0.4953 0.8687
vn -0.0000 -0.4953 -0.8687
vn -0.0000 -0.5585 -0.8295
vn -0.0000 0.4952 0.8688
vn -0.0000 0.5585 0.8295
vn -0.0000 0.6817 0.7316
vn -0.0000 -0.2425 -0.9702
vn -0.0000 -0.3355 -0.9420
vn -0.0000 -0.4952 -0.8688
vn -0.0000 -0.3355 -0.9421
vn 1.0000 -0.0010 -0.0000
vn 1.0000 -0.0007 -0.0000
vn -0.0000 0.7289 0.6846
vn -0.0000 0.8273 0.5618
vn -0.0000 0.0570 -0.9984
vn -0.0000 -0.0531 -0.9986
vn -0.0000 -0.2424 -0.9702
vn 1.0000 0.0008 -0.0000
vn 1.0000 0.0009 -0.0000
vn -0.0000 0.8668 0.4987
vn -0.0000 0.9407 0.3392
vn -0.0000 0.3392 -0.9407
vn -0.0000 0.2463 -0.9692
vn -0.0000 0.9692 0.2463
vn -0.0000 0.9984 0.0570
vn -0.0000 0.5618 -0.8273
vn -0.0000 0.4987 -0.8668
vn 1.0000 -0.0003 -0.0000
vn -0.0000 0.9986 -0.0531
vn -0.0000 0.9702 -0.2425
vn -0.0000 0.7316 -0.6817
vn -0.0000 0.6846 -0.7289
vn 1.0000 0.0006 -0.0000
vn -0.0000 0.9420 -0.3355
vn -0.0000 0.8687 -0.4953
vn -0.0000 0.8295 -0.5585
vn -0.0000 0.7759 -0.6308
vn -0.0000 0.8031 -0.5959
vn -0.0000 0.8356 -0.5494
vn -0.0000 0.7760 -0.6308
vn 0.0001 0.8355 -0.5494
vn -0.0000 0.6927 -0.7213
vn -0.0000 0.8985 -0.4391
vn -0.0000 0.9203 -0.3911
vn -0.0000 0.9469 -0.3214
vn -0.0000 0.8984 -0.4391
vn -0.0000 0.9469 -0.3215
vn -0.0000 0.8355 -0.5494
vn -0.0000 0.6556 -0.7551
vn -0.0000 0.6927 -0.7212
vn -0.0000 0.6387 -0.7695
vn -0.0000 0.6555 -0.7552
vn -0.0000 0.6386 -0.7695
vn -0.0000 0.5046 -0.8634
vn -0.0000 0.9877 -0.1561
vn -0.0000 0.9932 -0.1163
vn -0.0000 0.9993 -0.0374
vn -0.0000 0.9203 -0.3912
vn -0.0000 0.9877 -0.1562
vn -0.0000 0.9469 -0.3216
vn -0.0000 0.4646 -0.8855
vn -0.0000 0.5046 -0.8633
vn -0.0000 0.4427 -0.8967
vn -0.0000 0.4426 -0.8967
vn -0.0000 0.2610 -0.9653
vn -0.0000 0.9871 0.1599
vn -0.0000 0.9802 0.1981
vn -0.0000 0.9653 0.2610
vn -0.0000 0.9932 -0.1162
vn -0.0000 0.9871 0.1600
vn -0.0000 0.1980 -0.9802
vn -0.0000 0.4424 -0.8968
vn -0.0000 0.1599 -0.9871
vn -0.0000 0.1981 -0.9802
vn -0.0000 -0.0374 -0.9993
vn -0.0000 0.8967 0.4426
vn -0.0000 0.8855 0.4646
vn -0.0000 0.8634 0.5046
vn -0.0000 0.8967 0.4427
vn -0.0000 0.8633 0.5046
vn -0.0000 0.9653 0.2611
vn -0.0000 0.9802 0.1980
vn -0.0000 0.8968 0.4424
vn -0.0001 -0.1162 -0.9932
vn -0.0000 0.1600 -0.9871
vn -0.0000 -0.1561 -0.9877
vn -0.0000 -0.1163 -0.9932
vn -0.0000 -0.3215 -0.9469
vn -0.0000 0.7695 0.6386
vn -0.0000 0.7552 0.6555
vn -0.0000 0.7213 0.6926
vn -0.0000 0.7213 0.6927
vn -0.0000 0.8855 0.4647
vn -0.0000 0.7694 0.6387
vn -0.0000 0.8633 0.5047
vn -0.0000 -0.3911 -0.9203
vn -0.0000 -0.1560 -0.9878
vn -0.0000 -0.3214 -0.9469
vn -0.0000 -0.4391 -0.8984
vn -0.0000 -0.3912 -0.9203
vn -0.0000 -0.5494 -0.8355
vn -0.0000 0.6308 0.7759
vn -0.0000 0.5959 0.8030
vn -0.0000 0.5494 0.8355
vn -0.0000 0.5494 0.8356
vn -0.0000 0.7551 0.6556
vn -0.0000 0.7212 0.6927
vn -0.0000 -0.5959 -0.8031
vn -0.0000 -0.5494 -0.8356
vn -0.0000 -0.6307 -0.7760
vn -0.0000 -0.6308 -0.7760
vn -0.0000 -0.7213 -0.6927
vn -0.0000 0.4392 0.8984
vn -0.0000 0.3911 0.9203
vn -0.0000 0.3215 0.9469
vn -0.0000 0.4391 0.8984
vn -0.0000 0.3214 0.9469
vn -0.0000 0.5959 0.8031
vn -0.0000 -0.7551 -0.6556
vn -0.0000 -0.7212 -0.6927
vn -0.0000 -0.7695 -0.6386
vn -0.0000 -0.7552 -0.6555
vn -0.0000 -0.7213 -0.6926
vn -0.0000 -0.8633 -0.5047
vn -0.0000 0.1561 0.9877
vn -0.0000 0.1162 0.9932
vn -0.0000 0.0374 0.9993
vn -0.0000 0.1560 0.9878
vn -0.0000 -0.8856 -0.4645
vn -0.0000 -0.7696 -0.6385
vn -0.0000 -0.8634 -0.5045
vn -0.0000 -0.8967 -0.4426
vn -0.0000 -0.8855 -0.4646
vn -0.0000 -0.8634 -0.5046
vn -0.0000 -0.8967 -0.4427
vn -0.0000 -0.8633 -0.5046
vn -0.0000 -0.9653 -0.2611
vn -0.0000 -0.1600 0.9871
vn -0.0000 -0.1981 0.9802
vn -0.0000 -0.2610 0.9653
vn -0.0000 -0.1599 0.9871
vn -0.0000 0.0373 0.9993
vn -0.0000 0.1163 0.9932
vn -0.0000 -0.9802 -0.1980
vn -0.0000 -0.8968 -0.4424
vn -0.0000 -0.9653 -0.2610
vn -0.0000 -0.9871 -0.1599
vn -0.0001 -0.9653 -0.2610
vn -0.0000 -0.9993 0.0374
vn -0.0000 -0.4425 0.8967
vn -0.0000 -0.4646 0.8855
vn -0.0000 -0.5046 0.8634
vn -0.0000 -0.4427 0.8967
vn -0.0000 -0.5046 0.8633
vn -0.0000 -0.2611 0.9653
vn -0.0000 -0.4424 0.8968
vn -0.0000 -0.9932 0.1162
vn -0.0000 -0.9871 -0.1600
vn -0.0000 -0.9993 0.0373
vn -0.0000 -0.9877 0.1561
vn -0.0000 -0.9878 0.1560
vn -0.0000 -0.9469 0.3215
vn -0.0000 -0.6386 0.7695
vn -0.0000 -0.6555 0.7552
vn -0.0000 -0.6927 0.7213
vn -0.0000 -0.4647 0.8855
vn -0.0000 -0.6387 0.7695
vn -0.0000 -0.5047 0.8633
vn -0.0000 -0.9203 0.3911
vn -0.0000 -0.9469 0.3214
vn -0.0000 -0.8984 0.4391
vn -0.0000 -0.8356 0.5494
vn -0.0000 -0.7760 0.6307
vn -0.0000 -0.8030 0.5959
vn -0.0000 -0.7759 0.6308
vn -0.0000 -0.8355 0.5494
vn -0.0000 -0.6926 0.7213
vn 0.0001 -0.6556 0.7551
vn -0.0000 -0.7760 0.6308
vn -0.0000 -0.6927 0.7212
vn -0.0000 -0.8031 0.5959
vn -0.0000 0.0530 0.9986
vn -1.0000 -0.0008 -0.0000
vn -1.0000 0.0003 -0.0000
vn -1.0000 -0.0011 -0.0000
vn -0.0000 0.3355 0.9420
vn -0.0000 -0.9420 0.3355
vn -0.0000 -0.9421 0.3354
vn -0.0000 0.2424 0.9702
vn -0.0000 -0.9986 0.0530
vn -1.0000 -0.0010 -0.0000
vn -0.0000 0.9986 -0.0530
vn -0.0000 0.9421 -0.3355
vn -1.0000 -0.0003 -0.0000
vn -0.0000 -0.0530 -0.9986
vn -1.0000 -0.0009 -0.0000
vn -1.0000 -0.0007 -0.0000
vn -1.0000 -0.0006 -0.0000
vn -0.0000 0.6028 -0.7979
vn -0.0000 0.5527 -0.8334
vn -0.0000 0.7240 -0.6898
vn -0.0000 0.3948 -0.9188
vn -0.0000 0.3252 -0.9456
vn -0.0000 0.3252 -0.9457
vn -0.0000 0.5526 -0.8334
vn -0.0000 0.7578 -0.6525
vn -0.0000 0.8653 -0.5012
vn -0.0000 0.1202 -0.9928
vn -0.0000 0.0413 -0.9991
vn -0.0000 0.8873 -0.4611
vn -0.0000 0.7759 -0.6309
vn -0.0000 0.8874 -0.4611
vn -0.0000 0.9663 -0.2573
vn -0.0000 -0.1942 -0.9810
vn -0.0000 -0.2572 -0.9663
vn -0.0000 -0.2572 -0.9664
vn -0.0000 0.9810 -0.1942
vn -0.0000 0.9663 -0.2572
vn -0.0000 0.9664 -0.2572
vn -0.0000 0.9991 0.0413
vn -0.0000 -0.4392 -0.8984
vn -0.0000 -0.4611 -0.8874
vn -0.0000 -0.5012 -0.8653
vn -0.0000 0.9928 0.1201
vn -0.0000 0.9928 0.1202
vn -0.0000 0.9456 0.3252
vn -0.0000 -0.6308 -0.7759
vn -0.0000 -0.6525 -0.7578
vn -0.0000 -0.6898 -0.7240
vn -0.0000 -0.4610 -0.8874
vn -0.0000 0.9188 0.3947
vn -0.0000 0.9457 0.3251
vn -0.0000 0.9188 0.3948
vn -0.0000 0.9457 0.3252
vn 0.0001 0.9457 0.3252
vn -0.0000 0.8334 0.5527
vn -0.0000 -0.7979 -0.6028
vn -0.0000 -0.8334 -0.5527
vn -0.0000 -0.8333 -0.5528
vn -0.0000 -0.6526 -0.7577
vn -0.0000 -0.6899 -0.7239
vn -0.0000 0.7978 0.6029
vn -0.0000 0.8966 0.4428
vn -0.0000 0.8333 0.5528
vn -0.0000 0.6898 0.7240
vn -0.0000 -0.9188 -0.3947
vn -0.0000 -0.9457 -0.3252
vn -0.0000 -0.7978 -0.6029
vn -0.0000 -0.8966 -0.4428
vn -0.0000 0.6526 0.7577
vn -0.0000 0.7696 0.6385
vn -0.0000 0.6899 0.7239
vn -0.0000 0.6525 0.7578
vn -0.0000 0.5012 0.8653
vn -0.0000 -0.9928 -0.1202
vn -0.0000 -0.9991 -0.0413
vn -0.0000 -0.9456 -0.3252
vn -0.0000 -0.9188 -0.3948
vn -0.0000 0.4611 0.8873
vn -0.0000 0.4611 0.8874
vn -0.0000 0.2572 0.9664
vn -0.0000 -0.9810 0.1942
vn -0.0000 -0.9664 0.2572
vn -0.0000 -0.9663 0.2572
vn -0.0000 -0.9927 -0.1203
vn -0.0000 -0.9878 0.1559
vn -0.0000 -0.9991 -0.0414
vn -0.0000 0.1942 0.9810
vn -0.0000 0.2572 0.9663
vn -0.0000 -0.0413 0.9991
vn -0.0000 -0.8874 0.4611
vn -0.0000 -0.8654 0.5011
vn -0.0000 -0.8653 0.5012
vn -0.0000 -0.9810 0.1943
vn -0.0000 -0.8984 0.4392
vn -0.0000 -0.9663 0.2573
vn -0.0000 -0.1202 0.9928
vn -0.0000 -0.3252 0.9457
vn -0.0000 -0.7759 0.6309
vn -0.0000 -0.7578 0.6525
vn -0.0000 -0.7240 0.6898
vn -0.0000 -0.8873 0.4611
vn -0.0000 -0.3948 0.9188
vn -0.0000 -0.3252 0.9456
vn -0.0000 -0.4426 0.8967
vn -0.0000 -0.5527 0.8334
vn -0.0000 -0.6028 0.7979
vn -0.0000 -0.7577 0.6526
vn -0.0000 -0.6386 0.7696
vn -0.0000 -0.7239 0.6899
vn -0.0000 -0.6029 0.7978
vn -0.0000 -0.5528 0.8333
vn -0.0001 -0.3259 0.9454
vn -0.0000 -0.5501 0.8351
vn -0.0000 -0.4864 0.8737
vn -0.0039 -0.3392 0.9407
vn -0.0037 -0.4987 0.8668
vn -0.0039 -0.2463 0.9692
vn -0.0040 -0.0696 0.9976
vn -0.0039 -0.3510 0.9364
vn -0.0040 -0.2584 0.9660
vn -0.0000 -0.3354 -0.9421
vn 1.0000 -0.0005 -0.0000
vn -0.0000 0.8030 -0.5959
vn -0.0000 0.6926 -0.7213
vn -0.0000 0.9993 -0.0373
vn -0.0000 0.9878 -0.1560
vn -0.0000 0.5047 -0.8633
vn -0.0000 0.2611 -0.9653
vn -0.0000 0.9932 -0.1161
vn -0.0000 -0.0373 -0.9993
vn -0.0000 0.7696 0.6386
vn -0.0000 0.8856 0.4645
vn -0.0000 0.8634 0.5045
vn -0.0000 -0.1560 -0.9877
vn -0.0000 0.6308 0.7760
vn -0.0000 0.6309 0.7759
vn -0.0000 0.5958 0.8031
vn -0.0000 0.4391 0.8985
vn -0.0000 -0.6309 -0.7759
vn -0.0000 0.3912 0.9203
vn -0.0000 -0.8855 -0.4645
vn -0.0000 -0.7696 -0.6386
vn -0.0001 -0.9802 -0.1980
vn -0.0000 -0.8967 -0.4425
vn -0.0000 -0.9654 -0.2609
vn -0.0000 -0.9802 -0.1981
vn -0.0000 -0.1980 0.9802
vn -0.0000 -0.9932 0.1163
vn -0.0000 -0.9203 0.3912
vn -0.0000 -0.6554 0.7553
vn -1.0000 0.0006 -0.0000
vn -1.0000 0.0005 -0.0000
vn -1.0000 0.0008 -0.0000
vn -0.0000 0.8688 -0.4952
vn -0.0000 0.6386 -0.7696
vn -0.0001 0.5527 -0.8334
vn -0.0000 0.6029 -0.7979
vn -0.0001 0.7579 -0.6524
vn -0.0000 0.6387 -0.7694
vn -0.0000 0.7241 -0.6897
vn -0.0000 0.1202 -0.9927
vn -0.0000 0.8873 -0.4612
vn -0.0000 0.8654 -0.5012
vn -0.0000 -0.1562 -0.9877
vn -0.0000 0.9809 -0.1943
vn -0.0000 0.8984 -0.4392
vn -0.0000 0.9877 -0.1560
vn -0.0000 0.9810 -0.1941
vn -0.0001 0.9663 -0.2573
vn -0.0001 -0.5012 -0.8653
vn -0.0001 -0.1942 -0.9810
vn -0.0000 0.9927 0.1204
vn -0.0000 0.9878 -0.1558
vn -0.0000 0.9991 0.0415
vn 0.0001 0.9456 0.3252
vn -0.0000 -0.6897 -0.7241
vn -0.0000 -0.6528 -0.7576
vn -0.0000 -0.7697 -0.6384
vn -0.0000 -0.6900 -0.7238
vn -0.0000 0.7979 0.6028
vn -0.0000 0.6897 0.7241
vn 0.0001 -0.9457 -0.3252
vn 0.0001 0.6526 0.7577
vn -0.0001 0.6898 0.7240
vn -0.0000 0.4610 0.8874
vn -0.0000 0.5011 0.8654
vn -0.0000 -0.9810 0.1941
vn -0.0000 0.2573 0.9663
vn -0.0000 -0.8985 0.4391
vn -0.0000 -0.8654 0.5012
vn -0.0000 -0.1202 0.9927
vn 0.0001 -0.3252 0.9456
vn -0.0000 0.3354 0.9421
vn 1.0000 0.0005 -0.0000
vn 0.0001 0.9993 -0.0374
vn -0.0000 -0.1162 -0.9932
vn -0.0000 -0.4391 -0.8985
vn 0.0001 0.3214 0.9469
vn -0.0000 0.1560 0.9877
vn -0.0000 -0.9932 0.1161
vn -0.0000 -0.9871 -0.1601
vn -0.0000 -0.9993 0.0372
vn -0.0001 -0.9469 0.3215
vn -0.0001 -0.8355 0.5494
vn -0.0000 -0.7758 0.6310
vn -0.0000 -0.8031 0.5958
vn -0.0000 -0.8985 0.4390
vn -0.0000 -0.8356 0.5493
vn 1.0000 -0.0009 -0.0000
vn -0.0000 0.9421 -0.3354
vn -0.0000 0.9203 -0.3913
vn -0.0000 0.7695 0.6387
vn -0.0000 -0.7695 -0.6387
vn -0.0000 -0.6871 0.7266
vn -0.0000 0.6832 0.7302
vn 0.6047 0.6047 0.5183
vn -0.6084 0.6243 0.4899
vn -0.7072 0.7071 -0.0000
vn -0.0022 1.0000 0.0010
vn -0.6170 -0.6091 -0.4983
vn -0.7778 -0.0000 0.6285
vn -0.6219 0.6061 -0.4959
vn -0.0000 -0.6624 -0.7492
vn -0.0000 0.6624 -0.7491
vn -0.0000 0.6624 -0.7492
vn 0.5992 -0.6150 0.5125
vn -0.6055 -0.6291 0.4875
vn -0.7071 -0.7071 -0.0000
vn -0.0000 -1.0000 0.0002
vn 0.0001 -1.0000 -0.0000
vn -0.0000 -1.0000 0.0003
vn 0.5993 -0.6150 0.5125
vn 0.7565 -0.0000 0.6540
vn 0.7564 -0.0000 0.6541
vn 0.7565 -0.0000 -0.6540
vn 0.7564 -0.0000 -0.6541
vn 0.7110 -0.7032 -0.0000
vn 0.7111 -0.7031 -0.0000
vn 0.6129 -0.5892 -0.5265
vn 0.7149 0.6992 -0.0000
vn 0.7243 0.6895 0.0007
vn 0.6188 0.5791 -0.5308
vn -0.2131 0.6709 0.7103
vn -0.4112 0.5694 0.7118
vn -0.4113 0.5694 0.7118
vn -0.0000 0.7031 0.7110
vn -0.0000 0.7031 0.7111
vn -0.2131 0.6708 0.7103
vn -0.0000 0.7032 0.7110
vn -0.5694 0.4112 0.7118
vn -0.5694 0.4113 0.7118
vn -0.6697 0.2206 0.7091
vn -0.7021 0.0552 0.7100
vn -0.6697 0.2207 0.7091
vn -0.7021 0.0553 0.7100
vn -0.6592 -0.2354 0.7141
vn -0.5662 -0.4089 0.7157
vn -0.5662 -0.4089 0.7156
vn -0.6592 -0.2354 0.7142
vn -0.5663 -0.4089 0.7157
vn -0.7014 -0.0709 0.7093
vn -0.4090 -0.5662 0.7156
vn -0.4089 -0.5662 0.7156
vn -0.2130 -0.6627 0.7179
vn -0.4090 -0.5662 0.7157
vn -0.2130 -0.6627 0.7180
vn -0.0000 -0.6992 0.7149
vn 0.2130 -0.6627 0.7179
vn 0.4089 -0.5663 0.7156
vn 0.2130 -0.6627 0.7180
vn 0.4089 -0.5662 0.7157
vn 0.4089 -0.5662 0.7156
vn 0.5662 -0.4090 0.7156
vn 0.5662 -0.4089 0.7156
vn 0.5662 -0.4090 0.7157
vn 0.6592 -0.2355 0.7141
vn 0.5662 -0.4089 0.7157
vn 0.6592 -0.2354 0.7142
vn 0.6592 -0.2354 0.7141
vn 0.7014 -0.0710 0.7093
vn 0.7014 -0.0709 0.7093
vn 0.6697 0.2206 0.7091
vn 0.5694 0.4112 0.7118
vn 0.5694 0.4113 0.7118
vn 0.7021 0.0552 0.7100
vn 0.4112 0.5695 0.7118
vn 0.4113 0.5694 0.7118
vn 0.4112 0.5694 0.7118
vn 0.2206 0.6697 0.7091
vn -0.0000 -0.0236 0.9997
vn -0.0000 -0.0079 1.0000
vn -0.0079 -0.0315 0.9995
vn -0.0079 -0.0079 0.9999
vn -0.0079 -0.0158 0.9998
vn -0.0079 -0.0157 0.9998
vn -0.0000 -0.0157 0.9999
vn 0.0079 -0.0157 0.9998
vn 0.0079 -0.0158 0.9998
vn 0.0157 -0.0079 0.9998
vn 0.0079 -0.0315 0.9995
vn 0.0158 -0.0079 0.9998
vn -0.0000 -0.0078 1.0000
vn -0.5662 -0.4090 0.7156
vn -0.6592 -0.2355 0.7141
vn -0.7014 -0.0709 0.7092
vn -0.4089 -0.5662 0.7157
vn -0.4089 -0.5663 0.7156
vn 0.5663 -0.4089 0.7157
vn 0.4090 -0.5662 0.7157
vn 0.6697 0.2207 0.7091
vn -0.3068 0.9518 -0.0000
vn -0.5886 0.8084 -0.0000
vn 0.8084 0.5886 -0.0000
vn 0.5886 0.8084 -0.0000
vn 0.5886 0.8084 0.0001
vn 0.3068 0.9518 -0.0000
vn 0.5887 0.8084 -0.0000
vn -0.8084 0.5887 -0.0000
vn -0.5887 0.8084 -0.0000
vn -0.8084 0.5886 -0.0000
vn -0.9495 0.3139 -0.0000
vn -0.9495 -0.3139 -0.0000
vn -0.8084 -0.5886 -0.0000
vn -0.9969 0.0785 -0.0000
vn -0.9969 -0.0785 -0.0000
vn -0.9495 0.3138 -0.0000
vn -0.9969 0.0786 -0.0000
vn -0.9969 -0.0786 -0.0000
vn -0.9494 -0.3139 -0.0000
vn -0.9495 -0.3138 -0.0000
vn -0.2131 0.6708 -0.7103
vn -0.0000 0.7031 -0.7111
vn -0.0000 0.7031 -0.7110
vn -0.2131 0.6709 -0.7103
vn -0.4112 0.5694 -0.7118
vn -0.4113 0.5694 -0.7118
vn -0.5694 0.4112 -0.7118
vn -0.5694 0.4113 -0.7118
vn -0.6697 0.2206 -0.7091
vn -0.7021 0.0552 -0.7100
vn -0.6592 -0.2354 -0.7141
vn -0.7014 -0.0709 -0.7093
vn -0.6592 -0.2355 -0.7141
vn -0.6592 -0.2354 -0.7142
vn -0.5663 -0.4089 -0.7157
vn -0.5662 -0.4090 -0.7156
vn -0.5662 -0.4089 -0.7156
vn -0.4090 -0.5662 -0.7157
vn -0.4089 -0.5662 -0.7157
vn -0.4090 -0.5662 -0.7156
vn -0.2130 -0.6627 -0.7179
vn -0.2130 -0.6627 -0.7180
vn -0.4089 -0.5662 -0.7156
vn -0.0000 -0.6992 -0.7149
vn 0.2130 -0.6627 -0.7179
vn 0.4090 -0.5662 -0.7157
vn 0.4090 -0.5662 -0.7156
vn 0.4089 -0.5662 -0.7157
vn 0.5662 -0.4089 -0.7157
vn 0.4089 -0.5663 -0.7156
vn 0.5662 -0.4090 -0.7156
vn 0.5663 -0.4089 -0.7157
vn 0.6592 -0.2354 -0.7142
vn 0.6592 -0.2355 -0.7141
vn 0.6592 -0.2354 -0.7141
vn 0.7014 -0.0710 -0.7093
vn 0.6697 0.2206 -0.7091
vn 0.7021 0.0552 -0.7100
vn 0.6697 0.2207 -0.7091
vn 0.5694 0.4113 -0.7118
vn 0.5694 0.4112 -0.7118
vn 0.4112 0.5694 -0.7118
vn 0.2206 0.6697 -0.7091
vn 0.7014 -0.0709 -0.7093
vn -0.0000 -0.0079 -1.0000
vn -0.0000 -0.0236 -0.9997
vn -0.0079 -0.0315 -0.9995
vn -0.0079 -0.0079 -0.9999
vn -0.0079 -0.0158 -0.9998
vn -0.0079 -0.0157 -0.9998
vn -0.0000 -0.0158 -0.9999
vn -0.0000 -0.0157 -0.9999
vn 0.0079 -0.0157 -0.9998
vn 0.0157 -0.0079 -0.9998
vn 0.0158 -0.0079 -0.9998
vn 0.0079 -0.0315 -0.9995
vn -0.0000 0.7032 -0.7110
vn -0.4112 0.5695 -0.7118
vn -0.7021 0.0553 -0.7100
vn -0.6697 0.2207 -0.7091
vn -0.6592 -0.2355 -0.7142
vn 0.5662 -0.4089 -0.7156
vn 0.4089 -0.5662 -0.7156
vn 0.4113 0.5694 -0.7118
vn -0.0158 -0.0079 -0.9998
vn -0.8084 -0.5887 -0.0000
vn -0.5886 -0.8084 -0.0000
vn -0.5887 -0.8084 -0.0000
vn -0.3068 -0.9518 -0.0000
vn 0.3068 -0.9518 -0.0000
vn 0.5886 -0.8084 -0.0000
vn 0.8084 -0.5886 -0.0000
vn 0.9495 -0.3139 -0.0000
vn 0.9495 0.3139 -0.0000
vn 0.8084 0.5887 -0.0000
vn 0.9969 -0.0785 -0.0000
vn 0.9969 0.0785 -0.0000
vn 0.9495 0.3138 -0.0000
vn 0.9495 0.3138 -0.0001
vn -0.2130 0.6627 0.7179
vn -0.4108 0.5608 0.7188
vn -0.0000 0.6952 0.7188
vn -0.2130 0.6627 0.7180
vn -0.0000 0.6952 0.7189
vn -0.5609 0.4107 0.7188
vn -0.4108 0.5609 0.7188
vn -0.5608 0.4108 0.7188
vn -0.5609 0.4107 0.7189
vn -0.6535 0.2440 0.7165
vn -0.6535 0.2442 0.7165
vn -0.6535 0.2441 0.7165
vn -0.7005 0.0866 0.7084
vn 0.6535 0.2441 0.7165
vn 0.5608 0.4108 0.7188
vn 0.6535 0.2440 0.7165
vn 0.5609 0.4107 0.7189
vn 0.7005 0.0866 0.7084
vn 0.7005 0.0865 0.7084
vn 0.4108 0.5608 0.7188
vn 0.4107 0.5609 0.7188
vn 0.2130 0.6627 0.7179
vn 0.2130 0.6627 0.7180
vn -0.0000 0.6951 0.7189
vn -0.7071 -0.0000 0.7071
vn 0.7071 -0.0001 0.7071
vn -0.0000 0.0157 0.9999
vn -0.0000 0.0158 0.9999
vn -0.0000 0.0472 0.9989
vn -0.0157 0.0236 0.9996
vn -0.0079 0.0236 0.9997
vn -0.0236 0.0157 0.9996
vn -0.0157 0.0550 0.9984
vn -0.0236 0.0158 0.9996
vn 0.0157 0.0550 0.9984
vn 0.0236 0.0157 0.9996
vn 0.0157 0.0236 0.9996
vn 0.0236 0.0158 0.9996
vn 0.0078 0.0236 0.9997
vn -0.0000 0.0315 0.9995
vn 0.0079 0.0236 0.9997
vn -0.0079 -0.5364 0.8440
vn -0.0079 -0.5364 0.8439
vn 0.0079 -0.5364 0.8440
vn 0.0079 -0.5363 0.8440
vn -0.5609 0.4108 0.7188
vn 0.5609 0.4108 0.7188
vn 0.4108 0.5608 0.7189
vn 0.5609 0.4107 0.7188
vn 0.2130 0.6628 0.7179
vn -0.7005 0.0866 -0.7084
vn -0.7071 -0.0000 -0.7071
vn -0.9518 0.3068 -0.0000
vn -0.8498 -0.5272 -0.0000
vn -0.2130 0.6627 -0.7179
vn -0.0000 0.6952 -0.7189
vn -0.4108 0.5608 -0.7188
vn -0.4108 0.5609 -0.7188
vn -0.5609 0.4108 -0.7188
vn -0.5608 0.4108 -0.7188
vn -0.4107 0.5609 -0.7188
vn -0.6535 0.2441 -0.7165
vn -0.6535 0.2440 -0.7165
vn -0.7005 0.0865 -0.7084
vn 0.6535 0.2441 -0.7165
vn 0.7005 0.0866 -0.7084
vn 0.5609 0.4108 -0.7188
vn 0.5608 0.4108 -0.7188
vn 0.5608 0.4107 -0.7188
vn 0.4108 0.5608 -0.7188
vn 0.4108 0.5608 -0.7189
vn 0.2130 0.6627 -0.7180
vn 0.2130 0.6627 -0.7179
vn 0.4107 0.5609 -0.7188
vn 0.2130 0.6628 -0.7179
vn 0.7071 -0.0001 -0.7071
vn -0.0000 0.0472 -0.9989
vn -0.0000 0.0157 -0.9999
vn -0.0079 0.0236 -0.9997
vn -0.0157 0.0236 -0.9996
vn -0.0158 0.0236 -0.9996
vn -0.0236 0.0157 -0.9996
vn -0.0236 0.0158 -0.9996
vn -0.0157 0.0550 -0.9984
vn 0.0157 0.0550 -0.9984
vn 0.0236 0.0157 -0.9996
vn 0.0236 0.0158 -0.9996
vn 0.0157 0.0236 -0.9996
vn -0.0000 0.0158 -0.9999
vn 0.0079 0.0236 -0.9997
vn -0.0000 0.0315 -0.9995
vn 0.0079 -0.5363 -0.8440
vn -0.0079 -0.5364 -0.8439
vn -0.0000 0.6952 -0.7188
vn -0.2130 0.6627 -0.7180
vn -0.4108 0.5608 -0.7189
vn -0.5609 0.4107 -0.7188
vn -0.7005 0.0867 -0.7084
vn -0.6535 0.2442 -0.7165
vn 0.7005 0.0865 -0.7084
vn 0.6535 0.2440 -0.7165
vn 0.5609 0.4107 -0.7188
vn 0.4108 0.5609 -0.7188
vn -0.0079 -0.9999 0.0079
vn 0.5202 -0.6383 0.5674
vn 0.5202 -0.6384 0.5674
vn 0.5201 -0.6383 0.5674
vn 0.5201 -0.6384 -0.5674
vn 0.5202 -0.6383 -0.5674
vn -0.5202 -0.6383 -0.5674
vn -0.5201 -0.6384 -0.5674
vn -0.5201 -0.6384 0.5674
vn -0.5202 -0.6384 0.5674
vn -0.0001 -1.0000 -0.0000
vn 0.0393 -0.9992 -0.0000
vn -0.0000 -0.9969 -0.0785
vn -0.0157 -0.9998 0.0079
vn 0.0785 -0.9969 0.0078
vn -0.0079 -0.9969 0.0785
vn -0.0157 -0.9968 -0.0785
vn 0.0157 -0.9968 -0.0785
vn 0.0157 -0.9968 0.0785
vn -0.0078 -0.9992 -0.0394
vn -0.0000 -1.0000 -0.0001
vn 0.5201 -0.6384 0.5674
vn -0.5202 -0.6383 0.5674
vn 0.0785 -0.9969 0.0079
vn 0.5202 -0.6384 -0.5674
vn 0.5201 -0.6383 -0.5674
vn 0.9518 0.3068 -0.0000
vn 0.8084 0.5886 -0.0001
vn 1.0000 -0.0001 -0.0000
vn 0.8462 -0.5328 -0.0000
vn 0.8463 -0.5327 -0.0000
vn -0.0000 0.5835 0.8121
vn -0.0000 0.9541 0.2995
vn -0.3538 0.9353 -0.0000
vn -0.0000 0.9438 -0.3304
vn -0.7776 -0.0000 0.6288
vn -0.8623 0.5063 -0.0000
vn -0.7885 -0.0000 -0.6150
vn -0.7165 0.4173 -0.5590
vn -0.7063 0.4159 0.5729
vn -0.0002 -1.0000 0.0002
vn -0.7165 0.4172 -0.5590
vn -0.7063 0.4160 0.5728
vn 0.0001 0.5974 -0.8020
vn -0.0000 0.5975 -0.8019
vn 0.7746 -0.0000 -0.6325
vn 0.7748 -0.0000 -0.6322
vn 0.7637 -0.0000 0.6456
vn 0.6941 0.4101 0.5916
vn 0.7023 0.4182 -0.5760
vn 0.4341 0.8209 0.3710
vn 0.4816 0.8764 -0.0000
vn -0.4322 0.8329 0.3457
vn -0.0000 0.8678 0.4970
vn 0.4499 0.8050 -0.3867
vn -0.4723 0.8814 -0.0000
vn -0.4721 0.8816 -0.0000
vn -0.4481 0.8176 -0.3616
vn -0.0000 0.8533 -0.5214
vn -0.0000 0.8533 -0.5215
vn -1.0000 -0.0000 0.0001
vn -0.5043 -0.7643 0.4019
vn 0.5692 -0.8222 -0.0000
vn 0.5195 -0.7321 -0.4407
vn -0.0000 -0.8084 0.5887
vn -0.0000 -0.8084 0.5886
vn -0.5602 -0.8284 -0.0000
vn 0.5036 -0.7478 0.4327
vn -0.5186 -0.7467 -0.4165
vn -0.0000 -0.7885 -0.6150
vn -0.0002 -1.0000 -0.0001
vn -0.0000 -1.0000 0.0001
vn -0.0001 -1.0000 0.0001
vn 0.5037 -0.7476 0.4328
vn -0.4112 0.5695 0.7118
vn 0.4090 -0.5662 0.7156
vn -0.0000 -0.0158 0.9999
vn 0.6592 -0.2355 0.7142
vn 0.3067 0.9518 -0.0000
vn -0.5662 -0.4089 -0.7157
vn -0.5662 -0.4090 -0.7157
vn 0.0079 -0.0158 -0.9998
vn -0.4089 -0.5663 -0.7156
vn -0.8084 -0.5887 0.0001
vn 0.5886 -0.8084 0.0001
vn 0.8084 -0.5887 -0.0000
vn 0.9495 -0.3138 -0.0000
vn 0.9969 -0.0784 -0.0000
vn -0.7005 0.0865 0.7084
vn 0.4108 0.5609 0.7188
vn -0.0158 0.0236 0.9996
vn 0.0158 0.0236 0.9996
vn -0.0079 -0.5363 0.8440
vn -0.4107 0.5608 0.7188
vn 0.7005 0.0867 0.7084
vn -0.9518 0.3067 -0.0000
vn -0.8497 -0.5272 -0.0000
vn -0.8498 -0.5271 -0.0000
vn -0.0000 0.6951 -0.7189
vn -0.4107 0.5608 -0.7188
vn 0.5609 0.4107 -0.7189
vn 0.0079 -0.5364 -0.8440
vn -0.0079 -0.5364 -0.8440
vn 0.2131 0.6627 -0.7180
vn -0.0158 -0.9998 0.0079
vn -0.0079 -0.9992 -0.0393
vn -0.5202 -0.6384 -0.5674
vn 0.8462 -0.5329 -0.0000
vn -0.0000 0.9804 -0.1972
vn -0.6298 -0.7689 -0.1103
vn -0.6285 -0.7689 -0.1177
vn -0.6862 -0.7270 0.0256
vn -0.6307 -0.7655 -0.1275
vn -0.6284 -0.7689 -0.1178
vn -0.5407 -0.8071 -0.2373
vn -0.3918 -0.8364 -0.3833
vn -0.2039 -0.8556 -0.4758
vn -0.7071 -0.6933 0.1394
vn -0.6855 -0.7278 0.0178
vn -0.0000 -0.7170 0.6970
vn -0.0000 -0.7170 0.6971
vn 0.0025 -0.7133 0.7008
vn 0.0036 -0.7170 0.6970
vn 0.6987 -0.7081 0.1024
vn -0.0000 -0.8202 -0.5721
vn -0.1026 -0.8579 -0.5035
vn -0.1025 -0.8579 -0.5035
vn 0.7071 -0.6929 0.1411
vn -0.0000 -0.9804 0.1972
vn -0.0079 -0.9847 0.1740
vn -0.0000 -0.9937 0.1119
vn -0.0237 -0.9959 0.0877
vn -0.0393 -0.9853 0.1661
vn -0.0314 -0.9869 0.1584
vn -0.0315 -0.9869 0.1584
vn -0.0157 -0.9885 0.1507
vn -0.0078 -0.9886 0.1507
vn -0.6284 -0.7689 -0.1177
vn -0.6307 -0.7655 -0.1274
vn -0.6297 -0.7689 -0.1103
vn -0.7071 -0.6932 0.1394
vn -0.6915 -0.7212 0.0409
vn -0.0002 0.1974 0.9803
vn -0.5379 0.6555 0.5301
vn -0.5381 0.6553 0.5301
vn -0.5353 -0.3960 0.7461
vn 0.5404 -0.3986 0.7410
vn 0.5366 -0.3984 0.7439
vn 0.5306 0.6802 0.5058
vn 0.5381 0.6544 0.5313
vn 0.0002 0.1972 0.9804
vn -0.0000 0.1972 0.9804
vn -0.0000 0.1952 0.9808
vn -0.0002 0.1953 0.9808
vn -0.0000 0.1954 0.9807
vn -0.0052 0.1953 0.9807
vn -0.0005 0.1952 0.9808
vn -0.0025 0.1972 0.9804
vn 0.0002 0.1970 0.9804
vn -0.0006 0.1953 0.9808
vn -0.0000 0.1970 0.9804
vn -0.0025 0.2130 0.9770
vn -0.0005 0.1943 0.9809
vn -0.5379 -0.3996 0.7423
vn -0.5380 -0.3994 0.7423
vn -0.5353 0.6536 0.5350
vn -0.6459 0.6390 -0.4177
vn -0.6942 0.6727 -0.2560
vn -0.6935 0.6705 -0.2635
vn -0.9495 -0.0619 -0.3077
vn -0.8084 -0.1161 -0.5771
vn -0.5887 -0.1594 -0.7925
vn -0.5886 -0.1594 -0.7925
vn -0.9963 -0.0170 -0.0846
vn -0.8403 0.1069 0.5314
vn -0.6862 -0.7270 0.0255
vn -0.6518 0.6387 -0.4089
vn -0.6518 0.6387 -0.4088
vn -0.5662 0.6209 -0.5420
vn -0.5662 0.6210 -0.5420
vn -0.4089 0.5899 -0.6962
vn -0.4090 0.5900 -0.6962
vn -0.2204 0.5812 -0.7834
vn -0.4089 0.5899 -0.6963
vn -0.2204 0.5811 -0.7834
vn -0.2279 0.5801 -0.7820
vn -0.7071 0.6932 -0.1394
vn -0.7071 0.6933 -0.1394
vn -0.0000 0.9308 0.3656
vn -0.0068 0.9430 0.3328
vn 0.6665 0.7241 -0.1776
vn -0.0000 0.5352 -0.8448
vn -0.1260 0.5769 -0.8070
vn -0.1260 0.5769 -0.8071
vn -0.1338 0.5763 -0.8062
vn 0.6961 0.7035 -0.1432
vn -0.0079 0.9754 -0.2203
vn -0.0000 0.9597 -0.2810
vn -0.0237 0.9547 -0.2967
vn -0.0000 0.9597 -0.2811
vn -0.0393 0.9729 -0.2278
vn -0.0315 0.9714 -0.2355
vn -0.0157 0.9698 -0.2432
vn -0.0075 0.9699 -0.2433
vn -0.6458 0.6390 -0.4178
vn -0.5662 0.6210 -0.5421
vn -0.1183 0.5774 -0.8078
vn -0.3068 -0.1877 -0.9331
vn 0.6456 -0.1506 -0.7487
vn 0.5602 0.3566 -0.7477
vn 0.5601 0.3566 -0.7477
vn 0.6952 -0.1418 -0.7047
vn 0.5601 -0.6179 -0.5518
vn -0.0000 -0.8201 -0.5722
vn -0.1580 -0.1947 -0.9680
vn -0.1580 -0.1947 -0.9681
vn -0.0000 -0.1972 -0.9804
vn 0.8404 0.1058 0.5316
vn 0.8404 0.1058 0.5315
vn 0.6630 0.4420 -0.6042
vn 0.6674 -0.6379 -0.3842
vn 0.6673 -0.6379 -0.3844
vn 0.5602 -0.6180 -0.5516
vn 0.7071 0.6932 -0.1394
vn 0.7105 -0.6896 0.1399
vn 0.6630 -0.6413 -0.3863
vn 0.6312 0.4341 -0.6428
vn 0.6313 0.4342 -0.6426
vn -0.2131 -0.5641 0.7978
vn -0.4178 -0.5836 0.6963
vn -0.2131 -0.5641 0.7977
vn -0.5676 -0.6131 0.5495
vn -0.5676 -0.6132 0.5494
vn -0.5675 -0.6131 0.5495
vn -0.6590 -0.6412 0.3931
vn -0.5676 -0.6132 0.5495
vn -0.6591 -0.6412 0.3930
vn -0.6591 -0.6412 0.3931
vn -0.6995 -0.6733 0.2397
vn -0.0000 -0.9347 -0.3555
vn 0.0001 -0.9348 -0.3553
vn -0.0000 -0.9347 -0.3554
vn 0.6828 -0.7094 0.1747
vn -0.0000 -0.5538 0.8327
vn -0.1099 -0.5550 0.8245
vn 0.7071 -0.6932 0.1394
vn -0.0000 -0.9660 0.2584
vn -0.0079 -0.9771 0.2126
vn -0.0078 -0.9718 0.2356
vn -0.0236 -0.9734 0.2279
vn -0.0315 -0.9749 0.2202
vn -0.0315 -0.9750 0.2202
vn -0.0157 -0.9639 0.2660
vn -0.2131 -0.5640 0.7978
vn -0.4178 -0.5836 0.6964
vn -0.5675 -0.6131 0.5496
vn -0.7000 -0.6754 0.2321
vn -0.1099 -0.5551 0.8245
vn -0.3068 0.1877 0.9331
vn -0.5886 0.1594 0.7925
vn -0.3067 0.1877 0.9331
vn -0.5886 0.1593 0.7925
vn -0.8084 0.1161 0.5771
vn 0.6541 0.1492 0.7416
vn 0.6539 0.1492 0.7417
vn 0.5691 0.6238 0.5358
vn -0.0000 0.8327 0.5538
vn 0.5691 -0.3681 0.7352
vn 0.5691 -0.3681 0.7353
vn -0.1491 0.1950 0.9694
vn -0.6590 0.7433 0.1146
vn -0.6995 0.7136 -0.0393
vn -0.7000 0.7126 -0.0470
vn -0.6995 -0.6733 0.2396
vn -0.9518 0.0605 0.3007
vn -0.9518 0.0605 0.3008
vn -0.9969 0.0155 0.0769
vn -0.9969 0.0155 0.0770
vn -0.8498 -0.1039 -0.5168
vn -0.8497 -0.1040 -0.5168
vn -0.6591 0.7433 0.1146
vn -0.7000 0.7126 -0.0471
vn -0.2131 0.8287 0.5176
vn -0.4178 0.8075 0.4165
vn -0.2131 0.8286 0.5176
vn -0.4178 0.8074 0.4166
vn -0.5676 0.7779 0.2696
vn -0.4178 0.8074 0.4165
vn -0.5676 0.7779 0.2697
vn -0.0000 0.7216 -0.6923
vn -0.0000 0.7217 -0.6923
vn -0.0000 0.7217 -0.6922
vn 0.6788 0.7242 -0.1215
vn -0.1100 0.8307 0.5458
vn -0.1099 0.8307 0.5458
vn -0.0000 0.9908 -0.1352
vn -0.0079 0.9833 -0.1817
vn -0.0236 0.9858 -0.1662
vn -0.0079 0.9873 -0.1585
vn -0.0315 0.9843 -0.1739
vn -0.0157 0.9917 -0.1274
vn -0.0079 0.9833 -0.1818
vn -0.0078 0.9873 -0.1585
vn -0.5675 0.7779 0.2697
vn -0.6591 0.7433 0.1145
vn 0.0001 -0.1974 -0.9803
vn 0.5441 0.4074 -0.7335
vn 0.5441 0.4075 -0.7335
vn 0.5441 -0.6593 -0.5189
vn 0.5441 -0.6594 -0.5189
vn -0.5441 -0.6593 -0.5189
vn -0.5440 0.4074 -0.7335
vn -0.5441 0.4075 -0.7334
vn -0.0000 -0.1971 -0.9804
vn 0.0002 -0.1970 -0.9804
vn -0.0000 -0.1973 -0.9803
vn 0.0002 -0.1972 -0.9804
vn -0.0001 -0.1974 -0.9803
vn 0.0002 -0.1971 -0.9804
vn -0.0001 -0.1973 -0.9803
vn -0.5441 -0.6594 -0.5188
vn -0.5441 -0.6594 -0.5189
vn -0.5440 0.4073 -0.7336
vn -0.5441 0.4075 -0.7335
vn 0.8498 -0.1040 -0.5168
vn 0.6312 0.6427 0.4341
vn 0.7109 0.1387 0.6895
vn 0.5692 0.6238 0.5356
vn 0.6561 -0.4132 0.6315
vn 0.6385 -0.4074 0.6529
vn 0.6386 -0.4074 0.6529
vn 0.6285 0.6414 0.4400
vn 0.1895 0.3758 0.9071
vn 0.1422 0.3326 0.9323
vn 0.1422 0.0538 0.9884
vn 0.1895 0.0042 0.9819
vn -0.1895 0.3758 0.9071
vn -0.1422 0.3326 0.9323
vn -0.0000 0.6715 0.7410
vn -0.4903 0.5819 0.6488
vn -0.5456 0.1653 0.8216
vn -0.1895 0.0042 0.9819
vn -0.1422 0.0538 0.9884
vn -0.4816 -0.3104 0.8196
vn 0.4795 0.5880 0.6514
vn 0.5363 0.1664 0.8274
vn 0.5364 0.1664 0.8274
vn 0.4728 -0.3081 0.8255
vn -0.0000 -0.3492 0.9370
vn -0.0001 0.1972 0.9804
vn -0.4817 -0.3104 0.8195
vn -0.4902 0.5819 0.6489
vn -0.7419 0.6574 -0.1322
vn -0.7226 -0.6777 0.1363
vn -0.7418 0.6574 -0.1322
vn 0.0001 -0.1971 -0.9804
vn -0.0001 -0.1971 -0.9804
vn -0.5454 -0.1653 -0.8217
vn -0.5455 -0.1653 -0.8216
vn 0.5272 -0.1675 -0.8331
vn 0.5272 -0.1676 -0.8331
vn -0.0000 0.3265 -0.9452
vn -0.0000 0.3268 -0.9451
vn -0.4901 0.2859 -0.8234
vn 0.4733 0.2915 -0.8312
vn 0.4728 -0.6034 -0.6422
vn -0.0000 -0.6844 -0.7292
vn -0.0000 -0.6844 -0.7291
vn -0.4817 -0.6031 -0.6358
vn 0.7302 0.6698 -0.1347
vn 0.7108 -0.6895 0.1387
vn 0.7110 -0.6894 0.1387
vt -1.577040 1.199810
vt -1.573030 1.201130
vt -1.575690 1.215320
vt -1.569020 1.202450
vt -1.564760 1.184890
vt -1.561340 1.187370
vt -1.551880 1.172010
vt -1.549400 1.175430
vt -1.535660 1.163750
vt -1.534350 1.167770
vt -1.571520 1.322970
vt -1.575690 1.322980
vt -1.571520 1.215320
vt -1.517670 1.323000
vt -1.517670 1.331800
vt -1.566590 1.331800
vt -1.463190 1.322970
vt -1.468120 1.331800
vt -1.521840 1.165790
vt -1.517670 1.211240
vt -1.521740 1.215320
vt -1.463190 1.211240
vt -1.521920 1.161570
vt -1.463190 1.215330
vt -1.454840 1.215330
vt -1.454840 1.322980
vt -1.568180 1.182400
vt -1.554370 1.168590
vt -1.536960 1.159730
vt -1.579870 1.322980
vt -1.579870 1.215320
vt -1.521990 1.157360
vt -1.460560 1.293810
vt -1.464360 1.297600
vt -1.468150 1.294080
vt -1.454840 1.298740
vt -1.459010 1.302920
vt -1.571520 1.307090
vt -1.575700 1.302920
vt -1.570350 1.297600
vt -1.566560 1.301400
vt -1.579870 1.190410
vt -1.571520 1.182060
vt -1.566560 1.187760
vt -1.574140 1.195350
vt -1.463190 1.182060
vt -1.454840 1.190410
vt -1.460560 1.195350
vt -1.468150 1.187760
vt -1.566600 1.293830
vt -1.468150 1.301400
vt -1.468150 1.195100
vt -1.566600 1.195330
vt -1.460560 1.244900
vt -1.574140 1.244900
vt -1.574140 1.293810
vt -1.579870 1.298740
vt -1.463190 1.307090
vt -1.577530 1.202450
vt -1.575700 1.215320
vt -1.464870 1.199810
vt -1.459010 1.215320
vt -1.463190 1.215320
vt -1.569280 1.199810
vt -1.569280 1.182400
vt -1.464870 1.182400
vt -1.569280 1.168590
vt -1.464870 1.168590
vt -1.571520 1.322980
vt -1.463190 1.322980
vt -1.468150 1.331800
vt -1.566560 1.331800
vt -1.461080 1.201130
vt -1.454840 1.215320
vt -1.459010 1.322980
vt -1.573400 1.201130
vt -1.457660 1.199810
vt -1.461670 1.201130
vt -1.469950 1.184890
vt -1.466530 1.182400
vt -1.465690 1.202450
vt -1.482820 1.172010
vt -1.480340 1.168590
vt -1.499050 1.163750
vt -1.497740 1.159730
vt -1.517030 1.323000
vt -1.517030 1.331800
vt -1.517030 1.166850
vt -1.512860 1.165790
vt -1.512970 1.215320
vt -1.517030 1.211240
vt -1.571520 1.215330
vt -1.512790 1.161570
vt -1.512710 1.157360
vt -1.579870 1.215330
vt -1.473370 1.187370
vt -1.485310 1.175430
vt -1.500350 1.167770
vt -1.569280 1.281590
vt -1.569280 1.264190
vt -1.464870 1.264190
vt -1.464870 1.281590
vt -1.569950 1.249220
vt -1.568130 1.244900
vt -1.466700 1.244900
vt -1.464870 1.249220
vt -1.575420 1.190410
vt -1.575800 1.244900
vt -1.569770 1.186270
vt -1.464940 1.186270
vt -1.459280 1.190410
vt -1.454840 1.248960
vt -1.458900 1.244900
vt -1.466580 1.161050
vt -1.464750 1.157360
vt -1.460960 1.161570
vt -1.568010 1.161050
vt -1.573270 1.166850
vt -1.577410 1.165790
vt -1.573620 1.161570
vt -1.575800 1.211240
vt -1.569770 1.211240
vt -1.575420 1.211240
vt -1.454840 1.322970
vt -1.579870 1.322970
vt -1.460600 1.166850
vt -1.458900 1.211240
vt -1.569840 1.157360
vt -1.457180 1.165790
vt -1.491520 1.900610
vt -1.492830 1.904630
vt -1.509050 1.896360
vt -1.506570 1.892940
vt -1.521930 1.883490
vt -1.518510 1.881000
vt -1.530200 1.867250
vt -1.526190 1.865930
vt -1.532870 1.850960
vt -1.420360 1.761940
vt -1.474210 1.761930
vt -1.474210 1.752810
vt -1.425290 1.752830
vt -1.528690 1.761940
vt -1.523760 1.752830
vt -1.474210 1.901460
vt -1.478530 1.902590
vt -1.478430 1.850920
vt -1.474210 1.855340
vt -1.420360 1.850920
vt -1.494140 1.908650
vt -1.478610 1.906800
vt -1.478690 1.911020
vt -1.412010 1.850920
vt -1.528690 1.850960
vt -1.511540 1.899780
vt -1.525350 1.885970
vt -1.534220 1.868570
vt -1.537040 1.850960
vt -1.422350 1.851520
vt -1.422350 1.868930
vt -1.526700 1.868930
vt -1.526700 1.851520
vt -1.422350 1.882740
vt -1.526700 1.882740
vt -1.423580 1.831590
vt -1.422350 1.836080
vt -1.526700 1.836080
vt -1.525050 1.831590
vt -1.422180 1.773770
vt -1.420360 1.769400
vt -1.412010 1.777750
vt -1.416630 1.777750
vt -1.412010 1.835820
vt -1.537040 1.777750
vt -1.532420 1.777750
vt -1.532820 1.831590
vt -1.528690 1.769400
vt -1.526870 1.773770
vt -1.416230 1.831590
vt -1.526700 1.868570
vt -1.413960 1.865930
vt -1.416180 1.850960
vt -1.412010 1.850960
vt -1.537040 1.761940
vt -1.532870 1.761940
vt -1.416180 1.761940
vt -1.412010 1.761940
vt -1.526700 1.885970
vt -1.422360 1.868570
vt -1.422360 1.885970
vt -1.528690 1.761930
vt -1.420360 1.761930
vt -1.420360 1.850960
vt -1.523730 1.752820
vt -1.425320 1.752820
vt -1.418160 1.867250
vt -1.530900 1.867250
vt -1.454920 1.908650
vt -1.456220 1.904630
vt -1.440000 1.896360
vt -1.437510 1.899780
vt -1.427120 1.883490
vt -1.423700 1.885970
vt -1.418850 1.867250
vt -1.414840 1.868570
vt -1.416190 1.850960
vt -1.474850 1.761930
vt -1.474850 1.752830
vt -1.425290 1.752840
vt -1.523760 1.752840
vt -1.470520 1.902590
vt -1.474850 1.901460
vt -1.474850 1.855340
vt -1.470620 1.850920
vt -1.528690 1.855340
vt -1.457530 1.900610
vt -1.470440 1.906800
vt -1.528690 1.850920
vt -1.537040 1.850920
vt -1.537040 1.761930
vt -1.442480 1.892940
vt -1.430540 1.881000
vt -1.422860 1.865930
vt -1.470360 1.911020
vt -1.531320 1.831590
vt -1.531320 1.782680
vt -1.523520 1.782780
vt -1.523620 1.831600
vt -1.523730 1.775100
vt -1.417740 1.782680
vt -1.425320 1.775100
vt -1.412010 1.886080
vt -1.416180 1.890250
vt -1.421530 1.884940
vt -1.417740 1.881150
vt -1.528690 1.894430
vt -1.532870 1.890250
vt -1.527520 1.884940
vt -1.523730 1.888730
vt -1.425320 1.831600
vt -1.425320 1.784000
vt -1.417740 1.831590
vt -1.425320 1.881370
vt -1.523720 1.881360
vt -1.425320 1.888730
vt -1.531320 1.881150
vt -1.420360 1.894430
vt -1.537040 1.886080
vt -1.423580 1.907170
vt -1.417810 1.901460
vt -1.413960 1.902590
vt -1.418150 1.906800
vt -1.422180 1.855340
vt -1.526870 1.855340
vt -1.416630 1.855340
vt -1.526700 1.911020
vt -1.530890 1.906800
vt -1.525050 1.907170
vt -1.531180 1.901460
vt -1.416230 1.855340
vt -1.532820 1.855340
vt -1.535090 1.902590
vt -1.422350 1.911020
vt 0.991005 0.587242
vt 0.991009 0.563271
vt 1.100010 0.563271
vt 1.100000 0.587242
vt 0.991907 0.524748
vt 1.099860 0.524748
vt 1.080820 0.544201
vt 1.011190 0.544201
vt 1.011190 0.613919
vt 0.991914 0.633746
vt 0.983196 0.633746
vt 0.983196 0.524748
vt 0.991908 0.641617
vt 0.987552 0.637681
vt 1.099890 0.641617
vt 1.099890 0.633746
vt 1.080820 0.613919
vt 1.104000 0.637681
vt 0.991908 0.516580
vt 1.099860 0.516580
vt 1.108110 0.524748
vt 1.108110 0.633746
vt 1.046010 0.578984
vt 0.991408 0.563271
vt 1.099400 0.563271
vt 1.099400 0.587242
vt 0.991412 0.587242
vt 1.103750 0.563271
vt 1.103750 0.587242
vt 0.987304 0.587242
vt 0.987302 0.563271
vt 0.983196 0.587242
vt 0.983196 0.563271
vt 1.108110 0.563271
vt 1.108110 0.587242
vt 0.991302 0.587242
vt 0.991302 0.563271
vt 1.100300 0.563271
vt 1.100300 0.587242
vt 1.045310 0.579099
vt 0.991408 0.524748
vt 1.099390 0.524743
vt 1.099400 0.633742
vt 0.991411 0.633746
vt 1.099400 0.641617
vt 0.991408 0.641617
vt 0.991440 0.516580
vt 1.099400 0.516580
vt 1.108110 0.524743
vt 1.108110 0.633741
vt 1.103750 0.637679
vt 0.987302 0.637681
vt 1.099860 0.587242
vt 0.991908 0.587242
vt 0.991907 0.563271
vt 1.099860 0.563271
vt -0.233328 1.744900
vt -0.233328 1.769870
vt -0.345466 1.769870
vt -0.345466 1.744900
vt -0.345461 1.780640
vt -0.233151 1.780650
vt -0.226839 1.822220
vt -0.234443 1.828380
vt -0.230641 1.825300
vt -0.290134 1.765610
vt -0.326091 1.805620
vt -0.326091 1.725740
vt -0.234444 1.822050
vt -0.254177 1.805620
vt -0.254177 1.725740
vt -0.234444 1.709740
vt -0.343777 1.822050
vt -0.343785 1.709740
vt -0.347915 1.744900
vt -0.344113 1.744900
vt -0.344113 1.769870
vt -0.347915 1.769870
vt -0.234781 1.744900
vt -0.234781 1.769870
vt -0.344113 1.780630
vt -0.234779 1.780640
vt -0.230760 1.744900
vt -0.230760 1.769870
vt -0.226739 1.744900
vt -0.226739 1.769870
vt -0.351718 1.769870
vt -0.351718 1.744900
vt -0.345405 1.780630
vt -0.345227 1.769870
vt -0.232924 1.769870
vt -0.233094 1.780630
vt -0.232924 1.744900
vt -0.345227 1.744900
vt -0.234781 1.822050
vt -0.226739 1.822050
vt -0.230760 1.825210
vt -0.344113 1.703350
vt -0.344113 1.709740
vt -0.351818 1.709920
vt -0.234781 1.703350
vt -0.234781 1.709740
vt -0.226739 1.709910
vt -0.344113 1.822050
vt -0.351718 1.822220
vt -0.344113 1.828380
vt -0.234781 1.828380
vt -0.351817 1.769870
vt -0.351817 1.744900
vt -0.343776 1.744900
vt -0.343776 1.769870
vt -0.234443 1.769870
vt -0.234443 1.744900
vt -0.234444 1.780630
vt -0.343785 1.780650
vt 0.236328 0.732422
vt 0.299223 0.452692
vt 0.315871 0.447266
vt 0.324087 0.447266
vt 0.310582 0.452692
vt 0.285110 0.468146
vt 0.299134 0.468146
vt 0.275679 0.491274
vt 0.291484 0.491274
vt 0.272368 0.518555
vt 0.288798 0.518555
vt 0.272368 0.661133
vt 0.288798 0.661133
vt 0.275679 0.688414
vt 0.291484 0.688414
vt 0.285110 0.711542
vt 0.299134 0.711542
vt 0.299223 0.726995
vt 0.310582 0.726995
vt 0.315871 0.732422
vt 0.324087 0.732422
vt 0.333374 0.447266
vt 0.323424 0.452692
vt 0.314989 0.468146
vt 0.309352 0.491274
vt 0.307373 0.518555
vt 0.307373 0.661133
vt 0.309352 0.688414
vt 0.314989 0.711542
vt 0.323424 0.726995
vt 0.333374 0.732422
vt 0.343451 0.447266
vt 0.337358 0.452692
vt 0.332192 0.468146
vt 0.328740 0.491274
vt 0.327528 0.518555
vt 0.327528 0.661133
vt 0.328740 0.688414
vt 0.332192 0.711542
vt 0.337358 0.726995
vt 0.343451 0.732422
vt 0.354013 0.447266
vt 0.351961 0.452692
vt 0.350221 0.468146
vt 0.349059 0.491274
vt 0.348651 0.518555
vt 0.348651 0.661133
vt 0.349059 0.688414
vt 0.350221 0.711542
vt 0.351961 0.726995
vt 0.354013 0.732422
vt 0.364737 0.447266
vt 0.366789 0.452692
vt 0.368529 0.468146
vt 0.369691 0.491274
vt 0.370099 0.518555
vt 0.370099 0.661133
vt 0.369691 0.688414
vt 0.368529 0.711542
vt 0.366789 0.726995
vt 0.364737 0.732422
vt 0.375299 0.447266
vt 0.381392 0.452692
vt 0.386558 0.468146
vt 0.390010 0.491274
vt 0.391222 0.518555
vt 0.391222 0.661133
vt 0.390010 0.688414
vt 0.386558 0.711542
vt 0.381392 0.726995
vt 0.375299 0.732422
vt 0.385376 0.447266
vt 0.395326 0.452692
vt 0.403761 0.468146
vt 0.409398 0.491274
vt 0.411377 0.518555
vt 0.411377 0.661133
vt 0.409398 0.688414
vt 0.403761 0.711542
vt 0.395326 0.726995
vt 0.385376 0.732422
vt 0.394663 0.447266
vt 0.408168 0.452692
vt 0.419616 0.468146
vt 0.427266 0.491274
vt 0.429952 0.518555
vt 0.429952 0.661133
vt 0.427266 0.688414
vt 0.419616 0.711542
vt 0.408168 0.726995
vt 0.394663 0.732422
vt 0.402879 0.447266
vt 0.419527 0.452692
vt 0.433640 0.468146
vt 0.443071 0.491274
vt 0.446382 0.518555
vt 0.446382 0.661133
vt 0.443071 0.688414
vt 0.433640 0.711542
vt 0.419527 0.726995
vt 0.402879 0.732422
vt 0.602538 1.267690
vt 0.633740 1.288490
vt 0.629055 1.294200
vt 0.638114 1.279550
vt 0.583788 1.294200
vt 0.583788 1.288490
vt 0.621288 1.288490
vt 0.623339 1.298890
vt 0.640038 1.267690
vt 0.583788 1.279550
vt 0.621288 1.279550
vt 0.621288 1.294200
vt 0.583788 1.246890
vt 0.583788 1.241170
vt 0.621288 1.241170
vt 0.614397 1.303260
vt 0.638114 1.255830
vt 0.583788 1.267690
vt 0.621288 1.267690
vt 0.580697 1.282250
vt 0.571336 1.288490
vt 0.580259 1.281350
vt 0.566963 1.279550
vt 0.577635 1.275990
vt 0.576022 1.294200
vt 0.583508 1.285680
vt 0.583977 1.286250
vt 0.621288 1.246890
vt 0.583788 1.255830
vt 0.602538 1.305190
vt 0.633740 1.246890
vt 0.621288 1.255830
vt 0.577443 1.274800
vt 0.565038 1.267690
vt 0.576288 1.267690
vt 0.581737 1.298890
vt 0.587406 1.289060
vt 0.587977 1.289530
vt 0.590680 1.303260
vt 0.629055 1.241170
vt 0.576481 1.266500
vt 0.566963 1.255830
vt 0.577635 1.259390
vt 0.593343 1.292150
vt 0.594237 1.292590
vt 0.623339 1.236490
vt 0.578073 1.258490
vt 0.571336 1.246890
vt 0.580697 1.253130
vt 0.601352 1.293740
vt 0.602538 1.293940
vt 0.614397 1.232110
vt 0.581165 1.252550
vt 0.576022 1.241170
vt 0.583977 1.249130
vt 0.609653 1.292780
vt 0.610839 1.292590
vt 0.602538 1.230190
vt 0.584548 1.248660
vt 0.581737 1.236490
vt 0.587977 1.245850
vt 0.616205 1.289970
vt 0.617099 1.289530
vt 0.590680 1.232110
vt 0.588872 1.245410
vt 0.594237 1.242780
vt 0.620528 1.286720
vt 0.621100 1.286250
vt 0.595423 1.242590
vt 0.602538 1.241440
vt 0.623911 1.282820
vt 0.624380 1.282250
vt 0.610839 1.242780
vt 0.603724 1.241630
vt 0.627004 1.276880
vt 0.627441 1.275990
vt 0.617099 1.245850
vt 0.611733 1.243220
vt 0.628596 1.268870
vt 0.628788 1.267690
vt 0.621100 1.249130
vt 0.617671 1.246310
vt 0.627634 1.260570
vt 0.627441 1.259390
vt 0.624380 1.253130
vt 0.621568 1.249700
vt 0.624817 1.254020
vt 0.583788 1.285680
vt 0.583788 1.282250
vt 0.598789 1.282250
vt 0.598789 1.286250
vt 0.583788 1.281350
vt 0.583788 1.275990
vt 0.598789 1.275990
vt 0.583788 1.286250
vt 0.583788 1.252550
vt 0.583788 1.249130
vt 0.598789 1.249130
vt 0.598789 1.253130
vt 0.583788 1.274800
vt 0.598789 1.267690
vt 0.583788 1.253130
vt 0.583788 1.258490
vt 0.598789 1.259390
vt 0.583788 1.266500
vt 0.583788 1.259390
vt 0.621288 1.249700
vt 0.621288 1.253130
vt 0.606287 1.253130
vt 0.606287 1.249130
vt 0.621288 1.249130
vt 0.621288 1.254020
vt 0.621288 1.259390
vt 0.606287 1.259390
vt 0.621288 1.282820
vt 0.621288 1.286250
vt 0.606287 1.286250
vt 0.606287 1.282250
vt 0.621288 1.260570
vt 0.606287 1.267690
vt 0.621288 1.282250
vt 0.621288 1.276880
vt 0.606287 1.275990
vt 0.621288 1.268870
vt 0.621288 1.275990
vt -0.190850 1.175610
vt -0.170049 1.189470
vt -0.173172 1.193280
vt -0.167133 1.183510
vt -0.203350 1.193280
vt -0.203350 1.189470
vt -0.178350 1.189470
vt -0.176982 1.196410
vt -0.165850 1.175610
vt -0.203350 1.183510
vt -0.178350 1.183510
vt -0.178350 1.193280
vt -0.203350 1.161740
vt -0.203350 1.157930
vt -0.178350 1.157930
vt -0.182944 1.199320
vt -0.167133 1.167700
vt -0.203350 1.175610
vt -0.178350 1.175610
vt -0.205411 1.185310
vt -0.211651 1.189470
vt -0.205702 1.184720
vt -0.214567 1.183510
vt -0.207452 1.181140
vt -0.208528 1.193280
vt -0.203537 1.187600
vt -0.203224 1.187980
vt -0.178350 1.161740
vt -0.203350 1.167700
vt -0.190850 1.200610
vt -0.170049 1.161740
vt -0.178350 1.167700
vt -0.207580 1.180350
vt -0.215850 1.175610
vt -0.208350 1.175610
vt -0.204717 1.196410
vt -0.200938 1.189860
vt -0.200557 1.190170
vt -0.198756 1.199320
vt -0.173172 1.157930
vt -0.208222 1.174820
vt -0.214567 1.167700
vt -0.207452 1.170070
vt -0.196980 1.191920
vt -0.196384 1.192210
vt -0.204718 1.196410
vt -0.176982 1.154810
vt -0.207160 1.169480
vt -0.211651 1.161740
vt -0.205411 1.165900
vt -0.191641 1.192980
vt -0.190850 1.193110
vt -0.182944 1.151890
vt -0.205098 1.165520
vt -0.208528 1.157930
vt -0.203224 1.163230
vt -0.186107 1.192340
vt -0.185316 1.192210
vt -0.190850 1.150610
vt -0.202843 1.162920
vt -0.204718 1.154810
vt -0.200557 1.161050
vt -0.181739 1.190460
vt -0.181143 1.190170
vt -0.198756 1.151890
vt -0.199961 1.160750
vt -0.196384 1.159010
vt -0.178857 1.188290
vt -0.178476 1.187980
vt -0.195593 1.158880
vt -0.190850 1.158110
vt -0.176601 1.185700
vt -0.176289 1.185310
vt -0.185316 1.159010
vt -0.190059 1.158240
vt -0.174540 1.181740
vt -0.174248 1.181140
vt -0.181143 1.161050
vt -0.184720 1.159300
vt -0.173478 1.176400
vt -0.173350 1.175610
vt -0.178476 1.163230
vt -0.180762 1.161360
vt -0.174120 1.170860
vt -0.174248 1.170070
vt -0.176289 1.165900
vt -0.178163 1.163610
vt -0.175997 1.166500
vt -0.203350 1.187600
vt -0.203350 1.185310
vt -0.193349 1.185310
vt -0.193349 1.187980
vt -0.203350 1.184720
vt -0.203350 1.181140
vt -0.193349 1.181140
vt -0.203350 1.187980
vt -0.203350 1.165520
vt -0.203350 1.163230
vt -0.193349 1.163230
vt -0.193349 1.165900
vt -0.203350 1.180350
vt -0.193349 1.175610
vt -0.203350 1.165900
vt -0.203350 1.169480
vt -0.193349 1.170070
vt -0.203350 1.174820
vt -0.203350 1.170070
vt -0.178350 1.163610
vt -0.178350 1.165900
vt -0.188351 1.165900
vt -0.188351 1.163230
vt -0.178350 1.163230
vt -0.178350 1.166500
vt -0.178350 1.170070
vt -0.188351 1.170070
vt -0.178350 1.185700
vt -0.178350 1.187980
vt -0.188351 1.187980
vt -0.188351 1.185310
vt -0.178350 1.170860
vt -0.188351 1.175610
vt -0.178350 1.185310
vt -0.178350 1.181740
vt -0.188351 1.181140
vt -0.178350 1.176400
vt -0.178350 1.181140
vt 0.361004 1.193050
vt 0.392206 1.213850
vt 0.387520 1.219570
vt 0.396579 1.204910
vt 0.342254 1.219570
vt 0.342254 1.213850
vt 0.379754 1.213850
vt 0.381805 1.224250
vt 0.398504 1.193050
vt 0.342254 1.204910
vt 0.379754 1.204910
vt 0.379754 1.219570
vt 0.342254 1.172250
vt 0.342254 1.166540
vt 0.379754 1.166540
vt 0.372862 1.228630
vt 0.396579 1.181190
vt 0.342254 1.193050
vt 0.379754 1.193050
vt 0.339162 1.207610
vt 0.329802 1.213850
vt 0.338725 1.206720
vt 0.325428 1.204910
vt 0.336101 1.201350
vt 0.334487 1.219570
vt 0.341973 1.211040
vt 0.342442 1.211610
vt 0.379754 1.172250
vt 0.342254 1.181190
vt 0.361004 1.230550
vt 0.392206 1.172250
vt 0.379754 1.181190
vt 0.335908 1.200170
vt 0.323504 1.193050
vt 0.334754 1.193050
vt 0.340202 1.224250
vt 0.345871 1.214430
vt 0.346443 1.214890
vt 0.349145 1.228630
vt 0.387520 1.166540
vt 0.334946 1.191870
vt 0.325428 1.181190
vt 0.336101 1.184750
vt 0.351808 1.217520
vt 0.352703 1.217960
vt 0.381805 1.161850
vt 0.336538 1.183860
vt 0.329802 1.172250
vt 0.339162 1.178490
vt 0.359818 1.219110
vt 0.361004 1.219300
vt 0.372862 1.157480
vt 0.339631 1.177920
vt 0.334487 1.166540
vt 0.342442 1.174490
vt 0.368119 1.218150
vt 0.369305 1.217960
vt 0.361004 1.155550
vt 0.343014 1.174020
vt 0.340202 1.161850
vt 0.346443 1.171210
vt 0.374670 1.215330
vt 0.375565 1.214890
vt 0.349145 1.157480
vt 0.347337 1.170770
vt 0.352703 1.168150
vt 0.378994 1.212080
vt 0.379565 1.211610
vt 0.353889 1.167960
vt 0.361004 1.166800
vt 0.382376 1.208190
vt 0.382845 1.207610
vt 0.369305 1.168150
vt 0.362190 1.167000
vt 0.385469 1.202250
vt 0.385907 1.201350
vt 0.375565 1.171210
vt 0.370199 1.168590
vt 0.387061 1.194240
vt 0.387254 1.193050
vt 0.379565 1.174490
vt 0.376136 1.171680
vt 0.386099 1.185940
vt 0.385907 1.184750
vt 0.382845 1.178490
vt 0.380034 1.175060
vt 0.383282 1.179390
vt 0.342254 1.211040
vt 0.342254 1.207610
vt 0.357255 1.207610
vt 0.357255 1.211610
vt 0.342254 1.206720
vt 0.342254 1.201350
vt 0.357255 1.201350
vt 0.342254 1.211610
vt 0.342254 1.177920
vt 0.342254 1.174490
vt 0.357255 1.174490
vt 0.357255 1.178490
vt 0.342254 1.200170
vt 0.357255 1.193050
vt 0.342254 1.178490
vt 0.342254 1.183860
vt 0.357255 1.184750
vt 0.342254 1.191870
vt 0.342254 1.184750
vt 0.379754 1.175060
vt 0.379754 1.178490
vt 0.364752 1.178490
vt 0.364752 1.174490
vt 0.379754 1.174490
vt 0.379754 1.179390
vt 0.379754 1.184750
vt 0.364752 1.184750
vt 0.379754 1.208190
vt 0.379754 1.211610
vt 0.364752 1.211610
vt 0.364752 1.207610
vt 0.379754 1.185940
vt 0.364752 1.193050
vt 0.379754 1.207610
vt 0.379754 1.202250
vt 0.364752 1.201350
vt 0.379754 1.194240
vt 0.379754 1.201350
vt -0.292389 0.807813
vt -0.271588 0.821680
vt -0.274711 0.825491
vt -0.268672 0.815719
vt -0.304889 0.825491
vt -0.304889 0.821680
vt -0.279889 0.821680
vt -0.278522 0.828614
vt -0.267389 0.807813
vt -0.304889 0.815719
vt -0.279889 0.815719
vt -0.279889 0.825491
vt -0.304889 0.793945
vt -0.304889 0.790135
vt -0.279889 0.790135
vt -0.284483 0.831530
vt -0.268672 0.799907
vt -0.304889 0.807813
vt -0.279889 0.807813
vt -0.306950 0.817520
vt -0.313190 0.821680
vt -0.307241 0.816924
vt -0.316106 0.815719
vt -0.308991 0.813347
vt -0.310067 0.825491
vt -0.305076 0.819806
vt -0.304763 0.820187
vt -0.279889 0.793945
vt -0.304889 0.799907
vt -0.292389 0.832813
vt -0.271588 0.793945
vt -0.279889 0.799907
vt -0.309119 0.812556
vt -0.317389 0.807813
vt -0.309889 0.807813
vt -0.306257 0.828614
vt -0.302477 0.822061
vt -0.302096 0.822374
vt -0.300295 0.831530
vt -0.274711 0.790135
vt -0.309761 0.807022
vt -0.316106 0.799907
vt -0.308991 0.802279
vt -0.298519 0.824123
vt -0.297923 0.824415
vt -0.278522 0.787012
vt -0.308699 0.801683
vt -0.313190 0.793945
vt -0.306950 0.798106
vt -0.293180 0.825185
vt -0.292389 0.825313
vt -0.284483 0.784096
vt -0.306637 0.797725
vt -0.310067 0.790135
vt -0.304763 0.795439
vt -0.287646 0.824543
vt -0.286855 0.824415
vt -0.292389 0.782813
vt -0.304382 0.795126
vt -0.306257 0.787012
vt -0.302096 0.793252
vt -0.283278 0.822665
vt -0.282682 0.822374
vt -0.300295 0.784096
vt -0.301500 0.792961
vt -0.297923 0.791211
vt -0.280396 0.820500
vt -0.280015 0.820187
vt -0.297132 0.791083
vt -0.292389 0.790313
vt -0.278141 0.817901
vt -0.277828 0.817520
vt -0.286855 0.791211
vt -0.291598 0.790441
vt -0.276079 0.813943
vt -0.275787 0.813347
vt -0.282682 0.793252
vt -0.286259 0.791503
vt -0.275017 0.808604
vt -0.274889 0.807813
vt -0.280015 0.795439
vt -0.282301 0.793564
vt -0.275659 0.803070
vt -0.275787 0.802279
vt -0.277828 0.798106
vt -0.279702 0.795820
vt -0.277537 0.798702
vt -0.304889 0.819806
vt -0.304889 0.817520
vt -0.294888 0.817520
vt -0.294888 0.820187
vt -0.304889 0.816924
vt -0.304889 0.813347
vt -0.294888 0.813347
vt -0.304889 0.820187
vt -0.304889 0.797725
vt -0.304889 0.795439
vt -0.294888 0.795439
vt -0.294888 0.798106
vt -0.304889 0.812556
vt -0.294888 0.807813
vt -0.304889 0.798106
vt -0.304889 0.801683
vt -0.294888 0.802279
vt -0.304889 0.807022
vt -0.304889 0.802279
vt -0.279889 0.795820
vt -0.279889 0.798106
vt -0.289890 0.798106
vt -0.289890 0.795439
vt -0.279889 0.795439
vt -0.279889 0.798702
vt -0.279889 0.802279
vt -0.289890 0.802279
vt -0.279889 0.817901
vt -0.279889 0.820187
vt -0.289890 0.820187
vt -0.289890 0.817520
vt -0.279889 0.803070
vt -0.289890 0.807813
vt -0.279889 0.817520
vt -0.279889 0.813943
vt -0.289890 0.813347
vt -0.279889 0.808604
vt -0.279889 0.813347
vt 0.532074 1.067550
vt 0.563276 1.088350
vt 0.558591 1.094070
vt 0.567650 1.079410
vt 0.513324 1.094070
vt 0.513324 1.088350
vt 0.550824 1.088350
vt 0.552875 1.098750
vt 0.569574 1.067550
vt 0.513324 1.079410
vt 0.550824 1.079410
vt 0.550824 1.094070
vt 0.513324 1.046750
vt 0.513324 1.041030
vt 0.550824 1.041030
vt 0.543933 1.103130
vt 0.567650 1.055690
vt 0.513324 1.067550
vt 0.550824 1.067550
vt 0.510233 1.082110
vt 0.500872 1.088350
vt 0.509795 1.081220
vt 0.496499 1.079410
vt 0.507171 1.075850
vt 0.505558 1.094070
vt 0.513044 1.085540
vt 0.513513 1.086110
vt 0.550824 1.046750
vt 0.513324 1.055690
vt 0.532074 1.105050
vt 0.563276 1.046750
vt 0.550824 1.055690
vt 0.506979 1.074660
vt 0.494574 1.067550
vt 0.505824 1.067550
vt 0.511273 1.098750
vt 0.516942 1.088920
vt 0.517513 1.089390
vt 0.520216 1.103130
vt 0.558591 1.041030
vt 0.506017 1.066360
vt 0.496499 1.055690
vt 0.507171 1.059250
vt 0.522879 1.092020
vt 0.523773 1.092450
vt 0.552875 1.036350
vt 0.507609 1.058350
vt 0.500872 1.046750
vt 0.510233 1.052990
vt 0.530888 1.093610
vt 0.532074 1.093800
vt 0.543933 1.031970
vt 0.510701 1.052420
vt 0.505558 1.041030
vt 0.513513 1.048990
vt 0.539189 1.092640
vt 0.540375 1.092450
vt 0.532074 1.030050
vt 0.514084 1.048520
vt 0.511273 1.036350
vt 0.517513 1.045710
vt 0.545741 1.089830
vt 0.546635 1.089390
vt 0.520216 1.031970
vt 0.518408 1.045270
vt 0.523773 1.042650
vt 0.550064 1.086580
vt 0.550636 1.086110
vt 0.524959 1.042450
vt 0.532074 1.041300
vt 0.553447 1.082680
vt 0.553916 1.082110
vt 0.540375 1.042650
vt 0.533260 1.041490
vt 0.556540 1.076740
vt 0.556977 1.075850
vt 0.546635 1.045710
vt 0.541269 1.043080
vt 0.558132 1.068740
vt 0.558324 1.067550
vt 0.550636 1.048990
vt 0.547207 1.046180
vt 0.557170 1.060430
vt 0.556977 1.059250
vt 0.553916 1.052990
vt 0.551104 1.049560
vt 0.554353 1.053880
vt 0.513324 1.085540
vt 0.513324 1.082110
vt 0.528325 1.082110
vt 0.528325 1.086110
vt 0.513324 1.081220
vt 0.513324 1.075850
vt 0.528325 1.075850
vt 0.513324 1.086110
vt 0.513324 1.052420
vt 0.513324 1.048990
vt 0.528325 1.048990
vt 0.528325 1.052990
vt 0.513324 1.074660
vt 0.528325 1.067550
vt 0.513324 1.052990
vt 0.513324 1.058350
vt 0.528325 1.059250
vt 0.513324 1.066360
vt 0.513324 1.059250
vt 0.550824 1.049560
vt 0.550824 1.052990
vt 0.535823 1.052990
vt 0.535823 1.048990
vt 0.550824 1.048990
vt 0.550824 1.053880
vt 0.550824 1.059250
vt 0.535823 1.059250
vt 0.550824 1.082680
vt 0.550824 1.086110
vt 0.535823 1.086110
vt 0.535823 1.082110
vt 0.550824 1.060430
vt 0.535823 1.067550
vt 0.550824 1.082110
vt 0.550824 1.076740
vt 0.535823 1.075850
vt 0.550824 1.068740
vt 0.550824 1.075850
vt 0.193988 0.960272
vt 0.225189 0.981074
vt 0.220504 0.986789
vt 0.229563 0.972131
vt 0.175238 0.986789
vt 0.175238 0.981074
vt 0.212738 0.981074
vt 0.214789 0.991474
vt 0.231488 0.960272
vt 0.175238 0.972131
vt 0.212738 0.972131
vt 0.212738 0.986789
vt 0.175238 0.939471
vt 0.175238 0.933756
vt 0.212738 0.933756
vt 0.205846 0.995848
vt 0.229563 0.948414
vt 0.175238 0.960272
vt 0.212738 0.960272
vt 0.172146 0.974833
vt 0.162786 0.981074
vt 0.171709 0.973939
vt 0.158412 0.972131
vt 0.169085 0.968573
vt 0.167471 0.986789
vt 0.174957 0.978262
vt 0.175426 0.978834
vt 0.212738 0.939471
vt 0.175238 0.948414
vt 0.193988 0.997772
vt 0.225189 0.939471
vt 0.212738 0.948414
vt 0.168892 0.967387
vt 0.156488 0.960272
vt 0.167738 0.960272
vt 0.173186 0.991474
vt 0.178855 0.981645
vt 0.179427 0.982114
vt 0.182129 0.995848
vt 0.220504 0.933756
vt 0.167930 0.959086
vt 0.158412 0.948414
vt 0.169085 0.951971
vt 0.184792 0.984738
vt 0.185687 0.985175
vt 0.214789 0.929071
vt 0.169522 0.951077
vt 0.162786 0.939471
vt 0.172146 0.945712
vt 0.192802 0.986330
vt 0.193988 0.986522
vt 0.205846 0.924697
vt 0.172615 0.945140
vt 0.167471 0.933756
vt 0.175426 0.941711
vt 0.201103 0.985368
vt 0.202288 0.985175
vt 0.193988 0.922772
vt 0.175998 0.941242
vt 0.173186 0.929071
vt 0.179427 0.938431
vt 0.207654 0.982551
vt 0.208548 0.982114
vt 0.182129 0.924697
vt 0.180321 0.937994
vt 0.185687 0.935369
vt 0.211978 0.979303
vt 0.212549 0.978834
vt 0.186872 0.935177
vt 0.193988 0.934022
vt 0.215360 0.975405
vt 0.215829 0.974833
vt 0.202289 0.935369
vt 0.195173 0.934215
vt 0.218453 0.969468
vt 0.218890 0.968573
vt 0.208548 0.938431
vt 0.203183 0.935807
vt 0.220045 0.961458
vt 0.220238 0.960272
vt 0.212549 0.941711
vt 0.209120 0.938900
vt 0.219083 0.953157
vt 0.218890 0.951971
vt 0.215829 0.945712
vt 0.213018 0.942282
vt 0.216266 0.946606
vt 0.175238 0.978262
vt 0.175238 0.974833
vt 0.190239 0.974833
vt 0.190239 0.978834
vt 0.175238 0.973939
vt 0.175238 0.968573
vt 0.190239 0.968573
vt 0.175238 0.978834
vt 0.175238 0.945140
vt 0.175238 0.941711
vt 0.190239 0.941711
vt 0.190239 0.945712
vt 0.175238 0.967387
vt 0.190239 0.960272
vt 0.175238 0.945712
vt 0.175238 0.951077
vt 0.190239 0.951971
vt 0.175238 0.959086
vt 0.175238 0.951971
vt 0.212738 0.942282
vt 0.212738 0.945712
vt 0.197736 0.945712
vt 0.197736 0.941711
vt 0.212738 0.941711
vt 0.212738 0.946606
vt 0.212738 0.951971
vt 0.197736 0.951971
vt 0.212738 0.975405
vt 0.212738 0.978834
vt 0.197736 0.978834
vt 0.197736 0.974833
vt 0.212738 0.953157
vt 0.197736 0.960272
vt 0.212738 0.974833
vt 0.212738 0.969468
vt 0.197736 0.968573
vt 0.212738 0.961458
vt 0.212738 0.968573
vt 2.162280 1.912790
vt 2.162280 1.729620
vt 2.274620 1.729620
vt 2.274620 1.912790
vt 2.164610 1.721170
vt 2.272860 1.721170
vt 2.272860 1.921280
vt 2.164610 1.921280
vt 2.101280 1.758690
vt 2.101580 1.767010
vt 2.097460 1.761970
vt 2.093630 1.877600
vt 2.101590 1.875260
vt 2.101280 1.883750
vt 2.218850 1.820960
vt 2.336200 1.875260
vt 2.336020 1.883750
vt 2.336200 1.767010
vt 2.093630 1.765250
vt 2.101290 1.729610
vt 2.093630 1.729610
vt 2.101100 1.721160
vt 2.336020 1.729620
vt 2.343670 1.729620
vt 2.343670 1.912790
vt 2.336020 1.912790
vt 2.101290 1.912790
vt 2.093630 1.912790
vt 2.101100 1.921280
vt 2.162680 1.912790
vt 2.162680 1.729610
vt 2.275030 1.729610
vt 2.275030 1.912790
vt 2.164440 1.721160
vt 2.272690 1.721160
vt 2.272690 1.921280
vt 2.164440 1.921280
vt 2.335710 1.767010
vt 2.336020 1.758690
vt 2.339840 1.761970
vt 2.335710 1.875260
vt 2.343670 1.877600
vt 2.101100 1.875260
vt 2.101290 1.883750
vt 2.218450 1.820960
vt 2.101100 1.767010
vt 2.343670 1.765250
vt 2.097460 1.729620
vt 2.101290 1.729620
vt 2.101280 1.912790
vt 2.097460 1.912790
vt 2.336020 1.729610
vt 2.343670 1.729610
vt 2.101590 1.721170
vt 2.336200 1.721160
vt 2.101580 1.921280
vt 2.336200 1.921280
vt 2.093630 1.729620
vt 1.685860 -0.568743
vt 1.668460 -0.577611
vt 1.670950 -0.581031
vt 1.687170 -0.572762
vt 1.688480 -0.576782
vt 1.705870 -0.574139
vt 1.705870 -0.569912
vt 1.654650 -0.591423
vt 1.658070 -0.593907
vt 1.645790 -0.608826
vt 1.649800 -0.610148
vt 1.642970 -0.625746
vt 1.647140 -0.626092
vt 1.645800 -0.714590
vt 1.654670 -0.731991
vt 1.658090 -0.729507
vt 1.649810 -0.713268
vt 1.653830 -0.711945
vt 1.651320 -0.696978
vt 1.647150 -0.697325
vt 1.668480 -0.745800
vt 1.670970 -0.742380
vt 1.685890 -0.754665
vt 1.687190 -0.750645
vt 1.705890 -0.757718
vt 1.705890 -0.753491
vt 1.725180 -0.754661
vt 1.723880 -0.750641
vt 1.742580 -0.745792
vt 1.740100 -0.742373
vt 1.756390 -0.731980
vt 1.752970 -0.729496
vt 1.765260 -0.714577
vt 1.761250 -0.713255
vt 1.768080 -0.697657
vt 1.763910 -0.697312
vt 1.765250 -0.608813
vt 1.756380 -0.591412
vt 1.752960 -0.593897
vt 1.761230 -0.610136
vt 1.757220 -0.611458
vt 1.759720 -0.626426
vt 1.763900 -0.626079
vt 1.742570 -0.577603
vt 1.740080 -0.581023
vt 1.725160 -0.568738
vt 1.723860 -0.572758
vt 1.705870 -0.565685
vt 1.651320 -0.626438
vt 1.705890 -0.697664
vt 1.705880 -0.625739
vt 1.759730 -0.696966
vt 1.673430 -0.584450
vt 1.661490 -0.596391
vt 1.653810 -0.611470
vt 1.661510 -0.727022
vt 1.673450 -0.738961
vt 1.688500 -0.746625
vt 1.705890 -0.749264
vt 1.722570 -0.746621
vt 1.737610 -0.738953
vt 1.749550 -0.727012
vt 1.757230 -0.711934
vt 1.749540 -0.596382
vt 1.737600 -0.584443
vt 1.722550 -0.576779
vt 1.642970 -0.697671
vt 1.768070 -0.625732
vt 1.651360 -0.642043
vt 1.759690 -0.642043
vt 1.759690 -0.624642
vt 1.651360 -0.624642
vt 1.651360 -0.712555
vt 1.759690 -0.712555
vt 1.759690 -0.698743
vt 1.651360 -0.698743
vt 1.759690 -0.681340
vt 1.651360 -0.681340
vt 1.759690 -0.662049
vt 1.651360 -0.662049
vt 1.768040 -0.696978
vt 1.763870 -0.626092
vt 1.763870 -0.697325
vt 1.759690 -0.577611
vt 1.651360 -0.577611
vt 1.651360 -0.591423
vt 1.759690 -0.591423
vt 1.651360 -0.608826
vt 1.759690 -0.608826
vt 1.759010 -0.714590
vt 1.652040 -0.714590
vt 1.652040 -0.731991
vt 1.759010 -0.731991
vt 1.759690 -0.625746
vt 1.651360 -0.625746
vt 1.651360 -0.697671
vt 1.759690 -0.697671
vt 1.725180 -0.568743
vt 1.705180 -0.565685
vt 1.705180 -0.569912
vt 1.723880 -0.572762
vt 1.722570 -0.576782
vt 1.737610 -0.584450
vt 1.740100 -0.581031
vt 1.749550 -0.596391
vt 1.752970 -0.593907
vt 1.757230 -0.611470
vt 1.761250 -0.610148
vt 1.759730 -0.626438
vt 1.763910 -0.626092
vt 1.765250 -0.714590
vt 1.768070 -0.697671
vt 1.763900 -0.697325
vt 1.761230 -0.713268
vt 1.757220 -0.711945
vt 1.749540 -0.727022
vt 1.752960 -0.729507
vt 1.737600 -0.738961
vt 1.740080 -0.742380
vt 1.722550 -0.746625
vt 1.723860 -0.750645
vt 1.705160 -0.749264
vt 1.705160 -0.753491
vt 1.688480 -0.746621
vt 1.687170 -0.750641
vt 1.673430 -0.738953
vt 1.670950 -0.742373
vt 1.661490 -0.727012
vt 1.658070 -0.729496
vt 1.653810 -0.711934
vt 1.649800 -0.713255
vt 1.651320 -0.696966
vt 1.647140 -0.697312
vt 1.645800 -0.608813
vt 1.642970 -0.625732
vt 1.647150 -0.626079
vt 1.649810 -0.610136
vt 1.653820 -0.611458
vt 1.661510 -0.596382
vt 1.658090 -0.593897
vt 1.673450 -0.584443
vt 1.670970 -0.581023
vt 1.688500 -0.576779
vt 1.687190 -0.572758
vt 1.705180 -0.574139
vt 1.759720 -0.696978
vt 1.651320 -0.626426
vt 1.705170 -0.625739
vt 1.705160 -0.697664
vt 1.742580 -0.577611
vt 1.756390 -0.591423
vt 1.765260 -0.608826
vt 1.768080 -0.625746
vt 1.756380 -0.731991
vt 1.742570 -0.745800
vt 1.725160 -0.754665
vt 1.705150 -0.757718
vt 1.685860 -0.754661
vt 1.668460 -0.745792
vt 1.654650 -0.731980
vt 1.645790 -0.714577
vt 1.642970 -0.697657
vt 1.654670 -0.591412
vt 1.668480 -0.577603
vt 1.685890 -0.568738
vt 1.759010 -0.610848
vt 1.652040 -0.610848
vt 1.652040 -0.624660
vt 1.759010 -0.624660
vt 1.652040 -0.642063
vt 1.759010 -0.642063
vt 1.652040 -0.662071
vt 1.759010 -0.662071
vt 1.652040 -0.681361
vt 1.759010 -0.681361
vt 1.652040 -0.698762
vt 1.759010 -0.698762
vt 1.643010 -0.626426
vt 1.643010 -0.696966
vt 1.647180 -0.697312
vt 1.768040 -0.696966
vt 1.763870 -0.626079
vt 1.763870 -0.697312
vt 1.652040 -0.745792
vt 1.759010 -0.745792
vt 1.759010 -0.731980
vt 1.652040 -0.731980
vt 1.759010 -0.714577
vt 1.652040 -0.714577
vt 1.651360 -0.608813
vt 1.759690 -0.608813
vt 1.759690 -0.591412
vt 1.651360 -0.591412
vt 1.651360 -0.697657
vt 1.759690 -0.697657
vt 1.759690 -0.625732
vt 1.651360 -0.625732
vt 1.647180 -0.626079
vt 0.500272 -0.611835
vt 0.482869 -0.620700
vt 0.485353 -0.624120
vt 0.501578 -0.615855
vt 0.502884 -0.619875
vt 0.520202 -0.617235
vt 0.520202 -0.613008
vt 0.469058 -0.634509
vt 0.472477 -0.636994
vt 0.460189 -0.651911
vt 0.464201 -0.653233
vt 0.457362 -0.668830
vt 0.461537 -0.669177
vt 0.579568 -0.651921
vt 0.570703 -0.634518
vt 0.567283 -0.637002
vt 0.575556 -0.653243
vt 0.571545 -0.654565
vt 0.574043 -0.669532
vt 0.578218 -0.669186
vt 0.556894 -0.620706
vt 0.554409 -0.624126
vt 0.539492 -0.611838
vt 0.538186 -0.615858
vt 0.520202 -0.608781
vt 0.465702 -0.785206
vt 0.461527 -0.785552
vt 0.578209 -0.785562
vt 0.520188 -0.785903
vt 0.520197 -0.668835
vt 0.465711 -0.669523
vt 0.574034 -0.785215
vt 0.487838 -0.627540
vt 0.475896 -0.639479
vt 0.468213 -0.654556
vt 0.563863 -0.639486
vt 0.551924 -0.627545
vt 0.536879 -0.619878
vt 0.470634 -0.794349
vt 0.520187 -0.794982
vt 0.569100 -0.794357
vt 0.582393 -0.668840
vt 0.466933 -0.682284
vt 0.572812 -0.682284
vt 0.572812 -0.664881
vt 0.466933 -0.664881
vt 0.572812 -0.651069
vt 0.466933 -0.651069
vt 0.466933 -0.738905
vt 0.572812 -0.738905
vt 0.572812 -0.721504
vt 0.466933 -0.721504
vt 0.572812 -0.702214
vt 0.466933 -0.702214
vt 0.582390 -0.785206
vt 0.582390 -0.669523
vt 0.578215 -0.669177
vt 0.457355 -0.669523
vt 0.461530 -0.785552
vt 0.461530 -0.669177
vt 0.572812 -0.634509
vt 0.466933 -0.634509
vt 0.466933 -0.651911
vt 0.572812 -0.651911
vt 0.574040 -0.668830
vt 0.465705 -0.668830
vt 0.465705 -0.785898
vt 0.574040 -0.785898
vt 0.470668 -0.794978
vt 0.569078 -0.794978
vt 0.578215 -0.785552
vt 0.539473 -0.611835
vt 0.519543 -0.608781
vt 0.519543 -0.613008
vt 0.538167 -0.615855
vt 0.536862 -0.619875
vt 0.551908 -0.627540
vt 0.554392 -0.624120
vt 0.563849 -0.639479
vt 0.567268 -0.636994
vt 0.571532 -0.654556
vt 0.575544 -0.653233
vt 0.574034 -0.669523
vt 0.578209 -0.669177
vt 0.460177 -0.651921
vt 0.457352 -0.668840
vt 0.461527 -0.669186
vt 0.464189 -0.653243
vt 0.468201 -0.654565
vt 0.475882 -0.639486
vt 0.472462 -0.637002
vt 0.487821 -0.627545
vt 0.485336 -0.624126
vt 0.502866 -0.619878
vt 0.501559 -0.615858
vt 0.519543 -0.617235
vt 0.574043 -0.785206
vt 0.578218 -0.785552
vt 0.465711 -0.785215
vt 0.465702 -0.669532
vt 0.519548 -0.668835
vt 0.519558 -0.785903
vt 0.470645 -0.794357
vt 0.519558 -0.794982
vt 0.569111 -0.794349
vt 0.556876 -0.620700
vt 0.570688 -0.634509
vt 0.579556 -0.651911
vt 0.582383 -0.668830
vt 0.469042 -0.634518
vt 0.482851 -0.620706
vt 0.500253 -0.611838
vt 0.457362 -0.785908
vt 0.470668 -0.652411
vt 0.569068 -0.751222
vt 0.568939 -0.652629
vt 0.582390 -0.756045
vt 0.576662 -0.751111
vt 0.572870 -0.754904
vt 0.578215 -0.760220
vt 0.465705 -0.764395
vt 0.470668 -0.758696
vt 0.466875 -0.754904
vt 0.461530 -0.760220
vt 0.457355 -0.647713
vt 0.463083 -0.652646
vt 0.466875 -0.648853
vt 0.461530 -0.643538
vt 0.574040 -0.639364
vt 0.569078 -0.645061
vt 0.572870 -0.648853
vt 0.578215 -0.643538
vt 0.463083 -0.702199
vt 0.470668 -0.751230
vt 0.470668 -0.645061
vt 0.576662 -0.652646
vt 0.576662 -0.702199
vt 0.463083 -0.751111
vt 0.569078 -0.758696
vt 0.574040 -0.764395
vt 0.582390 -0.647713
vt 0.457355 -0.756045
vt 0.465705 -0.639364
vt 0.457355 -0.669532
vt 0.457355 -0.785215
vt 0.461530 -0.785562
vt 0.582390 -0.785215
vt 0.578215 -0.669186
vt 0.578215 -0.785562
vt 0.466933 -0.651921
vt 0.572812 -0.651921
vt 0.572812 -0.634518
vt 0.466933 -0.634518
vt 0.572812 -0.620706
vt 0.466933 -0.620706
vt 0.465705 -0.785908
vt 0.574040 -0.785908
vt 0.574040 -0.668840
vt 0.465705 -0.668840
vt 0.470668 -0.794987
vt 0.569078 -0.794987
vt -0.585344 1.192490
vt -0.697655 1.192490
vt -0.697825 1.181730
vt -0.585523 1.181730
vt -0.697825 1.156760
vt -0.585523 1.156760
vt -0.640615 1.177470
vt -0.604659 1.137600
vt -0.604659 1.217480
vt -0.696306 1.233910
vt -0.696306 1.121600
vt -0.676572 1.137600
vt -0.676572 1.217480
vt -0.586973 1.233910
vt -0.586964 1.121600
vt -0.582834 1.156760
vt -0.582834 1.181730
vt -0.586636 1.181730
vt -0.586636 1.156760
vt -0.695969 1.181730
vt -0.695969 1.156760
vt -0.586637 1.192490
vt -0.695970 1.192500
vt -0.699990 1.181730
vt -0.699990 1.156760
vt -0.579032 1.156760
vt -0.704011 1.181730
vt -0.704011 1.156760
vt -0.579032 1.181730
vt -0.697422 1.156760
vt -0.585283 1.156760
vt -0.585283 1.181730
vt -0.697422 1.181730
vt -0.585288 1.192500
vt -0.697598 1.192510
vt -0.695969 1.233910
vt -0.699990 1.237070
vt -0.704011 1.233910
vt -0.586636 1.115210
vt -0.578932 1.121770
vt -0.586636 1.121590
vt -0.695969 1.115210
vt -0.695969 1.121590
vt -0.704011 1.121770
vt -0.579032 1.234080
vt -0.586636 1.233910
vt -0.586636 1.240230
vt -0.695969 1.240240
vt -0.578932 1.181730
vt -0.586974 1.181730
vt -0.586974 1.156760
vt -0.578932 1.156760
vt -0.696306 1.181730
vt -0.696306 1.156760
vt -0.696306 1.192490
vt -0.586964 1.192510
vt 1.578810 -0.226076
vt 1.578810 -0.186408
vt 1.466510 -0.186408
vt 1.466510 -0.226076
vt 1.405510 -0.269379
vt 1.405810 -0.261056
vt 1.401680 -0.266096
vt 1.640220 -0.269379
vt 1.640400 -0.261056
vt 1.397850 -0.150512
vt 1.405810 -0.152843
vt 1.405510 -0.144353
vt 1.397850 -0.262814
vt 1.647870 -0.262814
vt 1.640400 -0.152843
vt 1.640220 -0.144352
vt 1.523070 -0.206879
vt 1.647870 -0.150512
vt 1.405510 -0.186413
vt 1.405510 -0.226089
vt 1.640210 -0.226076
vt 1.640220 -0.186408
vt 1.647870 -0.226076
vt 1.647870 -0.186408
vt 1.397850 -0.226089
vt 1.397850 -0.186413
vt 1.640210 -0.144353
vt 1.639910 -0.152843
vt 1.405320 -0.261056
vt 1.640210 -0.269379
vt 1.639910 -0.261056
vt 1.405320 -0.152843
vt 1.522650 -0.206879
vt 1.644040 -0.266096
vt 1.640220 -0.226089
vt 1.640220 -0.186413
vt 1.405510 -0.186408
vt 1.405510 -0.226076
vt 1.401680 -0.226076
vt 1.401680 -0.186408
vt 1.647870 -0.226089
vt 1.647870 -0.186413
vt 1.397850 -0.186408
vt 1.397850 -0.226076
vt 0.660197 0.635476
vt 0.642796 0.626607
vt 0.645280 0.623188
vt 0.661503 0.631456
vt 0.662810 0.627436
vt 0.680204 0.630080
vt 0.680204 0.634307
vt 0.628987 0.612795
vt 0.632407 0.610311
vt 0.620122 0.595392
vt 0.624134 0.594070
vt 0.617298 0.578472
vt 0.621472 0.578127
vt 0.620134 0.489628
vt 0.629002 0.472227
vt 0.632422 0.474712
vt 0.624145 0.490951
vt 0.628157 0.492273
vt 0.625655 0.507241
vt 0.621480 0.506894
vt 0.642814 0.458418
vt 0.645298 0.461838
vt 0.660217 0.449553
vt 0.661523 0.453573
vt 0.680225 0.446500
vt 0.680224 0.450727
vt 0.699515 0.449558
vt 0.698208 0.453578
vt 0.716916 0.458426
vt 0.714431 0.461846
vt 0.730725 0.472238
vt 0.727305 0.474722
vt 0.739590 0.489641
vt 0.735578 0.490963
vt 0.742414 0.506561
vt 0.738239 0.506907
vt 0.739578 0.595405
vt 0.730709 0.612807
vt 0.727290 0.610322
vt 0.735566 0.594083
vt 0.731554 0.592760
vt 0.734056 0.577793
vt 0.738231 0.578140
vt 0.716897 0.626615
vt 0.714413 0.623195
vt 0.699494 0.635480
vt 0.698188 0.631460
vt 0.680203 0.638533
vt 0.625647 0.577781
vt 0.680218 0.506554
vt 0.680210 0.578479
vt 0.734064 0.507253
vt 0.647765 0.619769
vt 0.635827 0.607827
vt 0.628146 0.592749
vt 0.635841 0.477197
vt 0.647783 0.465258
vt 0.662829 0.457594
vt 0.680224 0.454954
vt 0.696902 0.457597
vt 0.711946 0.465265
vt 0.723885 0.477207
vt 0.731566 0.492285
vt 0.723870 0.607837
vt 0.711929 0.619776
vt 0.696883 0.627440
vt 0.617306 0.506547
vt 0.742406 0.578486
vt 0.625688 0.562176
vt 0.734023 0.562176
vt 0.734023 0.579577
vt 0.625688 0.579577
vt 0.625688 0.491664
vt 0.734023 0.491664
vt 0.734023 0.505475
vt 0.625688 0.505475
vt 0.734023 0.522878
vt 0.625688 0.522878
vt 0.734023 0.542169
vt 0.625688 0.542169
vt 0.742373 0.507241
vt 0.738198 0.578127
vt 0.738198 0.506894
vt 0.734023 0.626607
vt 0.625688 0.626607
vt 0.625688 0.612795
vt 0.734023 0.612795
vt 0.625688 0.595392
vt 0.734023 0.595392
vt 0.733341 0.489628
vt 0.626371 0.489628
vt 0.626371 0.472227
vt 0.733341 0.472227
vt 0.734023 0.578472
vt 0.625688 0.578472
vt 0.625688 0.506547
vt 0.734023 0.506547
vt 0.699515 0.635476
vt 0.679508 0.638533
vt 0.679507 0.634307
vt 0.698208 0.631456
vt 0.696901 0.627436
vt 0.711946 0.619769
vt 0.714431 0.623188
vt 0.723885 0.607827
vt 0.727305 0.610311
vt 0.731566 0.592749
vt 0.735578 0.594070
vt 0.734064 0.577781
vt 0.738239 0.578127
vt 0.739578 0.489628
vt 0.742406 0.506547
vt 0.738231 0.506894
vt 0.735566 0.490951
vt 0.731554 0.492273
vt 0.723870 0.477197
vt 0.727290 0.474712
vt 0.711929 0.465258
vt 0.714413 0.461838
vt 0.696883 0.457594
vt 0.698188 0.453573
vt 0.679488 0.454954
vt 0.679487 0.450727
vt 0.662810 0.457597
vt 0.661503 0.453578
vt 0.647765 0.465265
vt 0.645280 0.461846
vt 0.635827 0.477207
vt 0.632407 0.474722
vt 0.628146 0.492285
vt 0.624134 0.490963
vt 0.625647 0.507253
vt 0.621472 0.506907
vt 0.620134 0.595405
vt 0.617306 0.578486
vt 0.621480 0.578140
vt 0.624145 0.594083
vt 0.628157 0.592760
vt 0.635841 0.607837
vt 0.632422 0.610322
vt 0.647783 0.619776
vt 0.645298 0.623196
vt 0.662829 0.627440
vt 0.661523 0.631460
vt 0.679507 0.630080
vt 0.734056 0.507241
vt 0.625655 0.577793
vt 0.679501 0.578479
vt 0.679493 0.506554
vt 0.716916 0.626607
vt 0.730725 0.612795
vt 0.739589 0.595392
vt 0.742414 0.578472
vt 0.730709 0.472227
vt 0.716897 0.458418
vt 0.699494 0.449553
vt 0.679487 0.446500
vt 0.660197 0.449558
vt 0.642796 0.458426
vt 0.628987 0.472238
vt 0.620122 0.489641
vt 0.617298 0.506561
vt 0.629002 0.612807
vt 0.642814 0.626615
vt 0.660217 0.635480
vt 0.733341 0.593370
vt 0.626371 0.593370
vt 0.626371 0.579558
vt 0.733341 0.579558
vt 0.626371 0.562155
vt 0.733341 0.562155
vt 0.626371 0.542148
vt 0.733341 0.542148
vt 0.626371 0.522858
vt 0.733341 0.522858
vt 0.626371 0.505457
vt 0.733341 0.505457
vt 0.617338 0.577793
vt 0.617338 0.507253
vt 0.621513 0.506907
vt 0.742373 0.507253
vt 0.738198 0.578140
vt 0.738198 0.506907
vt 0.626371 0.458426
vt 0.733341 0.458426
vt 0.733341 0.472238
vt 0.626371 0.472238
vt 0.733341 0.489641
vt 0.626371 0.489641
vt 0.625688 0.595405
vt 0.734023 0.595405
vt 0.734023 0.612807
vt 0.625688 0.612807
vt 0.625688 0.506561
vt 0.734023 0.506561
vt 0.734023 0.578486
vt 0.625688 0.578486
vt 0.621513 0.578140
vt 0.500272 1.552420
vt 0.482869 1.543560
vt 0.485353 1.540140
vt 0.501578 1.548400
vt 0.502884 1.544380
vt 0.520202 1.547020
vt 0.520202 1.551250
vt 0.469058 1.529750
vt 0.472477 1.527260
vt 0.460189 1.512350
vt 0.464201 1.511030
vt 0.457362 1.495430
vt 0.461537 1.495080
vt 0.579568 1.512340
vt 0.570703 1.529740
vt 0.567283 1.527260
vt 0.575556 1.511020
vt 0.571545 1.509690
vt 0.574043 1.494730
vt 0.578218 1.495070
vt 0.556894 1.543550
vt 0.554409 1.540130
vt 0.539492 1.552420
vt 0.538186 1.548400
vt 0.520202 1.555480
vt 0.465702 1.379050
vt 0.461527 1.378710
vt 0.578209 1.378700
vt 0.520188 1.378360
vt 0.520197 1.495420
vt 0.465711 1.494740
vt 0.574034 1.379040
vt 0.487838 1.536720
vt 0.475896 1.524780
vt 0.468213 1.509700
vt 0.563863 1.524770
vt 0.551924 1.536710
vt 0.536879 1.544380
vt 0.470634 1.369910
vt 0.520187 1.369280
vt 0.569100 1.369900
vt 0.582393 1.495420
vt 0.466933 1.481970
vt 0.572812 1.481970
vt 0.572812 1.499380
vt 0.466933 1.499380
vt 0.572812 1.513190
vt 0.466933 1.513190
vt 0.466933 1.425350
vt 0.572812 1.425350
vt 0.572812 1.442750
vt 0.466933 1.442750
vt 0.572812 1.462040
vt 0.466933 1.462040
vt 0.582390 1.379050
vt 0.582390 1.494740
vt 0.578215 1.495080
vt 0.457355 1.494740
vt 0.461530 1.378710
vt 0.461530 1.495080
vt 0.572812 1.529750
vt 0.466933 1.529750
vt 0.466933 1.512350
vt 0.572812 1.512350
vt 0.574040 1.495430
vt 0.465705 1.495430
vt 0.465705 1.378360
vt 0.574040 1.378360
vt 0.470668 1.369280
vt 0.569078 1.369280
vt 0.578215 1.378710
vt 0.539473 1.552420
vt 0.519543 1.555480
vt 0.519543 1.551250
vt 0.538167 1.548400
vt 0.536862 1.544380
vt 0.551908 1.536720
vt 0.554392 1.540140
vt 0.563849 1.524780
vt 0.567268 1.527260
vt 0.571532 1.509700
vt 0.575544 1.511030
vt 0.574034 1.494740
vt 0.578209 1.495080
vt 0.460177 1.512340
vt 0.457352 1.495420
vt 0.461527 1.495070
vt 0.464189 1.511020
vt 0.468201 1.509690
vt 0.475882 1.524770
vt 0.472462 1.527260
vt 0.487821 1.536710
vt 0.485336 1.540130
vt 0.502866 1.544380
vt 0.501559 1.548400
vt 0.519543 1.547020
vt 0.574043 1.379050
vt 0.578218 1.378710
vt 0.465711 1.379040
vt 0.465702 1.494730
vt 0.519548 1.495420
vt 0.519558 1.378360
vt 0.470645 1.369900
vt 0.519558 1.369280
vt 0.569111 1.369910
vt 0.556876 1.543560
vt 0.570688 1.529750
vt 0.579556 1.512350
vt 0.582383 1.495430
vt 0.469042 1.529740
vt 0.482851 1.543550
vt 0.500253 1.552420
vt 0.457362 1.378350
vt 0.470668 1.511850
vt 0.569068 1.413040
vt 0.568939 1.511630
vt 0.582390 1.408210
vt 0.576662 1.413150
vt 0.572870 1.409350
vt 0.578215 1.404040
vt 0.465705 1.399860
vt 0.470668 1.405560
vt 0.466875 1.409350
vt 0.461530 1.404040
vt 0.457355 1.516550
vt 0.463083 1.511610
vt 0.466875 1.515410
vt 0.461530 1.520720
vt 0.574040 1.524890
vt 0.569078 1.519200
vt 0.572870 1.515410
vt 0.578215 1.520720
vt 0.463083 1.462060
vt 0.470668 1.413030
vt 0.470668 1.519200
vt 0.576662 1.511610
vt 0.576662 1.462060
vt 0.463083 1.413150
vt 0.569078 1.405560
vt 0.574040 1.399860
vt 0.582390 1.516550
vt 0.457355 1.408210
vt 0.465705 1.524890
vt 0.457355 1.494730
vt 0.457355 1.379040
vt 0.461530 1.378700
vt 0.582390 1.379040
vt 0.578215 1.495070
vt 0.578215 1.378700
vt 0.466933 1.512340
vt 0.572812 1.512340
vt 0.572812 1.529740
vt 0.466933 1.529740
vt 0.572812 1.543550
vt 0.466933 1.543550
vt 0.465705 1.378350
vt 0.574040 1.378350
vt 0.574040 1.495420
vt 0.465705 1.495420
vt 0.470668 1.369270
vt 0.569078 1.369270
vt 1.579220 -0.186413
vt 1.466920 -0.186413
vt 1.466920 -0.226089
vt 1.579220 -0.226089
vt -0.484049 -0.055342
vt -0.480037 -0.054020
vt -0.482700 -0.039827
vt -0.476025 -0.052698
vt -0.471762 -0.070260
vt -0.468343 -0.067776
vt -0.458887 -0.083135
vt -0.456402 -0.079716
vt -0.442663 -0.091402
vt -0.441357 -0.087382
vt -0.478525 0.067822
vt -0.482700 0.067828
vt -0.478525 -0.039827
vt -0.424679 0.067855
vt -0.424679 0.076650
vt -0.473592 0.076648
vt -0.370193 0.067822
vt -0.375126 0.076648
vt -0.428848 -0.089363
vt -0.424679 -0.043908
vt -0.428745 -0.039827
vt -0.370193 -0.043908
vt -0.428924 -0.093578
vt -0.370193 -0.039823
vt -0.361843 -0.039823
vt -0.361843 0.067833
vt -0.475182 -0.072745
vt -0.461371 -0.086555
vt -0.443969 -0.095422
vt -0.486875 0.067833
vt -0.486875 -0.039827
vt -0.429001 -0.097792
vt -0.367569 0.038662
vt -0.371362 0.042454
vt -0.375154 0.038933
vt -0.361842 0.043595
vt -0.366017 0.047770
vt -0.478527 0.051945
vt -0.482701 0.047770
vt -0.477356 0.042454
vt -0.473564 0.046246
vt -0.486876 -0.064737
vt -0.478527 -0.073087
vt -0.473564 -0.067389
vt -0.481149 -0.059804
vt -0.370191 -0.073087
vt -0.361842 -0.064737
vt -0.367569 -0.059804
vt -0.375154 -0.067389
vt -0.473604 0.038681
vt -0.375154 0.046246
vt -0.375154 -0.060052
vt -0.473604 -0.059822
vt -0.367569 -0.010251
vt -0.481149 -0.010251
vt -0.481149 0.038662
vt -0.486876 0.043595
vt -0.370191 0.051945
vt -0.484533 -0.052698
vt -0.482701 -0.039827
vt -0.486876 -0.039827
vt -0.371876 -0.055342
vt -0.366017 -0.039827
vt -0.370191 -0.039827
vt -0.476288 -0.055342
vt -0.476288 -0.072745
vt -0.371876 -0.072745
vt -0.476288 -0.086555
vt -0.371876 -0.086555
vt -0.478527 0.067833
vt -0.478527 -0.039827
vt -0.370191 0.067833
vt -0.375154 0.076650
vt -0.473564 0.076650
vt -0.368089 -0.054020
vt -0.361842 -0.039827
vt -0.366017 0.067828
vt -0.480410 -0.054020
vt -0.364669 -0.055342
vt -0.368681 -0.054020
vt -0.376956 -0.070260
vt -0.373536 -0.072745
vt -0.372693 -0.052698
vt -0.366018 -0.039827
vt -0.389831 -0.083135
vt -0.387347 -0.086555
vt -0.406055 -0.091402
vt -0.404749 -0.095422
vt -0.370193 -0.039827
vt -0.366018 0.067828
vt -0.370193 0.067822
vt -0.478525 0.067822
vt -0.424039 0.067855
vt -0.424039 0.076650
vt -0.424039 -0.088301
vt -0.419870 -0.089363
vt -0.419973 -0.039827
vt -0.424039 -0.043908
vt -0.478525 -0.039823
vt -0.419794 -0.093578
vt -0.419717 -0.097792
vt -0.486875 -0.039823
vt -0.380375 -0.067776
vt -0.392316 -0.079716
vt -0.407361 -0.087382
vt -0.361843 -0.039827
vt -0.361843 0.067833
vt -0.476288 0.026441
vt -0.476288 0.009039
vt -0.371876 0.009039
vt -0.371876 0.026441
vt -0.476961 -0.005929
vt -0.475132 -0.010251
vt -0.373704 -0.010251
vt -0.371876 -0.005929
vt -0.486876 -0.064737
vt -0.482427 -0.064737
vt -0.482810 -0.010251
vt -0.478527 -0.073087
vt -0.476775 -0.068882
vt -0.370191 -0.073087
vt -0.371943 -0.068882
vt -0.361842 -0.064737
vt -0.366291 -0.064737
vt -0.361842 -0.006185
vt -0.365908 -0.010251
vt -0.478527 0.067833
vt -0.373586 -0.094101
vt -0.371757 -0.097792
vt -0.367971 -0.093578
vt -0.475014 -0.094101
vt -0.480272 -0.088301
vt -0.484415 -0.089363
vt -0.480629 -0.093578
vt -0.482810 -0.043908
vt -0.476775 -0.043908
vt -0.486876 -0.039823
vt -0.482427 -0.043908
vt -0.361842 0.067822
vt -0.370191 -0.039823
vt -0.361842 -0.039823
vt -0.486876 0.067822
vt -0.478527 -0.039823
vt -0.367603 -0.088301
vt -0.365908 -0.043908
vt -0.476842 -0.097792
vt -0.364185 -0.089363
vt -0.437364 1.692050
vt -0.438671 1.696070
vt -0.454894 1.687800
vt -0.452410 1.684380
vt -0.467770 1.674930
vt -0.464350 1.672440
vt -0.476044 1.658690
vt -0.472032 1.657370
vt -0.478707 1.642400
vt -0.366200 1.553380
vt -0.420047 1.553380
vt -0.420047 1.544250
vt -0.371134 1.544270
vt -0.474532 1.553380
vt -0.469599 1.544270
vt -0.420046 1.692900
vt -0.424375 1.694030
vt -0.424271 1.642360
vt -0.420046 1.646780
vt -0.366200 1.642360
vt -0.439977 1.700090
vt -0.424452 1.698240
vt -0.424529 1.702460
vt -0.357851 1.642360
vt -0.474532 1.642400
vt -0.457379 1.691220
vt -0.471189 1.677410
vt -0.480056 1.660010
vt -0.482882 1.642400
vt -0.368188 1.642960
vt -0.368188 1.660370
vt -0.472537 1.660370
vt -0.472537 1.642960
vt -0.368188 1.674180
vt -0.472537 1.674180
vt -0.369423 1.623030
vt -0.368188 1.627520
vt -0.472537 1.627520
vt -0.470891 1.623030
vt -0.368019 1.565210
vt -0.366199 1.560840
vt -0.357849 1.569190
vt -0.362472 1.569190
vt -0.357849 1.627260
vt -0.482884 1.569190
vt -0.478261 1.569190
vt -0.478659 1.623030
vt -0.474534 1.560840
vt -0.472714 1.565210
vt -0.362074 1.623030
vt -0.472545 1.660010
vt -0.478709 1.642400
vt -0.474534 1.642400
vt -0.359802 1.657370
vt -0.362024 1.642400
vt -0.357849 1.642400
vt -0.482884 1.553380
vt -0.478709 1.553380
vt -0.482884 1.642400
vt -0.362024 1.553380
vt -0.357849 1.553380
vt -0.472545 1.677410
vt -0.368196 1.660010
vt -0.368196 1.677410
vt -0.474534 1.553380
vt -0.366199 1.553380
vt -0.366199 1.642400
vt -0.469572 1.544260
vt -0.371162 1.544260
vt -0.363999 1.658690
vt -0.476738 1.658690
vt -0.400756 1.700090
vt -0.402062 1.696070
vt -0.385839 1.687800
vt -0.383354 1.691220
vt -0.372963 1.674930
vt -0.369544 1.677410
vt -0.364689 1.658690
vt -0.360677 1.660010
vt -0.362026 1.642400
vt -0.420686 1.553380
vt -0.420686 1.544270
vt -0.371134 1.544280
vt -0.469599 1.544280
vt -0.416358 1.694030
vt -0.420686 1.692900
vt -0.420686 1.646780
vt -0.416462 1.642360
vt -0.474532 1.646780
vt -0.403369 1.692050
vt -0.416281 1.698240
vt -0.474532 1.642360
vt -0.482882 1.642360
vt -0.482882 1.553380
vt -0.366200 1.642400
vt -0.388323 1.684380
vt -0.376383 1.672440
vt -0.368701 1.657370
vt -0.416204 1.702460
vt -0.477156 1.623030
vt -0.477156 1.574120
vt -0.469360 1.574220
vt -0.469458 1.623040
vt -0.469572 1.566540
vt -0.363577 1.574120
vt -0.371162 1.566540
vt -0.357849 1.677520
vt -0.362024 1.681690
vt -0.367369 1.676380
vt -0.363577 1.672590
vt -0.474534 1.685870
vt -0.478709 1.681690
vt -0.473364 1.676380
vt -0.469572 1.680170
vt -0.371162 1.623040
vt -0.371162 1.575440
vt -0.363577 1.623030
vt -0.371162 1.672810
vt -0.469557 1.672800
vt -0.371162 1.680170
vt -0.477156 1.672590
vt -0.366199 1.685870
vt -0.482884 1.677520
vt -0.469571 1.544260
vt -0.371161 1.544260
vt -0.369423 1.698610
vt -0.363654 1.692900
vt -0.359802 1.694030
vt -0.363995 1.698240
vt -0.366199 1.642360
vt -0.368019 1.646780
vt -0.472714 1.646780
vt -0.474534 1.642360
vt -0.357849 1.642360
vt -0.362472 1.646780
vt -0.472537 1.702460
vt -0.476734 1.698240
vt -0.470891 1.698610
vt -0.477018 1.692900
vt -0.362074 1.646780
vt -0.478659 1.646780
vt -0.480931 1.694030
vt -0.368188 1.702460
vt 0.173479 1.649230
vt 0.064482 1.649230
vt 0.064482 1.625260
vt 0.173479 1.625260
vt 0.172873 1.586740
vt 0.153587 1.606190
vt 0.083960 1.606190
vt 0.064921 1.586740
vt 0.172867 1.695740
vt 0.153587 1.675910
vt 0.181585 1.695740
vt 0.181585 1.586740
vt 0.172873 1.703610
vt 0.177229 1.699670
vt 0.064889 1.703610
vt 0.064888 1.695740
vt 0.083960 1.675910
vt 0.060781 1.699670
vt 0.172873 1.578570
vt 0.064922 1.578570
vt 0.056673 1.586740
vt 0.056673 1.695740
vt 0.118774 1.640970
vt 0.173373 1.625260
vt 0.173368 1.649230
vt 0.065385 1.649230
vt 0.065384 1.625260
vt 0.061028 1.625260
vt 0.061029 1.649230
vt 0.177479 1.625260
vt 0.177477 1.649230
vt 0.181585 1.625260
vt 0.181585 1.649230
vt 0.056673 1.649230
vt 0.056673 1.625260
vt 0.173776 1.649230
vt 0.064779 1.649230
vt 0.064773 1.625260
vt 0.173772 1.625260
vt 0.119468 1.641090
vt 0.065388 1.586730
vt 0.173373 1.586740
vt 0.065381 1.695730
vt 0.173369 1.695740
vt 0.065384 1.703610
vt 0.173373 1.703610
vt 0.173341 1.578570
vt 0.065384 1.578570
vt 0.056673 1.586730
vt 0.056673 1.695730
vt 0.061028 1.699670
vt 0.177479 1.699670
vt 0.064922 1.649230
vt 0.064917 1.625260
vt 0.172873 1.625260
vt 0.172873 1.649230
s 0
usemtl 1Mtl.001
f 1/1/1 2/2/2 3/3/3
f 4/4/4 2/2/5 5/5/6
f 4/4/7 5/5/8 6/6/8
f 6/6/8 5/5/8 7/7/9
f 6/6/8 7/7/9 8/8/9
f 8/8/9 7/7/9 9/9/10
f 8/8/11 9/9/10 10/10/10
f 11/11/12 12/12/12 13/3/13
f 11/11/12 13/3/14 14/13/15
f 15/11/16 16/14/16 17/15/16
f 15/11/17 17/15/17 18/16/17
f 19/14/16 20/17/16 21/18/16
f 19/14/16 21/18/16 22/15/16
f 23/19/18 24/20/18 25/21/18
f 26/22/19 27/21/19 28/20/19
f 10/10/10 9/9/10 29/23/20
f 10/10/21 29/23/20 30/19/20
f 31/24/22 32/25/22 33/26/22
f 34/24/23 35/17/23 36/14/23
f 34/24/23 36/14/23 37/21/24
f 38/11/23 39/13/25 37/21/24
f 38/11/23 37/21/24 36/14/23
f 40/13/25 41/4/26 37/21/24
f 41/4/27 42/6/28 37/21/24
f 42/6/28 43/8/29 37/21/24
f 43/8/29 44/10/30 37/21/24
f 44/10/30 45/19/31 37/21/24
f 2/2/32 4/4/7 46/13/33
f 2/2/32 1/1/1 47/27/8
f 2/2/2 47/27/8 5/5/6
f 5/5/8 47/27/8 48/28/9
f 5/5/8 48/28/9 7/7/9
f 7/7/9 48/28/9 49/29/21
f 7/7/9 49/29/10 9/9/10
f 50/12/34 51/30/34 52/31/35
f 9/9/10 49/29/10 53/32/20
f 9/9/10 53/32/20 29/23/20
f 54/33/36 55/34/36 56/35/36
f 57/36/37 58/37/37 59/34/37
f 57/36/38 59/34/38 60/33/38
f 61/38/39 62/39/39 63/40/39
f 61/38/39 63/40/39 64/41/39
f 65/42/40 66/43/40 67/44/40
f 65/42/41 67/44/41 68/45/41
f 69/46/42 70/47/42 71/48/42
f 69/46/43 71/48/43 72/49/43
f 73/41/44 74/50/44 75/35/44
f 73/41/45 75/35/45 76/51/45
f 77/49/45 78/52/45 79/53/45
f 77/49/46 79/53/46 80/44/46
f 81/48/47 82/52/47 83/49/47
f 84/48/47 85/54/47 86/52/47
f 87/50/45 88/53/45 89/52/45
f 87/50/45 89/52/45 90/35/45
f 91/50/48 92/41/48 93/40/48
f 94/45/45 95/53/45 96/55/45
f 97/44/46 98/53/46 99/45/46
f 100/35/47 101/54/47 102/33/47
f 103/52/45 104/54/45 105/35/45
f 106/55/45 107/50/45 108/56/45
f 109/55/47 110/53/47 111/50/47
f 112/39/49 113/57/49 114/56/49
f 112/39/50 114/56/50 115/40/50
f 116/40/45 117/56/45 118/50/45
f 119/37/51 120/58/51 121/51/51
f 119/37/51 121/51/51 122/34/51
f 123/34/45 124/51/45 125/35/45
f 127/59/52 128/60/53 129/31/54
f 130/61/55 132/62/13 133/63/56
f 134/64/57 135/65/58 136/66/58
f 134/64/57 136/66/58 137/61/57
f 135/65/58 138/67/59 139/68/59
f 135/65/58 139/68/60 136/66/58
f 140/69/61 141/13/62 142/63/62
f 140/69/61 142/63/62 143/70/61
f 144/13/62 134/64/57 137/61/57
f 144/13/62 137/61/57 145/63/62
f 146/69/63 147/70/63 148/71/63
f 146/69/63 148/71/63 149/72/63
f 131/73/32 150/74/15 132/62/14
f 151/75/34 152/63/35 153/62/13
f 126/76/64 154/13/65 128/60/65
f 155/77/64 156/78/64 157/79/66
f 155/77/64 157/79/67 158/80/67
f 159/81/68 156/78/64 160/62/65
f 158/80/67 157/79/67 162/82/69
f 158/80/67 162/82/69 163/83/69
f 163/83/70 162/82/70 164/84/71
f 163/83/69 164/84/71 165/85/72
f 161/63/73 160/62/65 166/75/74
f 161/63/73 166/75/74 167/17/74
f 168/11/75 169/86/75 170/87/75
f 168/11/76 170/87/76 171/16/76
f 172/86/76 173/17/76 174/18/76
f 172/86/76 174/18/76 175/87/76
f 176/88/77 177/89/77 178/90/77
f 176/88/78 178/90/78 179/91/78
f 180/92/79 181/91/79 182/90/79
f 165/85/72 164/84/71 183/93/80
f 165/85/72 183/93/80 184/94/81
f 185/11/82 186/30/82 187/95/82
f 188/11/83 189/92/83 190/90/84
f 188/11/83 190/90/84 191/86/83
f 192/63/85 193/17/83 191/86/83
f 192/63/85 191/86/83 190/90/84
f 194/81/86 192/63/85 190/90/84
f 195/96/87 194/81/86 190/90/84
f 196/97/88 195/96/87 190/90/84
f 197/98/89 196/97/88 190/90/84
f 198/89/90 197/98/89 190/90/91
f 156/78/92 159/81/93 199/96/67
f 156/78/64 199/96/66 157/79/66
f 156/78/64 155/77/92 200/74/65
f 157/79/67 199/96/67 201/97/70
f 157/79/67 201/97/69 162/82/69
f 162/82/69 201/97/69 202/98/71
f 162/82/70 202/98/71 164/84/71
f 160/62/65 200/74/65 203/26/94
f 160/62/65 203/26/94 166/75/94
f 164/84/71 202/98/71 204/89/95
f 164/84/71 204/89/95 183/93/80
f 205/99/60 207/100/96 208/101/97
f 205/99/59 208/101/98 206/102/59
f 209/103/99 210/104/99 211/105/99
f 209/103/99 211/105/99 212/106/99
f 213/42/79 214/107/79 215/108/79
f 216/107/100 217/42/100 218/43/101
f 216/107/102 218/43/102 219/109/102
f 220/109/103 221/43/103 222/46/103
f 220/109/104 222/46/104 223/110/104
f 224/110/105 225/46/105 226/47/105
f 227/111/19 228/47/19 229/112/19
f 207/100/98 230/103/106 231/106/106
f 207/100/107 231/106/106 208/101/98
f 232/107/108 233/109/108 234/110/108
f 232/107/108 234/110/108 235/111/108
f 236/107/108 237/113/108 238/108/108
f 239/111/108 240/113/108 241/107/108
f 242/69/109 243/70/109 244/71/109
f 242/69/110 244/71/110 245/72/110
f 246/114/111 247/115/111 248/116/111
f 249/117/112 250/118/112 251/119/112
f 249/117/113 251/119/113 252/120/113
f 253/119/18 254/118/18 255/121/18
f 256/122/114 257/95/114 258/123/114
f 259/124/82 260/24/82 261/25/82
f 262/95/22 263/69/22 264/125/22
f 265/24/115 266/70/115 267/69/115
f 265/24/115 267/69/115 268/92/115
f 269/114/115 270/126/115 271/118/115
f 269/114/115 271/118/115 272/117/115
f 273/121/115 274/118/115 275/126/115
f 276/121/115 277/126/115 278/127/115
f 279/120/116 280/128/116 281/117/116
f 282/116/117 283/129/117 284/126/117
f 282/116/118 284/126/118 285/114/118
f 569/264/23 570/265/23 571/266/23
f 569/264/23 571/266/23 572/267/23
f 573/268/225 574/269/226 575/270/227
f 573/268/225 575/270/227 576/271/228
f 576/271/228 577/272/229 578/273/230
f 576/271/228 578/273/230 573/268/225
f 579/274/231 580/275/231 581/268/231
f 579/274/231 581/268/231 582/273/231
f 583/276/232 584/277/232 585/273/232
f 586/278/233 587/276/233 588/273/233
f 586/278/233 588/273/233 589/279/233
f 577/272/229 590/280/234 591/279/235
f 577/272/229 591/279/236 578/273/230
f 592/279/237 593/281/237 594/278/237
f 595/275/238 596/282/238 597/268/238
f 598/282/239 599/283/239 600/269/239
f 598/282/240 600/269/240 601/268/240
f 602/283/241 603/284/241 604/269/241
f 605/269/242 606/284/242 607/285/242
f 605/269/243 607/285/243 608/279/243
f 574/269/226 591/279/236 590/280/234
f 574/269/244 590/280/234 575/270/227
f 577/272/229 576/271/228 609/286/45
f 609/286/45 575/270/227 590/280/245
f 609/286/45 576/271/246 575/270/247
f 577/272/229 609/286/248 590/280/234
f 610/281/237 611/279/237 612/285/237
f 613/273/249 614/277/249 615/274/249
f 616/287/61 617/288/61 618/289/61
f 616/287/61 618/289/61 619/290/61
f 620/291/250 621/292/250 622/289/250
f 620/291/251 622/289/251 623/288/251
f 624/287/252 625/290/252 626/293/252
f 624/287/253 626/293/253 627/294/253
f 628/294/253 629/293/253 630/295/253
f 628/294/253 630/295/253 631/296/253
f 632/292/254 633/291/254 634/297/254
f 632/292/255 634/297/255 635/298/255
f 636/299/83 637/300/83 638/301/83
f 636/299/83 638/301/83 639/302/83
f 640/303/256 641/304/256 642/305/256
f 643/306/210 644/307/210 645/303/210
f 646/305/257 647/306/257 648/303/257
f 649/304/108 650/303/108 651/307/108
f 652/308/258 653/309/258 654/307/258
f 652/308/259 654/307/259 655/306/259
f 656/310/260 657/311/260 658/305/260
f 656/310/261 658/305/261 659/304/261
f 660/312/262 661/313/262 662/306/262
f 660/312/263 662/306/263 663/305/263
f 664/306/264 665/314/264 666/308/264
f 667/311/265 668/312/265 669/305/265
f 670/275/266 671/310/266 672/304/266
f 673/274/267 674/275/267 675/304/267
f 673/274/267 675/304/267 676/307/267
f 677/307/268 678/315/268 679/274/268
f 680/315/268 681/307/268 682/309/268
f 683/314/269 684/306/269 685/313/269
f 686/316/115 687/317/115 688/318/115
f 686/316/115 688/318/115 689/319/115
f 690/318/270 691/317/270 692/295/270
f 690/318/271 692/295/271 693/296/271
f 694/316/272 695/319/272 696/297/272
f 694/316/273 696/297/273 697/298/273
f 698/320/274 699/321/274 700/322/274
f 698/320/274 700/322/274 701/323/274
f 702/324/275 703/322/275 704/321/275
f 702/324/276 704/321/276 705/325/276
f 706/326/277 707/327/277 708/328/277
f 709/329/278 710/330/278 711/331/278
f 712/332/279 713/333/279 714/334/279
f 712/332/280 714/334/280 715/335/280
f 716/336/281 717/330/281 718/333/281
f 716/336/281 718/333/281 719/332/281
f 720/331/282 721/337/282 722/335/282
f 720/331/282 722/335/282 723/334/282
f 724/336/283 725/337/283 726/331/283
f 724/336/284 726/331/284 727/330/284
f 728/334/278 729/329/278 730/331/278
f 731/329/278 732/334/278 733/333/278
f 734/330/278 735/329/278 736/333/278
f 737/338/285 738/339/285 739/340/285
f 737/338/286 739/340/286 740/341/286
f 741/340/61 742/339/61 743/342/61
f 741/340/61 743/342/61 744/343/61
f 745/344/287 746/340/287 747/343/287
f 745/344/287 747/343/287 748/345/287
f 749/343/288 750/342/288 751/346/288
f 749/343/288 751/346/288 752/347/288
f 753/345/289 754/343/289 755/347/289
f 756/344/290 757/341/290 758/340/290
f 759/346/288 760/348/288 761/349/288
f 759/346/288 761/349/288 762/347/288
f 763/347/289 764/349/289 765/345/289
f 766/344/291 767/350/291 768/341/291
f 769/341/285 770/350/285 771/351/285
f 769/341/285 771/351/285 772/338/285
f 773/352/292 774/353/292 775/354/292
f 773/352/292 775/354/293 776/355/292
f 777/356/294 778/354/294 779/353/294
f 777/356/294 779/353/294 780/357/294
f 781/358/277 782/359/277 783/360/277
f 784/361/277 785/362/277 786/363/277
f 787/364/277 788/365/277 785/362/277
f 787/364/277 785/362/277 784/361/277
f 789/366/277 790/365/277 791/364/277
f 786/363/277 785/362/277 792/367/277
f 786/363/277 792/367/277 793/368/277
f 785/362/277 788/365/277 781/358/277
f 785/362/277 781/358/277 792/367/277
f 794/359/277 795/358/277 796/365/277
f 794/359/277 796/365/277 797/366/277
f 793/368/277 792/367/277 798/369/277
f 792/367/277 781/358/277 799/370/277
f 792/367/277 799/370/277 798/369/277
f 783/360/277 799/370/277 781/358/277
f 800/371/295 801/372/295 802/373/295
f 800/371/296 802/373/296 803/374/296
f 804/375/297 805/376/297 806/348/297
f 804/375/297 806/348/297 807/349/297
f 808/377/298 809/375/298 810/349/298
f 811/374/115 812/373/115 813/376/115
f 811/374/115 813/376/115 814/375/115
f 815/378/299 816/371/299 817/374/299
f 818/377/300 819/378/300 820/374/300
f 818/377/300 820/374/300 821/375/300
f 1342/480/61 1343/481/61 1344/482/61
f 1343/481/61 1342/480/61 1345/483/61
f 1466/484/944 1464/485/945 1346/486/946
f 1342/480/61 1344/482/61 1347/487/61
f 1345/483/61 1342/480/61 1348/488/61
f 1464/485/945 1467/489/947 1349/490/948
f 1346/486/946 1464/485/949 1349/490/948
f 1466/484/944 1346/486/946 1350/491/950
f 1469/492/951 1465/493/944 1472/494/950
f 1342/480/61 1347/487/61 1351/495/61
f 1348/488/61 1342/480/61 1352/496/61
f 1467/489/952 1470/497/953 1353/498/954
f 1349/490/948 1467/489/947 1353/498/954
f 1354/499/115 1468/500/115 1355/501/115
f 1355/501/115 1471/502/115 1356/503/115
f 1471/502/115 1355/501/115 1468/500/115
f 1473/504/115 1468/500/115 1357/505/115
f 1357/505/115 1358/506/115 1473/504/115
f 1354/499/115 1357/505/115 1468/500/115
f 1469/492/951 1472/494/950 1359/507/955
f 1474/508/956 1469/492/951 1359/507/955
f 1342/480/61 1351/495/61 1360/509/61
f 1352/496/61 1342/480/61 1361/510/61
f 1470/497/953 1475/508/957 1362/511/958
f 1353/498/954 1470/497/953 1362/511/958
f 1356/503/115 1471/502/115 1363/512/115
f 1363/512/115 1476/513/115 1364/514/115
f 1476/513/115 1363/512/115 1471/502/115
f 1483/515/115 1473/504/115 1365/516/115
f 1483/515/115 1365/516/115 1366/517/115
f 1365/516/115 1473/504/115 1358/506/115
f 1474/508/956 1359/507/955 1367/511/959
f 1484/497/960 1474/508/956 1367/511/959
f 1342/480/61 1360/509/61 1368/518/61
f 1361/510/61 1342/480/61 1369/519/61
f 1475/508/957 1485/492/961 1370/507/962
f 1362/511/958 1475/508/957 1370/507/962
f 1364/514/115 1476/513/115 1371/520/115
f 1371/520/115 1486/521/115 1372/522/115
f 1486/521/115 1371/520/115 1476/513/115
f 1491/518/115 1483/515/115 1373/523/115
f 1491/518/115 1373/523/115 1374/524/115
f 1373/523/115 1483/515/115 1366/517/115
f 1484/497/960 1367/511/959 1375/498/963
f 1492/489/964 1484/497/960 1375/498/963
f 1342/480/61 1368/518/61 1376/515/61
f 1369/519/61 1342/480/61 1377/525/61
f 1485/492/961 1493/493/965 1378/494/966
f 1370/507/962 1485/492/961 1378/494/966
f 1379/526/115 1372/522/115 1486/521/115
f 1495/527/115 1380/528/115 1379/526/115
f 1495/527/115 1379/526/115 1486/521/115
f 1500/509/115 1491/518/115 1381/529/115
f 1500/509/967 1381/529/967 1382/530/967
f 1381/529/115 1491/518/115 1374/524/115
f 1492/489/964 1375/498/963 1383/490/968
f 1501/485/969 1492/489/964 1383/490/968
f 1342/480/61 1376/515/61 1384/504/61
f 1377/525/61 1342/480/61 1385/531/61
f 1494/494/965 1502/507/970 1386/492/971
f 1504/493/966 1494/494/965 1386/492/971
f 1387/532/115 1380/528/115 1495/527/115
f 1387/532/115 1503/533/115 1388/534/115
f 1503/533/115 1387/532/115 1495/527/115
f 1509/495/115 1500/509/115 1389/535/115
f 1389/535/115 1390/536/115 1509/495/115
f 1382/530/115 1389/535/115 1500/509/115
f 1501/485/972 1383/490/968 1391/486/973
f 1511/484/974 1501/485/969 1391/486/973
f 1342/480/61 1384/504/61 1392/500/61
f 1385/531/61 1342/480/61 1393/537/61
f 1502/507/970 1512/511/975 1394/508/976
f 1386/492/971 1502/507/977 1394/508/978
f 1395/538/979 1388/534/979 1503/533/979
f 1395/538/115 1513/539/115 1396/540/115
f 1513/539/115 1395/538/115 1503/533/115
f 1519/487/115 1509/495/115 1397/541/115
f 1397/541/980 1398/542/980 1519/487/980
f 1390/536/115 1397/541/115 1509/495/115
f 1511/484/974 1391/486/973 1399/491/981
f 1520/486/982 1510/491/974 1527/484/981
f 1342/480/61 1392/500/61 1400/502/61
f 1393/537/61 1342/480/61 1401/543/61
f 1512/511/975 1521/498/983 1402/497/984
f 1394/508/978 1512/511/985 1402/497/984
f 1403/544/986 1396/540/986 1513/539/986
f 1403/544/115 1522/543/115 1404/545/115
f 1522/543/115 1403/544/115 1513/539/115
f 1528/482/115 1519/487/115 1405/546/115
f 1405/546/987 1406/547/987 1528/482/987
f 1398/542/967 1405/546/967 1519/487/967
f 1520/486/982 1527/484/981 1407/485/988
f 1529/490/989 1520/486/982 1407/485/988
f 1342/480/61 1400/502/61 1408/513/61
f 1401/543/61 1342/480/61 1409/539/61
f 1521/498/983 1530/490/990 1410/489/991
f 1402/497/984 1521/498/983 1410/489/991
f 1411/548/115 1404/545/115 1522/543/115
f 1411/548/115 1531/537/115 1412/549/115
f 1531/537/115 1411/548/115 1522/543/115
f 1537/481/115 1528/482/115 1413/550/115
f 1413/550/115 1414/551/115 1537/481/115
f 1413/550/115 1528/482/115 1406/547/115
f 1529/490/989 1407/485/988 1415/489/992
f 1538/498/993 1529/490/989 1415/489/992
f 1342/480/61 1408/513/61 1416/521/61
f 1409/539/61 1342/480/61 1417/533/61
f 1530/490/990 1539/486/994 1418/485/995
f 1410/489/991 1530/490/990 1418/485/995
f 1419/552/115 1420/553/115 1540/531/115
f 1531/537/115 1540/531/115 1420/553/115
f 1531/537/996 1420/553/996 1412/549/996
f 1537/481/115 1414/551/115 1421/554/115
f 1545/483/115 1421/554/115 1422/555/115
f 1421/554/115 1545/483/115 1537/481/115
f 1538/498/993 1415/489/992 1423/497/997
f 1546/511/998 1538/498/993 1423/497/997
f 1342/480/61 1416/521/61 1424/527/61
f 1417/533/61 1342/480/61 1424/527/61
f 1539/486/994 1547/491/999 1425/484/1000
f 1418/485/995 1539/486/994 1425/484/1000
f 1426/556/115 1427/557/115 1549/525/115
f 1540/531/115 1549/525/115 1427/557/115
f 1540/531/1001 1427/557/1001 1419/552/1001
f 1545/483/115 1422/555/115 1428/558/115
f 1428/558/115 1429/559/115 1554/488/115
f 1428/558/115 1554/488/115 1545/483/115
f 1546/511/998 1423/497/997 1430/508/1002
f 1555/507/1003 1546/511/998 1430/508/1002
f 1548/494/999 1555/507/1003 1431/492/1004
f 1557/493/1000 1548/494/999 1431/492/1004
f 1432/560/115 1433/561/115 1556/519/115
f 1549/525/115 1556/519/115 1433/561/115
f 1549/525/996 1433/561/996 1426/556/996
f 1554/488/115 1429/559/115 1434/562/115
f 1434/562/115 1435/563/115 1562/496/115
f 1434/562/115 1562/496/115 1554/488/115
f 1555/507/1003 1430/508/1002 1431/492/1004
f 1436/564/115 1437/565/115 1563/510/115
f 1556/519/115 1563/510/115 1437/565/115
f 1556/519/115 1437/565/115 1432/560/115
f 1562/496/115 1435/563/115 1438/566/115
f 1438/566/115 1436/564/115 1563/510/115
f 1438/566/115 1563/510/115 1562/496/115
f 1439/499/115 1440/480/115 1441/506/115
f 1440/480/115 1439/499/115 1442/503/115
f 1441/506/115 1440/480/115 1443/517/115
f 1440/480/115 1442/503/115 1444/514/115
f 1443/517/115 1440/480/115 1445/524/115
f 1440/480/115 1444/514/115 1446/522/115
f 1445/524/115 1440/480/115 1447/530/115
f 1440/480/115 1446/522/115 1448/528/115
f 1447/530/115 1440/480/115 1449/536/115
f 1440/480/115 1448/528/115 1450/534/115
f 1449/536/115 1440/480/115 1451/542/115
f 1440/480/115 1450/534/115 1452/540/115
f 1451/542/115 1440/480/115 1453/547/115
f 1440/480/115 1452/540/115 1454/545/115
f 1453/547/115 1440/480/115 1455/551/115
f 1440/480/115 1454/545/115 1456/549/115
f 1455/551/115 1440/480/115 1457/555/115
f 1440/480/115 1456/549/115 1458/552/115
f 1457/555/115 1440/480/115 1459/559/115
f 1440/480/115 1458/552/115 1460/556/115
f 1459/559/115 1440/480/115 1461/563/115
f 1440/480/115 1460/556/115 1462/560/115
f 1461/563/115 1440/480/115 1463/564/115
f 1440/480/115 1462/560/115 1463/564/115
f 1480/567/1005 1477/568/1006 1572/569/1007
f 1480/567/1008 1572/569/1009 1573/570/1010
f 1478/571/1011 1479/572/1012 1575/573/1013
f 1478/571/1014 1575/573/1015 1572/569/1016
f 1477/568/1006 1478/571/1014 1572/569/1016
f 1482/574/1017 1480/567/1008 1573/570/1018
f 1489/575/1019 1481/576/1020 1574/577/1010
f 1489/575/1021 1574/577/1010 1576/578/1022
f 1487/579/1023 1488/497/1024 1577/580/1025
f 1487/579/1023 1577/580/1025 1575/573/1013
f 1479/572/1026 1487/579/1027 1575/573/1028
f 1490/581/1029 1489/575/1021 1576/578/1030
f 1498/582/1031 1490/581/1029 1576/578/1022
f 1498/582/1032 1576/578/1022 1578/583/1033
f 1496/584/1034 1497/585/1035 1579/583/1036
f 1496/584/1034 1579/583/1036 1577/580/1025
f 1488/497/1037 1496/584/1038 1577/580/1025
f 1499/585/1039 1498/582/1040 1578/583/1033
f 1507/584/1041 1499/585/1042 1578/583/1033
f 1507/584/1041 1578/583/1033 1580/580/1043
f 1505/582/1044 1506/581/1045 1581/578/1046
f 1505/582/1047 1581/578/1048 1579/583/1049
f 1497/585/1050 1505/582/1051 1579/583/1036
f 1508/497/1052 1507/584/1053 1580/580/1043
f 1517/579/1054 1508/497/1055 1580/580/1043
f 1517/579/1054 1580/580/1043 1582/573/1056
f 1514/575/1057 1515/576/1058 1584/577/1059
f 1514/575/1057 1584/577/1060 1581/578/1048
f 1506/581/1061 1514/575/1062 1581/578/1063
f 1518/572/1064 1517/579/1065 1582/573/1066
f 1525/571/1067 1518/572/1068 1582/573/1056
f 1525/571/1067 1582/573/1066 1585/569/1069
f 1523/586/1070 1524/587/1071 1586/588/1072
f 1523/586/1070 1586/588/1073 1583/589/1059
f 1516/590/1074 1523/586/1070 1583/589/1075
f 1526/568/1076 1525/571/1067 1585/569/1077
f 1534/567/1078 1526/568/1076 1585/569/1077
f 1534/567/1079 1585/569/1077 1587/570/1080
f 1532/591/1081 1533/592/1082 1589/593/1083
f 1532/591/1084 1589/593/1085 1586/588/1073
f 1524/587/1086 1532/591/1081 1586/588/1072
f 1536/574/1087 1534/567/1078 1587/570/1088
f 1543/594/1089 1535/595/1090 1588/596/1091
f 1543/594/1089 1588/596/1088 1590/597/1092
f 1541/598/1093 1542/498/1094 1591/599/1095
f 1541/598/1096 1591/599/1095 1589/593/1083
f 1533/592/1082 1541/598/1093 1589/593/1083
f 1544/600/1097 1543/594/1098 1590/597/1099
f 1552/601/1100 1544/600/1101 1590/597/1102
f 1552/601/1103 1590/597/1104 1592/602/1105
f 1551/603/1106 1550/604/1107 1593/602/1108
f 1551/603/1109 1593/602/1108 1591/599/1110
f 1542/498/1111 1551/603/1109 1591/599/1095
f 1553/604/1112 1552/601/1113 1592/602/1114
f 1560/603/1115 1553/604/1112 1592/602/1114
f 1560/603/1115 1592/602/1116 1594/599/1117
f 1559/601/1118 1558/600/1119 1595/597/1120
f 1559/601/1121 1595/597/1122 1593/602/1123
f 1550/604/1107 1559/601/1124 1593/602/1123
f 1561/498/1125 1560/603/1126 1594/599/1127
f 1567/598/1128 1561/498/1125 1594/599/1127
f 1567/598/1129 1594/599/1117 1596/593/1130
f 1566/594/1131 1564/595/1132 1598/596/1133
f 1566/594/1131 1598/596/1133 1595/597/1120
f 1558/600/1134 1566/594/1135 1595/597/1136
f 1568/592/1137 1567/598/1129 1596/593/1138
f 1571/591/1139 1568/592/1137 1596/593/1138
f 1571/591/1139 1596/593/1138 1599/588/1140
f 1570/586/1141 1569/587/1142 1599/588/1140
f 1570/586/1143 1599/588/1144 1597/589/1145
f 1565/590/1146 1570/586/1147 1597/589/1148
f 1569/587/1149 1571/591/1139 1599/588/1140
f 2632/1106/61 2633/1107/61 2634/1108/61
f 2633/1107/61 2632/1106/61 2635/1109/61
f 2756/1110/944 2754/1111/945 2636/1112/946
f 2632/1106/61 2634/1108/61 2637/1113/61
f 2635/1109/61 2632/1106/61 2638/1114/61
f 2754/1111/945 2757/1115/947 2639/1116/1155
f 2636/1112/946 2754/1111/945 2639/1116/1155
f 2756/1110/944 2636/1112/946 2640/1117/950
f 2759/1118/951 2755/1119/944 2762/1120/950
f 2632/1106/61 2637/1113/61 2641/1121/61
f 2638/1114/61 2632/1106/61 2642/1122/61
f 2757/1115/947 2760/1123/953 2643/1124/954
f 2639/1116/1155 2757/1115/947 2643/1124/954
f 2644/1125/115 2758/1126/115 2645/1127/115
f 2645/1127/115 2761/1128/115 2646/1129/115
f 2761/1128/115 2645/1127/115 2758/1126/115
f 2763/1130/115 2758/1126/115 2647/1131/115
f 2647/1131/1358 2648/1132/1358 2763/1130/1358
f 2644/1125/115 2647/1131/115 2758/1126/115
f 2759/1118/951 2762/1120/950 2649/1133/955
f 2764/1134/956 2759/1118/951 2649/1133/955
f 2632/1106/61 2641/1121/61 2650/1135/61
f 2642/1122/61 2632/1106/61 2651/1136/61
f 2760/1123/953 2765/1134/957 2652/1137/958
f 2643/1124/954 2760/1123/953 2652/1137/958
f 2646/1129/115 2761/1128/115 2653/1138/115
f 2653/1138/115 2766/1139/115 2654/1140/115
f 2766/1139/115 2653/1138/115 2761/1128/115
f 2773/1141/115 2763/1130/115 2655/1142/115
f 2773/1141/115 2655/1142/115 2656/1143/115
f 2655/1142/115 2763/1130/115 2648/1132/115
f 2764/1134/956 2649/1133/955 2657/1137/959
f 2774/1123/960 2764/1134/956 2657/1137/959
f 2632/1106/61 2650/1135/61 2658/1144/61
f 2651/1136/61 2632/1106/61 2659/1145/61
f 2765/1134/957 2775/1118/961 2660/1133/962
f 2652/1137/958 2765/1134/957 2660/1133/962
f 2654/1140/115 2766/1139/115 2661/1146/115
f 2661/1146/115 2776/1147/115 2662/1148/115
f 2776/1147/115 2661/1146/115 2766/1139/115
f 2781/1144/115 2773/1141/115 2663/1149/115
f 2781/1144/115 2663/1149/115 2664/1150/115
f 2663/1149/115 2773/1141/115 2656/1143/115
f 2774/1123/960 2657/1137/959 2665/1124/963
f 2782/1115/964 2774/1123/960 2665/1124/963
f 2632/1106/61 2658/1144/61 2666/1141/61
f 2659/1145/61 2632/1106/61 2667/1151/61
f 2775/1118/961 2783/1119/965 2668/1120/966
f 2660/1133/962 2775/1118/961 2668/1120/966
f 2669/1152/115 2662/1148/115 2776/1147/115
f 2785/1153/115 2670/1154/115 2669/1152/115
f 2785/1153/115 2669/1152/115 2776/1147/115
f 2790/1135/115 2781/1144/115 2671/1155/115
f 2790/1135/1271 2671/1155/1271 2672/1156/1271
f 2671/1155/115 2781/1144/115 2664/1150/115
f 2782/1115/964 2665/1124/963 2673/1116/968
f 2791/1111/969 2782/1115/964 2673/1116/1154
f 2632/1106/61 2666/1141/61 2674/1130/61
f 2667/1151/61 2632/1106/61 2675/1157/61
f 2784/1120/965 2792/1133/970 2676/1118/971
f 2794/1119/966 2784/1120/965 2676/1118/971
f 2677/1158/115 2670/1154/115 2785/1153/115
f 2677/1158/115 2793/1159/115 2678/1160/115
f 2793/1159/115 2677/1158/115 2785/1153/115
f 2799/1121/115 2790/1135/115 2679/1161/115
f 2679/1161/115 2680/1162/115 2799/1121/115
f 2672/1156/115 2679/1161/115 2790/1135/115
f 2791/1111/969 2673/1116/1154 2681/1112/973
f 2801/1110/974 2791/1111/969 2681/1112/973
f 2632/1106/61 2674/1130/61 2682/1126/61
f 2675/1157/61 2632/1106/61 2683/1163/61
f 2792/1133/970 2802/1137/975 2684/1134/1270
f 2676/1118/971 2792/1133/970 2684/1134/978
f 2685/1164/115 2678/1160/115 2793/1159/115
f 2685/1164/115 2803/1165/115 2686/1166/115
f 2803/1165/115 2685/1164/115 2793/1159/115
f 2809/1113/115 2799/1121/115 2687/1167/115
f 2687/1167/986 2688/1168/986 2809/1113/986
f 2680/1162/115 2687/1167/115 2799/1121/115
f 2801/1110/974 2681/1112/973 2689/1117/981
f 2810/1112/982 2800/1117/974 2817/1110/981
f 2632/1106/61 2682/1126/61 2690/1128/61
f 2683/1163/61 2632/1106/61 2691/1169/61
f 2802/1137/975 2811/1124/983 2692/1123/984
f 2684/1134/976 2802/1137/985 2692/1123/984
f 2693/1170/115 2686/1166/115 2803/1165/115
f 2693/1170/115 2812/1169/115 2694/1171/115
f 2812/1169/115 2693/1170/115 2803/1165/115
f 2818/1108/115 2809/1113/115 2695/1172/115
f 2695/1172/115 2696/1173/115 2818/1108/115
f 2688/1168/115 2695/1172/115 2809/1113/115
f 2810/1112/982 2817/1110/981 2697/1111/988
f 2819/1116/989 2810/1112/982 2697/1111/988
f 2632/1106/61 2690/1128/61 2698/1139/61
f 2691/1169/61 2632/1106/61 2699/1165/61
f 2811/1124/983 2820/1116/990 2700/1115/991
f 2692/1123/1163 2811/1124/983 2700/1115/991
f 2701/1174/115 2694/1171/115 2812/1169/115
f 2701/1174/115 2821/1163/115 2702/1175/115
f 2821/1163/115 2701/1174/115 2812/1169/115
f 2827/1107/115 2818/1108/115 2703/1176/115
f 2703/1176/115 2704/1177/115 2827/1107/115
f 2703/1176/115 2818/1108/115 2696/1173/115
f 2819/1116/989 2697/1111/988 2705/1115/992
f 2828/1124/993 2819/1116/989 2705/1115/992
f 2632/1106/61 2698/1139/61 2706/1147/61
f 2699/1165/61 2632/1106/61 2707/1159/61
f 2820/1116/990 2829/1112/994 2708/1111/995
f 2700/1115/991 2820/1116/990 2708/1111/995
f 2709/1178/115 2710/1179/115 2830/1157/115
f 2821/1163/115 2830/1157/115 2710/1179/115
f 2821/1163/996 2710/1179/996 2702/1175/996
f 2827/1107/115 2704/1177/115 2711/1180/115
f 2835/1109/115 2711/1180/115 2712/1181/115
f 2711/1180/115 2835/1109/115 2827/1107/115
f 2828/1124/993 2705/1115/992 2713/1123/997
f 2836/1137/998 2828/1124/993 2713/1123/997
f 2632/1106/61 2706/1147/61 2714/1153/61
f 2707/1159/61 2632/1106/61 2714/1153/61
f 2829/1112/994 2837/1117/999 2715/1110/1000
f 2708/1111/995 2829/1112/994 2715/1110/1000
f 2716/1182/115 2717/1183/115 2839/1151/115
f 2830/1157/115 2839/1151/115 2717/1183/115
f 2830/1157/115 2717/1183/115 2709/1178/115
f 2835/1109/115 2712/1181/115 2718/1184/115
f 2718/1184/115 2719/1185/115 2844/1114/115
f 2718/1184/115 2844/1114/115 2835/1109/115
f 2836/1137/998 2713/1123/997 2720/1134/1359
f 2845/1133/1003 2836/1137/998 2720/1134/1161
f 2838/1120/999 2845/1133/1003 2721/1118/1004
f 2847/1119/1000 2838/1120/999 2721/1118/1004
f 2722/1186/115 2723/1187/115 2846/1145/115
f 2839/1151/115 2846/1145/115 2723/1187/115
f 2839/1151/115 2723/1187/115 2716/1182/115
f 2844/1114/115 2719/1185/115 2724/1188/115
f 2724/1188/115 2725/1189/115 2852/1122/115
f 2724/1188/115 2852/1122/115 2844/1114/115
f 2845/1133/1003 2720/1134/1002 2721/1118/1004
f 2726/1190/115 2727/1191/115 2853/1136/115
f 2846/1145/115 2853/1136/115 2727/1191/115
f 2846/1145/1001 2727/1191/1001 2722/1186/1001
f 2852/1122/115 2725/1189/115 2728/1192/115
f 2728/1192/996 2726/1190/996 2853/1136/996
f 2728/1192/115 2853/1136/115 2852/1122/115
f 2729/1125/115 2730/1106/115 2731/1132/115
f 2730/1106/115 2729/1125/115 2732/1129/115
f 2731/1132/115 2730/1106/115 2733/1143/115
f 2730/1106/115 2732/1129/115 2734/1140/115
f 2733/1143/115 2730/1106/115 2735/1150/115
f 2730/1106/115 2734/1140/115 2736/1148/115
f 2735/1150/115 2730/1106/115 2737/1156/115
f 2730/1106/115 2736/1148/115 2738/1154/115
f 2737/1156/115 2730/1106/115 2739/1162/115
f 2730/1106/115 2738/1154/115 2740/1160/115
f 2739/1162/115 2730/1106/115 2741/1168/115
f 2730/1106/115 2740/1160/115 2742/1166/115
f 2741/1168/115 2730/1106/115 2743/1173/115
f 2730/1106/115 2742/1166/115 2744/1171/115
f 2743/1173/115 2730/1106/115 2745/1177/115
f 2730/1106/115 2744/1171/115 2746/1175/115
f 2745/1177/115 2730/1106/115 2747/1181/115
f 2730/1106/115 2746/1175/115 2748/1178/115
f 2747/1181/115 2730/1106/115 2749/1185/115
f 2730/1106/115 2748/1178/115 2750/1182/115
f 2749/1185/115 2730/1106/115 2751/1189/115
f 2730/1106/115 2750/1182/115 2752/1186/115
f 2751/1189/115 2730/1106/115 2753/1190/115
f 2730/1106/115 2752/1186/115 2753/1190/115
f 2770/1193/1008 2767/1194/1006 2862/1195/1007
f 2770/1193/1005 2862/1195/1016 2863/1196/1273
f 2768/1197/1014 2769/1198/1026 2865/1199/1013
f 2768/1197/1014 2865/1199/1013 2862/1195/1007
f 2767/1194/1006 2768/1197/1315 2862/1195/1016
f 2772/1200/1020 2770/1193/1005 2863/1196/1273
f 2779/1201/1021 2771/1202/1020 2864/1203/1273
f 2779/1201/1021 2864/1203/1010 2866/1204/1030
f 2777/1205/1023 2778/1123/1037 2867/1206/1025
f 2777/1205/1275 2867/1206/1274 2865/1199/1013
f 2769/1198/1360 2777/1205/1027 2865/1199/1028
f 2780/1207/1029 2779/1201/1021 2866/1204/1022
f 2788/1208/1031 2780/1207/1029 2866/1204/1022
f 2788/1208/1031 2866/1204/1030 2868/1209/1277
f 2786/1210/1034 2787/1211/1035 2869/1209/1036
f 2786/1210/1034 2869/1209/1036 2867/1206/1025
f 2778/1123/1037 2786/1210/1038 2867/1206/1274
f 2789/1211/1039 2788/1208/1031 2868/1209/1033
f 2797/1210/1041 2789/1211/1039 2868/1209/1033
f 2797/1210/1041 2868/1209/1033 2870/1206/1043
f 2795/1208/1044 2796/1207/1045 2871/1204/1048
f 2795/1208/1044 2871/1204/1046 2869/1209/1036
f 2787/1211/1050 2795/1208/1047 2869/1209/1049
f 2798/1123/1345 2797/1210/1053 2870/1206/1043
f 2807/1205/1065 2798/1123/1055 2870/1206/1043
f 2807/1205/1065 2870/1206/1279 2872/1199/1066
f 2804/1201/1057 2805/1202/1058 2874/1203/1060
f 2804/1201/1280 2874/1203/1059 2871/1204/1046
f 2796/1207/1061 2804/1201/1361 2871/1204/1063
f 2808/1198/1068 2807/1205/1054 2872/1199/1066
f 2815/1197/1346 2808/1198/1064 2872/1199/1066
f 2815/1197/1067 2872/1199/1056 2875/1195/1069
f 2813/1212/1070 2814/1213/1086 2876/1214/1072
f 2813/1212/1070 2876/1214/1072 2873/1215/1059
f 2806/1216/1074 2813/1212/1070 2873/1215/1075
f 2816/1194/1076 2815/1197/1346 2875/1195/1077
f 2824/1193/1079 2816/1194/1076 2875/1195/1077
f 2824/1193/1195 2875/1195/1069 2877/1196/1091
f 2822/1217/1084 2823/1218/1082 2879/1219/1085
f 2822/1217/1084 2879/1219/1085 2876/1214/1073
f 2814/1213/1086 2822/1217/1084 2876/1214/1073
f 2826/1200/1087 2824/1193/1078 2877/1196/1088
f 2833/1220/1362 2825/1221/1090 2878/1222/1080
f 2833/1220/1089 2878/1222/1080 2880/1223/1104
f 2831/1224/1096 2832/1124/1094 2881/1225/1110
f 2831/1224/1096 2881/1225/1110 2879/1219/1085
f 2823/1218/1289 2831/1224/1093 2879/1219/1085
f 2834/1226/1097 2833/1220/1098 2880/1223/1099
f 2842/1227/1103 2834/1226/1101 2880/1223/1104
f 2842/1227/1100 2880/1223/1102 2882/1228/1114
f 2841/1229/1106 2840/1230/1107 2883/1228/1108
f 2841/1229/1106 2883/1228/1108 2881/1225/1095
f 2832/1124/1111 2841/1229/1109 2881/1225/1095
f 2843/1230/1112 2842/1227/1100 2882/1228/1114
f 2850/1229/1115 2843/1230/1295 2882/1228/1105
f 2850/1229/1126 2882/1228/1114 2884/1225/1127
f 2849/1227/1121 2848/1226/1119 2885/1223/1120
f 2849/1227/1121 2885/1223/1122 2883/1228/1123
f 2840/1230/1296 2849/1227/1121 2883/1228/1108
f 2851/1124/1125 2850/1229/1126 2884/1225/1127
f 2857/1224/1129 2851/1124/1297 2884/1225/1117
f 2857/1224/1129 2884/1225/1117 2886/1219/1130
f 2856/1220/1131 2854/1221/1132 2888/1222/1145
f 2856/1220/1131 2888/1222/1133 2885/1223/1122
f 2848/1226/1134 2856/1220/1131 2885/1223/1136
f 2858/1218/1137 2857/1224/1128 2886/1219/1138
f 2861/1217/1139 2858/1218/1298 2886/1219/1130
f 2861/1217/1139 2886/1219/1138 2889/1214/1140
f 2860/1212/1247 2859/1213/1142 2889/1214/1144
f 2860/1212/1143 2889/1214/1140 2887/1215/1145
f 2855/1216/1132 2860/1212/1147 2887/1215/1133
f 2859/1213/1149 2861/1217/1243 2889/1214/1144
f 2890/1231/274 2891/1232/274 2892/1233/274
f 2890/1231/274 2892/1233/274 2893/1234/274
f 2894/1235/1363 2895/1236/1363 2896/1233/1363
f 2894/1235/1363 2896/1233/1363 2897/1232/1363
f 2898/1237/1364 2899/1238/1364 2900/1231/1364
f 2898/1237/1364 2900/1231/1364 2901/1234/1364
f 2902/1239/1365 2903/1240/1365 2904/1241/1365
f 2905/1242/1366 2906/1243/1366 2907/1244/1366
f 2908/1243/278 2909/1245/278 2910/1246/278
f 2911/1246/1367 2912/1247/1367 2913/1244/1367
f 2911/1246/1367 2913/1244/1367 2914/1243/1367
f 2915/1245/1368 2916/1248/1368 2917/1246/1368
f 2918/1245/278 2919/1243/278 2920/1240/278
f 2921/1248/1368 2922/1245/1368 2923/1240/1368
f 2924/1240/1365 2925/1249/1365 2926/1241/1365
f 2927/1250/1369 2928/1251/1369 2929/1252/1369
f 2930/1253/1370 2931/1254/1370 2932/1255/1370
f 2930/1253/1370 2932/1255/1370 2933/1256/1370
f 2934/1257/61 2935/1250/61 2936/1253/61
f 2934/1257/61 2936/1253/61 2937/1256/61
f 2938/1251/285 2939/1250/285 2940/1257/285
f 2938/1251/285 2940/1257/285 2941/1258/285
f 2942/1259/1371 2943/1258/1371 2944/1257/1371
f 2945/1260/294 2946/1261/294 2947/1262/294
f 2945/1260/294 2947/1262/294 2948/1263/294
f 2949/1262/1372 2950/1261/1372 2951/1264/1372
f 2949/1262/1372 2951/1264/1372 2952/1265/1372
f 2953/1260/1373 2954/1263/1373 2955/1266/1373
f 2953/1260/1374 2955/1266/1374 2956/1267/1374
f 2957/1268/1375 2958/1269/1375 2959/1270/1375
f 2960/1247/1376 2961/1271/1376 2962/1272/1376
f 2963/1273/1377 2964/1271/1377 2965/1247/1377
f 2963/1273/1377 2965/1247/1377 2966/1274/1377
f 2967/1275/277 2968/1276/277 2969/1268/277
f 2970/1271/1378 2971/1275/1378 2972/1268/1378
f 2973/1275/1379 2974/1271/1379 2975/1273/1379
f 2976/1276/1380 2977/1275/1380 2978/1273/1380
f 2979/1270/1381 2980/1277/1381 2981/1268/1381
f 2982/1278/1382 2983/1279/1382 2984/1280/1382
f 2982/1278/1383 2984/1280/1383 2985/1281/1383
f 2986/1279/115 2987/1282/115 2988/1256/115
f 2986/1279/115 2988/1256/115 2989/1280/115
f 2990/1283/1384 2991/1255/1384 2992/1256/1384
f 2990/1283/1385 2992/1256/1385 2993/1282/1385
f 2994/1282/1386 2995/1279/1386 2996/1284/1386
f 2994/1282/1387 2996/1284/1387 2997/1285/1387
f 2998/1285/1388 2999/1283/1388 3000/1282/1388
f 3001/1286/1389 3002/1280/1389 3003/1256/1389
f 3001/1286/1390 3003/1256/1390 3004/1287/1390
f 3005/1256/1391 3006/1255/1391 3007/1287/1391
f 3008/1281/1382 3009/1258/1382 3010/1288/1382
f 3008/1281/1382 3010/1288/1382 3011/1278/1382
f 3012/1289/1392 3013/1290/1393 3014/1291/1393
f 3012/1289/1392 3014/1291/1394 3015/1292/1392
f 3016/1293/1392 3017/1294/1395 3018/1295/1396
f 3016/1293/1397 3018/1295/1398 3019/1292/1397
f 3013/1290/1394 3020/1296/1399 3021/1297/1399
f 3013/1290/1393 3021/1297/1400 3014/1291/1393
f 3020/1296/1400 3022/1298/1401 3023/1299/1401
f 3020/1296/1399 3023/1299/1401 3021/1297/1399
f 3022/1298/1401 3024/1300/1402 3025/1301/1402
f 3022/1298/1403 3025/1301/1404 3023/1299/1403
f 3026/1302/1405 3027/1303/1406 3028/1304/1407
f 3026/1302/1408 3028/1304/1409 3029/1305/1408
f 3030/1306/1408 3031/1307/1410 3032/1308/1410
f 3030/1306/1408 3032/1308/1410 3033/1305/1408
f 3027/1303/1407 3034/1309/1411 3035/1310/1411
f 3027/1303/1407 3035/1310/1412 3028/1304/1407
f 3034/1309/1411 3036/1311/1413 3037/1312/1413
f 3034/1309/1414 3037/1312/1415 3035/1310/1414
f 3036/1311/1413 3038/1313/1416 3039/1314/1416
f 3036/1311/1415 3039/1314/1416 3037/1312/1415
f 3040/1313/1416 3041/1315/1417 3042/1316/1417
f 3040/1313/1416 3042/1316/1417 3043/1314/1416
f 3041/1315/1417 3044/1317/1418 3045/1318/1418
f 3041/1315/1419 3045/1318/1420 3042/1316/1419
f 3044/1317/1421 3046/1319/1422 3047/1320/1423
f 3044/1317/1420 3047/1320/1424 3045/1318/1420
f 3046/1319/1422 3048/1321/1425 3049/1322/1425
f 3046/1319/1426 3049/1322/1427 3047/1320/1426
f 3048/1321/1428 3050/1323/1429 3051/1324/1429
f 3048/1321/1428 3051/1324/1430 3049/1322/1428
f 3052/1325/1431 3053/1326/1432 3054/1327/1432
f 3052/1325/1431 3054/1327/1433 3055/1328/1431
f 3056/1329/1431 3057/1330/1434 3058/1331/1434
f 3056/1329/1431 3058/1331/1434 3055/1328/1431
f 3053/1326/1433 3059/1332/1435 3060/1333/1435
f 3053/1326/1432 3060/1333/1436 3054/1327/1432
f 3059/1332/1437 3061/1334/1438 3062/1335/1438
f 3059/1332/1436 3062/1335/1438 3060/1333/1436
f 3061/1334/1438 3063/1336/1395 3064/1295/1396
f 3061/1334/1438 3064/1295/1395 3062/1335/1438
f 3065/1307/1410 3066/1337/1402 3067/1301/1402
f 3057/1330/1434 3051/1324/1430 3058/1331/1434
f 3069/1307/1439 3070/1338/1440 3071/1339/274
f 3069/1307/1439 3071/1339/274 3072/1337/274
f 3073/1330/274 3071/1339/274 3070/1338/1440
f 3073/1330/274 3070/1338/1440 3074/1340/1439
f 3075/1341/274 3071/1339/274 3076/1293/274
f 3077/1342/274 3071/1339/274 3075/1341/274
f 3078/1343/274 3071/1339/274 3077/1342/274
f 3072/1337/274 3071/1339/274 3078/1343/274
f 3079/1306/1441 3070/1338/1440 3069/1307/1439
f 3080/1344/1442 3070/1338/1440 3079/1306/1441
f 3081/1345/1443 3070/1338/1440 3080/1344/1442
f 3082/1346/1444 3070/1338/1440 3081/1345/1444
f 3083/1347/1445 3070/1338/1440 3082/1346/1444
f 3084/1348/1446 3070/1338/1440 3083/1347/1445
f 3085/1349/1447 3070/1338/1440 3084/1348/1447
f 3086/1350/1448 3070/1338/1440 3085/1349/1446
f 3087/1351/1449 3070/1338/1440 3086/1350/1450
f 3074/1340/1439 3070/1338/1451 3087/1351/1449
f 3088/1329/274 3071/1339/274 3073/1330/274
f 3089/1352/274 3071/1339/274 3088/1329/274
f 3090/1353/274 3071/1339/274 3089/1352/274
f 3091/1354/274 3071/1339/274 3090/1353/274
f 3092/1294/274 3071/1339/274 3091/1354/274
f 3076/1293/274 3071/1339/274 3092/1294/274
f 3093/1291/1393 3094/1341/1393 3016/1293/1392
f 3093/1291/1393 3016/1293/1392 3019/1292/1392
f 3095/1295/1395 3096/1336/1396 3012/1289/1397
f 3095/1295/1395 3012/1289/1392 3015/1292/1392
f 3097/1297/1399 3098/1342/1399 3094/1341/1393
f 3097/1297/1400 3094/1341/1394 3093/1291/1394
f 3099/1299/1401 3100/1343/1401 3098/1342/1399
f 3099/1299/1401 3098/1342/1399 3097/1297/1399
f 3067/1301/1402 3066/1337/1402 3100/1343/1401
f 3067/1301/1402 3100/1343/1401 3099/1299/1401
f 3101/1304/1406 3102/1344/1406 3030/1306/1408
f 3101/1304/1452 3030/1306/1453 3033/1305/1453
f 3103/1308/1410 3104/1355/1454 3026/1302/1405
f 3103/1308/1410 3026/1302/1453 3029/1305/1453
f 3105/1310/1455 3106/1345/1455 3102/1344/1406
f 3105/1310/1412 3102/1344/1452 3101/1304/1452
f 3107/1312/1413 3108/1346/1413 3106/1345/1456
f 3107/1312/1415 3106/1345/1414 3105/1310/1455
f 3109/1314/1416 3110/1347/1416 3108/1346/1415
f 3109/1314/1416 3108/1346/1413 3107/1312/1413
f 3042/1316/1417 3111/1348/1417 3112/1347/1416
f 3042/1316/1417 3112/1347/1416 3043/1314/1416
f 3045/1318/1421 3113/1349/1421 3111/1348/1417
f 3045/1318/1420 3111/1348/1417 3042/1316/1417
f 3047/1320/1457 3114/1350/1426 3113/1349/1458
f 3047/1320/1423 3113/1349/1421 3045/1318/1421
f 3049/1322/1427 3115/1351/1427 3114/1350/1457
f 3049/1322/1425 3114/1350/1422 3047/1320/1422
f 3051/1324/1429 3068/1340/1429 3115/1351/1425
f 3051/1324/1430 3115/1351/1425 3049/1322/1425
f 3054/1327/1433 3116/1352/1433 3056/1329/1459
f 3054/1327/1432 3056/1329/1431 3055/1328/1431
f 3058/1331/1434 3117/1356/1434 3052/1325/1431
f 3058/1331/1434 3052/1325/1431 3055/1328/1431
f 3060/1333/1437 3118/1353/1437 3116/1352/1433
f 3060/1333/1437 3116/1352/1432 3054/1327/1432
f 3062/1335/1438 3119/1354/1438 3118/1353/1437
f 3062/1335/1438 3118/1353/1437 3060/1333/1437
f 3064/1295/1395 3120/1294/1396 3119/1354/1438
f 3064/1295/1395 3119/1354/1438 3062/1335/1438
f 3025/1301/1402 3024/1300/1402 3121/1355/1454
f 3122/1357/1460 3123/1358/1460 3124/1359/1461
f 3122/1357/1460 3124/1359/1461 3125/1360/1461
f 3127/1361/1462 3126/1362/1462 3128/1363/1463
f 3127/1361/1462 3128/1363/1463 3129/1364/1463
f 3129/1364/1463 3128/1363/1464 3130/1365/1465
f 3129/1364/1466 3130/1365/1465 3131/1366/1465
f 3131/1366/1465 3130/1365/1465 3132/1367/278
f 3131/1366/1465 3132/1367/278 3133/1368/278
f 3134/1368/278 3135/1367/278 3123/1358/1460
f 3134/1368/278 3123/1358/1460 3122/1357/1460
f 3137/1369/1454 3138/1370/1402 3139/1371/1454
f 3141/1372/1461 3140/1373/1461 3142/1374/1467
f 3141/1372/1468 3142/1374/1469 3143/1375/1469
f 3143/1375/1467 3142/1374/1467 3144/1376/1470
f 3143/1375/1469 3144/1376/1470 3145/1377/1470
f 3146/1378/1471 3147/1379/1471 3148/1380/1472
f 3146/1378/1471 3148/1380/1472 3149/1381/1472
f 3150/1382/1473 3151/1383/1473 3152/1384/1474
f 3150/1382/1473 3152/1384/1474 3153/1385/1474
f 3145/1377/1475 3144/1376/1475 3151/1383/1473
f 3145/1377/1470 3151/1383/1476 3150/1382/1476
f 3154/1385/1477 3155/1384/1477 3147/1379/1478
f 3154/1385/1474 3147/1379/1479 3146/1378/1479
f 3136/1370/1402 3157/1385/1410 3156/1371/1410
f 3158/1386/1480 3159/1387/1481 3160/1388/1481
f 3158/1386/1480 3160/1388/1482 3161/1389/1483
f 3162/1390/1483 3163/1391/1484 3164/1392/1484
f 3162/1390/1483 3164/1392/1484 3161/1389/1483
f 3163/1391/1485 3165/1393/1486 3166/1394/1486
f 3163/1391/1485 3166/1394/1487 3164/1392/1485
f 3165/1393/1486 3167/1395/1488 3168/1396/1488
f 3165/1393/1487 3168/1396/1488 3166/1394/1486
f 3167/1395/1488 3169/1397/1489 3170/1398/1489
f 3167/1395/1488 3170/1398/1489 3168/1396/1488
f 3171/1399/1490 3172/1400/1491 3173/1401/1491
f 3171/1399/1492 3173/1401/1491 3174/1402/1492
f 3175/1403/1493 3176/1404/1494 3177/1405/1494
f 3175/1403/1492 3177/1405/1495 3174/1402/1492
f 3176/1404/1496 3178/1406/1497 3179/1407/1498
f 3176/1404/1495 3179/1407/1499 3177/1405/1495
f 3178/1406/1498 3180/1408/1500 3181/1409/1501
f 3178/1406/1502 3181/1409/1500 3179/1407/1502
f 3180/1408/1501 3182/1410/1503 3183/1411/1503
f 3180/1408/1500 3183/1411/1503 3181/1409/1500
f 3184/1410/1503 3185/1412/1504 3186/1413/1504
f 3184/1410/1503 3186/1413/1504 3187/1411/1503
f 3185/1412/1504 3188/1414/1505 3189/1415/1506
f 3185/1412/1504 3189/1415/1507 3186/1413/1504
f 3188/1414/1507 3190/1416/1508 3191/1417/1508
f 3188/1414/1509 3191/1417/1510 3189/1415/1509
f 3190/1416/1511 3192/1418/1512 3193/1419/1512
f 3190/1416/1510 3193/1419/1513 3191/1417/1510
f 3192/1418/1514 3194/1420/1515 3195/1421/1515
f 3192/1418/1513 3195/1421/1515 3193/1419/1513
f 3196/1422/1516 3197/1423/1517 3198/1424/1517
f 3196/1422/1516 3198/1424/1517 3199/1425/1516
f 3200/1426/1518 3201/1427/1519 3202/1428/1519
f 3200/1426/1516 3202/1428/1520 3199/1425/1516
f 3201/1427/1519 3203/1429/1521 3204/1430/1521
f 3201/1427/1520 3204/1430/1521 3202/1428/1520
f 3203/1429/1521 3205/1431/1522 3206/1432/1522
f 3203/1429/1521 3206/1432/1522 3204/1430/1521
f 3205/1431/1522 3207/1433/1482 3208/1388/1482
f 3205/1431/1522 3208/1388/1482 3206/1432/1522
f 3169/1397/1489 3209/1434/1491 3210/1401/1491
f 3169/1397/1489 3210/1401/1491 3170/1398/1489
f 3194/1420/1523 3211/1435/1517 3198/1424/1517
f 3212/1397/294 3213/1436/294 3214/1437/1524
f 3212/1397/294 3214/1437/1524 3215/1434/1525
f 3216/1420/1525 3214/1437/1524 3213/1436/294
f 3216/1420/1525 3213/1436/294 3217/1435/294
f 3218/1390/294 3213/1436/294 3219/1391/294
f 3219/1391/294 3213/1436/294 3220/1393/294
f 3220/1393/294 3213/1436/294 3221/1395/294
f 3221/1395/294 3213/1436/294 3212/1397/294
f 3222/1434/1525 3214/1437/1524 3223/1403/1526
f 3224/1404/1527 3214/1437/1524 3225/1406/1528
f 3225/1406/1529 3214/1437/1524 3226/1408/1529
f 3226/1408/1529 3214/1437/1524 3227/1410/1530
f 3227/1410/1531 3214/1437/1524 3228/1412/1532
f 3228/1412/1532 3214/1437/1524 3229/1414/1532
f 3229/1414/1532 3214/1437/1524 3230/1416/1533
f 3230/1416/1534 3214/1437/1524 3231/1418/1535
f 3231/1418/1535 3214/1437/1524 3216/1420/1525
f 3217/1435/294 3213/1436/294 3232/1426/294
f 3232/1426/294 3213/1436/294 3233/1427/294
f 3233/1427/294 3213/1436/294 3234/1429/294
f 3234/1429/294 3213/1436/294 3235/1431/294
f 3235/1431/294 3213/1436/294 3236/1433/294
f 3236/1433/294 3213/1436/294 3218/1390/294
f 3160/1388/1481 3237/1433/1482 3162/1390/1483
f 3160/1388/1536 3162/1390/1480 3161/1389/1480
f 3164/1392/1484 3238/1438/1484 3158/1386/1480
f 3164/1392/1537 3158/1386/1483 3161/1389/1483
f 3166/1394/1486 3239/1439/1486 3238/1438/1485
f 3166/1394/1487 3238/1438/1537 3164/1392/1485
f 3168/1396/1488 3240/1440/1488 3239/1439/1486
f 3168/1396/1488 3239/1439/1486 3166/1394/1486
f 3170/1398/1489 3241/1441/1489 3240/1440/1488
f 3170/1398/1538 3240/1440/1539 3168/1396/1539
f 3173/1401/1491 3242/1434/1491 3175/1403/1493
f 3173/1401/1491 3175/1403/1540 3174/1402/1492
f 3177/1405/1496 3243/1442/1496 3171/1399/1493
f 3177/1405/1494 3171/1399/1493 3174/1402/1493
f 3179/1407/1499 3244/1443/1499 3243/1442/1496
f 3179/1407/1502 3243/1442/1496 3177/1405/1496
f 3181/1409/1500 3245/1444/1500 3244/1443/1499
f 3181/1409/1500 3244/1443/1499 3179/1407/1499
f 3183/1411/1503 3246/1445/1503 3245/1444/1500
f 3183/1411/1503 3245/1444/1501 3181/1409/1501
f 3186/1413/1504 3247/1446/1504 3248/1445/1503
f 3186/1413/1504 3248/1445/1503 3187/1411/1503
f 3189/1415/1509 3249/1447/1506 3247/1446/1504
f 3189/1415/1505 3247/1446/1504 3186/1413/1504
f 3191/1417/1541 3250/1448/1510 3249/1447/1542
f 3191/1417/1508 3249/1447/1507 3189/1415/1507
f 3193/1419/1513 3251/1449/1513 3250/1448/1510
f 3193/1419/1514 3250/1448/1508 3191/1417/1508
f 3195/1421/1523 3252/1450/1523 3251/1449/1512
f 3195/1421/1515 3251/1449/1514 3193/1419/1514
f 3198/1424/1517 3211/1435/1517 3200/1426/1516
f 3198/1424/1517 3200/1426/1516 3199/1425/1516
f 3202/1428/1520 3253/1451/1520 3196/1422/1516
f 3202/1428/1519 3196/1422/1516 3199/1425/1516
f 3204/1430/1543 3254/1452/1543 3253/1451/1519
f 3204/1430/1543 3253/1451/1520 3202/1428/1520
f 3206/1432/1522 3255/1453/1522 3254/1452/1521
f 3206/1432/1522 3254/1452/1543 3204/1430/1543
f 3208/1388/1481 3256/1387/1482 3255/1453/1522
f 3208/1388/1482 3255/1453/1522 3206/1432/1522
f 3210/1401/1491 3257/1400/1491 3241/1441/1489
f 3210/1401/1491 3241/1441/1489 3170/1398/1489
f 3198/1424/1517 3252/1450/1523 3195/1421/1523
f 3258/1437/1544 3259/1404/1544 3260/1403/1544
f 3262/1454/1545 3261/1455/1545 3263/1456/1546
f 3262/1454/1472 3263/1456/1546 3264/1457/1546
f 3264/1457/1547 3263/1456/1547 3265/1458/1548
f 3264/1457/1547 3265/1458/1548 3266/1459/1548
f 3266/1459/1548 3265/1458/1548 3267/1460/277
f 3266/1459/1548 3267/1460/277 3268/1461/277
f 3269/1461/277 3270/1460/277 3271/1462/1549
f 3269/1461/277 3271/1462/1549 3272/1463/1549
f 3272/1463/1549 3271/1462/1549 3273/1464/1550
f 3272/1463/1549 3273/1464/1550 3274/1465/1550
f 3277/1466/1434 3283/1467/1430 3276/1468/1430
f 3279/1469/1523 3282/1470/1517 3280/1471/1523
f 3285/1472/1550 3284/1473/1550 3286/1474/1551
f 3285/1472/1550 3286/1474/1551 3287/1475/1551
f 3287/1475/1551 3286/1474/1551 3288/1476/1552
f 3287/1475/1551 3288/1476/1552 3289/1477/1552
f 3290/1478/1553 3291/1479/1553 3292/1480/1554
f 3290/1478/1553 3292/1480/1462 3293/1481/1462
f 3294/1482/1555 3295/1483/1555 3296/1484/1556
f 3294/1482/1555 3296/1484/1556 3297/1485/1556
f 3289/1477/1552 3288/1476/1552 3295/1483/1555
f 3289/1477/1552 3295/1483/1555 3294/1482/1555
f 3297/1485/1556 3296/1484/1556 3291/1479/1553
f 3297/1485/1556 3291/1479/1557 3290/1478/1558
f 3276/1468/1430 3275/1482/1430 3298/1485/1434
f 3276/1468/1430 3298/1485/1434 3278/1486/1434
f 3282/1470/1517 3281/1484/1517 3299/1483/1523
f 3594/1648/1693 3595/1649/1693 3596/1650/1693
f 3594/1648/1693 3596/1650/1693 3597/1651/1693
f 3598/1652/274 3599/1653/274 3600/1651/274
f 3598/1652/274 3600/1651/274 3601/1650/274
f 3602/1654/278 3603/1655/278 3604/1656/278
f 3605/1657/1694 3606/1658/1694 3607/1659/1694
f 3605/1657/1694 3607/1659/1694 3608/1660/1694
f 3609/1661/1695 3610/1657/1695 3611/1660/1695
f 3609/1661/281 3611/1660/281 3612/1656/281
f 3613/1655/282 3614/1659/282 3615/1658/282
f 3613/1655/282 3615/1658/282 3616/1662/282
f 3617/1661/1696 3618/1656/1696 3619/1655/1696
f 3617/1661/1696 3619/1655/1696 3620/1662/1696
f 3621/1659/278 3622/1655/278 3623/1654/278
f 3624/1654/278 3625/1660/278 3626/1659/278
f 3627/1656/278 3628/1660/278 3629/1654/278
f 3630/1663/1697 3631/1664/1697 3632/1665/1697
f 3630/1663/1697 3632/1665/1697 3633/1666/1697
f 3634/1665/61 3635/1667/61 3636/1668/61
f 3634/1665/61 3636/1668/61 3637/1666/61
f 3638/1669/287 3639/1670/287 3640/1667/287
f 3638/1669/1698 3640/1667/1698 3641/1665/1698
f 3642/1667/1699 3643/1671/1699 3644/1672/1699
f 3642/1667/1699 3644/1672/1699 3645/1668/1699
f 3647/1670/1700 3648/1671/1700 3649/1667/1700
f 3650/1669/1701 3651/1665/1701 3652/1664/1701
f 3646/1673/1702 3653/1663/1702 3654/1666/1702
f 3655/1672/1699 3656/1671/1699 3657/1674/1699
f 3655/1672/1699 3657/1674/1699 3658/1675/1699
f 3659/1671/1703 3660/1670/1703 3661/1674/1703
f 3662/1669/1704 3663/1664/1704 3664/1676/1704
f 3665/1664/1370 3666/1663/1370 3667/1673/1370
f 3665/1664/1370 3667/1673/1370 3668/1676/1370
f 3669/1677/294 3670/1678/294 3671/1679/294
f 3669/1677/294 3671/1679/294 3672/1680/294
f 3673/1681/1705 3674/1682/1705 3675/1680/1705
f 3673/1681/1706 3675/1680/1706 3676/1679/1706
f 3677/1683/277 3678/1684/277 3679/1685/277
f 3680/1686/277 3681/1687/277 3682/1688/277
f 3683/1689/277 3680/1686/277 3682/1688/277
f 3683/1689/277 3682/1688/277 3684/1690/277
f 3685/1691/277 3686/1689/277 3687/1690/277
f 3681/1687/277 3688/1692/277 3689/1693/277
f 3681/1687/277 3689/1693/277 3682/1688/277
f 3682/1688/277 3689/1693/277 3677/1683/277
f 3682/1688/277 3677/1683/277 3684/1690/277
f 3690/1685/277 3691/1691/277 3692/1690/277
f 3690/1685/277 3692/1690/277 3693/1683/277
f 3688/1692/277 3694/1694/277 3689/1693/277
f 3689/1693/277 3694/1694/277 3695/1695/277
f 3689/1693/277 3695/1695/277 3677/1683/277
f 3678/1684/277 3677/1683/277 3695/1695/277
f 3696/1696/1707 3697/1697/1707 3698/1698/1707
f 3696/1696/1708 3698/1698/1708 3699/1699/1708
f 3700/1700/1709 3701/1674/1709 3702/1675/1709
f 3700/1700/1709 3702/1675/1709 3703/1701/1709
f 3704/1702/1710 3705/1674/1710 3706/1700/1710
f 3707/1697/115 3708/1700/115 3709/1701/115
f 3707/1697/115 3709/1701/115 3710/1698/115
f 3711/1703/1711 3712/1697/1711 3713/1696/1711
f 3714/1702/300 3715/1700/300 3716/1697/300
f 3714/1702/300 3716/1697/300 3717/1703/300
f 3836/1748/1397 3837/1749/1393 3838/1750/1393
f 3836/1748/1392 3838/1750/1736 3839/1751/1392
f 3840/1752/1392 3841/1753/1395 3842/1754/1395
f 3840/1752/1392 3842/1754/1398 3843/1751/1392
f 3837/1749/1393 3844/1755/1399 3845/1756/1399
f 3837/1749/1393 3845/1756/1400 3838/1750/1393
f 3844/1755/1400 3846/1757/1401 3847/1758/1401
f 3844/1755/1399 3847/1758/1401 3845/1756/1399
f 3846/1757/1401 3848/1759/1402 3849/1760/1402
f 3846/1757/1401 3849/1760/1404 3847/1758/1401
f 3850/1761/1453 3851/1762/1407 3852/1763/1407
f 3850/1761/1408 3852/1763/1406 3853/1764/1408
f 3854/1765/1405 3855/1766/1410 3856/1767/1410
f 3854/1765/1408 3856/1767/1410 3857/1764/1408
f 3851/1762/1452 3858/1768/1456 3859/1769/1456
f 3851/1762/1406 3859/1769/1414 3852/1763/1407
f 3858/1768/1412 3860/1770/1413 3861/1771/1413
f 3858/1768/1414 3861/1771/1415 3859/1769/1414
f 3860/1770/1413 3862/1772/1416 3863/1773/1416
f 3860/1770/1413 3863/1773/1416 3861/1771/1413
f 3864/1772/1416 3865/1774/1417 3866/1775/1417
f 3864/1772/1416 3866/1775/1417 3867/1773/1416
f 3865/1774/1417 3868/1776/1737 3869/1777/1418
f 3865/1774/1419 3869/1777/1458 3866/1775/1419
f 3868/1776/1421 3870/1778/1423 3871/1779/1423
f 3868/1776/1420 3871/1779/1422 3869/1777/1421
f 3870/1778/1422 3872/1780/1425 3873/1781/1428
f 3870/1778/1426 3873/1781/1427 3871/1779/1426
f 3872/1780/1428 3874/1782/1430 3875/1783/1430
f 3872/1780/1425 3875/1783/1430 3873/1781/1425
f 3876/1784/1431 3877/1785/1432 3878/1786/1432
f 3876/1784/1459 3878/1786/1433 3879/1787/1459
f 3880/1788/1459 3881/1789/1434 3882/1790/1434
f 3880/1788/1431 3882/1790/1434 3879/1787/1431
f 3877/1785/1433 3883/1791/1437 3884/1792/1437
f 3877/1785/1432 3884/1792/1436 3878/1786/1432
f 3883/1791/1436 3885/1793/1438 3886/1794/1438
f 3883/1791/1437 3886/1794/1438 3884/1792/1437
f 3885/1793/1438 3887/1795/1396 3888/1754/1395
f 3885/1793/1438 3888/1754/1398 3886/1794/1438
f 3889/1766/1410 3890/1796/1402 3891/1760/1402
f 3881/1789/1434 3875/1783/1430 3882/1790/1434
f 3893/1766/1439 3894/1797/1440 3895/1798/274
f 3893/1766/1439 3895/1798/274 3896/1796/274
f 3897/1789/274 3895/1798/274 3894/1797/1440
f 3897/1789/274 3894/1797/1440 3898/1799/1439
f 3899/1800/274 3895/1798/274 3900/1752/274
f 3901/1801/274 3895/1798/274 3899/1800/274
f 3902/1802/274 3895/1798/274 3901/1801/274
f 3896/1796/274 3895/1798/274 3902/1802/274
f 3903/1765/1441 3894/1797/1440 3893/1766/1439
f 3904/1803/1442 3894/1797/1440 3903/1765/1441
f 3905/1804/1443 3894/1797/1440 3904/1803/1442
f 3906/1805/1444 3894/1797/1440 3905/1804/1444
f 3907/1806/1445 3894/1797/1440 3906/1805/1444
f 3908/1807/1446 3894/1797/1440 3907/1806/1738
f 3909/1808/1447 3894/1797/1440 3908/1807/1447
f 3910/1809/1448 3894/1797/1440 3909/1808/1446
f 3911/1810/1449 3894/1797/1440 3910/1809/1450
f 3898/1799/1439 3894/1797/1440 3911/1810/1449
f 3912/1788/274 3895/1798/274 3897/1789/274
f 3913/1811/274 3895/1798/274 3912/1788/274
f 3914/1812/274 3895/1798/274 3913/1811/274
f 3915/1813/274 3895/1798/274 3914/1812/274
f 3916/1753/274 3895/1798/274 3915/1813/274
f 3900/1752/274 3895/1798/274 3916/1753/274
f 3917/1750/1393 3918/1800/1394 3840/1752/1392
f 3917/1750/1394 3840/1752/1397 3843/1751/1397
f 3919/1754/1395 3920/1795/1395 3836/1748/1392
f 3919/1754/1396 3836/1748/1392 3839/1751/1392
f 3921/1756/1399 3922/1801/1399 3918/1800/1393
f 3921/1756/1399 3918/1800/1393 3917/1750/1393
f 3923/1758/1401 3924/1802/1401 3922/1801/1399
f 3923/1758/1403 3922/1801/1400 3921/1756/1400
f 3891/1760/1402 3890/1796/1402 3924/1802/1401
f 3891/1760/1402 3924/1802/1401 3923/1758/1401
f 3925/1763/1406 3926/1803/1406 3854/1765/1408
f 3925/1763/1452 3854/1765/1453 3857/1764/1453
f 3927/1767/1410 3928/1814/1410 3850/1761/1405
f 3927/1767/1410 3850/1761/1405 3853/1764/1405
f 3929/1769/1411 3930/1804/1455 3926/1803/1407
f 3929/1769/1411 3926/1803/1452 3925/1763/1452
f 3931/1771/1413 3932/1805/1413 3930/1804/1411
f 3931/1771/1413 3930/1804/1412 3929/1769/1455
f 3933/1773/1416 3934/1806/1416 3932/1805/1413
f 3933/1773/1416 3932/1805/1413 3931/1771/1413
f 3866/1775/1417 3935/1807/1417 3936/1806/1416
f 3866/1775/1417 3936/1806/1416 3867/1773/1416
f 3869/1777/1421 3937/1808/1420 3935/1807/1417
f 3869/1777/1421 3935/1807/1417 3866/1775/1417
f 3871/1779/1426 3938/1809/1426 3937/1808/1458
f 3871/1779/1422 3937/1808/1420 3869/1777/1737
f 3873/1781/1427 3939/1810/1427 3938/1809/1426
f 3873/1781/1425 3938/1809/1422 3871/1779/1422
f 3875/1783/1430 3892/1799/1430 3939/1810/1739
f 3875/1783/1430 3939/1810/1739 3873/1781/1739
f 3878/1786/1433 3940/1811/1433 3880/1788/1459
f 3878/1786/1432 3880/1788/1431 3879/1787/1431
f 3882/1790/1434 3941/1815/1434 3876/1784/1431
f 3882/1790/1434 3876/1784/1431 3879/1787/1431
f 3884/1792/1437 3942/1812/1437 3940/1811/1433
f 3884/1792/1436 3940/1811/1432 3878/1786/1432
f 3886/1794/1438 3943/1813/1438 3942/1812/1437
f 3886/1794/1438 3942/1812/1436 3884/1792/1436
f 3888/1754/1395 3944/1753/1398 3943/1813/1438
f 3888/1754/1396 3943/1813/1438 3886/1794/1438
f 3849/1760/1402 3848/1759/1402 3945/1814/1410
f 3946/1816/1460 3947/1817/1460 3948/1818/1461
f 3946/1816/1460 3948/1818/1461 3949/1819/1461
f 3951/1820/1462 3950/1821/1462 3952/1822/1463
f 3951/1820/1462 3952/1822/1463 3953/1823/1463
f 3953/1823/1466 3952/1822/1466 3954/1824/1465
f 3953/1823/1466 3954/1824/1465 3955/1825/1465
f 3955/1825/1740 3954/1824/1740 3956/1826/278
f 3955/1825/1465 3956/1826/278 3957/1827/278
f 3958/1827/278 3959/1826/278 3947/1817/1460
f 3958/1827/278 3947/1817/1460 3946/1816/1460
f 3961/1828/1410 3962/1829/1402 3963/1830/1410
f 3965/1831/1461 3964/1832/1461 3966/1833/1467
f 3965/1831/1461 3966/1833/1469 3967/1834/1469
f 3967/1834/1469 3966/1833/1469 3968/1835/1470
f 3967/1834/1469 3968/1835/1470 3969/1836/1470
f 3970/1837/1471 3971/1838/1471 3972/1839/1545
f 3970/1837/1471 3972/1839/1472 3973/1840/1472
f 3974/1841/1473 3975/1842/1473 3976/1843/1474
f 3974/1841/1473 3976/1843/1474 3977/1844/1474
f 3969/1836/1475 3968/1835/1475 3975/1842/1473
f 3969/1836/1470 3975/1842/1476 3974/1841/1476
f 3978/1844/1477 3979/1843/1477 3971/1838/1478
f 3978/1844/1474 3971/1838/1479 3970/1837/1479
f 3960/1829/1402 3981/1844/1410 3980/1830/1410
f 3982/1845/1480 3983/1846/1482 3984/1847/1481
f 3982/1845/1483 3984/1847/1482 3985/1848/1483
f 3986/1849/1483 3987/1850/1484 3988/1851/1484
f 3986/1849/1480 3988/1851/1485 3985/1848/1480
f 3987/1850/1485 3989/1852/1486 3990/1853/1486
f 3987/1850/1485 3990/1853/1486 3988/1851/1485
f 3989/1852/1486 3991/1854/1488 3992/1855/1488
f 3989/1852/1487 3992/1855/1488 3990/1853/1486
f 3991/1854/1488 3993/1856/1489 3994/1857/1489
f 3991/1854/1488 3994/1857/1489 3992/1855/1488
f 3995/1858/1490 3996/1859/1491 3997/1860/1491
f 3995/1858/1490 3997/1860/1491 3998/1861/1490
f 3999/1862/1493 4000/1863/1741 4001/1864/1741
f 3999/1862/1492 4001/1864/1495 3998/1861/1492
f 4000/1863/1741 4002/1865/1498 4003/1866/1498
f 4000/1863/1495 4003/1866/1499 4001/1864/1742
f 4002/1865/1499 4004/1867/1500 4005/1868/1500
f 4002/1865/1502 4005/1868/1500 4003/1866/1502
f 4004/1867/1500 4006/1869/1503 4007/1870/1503
f 4004/1867/1500 4007/1870/1503 4005/1868/1500
f 4008/1869/1503 4009/1871/1504 4010/1872/1504
f 4008/1869/1503 4010/1872/1504 4011/1870/1503
f 4009/1871/1504 4012/1873/1509 4013/1874/1509
f 4009/1871/1504 4013/1874/1507 4010/1872/1504
f 4012/1873/1507 4014/1875/1508 4015/1876/1508
f 4012/1873/1507 4015/1876/1510 4013/1874/1506
f 4014/1875/1511 4016/1877/1512 4017/1878/1512
f 4014/1875/1510 4017/1878/1513 4015/1876/1510
f 4016/1877/1513 4018/1879/1515 4019/1880/1523
f 4016/1877/1514 4019/1880/1523 4017/1878/1514
f 4020/1881/1516 4021/1882/1517 4022/1883/1517
f 4020/1881/1516 4022/1883/1517 4023/1884/1516
f 4024/1885/1518 4025/1886/1519 4026/1887/1519
f 4024/1885/1516 4026/1887/1520 4023/1884/1516
f 4025/1886/1519 4027/1888/1543 4028/1889/1543
f 4025/1886/1520 4028/1889/1543 4026/1887/1520
f 4027/1888/1521 4029/1890/1522 4030/1891/1522
f 4027/1888/1543 4030/1891/1522 4028/1889/1543
f 4029/1890/1522 4031/1892/1482 4032/1847/1481
f 4029/1890/1522 4032/1847/1481 4030/1891/1522
f 3993/1856/1489 4033/1893/1491 4034/1860/1491
f 3993/1856/1489 4034/1860/1491 3994/1857/1489
f 4018/1879/1523 4035/1894/1517 4022/1883/1517
f 4036/1856/294 4037/1895/294 4038/1896/1524
f 4036/1856/294 4038/1896/1524 4039/1893/1525
f 4040/1879/1525 4038/1896/1524 4037/1895/294
f 4040/1879/1525 4037/1895/294 4041/1894/294
f 4042/1849/294 4037/1895/294 4043/1850/294
f 4043/1850/294 4037/1895/294 4044/1852/294
f 4044/1852/294 4037/1895/294 4045/1854/294
f 4045/1854/294 4037/1895/294 4036/1856/294
f 4046/1893/1525 4038/1896/1524 4047/1862/1526
f 4048/1863/1527 4038/1896/1524 4049/1865/1528
f 4049/1865/1528 4038/1896/1524 4050/1867/1528
f 4050/1867/1529 4038/1896/1524 4051/1869/1530
f 4051/1869/1531 4038/1896/1524 4052/1871/1532
f 4052/1871/1743 4038/1896/1524 4053/1873/1743
f 4053/1873/1532 4038/1896/1524 4054/1875/1534
f 4054/1875/1534 4038/1896/1524 4055/1877/1535
f 4055/1877/1535 4038/1896/1524 4040/1879/1525
f 4041/1894/294 4037/1895/294 4056/1885/294
f 4056/1885/294 4037/1895/294 4057/1886/294
f 4057/1886/294 4037/1895/294 4058/1888/294
f 4058/1888/294 4037/1895/294 4059/1890/294
f 4059/1890/294 4037/1895/294 4060/1892/294
f 4060/1892/294 4037/1895/294 4042/1849/294
f 3984/1847/1536 4061/1892/1536 3986/1849/1483
f 3984/1847/1536 3986/1849/1480 3985/1848/1480
f 3988/1851/1484 4062/1897/1484 3982/1845/1480
f 3988/1851/1537 3982/1845/1483 3985/1848/1483
f 3990/1853/1486 4063/1898/1486 4062/1897/1484
f 3990/1853/1487 4062/1897/1484 3988/1851/1484
f 3992/1855/1488 4064/1899/1488 4063/1898/1487
f 3992/1855/1488 4063/1898/1486 3990/1853/1486
f 3994/1857/1489 4065/1900/1489 4064/1899/1488
f 3994/1857/1538 4064/1899/1488 3992/1855/1488
f 3997/1860/1491 4066/1893/1491 3999/1862/1493
f 3997/1860/1491 3999/1862/1490 3998/1861/1490
f 4001/1864/1496 4067/1901/1496 3995/1858/1490
f 4001/1864/1741 3995/1858/1493 3998/1861/1493
f 4003/1866/1499 4068/1902/1499 4067/1901/1741
f 4003/1866/1744 4067/1901/1495 4001/1864/1495
f 4005/1868/1500 4069/1903/1500 4068/1902/1744
f 4005/1868/1501 4068/1902/1498 4003/1866/1498
f 4007/1870/1503 4070/1904/1503 4069/1903/1500
f 4007/1870/1503 4069/1903/1501 4005/1868/1501
f 4010/1872/1504 4071/1905/1504 4072/1904/1503
f 4010/1872/1504 4072/1904/1503 4011/1870/1503
f 4013/1874/1506 4073/1906/1506 4071/1905/1504
f 4013/1874/1505 4071/1905/1504 4010/1872/1504
f 4015/1876/1541 4074/1907/1541 4073/1906/1507
f 4015/1876/1510 4073/1906/1507 4013/1874/1542
f 4017/1878/1514 4075/1908/1514 4074/1907/1510
f 4017/1878/1512 4074/1907/1508 4015/1876/1508
f 4019/1880/1523 4076/1909/1523 4075/1908/1514
f 4019/1880/1523 4075/1908/1513 4017/1878/1513
f 4022/1883/1517 4035/1894/1517 4024/1885/1518
f 4022/1883/1517 4024/1885/1516 4023/1884/1516
f 4026/1887/1520 4077/1910/1520 4020/1881/1516
f 4026/1887/1519 4020/1881/1518 4023/1884/1518
f 4028/1889/1521 4078/1911/1521 4077/1910/1519
f 4028/1889/1543 4077/1910/1520 4026/1887/1520
f 4030/1891/1522 4079/1912/1522 4078/1911/1543
f 4030/1891/1522 4078/1911/1543 4028/1889/1543
f 4032/1847/1481 4080/1846/1481 4079/1912/1522
f 4032/1847/1536 4079/1912/1522 4030/1891/1522
f 4034/1860/1491 4081/1859/1491 4065/1900/1489
f 4034/1860/1491 4065/1900/1489 3994/1857/1489
f 4022/1883/1517 4076/1909/1523 4019/1880/1523
f 4082/1896/1544 4083/1863/1544 4084/1862/1544
f 4086/1913/1545 4085/1914/1745 4087/1915/1546
f 4086/1913/1472 4087/1915/1546 4088/1916/1546
f 4088/1916/1547 4087/1915/1547 4089/1917/1548
f 4088/1916/1547 4089/1917/1548 4090/1918/1548
f 4090/1918/1548 4089/1917/1548 4091/1919/277
f 4090/1918/1548 4091/1919/277 4092/1920/277
f 4093/1920/277 4094/1919/277 4095/1921/1549
f 4093/1920/277 4095/1921/1549 4096/1922/1549
f 4096/1922/1549 4095/1921/1549 4097/1923/1550
f 4096/1922/1549 4097/1923/1550 4098/1924/1550
f 4101/1925/1434 4107/1926/1430 4100/1927/1430
f 4103/1928/1523 4106/1929/1517 4104/1930/1523
f 4109/1931/1550 4108/1932/1746 4110/1933/1747
f 4109/1931/1550 4110/1933/1551 4111/1934/1551
f 4111/1934/1551 4110/1933/1551 4112/1935/1552
f 4111/1934/1551 4112/1935/1552 4113/1936/1552
f 4114/1937/1553 4115/1938/1553 4116/1939/1554
f 4114/1937/1553 4116/1939/1462 4117/1940/1462
f 4118/1941/1555 4119/1942/1555 4120/1943/1556
f 4118/1941/1555 4120/1943/1556 4121/1944/1556
f 4113/1936/1748 4112/1935/1748 4119/1942/1749
f 4113/1936/1552 4119/1942/1555 4118/1941/1555
f 4121/1944/1556 4120/1943/1556 4115/1938/1557
f 4121/1944/1556 4115/1938/1553 4114/1937/1553
f 4100/1927/1430 4099/1941/1430 4122/1944/1434
f 4100/1927/1430 4122/1944/1434 4102/1945/1434
f 4106/1929/1517 4105/1943/1517 4123/1942/1523
f 4419/2111/1771 4420/2112/1772 4421/2113/1773
f 4422/2114/1774 4420/2112/1775 4423/2115/1776
f 4422/2114/1774 4423/2115/1776 4424/2116/1776
f 4424/2116/1776 4423/2115/1776 4425/2117/1777
f 4424/2116/1776 4425/2117/1777 4426/2118/1777
f 4426/2118/1777 4425/2117/1777 4427/2119/1778
f 4426/2118/1777 4427/2119/1778 4428/2120/1778
f 4429/2121/1779 4430/2122/1779 4431/2113/1773
f 4429/2121/1779 4431/2113/1773 4432/2123/1780
f 4433/2121/1781 4434/2124/1781 4435/2125/1781
f 4433/2121/1782 4435/2125/1782 4436/2126/1782
f 4437/2124/1783 4438/2127/1783 4439/2128/1783
f 4437/2124/1784 4439/2128/1784 4440/2125/1784
f 4441/2129/1785 4442/2130/1785 4443/2131/1785
f 4444/2132/1786 4445/2131/1786 4446/2130/1786
f 4428/2120/1778 4427/2119/1778 4447/2133/1787
f 4428/2120/1778 4447/2133/1788 4448/2129/1788
f 4449/2134/1789 4450/2135/1789 4451/2136/1789
f 4452/2134/1790 4453/2127/1790 4454/2124/1790
f 4452/2134/1790 4454/2124/1790 4455/2131/1791
f 4456/2121/1790 4457/2123/1792 4455/2131/1791
f 4456/2121/1790 4455/2131/1791 4454/2124/1790
f 4458/2123/1792 4459/2114/1793 4455/2131/1791
f 4459/2114/1793 4460/2116/1794 4455/2131/1791
f 4460/2116/1794 4461/2118/1795 4455/2131/1791
f 4461/2118/1796 4462/2120/1797 4455/2131/1791
f 4462/2120/1797 4463/2129/1798 4455/2131/1791
f 4420/2112/1799 4422/2114/1800 4464/2123/1780
f 4420/2112/1775 4419/2111/1801 4465/2137/1776
f 4420/2112/1775 4465/2137/1776 4423/2115/1776
f 4423/2115/1776 4465/2137/1776 4466/2138/1777
f 4423/2115/1776 4466/2138/1777 4425/2117/1777
f 4425/2117/1777 4466/2138/1777 4467/2139/1778
f 4425/2117/1777 4467/2139/1778 4427/2119/1778
f 4468/2122/1802 4469/2140/1802 4470/2141/1803
f 4427/2119/1778 4467/2139/1778 4471/2142/1787
f 4427/2119/1778 4471/2142/1787 4447/2133/1787
f 4472/2143/1804 4473/2144/1804 4474/2145/1804
f 4475/2146/1805 4476/2147/1805 4477/2144/1805
f 4475/2146/1806 4477/2144/1806 4478/2143/1806
f 4479/2148/1807 4480/2149/1807 4481/2150/1807
f 4479/2148/1807 4481/2150/1807 4482/2151/1807
f 4483/2152/1808 4484/2153/1808 4485/2154/1808
f 4483/2152/1809 4485/2154/1809 4486/2155/1809
f 4487/2156/1810 4488/2157/1810 4489/2158/1810
f 4487/2156/1811 4489/2158/1811 4490/2159/1811
f 4491/2151/1812 4492/2160/1812 4493/2145/1812
f 4491/2151/1813 4493/2145/1813 4494/2161/1813
f 4495/2159/1814 4496/2162/1814 4497/2163/1814
f 4495/2159/1815 4497/2163/1815 4498/2154/1815
f 4499/2158/1816 4500/2162/1816 4501/2159/1816
f 4502/2158/1817 4503/2164/1817 4504/2162/1817
f 4505/2160/1818 4506/2163/1818 4507/2162/1818
f 4505/2160/1819 4507/2162/1819 4508/2145/1819
f 4509/2160/1820 4510/2151/1820 4511/2150/1820
f 4512/2155/1821 4513/2163/1821 4514/2165/1821
f 4515/2154/1815 4516/2163/1815 4517/2155/1815
f 4518/2145/1822 4519/2164/1822 4520/2143/1822
f 4521/2162/1823 4522/2164/1823 4523/2145/1823
f 4524/2165/1813 4525/2160/1813 4526/2166/1813
f 4527/2165/1824 4528/2163/1824 4529/2160/1824
f 4530/2149/1825 4531/2167/1825 4532/2166/1825
f 4530/2149/1826 4532/2166/1826 4533/2150/1826
f 4534/2150/1813 4535/2166/1813 4536/2160/1813
f 4537/2147/1827 4538/2168/1827 4539/2161/1827
f 4537/2147/1827 4539/2161/1827 4540/2144/1827
f 4541/2144/1813 4542/2161/1813 4543/2145/1813
f 4545/2169/1828 4546/2170/1829 4547/2171/1830
f 4548/2172/1801 4550/2173/1773 4551/2174/1803
f 4552/2175/1831 4553/2176/1832 4554/2177/1832
f 4552/2175/1831 4554/2177/1832 4555/2172/1831
f 4553/2176/1832 4556/2178/1833 4557/2179/1833
f 4553/2176/1832 4557/2179/1834 4554/2177/1832
f 4558/2180/61 4559/2181/1835 4560/2174/1835
f 4558/2180/61 4560/2174/1835 4561/2182/61
f 4562/2181/1835 4552/2175/1831 4555/2172/1831
f 4562/2181/1835 4555/2172/1831 4563/2174/1835
f 4564/2180/1836 4565/2182/1836 4566/2183/1836
f 4564/2180/1836 4566/2183/1836 4567/2184/1836
f 4549/2185/1775 4568/2186/1780 4550/2173/1837
f 4569/2187/1802 4570/2174/1803 4571/2173/1837
f 4544/2188/1838 4572/2181/1829 4546/2170/1829
f 4573/2189/1839 4574/2190/1839 4575/2191/1840
f 4573/2189/1838 4575/2191/1840 4576/2192/1840
f 4577/2193/1828 4574/2190/1839 4578/2194/1829
f 4576/2192/1841 4575/2191/1841 4580/2195/1842
f 4576/2192/1840 4580/2195/1842 4581/2196/1842
f 4581/2196/1843 4580/2195/1843 4582/2197/1844
f 4581/2196/1845 4582/2197/1846 4583/2198/1847
f 4579/2199/1830 4578/2194/1829 4584/2200/1848
f 4579/2199/1830 4584/2200/1849 4585/2201/1849
f 4586/2202/1850 4587/2203/1850 4588/2204/1850
f 4586/2202/1851 4588/2204/1851 4589/2126/1851
f 4590/2203/1850 4591/2201/1850 4592/2128/1850
f 4590/2203/1850 4592/2128/1850 4593/2204/1850
f 4594/2205/1852 4595/2206/1852 4596/2207/1852
f 4594/2205/1852 4596/2207/1852 4597/2208/1852
f 4598/2209/1853 4599/2208/1853 4600/2207/1853
f 4583/2198/1847 4582/2197/1844 4601/2210/1854
f 4583/2198/1847 4601/2210/1855 4602/2211/1856
f 4603/2202/1857 4604/2140/1857 4605/2212/1857
f 4606/2202/1770 4607/2209/1770 4608/2207/1858
f 4606/2202/1770 4608/2207/1858 4609/2203/1770
f 4610/2199/1859 4611/2201/1770 4609/2203/1770
f 4610/2199/1859 4609/2203/1770 4608/2207/1858
f 4612/2193/1860 4610/2199/1861 4608/2207/1858
f 4613/2213/1862 4612/2193/1860 4608/2207/1858
f 4614/2214/1863 4613/2213/1862 4608/2207/1858
f 4615/2215/1864 4614/2214/1863 4608/2207/1858
f 4616/2206/1865 4615/2215/1864 4608/2207/1858
f 4574/2190/1838 4577/2193/1866 4617/2213/1867
f 4574/2190/1838 4617/2213/1840 4575/2191/1840
f 4574/2190/1838 4573/2189/1838 4618/2216/1829
f 4575/2191/1841 4617/2213/1841 4619/2214/1842
f 4575/2191/1840 4619/2214/1842 4580/2195/1842
f 4580/2195/1842 4619/2214/1842 4620/2215/1844
f 4580/2195/1842 4620/2215/1844 4582/2197/1844
f 4578/2194/1829 4618/2216/1829 4621/2217/1848
f 4578/2194/1829 4621/2217/1848 4584/2200/1848
f 4582/2197/1844 4620/2215/1844 4622/2206/1868
f 4582/2197/1844 4622/2206/1868 4601/2210/1854
f 4623/2218/1834 4625/2219/1869 4626/2220/1869
f 4623/2218/1834 4626/2220/1869 4624/2221/1834
f 4627/2222/1870 4628/2223/1870 4629/2224/1870
f 4627/2222/1870 4629/2224/1870 4630/2225/1870
f 4631/2226/1853 4632/2227/1853 4633/2228/1853
f 4634/2227/1871 4635/2226/1871 4636/2229/1871
f 4634/2227/1872 4636/2229/1871 4637/2230/1872
f 4638/2230/1873 4639/2229/1873 4640/2231/1873
f 4638/2230/1873 4640/2231/1873 4641/2232/1873
f 4642/2232/1874 4643/2231/1874 4644/2233/1874
f 4645/2234/1875 4646/2233/1875 4647/2235/1875
f 4625/2219/1869 4648/2222/1876 4649/2225/1876
f 4625/2219/1869 4649/2225/1877 4626/2220/1869
f 4650/2227/1878 4651/2230/1878 4652/2232/1878
f 4650/2227/1878 4652/2232/1878 4653/2234/1878
f 4654/2227/1878 4655/2236/1878 4656/2228/1878
f 4657/2234/1878 4658/2236/1878 4659/2227/1878
f 4660/2237/1879 4661/2182/1879 4662/2183/1879
f 4660/2237/1880 4662/2183/1880 4663/2184/1880
f 4664/2238/1881 4665/2239/1881 4666/2240/1881
f 4667/2241/1882 4668/2242/1882 4669/2243/1882
f 4667/2241/1883 4669/2243/1883 4670/2244/1883
f 4671/2243/1785 4672/2242/1785 4673/2245/1785
f 4674/2246/1884 4675/2247/1884 4676/2248/1884
f 4677/2249/1885 4678/2250/1885 4679/2251/1885
f 4680/2247/1886 4681/2237/1886 4682/2252/1886
f 4683/2250/115 4684/2182/115 4685/2237/115
f 4683/2250/115 4685/2237/115 4686/2253/115
f 4687/2238/115 4688/2254/115 4689/2242/115
f 4687/2238/115 4689/2242/115 4690/2241/115
f 4691/2245/115 4692/2242/115 4693/2254/115
f 4694/2245/115 4695/2254/115 4696/2255/115
f 4697/2244/1887 4698/2256/1887 4699/2241/1887
f 4700/2240/1888 4701/2257/1888 4702/2254/1888
f 4700/2240/1889 4702/2254/1889 4703/2238/1889
f 4987/2401/1790 4988/2402/1790 4989/2403/1790
f 4987/2401/1790 4989/2403/1790 4990/2404/1790
f 4991/2405/1994 4992/2406/1995 4993/2407/1996
f 4991/2405/1994 4993/2407/1996 4994/2408/1997
f 4992/2406/1995 4991/2405/1994 4995/2409/1998
f 4992/2406/1995 4995/2409/1998 4996/2410/1999
f 4997/2411/2000 4998/2409/2000 4999/2405/2000
f 4997/2411/2000 4999/2405/2000 5000/2412/2000
f 5001/2413/2001 5002/2409/2001 5003/2414/2001
f 5004/2415/2002 5005/2416/2002 5006/2409/2002
f 5004/2415/2002 5006/2409/2002 5007/2413/2002
f 4996/2410/1999 4995/2409/1998 5008/2416/2003
f 4996/2410/1999 5008/2416/2003 5009/2417/2004
f 5010/2416/2005 5011/2415/2005 5012/2418/2005
f 5013/2412/2006 5014/2405/2006 5015/2419/2006
f 5016/2419/2007 5017/2405/2008 5018/2408/2007
f 5016/2419/2008 5018/2408/2008 5019/2420/2008
f 5020/2420/2009 5021/2408/2009 5022/2421/2009
f 5023/2408/2010 5024/2416/2010 5025/2422/2010
f 5023/2408/2010 5025/2422/2010 5026/2421/2010
f 4994/2408/1997 4993/2407/1996 5009/2417/2004
f 4994/2408/1997 5009/2417/2004 5008/2416/2003
f 4996/2410/1999 5027/2423/1813 4992/2406/1995
f 5027/2423/1813 5009/2417/2004 4993/2407/1996
f 5027/2423/1813 4993/2407/1996 4992/2406/1995
f 4996/2410/1999 5009/2417/2004 5027/2423/2011
f 5028/2418/2012 5029/2422/2012 5030/2416/2012
f 5031/2409/2013 5032/2411/2013 5033/2414/2013
f 5034/2424/61 5035/2425/61 5036/2426/61
f 5034/2424/61 5036/2426/61 5037/2427/61
f 5038/2428/2014 5039/2427/2014 5040/2426/2014
f 5038/2428/2014 5040/2426/2014 5041/2429/2014
f 5042/2424/2015 5043/2430/2015 5044/2431/2015
f 5042/2424/2015 5044/2431/2015 5045/2425/2015
f 5046/2430/2015 5047/2432/2015 5048/2433/2015
f 5046/2430/2015 5048/2433/2015 5049/2431/2015
f 5050/2429/2016 5051/2434/2016 5052/2435/2016
f 5050/2429/2016 5052/2435/2016 5053/2428/2016
f 5054/2436/1770 5055/2437/1770 5056/2438/1770
f 5054/2436/1770 5056/2438/1770 5057/2439/1770
f 5058/2440/2017 5059/2441/2017 5060/2442/2017
f 5061/2443/2018 5062/2440/2018 5063/2444/2018
f 5064/2441/1975 5065/2440/1975 5066/2443/1975
f 5067/2442/1878 5068/2444/1878 5069/2440/1878
f 5070/2445/2019 5071/2443/2019 5072/2444/2019
f 5070/2445/2020 5072/2444/2020 5073/2446/2020
f 5074/2447/2021 5075/2442/2022 5076/2441/2022
f 5074/2447/2022 5076/2441/2022 5077/2448/2022
f 5078/2449/2023 5079/2441/2023 5080/2443/2023
f 5078/2449/2024 5080/2443/2024 5081/2450/2024
f 5082/2443/2025 5083/2445/2025 5084/2451/2025
f 5085/2448/2026 5086/2441/2026 5087/2449/2026
f 5088/2412/2027 5089/2442/2027 5090/2447/2027
f 5091/2411/2028 5092/2444/2028 5093/2442/2028
f 5091/2411/2029 5093/2442/2029 5094/2412/2029
f 5095/2444/2030 5096/2411/2030 5097/2452/2030
f 5098/2452/2030 5099/2446/2030 5100/2444/2030
f 5101/2451/2025 5102/2450/2025 5103/2443/2025
f 5104/2453/115 5105/2454/115 5106/2455/115
f 5104/2453/115 5106/2455/115 5107/2456/115
f 5108/2455/2031 5109/2432/2031 5110/2433/2031
f 5108/2455/2031 5110/2433/2031 5111/2456/2031
f 5112/2453/2032 5113/2434/2032 5114/2435/2032
f 5112/2453/2033 5114/2435/2033 5115/2454/2033
usemtl 2Mtl.001
f 822/379/301 823/379/301 824/379/301
f 825/379/302 826/379/303 827/379/304
f 828/379/305 827/379/304 826/379/303
f 826/379/303 829/379/306 828/379/305
f 830/379/307 828/379/305 829/379/306
f 829/379/306 831/379/308 830/379/309
f 832/379/310 830/379/307 831/379/311
f 831/379/311 833/379/312 832/379/310
f 834/379/310 832/379/313 833/379/312
f 833/379/312 835/379/312 834/379/310
f 836/379/314 834/379/310 835/379/312
f 835/379/315 837/379/316 836/379/317
f 838/379/318 836/379/317 837/379/319
f 837/379/320 839/379/321 838/379/318
f 840/379/322 838/379/323 839/379/321
f 839/379/321 841/379/324 840/379/325
f 842/379/326 840/379/322 841/379/327
f 841/379/327 843/379/328 842/379/328
f 826/379/303 825/379/302 844/379/302
f 844/379/302 845/379/329 826/379/303
f 829/379/330 826/379/303 845/379/329
f 845/379/329 846/379/331 829/379/332
f 831/379/308 829/379/306 846/379/333
f 846/379/333 847/379/334 831/379/311
f 833/379/312 831/379/311 847/379/335
f 847/379/334 848/379/336 833/379/312
f 835/379/312 833/379/312 848/379/337
f 848/379/337 849/379/337 835/379/312
f 837/379/316 835/379/315 849/379/336
f 849/379/337 850/379/338 837/379/319
f 839/379/321 837/379/319 850/379/339
f 850/379/340 851/379/341 839/379/342
f 841/379/343 839/379/321 851/379/341
f 851/379/341 852/379/344 841/379/343
f 843/379/328 841/379/327 852/379/344
f 852/379/345 853/379/328 843/379/328
f 845/379/329 844/379/302 854/379/302
f 854/379/302 855/379/346 845/379/329
f 846/379/333 845/379/329 855/379/347
f 855/379/346 856/379/348 846/379/333
f 847/379/334 846/379/333 856/379/349
f 856/379/350 857/379/351 847/379/334
f 848/379/337 847/379/335 857/379/352
f 857/379/351 858/379/353 848/379/337
f 849/379/337 848/379/337 858/379/353
f 858/379/353 859/379/353 849/379/337
f 850/379/354 849/379/336 859/379/353
f 859/379/353 860/379/355 850/379/338
f 851/379/341 850/379/338 860/379/356
f 860/379/355 861/379/357 851/379/341
f 852/379/345 851/379/341 861/379/358
f 861/379/359 862/379/360 852/379/344
f 853/379/328 852/379/344 862/379/360
f 862/379/361 863/379/328 853/379/328
f 855/379/346 854/379/302 864/379/362
f 864/379/302 865/379/363 855/379/347
f 856/379/350 855/379/364 865/379/363
f 865/379/363 866/379/365 856/379/366
f 857/379/352 856/379/350 866/379/365
f 866/379/365 867/379/367 857/379/352
f 858/379/353 857/379/352 867/379/367
f 867/379/368 868/379/369 858/379/353
f 859/379/353 858/379/353 868/379/369
f 868/379/369 869/379/369 859/379/353
f 860/379/355 859/379/353 869/379/369
f 869/379/369 870/379/370 860/379/355
f 861/379/357 860/379/356 870/379/371
f 870/379/370 871/379/372 861/379/373
f 862/379/374 861/379/375 871/379/372
f 871/379/372 872/379/376 862/379/361
f 863/379/328 862/379/361 872/379/376
f 872/379/377 873/379/328 863/379/328
f 865/379/363 864/379/362 874/379/362
f 874/379/302 875/379/378 865/379/363
f 866/379/365 865/379/363 875/379/379
f 875/379/379 876/379/380 866/379/365
f 867/379/367 866/379/365 876/379/381
f 876/379/382 877/379/383 867/379/368
f 868/379/384 867/379/367 877/379/383
f 877/379/383 878/379/385 868/379/369
f 869/379/369 868/379/369 878/379/385
f 878/379/385 879/379/385 869/379/369
f 870/379/370 869/379/369 879/379/385
f 879/379/385 880/379/386 870/379/370
f 871/379/372 870/379/387 880/379/388
f 880/379/389 881/379/390 871/379/372
f 872/379/376 871/379/372 881/379/390
f 881/379/390 882/379/391 872/379/377
f 873/379/328 872/379/376 882/379/391
f 882/379/391 883/379/328 873/379/328
f 875/379/379 874/379/302 884/379/302
f 884/379/302 885/379/392 875/379/379
f 876/379/393 875/379/394 885/379/395
f 885/379/396 886/379/397 876/379/382
f 877/379/398 876/379/382 886/379/399
f 886/379/397 887/379/400 877/379/383
f 878/379/385 877/379/398 887/379/401
f 887/379/400 888/379/402 878/379/385
f 879/379/385 878/379/385 888/379/402
f 888/379/402 889/379/402 879/379/385
f 880/379/403 879/379/385 889/379/402
f 889/379/402 890/379/404 880/379/389
f 881/379/405 880/379/403 890/379/404
f 890/379/404 891/379/406 881/379/390
f 882/379/407 881/379/408 891/379/406
f 891/379/406 892/379/409 882/379/410
f 883/379/328 882/379/410 892/379/411
f 892/379/411 893/379/328 883/379/328
f 885/379/396 884/379/302 894/379/302
f 894/379/302 895/379/412 885/379/392
f 886/379/399 885/379/392 895/379/412
f 895/379/412 896/379/413 886/379/399
f 887/379/400 886/379/399 896/379/413
f 896/379/413 897/379/414 887/379/400
f 888/379/402 887/379/400 897/379/414
f 897/379/414 898/379/415 888/379/402
f 889/379/402 888/379/402 898/379/416
f 898/379/416 899/379/416 889/379/402
f 890/379/404 889/379/402 899/379/416
f 899/379/416 900/379/417 890/379/404
f 891/379/406 890/379/404 900/379/417
f 900/379/418 901/379/419 891/379/406
f 892/379/411 891/379/406 901/379/419
f 901/379/419 902/379/420 892/379/411
f 893/379/328 892/379/411 902/379/421
f 902/379/422 903/379/328 893/379/328
f 895/379/423 894/379/302 904/379/302
f 904/379/302 905/379/424 895/379/423
f 896/379/425 895/379/412 905/379/424
f 905/379/424 906/379/426 896/379/427
f 897/379/428 896/379/427 906/379/429
f 906/379/426 907/379/430 897/379/431
f 898/379/415 897/379/414 907/379/430
f 907/379/432 908/379/433 898/379/416
f 899/379/415 898/379/415 908/379/434
f 908/379/434 909/379/434 899/379/415
f 900/379/417 899/379/416 909/379/434
f 909/379/435 910/379/436 900/379/417
f 901/379/419 900/379/417 910/379/436
f 910/379/436 911/379/437 901/379/419
f 902/379/421 901/379/419 911/379/437
f 911/379/438 912/379/439 902/379/422
f 903/379/328 902/379/420 912/379/440
f 912/379/440 913/379/328 903/379/328
f 905/379/441 904/379/302 914/379/302
f 914/379/302 915/379/442 905/379/424
f 906/379/426 905/379/441 915/379/442
f 915/379/443 916/379/444 906/379/426
f 907/379/432 906/379/426 916/379/444
f 916/379/444 917/379/445 907/379/432
f 908/379/434 907/379/432 917/379/446
f 917/379/446 918/379/447 908/379/434
f 909/379/435 908/379/435 918/379/448
f 918/379/448 919/379/448 909/379/435
f 910/379/449 909/379/433 919/379/448
f 919/379/448 920/379/450 910/379/449
f 911/379/438 910/379/436 920/379/450
f 920/379/450 921/379/451 911/379/452
f 912/379/439 911/379/438 921/379/451
f 921/379/451 922/379/453 912/379/440
f 913/379/328 912/379/439 922/379/454
f 922/379/454 923/379/328 913/379/328
f 924/379/328 925/379/328 926/379/328
f 924/379/328 926/379/328 927/379/328
f 924/379/328 927/379/328 928/379/328
f 924/379/328 928/379/328 929/379/328
f 924/379/328 929/379/328 930/379/328
f 924/379/328 930/379/328 931/379/328
f 924/379/328 931/379/328 932/379/328
f 924/379/328 932/379/328 933/379/328
f 924/379/328 933/379/328 934/379/328
f 924/379/328 934/379/328 935/379/328
f 924/379/328 935/379/328 936/379/328
f 924/379/328 936/379/328 937/379/328
f 924/379/328 937/379/328 938/379/328
f 924/379/328 938/379/328 939/379/328
f 924/379/328 939/379/328 940/379/328
f 924/379/328 940/379/328 941/379/328
f 924/379/328 941/379/328 942/379/328
f 924/379/328 942/379/328 943/379/328
f 924/379/328 943/379/328 944/379/328
f 924/379/328 944/379/328 945/379/328
f 924/379/328 945/379/328 946/379/328
f 924/379/328 946/379/328 947/379/328
f 924/379/328 947/379/328 948/379/328
f 924/379/328 948/379/328 949/379/328
f 924/379/328 949/379/328 950/379/328
f 924/379/328 950/379/328 951/379/328
f 924/379/328 951/379/328 952/379/328
f 924/379/328 952/379/328 953/379/328
f 924/379/328 953/379/328 954/379/328
f 924/379/328 954/379/328 955/379/328
f 924/379/328 955/379/328 956/379/328
f 924/379/328 956/379/328 957/379/328
f 924/379/328 957/379/328 958/379/328
f 924/379/328 958/379/328 959/379/328
f 924/379/328 959/379/328 960/379/328
f 924/379/328 960/379/328 925/379/328
f 961/379/455 962/379/302 963/379/302
f 963/379/302 964/379/456 961/379/457
f 965/379/458 961/379/455 964/379/456
f 964/379/456 966/379/459 965/379/458
f 967/379/460 965/379/458 966/379/459
f 966/379/461 968/379/462 967/379/463
f 969/379/464 967/379/460 968/379/462
f 968/379/465 970/379/466 969/379/464
f 971/379/464 969/379/464 970/379/466
f 970/379/466 972/379/466 971/379/467
f 973/379/468 971/379/469 972/379/470
f 972/379/466 974/379/471 973/379/472
f 975/379/473 973/379/472 974/379/471
f 974/379/471 976/379/474 975/379/475
f 977/379/476 975/379/475 976/379/474
f 976/379/474 978/379/477 977/379/476
f 979/379/328 977/379/478 978/379/477
f 978/379/479 980/379/328 979/379/328
f 964/379/456 963/379/302 981/379/302
f 981/379/302 982/379/480 964/379/456
f 966/379/459 964/379/481 982/379/480
f 982/379/480 983/379/482 966/379/483
f 968/379/462 966/379/461 983/379/484
f 983/379/482 984/379/485 968/379/462
f 970/379/466 968/379/462 984/379/485
f 984/379/486 985/379/487 970/379/466
f 972/379/466 970/379/466 985/379/488
f 985/379/488 986/379/488 972/379/466
f 974/379/471 972/379/466 986/379/488
f 986/379/488 987/379/489 974/379/471
f 976/379/490 974/379/471 987/379/489
f 987/379/489 988/379/491 976/379/474
f 978/379/477 976/379/492 988/379/493
f 988/379/491 989/379/494 978/379/495
f 980/379/328 978/379/479 989/379/494
f 989/379/494 990/379/328 980/379/328
f 982/379/480 981/379/302 991/379/302
f 991/379/302 992/379/496 982/379/480
f 983/379/482 982/379/480 992/379/497
f 992/379/496 993/379/498 983/379/482
f 984/379/486 983/379/482 993/379/499
f 993/379/500 994/379/501 984/379/485
f 985/379/502 984/379/485 994/379/501
f 994/379/503 995/379/504 985/379/487
f 986/379/488 985/379/488 995/379/505
f 995/379/505 996/379/505 986/379/488
f 987/379/489 986/379/488 996/379/505
f 996/379/505 997/379/506 987/379/489
f 988/379/493 987/379/489 997/379/507
f 997/379/506 998/379/508 988/379/493
f 989/379/494 988/379/493 998/379/509
f 998/379/510 999/379/511 989/379/494
f 990/379/328 989/379/494 999/379/511
f 999/379/511 1000/379/328 990/379/328
f 992/379/496 991/379/302 1001/379/302
f 1001/379/302 1002/379/512 992/379/496
f 993/379/498 992/379/496 1002/379/512
f 1002/379/513 1003/379/514 993/379/498
f 994/379/503 993/379/515 1003/379/514
f 1003/379/514 1004/379/516 994/379/501
f 995/379/504 994/379/503 1004/379/517
f 1004/379/518 1005/379/519 995/379/505
f 996/379/505 995/379/505 1005/379/520
f 1005/379/520 1006/379/520 996/379/505
f 997/379/521 996/379/504 1006/379/520
f 1006/379/519 1007/379/522 997/379/507
f 998/379/508 997/379/506 1007/379/522
f 1007/379/523 1008/379/524 998/379/510
f 999/379/511 998/379/509 1008/379/524
f 1008/379/524 1009/379/525 999/379/511
f 1000/379/328 999/379/511 1009/379/526
f 1009/379/527 1010/379/328 1000/379/328
f 1002/379/513 1001/379/302 1011/379/302
f 1011/379/302 1012/379/528 1002/379/513
f 1003/379/514 1002/379/513 1012/379/528
f 1012/379/528 1013/379/529 1003/379/514
f 1004/379/516 1003/379/514 1013/379/529
f 1013/379/530 1014/379/531 1004/379/517
f 1005/379/519 1004/379/516 1014/379/532
f 1014/379/531 1015/379/533 1005/379/520
f 1006/379/520 1005/379/519 1015/379/534
f 1015/379/534 1016/379/534 1006/379/520
f 1007/379/522 1006/379/520 1016/379/534
f 1016/379/534 1017/379/535 1007/379/522
f 1008/379/524 1007/379/523 1017/379/535
f 1017/379/535 1018/379/536 1008/379/524
f 1009/379/525 1008/379/524 1018/379/537
f 1018/379/537 1019/379/538 1009/379/527
f 1010/379/328 1009/379/527 1019/379/538
f 1019/379/538 1020/379/328 1010/379/328
f 1012/379/528 1011/379/302 1021/379/302
f 1021/379/302 1022/379/539 1012/379/528
f 1013/379/530 1012/379/528 1022/379/540
f 1022/379/539 1023/379/541 1013/379/529
f 1014/379/531 1013/379/542 1023/379/541
f 1023/379/543 1024/379/544 1014/379/532
f 1015/379/545 1014/379/531 1024/379/546
f 1024/379/547 1025/379/548 1015/379/534
f 1016/379/549 1015/379/549 1025/379/548
f 1025/379/550 1026/379/548 1016/379/549
f 1017/379/551 1016/379/533 1026/379/548
f 1026/379/550 1027/379/552 1017/379/535
f 1018/379/553 1017/379/551 1027/379/554
f 1027/379/552 1028/379/555 1018/379/556
f 1019/379/538 1018/379/557 1028/379/555
f 1028/379/555 1029/379/558 1019/379/538
f 1020/379/328 1019/379/538 1029/379/559
f 1029/379/559 1030/379/328 1020/379/328
f 1022/379/540 1021/379/302 1031/379/302
f 1031/379/302 1032/379/560 1022/379/540
f 1023/379/541 1022/379/539 1032/379/561
f 1032/379/560 1033/379/562 1023/379/541
f 1024/379/546 1023/379/541 1033/379/563
f 1033/379/564 1034/379/565 1024/379/547
f 1025/379/550 1024/379/566 1034/379/567
f 1034/379/568 1035/379/569 1025/379/548
f 1026/379/548 1025/379/550 1035/379/569
f 1035/379/569 1036/379/569 1026/379/550
f 1027/379/554 1026/379/548 1036/379/570
f 1036/379/569 1037/379/571 1027/379/554
f 1028/379/555 1027/379/552 1037/379/571
f 1037/379/571 1038/379/572 1028/379/555
f 1029/379/573 1028/379/555 1038/379/574
f 1038/379/574 1039/379/575 1029/379/559
f 1030/379/328 1029/379/559 1039/379/575
f 1039/379/575 1040/379/328 1030/379/328
f 1032/379/560 1031/379/302 1041/379/302
f 1041/379/302 1042/379/576 1032/379/560
f 1033/379/562 1032/379/560 1042/379/576
f 1042/379/577 1043/379/578 1033/379/562
f 1034/379/567 1033/379/562 1043/379/579
f 1043/379/580 1044/379/581 1034/379/582
f 1035/379/569 1034/379/567 1044/379/581
f 1044/379/583 1045/379/584 1035/379/570
f 1036/379/570 1035/379/570 1045/379/584
f 1045/379/584 1046/379/584 1036/379/570
f 1037/379/571 1036/379/569 1046/379/584
f 1046/379/584 1047/379/585 1037/379/571
f 1038/379/586 1037/379/571 1047/379/587
f 1047/379/587 1048/379/588 1038/379/574
f 1039/379/575 1038/379/574 1048/379/589
f 1048/379/588 1049/379/590 1039/379/591
f 1040/379/326 1039/379/575 1049/379/592
f 1049/379/592 1050/379/328 1040/379/328
f 1042/379/576 1041/379/302 1051/379/302
f 1051/379/302 827/379/304 1042/379/576
f 1043/379/578 1042/379/576 827/379/304
f 827/379/593 828/379/594 1043/379/578
f 1044/379/581 1043/379/578 828/379/594
f 828/379/594 830/379/595 1044/379/596
f 1045/379/597 1044/379/581 830/379/307
f 830/379/309 832/379/598 1045/379/599
f 1046/379/600 1045/379/601 832/379/310
f 832/379/313 834/379/310 1046/379/600
f 1047/379/602 1046/379/584 834/379/310
f 834/379/313 836/379/603 1047/379/587
f 1048/379/588 1047/379/602 836/379/314
f 836/379/317 838/379/323 1048/379/589
f 1049/379/590 1048/379/588 838/379/318
f 838/379/323 840/379/604 1049/379/592
f 1050/379/328 1049/379/590 840/379/322
f 840/379/322 842/379/328 1050/379/328
f 1052/379/605 1053/379/302 1054/379/302
f 1054/379/302 1055/379/606 1052/379/605
f 1056/379/607 1052/379/605 1055/379/606
f 1055/379/608 1057/379/609 1056/379/610
f 1058/379/611 1056/379/607 1057/379/612
f 1057/379/612 1059/379/613 1058/379/614
f 1060/379/615 1058/379/616 1059/379/617
f 1059/379/613 1061/379/618 1060/379/619
f 1062/379/620 1060/379/621 1061/379/618
f 1061/379/618 1063/379/618 1062/379/621
f 1064/379/622 1062/379/620 1063/379/618
f 1063/379/623 1065/379/624 1064/379/625
f 1066/379/626 1064/379/627 1065/379/628
f 1065/379/629 1067/379/630 1066/379/631
f 1068/379/632 1066/379/631 1067/379/633
f 1067/379/630 1069/379/634 1068/379/635
f 1070/379/328 1068/379/636 1069/379/634
f 1069/379/634 1071/379/328 1070/379/328
f 1055/379/606 1054/379/302 1072/379/302
f 1072/379/302 1073/379/637 1055/379/608
f 1057/379/612 1055/379/606 1073/379/637
f 1073/379/637 1074/379/638 1057/379/612
f 1059/379/617 1057/379/612 1074/379/638
f 1074/379/639 1075/379/640 1059/379/613
f 1061/379/618 1059/379/641 1075/379/642
f 1075/379/642 1076/379/643 1061/379/618
f 1063/379/618 1061/379/618 1076/379/643
f 1076/379/643 1077/379/643 1063/379/618
f 1065/379/629 1063/379/618 1077/379/643
f 1077/379/643 1078/379/644 1065/379/628
f 1067/379/630 1065/379/629 1078/379/644
f 1078/379/645 1079/379/646 1067/379/647
f 1069/379/634 1067/379/647 1079/379/646
f 1079/379/648 1080/379/649 1069/379/634
f 1071/379/328 1069/379/634 1080/379/649
f 1080/379/649 1081/379/328 1071/379/328
f 1073/379/650 1072/379/362 1082/379/362
f 1082/379/302 1083/379/651 1073/379/650
f 1074/379/639 1073/379/650 1083/379/652
f 1083/379/651 1084/379/653 1074/379/639
f 1075/379/642 1074/379/639 1084/379/654
f 1084/379/653 1085/379/655 1075/379/642
f 1076/379/643 1075/379/642 1085/379/656
f 1085/379/656 1086/379/657 1076/379/643
f 1077/379/643 1076/379/643 1086/379/657
f 1086/379/657 1087/379/657 1077/379/643
f 1078/379/645 1077/379/643 1087/379/657
f 1087/379/657 1088/379/658 1078/379/644
f 1079/379/659 1078/379/645 1088/379/660
f 1088/379/661 1089/379/662 1079/379/646
f 1080/379/663 1079/379/646 1089/379/664
f 1089/379/665 1090/379/666 1080/379/649
f 1081/379/328 1080/379/649 1090/379/667
f 1090/379/668 1091/379/328 1081/379/328
f 1083/379/652 1082/379/302 1092/379/302
f 1092/379/302 1093/379/669 1083/379/651
f 1084/379/654 1083/379/651 1093/379/670
f 1093/379/670 1094/379/671 1084/379/654
f 1085/379/656 1084/379/654 1094/379/671
f 1094/379/671 1095/379/672 1085/379/656
f 1086/379/657 1085/379/655 1095/379/673
f 1095/379/674 1096/379/675 1086/379/657
f 1087/379/657 1086/379/657 1096/379/675
f 1096/379/675 1097/379/675 1087/379/657
f 1088/379/676 1087/379/657 1097/379/675
f 1097/379/675 1098/379/677 1088/379/658
f 1089/379/665 1088/379/658 1098/379/678
f 1098/379/679 1099/379/680 1089/379/664
f 1090/379/681 1089/379/682 1099/379/683
f 1099/379/684 1100/379/685 1090/379/668
f 1091/379/328 1090/379/668 1100/379/685
f 1100/379/685 1101/379/328 1091/379/328
f 1093/379/670 1092/379/302 1102/379/302
f 1102/379/302 1103/379/686 1093/379/670
f 1094/379/671 1093/379/670 1103/379/687
f 1103/379/688 1104/379/689 1094/379/671
f 1095/379/674 1094/379/671 1104/379/689
f 1104/379/690 1105/379/691 1095/379/674
f 1096/379/675 1095/379/674 1105/379/691
f 1105/379/691 1106/379/692 1096/379/693
f 1097/379/675 1096/379/675 1106/379/692
f 1106/379/692 1107/379/692 1097/379/675
f 1098/379/694 1097/379/693 1107/379/692
f 1107/379/692 1108/379/695 1098/379/677
f 1099/379/683 1098/379/678 1108/379/696
f 1108/379/695 1109/379/697 1099/379/684
f 1100/379/685 1099/379/683 1109/379/697
f 1109/379/698 1110/379/699 1100/379/685
f 1101/379/328 1100/379/685 1110/379/699
f 1110/379/700 1111/379/328 1101/379/328
f 1103/379/701 1102/379/302 1112/379/302
f 1112/379/302 1113/379/702 1103/379/686
f 1104/379/703 1103/379/686 1113/379/702
f 1113/379/704 1114/379/705 1104/379/706
f 1105/379/691 1104/379/707 1114/379/708
f 1114/379/708 1115/379/709 1105/379/710
f 1106/379/711 1105/379/712 1115/379/713
f 1115/379/709 1116/379/714 1106/379/692
f 1107/379/692 1106/379/692 1116/379/714
f 1116/379/714 1117/379/714 1107/379/692
f 1108/379/695 1107/379/692 1117/379/714
f 1117/379/714 1118/379/715 1108/379/716
f 1109/379/697 1108/379/695 1118/379/717
f 1118/379/718 1119/379/719 1109/379/720
f 1110/379/721 1109/379/720 1119/379/722
f 1119/379/719 1120/379/723 1110/379/699
f 1111/379/328 1110/379/721 1120/379/724
f 1120/379/723 1121/379/328 1111/379/328
f 1113/379/702 1112/379/302 1122/379/302
f 1122/379/362 1123/379/725 1113/379/704
f 1114/379/726 1113/379/702 1123/379/727
f 1123/379/728 1124/379/729 1114/379/708
f 1115/379/709 1114/379/708 1124/379/729
f 1124/379/729 1125/379/730 1115/379/709
f 1116/379/731 1115/379/709 1125/379/730
f 1125/379/730 1126/379/732 1116/379/714
f 1117/379/714 1116/379/714 1126/379/732
f 1126/379/732 1127/379/732 1117/379/714
f 1118/379/718 1117/379/714 1127/379/733
f 1127/379/732 1128/379/734 1118/379/718
f 1119/379/719 1118/379/715 1128/379/734
f 1128/379/734 1129/379/735 1119/379/722
f 1120/379/723 1119/379/719 1129/379/736
f 1129/379/735 1130/379/737 1120/379/724
f 1121/379/328 1120/379/724 1130/379/737
f 1130/379/737 1131/379/328 1121/379/328
f 1123/379/725 1122/379/302 1132/379/302
f 1132/379/302 1133/379/738 1123/379/725
f 1124/379/729 1123/379/739 1133/379/740
f 1133/379/738 1134/379/741 1124/379/729
f 1125/379/730 1124/379/729 1134/379/742
f 1134/379/741 1135/379/743 1125/379/730
f 1126/379/744 1125/379/730 1135/379/743
f 1135/379/743 1136/379/745 1126/379/732
f 1127/379/744 1126/379/744 1136/379/745
f 1136/379/745 1137/379/745 1127/379/744
f 1128/379/734 1127/379/732 1137/379/745
f 1137/379/746 1138/379/747 1128/379/734
f 1129/379/735 1128/379/734 1138/379/747
f 1138/379/747 1139/379/748 1129/379/735
f 1130/379/749 1129/379/735 1139/379/748
f 1139/379/748 1140/379/750 1130/379/737
f 1131/379/328 1130/379/737 1140/379/750
f 1140/379/751 1141/379/328 1131/379/328
f 1133/379/740 1132/379/362 962/379/362
f 962/379/302 961/379/457 1133/379/738
f 1134/379/752 1133/379/738 961/379/457
f 961/379/457 965/379/458 1134/379/741
f 1135/379/743 1134/379/752 965/379/458
f 965/379/458 967/379/460 1135/379/743
f 1136/379/753 1135/379/754 967/379/460
f 967/379/463 969/379/464 1136/379/746
f 1137/379/745 1136/379/745 969/379/755
f 969/379/467 971/379/756 1137/379/746
f 1138/379/747 1137/379/753 971/379/755
f 971/379/464 973/379/472 1138/379/747
f 1139/379/748 1138/379/747 973/379/472
f 973/379/468 975/379/475 1139/379/748
f 1140/379/757 1139/379/748 975/379/475
f 975/379/473 977/379/758 1140/379/750
f 1141/379/328 1140/379/750 977/379/478
f 977/379/478 979/379/328 1141/379/328
f 1142/379/759 1143/379/759 1144/379/759
f 1144/379/302 1145/379/302 1142/379/302
f 1146/379/302 1142/379/302 1145/379/302
f 1145/379/302 1147/379/302 1146/379/302
f 1148/379/302 1146/379/302 1147/379/302
f 1147/379/302 1149/379/302 1148/379/302
f 1150/379/302 1148/379/302 1149/379/302
f 1149/379/302 1151/379/302 1150/379/302
f 1152/379/302 1150/379/302 1151/379/302
f 1151/379/760 1153/379/760 1152/379/760
f 1154/379/761 1152/379/761 1153/379/761
f 1153/379/762 1155/379/762 1154/379/762
f 1156/379/762 1154/379/762 1155/379/762
f 1155/379/763 1157/379/763 1156/379/763
f 1158/379/302 1156/379/302 1157/379/302
f 1157/379/302 1159/379/302 1158/379/302
f 1160/379/302 1158/379/302 1159/379/302
f 1159/379/302 1161/379/302 1160/379/302
f 1145/379/302 1144/379/302 1162/379/302
f 1162/379/302 1163/379/302 1145/379/302
f 1147/379/759 1145/379/759 1163/379/759
f 1163/379/302 1164/379/302 1147/379/302
f 1149/379/302 1147/379/302 1164/379/302
f 1164/379/302 1165/379/302 1149/379/302
f 1151/379/302 1149/379/302 1165/379/302
f 1165/379/764 1166/379/764 1151/379/764
f 1153/379/765 1151/379/765 1166/379/765
f 1166/379/277 1167/379/277 1153/379/277
f 1155/379/277 1153/379/277 1167/379/277
f 1167/379/277 1168/379/277 1155/379/277
f 1157/379/766 1155/379/766 1168/379/766
f 1168/379/767 1169/379/767 1157/379/767
f 1159/379/768 1157/379/768 1169/379/768
f 1169/379/769 1170/379/769 1159/379/769
f 1161/379/302 1159/379/302 1170/379/302
f 1170/379/302 1171/379/302 1161/379/302
f 1163/379/302 1162/379/302 1172/379/302
f 1172/379/302 1173/379/302 1163/379/302
f 1164/379/302 1163/379/302 1173/379/302
f 1173/379/302 1174/379/302 1164/379/302
f 1165/379/770 1164/379/770 1174/379/770
f 1174/379/771 1175/379/771 1165/379/771
f 1166/379/772 1165/379/772 1175/379/772
f 1175/379/277 1176/379/277 1166/379/277
f 1167/379/277 1166/379/277 1176/379/277
f 1176/379/277 1177/379/277 1167/379/277
f 1168/379/277 1167/379/277 1177/379/277
f 1177/379/277 1178/379/277 1168/379/277
f 1169/379/277 1168/379/277 1178/379/277
f 1178/379/773 1179/379/773 1169/379/773
f 1170/379/774 1169/379/774 1179/379/774
f 1179/379/302 1180/379/302 1170/379/302
f 1171/379/302 1170/379/302 1180/379/302
f 1180/379/302 1181/379/302 1171/379/302
f 1173/379/302 1172/379/302 1182/379/302
f 1182/379/302 1183/379/302 1173/379/302
f 1174/379/302 1173/379/302 1183/379/302
f 1183/379/302 1184/379/302 1174/379/302
f 1175/379/775 1174/379/775 1184/379/775
f 1184/379/776 1185/379/776 1175/379/776
f 1176/379/277 1175/379/277 1185/379/277
f 1185/379/277 1186/379/277 1176/379/277
f 1177/379/277 1176/379/277 1186/379/277
f 1186/379/277 1187/379/277 1177/379/277
f 1178/379/277 1177/379/277 1187/379/277
f 1187/379/277 1188/379/277 1178/379/277
f 1179/379/777 1178/379/777 1188/379/777
f 1188/379/778 1189/379/778 1179/379/778
f 1180/379/302 1179/379/302 1189/379/302
f 1189/379/302 1190/379/302 1180/379/302
f 1181/379/302 1180/379/302 1190/379/302
f 1190/379/302 1191/379/302 1181/379/302
f 1183/379/302 1182/379/302 1192/379/302
f 1192/379/302 1193/379/302 1183/379/302
f 1184/379/302 1183/379/302 1193/379/302
f 1193/379/302 1194/379/302 1184/379/302
f 1185/379/779 1184/379/779 1194/379/779
f 1194/379/780 1195/379/780 1185/379/780
f 1186/379/277 1185/379/277 1195/379/277
f 1195/379/277 1196/379/277 1186/379/277
f 1187/379/277 1186/379/277 1196/379/277
f 1196/379/277 1197/379/277 1187/379/277
f 1188/379/277 1187/379/277 1197/379/277
f 1197/379/277 1198/379/277 1188/379/277
f 1189/379/781 1188/379/781 1198/379/781
f 1198/379/782 1199/379/782 1189/379/782
f 1190/379/302 1189/379/302 1199/379/302
f 1199/379/302 1200/379/302 1190/379/302
f 1191/379/302 1190/379/302 1200/379/302
f 1200/379/302 1201/379/302 1191/379/302
f 1193/379/302 1192/379/302 1202/379/302
f 1202/379/302 1203/379/302 1193/379/302
f 1194/379/302 1193/379/302 1203/379/302
f 1203/379/302 1204/379/302 1194/379/302
f 1195/379/783 1194/379/783 1204/379/783
f 1204/379/784 1205/379/784 1195/379/784
f 1196/379/277 1195/379/277 1205/379/277
f 1205/379/277 1206/379/277 1196/379/277
f 1197/379/277 1196/379/277 1206/379/277
f 1206/379/277 1207/379/277 1197/379/277
f 1198/379/277 1197/379/277 1207/379/277
f 1207/379/277 1208/379/277 1198/379/277
f 1199/379/785 1198/379/785 1208/379/785
f 1208/379/786 1209/379/786 1199/379/786
f 1200/379/787 1199/379/787 1209/379/787
f 1209/379/788 1210/379/788 1200/379/788
f 1201/379/302 1200/379/302 1210/379/302
f 1210/379/302 1211/379/302 1201/379/302
f 1203/379/302 1202/379/302 1212/379/302
f 1212/379/302 1213/379/302 1203/379/302
f 1204/379/302 1203/379/302 1213/379/302
f 1213/379/789 1214/379/789 1204/379/789
f 1205/379/790 1204/379/790 1214/379/790
f 1214/379/277 1215/379/277 1205/379/277
f 1206/379/277 1205/379/277 1215/379/277
f 1215/379/277 1216/379/277 1206/379/277
f 1207/379/277 1206/379/277 1216/379/277
f 1216/379/791 1217/379/791 1207/379/791
f 1208/379/792 1207/379/792 1217/379/792
f 1217/379/793 1218/379/793 1208/379/793
f 1209/379/794 1208/379/794 1218/379/794
f 1218/379/795 1219/379/795 1209/379/795
f 1210/379/796 1209/379/796 1219/379/796
f 1219/379/797 1220/379/797 1210/379/797
f 1211/379/302 1210/379/302 1220/379/302
f 1220/379/302 1221/379/302 1211/379/302
f 1213/379/302 1212/379/302 1222/379/302
f 1222/379/302 1223/379/302 1213/379/302
f 1214/379/769 1213/379/769 1223/379/769
f 1223/379/798 1224/379/798 1214/379/798
f 1215/379/799 1214/379/799 1224/379/799
f 1224/379/800 1225/379/800 1215/379/800
f 1216/379/800 1215/379/800 1225/379/800
f 1225/379/801 1226/379/801 1216/379/801
f 1217/379/802 1216/379/802 1226/379/802
f 1226/379/302 1227/379/302 1217/379/302
f 1218/379/302 1217/379/302 1227/379/302
f 1227/379/302 1228/379/302 1218/379/302
f 1219/379/803 1218/379/803 1228/379/803
f 1228/379/804 1229/379/804 1219/379/804
f 1220/379/805 1219/379/805 1229/379/805
f 1229/379/806 1230/379/806 1220/379/806
f 1221/379/302 1220/379/302 1230/379/302
f 1230/379/302 1231/379/302 1221/379/302
f 1223/379/302 1222/379/302 1232/379/302
f 1232/379/302 1233/379/302 1223/379/302
f 1224/379/302 1223/379/302 1233/379/302
f 1233/379/302 1234/379/302 1224/379/302
f 1225/379/302 1224/379/302 1234/379/302
f 1234/379/302 1235/379/302 1225/379/302
f 1226/379/302 1225/379/302 1235/379/302
f 1235/379/302 1236/379/302 1226/379/302
f 1227/379/302 1226/379/302 1236/379/302
f 1236/379/302 1237/379/302 1227/379/302
f 1228/379/302 1227/379/302 1237/379/302
f 1237/379/302 1238/379/302 1228/379/302
f 1229/379/302 1228/379/302 1238/379/302
f 1238/379/302 1239/379/302 1229/379/302
f 1230/379/302 1229/379/302 1239/379/302
f 1239/379/302 1240/379/302 1230/379/302
f 1231/379/302 1230/379/302 1240/379/302
f 1240/379/302 1241/379/302 1231/379/302
f 1242/380/807 1243/381/302 1244/382/302
f 1244/382/302 1245/383/808 1242/380/807
f 1246/384/809 1242/380/443 1245/383/810
f 1245/383/811 1247/385/812 1246/384/444
f 1248/386/446 1246/384/444 1247/385/813
f 1247/385/814 1249/387/815 1248/386/446
f 1250/388/448 1248/386/445 1249/387/816
f 1249/387/817 1251/389/818 1250/388/819
f 1252/390/448 1250/388/448 1251/389/818
f 1251/389/818 1253/391/818 1252/390/448
f 1254/392/450 1252/390/819 1253/391/818
f 1253/391/818 1255/393/820 1254/392/450
f 1256/394/451 1254/392/450 1255/393/821
f 1255/393/820 1257/395/822 1256/394/451
f 1258/396/454 1256/394/451 1257/395/822
f 1257/395/822 1259/397/823 1258/396/454
f 1260/398/328 1258/396/454 1259/397/823
f 1259/397/824 1261/399/328 1260/398/328
f 1245/383/808 1244/382/302 1262/400/302
f 1262/400/302 1263/401/825 1245/383/808
f 1247/385/813 1245/383/810 1263/401/825
f 1263/401/825 1264/402/826 1247/385/812
f 1249/387/815 1247/385/812 1264/402/827
f 1264/402/827 1265/403/828 1249/387/815
f 1251/389/818 1249/387/815 1265/403/828
f 1265/403/828 1266/404/829 1251/389/818
f 1253/391/818 1251/389/818 1266/404/829
f 1266/404/829 1267/405/829 1253/391/818
f 1255/393/821 1253/391/818 1267/405/829
f 1267/405/830 1268/406/831 1255/393/820
f 1257/395/822 1255/393/820 1268/406/832
f 1268/406/832 1269/407/833 1257/395/822
f 1259/397/823 1257/395/834 1269/407/833
f 1269/407/833 1270/408/835 1259/397/823
f 1261/399/328 1259/397/824 1270/408/835
f 1270/408/835 1271/409/328 1261/399/328
f 1263/401/825 1262/400/302 1272/410/302
f 1272/410/302 1273/411/836 1263/401/825
f 1264/402/826 1263/401/825 1273/411/836
f 1273/411/836 1274/412/837 1264/402/826
f 1265/403/828 1264/402/826 1274/412/838
f 1274/412/839 1275/413/840 1265/403/828
f 1266/404/829 1265/403/828 1275/413/840
f 1275/413/840 1276/414/841 1266/404/829
f 1267/405/829 1266/404/829 1276/414/841
f 1276/414/841 1277/415/841 1267/405/829
f 1268/406/832 1267/405/829 1277/415/842
f 1277/415/841 1278/416/843 1268/406/832
f 1269/407/844 1268/406/832 1278/416/843
f 1278/416/845 1279/417/846 1269/407/833
f 1270/408/835 1269/407/833 1279/417/847
f 1279/417/848 1280/418/849 1270/408/835
f 1271/409/328 1270/408/835 1280/418/849
f 1280/418/849 1281/419/328 1271/409/328
f 1273/411/836 1272/410/302 1282/420/302
f 1282/420/302 1283/421/850 1273/411/836
f 1274/412/839 1273/411/836 1283/421/851
f 1283/421/851 1284/422/852 1274/412/839
f 1275/413/853 1274/412/838 1284/422/854
f 1284/422/852 1285/423/855 1275/413/856
f 1276/414/842 1275/413/856 1285/423/857
f 1285/423/858 1286/424/859 1276/414/841
f 1277/415/841 1276/414/841 1286/424/860
f 1286/424/860 1287/425/860 1277/415/841
f 1278/416/843 1277/415/841 1287/425/859
f 1287/425/860 1288/426/861 1278/416/845
f 1279/417/848 1278/416/843 1288/426/862
f 1288/426/862 1289/427/863 1279/417/864
f 1280/418/849 1279/417/848 1289/427/863
f 1289/427/863 1290/428/865 1280/418/849
f 1281/419/328 1280/418/849 1290/428/866
f 1290/428/867 1291/429/328 1281/419/328
f 1283/421/850 1282/420/302 1292/430/302
f 1292/430/302 1293/431/868 1283/421/851
f 1284/422/852 1283/421/850 1293/431/868
f 1293/431/868 1294/432/869 1284/422/854
f 1285/423/855 1284/422/852 1294/432/870
f 1294/432/870 1295/433/871 1285/423/872
f 1286/424/860 1285/423/872 1295/433/873
f 1295/433/873 1296/434/874 1286/424/860
f 1287/425/860 1286/424/860 1296/434/875
f 1296/434/875 1297/435/875 1287/425/860
f 1288/426/862 1287/425/860 1297/435/875
f 1297/435/875 1298/436/876 1288/426/862
f 1289/427/863 1288/426/861 1298/436/877
f 1298/436/876 1299/437/878 1289/427/863
f 1290/428/866 1289/427/863 1299/437/879
f 1299/437/878 1300/438/880 1290/428/866
f 1291/429/328 1290/428/866 1300/438/880
f 1300/438/880 1301/439/328 1291/429/328
f 1293/431/868 1292/430/302 1302/440/302
f 1302/440/302 1303/441/881 1293/431/868
f 1294/432/882 1293/431/868 1303/441/883
f 1303/441/884 1304/442/885 1294/432/869
f 1295/433/873 1294/432/886 1304/442/887
f 1304/442/885 1305/443/888 1295/433/871
f 1296/434/875 1295/433/873 1305/443/889
f 1305/443/888 1306/444/890 1296/434/891
f 1297/435/875 1296/434/875 1306/444/890
f 1306/444/892 1307/445/890 1297/435/875
f 1298/436/877 1297/435/874 1307/445/892
f 1307/445/892 1308/446/893 1298/436/876
f 1299/437/894 1298/436/876 1308/446/893
f 1308/446/895 1309/447/896 1299/437/894
f 1300/438/897 1299/437/898 1309/447/896
f 1309/447/896 1310/448/899 1300/438/880
f 1301/439/328 1300/438/880 1310/448/900
f 1310/448/900 1311/449/328 1301/439/328
f 1303/441/901 1302/440/302 1312/450/302
f 1312/450/302 1313/451/902 1303/441/884
f 1304/442/885 1303/441/884 1313/451/902
f 1313/451/903 1314/452/904 1304/442/885
f 1305/443/888 1304/442/885 1314/452/905
f 1314/452/906 1315/453/907 1305/443/888
f 1306/444/908 1305/443/909 1315/453/910
f 1315/453/907 1316/454/911 1306/444/892
f 1307/445/890 1306/444/892 1316/454/911
f 1316/454/911 1317/455/911 1307/445/892
f 1308/446/893 1307/445/890 1317/455/912
f 1317/455/911 1318/456/913 1308/446/914
f 1309/447/896 1308/446/914 1318/456/913
f 1318/456/915 1319/457/916 1309/447/896
f 1310/448/900 1309/447/896 1319/457/917
f 1319/457/918 1320/458/919 1310/448/899
f 1311/449/328 1310/448/899 1320/458/920
f 1320/458/920 1321/459/328 1311/449/328
f 1313/451/902 1312/450/302 1322/460/302
f 1322/460/302 1323/461/921 1313/451/902
f 1314/452/905 1313/451/902 1323/461/921
f 1323/461/922 1324/462/923 1314/452/924
f 1315/453/907 1314/452/904 1324/462/923
f 1324/462/923 1325/463/925 1315/453/907
f 1316/454/926 1315/453/927 1325/463/928
f 1325/463/925 1326/464/929 1316/454/911
f 1317/455/911 1316/454/911 1326/464/930
f 1326/464/930 1327/465/930 1317/455/911
f 1318/456/913 1317/455/912 1327/465/930
f 1327/465/931 1328/466/932 1318/456/915
f 1319/457/933 1318/456/913 1328/466/932
f 1328/466/934 1329/467/935 1319/457/933
f 1320/458/920 1319/457/933 1329/467/935
f 1329/467/936 1330/468/937 1320/458/920
f 1321/459/326 1320/458/938 1330/468/937
f 1330/468/939 1331/469/328 1321/459/328
f 1323/461/921 1322/460/302 1332/470/302
f 1332/470/302 1333/471/605 1323/461/921
f 1324/462/940 1323/461/921 1333/471/605
f 1333/471/605 1334/472/610 1324/462/940
f 1325/463/928 1324/462/940 1334/472/610
f 1334/472/610 1335/473/616 1325/463/928
f 1326/464/930 1325/463/928 1335/473/611
f 1335/473/611 1336/474/619 1326/464/929
f 1327/465/930 1326/464/930 1336/474/619
f 1336/474/619 1337/475/615 1327/465/930
f 1328/466/932 1327/465/931 1337/475/620
f 1337/475/621 1338/476/625 1328/466/934
f 1329/467/935 1328/466/934 1338/476/625
f 1338/476/941 1339/477/626 1329/467/935
f 1330/468/937 1329/467/936 1339/477/631
f 1339/477/631 1340/478/636 1330/468/939
f 1331/469/328 1330/468/939 1340/478/636
f 1340/478/942 1341/479/943 1331/469/943
usemtl Union2Mtl.001
f 1600/605/115 1601/606/115 1602/607/115
f 1601/606/115 1600/605/115 1603/608/115
f 1724/609/950 1722/610/955 1604/611/951
f 1600/605/115 1602/607/115 1605/612/115
f 1603/608/115 1600/605/115 1606/613/115
f 1722/610/955 1725/614/959 1607/615/956
f 1604/611/951 1722/610/955 1607/615/956
f 1724/609/950 1604/611/951 1608/616/944
f 1727/617/946 1723/618/950 1730/619/944
f 1600/605/115 1605/612/115 1609/620/115
f 1606/613/115 1600/605/115 1610/621/115
f 1725/614/959 1728/622/1150 1611/623/960
f 1607/615/956 1725/614/959 1611/623/960
f 1612/624/1151 1726/625/1151 1613/626/1151
f 1613/626/61 1729/627/61 1614/628/61
f 1729/627/61 1613/626/61 1726/625/61
f 1731/629/1152 1726/625/1152 1615/630/1152
f 1615/630/1153 1616/631/1153 1731/629/1153
f 1612/624/61 1615/630/61 1726/625/61
f 1727/617/946 1730/619/944 1617/632/945
f 1732/633/948 1727/617/946 1617/632/945
f 1600/605/115 1609/620/115 1618/634/115
f 1610/621/115 1600/605/115 1619/635/115
f 1728/622/963 1733/633/1154 1620/636/964
f 1611/623/960 1728/622/963 1620/636/964
f 1614/628/61 1729/627/61 1621/637/61
f 1621/637/61 1734/638/61 1622/639/61
f 1734/638/61 1621/637/61 1729/627/61
f 1741/640/61 1731/629/61 1623/641/61
f 1741/640/61 1623/641/61 1624/642/61
f 1623/641/61 1731/629/61 1616/631/61
f 1732/633/1155 1617/632/945 1625/636/947
f 1742/622/954 1732/633/1156 1625/636/947
f 1600/605/115 1618/634/115 1626/643/115
f 1619/635/115 1600/605/115 1627/644/115
f 1733/633/1154 1743/617/973 1628/632/969
f 1620/636/1157 1733/633/1154 1628/632/969
f 1622/639/61 1734/638/61 1629/645/61
f 1629/645/61 1744/646/61 1630/647/61
f 1744/646/61 1629/645/61 1734/638/61
f 1749/643/61 1741/640/61 1631/648/61
f 1749/643/61 1631/648/61 1632/649/61
f 1631/648/61 1741/640/61 1624/642/61
f 1742/622/954 1625/636/947 1633/623/953
f 1750/614/958 1742/622/1158 1633/623/953
f 1600/605/115 1626/643/115 1634/650/115
f 1627/644/115 1600/605/115 1635/651/115
f 1743/617/973 1751/618/981 1636/619/974
f 1628/632/969 1743/617/973 1636/619/974
f 1637/652/61 1630/647/61 1744/646/61
f 1753/653/61 1638/654/61 1637/652/61
f 1753/653/61 1637/652/61 1744/646/61
f 1758/634/61 1749/643/61 1639/655/61
f 1758/634/61 1639/655/61 1640/656/61
f 1639/655/61 1749/643/61 1632/649/61
f 1750/614/958 1633/623/953 1641/615/957
f 1759/610/962 1750/614/958 1641/615/957
f 1600/605/115 1634/650/115 1642/629/115
f 1635/651/115 1600/605/115 1643/657/115
f 1752/619/981 1760/632/988 1644/617/982
f 1762/618/974 1752/619/981 1644/617/982
f 1645/658/61 1638/654/61 1753/653/61
f 1645/658/1152 1761/659/1152 1646/660/1152
f 1761/659/61 1645/658/61 1753/653/61
f 1767/620/61 1758/634/61 1647/661/61
f 1647/661/61 1648/662/61 1767/620/61
f 1640/656/61 1647/661/61 1758/634/61
f 1759/610/962 1641/615/957 1649/611/961
f 1769/609/966 1759/610/962 1649/611/961
f 1600/605/115 1642/629/115 1650/625/115
f 1643/657/115 1600/605/115 1651/663/115
f 1760/632/988 1770/636/992 1652/633/989
f 1644/617/982 1760/632/988 1652/633/989
f 1653/664/1159 1646/660/1159 1761/659/1159
f 1653/664/61 1771/665/61 1654/666/61
f 1771/665/61 1653/664/61 1761/659/61
f 1777/612/61 1767/620/61 1655/667/61
f 1655/667/61 1656/668/61 1777/612/61
f 1648/662/61 1655/667/61 1767/620/61
f 1769/609/966 1649/611/961 1657/616/965
f 1778/611/971 1768/616/966 1785/609/965
f 1600/605/115 1650/625/115 1658/627/115
f 1651/663/115 1600/605/115 1659/669/115
f 1770/636/992 1779/623/1160 1660/622/993
f 1652/633/989 1770/636/992 1660/622/993
f 1661/670/61 1654/666/61 1771/665/61
f 1661/670/61 1780/669/61 1662/671/61
f 1780/669/61 1661/670/61 1771/665/61
f 1786/607/61 1777/612/61 1663/672/61
f 1663/672/61 1664/673/61 1786/607/61
f 1656/668/61 1663/672/61 1777/612/61
f 1778/611/971 1785/609/965 1665/610/970
f 1787/615/978 1778/611/971 1665/610/970
f 1600/605/115 1658/627/115 1666/638/115
f 1659/669/115 1600/605/115 1667/665/115
f 1779/623/1160 1788/615/1161 1668/614/998
f 1660/622/993 1779/623/997 1668/614/998
f 1669/674/1162 1662/671/1162 1780/669/1162
f 1669/674/61 1789/663/61 1670/675/61
f 1789/663/61 1669/674/61 1780/669/61
f 1795/606/61 1786/607/61 1671/676/61
f 1671/676/61 1672/677/61 1795/606/61
f 1671/676/61 1786/607/61 1664/673/61
f 1787/615/978 1665/610/970 1673/614/985
f 1796/623/984 1787/615/978 1673/614/975
f 1600/605/115 1666/638/115 1674/646/115
f 1667/665/115 1600/605/115 1675/659/115
f 1788/615/1002 1797/611/1004 1676/610/1003
f 1668/614/998 1788/615/1002 1676/610/1003
f 1677/678/61 1678/679/61 1798/657/61
f 1789/663/61 1798/657/61 1678/679/61
f 1789/663/61 1678/679/61 1670/675/61
f 1795/606/61 1672/677/61 1679/680/61
f 1803/608/61 1679/680/61 1680/681/61
f 1679/680/61 1803/608/61 1795/606/61
f 1796/623/1163 1673/614/975 1681/622/983
f 1804/636/991 1796/623/984 1681/622/983
f 1600/605/115 1674/646/115 1682/653/115
f 1675/659/115 1600/605/115 1682/653/115
f 1797/611/1004 1805/616/1000 1683/609/999
f 1676/610/1003 1797/611/1004 1683/609/999
f 1684/682/61 1685/683/61 1807/651/61
f 1798/657/61 1807/651/61 1685/683/61
f 1798/657/61 1685/683/61 1677/678/61
f 1803/608/61 1680/681/61 1686/684/61
f 1686/684/61 1687/685/61 1812/613/61
f 1686/684/61 1812/613/61 1803/608/61
f 1804/636/991 1681/622/983 1688/633/990
f 1813/632/995 1804/636/991 1688/633/990
f 1806/619/1000 1813/632/995 1689/617/994
f 1815/618/999 1806/619/1000 1689/617/994
f 1690/686/61 1691/687/61 1814/644/61
f 1807/651/61 1814/644/61 1691/687/61
f 1807/651/1164 1691/687/1164 1684/682/1164
f 1812/613/61 1687/685/61 1692/688/61
f 1692/688/1165 1693/689/1165 1820/621/1165
f 1692/688/61 1820/621/61 1812/613/61
f 1813/632/995 1688/633/990 1689/617/994
f 1694/690/61 1695/691/61 1821/635/61
f 1814/644/61 1821/635/61 1695/691/61
f 1814/644/1166 1695/691/1166 1690/686/1166
f 1820/621/61 1693/689/61 1696/692/61
f 1696/692/61 1694/690/61 1821/635/61
f 1696/692/61 1821/635/61 1820/621/61
f 1697/624/61 1698/605/61 1699/631/61
f 1698/605/61 1697/624/61 1700/628/61
f 1699/631/61 1698/605/61 1701/642/61
f 1698/605/61 1700/628/61 1702/639/61
f 1701/642/61 1698/605/61 1703/649/61
f 1698/605/61 1702/639/61 1704/647/61
f 1703/649/61 1698/605/61 1705/656/61
f 1698/605/61 1704/647/61 1706/654/61
f 1705/656/61 1698/605/61 1707/662/61
f 1698/605/61 1706/654/61 1708/660/61
f 1707/662/61 1698/605/61 1709/668/61
f 1698/605/61 1708/660/61 1710/666/61
f 1709/668/61 1698/605/61 1711/673/61
f 1698/605/61 1710/666/61 1712/671/61
f 1711/673/61 1698/605/61 1713/677/61
f 1698/605/61 1712/671/61 1714/675/61
f 1713/677/61 1698/605/61 1715/681/61
f 1698/605/61 1714/675/61 1716/678/61
f 1715/681/61 1698/605/61 1717/685/61
f 1698/605/61 1716/678/61 1718/682/61
f 1717/685/61 1698/605/61 1719/689/61
f 1698/605/61 1718/682/61 1720/686/61
f 1719/689/61 1698/605/61 1721/690/61
f 1698/605/61 1720/686/61 1721/690/61
f 1738/693/1021 1735/694/1167 1830/695/1168
f 1738/693/1021 1830/695/1168 1831/696/1169
f 1736/697/1031 1737/698/1170 1833/699/1171
f 1736/697/1031 1833/699/1172 1830/695/1168
f 1735/694/1167 1736/697/1032 1830/695/1173
f 1740/700/1174 1738/693/1021 1831/696/1169
f 1747/701/1005 1739/702/1174 1832/703/1169
f 1747/701/1005 1832/703/1169 1834/704/1175
f 1745/705/1053 1746/622/1176 1835/706/1177
f 1745/705/1041 1835/706/1177 1833/699/1172
f 1737/698/1170 1745/705/1053 1833/699/1171
f 1748/707/1178 1747/701/1179 1834/704/1175
f 1756/708/1014 1748/707/1180 1834/704/1175
f 1756/708/1014 1834/704/1175 1836/709/1181
f 1754/710/1065 1755/711/1182 1837/709/1183
f 1754/710/1054 1837/709/1184 1835/706/1177
f 1746/622/1176 1754/710/1054 1835/706/1177
f 1757/711/1185 1756/708/1014 1836/709/1186
f 1765/710/1023 1757/711/1185 1836/709/1187
f 1765/710/1023 1836/709/1186 1838/706/1188
f 1763/708/1189 1764/707/1190 1839/704/1191
f 1763/708/1189 1839/704/1191 1837/709/1183
f 1755/711/1182 1763/708/1067 1837/709/1183
f 1766/622/1192 1765/710/1023 1838/706/1188
f 1775/705/1038 1766/622/1193 1838/706/1188
f 1775/705/1038 1838/706/1188 1840/699/1194
f 1772/701/1195 1773/702/1196 1842/703/1197
f 1772/701/1195 1842/703/1197 1839/704/1191
f 1764/707/1198 1772/701/1195 1839/704/1191
f 1776/698/1199 1775/705/1034 1840/699/1200
f 1783/697/1047 1776/698/1201 1840/699/1202
f 1783/697/1047 1840/699/1203 1843/695/1204
f 1781/712/1089 1782/713/1205 1844/714/1206
f 1781/712/1089 1844/714/1207 1841/715/1197
f 1774/716/1208 1781/712/1098 1841/715/1209
f 1784/694/1210 1783/697/1211 1843/695/1212
f 1792/693/1057 1784/694/1210 1843/695/1204
f 1792/693/1057 1843/695/1204 1845/696/1213
f 1790/717/1100 1791/718/1214 1847/719/1215
f 1790/717/1103 1847/719/1215 1844/714/1206
f 1782/713/1216 1790/717/1217 1844/714/1207
f 1794/700/1218 1792/693/1219 1845/696/1220
f 1801/720/1070 1793/721/1221 1846/722/1213
f 1801/720/1070 1846/722/1213 1848/723/1222
f 1799/724/1115 1800/623/1223 1849/725/1224
f 1799/724/1126 1849/725/1224 1847/719/1225
f 1791/718/1226 1799/724/1126 1847/719/1225
f 1802/726/1227 1801/720/1070 1848/723/1222
f 1810/727/1084 1802/726/1228 1848/723/1222
f 1810/727/1084 1848/723/1222 1850/728/1229
f 1809/729/1128 1808/730/1230 1851/728/1231
f 1809/729/1128 1851/728/1232 1849/725/1224
f 1800/623/1233 1809/729/1234 1849/725/1235
f 1811/730/1236 1810/727/1084 1850/728/1237
f 1818/729/1093 1811/730/1236 1850/728/1229
f 1818/729/1093 1850/728/1229 1852/725/1238
f 1817/727/1139 1816/726/1239 1853/723/1240
f 1817/727/1139 1853/723/1241 1851/728/1231
f 1808/730/1242 1817/727/1243 1851/728/1244
f 1819/623/1245 1818/729/1093 1852/725/1238
f 1825/724/1109 1819/623/1245 1852/725/1238
f 1825/724/1109 1852/725/1238 1854/719/1246
f 1824/720/1247 1822/721/1248 1856/722/1249
f 1824/720/1143 1856/722/1249 1853/723/1241
f 1816/726/1250 1824/720/1143 1853/723/1241
f 1826/718/1251 1825/724/1106 1854/719/1252
f 1829/717/1121 1826/718/1251 1854/719/1252
f 1829/717/1253 1854/719/1246 1857/714/1254
f 1828/712/1131 1827/713/1255 1857/714/1254
f 1828/712/1131 1857/714/1254 1855/715/1249
f 1823/716/1256 1828/712/1257 1855/715/1258
f 1827/713/1259 1829/717/1121 1857/714/1260
f 2116/856/115 2117/857/115 2118/858/115
f 2117/857/115 2116/856/115 2119/859/115
f 2240/860/950 2238/861/955 2120/862/951
f 2116/856/115 2118/858/115 2121/863/115
f 2119/859/115 2116/856/115 2122/864/115
f 2238/861/955 2241/865/959 2123/866/956
f 2120/862/951 2238/861/955 2123/866/956
f 2240/860/950 2120/862/951 2124/867/944
f 2243/868/946 2239/869/950 2246/870/944
f 2116/856/115 2121/863/115 2125/871/115
f 2122/864/115 2116/856/115 2126/872/115
f 2241/865/959 2244/873/963 2127/874/960
f 2123/866/956 2241/865/959 2127/874/960
f 2128/875/61 2242/876/61 2129/877/61
f 2129/877/61 2245/878/61 2130/879/61
f 2245/878/61 2129/877/61 2242/876/61
f 2247/880/61 2242/876/61 2131/881/61
f 2131/881/61 2132/882/61 2247/880/61
f 2128/875/1162 2131/881/1162 2242/876/1162
f 2243/868/946 2246/870/944 2133/883/945
f 2248/884/1155 2243/868/946 2133/883/945
f 2116/856/115 2125/871/115 2134/885/115
f 2126/872/115 2116/856/115 2135/886/115
f 2244/873/963 2249/884/1154 2136/887/1157
f 2127/874/960 2244/873/963 2136/887/1157
f 2130/879/61 2245/878/61 2137/888/61
f 2137/888/61 2250/889/61 2138/890/61
f 2250/889/61 2137/888/61 2245/878/61
f 2257/891/61 2247/880/61 2139/892/61
f 2257/891/1300 2139/892/1300 2140/893/1300
f 2139/892/61 2247/880/61 2132/882/61
f 2248/884/948 2133/883/945 2141/887/952
f 2258/873/954 2248/884/1155 2141/887/952
f 2116/856/115 2134/885/115 2142/894/115
f 2135/886/115 2116/856/115 2143/895/115
f 2249/884/1154 2259/868/973 2144/883/969
f 2136/887/964 2249/884/1154 2144/883/969
f 2138/890/61 2250/889/61 2145/896/61
f 2145/896/61 2260/897/61 2146/898/61
f 2260/897/61 2145/896/61 2250/889/61
f 2265/894/61 2257/891/61 2147/899/61
f 2265/894/61 2147/899/61 2148/900/61
f 2147/899/61 2257/891/61 2140/893/61
f 2258/873/954 2141/887/947 2149/874/953
f 2266/865/958 2258/873/1158 2149/874/953
f 2116/856/115 2142/894/115 2150/891/115
f 2143/895/115 2116/856/115 2151/901/115
f 2259/868/973 2267/869/981 2152/870/974
f 2144/883/969 2259/868/973 2152/870/974
f 2153/902/1151 2146/898/1151 2260/897/1151
f 2269/903/61 2154/904/61 2153/902/61
f 2269/903/61 2153/902/61 2260/897/61
f 2274/885/61 2265/894/61 2155/905/61
f 2274/885/61 2155/905/61 2156/906/61
f 2155/905/1152 2265/894/1152 2148/900/1152
f 2266/865/958 2149/874/953 2157/866/957
f 2275/861/962 2266/865/958 2157/866/957
f 2116/856/115 2150/891/115 2158/880/115
f 2151/901/115 2116/856/115 2159/907/115
f 2268/870/981 2276/883/988 2160/868/982
f 2278/869/974 2268/870/981 2160/868/982
f 2161/908/61 2154/904/61 2269/903/61
f 2161/908/61 2277/909/61 2162/910/61
f 2277/909/61 2161/908/61 2269/903/61
f 2283/871/61 2274/885/61 2163/911/61
f 2163/911/1301 2164/912/1301 2283/871/1301
f 2156/906/61 2163/911/61 2274/885/61
f 2275/861/962 2157/866/957 2165/862/961
f 2285/860/966 2275/861/962 2165/862/961
f 2116/856/115 2158/880/115 2166/876/115
f 2159/907/115 2116/856/115 2167/913/115
f 2276/883/988 2286/887/992 2168/884/989
f 2160/868/982 2276/883/988 2168/884/989
f 2169/914/61 2162/910/61 2277/909/61
f 2169/914/61 2287/915/61 2170/916/61
f 2287/915/61 2169/914/61 2277/909/61
f 2293/863/61 2283/871/61 2171/917/61
f 2171/917/1302 2172/918/1302 2293/863/1302
f 2164/912/61 2171/917/61 2283/871/61
f 2285/860/966 2165/862/961 2173/867/965
f 2294/862/971 2284/867/966 2301/860/965
f 2116/856/115 2166/876/115 2174/878/115
f 2167/913/115 2116/856/115 2175/919/115
f 2286/887/992 2295/874/1160 2176/873/993
f 2168/884/989 2286/887/992 2176/873/993
f 2177/920/61 2170/916/61 2287/915/61
f 2177/920/61 2296/919/61 2178/921/61
f 2296/919/61 2177/920/61 2287/915/61
f 2302/858/61 2293/863/61 2179/922/61
f 2179/922/61 2180/923/61 2302/858/61
f 2172/918/61 2179/922/61 2293/863/61
f 2294/862/971 2301/860/965 2181/861/977
f 2303/866/976 2294/862/971 2181/861/970
f 2116/856/115 2174/878/115 2182/889/115
f 2175/919/115 2116/856/115 2183/915/115
f 2295/874/997 2304/866/1002 2184/865/998
f 2176/873/993 2295/874/997 2184/865/998
f 2185/924/61 2178/921/61 2296/919/61
f 2185/924/61 2305/913/61 2186/925/61
f 2305/913/61 2185/924/61 2296/919/61
f 2311/857/61 2302/858/61 2187/926/61
f 2187/926/61 2188/927/61 2311/857/61
f 2187/926/61 2302/858/61 2180/923/61
f 2303/866/976 2181/861/970 2189/865/975
f 2312/874/1163 2303/866/978 2189/865/975
f 2116/856/115 2182/889/115 2190/897/115
f 2183/915/115 2116/856/115 2191/909/115
f 2304/866/1161 2313/862/1004 2192/861/1003
f 2184/865/998 2304/866/1161 2192/861/1303
f 2193/928/61 2194/929/61 2314/907/61
f 2305/913/61 2314/907/61 2194/929/61
f 2305/913/61 2194/929/61 2186/925/61
f 2311/857/61 2188/927/61 2195/930/61
f 2319/859/61 2195/930/61 2196/931/61
f 2195/930/61 2319/859/61 2311/857/61
f 2312/874/984 2189/865/975 2197/873/983
f 2320/887/991 2312/874/984 2197/873/983
f 2116/856/115 2190/897/115 2198/903/115
f 2191/909/115 2116/856/115 2198/903/115
f 2313/862/1004 2321/867/1000 2199/860/999
f 2192/861/1003 2313/862/1004 2199/860/999
f 2200/932/1301 2201/933/1301 2323/901/1301
f 2314/907/61 2323/901/61 2201/933/61
f 2314/907/61 2201/933/61 2193/928/61
f 2319/859/61 2196/931/61 2202/934/61
f 2202/934/61 2203/935/61 2328/864/61
f 2202/934/61 2328/864/61 2319/859/61
f 2320/887/991 2197/873/983 2204/884/990
f 2329/883/995 2320/887/991 2204/884/990
f 2322/870/1000 2329/883/995 2205/868/994
f 2331/869/999 2322/870/1000 2205/868/994
f 2206/936/61 2207/937/61 2330/895/61
f 2323/901/61 2330/895/61 2207/937/61
f 2323/901/1162 2207/937/1162 2200/932/1162
f 2328/864/61 2203/935/61 2208/938/61
f 2208/938/61 2209/939/61 2336/872/61
f 2208/938/61 2336/872/61 2328/864/61
f 2329/883/995 2204/884/990 2205/868/994
f 2210/940/61 2211/941/61 2337/886/61
f 2330/895/61 2337/886/61 2211/941/61
f 2330/895/1152 2211/941/1152 2206/936/1152
f 2336/872/61 2209/939/61 2212/942/61
f 2212/942/1302 2210/940/1302 2337/886/1302
f 2212/942/61 2337/886/61 2336/872/61
f 2213/875/61 2214/856/61 2215/882/61
f 2214/856/61 2213/875/61 2216/879/61
f 2215/882/61 2214/856/61 2217/893/61
f 2214/856/61 2216/879/61 2218/890/61
f 2217/893/61 2214/856/61 2219/900/61
f 2214/856/61 2218/890/61 2220/898/61
f 2219/900/61 2214/856/61 2221/906/61
f 2214/856/61 2220/898/61 2222/904/61
f 2221/906/61 2214/856/61 2223/912/61
f 2214/856/61 2222/904/61 2224/910/61
f 2223/912/61 2214/856/61 2225/918/61
f 2214/856/61 2224/910/61 2226/916/61
f 2225/918/61 2214/856/61 2227/923/61
f 2214/856/61 2226/916/61 2228/921/61
f 2227/923/61 2214/856/61 2229/927/61
f 2214/856/61 2228/921/61 2230/925/61
f 2229/927/61 2214/856/61 2231/931/61
f 2214/856/61 2230/925/61 2232/928/61
f 2231/931/61 2214/856/61 2233/935/61
f 2214/856/61 2232/928/61 2234/932/61
f 2233/935/61 2214/856/61 2235/939/61
f 2214/856/61 2234/932/61 2236/936/61
f 2235/939/61 2214/856/61 2237/940/61
f 2214/856/61 2236/936/61 2237/940/61
f 2254/943/1021 2251/944/1167 2346/945/1168
f 2254/943/1304 2346/945/1305 2347/946/1169
f 2252/947/1031 2253/948/1170 2349/949/1171
f 2252/947/1032 2349/949/1172 2346/945/1168
f 2251/944/1306 2252/947/1032 2346/945/1168
f 2256/950/1307 2254/943/1308 2347/946/1309
f 2263/951/1005 2255/952/1174 2348/953/1169
f 2263/951/1005 2348/953/1169 2350/954/1175
f 2261/955/1041 2262/873/1310 2351/956/1177
f 2261/955/1041 2351/956/1177 2349/949/1172
f 2253/948/1170 2261/955/1053 2349/949/1171
f 2264/957/1311 2263/951/1179 2350/954/1175
f 2272/958/1014 2264/957/1180 2350/954/1312
f 2272/958/1014 2350/954/1175 2352/959/1186
f 2270/960/1054 2271/961/1182 2353/959/1184
f 2270/960/1054 2353/959/1184 2351/956/1177
f 2262/873/1176 2270/960/1313 2351/956/1177
f 2273/961/1314 2272/958/1315 2352/959/1181
f 2281/960/1316 2273/961/1317 2352/959/1187
f 2281/960/1023 2352/959/1318 2354/956/1188
f 2279/958/1067 2280/957/1190 2355/954/1191
f 2279/958/1067 2355/954/1319 2353/959/1184
f 2271/961/1320 2279/958/1067 2353/959/1183
f 2282/873/1321 2281/960/1322 2354/956/1323
f 2291/955/1034 2282/873/1193 2354/956/1188
f 2291/955/1034 2354/956/1188 2356/949/1202
f 2288/951/1079 2289/952/1196 2358/953/1197
f 2288/951/1288 2358/953/1197 2355/954/1191
f 2280/957/1190 2288/951/1195 2355/954/1191
f 2292/948/1201 2291/955/1038 2356/949/1194
f 2299/947/1044 2292/948/1201 2356/949/1194
f 2299/947/1047 2356/949/1324 2359/945/1204
f 2297/962/1089 2298/963/1216 2360/964/1206
f 2297/962/1089 2360/964/1206 2357/965/1325
f 2290/966/1326 2297/962/1327 2357/965/1328
f 2300/944/1210 2299/947/1047 2359/945/1212
f 2308/943/1057 2300/944/1329 2359/945/1204
f 2308/943/1057 2359/945/1204 2361/946/1330
f 2306/967/1293 2307/968/1226 2363/969/1225
f 2306/967/1100 2363/969/1331 2360/964/1206
f 2298/963/1205 2306/967/1103 2360/964/1206
f 2310/950/1332 2308/943/1219 2361/946/1220
f 2317/970/1284 2309/971/1221 2362/972/1213
f 2317/970/1284 2362/972/1333 2364/973/1222
f 2315/974/1115 2316/874/1223 2365/975/1224
f 2315/974/1126 2365/975/1224 2363/969/1215
f 2307/968/1226 2315/974/1115 2363/969/1225
f 2318/976/1334 2317/970/1285 2364/973/1335
f 2326/977/1081 2318/976/1227 2364/973/1222
f 2326/977/1084 2364/973/1335 2366/978/1229
f 2325/979/1128 2324/980/1336 2367/978/1231
f 2325/979/1128 2367/978/1231 2365/975/1224
f 2316/874/1223 2325/979/1128 2365/975/1224
f 2327/980/1236 2326/977/1084 2366/978/1337
f 2334/979/1093 2327/980/1236 2366/978/1229
f 2334/979/1093 2366/978/1229 2368/975/1238
f 2333/977/1338 2332/976/1239 2369/973/1339
f 2333/977/1243 2369/973/1241 2367/978/1232
f 2324/980/1230 2333/977/1139 2367/978/1232
f 2335/874/1245 2334/979/1096 2368/975/1238
f 2341/974/1109 2335/874/1340 2368/975/1238
f 2341/974/1109 2368/975/1238 2370/969/1246
f 2340/970/1143 2338/971/1248 2372/972/1249
f 2340/970/1143 2372/972/1249 2369/973/1241
f 2332/976/1250 2340/970/1143 2369/973/1241
f 2342/968/1251 2341/974/1106 2370/969/1252
f 2345/967/1121 2342/968/1251 2370/969/1252
f 2345/967/1253 2370/969/1341 2373/964/1254
f 2344/962/1131 2343/963/1259 2373/964/1260
f 2344/962/1257 2373/964/1254 2371/965/1249
f 2339/966/1256 2344/962/1257 2371/965/1249
f 2343/963/1255 2345/967/1253 2373/964/1254
usemtl Union3Mtl.001
f 286/130/119 287/131/119 288/132/120
f 286/130/119 288/132/121 289/133/122
f 289/133/121 288/132/122 290/134/123
f 289/133/120 290/134/124 291/135/124
f 291/135/124 290/134/124 292/136/125
f 291/135/124 292/136/125 293/137/125
f 293/137/125 292/136/125 294/138/126
f 295/139/127 296/140/127 297/141/127
f 295/139/127 297/141/127 298/142/127
f 299/140/128 300/143/128 301/144/128
f 299/140/129 301/144/129 302/141/129
f 303/145/130 304/146/131 305/147/131
f 303/145/131 305/147/131 306/148/131
f 307/149/132 308/148/132 309/147/132
f 310/150/133 287/131/133 311/151/134
f 310/150/119 311/151/135 312/152/135
f 313/139/22 314/153/22 315/149/22
f 316/154/136 317/143/23 318/140/23
f 316/154/136 318/140/23 319/147/137
f 320/139/23 321/149/23 319/147/137
f 320/139/23 319/147/137 318/140/23
f 322/130/138 323/133/139 319/147/137
f 323/133/139 324/135/140 319/147/137
f 324/135/140 325/137/141 319/147/137
f 325/137/141 326/154/142 319/147/137
f 327/146/143 322/130/143 319/147/137
f 287/131/119 310/150/119 328/155/120
f 287/131/119 328/155/121 288/132/121
f 288/132/120 328/155/120 329/156/124
f 288/132/120 329/156/123 290/134/123
f 290/134/144 329/156/123 330/157/145
f 290/134/144 330/157/146 292/136/146
f 292/136/145 330/157/145 331/158/147
f 287/131/119 286/130/119 332/146/134
f 287/131/119 332/146/134 311/151/134
f 333/159/148 334/160/149 335/161/149
f 333/159/148 335/161/150 336/162/151
f 334/160/150 337/163/152 338/164/152
f 334/160/150 338/164/153 335/161/150
f 339/165/154 340/166/154 341/167/154
f 339/165/155 341/167/155 342/168/155
f 343/169/156 344/170/156 345/171/156
f 346/172/157 347/171/157 348/173/157
f 349/174/158 350/175/158 351/176/158
f 352/175/159 353/174/159 354/177/159
f 352/175/160 354/177/160 355/178/160
f 356/166/161 333/159/148 336/162/151
f 356/166/161 336/162/151 357/167/161
f 358/169/45 359/172/45 360/175/45
f 358/169/45 360/175/45 361/178/45
f 362/175/45 363/179/45 364/176/45
f 365/172/45 366/179/45 367/175/45
f 369/180/162 370/138/163 371/154/164
f 373/181/125 374/182/126 375/183/165
f 376/184/74 377/185/74 370/138/163
f 379/183/166 380/182/126 381/186/12
f 379/183/166 381/186/12 382/187/12
f 383/188/152 385/180/167 386/189/167
f 383/188/152 386/189/168 384/190/152
f 387/154/169 388/191/61 389/192/61
f 387/154/169 389/192/61 390/193/169
f 385/180/167 391/154/169 392/193/169
f 385/180/168 392/193/170 386/189/168
f 393/192/171 394/191/171 395/194/171
f 393/192/172 395/194/172 396/195/172
f 372/196/145 397/193/147 374/182/165
f 398/182/166 399/193/147 400/192/34
f 398/182/166 400/192/34 401/186/34
f 368/197/173 378/158/174 370/138/174
f 377/185/94 402/191/94 403/154/175
f 377/185/94 403/154/175 370/138/163
f 404/198/176 405/199/176 406/200/177
f 404/198/176 406/200/177 407/201/177
f 407/201/178 406/200/178 408/202/179
f 407/201/177 408/202/180 409/203/180
f 409/203/181 408/202/181 410/204/182
f 409/203/180 410/204/173 411/205/162
f 411/205/182 410/204/182 412/206/174
f 414/139/183 415/207/183 416/208/183
f 414/139/183 416/208/183 417/209/183
f 418/207/183 419/143/183 420/210/183
f 418/207/183 420/210/183 421/208/183
f 422/211/184 423/212/184 424/213/184
f 422/211/185 424/213/185 425/214/185
f 426/215/157 427/214/157 428/213/157
f 429/216/176 405/199/176 430/217/186
f 429/216/176 430/217/186 431/211/186
f 432/218/82 433/219/82 434/220/82
f 435/139/83 436/193/187 437/214/188
f 435/139/83 437/214/188 438/207/83
f 439/218/83 440/143/83 438/207/83
f 439/218/83 438/207/83 437/214/188
f 441/221/189 442/216/190 437/214/188
f 443/222/191 441/221/189 437/214/188
f 444/223/192 443/222/191 437/214/188
f 436/193/193 444/223/192 437/214/188
f 442/216/194 445/211/194 437/214/188
f 405/199/176 429/216/176 446/221/195
f 405/199/176 446/221/177 406/200/177
f 406/200/177 446/221/177 447/222/181
f 406/200/178 447/222/196 408/202/196
f 408/202/181 447/222/181 448/223/182
f 408/202/196 448/223/162 410/204/162
f 410/204/173 448/223/173 413/193/163
f 405/199/176 404/198/176 449/224/186
f 405/199/176 449/224/186 430/217/186
f 450/225/108 451/226/108 452/227/108
f 450/225/197 452/227/197 453/228/197
f 454/174/198 455/177/198 456/229/198
f 454/174/199 456/229/199 457/226/199
f 458/170/200 459/171/200 460/230/200
f 458/170/201 460/230/201 461/231/201
f 462/232/202 463/233/203 464/234/202
f 462/232/202 464/234/202 465/235/202
f 466/236/204 467/237/204 468/238/204
f 466/236/205 468/238/205 469/239/205
f 470/240/108 471/241/108 472/230/108
f 470/240/108 472/230/108 473/242/108
f 474/229/108 475/227/108 476/226/108
f 477/230/108 478/241/108 479/231/108
f 480/241/108 481/227/108 482/229/108
f 480/241/108 482/229/108 483/231/108
f 484/228/206 485/227/206 486/241/206
f 484/228/207 486/241/207 487/240/207
f 488/243/108 489/235/108 490/234/108
f 491/239/208 492/244/208 493/243/208
f 491/239/108 493/243/108 494/245/108
f 495/244/108 496/239/108 497/238/108
f 498/242/209 499/235/209 500/243/209
f 498/242/108 500/243/108 501/240/108
f 502/240/108 503/243/108 504/244/108
f 502/240/206 504/244/206 505/228/206
f 506/228/108 507/244/108 508/246/108
f 506/228/210 508/246/210 509/225/210
f 510/233/203 511/247/203 512/245/203
f 510/233/203 512/245/203 513/234/203
f 514/234/211 515/245/211 516/243/211
f 517/237/212 518/248/212 519/246/212
f 517/237/204 519/246/204 520/238/204
f 521/238/211 522/246/211 523/244/211
f 524/192/213 525/191/213 526/194/213
f 524/192/214 526/194/214 527/195/214
f 528/249/215 529/250/215 530/251/215
f 528/249/216 530/251/216 531/252/216
f 532/149/217 533/253/217 534/254/217
f 532/149/217 534/254/217 535/218/217
f 536/253/218 537/153/218 538/255/219
f 539/256/220 540/257/220 541/258/220
f 542/153/82 543/192/82 544/187/82
f 545/184/22 546/191/22 547/218/22
f 548/192/115 549/149/115 550/218/115
f 548/192/115 550/218/115 551/191/115
f 552/250/115 553/249/115 554/258/115
f 552/250/115 554/258/115 555/259/115
f 556/260/115 557/259/115 558/261/115
f 559/260/115 560/250/115 561/259/115
f 562/257/221 563/262/221 564/259/221
f 562/257/222 564/259/222 565/258/223
f 566/252/224 567/263/224 568/249/224
f 1858/731/61 1859/732/61 1860/733/61
f 1859/732/61 1858/731/61 1861/734/61
f 1982/735/944 1980/736/945 1862/737/946
f 1858/731/61 1860/733/61 1863/738/61
f 1861/734/61 1858/731/61 1864/739/61
f 1980/736/945 1983/740/947 1865/741/948
f 1862/737/946 1980/736/945 1865/741/948
f 1982/735/944 1862/737/946 1866/742/950
f 1985/743/951 1981/744/944 1988/745/950
f 1858/731/61 1863/738/61 1867/746/61
f 1864/739/61 1858/731/61 1868/747/61
f 1983/740/947 1986/748/953 1869/749/954
f 1865/741/1155 1983/740/947 1869/749/954
f 1870/750/115 1984/751/115 1871/752/115
f 1871/752/115 1987/753/115 1872/754/115
f 1987/753/115 1871/752/115 1984/751/115
f 1989/755/115 1984/751/115 1873/756/115
f 1873/756/115 1874/757/115 1989/755/115
f 1870/750/115 1873/756/115 1984/751/115
f 1985/743/951 1988/745/950 1875/758/955
f 1990/759/1261 1985/743/1262 1875/758/1263
f 1858/731/61 1867/746/61 1876/760/61
f 1868/747/61 1858/731/61 1877/761/61
f 1986/748/953 1991/759/957 1878/762/958
f 1869/749/954 1986/748/953 1878/762/958
f 1872/754/115 1987/753/115 1879/763/115
f 1879/763/115 1992/764/115 1880/765/115
f 1992/764/115 1879/763/115 1987/753/115
f 1999/766/115 1989/755/115 1881/767/115
f 1999/766/1001 1881/767/1001 1882/768/1001
f 1881/767/115 1989/755/115 1874/757/115
f 1990/759/1264 1875/758/1265 1883/762/1266
f 2000/748/1267 1990/759/1268 1883/762/1269
f 1858/731/61 1876/760/61 1884/769/61
f 1877/761/61 1858/731/61 1885/770/61
f 1991/759/957 2001/743/961 1886/758/962
f 1878/762/958 1991/759/957 1886/758/962
f 1880/765/115 1992/764/115 1887/771/115
f 1887/771/115 2002/772/115 1888/773/115
f 2002/772/115 1887/771/115 1992/764/115
f 2007/769/115 1999/766/115 1889/774/115
f 2007/769/115 1889/774/115 1890/775/115
f 1889/774/115 1999/766/115 1882/768/115
f 2000/748/960 1883/762/959 1891/749/963
f 2008/740/964 2000/748/960 1891/749/963
f 1858/731/61 1884/769/61 1892/766/61
f 1885/770/61 1858/731/61 1893/776/61
f 2001/743/961 2009/744/965 1894/745/966
f 1886/758/962 2001/743/961 1894/745/966
f 1895/777/115 1888/773/115 2002/772/115
f 2011/778/115 1896/779/115 1895/777/115
f 2011/778/115 1895/777/115 2002/772/115
f 2016/760/115 2007/769/115 1897/780/115
f 2016/760/996 1897/780/996 1898/781/996
f 1897/780/115 2007/769/115 1890/775/115
f 2008/740/964 1891/749/963 1899/741/1154
f 2017/736/969 2008/740/964 1899/741/968
f 1858/731/61 1892/766/61 1900/755/61
f 1893/776/61 1858/731/61 1901/782/61
f 2010/745/965 2018/758/970 1902/743/971
f 2020/744/966 2010/745/965 1902/743/971
f 1903/783/115 1896/779/115 2011/778/115
f 1903/783/115 2019/784/115 1904/785/115
f 2019/784/115 1903/783/115 2011/778/115
f 2025/746/115 2016/760/115 1905/786/115
f 1905/786/115 1906/787/115 2025/746/115
f 1898/781/115 1905/786/115 2016/760/115
f 2017/736/969 1899/741/1154 1907/737/973
f 2027/735/974 2017/736/969 1907/737/973
f 1858/731/61 1900/755/61 1908/751/61
f 1901/782/61 1858/731/61 1909/788/61
f 2018/758/977 2028/762/975 1910/759/978
f 1902/743/971 2018/758/970 1910/759/1270
f 1911/789/115 1904/785/115 2019/784/115
f 1911/789/115 2029/790/115 1912/791/115
f 2029/790/115 1911/789/115 2019/784/115
f 2035/738/115 2025/746/115 1913/792/115
f 1913/792/115 1914/793/115 2035/738/115
f 1906/787/115 1913/792/115 2025/746/115
f 2027/735/974 1907/737/973 1915/742/981
f 2036/737/982 2026/742/974 2043/735/981
f 1858/731/61 1908/751/61 1916/753/61
f 1909/788/61 1858/731/61 1917/794/61
f 2028/762/975 2037/749/983 1918/748/984
f 1910/759/976 2028/762/975 1918/748/984
f 1919/795/115 1912/791/115 2029/790/115
f 1919/795/115 2038/794/115 1920/796/115
f 2038/794/115 1919/795/115 2029/790/115
f 2044/733/115 2035/738/115 1921/797/115
f 1921/797/115 1922/798/115 2044/733/115
f 1914/793/996 1921/797/996 2035/738/996
f 2036/737/982 2043/735/981 1923/736/988
f 2045/741/989 2036/737/982 1923/736/988
f 1858/731/61 1916/753/61 1924/764/61
f 1917/794/61 1858/731/61 1925/790/61
f 2037/749/983 2046/741/990 1926/740/991
f 1918/748/1163 2037/749/983 1926/740/991
f 1927/799/115 1920/796/115 2038/794/115
f 1927/799/115 2047/788/115 1928/800/115
f 2047/788/115 1927/799/115 2038/794/115
f 2053/732/115 2044/733/115 1929/801/115
f 1929/801/115 1930/802/115 2053/732/115
f 1929/801/115 2044/733/115 1922/798/115
f 2045/741/989 1923/736/988 1931/740/992
f 2054/749/993 2045/741/989 1931/740/992
f 1858/731/61 1924/764/61 1932/772/61
f 1925/790/61 1858/731/61 1933/784/61
f 2046/741/990 2055/737/994 1934/736/995
f 1926/740/991 2046/741/990 1934/736/995
f 1935/803/115 1936/804/115 2056/782/115
f 2047/788/115 2056/782/115 1936/804/115
f 2047/788/996 1936/804/996 1928/800/996
f 2053/732/115 1930/802/115 1937/805/115
f 2061/734/115 1937/805/115 1938/806/115
f 1937/805/115 2061/734/115 2053/732/115
f 2054/749/993 1931/740/992 1939/748/997
f 2062/762/998 2054/749/993 1939/748/997
f 1858/731/61 1932/772/61 1940/778/61
f 1933/784/61 1858/731/61 1940/778/61
f 2055/737/994 2063/742/999 1941/735/1000
f 1934/736/995 2055/737/994 1941/735/1000
f 1942/807/115 1943/808/115 2065/776/115
f 2056/782/115 2065/776/115 1943/808/115
f 2056/782/1271 1943/808/1271 1935/803/1271
f 2061/734/115 1938/806/115 1944/809/115
f 1944/809/115 1945/810/115 2070/739/115
f 1944/809/115 2070/739/115 2061/734/115
f 2062/762/998 1939/748/997 1946/759/1002
f 2071/758/1003 2062/762/998 1946/759/1002
f 2064/745/999 2071/758/1003 1947/743/1004
f 2073/744/1000 2064/745/999 1947/743/1004
f 1948/811/115 1949/812/115 2072/770/115
f 2065/776/115 2072/770/115 1949/812/115
f 2065/776/115 1949/812/115 1942/807/115
f 2070/739/115 1945/810/115 1950/813/115
f 1950/813/115 1951/814/115 2078/747/115
f 1950/813/115 2078/747/115 2070/739/115
f 2071/758/1003 1946/759/1002 1947/743/1004
f 1952/815/115 1953/816/115 2079/761/115
f 2072/770/115 2079/761/115 1953/816/115
f 2072/770/115 1953/816/115 1948/811/115
f 2078/747/115 1951/814/115 1954/817/115
f 1954/817/967 1952/815/967 2079/761/967
f 1954/817/115 2079/761/115 2078/747/115
f 1955/750/115 1956/731/115 1957/757/115
f 1956/731/115 1955/750/115 1958/754/115
f 1957/757/115 1956/731/115 1959/768/115
f 1956/731/115 1958/754/115 1960/765/115
f 1959/768/115 1956/731/115 1961/775/115
f 1956/731/115 1960/765/115 1962/773/115
f 1961/775/115 1956/731/115 1963/781/115
f 1956/731/115 1962/773/115 1964/779/115
f 1963/781/115 1956/731/115 1965/787/115
f 1956/731/115 1964/779/115 1966/785/115
f 1965/787/115 1956/731/115 1967/793/115
f 1956/731/115 1966/785/115 1968/791/115
f 1967/793/115 1956/731/115 1969/798/115
f 1956/731/115 1968/791/115 1970/796/115
f 1969/798/115 1956/731/115 1971/802/115
f 1956/731/115 1970/796/115 1972/800/115
f 1971/802/115 1956/731/115 1973/806/115
f 1956/731/115 1972/800/115 1974/803/115
f 1973/806/115 1956/731/115 1975/810/115
f 1956/731/115 1974/803/115 1976/807/115
f 1975/810/115 1956/731/115 1977/814/115
f 1956/731/115 1976/807/115 1978/811/115
f 1977/814/115 1956/731/115 1979/815/115
f 1956/731/115 1978/811/115 1979/815/115
f 1996/818/1008 1993/819/1272 2088/820/1016
f 1996/818/1008 2088/820/1007 2089/821/1018
f 1994/822/1014 1995/823/1026 2091/824/1015
f 1994/822/1014 2091/824/1013 2088/820/1007
f 1993/819/1272 1994/822/1014 2088/820/1007
f 1998/825/1020 1996/818/1008 2089/821/1010
f 2005/826/1021 1997/827/1020 2090/828/1273
f 2005/826/1021 2090/828/1010 2092/829/1030
f 2003/830/1023 2004/748/1037 2093/831/1025
f 2003/830/1023 2093/831/1274 2091/824/1013
f 1995/823/1012 2003/830/1275 2091/824/1013
f 2006/832/1029 2005/826/1019 2092/829/1276
f 2014/833/1031 2006/832/1029 2092/829/1022
f 2014/833/1031 2092/829/1030 2094/834/1277
f 2012/835/1034 2013/836/1050 2095/834/1036
f 2012/835/1034 2095/834/1036 2093/831/1274
f 2004/748/1278 2012/835/1038 2093/831/1274
f 2015/836/1042 2014/833/1031 2094/834/1033
f 2023/835/1041 2015/836/1039 2094/834/1277
f 2023/835/1053 2094/834/1033 2096/831/1043
f 2021/833/1044 2022/832/1045 2097/829/1048
f 2021/833/1044 2097/829/1046 2095/834/1036
f 2013/836/1035 2021/833/1047 2095/834/1036
f 2024/748/1055 2023/835/1041 2096/831/1043
f 2033/830/1065 2024/748/1055 2096/831/1043
f 2033/830/1054 2096/831/1279 2098/824/1066
f 2030/826/1057 2031/827/1074 2100/828/1075
f 2030/826/1280 2100/828/1059 2097/829/1046
f 2022/832/1281 2030/826/1219 2097/829/1282
f 2034/823/1068 2033/830/1283 2098/824/1066
f 2041/822/1067 2034/823/1064 2098/824/1056
f 2041/822/1189 2098/824/1066 2101/820/1077
f 2039/837/1284 2040/838/1086 2102/839/1073
f 2039/837/1285 2102/839/1072 2099/840/1060
f 2032/841/1058 2039/837/1284 2099/840/1060
f 2042/819/1076 2041/822/1067 2101/820/1077
f 2050/818/1079 2042/819/1076 2101/820/1077
f 2050/818/1195 2101/820/1069 2103/821/1091
f 2048/842/1084 2049/843/1082 2105/844/1085
f 2048/842/1081 2105/844/1083 2102/839/1072
f 2040/838/1286 2048/842/1287 2102/839/1073
f 2052/825/1090 2050/818/1288 2103/821/1091
f 2059/845/1089 2051/846/1090 2104/847/1080
f 2059/845/1089 2104/847/1080 2106/848/1104
f 2057/849/1093 2058/749/1111 2107/850/1095
f 2057/849/1096 2107/850/1095 2105/844/1083
f 2049/843/1289 2057/849/1093 2105/844/1085
f 2060/851/1290 2059/845/1291 2106/848/1099
f 2068/852/1103 2060/851/1101 2106/848/1102
f 2068/852/1100 2106/848/1104 2108/853/1114
f 2067/854/1106 2066/855/1107 2109/853/1108
f 2067/854/1109 2109/853/1108 2107/850/1110
f 2058/749/1094 2067/854/1109 2107/850/1095
f 2069/855/1292 2068/852/1293 2108/853/1294
f 2076/854/1126 2069/855/1295 2108/853/1114
f 2076/854/1115 2108/853/1114 2110/850/1127
f 2075/852/1121 2074/851/1119 2111/848/1122
f 2075/852/1121 2111/848/1122 2109/853/1123
f 2066/855/1296 2075/852/1253 2109/853/1108
f 2077/749/1297 2076/854/1115 2110/850/1117
f 2083/849/1128 2077/749/1125 2110/850/1117
f 2083/849/1128 2110/850/1127 2112/844/1138
f 2082/845/1131 2080/846/1132 2114/847/1133
f 2082/845/1131 2114/847/1133 2111/848/1122
f 2074/851/1119 2082/845/1131 2111/848/1120
f 2084/843/1298 2083/849/1128 2112/844/1130
f 2087/842/1139 2084/843/1298 2112/844/1130
f 2087/842/1139 2112/844/1130 2115/839/1140
f 2086/837/1143 2085/838/1149 2115/839/1144
f 2086/837/1147 2115/839/1140 2113/840/1148
f 2081/841/1299 2086/837/1143 2113/840/1145
f 2085/838/1149 2087/842/1139 2115/839/1144
f 2374/981/61 2375/982/61 2376/983/61
f 2375/982/61 2374/981/61 2377/984/61
f 2498/985/944 2496/986/945 2378/987/946
f 2374/981/61 2376/983/61 2379/988/61
f 2377/984/61 2374/981/61 2380/989/61
f 2496/986/945 2499/990/947 2381/991/1155
f 2378/987/946 2496/986/945 2381/991/1156
f 2498/985/944 2378/987/946 2382/992/950
f 2501/993/951 2497/994/944 2504/995/950
f 2374/981/61 2379/988/61 2383/996/61
f 2380/989/61 2374/981/61 2384/997/61
f 2499/990/947 2502/998/953 2385/999/954
f 2381/991/1155 2499/990/947 2385/999/954
f 2386/1000/115 2500/1001/115 2387/1002/115
f 2387/1002/115 2503/1003/115 2388/1004/115
f 2503/1003/115 2387/1002/115 2500/1001/115
f 2505/1005/115 2500/1001/115 2389/1006/115
f 2389/1006/115 2390/1007/115 2505/1005/115
f 2386/1000/115 2389/1006/115 2500/1001/115
f 2501/993/951 2504/995/950 2391/1008/955
f 2506/1009/956 2501/993/951 2391/1008/955
f 2374/981/61 2383/996/61 2392/1010/61
f 2384/997/61 2374/981/61 2393/1011/61
f 2502/998/953 2507/1009/957 2394/1012/958
f 2385/999/954 2502/998/953 2394/1012/958
f 2388/1004/967 2503/1003/967 2395/1013/967
f 2395/1013/115 2508/1014/115 2396/1015/115
f 2508/1014/115 2395/1013/115 2503/1003/115
f 2515/1016/115 2505/1005/115 2397/1017/115
f 2515/1016/115 2397/1017/115 2398/1018/115
f 2397/1017/115 2505/1005/115 2390/1007/115
f 2506/1009/956 2391/1008/955 2399/1012/959
f 2516/998/960 2506/1009/956 2399/1012/959
f 2374/981/61 2392/1010/61 2400/1019/61
f 2393/1011/61 2374/981/61 2401/1020/61
f 2507/1009/957 2517/993/961 2402/1008/962
f 2394/1012/958 2507/1009/957 2402/1008/962
f 2396/1015/115 2508/1014/115 2403/1021/115
f 2403/1021/115 2518/1022/115 2404/1023/115
f 2518/1022/115 2403/1021/115 2508/1014/115
f 2523/1019/115 2515/1016/115 2405/1024/115
f 2523/1019/996 2405/1024/996 2406/1025/996
f 2405/1024/115 2515/1016/115 2398/1018/115
f 2516/998/960 2399/1012/959 2407/999/963
f 2524/990/964 2516/998/960 2407/999/963
f 2374/981/61 2400/1019/61 2408/1016/61
f 2401/1020/61 2374/981/61 2409/1026/61
f 2517/993/961 2525/994/965 2410/995/966
f 2402/1008/962 2517/993/961 2410/995/966
f 2411/1027/115 2404/1023/115 2518/1022/115
f 2527/1028/115 2412/1029/115 2411/1027/115
f 2527/1028/115 2411/1027/115 2518/1022/115
f 2532/1010/115 2523/1019/115 2413/1030/115
f 2532/1010/996 2413/1030/996 2414/1031/996
f 2413/1030/115 2523/1019/115 2406/1025/115
f 2524/990/964 2407/999/963 2415/991/1342
f 2533/986/969 2524/990/964 2415/991/968
f 2374/981/61 2408/1016/61 2416/1005/61
f 2409/1026/61 2374/981/61 2417/1032/61
f 2526/995/965 2534/1008/970 2418/993/971
f 2536/994/966 2526/995/965 2418/993/971
f 2419/1033/115 2412/1029/115 2527/1028/115
f 2419/1033/115 2535/1034/115 2420/1035/115
f 2535/1034/115 2419/1033/115 2527/1028/115
f 2541/996/115 2532/1010/115 2421/1036/115
f 2421/1036/1271 2422/1037/1271 2541/996/1271
f 2414/1031/115 2421/1036/115 2532/1010/115
f 2533/986/969 2415/991/1154 2423/987/973
f 2543/985/974 2533/986/969 2423/987/973
f 2374/981/61 2416/1005/61 2424/1001/61
f 2417/1032/61 2374/981/61 2425/1038/61
f 2534/1008/970 2544/1012/975 2426/1009/976
f 2418/993/971 2534/1008/970 2426/1009/976
f 2427/1039/115 2420/1035/115 2535/1034/115
f 2427/1039/115 2545/1040/115 2428/1041/115
f 2545/1040/115 2427/1039/115 2535/1034/115
f 2551/988/115 2541/996/115 2429/1042/115
f 2429/1042/115 2430/1043/115 2551/988/115
f 2422/1037/115 2429/1042/115 2541/996/115
f 2543/985/974 2423/987/973 2431/992/981
f 2552/987/982 2542/992/974 2559/985/981
f 2374/981/61 2424/1001/61 2432/1003/61
f 2425/1038/61 2374/981/61 2433/1044/61
f 2544/1012/975 2553/999/983 2434/998/984
f 2426/1009/978 2544/1012/975 2434/998/984
f 2435/1045/115 2428/1041/115 2545/1040/115
f 2435/1045/115 2554/1044/115 2436/1046/115
f 2554/1044/115 2435/1045/115 2545/1040/115
f 2560/983/115 2551/988/115 2437/1047/115
f 2437/1047/115 2438/1048/115 2560/983/115
f 2430/1043/115 2437/1047/115 2551/988/115
f 2552/987/982 2559/985/981 2439/986/988
f 2561/991/989 2552/987/982 2439/986/988
f 2374/981/61 2432/1003/61 2440/1014/61
f 2433/1044/61 2374/981/61 2441/1040/61
f 2553/999/983 2562/991/990 2442/990/991
f 2434/998/1163 2553/999/983 2442/990/991
f 2443/1049/115 2436/1046/115 2554/1044/115
f 2443/1049/115 2563/1038/115 2444/1050/115
f 2563/1038/115 2443/1049/115 2554/1044/115
f 2569/982/115 2560/983/115 2445/1051/115
f 2445/1051/115 2446/1052/115 2569/982/115
f 2445/1051/115 2560/983/115 2438/1048/115
f 2561/991/989 2439/986/988 2447/990/992
f 2570/999/993 2561/991/989 2447/990/992
f 2374/981/61 2440/1014/61 2448/1022/61
f 2441/1040/61 2374/981/61 2449/1034/61
f 2562/991/990 2571/987/994 2450/986/995
f 2442/990/991 2562/991/990 2450/986/995
f 2451/1053/115 2452/1054/115 2572/1032/115
f 2563/1038/115 2572/1032/115 2452/1054/115
f 2563/1038/115 2452/1054/115 2444/1050/115
f 2569/982/115 2446/1052/115 2453/1055/115
f 2577/984/115 2453/1055/115 2454/1056/115
f 2453/1055/115 2577/984/115 2569/982/115
f 2570/999/993 2447/990/992 2455/998/997
f 2578/1012/998 2570/999/993 2455/998/997
f 2374/981/61 2448/1022/61 2456/1028/61
f 2449/1034/61 2374/981/61 2456/1028/61
f 2571/987/994 2579/992/999 2457/985/1000
f 2450/986/995 2571/987/994 2457/985/1000
f 2458/1057/115 2459/1058/115 2581/1026/115
f 2572/1032/115 2581/1026/115 2459/1058/115
f 2572/1032/1343 2459/1058/1343 2451/1053/1343
f 2577/984/115 2454/1056/115 2460/1059/115
f 2460/1059/115 2461/1060/115 2586/989/115
f 2460/1059/115 2586/989/115 2577/984/115
f 2578/1012/998 2455/998/997 2462/1009/1161
f 2587/1008/1003 2578/1012/998 2462/1009/1161
f 2580/995/999 2587/1008/1003 2463/993/1004
f 2589/994/1000 2580/995/999 2463/993/1004
f 2464/1061/115 2465/1062/115 2588/1020/115
f 2581/1026/115 2588/1020/115 2465/1062/115
f 2581/1026/115 2465/1062/115 2458/1057/115
f 2586/989/115 2461/1060/115 2466/1063/115
f 2466/1063/115 2467/1064/115 2594/997/115
f 2466/1063/115 2594/997/115 2586/989/115
f 2587/1008/1303 2462/1009/1161 2463/993/1004
f 2468/1065/115 2469/1066/115 2595/1011/115
f 2588/1020/115 2595/1011/115 2469/1066/115
f 2588/1020/1271 2469/1066/1271 2464/1061/1271
f 2594/997/115 2467/1064/115 2470/1067/115
f 2470/1067/115 2468/1065/115 2595/1011/115
f 2470/1067/115 2595/1011/115 2594/997/115
f 2471/1000/115 2472/981/115 2473/1007/115
f 2472/981/115 2471/1000/115 2474/1004/115
f 2473/1007/115 2472/981/115 2475/1018/115
f 2472/981/115 2474/1004/115 2476/1015/115
f 2475/1018/115 2472/981/115 2477/1025/115
f 2472/981/115 2476/1015/115 2478/1023/115
f 2477/1025/115 2472/981/115 2479/1031/115
f 2472/981/115 2478/1023/115 2480/1029/115
f 2479/1031/115 2472/981/115 2481/1037/115
f 2472/981/115 2480/1029/115 2482/1035/115
f 2481/1037/115 2472/981/115 2483/1043/115
f 2472/981/115 2482/1035/115 2484/1041/115
f 2483/1043/115 2472/981/115 2485/1048/115
f 2472/981/115 2484/1041/115 2486/1046/115
f 2485/1048/115 2472/981/115 2487/1052/115
f 2472/981/115 2486/1046/115 2488/1050/115
f 2487/1052/115 2472/981/115 2489/1056/115
f 2472/981/115 2488/1050/115 2490/1053/115
f 2489/1056/115 2472/981/115 2491/1060/115
f 2472/981/115 2490/1053/115 2492/1057/115
f 2491/1060/115 2472/981/115 2493/1064/115
f 2472/981/115 2492/1057/115 2494/1061/115
f 2493/1064/115 2472/981/115 2495/1065/115
f 2472/981/115 2494/1061/115 2495/1065/115
f 2512/1068/1005 2509/1069/1006 2604/1070/1016
f 2512/1068/1008 2604/1070/1007 2605/1071/1010
f 2510/1072/1014 2511/1073/1026 2607/1074/1013
f 2510/1072/1014 2607/1074/1013 2604/1070/1007
f 2509/1069/1006 2510/1072/1014 2604/1070/1016
f 2514/1075/1017 2512/1068/1008 2605/1071/1018
f 2521/1076/1021 2513/1077/1020 2606/1078/1273
f 2521/1076/1021 2606/1078/1010 2608/1079/1022
f 2519/1080/1023 2520/998/1024 2609/1081/1025
f 2519/1080/1275 2609/1081/1344 2607/1074/1013
f 2511/1073/1026 2519/1080/1023 2607/1074/1015
f 2522/1082/1029 2521/1076/1021 2608/1079/1030
f 2530/1083/1031 2522/1082/1029 2608/1079/1022
f 2530/1083/1032 2608/1079/1022 2610/1084/1277
f 2528/1085/1034 2529/1086/1050 2611/1084/1036
f 2528/1085/1038 2611/1084/1036 2609/1081/1274
f 2520/998/1037 2528/1085/1038 2609/1081/1274
f 2531/1086/1039 2530/1083/1032 2610/1084/1033
f 2539/1085/1041 2531/1086/1039 2610/1084/1277
f 2539/1085/1053 2610/1084/1033 2612/1081/1279
f 2537/1083/1044 2538/1082/1045 2613/1079/1046
f 2537/1083/1047 2613/1079/1046 2611/1084/1036
f 2529/1086/1035 2537/1083/1044 2611/1084/1049
f 2540/998/1345 2539/1085/1053 2612/1081/1043
f 2549/1080/1054 2540/998/1345 2612/1081/1043
f 2549/1080/1054 2612/1081/1043 2614/1074/1056
f 2546/1076/1057 2547/1077/1074 2616/1078/1075
f 2546/1076/1057 2616/1078/1060 2613/1079/1048
f 2538/1082/1281 2546/1076/1219 2613/1079/1282
f 2550/1073/1068 2549/1080/1054 2614/1074/1066
f 2557/1072/1067 2550/1073/1064 2614/1074/1066
f 2557/1072/1067 2614/1074/1056 2617/1070/1077
f 2555/1087/1284 2556/1088/1086 2618/1089/1073
f 2555/1087/1285 2618/1089/1073 2615/1090/1060
f 2548/1091/1058 2555/1087/1285 2615/1090/1060
f 2558/1069/1076 2557/1072/1346 2617/1070/1077
f 2566/1068/1195 2558/1069/1076 2617/1070/1069
f 2566/1068/1195 2617/1070/1077 2619/1071/1080
f 2564/1092/1084 2565/1093/1082 2621/1094/1085
f 2564/1092/1081 2621/1094/1347 2618/1089/1072
f 2556/1088/1086 2564/1092/1287 2618/1089/1073
f 2568/1075/1090 2566/1068/1288 2619/1071/1091
f 2575/1095/1089 2567/1096/1090 2620/1097/1091
f 2575/1095/1089 2620/1097/1080 2622/1098/1104
f 2573/1099/1096 2574/999/1111 2623/1100/1095
f 2573/1099/1096 2623/1100/1095 2621/1094/1085
f 2565/1093/1289 2573/1099/1348 2621/1094/1085
f 2576/1101/1101 2575/1095/1089 2622/1098/1104
f 2584/1102/1103 2576/1101/1101 2622/1098/1102
f 2584/1102/1103 2622/1098/1102 2624/1103/1114
f 2583/1104/1109 2582/1105/1107 2625/1103/1108
f 2583/1104/1109 2625/1103/1123 2623/1100/1095
f 2574/999/1094 2583/1104/1109 2623/1100/1110
f 2585/1105/1292 2584/1102/1100 2624/1103/1114
f 2592/1104/1115 2585/1105/1295 2624/1103/1114
f 2592/1104/1115 2624/1103/1114 2626/1100/1117
f 2591/1102/1121 2590/1101/1119 2627/1098/1120
f 2591/1102/1253 2627/1098/1120 2625/1103/1108
f 2582/1105/1296 2591/1102/1253 2625/1103/1108
f 2593/999/1349 2592/1104/1350 2626/1100/1351
f 2599/1099/1128 2593/999/1297 2626/1100/1117
f 2599/1099/1129 2626/1100/1127 2628/1094/1138
f 2598/1095/1135 2596/1096/1132 2630/1097/1145
f 2598/1095/1131 2630/1097/1133 2627/1098/1120
f 2590/1101/1119 2598/1095/1257 2627/1098/1120
f 2600/1093/1137 2599/1099/1129 2628/1094/1138
f 2603/1092/1139 2600/1093/1298 2628/1094/1130
f 2603/1092/1139 2628/1094/1352 2631/1089/1140
f 2602/1087/1143 2601/1088/1149 2631/1089/1140
f 2602/1087/1143 2631/1089/1353 2629/1090/1145
f 2597/1091/1132 2602/1087/1354 2629/1090/1145
f 2601/1088/1355 2603/1092/1356 2631/1089/1357
f 3300/1487/1559 3301/1488/1560 3302/1489/1560
f 3300/1487/1559 3302/1489/1560 3303/1490/1559
f 3304/1491/1559 3305/1492/1561 3306/1493/1561
f 3304/1491/1562 3306/1493/1563 3307/1490/1559
f 3301/1488/1560 3308/1494/1564 3309/1495/1564
f 3301/1488/1565 3309/1495/1566 3302/1489/1565
f 3308/1494/1567 3310/1496/1568 3311/1497/1568
f 3308/1494/1566 3311/1497/1569 3309/1495/1566
f 3310/1496/1570 3312/1498/1571 3313/1499/1571
f 3310/1496/1570 3313/1499/1571 3311/1497/1570
f 3314/1500/1572 3315/1501/1573 3316/1502/1573
f 3314/1500/1574 3316/1502/1575 3317/1503/1574
f 3318/1504/1572 3319/1505/1576 3320/1506/1576
f 3318/1504/1574 3320/1506/1577 3317/1503/1574
f 3315/1501/1573 3321/1507/1578 3322/1508/1578
f 3315/1501/1573 3322/1508/1578 3316/1502/1573
f 3321/1507/1579 3323/1509/1580 3324/1510/1580
f 3321/1507/1578 3324/1510/1581 3322/1508/1578
f 3323/1509/1580 3325/1511/1561 3326/1493/1563
f 3323/1509/1581 3326/1493/1582 3324/1510/1581
f 3327/1512/1583 3328/1499/1571 3329/1513/1583
f 3319/1505/1576 3330/1514/1584 3320/1506/1576
f 3331/1512/274 3332/1515/274 3333/1516/1585
f 3331/1512/274 3333/1516/1586 3334/1517/1587
f 3335/1505/1587 3333/1516/1586 3332/1515/274
f 3335/1505/1587 3332/1515/274 3336/1518/274
f 3337/1519/1588 3333/1516/1585 3338/1491/1589
f 3339/1520/1590 3333/1516/1585 3337/1519/1588
f 3340/1521/1591 3333/1516/1585 3339/1520/1592
f 3334/1517/1587 3333/1516/1585 3340/1521/1591
f 3341/1504/1593 3333/1516/1585 3335/1505/1587
f 3342/1522/1594 3333/1516/1585 3341/1504/1593
f 3343/1523/1595 3333/1516/1585 3342/1522/1596
f 3344/1524/1597 3333/1516/1585 3343/1523/1595
f 3345/1492/1598 3333/1516/1585 3344/1524/1599
f 3338/1491/1589 3333/1516/1586 3345/1492/1598
f 3346/1512/1600 3347/1525/1600 3348/1526/1600
f 3346/1512/1601 3348/1526/1601 3349/1515/1601
f 3350/1515/1602 3351/1526/1602 3352/1527/1602
f 3350/1515/1603 3352/1527/1603 3353/1518/1603
f 3354/1489/1565 3355/1519/1560 3304/1491/1559
f 3354/1489/1565 3304/1491/1559 3307/1490/1559
f 3356/1493/1563 3357/1511/1563 3300/1487/1559
f 3356/1493/1563 3300/1487/1559 3303/1490/1559
f 3358/1495/1604 3359/1520/1604 3355/1519/1565
f 3358/1495/1566 3355/1519/1565 3354/1489/1565
f 3360/1497/1570 3361/1521/1570 3359/1520/1566
f 3360/1497/1570 3359/1520/1566 3358/1495/1566
f 3362/1499/1571 3363/1517/1571 3361/1521/1570
f 3362/1499/1571 3361/1521/1570 3360/1497/1568
f 3316/1502/1605 3364/1522/1605 3318/1504/1572
f 3316/1502/1573 3318/1504/1572 3317/1503/1572
f 3320/1506/1576 3365/1528/1576 3314/1500/1572
f 3320/1506/1576 3314/1500/1572 3317/1503/1572
f 3322/1508/1606 3366/1523/1578 3364/1522/1607
f 3322/1508/1578 3364/1522/1573 3316/1502/1573
f 3324/1510/1580 3367/1524/1581 3366/1523/1578
f 3324/1510/1608 3366/1523/1579 3322/1508/1579
f 3326/1493/1563 3368/1492/1563 3367/1524/1580
f 3326/1493/1563 3367/1524/1580 3324/1510/1580
f 3330/1514/1584 3365/1528/1576 3320/1506/1576
f 3369/1529/1460 3370/1530/1460 3371/1531/1461
f 3369/1529/1460 3371/1531/1461 3372/1532/1461
f 3372/1532/1468 3371/1531/1468 3373/1533/1469
f 3372/1532/1461 3373/1533/1467 3374/1534/1467
f 3376/1535/1463 3375/1536/1463 3377/1537/1465
f 3376/1535/1463 3377/1537/1465 3378/1538/1465
f 3378/1538/1465 3377/1537/1465 3379/1539/278
f 3378/1538/1465 3379/1539/278 3380/1540/278
f 3381/1540/278 3382/1539/278 3370/1530/1460
f 3381/1540/278 3370/1530/1460 3369/1529/1460
f 3384/1541/1583 3385/1542/1571 3386/1543/1571
f 3387/1544/1609 3388/1545/1610 3389/1546/1609
f 3391/1547/1469 3390/1548/1469 3392/1549/1611
f 3391/1547/1469 3392/1549/1611 3393/1550/1611
f 3394/1551/1473 3395/1552/1473 3396/1553/61
f 3394/1551/1473 3396/1553/61 3397/1554/61
f 3393/1550/1611 3392/1549/1611 3398/1552/1473
f 3393/1550/1611 3398/1552/1473 3394/1551/1473
f 3399/1553/1612 3400/1555/1612 3401/1556/1612
f 3399/1553/1612 3401/1556/1612 3402/1554/1612
f 3403/1543/1571 3383/1551/1571 3404/1554/1583
f 3403/1543/1571 3404/1554/1583 3405/1557/1583
f 3388/1545/1610 3406/1553/1610 3407/1552/1609
f 3388/1545/1610 3407/1552/1609 3389/1546/1609
f 3408/1558/1613 3409/1559/1614 3410/1560/1614
f 3408/1558/1613 3410/1560/1614 3411/1561/1613
f 3412/1562/1613 3413/1563/1615 3414/1564/1615
f 3412/1562/1613 3414/1564/1616 3415/1561/1613
f 3413/1563/1616 3416/1565/1617 3417/1566/1617
f 3413/1563/1616 3417/1566/1618 3414/1564/1619
f 3416/1565/1618 3418/1567/1620 3419/1568/1620
f 3416/1565/1618 3419/1568/1620 3417/1566/1618
f 3418/1567/1620 3420/1569/1609 3421/1570/1609
f 3418/1567/1621 3421/1570/1622 3419/1568/1621
f 3422/1571/1623 3423/1572/1624 3424/1573/1624
f 3422/1571/1623 3424/1573/1624 3425/1574/1623
f 3426/1575/1623 3427/1576/1625 3428/1577/1625
f 3426/1575/1623 3428/1577/1626 3425/1574/1623
f 3427/1576/1627 3429/1578/1628 3430/1579/1629
f 3427/1576/1626 3430/1579/1628 3428/1577/1626
f 3429/1578/1628 3431/1580/1630 3432/1581/1631
f 3429/1578/1632 3432/1581/1633 3430/1579/1632
f 3431/1580/1631 3433/1582/1614 3434/1560/1614
f 3431/1580/1631 3434/1560/1614 3432/1581/1631
f 3435/1569/1609 3436/1583/1610 3437/1584/1610
f 3438/1585/1634 3439/1586/1624 3424/1573/1624
f 3440/1569/1635 3441/1587/1636 3442/1588/294
f 3440/1569/1635 3442/1588/294 3443/1583/294
f 3444/1585/294 3442/1588/294 3441/1587/1636
f 3444/1585/294 3441/1587/1636 3445/1586/1635
f 3446/1562/1637 3447/1587/1636 3448/1563/1638
f 3448/1563/1639 3447/1587/1636 3449/1565/1640
f 3449/1565/1641 3447/1587/1636 3450/1567/1642
f 3450/1567/1642 3447/1587/1636 3440/1569/1635
f 3451/1586/1635 3441/1587/1636 3452/1575/1643
f 3452/1575/1643 3441/1587/1636 3453/1576/1644
f 3453/1576/1645 3441/1587/1636 3454/1578/1646
f 3454/1578/1646 3441/1587/1647 3455/1580/1648
f 3455/1580/1648 3441/1587/1636 3456/1582/1649
f 3456/1582/1649 3447/1587/1636 3446/1562/1637
f 3457/1585/1650 3458/1589/1650 3459/1590/1650
f 3457/1585/1650 3459/1590/1650 3460/1588/1650
f 3461/1588/1651 3462/1590/1651 3463/1591/1651
f 3461/1588/1651 3463/1591/1651 3464/1583/1651
f 3465/1560/1652 3466/1582/1652 3412/1562/1613
f 3465/1560/1614 3412/1562/1653 3415/1561/1613
f 3467/1564/1654 3468/1592/1615 3408/1558/1653
f 3467/1564/1616 3408/1558/1613 3411/1561/1613
f 3469/1566/1618 3470/1593/1618 3468/1592/1615
f 3469/1566/1617 3468/1592/1616 3467/1564/1616
f 3471/1568/1621 3472/1594/1621 3470/1593/1655
f 3471/1568/1620 3470/1593/1617 3469/1566/1617
f 3473/1570/1609 3474/1595/1609 3472/1594/1620
f 3473/1570/1656 3472/1594/1657 3471/1568/1657
f 3424/1573/1624 3439/1586/1624 3426/1575/1623
f 3424/1573/1658 3426/1575/1659 3425/1574/1659
f 3428/1577/1626 3475/1596/1626 3422/1571/1623
f 3428/1577/1660 3422/1571/1623 3425/1574/1623
f 3430/1579/1628 3476/1597/1628 3475/1596/1626
f 3430/1579/1628 3475/1596/1660 3428/1577/1625
f 3432/1581/1631 3477/1598/1631 3476/1597/1661
f 3432/1581/1631 3476/1597/1661 3430/1579/1661
f 3434/1560/1614 3478/1559/1614 3477/1598/1631
f 3434/1560/1614 3477/1598/1631 3432/1581/1631
f 3424/1573/1624 3423/1572/1624 3479/1599/1634
f 3480/1600/1662 3481/1601/1662 3482/1602/1662
f 3483/1603/1663 3484/1604/1664 3485/1605/1664
f 3483/1603/1665 3485/1605/1665 3486/1606/1665
f 3487/1607/1666 3488/1608/1666 3489/1609/1666
f 3487/1607/1667 3489/1609/1667 3490/1610/1667
f 3491/1611/1668 3492/1612/1668 3493/1613/1668
f 3491/1611/1669 3493/1613/1669 3494/1614/1669
f 3495/1615/1670 3496/1616/1670 3497/1617/1670
f 3495/1615/1671 3497/1617/1671 3498/1618/1671
f 3499/1619/1672 3500/1620/1672 3501/1600/1672
f 3502/1602/1673 3503/1616/1673 3504/1621/1673
f 3502/1602/1673 3504/1621/1673 3505/1600/1673
f 3506/1600/1674 3507/1621/1674 3508/1613/1674
f 3509/1622/1675 3510/1602/1675 3511/1623/1675
f 3512/1622/1676 3513/1617/1676 3514/1602/1676
f 3515/1620/1674 3516/1624/1674 3517/1609/1674
f 3518/1625/277 3519/1601/277 3520/1620/277
f 3518/1625/1672 3520/1620/1672 3521/1608/1672
f 3522/1601/1677 3523/1625/1677 3524/1605/1677
f 3525/1619/1678 3526/1600/1678 3527/1612/1678
f 3528/1624/1679 3529/1620/1679 3530/1619/1679
f 3531/1623/1680 3532/1601/1680 3533/1604/1680
f 3534/1623/1681 3535/1602/1681 3536/1601/1681
f 3537/1620/1682 3538/1601/1682 3539/1600/1682
f 3540/1605/1664 3541/1625/1664 3542/1626/1664
f 3540/1605/1683 3542/1626/1683 3543/1606/1683
f 3544/1617/1684 3545/1622/1684 3546/1627/1684
f 3544/1617/1670 3546/1627/1670 3547/1618/1670
f 3548/1617/1685 3549/1616/1685 3550/1602/1685
f 3551/1605/1677 3552/1604/1677 3553/1601/1677
f 3554/1609/1686 3555/1624/1686 3556/1628/1686
f 3554/1609/1687 3556/1628/1687 3557/1610/1687
f 3558/1613/1669 3559/1621/1669 3560/1629/1669
f 3558/1613/1669 3560/1629/1669 3561/1614/1669
f 3562/1609/1674 3563/1608/1674 3564/1620/1674
f 3565/1613/1674 3566/1612/1674 3567/1600/1674
f 3568/1630/1576 3570/1631/1584 3571/1632/1584
f 3572/1633/1634 3569/1634/1624 3573/1635/1634
f 3574/1636/1688 3575/1637/1688 3576/1638/1462
f 3574/1636/1688 3576/1638/1462 3577/1639/1689
f 3577/1639/1554 3576/1638/1554 3578/1640/1463
f 3577/1639/1462 3578/1640/1466 3579/1641/1466
f 3580/1642/1690 3581/1643/1690 3582/1644/1556
f 3580/1642/1690 3582/1644/1556 3583/1645/1556
f 3583/1645/1556 3582/1644/1556 3575/1637/1688
f 3583/1645/1556 3575/1637/1688 3574/1636/1688
f 3584/1642/1691 3585/1646/1691 3586/1647/1691
f 3584/1642/1692 3586/1647/1692 3587/1643/1692
f 3571/1632/1584 3589/1642/1584 3588/1645/1576
f 3569/1634/1624 3590/1643/1634 3573/1635/1634
f 3592/184/74 3591/138/163 3593/158/163
f 3718/1704/274 3719/1705/274 3720/1706/274
f 3718/1704/274 3720/1706/274 3721/1707/274
f 3722/1708/1712 3723/1709/1712 3724/1710/1712
f 3725/1709/1713 3726/1708/1713 3727/1711/1713
f 3725/1709/1713 3727/1711/1713 3728/1712/1713
f 3729/1713/1714 3730/1714/1714 3731/1715/1714
f 3732/1709/1715 3733/1714/1715 3734/1713/1715
f 3732/1709/1715 3734/1713/1715 3735/1716/1715
f 3736/1717/1716 3737/1712/1716 3738/1711/1716
f 3739/1718/1717 3740/1719/1717 3741/1715/1717
f 3739/1718/1718 3741/1715/1718 3742/1714/1718
f 3743/1720/278 3744/1709/278 3745/1712/278
f 3746/1721/1719 3747/1719/1719 3748/1718/1719
f 3749/1712/1720 3750/1717/1720 3751/1721/1720
f 3749/1712/1721 3751/1721/1721 3752/1718/1721
f 3753/1718/278 3754/1720/278 3755/1712/278
f 3756/1720/278 3757/1718/278 3758/1714/278
f 3759/1709/278 3760/1720/278 3761/1714/278
f 3762/1709/1712 3763/1716/1712 3764/1710/1712
f 3765/1722/61 3766/1723/61 3767/1724/61
f 3765/1722/1722 3767/1724/1722 3768/1725/1722
f 3769/1724/1370 3770/1726/1370 3771/1727/1370
f 3769/1724/1370 3771/1727/1370 3772/1725/1370
f 3773/1728/285 3774/1723/285 3775/1722/285
f 3773/1728/285 3775/1722/285 3776/1729/285
f 3777/1730/1723 3778/1731/1723 3779/1721/1723
f 3780/1732/1724 3781/1708/1724 3782/1733/1724
f 3780/1732/1724 3782/1733/1724 3783/1734/1724
f 3784/1708/1725 3785/1732/1725 3786/1716/1725
f 3787/1734/1726 3788/1717/1726 3789/1721/1726
f 3787/1734/1727 3789/1721/1727 3790/1731/1727
f 3791/1730/1728 3792/1715/1728 3793/1735/1728
f 3791/1730/1728 3793/1735/1728 3794/1731/1728
f 3795/1736/277 3796/1735/277 3797/1732/277
f 3798/1734/1729 3799/1733/1729 3800/1737/1729
f 3801/1715/1730 3802/1713/1730 3803/1735/1730
f 3804/1732/1731 3805/1735/1731 3806/1713/1731
f 3804/1732/1731 3806/1713/1731 3807/1716/1731
f 3808/1734/1732 3809/1736/1732 3810/1732/1732
f 3811/1736/1733 3812/1734/1733 3813/1731/1733
f 3814/1735/1734 3815/1736/1734 3816/1731/1734
f 3817/1737/1735 3818/1717/1735 3819/1734/1735
f 3820/1738/115 3821/1739/115 3822/1740/115
f 3820/1738/115 3822/1740/115 3823/1741/115
f 3824/1742/1382 3825/1741/1382 3826/1740/1382
f 3824/1742/1382 3826/1740/1382 3827/1743/1382
f 3828/1738/1384 3829/1744/1384 3830/1745/1384
f 3828/1738/1384 3830/1745/1384 3831/1739/1384
f 3832/1743/1383 3833/1746/1383 3834/1747/1383
f 3832/1743/1382 3834/1747/1382 3835/1742/1382
f 4124/1946/1562 4125/1947/1560 4126/1948/1560
f 4124/1946/1559 4126/1948/1565 4127/1949/1559
f 4128/1950/1559 4129/1951/1563 4130/1952/1563
f 4128/1950/1559 4130/1952/1582 4131/1949/1562
f 4125/1947/1560 4132/1953/1566 4133/1954/1566
f 4125/1947/1565 4133/1954/1566 4126/1948/1565
f 4132/1953/1604 4134/1955/1570 4135/1956/1570
f 4132/1953/1566 4135/1956/1570 4133/1954/1566
f 4134/1955/1570 4136/1957/1750 4137/1958/1750
f 4134/1955/1570 4137/1958/1571 4135/1956/1570
f 4138/1959/1572 4139/1960/1573 4140/1961/1573
f 4138/1959/1574 4140/1961/1607 4141/1962/1574
f 4142/1963/1572 4143/1964/1576 4144/1965/1576
f 4142/1963/1572 4144/1965/1576 4141/1962/1572
f 4139/1960/1573 4145/1966/1751 4146/1967/1751
f 4139/1960/1607 4146/1967/1578 4140/1961/1607
f 4145/1966/1751 4147/1968/1580 4148/1969/1580
f 4145/1966/1578 4148/1969/1580 4146/1967/1578
f 4147/1968/1580 4149/1970/1563 4150/1952/1582
f 4147/1968/1580 4150/1952/1582 4148/1969/1581
f 4151/1971/1583 4152/1958/1571 4153/1972/1583
f 4143/1964/1576 4154/1973/1584 4144/1965/1576
f 4155/1971/274 4156/1974/274 4157/1975/1585
f 4155/1971/274 4157/1975/1586 4158/1976/1587
f 4159/1964/1587 4157/1975/1586 4156/1974/274
f 4159/1964/1587 4156/1974/274 4160/1977/274
f 4161/1978/1588 4157/1975/1586 4162/1950/1589
f 4163/1979/1590 4157/1975/1585 4161/1978/1752
f 4164/1980/1591 4157/1975/1585 4163/1979/1592
f 4158/1976/1587 4157/1975/1585 4164/1980/1591
f 4165/1963/1593 4157/1975/1586 4159/1964/1587
f 4166/1981/1594 4157/1975/1585 4165/1963/1593
f 4167/1982/1595 4157/1975/1585 4166/1981/1596
f 4168/1983/1597 4157/1975/1585 4167/1982/1753
f 4169/1951/1598 4157/1975/1585 4168/1983/1599
f 4162/1950/1589 4157/1975/1586 4169/1951/1598
f 4170/1971/1601 4171/1984/1601 4172/1985/1601
f 4170/1971/1754 4172/1985/1754 4173/1974/1754
f 4174/1974/1602 4175/1985/1602 4176/1986/1602
f 4174/1974/1603 4176/1986/1603 4177/1977/1603
f 4178/1948/1755 4179/1978/1755 4128/1950/1562
f 4178/1948/1565 4128/1950/1559 4131/1949/1559
f 4180/1952/1561 4181/1970/1561 4124/1946/1559
f 4180/1952/1582 4124/1946/1562 4127/1949/1562
f 4182/1954/1604 4183/1979/1566 4179/1978/1565
f 4182/1954/1566 4179/1978/1565 4178/1948/1560
f 4184/1956/1570 4185/1980/1570 4183/1979/1566
f 4184/1956/1568 4183/1979/1566 4182/1954/1566
f 4186/1958/1571 4187/1976/1571 4185/1980/1570
f 4186/1958/1750 4185/1980/1568 4184/1956/1568
f 4140/1961/1573 4188/1981/1573 4142/1963/1572
f 4140/1961/1573 4142/1963/1572 4141/1962/1572
f 4144/1965/1576 4189/1987/1576 4138/1959/1572
f 4144/1965/1756 4138/1959/1572 4141/1962/1572
f 4146/1967/1578 4190/1982/1578 4188/1981/1605
f 4146/1967/1578 4188/1981/1607 4140/1961/1607
f 4148/1969/1580 4191/1983/1580 4190/1982/1579
f 4148/1969/1580 4190/1982/1751 4146/1967/1751
f 4150/1952/1561 4192/1951/1561 4191/1983/1580
f 4150/1952/1582 4191/1983/1581 4148/1969/1580
f 4154/1973/1584 4189/1987/1576 4144/1965/1576
f 4193/1988/1460 4194/1989/1460 4195/1990/1461
f 4193/1988/1460 4195/1990/1461 4196/1991/1461
f 4196/1991/1468 4195/1990/1468 4197/1992/1469
f 4196/1991/1461 4197/1992/1467 4198/1993/1467
f 4200/1994/1463 4199/1995/1463 4201/1996/1465
f 4200/1994/1463 4201/1996/1465 4202/1997/1465
f 4202/1997/1465 4201/1996/1465 4203/1998/278
f 4202/1997/1465 4203/1998/278 4204/1999/278
f 4205/1999/278 4206/1998/278 4194/1989/1460
f 4205/1999/278 4194/1989/1460 4193/1988/1460
f 4208/2000/1583 4209/2001/1571 4210/2002/1571
f 4211/2003/1609 4212/2004/1610 4213/2005/1609
f 4215/2006/1469 4214/2007/1469 4216/2008/1611
f 4215/2006/1469 4216/2008/1611 4217/2009/1611
f 4218/2010/1473 4219/2011/1473 4220/2012/61
f 4218/2010/1473 4220/2012/61 4221/2013/61
f 4217/2009/1611 4216/2008/1611 4222/2011/1473
f 4217/2009/1757 4222/2011/1473 4218/2010/1473
f 4223/2012/1758 4224/2014/1758 4225/2015/1758
f 4223/2012/1759 4225/2015/1759 4226/2013/1759
f 4227/2002/1571 4207/2010/1571 4228/2013/1583
f 4227/2002/1571 4228/2013/1583 4229/2016/1583
f 4212/2004/1610 4230/2012/1610 4231/2011/1609
f 4212/2004/1610 4231/2011/1609 4213/2005/1609
f 4232/2017/1613 4233/2018/1614 4234/2019/1614
f 4232/2017/1653 4234/2019/1760 4235/2020/1653
f 4236/2021/1613 4237/2022/1616 4238/2023/1616
f 4236/2021/1613 4238/2023/1615 4239/2020/1613
f 4237/2022/1616 4240/2024/1618 4241/2025/1618
f 4237/2022/1761 4241/2025/1655 4238/2023/1616
f 4240/2024/1618 4242/2026/1620 4243/2027/1620
f 4240/2024/1618 4243/2027/1620 4241/2025/1618
f 4242/2026/1620 4244/2028/1609 4245/2029/1609
f 4242/2026/1620 4245/2029/1622 4243/2027/1620
f 4246/2030/1623 4247/2031/1624 4248/2032/1624
f 4246/2030/1623 4248/2032/1624 4249/2033/1623
f 4250/2034/1623 4251/2035/1625 4252/2036/1625
f 4250/2034/1623 4252/2036/1625 4249/2033/1623
f 4251/2035/1626 4253/2037/1628 4254/2038/1628
f 4251/2035/1762 4254/2038/1629 4252/2036/1762
f 4253/2037/1632 4255/2039/1631 4256/2040/1631
f 4253/2037/1661 4256/2040/1631 4254/2038/1661
f 4255/2039/1631 4257/2041/1652 4258/2019/1652
f 4255/2039/1631 4258/2019/1614 4256/2040/1631
f 4259/2028/1609 4260/2042/1610 4261/2043/1610
f 4262/2044/1634 4263/2045/1624 4248/2032/1624
f 4264/2028/1635 4265/2046/1636 4266/2047/294
f 4264/2028/1635 4266/2047/294 4267/2042/294
f 4268/2044/294 4266/2047/294 4265/2046/1636
f 4268/2044/294 4265/2046/1636 4269/2045/1635
f 4270/2021/1637 4271/2046/1636 4272/2022/1638
f 4272/2022/1639 4271/2046/1636 4273/2024/1640
f 4273/2024/1641 4271/2046/1647 4274/2026/1642
f 4274/2026/1642 4271/2046/1636 4264/2028/1635
f 4275/2045/1635 4265/2046/1636 4276/2034/1643
f 4276/2034/1643 4265/2046/1636 4277/2035/1645
f 4277/2035/1645 4265/2046/1636 4278/2037/1646
f 4278/2037/1646 4265/2046/1636 4279/2039/1648
f 4279/2039/1648 4265/2046/1636 4280/2041/1649
f 4280/2041/1649 4271/2046/1636 4270/2021/1637
f 4281/2044/1650 4282/2048/1650 4283/2049/1650
f 4281/2044/1763 4283/2049/1763 4284/2047/1763
f 4285/2047/1651 4286/2049/1651 4287/2050/1651
f 4285/2047/1764 4287/2050/1764 4288/2042/1764
f 4289/2019/1614 4290/2041/1614 4236/2021/1613
f 4289/2019/1652 4236/2021/1613 4239/2020/1613
f 4291/2023/1615 4292/2051/1615 4232/2017/1653
f 4291/2023/1616 4232/2017/1613 4235/2020/1613
f 4293/2025/1617 4294/2052/1617 4292/2051/1615
f 4293/2025/1618 4292/2051/1615 4291/2023/1615
f 4295/2027/1621 4296/2053/1620 4294/2052/1655
f 4295/2027/1620 4294/2052/1618 4293/2025/1618
f 4297/2029/1622 4298/2054/1622 4296/2053/1621
f 4297/2029/1656 4296/2053/1657 4295/2027/1657
f 4248/2032/1624 4263/2045/1624 4250/2034/1659
f 4248/2032/1658 4250/2034/1659 4249/2033/1659
f 4252/2036/1626 4299/2055/1626 4246/2030/1623
f 4252/2036/1660 4246/2030/1623 4249/2033/1623
f 4254/2038/1661 4300/2056/1661 4299/2055/1626
f 4254/2038/1628 4299/2055/1625 4252/2036/1660
f 4256/2040/1631 4301/2057/1631 4300/2056/1661
f 4256/2040/1765 4300/2056/1629 4254/2038/1629
f 4258/2019/1652 4302/2018/1652 4301/2057/1631
f 4258/2019/1760 4301/2057/1631 4256/2040/1631
f 4248/2032/1624 4247/2031/1624 4303/2058/1634
f 4304/2059/1662 4305/2060/1662 4306/2061/1662
f 4307/2062/1663 4308/2063/1663 4309/2064/1663
f 4307/2062/1683 4309/2064/1683 4310/2065/1683
f 4311/2066/1666 4312/2067/1666 4313/2068/1666
f 4311/2066/1667 4313/2068/1667 4314/2069/1667
f 4315/2070/1668 4316/2071/1668 4317/2072/1668
f 4315/2070/1669 4317/2072/1669 4318/2073/1669
f 4319/2074/1670 4320/2075/1670 4321/2076/1670
f 4319/2074/1670 4321/2076/1670 4322/2077/1670
f 4323/2078/1672 4324/2079/1672 4325/2059/1672
f 4326/2061/1673 4327/2075/1673 4328/2080/1673
f 4326/2061/1673 4328/2080/1673 4329/2059/1673
f 4330/2059/1674 4331/2080/1674 4332/2072/1674
f 4333/2081/1766 4334/2061/1766 4335/2082/1766
f 4336/2081/1676 4337/2076/1676 4338/2061/1676
f 4339/2079/1674 4340/2083/1674 4341/2068/1674
f 4342/2084/277 4343/2060/277 4344/2079/277
f 4342/2084/1672 4344/2079/1672 4345/2067/1672
f 4346/2060/1677 4347/2084/1677 4348/2064/1677
f 4349/2078/1678 4350/2059/1678 4351/2071/1678
f 4352/2083/1679 4353/2079/1679 4354/2078/1679
f 4355/2082/1680 4356/2060/1680 4357/2063/1680
f 4358/2082/1767 4359/2061/1767 4360/2060/1767
f 4361/2079/1682 4362/2060/1682 4363/2059/1682
f 4364/2064/1683 4365/2084/1683 4366/2085/1683
f 4364/2064/1663 4366/2085/1663 4367/2065/1663
f 4368/2076/1671 4369/2081/1671 4370/2086/1671
f 4368/2076/1670 4370/2086/1670 4371/2077/1670
f 4372/2076/1685 4373/2075/1685 4374/2061/1685
f 4375/2064/1677 4376/2063/1677 4377/2060/1677
f 4378/2068/1666 4379/2083/1666 4380/2087/1666
f 4378/2068/1687 4380/2087/1687 4381/2069/1687
f 4382/2072/1768 4383/2080/1768 4384/2088/1768
f 4382/2072/1669 4384/2088/1669 4385/2073/1669
f 4386/2068/1674 4387/2067/1674 4388/2079/1674
f 4389/2072/1674 4390/2071/1674 4391/2059/1674
f 4392/2089/1576 4394/2090/1584 4395/2091/1584
f 4396/2092/1634 4393/2093/1624 4397/2094/1634
f 4398/2095/1688 4399/2096/1688 4400/2097/1554
f 4398/2095/1688 4400/2097/1462 4401/2098/1462
f 4401/2098/1554 4400/2097/1554 4402/2099/1463
f 4401/2098/1462 4402/2099/1466 4403/2100/1466
f 4404/2101/1690 4405/2102/1690 4406/2103/1556
f 4404/2101/1690 4406/2103/1556 4407/2104/1556
f 4407/2104/1556 4406/2103/1556 4399/2096/1688
f 4407/2104/1556 4399/2096/1688 4398/2095/1688
f 4408/2101/1692 4409/2105/1692 4410/2106/1692
f 4408/2101/1769 4410/2106/1769 4411/2102/1769
f 4395/2091/1584 4413/2101/1584 4412/2104/1576
f 4393/2093/1624 4414/2102/1634 4397/2094/1634
f 4415/2107/1770 4416/2108/1770 4417/2109/1770
f 4415/2107/1770 4417/2109/1770 4418/2110/1770
f 4704/2258/1890 4705/2259/1890 4706/2260/1891
f 4704/2258/1892 4706/2260/1891 4707/2261/1891
f 4707/2261/1891 4706/2260/1891 4708/2262/1893
f 4707/2261/1891 4708/2262/1894 4709/2263/1894
f 4709/2263/1893 4708/2262/1895 4710/2264/1896
f 4709/2263/1897 4710/2264/1898 4711/2265/1898
f 4711/2265/1899 4710/2264/1896 4712/2266/1900
f 4713/2267/1901 4714/2268/1901 4715/2269/1901
f 4713/2267/1902 4715/2269/1902 4716/2270/1902
f 4717/2268/1903 4718/2271/1903 4719/2272/1903
f 4717/2268/1901 4719/2272/1901 4720/2269/1901
f 4721/2273/1904 4722/2274/1904 4723/2275/1904
f 4721/2273/1904 4723/2275/1904 4724/2276/1904
f 4725/2277/1905 4726/2276/1905 4727/2275/1905
f 4728/2278/1890 4705/2259/1890 4729/2279/1906
f 4728/2278/1890 4729/2279/1906 4730/2280/1906
f 4731/2267/1907 4732/2281/1907 4733/2277/1907
f 4734/2282/1908 4735/2271/1790 4736/2268/1790
f 4734/2282/1908 4736/2268/1790 4737/2275/1909
f 4738/2267/1790 4739/2277/1790 4737/2275/1909
f 4738/2267/1790 4737/2275/1909 4736/2268/1790
f 4740/2258/1910 4741/2261/1911 4737/2275/1909
f 4741/2261/1911 4742/2263/1912 4737/2275/1909
f 4742/2263/1913 4743/2265/1914 4737/2275/1909
f 4743/2265/1914 4744/2282/1908 4737/2275/1909
f 4745/2274/1910 4740/2258/1910 4737/2275/1909
f 4705/2259/1892 4728/2278/1892 4746/2283/1891
f 4705/2259/1915 4746/2283/1891 4706/2260/1916
f 4706/2260/1891 4746/2283/1891 4747/2284/1893
f 4706/2260/1891 4747/2284/1893 4708/2262/1893
f 4708/2262/1897 4747/2284/1894 4748/2285/1898
f 4708/2262/1917 4748/2285/1896 4710/2264/1896
f 4710/2264/1899 4748/2285/1899 4749/2286/1918
f 4705/2259/1890 4704/2258/1890 4750/2274/1906
f 4705/2259/1892 4750/2274/1919 4729/2279/1919
f 4751/2287/1920 4752/2288/1921 4753/2289/1921
f 4751/2287/1922 4753/2289/1921 4754/2290/1922
f 4752/2288/1923 4755/2291/1924 4756/2292/1924
f 4752/2288/1921 4756/2292/1924 4753/2289/1921
f 4757/2293/1925 4758/2294/1925 4759/2295/1925
f 4757/2293/1926 4759/2295/1926 4760/2296/1926
f 4761/2297/1927 4762/2298/1927 4763/2299/1927
f 4764/2300/1928 4765/2299/1928 4766/2301/1928
f 4767/2302/1905 4768/2303/1905 4769/2304/1905
f 4770/2303/1929 4771/2302/1929 4772/2305/1929
f 4770/2303/1930 4772/2305/1930 4773/2306/1930
f 4774/2294/1931 4751/2287/1920 4754/2290/1920
f 4774/2294/1931 4754/2290/1920 4775/2295/1931
f 4776/2297/1813 4777/2300/1813 4778/2303/1813
f 4776/2297/1813 4778/2303/1813 4779/2306/1813
f 4780/2303/1813 4781/2307/1813 4782/2304/1813
f 4783/2300/1813 4784/2307/1813 4785/2303/1813
f 4787/2308/1932 4788/2309/1933 4789/2310/1934
f 4791/2311/1896 4792/2312/1900 4793/2313/1900
f 4794/2314/1848 4795/2315/1848 4788/2309/1933
f 4794/2314/1848 4788/2309/1933 4796/2316/1933
f 4797/2313/1935 4798/2312/1935 4799/2317/1802
f 4797/2313/1935 4799/2317/1779 4800/2318/1779
f 4801/2319/1924 4803/2308/1936 4804/2320/1936
f 4801/2319/1924 4804/2320/1937 4802/2321/1924
f 4805/2310/1938 4806/2322/61 4807/2323/61
f 4805/2310/1938 4807/2323/61 4808/2324/1938
f 4803/2308/1936 4809/2310/1938 4810/2324/1938
f 4803/2308/1937 4810/2324/1939 4804/2320/1937
f 4811/2323/1940 4812/2322/1940 4813/2325/1940
f 4811/2323/1941 4813/2325/1941 4814/2326/1941
f 4790/2327/1896 4815/2324/1918 4792/2312/1900
f 4816/2312/1935 4817/2324/1918 4818/2323/1802
f 4816/2312/1935 4818/2323/1802 4819/2317/1802
f 4786/2328/1942 4796/2316/1933 4788/2309/1933
f 4795/2315/1848 4820/2322/1848 4821/2310/1943
f 4795/2315/1848 4821/2310/1943 4788/2309/1933
f 4822/2329/1944 4823/2330/1944 4824/2331/1945
f 4822/2329/1946 4824/2331/1947 4825/2332/1947
f 4825/2332/1945 4824/2331/1945 4826/2333/1948
f 4825/2332/1949 4826/2333/1950 4827/2334/1950
f 4827/2334/1950 4826/2333/1950 4828/2335/1942
f 4827/2334/1950 4828/2335/1932 4829/2336/1932
f 4829/2336/1942 4828/2335/1942 4830/2337/1933
f 4832/2267/1951 4833/2338/1951 4834/2339/1951
f 4832/2267/1952 4834/2339/1952 4835/2340/1952
f 4836/2338/1951 4837/2271/1951 4838/2341/1951
f 4836/2338/1953 4838/2341/1953 4839/2339/1953
f 4840/2342/1954 4841/2343/1954 4842/2344/1954
f 4840/2342/1954 4842/2344/1954 4843/2345/1954
f 4844/2346/1928 4845/2345/1928 4846/2344/1928
f 4847/2347/1946 4823/2330/1944 4848/2348/1955
f 4847/2347/1944 4848/2348/1956 4849/2342/1956
f 4850/2349/1885 4851/2350/1885 4852/2351/1885
f 4853/2267/1770 4854/2352/1957 4855/2345/1958
f 4853/2267/1770 4855/2345/1958 4856/2338/1770
f 4857/2349/1770 4858/2271/1770 4856/2338/1770
f 4857/2349/1770 4856/2338/1770 4855/2345/1958
f 4859/2353/1959 4860/2347/1960 4855/2345/1958
f 4861/2354/1961 4859/2353/1959 4855/2345/1958
f 4862/2355/1962 4861/2354/1961 4855/2345/1958
f 4854/2352/1957 4862/2355/1962 4855/2345/1963
f 4860/2347/1964 4863/2342/1964 4855/2345/1963
f 4823/2330/1944 4847/2347/1944 4864/2353/1945
f 4823/2330/1944 4864/2353/1949 4824/2331/1949
f 4824/2331/1949 4864/2353/1949 4865/2354/1965
f 4824/2331/1945 4865/2354/1950 4826/2333/1950
f 4826/2333/1965 4865/2354/1965 4866/2355/1932
f 4826/2333/1948 4866/2355/1966 4828/2335/1966
f 4828/2335/1932 4866/2355/1932 4831/2352/1933
f 4823/2330/1946 4822/2329/1946 4867/2356/1956
f 4823/2330/1944 4867/2356/1956 4848/2348/1956
f 4868/2357/1878 4869/2358/1878 4870/2359/1878
f 4868/2357/1967 4870/2359/1967 4871/2360/1967
f 4872/2302/1968 4873/2305/1968 4874/2361/1968
f 4872/2302/1969 4874/2361/1969 4875/2358/1969
f 4876/2298/1970 4877/2299/1971 4878/2362/1970
f 4876/2298/1970 4878/2362/1970 4879/2363/1970
f 4880/2364/1972 4881/2365/1972 4882/2366/1972
f 4880/2364/1972 4882/2366/1972 4883/2367/1972
f 4884/2368/1973 4885/2369/1973 4886/2370/1973
f 4884/2368/1974 4886/2370/1974 4887/2371/1974
f 4888/2372/1975 4889/2373/1975 4890/2362/1975
f 4888/2372/1878 4890/2362/1878 4891/2374/1878
f 4892/2361/1878 4893/2359/1878 4894/2358/1878
f 4895/2362/1878 4896/2373/1878 4897/2363/1878
f 4898/2373/1878 4899/2359/1878 4900/2361/1878
f 4898/2373/1878 4900/2361/1878 4901/2363/1878
f 4902/2360/1976 4903/2359/1976 4904/2373/1976
f 4902/2360/1975 4904/2373/1975 4905/2372/1975
f 4906/2375/1977 4907/2367/1977 4908/2366/1977
f 4909/2371/1978 4910/2376/1978 4911/2375/1978
f 4909/2371/1878 4911/2375/1878 4912/2377/1878
f 4913/2376/1878 4914/2371/1878 4915/2370/1878
f 4916/2374/1979 4917/2367/1979 4918/2375/1979
f 4916/2374/1975 4918/2375/1975 4919/2372/1975
f 4920/2372/1878 4921/2375/1878 4922/2376/1878
f 4920/2372/1980 4922/2376/1980 4923/2360/1980
f 4924/2360/1878 4925/2376/1878 4926/2378/1878
f 4924/2360/1981 4926/2378/1981 4927/2357/1981
f 4928/2365/1982 4929/2379/1982 4930/2377/1982
f 4928/2365/1983 4930/2377/1983 4931/2366/1983
f 4932/2366/1878 4933/2377/1878 4934/2375/1878
f 4935/2369/1984 4936/2380/1984 4937/2378/1984
f 4935/2369/1985 4937/2378/1985 4938/2370/1985
f 4939/2370/1878 4940/2378/1878 4941/2376/1878
f 4942/2323/1986 4943/2322/1986 4944/2381/1986
f 4942/2323/1986 4944/2381/1986 4945/2382/1986
f 4946/2383/1987 4947/2384/1987 4948/2385/1987
f 4946/2383/1987 4948/2385/1987 4949/2386/1987
f 4950/2387/1988 4951/2388/1988 4952/2389/1988
f 4950/2387/1988 4952/2389/1988 4953/2390/1988
f 4954/2388/1989 4955/2391/1989 4956/2392/1989
f 4957/2393/1990 4958/2394/1990 4959/2395/1990
f 4960/2391/1885 4961/2323/1885 4962/2318/1885
f 4963/2314/1907 4964/2322/1907 4965/2390/1907
f 4966/2323/115 4967/2387/115 4968/2390/115
f 4966/2323/115 4968/2390/115 4969/2322/115
f 4970/2384/115 4971/2383/115 4972/2395/115
f 4970/2384/115 4972/2395/115 4973/2396/115
f 4974/2397/115 4975/2396/115 4976/2398/115
f 4977/2397/115 4978/2384/115 4979/2396/115
f 4980/2394/1991 4981/2399/1991 4982/2396/1991
f 4980/2394/1992 4982/2396/1992 4983/2395/1992
f 4984/2386/1993 4985/2400/1993 4986/2383/1993
