# This file is brought to you by Roblox Corporation
# Generated by Roblox Studio

mtllib robot_4.mtl

g 1

v -32.3659 8.34465e-07 -0.97238 
v -33.2883 5.96046e-07 -1.00455 
v -33.3408 0.199769 -0.940213 
v -32.3912 0.28593 -0.940221 
v -32.3659 0.199769 -0.97238 
v -33.2883 5.96046e-07 -1.00455 
v -33.2883 0.199769 -1.00455 
v -32.3912 0.199769 -1.00455 
v -32.3912 8.34465e-07 -1.00455 
v -33.2897 0.285979 -0.94029 
v -32.3912 0.28593 -0.940221 
v -32.3912 0.199769 -1.00455 
v -33.2883 0.199769 -1.00455 
v -33.2897 0.285979 -0.94029 
v -32.3652 0.199769 -0.0351333 
v -33.2883 0.199769 -1.00455 
v -33.2883 0.199769 -0.00391626 
v -33.2897 0.285859 -0.0655566 
v -32.3912 0.285859 -0.0655566 
v -32.3912 0.28593 -0.940221 
v -32.3659 0.199769 -0.97238 
v -33.2897 0.285979 -0.94029 
v -32.3899 8.34465e-07 -0.00471592 
v -32.3406 8.34465e-07 -0.0655512 
v -32.3652 8.34465e-07 -0.0351336 
v -32.8427 0.334844 -0.51108 
v -32.5226 0.335408 -0.798733 
v -33.1617 0.335408 -0.798733 
v -32.3912 0.285859 -0.0655566 
v -32.5226 0.335408 -0.223427 
v -33.1617 0.335408 -0.223427 
v -33.2897 0.285859 -0.0655566 
v -32.3912 0.28593 -0.940221 
v -32.5226 0.335408 -0.798733 
v -32.5226 0.335408 -0.223427 
v -32.3912 0.285859 -0.0655566 
v -33.1617 0.335408 -0.798733 
v -33.2897 0.285979 -0.94029 
v -33.2897 0.285859 -0.0655566 
v -33.1617 0.335408 -0.223427 
v -32.3912 0.28593 -0.940221 
v -33.2897 0.285979 -0.94029 
v -33.1617 0.335408 -0.798733 
v -32.5226 0.335408 -0.798733 
v -33.1617 0.335408 -0.223427 
v -32.8427 0.334844 -0.51108 
v -33.1617 0.335408 -0.798733 
v -32.8427 0.334844 -0.51108 
v -33.1617 0.335408 -0.223427 
v -32.5226 0.335408 -0.223427 
v -32.5226 0.335408 -0.798733 
v -32.8427 0.334844 -0.51108 
v -32.5226 0.335408 -0.223427 
v -32.3659 8.34465e-07 -0.97238 
v -32.3652 8.34465e-07 -0.0351336 
v -32.3406 8.34465e-07 -0.0655512 
v -32.3406 0.199769 -0.0655512 
v -32.3652 0.199769 -0.0351333 
v -32.3406 0.199769 -0.0655512 
v -32.3406 8.34465e-07 -0.0655512 
v -32.3406 8.34465e-07 -0.940213 
v -32.3406 0.199769 -0.940213 
v -32.3912 0.285859 -0.0655566 
v -32.3406 0.199769 -0.0655512 
v -32.3406 0.199769 -0.940213 
v -32.3912 0.28593 -0.940221 
v -32.3406 0.199769 -0.940213 
v -32.3406 8.34465e-07 -0.940213 
v -32.3659 8.34465e-07 -0.97238 
v -32.3659 0.199769 -0.97238 
v -32.3899 8.34465e-07 -0.00471592 
v -32.3912 0.28593 -0.940221 
v -32.3406 0.199769 -0.940213 
v -32.3659 0.199769 -0.97238 
v -32.3912 0.285859 -0.0655566 
v -32.3652 0.199769 -0.0351333 
v -32.3406 0.199769 -0.0655512 
v -32.3659 8.34465e-07 -0.97238 
v -32.3912 8.34465e-07 -1.00455 
v -32.3912 0.199769 -1.00455 
v -32.3659 0.199769 -0.97238 
v -32.3659 0.199769 -0.97238 
v -32.3912 0.199769 -1.00455 
v -32.3912 0.28593 -0.940221 
v -32.3912 0.285859 -0.0655566 
v -32.3899 0.199769 -0.0047158 
v -32.3652 0.199769 -0.0351333 
v -32.3652 0.199769 -0.0351333 
v -32.3899 0.199769 -0.0047158 
v -32.3899 8.34465e-07 -0.00471592 
v -32.3652 8.34465e-07 -0.0351336 
v -32.3652 0.199769 -0.0351333 
v -33.3408 8.34465e-07 -0.0655512 
v -33.2883 8.34465e-07 -0.00391626 
v -33.2883 0.199769 -0.00391626 
v -33.2897 0.285859 -0.0655566 
v -32.3912 0.285859 -0.0655566 
v -33.2897 0.285859 -0.0655566 
v -33.2883 0.199769 -0.00391626 
v -32.3899 0.199769 -0.0047158 
v -32.3912 0.285859 -0.0655566 
v -32.3899 8.34465e-07 -0.00471592 
v -32.3899 8.34465e-07 -0.00471592 
v -32.3899 0.199769 -0.0047158 
v -33.2883 0.199769 -0.00391626 
v -33.2883 8.34465e-07 -0.00391626 
v -32.3912 8.34465e-07 -0.940213 
v -32.3912 8.34465e-07 -1.00455 
v -32.3659 8.34465e-07 -0.97238 
v -32.3652 0.199769 -0.0351333 
v -33.2883 0.199769 -1.00455 
v -33.2883 5.96046e-07 -1.00455 
v -33.3408 8.34465e-07 -0.0655512 
v -33.2897 8.34465e-07 -0.0655504 
v -33.2883 8.34465e-07 -0.00391626 
v -33.2883 0.199769 -0.00391626 
v -33.3408 8.34465e-07 -0.940213 
v -33.2897 8.34465e-07 -0.940213 
v -32.3659 0.199769 -0.97238 
v -33.2883 5.96046e-07 -1.00455 
v -33.2897 8.34465e-07 -0.940213 
v -33.3408 8.34465e-07 -0.940213 
v -32.3912 8.34465e-07 -0.0655504 
v -32.3899 8.34465e-07 -0.00471592 
v -32.3912 8.34465e-07 -1.00455 
v -32.3912 8.34465e-07 -0.940213 
v -33.2897 8.34465e-07 -0.940213 
v -33.2883 5.96046e-07 -1.00455 
v -32.3406 8.34465e-07 -0.0655512 
v -32.3406 8.34465e-07 -0.940213 
v -33.2883 0.199769 -1.00455 
v -33.2883 5.96046e-07 -1.00455 
v -33.3408 8.34465e-07 -0.940213 
v -33.3408 0.199769 -0.940213 
v -33.3408 8.34465e-07 -0.0655512 
v -33.2883 8.34465e-07 -0.00391626 
v -33.3408 0.199769 -0.0655512 
v -33.3408 8.34465e-07 -0.0655512 
v -33.2883 8.34465e-07 -0.00391626 
v -33.2883 0.199769 -0.00391626 
v -33.2897 0.285859 -0.0655566 
v -33.3408 0.199769 -0.0655512 
v -33.2883 0.199769 -0.00391626 
v -33.3408 0.199769 -0.940213 
v -33.3408 8.34465e-07 -0.940213 
v -33.3408 8.34465e-07 -0.0655512 
v -33.3408 0.199769 -0.0655512 
v -33.2897 0.285979 -0.94029 
v -33.2883 0.199769 -1.00455 
v -33.3408 0.199769 -0.940213 
v -33.2897 0.285859 -0.0655566 
v -33.2897 0.285979 -0.94029 
v -33.3408 0.199769 -0.940213 
v -33.3408 0.199769 -0.0655512 

vn 0 -1 0 
vn -0.771654 0 -0.629921 
vn -0.771654 0 -0.629921 
vn 0.858268 0.503937 0 
vn 0.787402 0 -0.614173 
vn 0 0 -1 
vn 0 0 -1 
vn 0 0 -1 
vn 0 0 -1 
vn -0.700787 0.417323 -0.574803 
vn 0 0.598425 -0.80315 
vn 0 0.598425 -0.80315 
vn 0 0.598425 -0.80315 
vn 0 0.598425 -0.80315 
vn 0.779528 0 0.629921 
vn -0.771654 0 -0.629921 
vn -0.76378 0 0.645669 
vn -0.692913 0.409449 0.590551 
vn 0.858268 0.503937 0 
vn 0.858268 0.503937 0 
vn 0.787402 0 -0.614173 
vn -0.700787 0.417323 -0.574803 
vn 0 -1 0 
vn 0 -1 0 
vn 0 -1 0 
vn 0 1 0 
vn 0 1 0 
vn 0 1 0 
vn 0 0.952756 0.299213 
vn 0 0.952756 0.299213 
vn 0 0.952756 0.299213 
vn 0 0.952756 0.299213 
vn 0.354331 0.937008 0 
vn 0.354331 0.937008 0 
vn 0.354331 0.937008 0 
vn 0.354331 0.937008 0 
vn -0.362205 0.929134 0 
vn -0.362205 0.929134 0 
vn -0.362205 0.929134 0 
vn -0.362205 0.929134 0 
vn 0 0.944882 -0.330709 
vn 0 0.944882 -0.330709 
vn 0 0.944882 -0.330709 
vn 0 0.944882 -0.330709 
vn 0 1 0 
vn 0 1 0 
vn 0 1 0 
vn 0 1 0 
vn 0 1 0 
vn 0 1 0 
vn 0 1 0 
vn 0 1 0 
vn 0 1 0 
vn 0 -1 0 
vn 0.779528 0 0.629921 
vn 0.779528 0 0.629921 
vn 0.779528 0 0.629921 
vn 0.779528 0 0.629921 
vn 1 0 0 
vn 1 0 0 
vn 1 0 0 
vn 1 0 0 
vn 0.858268 0.503937 0 
vn 0.858268 0.503937 0 
vn 0.858268 0.503937 0 
vn 0.858268 0.503937 0 
vn 0.787402 0 -0.614173 
vn 0.787402 0 -0.614173 
vn 0.787402 0 -0.614173 
vn 0.787402 0 -0.614173 
vn 0 -1 0 
vn 0.716535 0.417323 -0.559055 
vn 0.716535 0.417323 -0.559055 
vn 0.716535 0.417323 -0.559055 
vn 0.708661 0.417323 0.574803 
vn 0.708661 0.417323 0.574803 
vn 0.708661 0.417323 0.574803 
vn 0.787402 0 -0.614173 
vn 0.787402 0 -0.614173 
vn 0.787402 0 -0.614173 
vn 0.787402 0 -0.614173 
vn 0.716535 0.417323 -0.559055 
vn 0.716535 0.417323 -0.559055 
vn 0.716535 0.417323 -0.559055 
vn 0.708661 0.417323 0.574803 
vn 0.708661 0.417323 0.574803 
vn 0.708661 0.417323 0.574803 
vn 0.779528 0 0.629921 
vn 0.779528 0 0.629921 
vn 0.779528 0 0.629921 
vn 0.779528 0 0.629921 
vn 0.779528 0 0.629921 
vn 0 -1 0 
vn 0 -1 0 
vn -0.76378 0 0.645669 
vn -0.692913 0.409449 0.590551 
vn 0.858268 0.503937 0 
vn 0 0.582677 0.811024 
vn 0 0.582677 0.811024 
vn 0 0.582677 0.811024 
vn 0 0.582677 0.811024 
vn 0 -1 0 
vn 0 0 1 
vn 0 0 1 
vn 0 0 1 
vn 0 0 1 
vn 0 -1 0 
vn 0 -1 0 
vn 0 -1 0 
vn 0.779528 0 0.629921 
vn -0.771654 0 -0.629921 
vn -0.771654 0 -0.629921 
vn 0 -1 0 
vn 0 -1 0 
vn 0 -1 0 
vn -0.76378 0 0.645669 
vn 0 -1 0 
vn 0 -1 0 
vn 0.787402 0 -0.614173 
vn 0 -1 0 
vn 0 -1 0 
vn 0 -1 0 
vn 0 -1 0 
vn 0 -1 0 
vn 0 -1 0 
vn 0 -1 0 
vn 0 -1 0 
vn 0 -1 0 
vn 0 -1 0 
vn 0 -1 0 
vn -0.771654 0 -0.629921 
vn -0.771654 0 -0.629921 
vn -0.771654 0 -0.629921 
vn -0.771654 0 -0.629921 
vn 0 -1 0 
vn 0 -1 0 
vn -0.76378 0 0.645669 
vn -0.76378 0 0.645669 
vn -0.76378 0 0.645669 
vn -0.76378 0 0.645669 
vn -0.692913 0.409449 0.590551 
vn -0.692913 0.409449 0.590551 
vn -0.692913 0.409449 0.590551 
vn -1 0 0 
vn -1 0 0 
vn -1 0 0 
vn -1 0 0 
vn -0.700787 0.417323 -0.574803 
vn -0.700787 0.417323 -0.574803 
vn -0.700787 0.417323 -0.574803 
vn -0.858268 0.511811 0 
vn -0.858268 0.511811 0 
vn -0.858268 0.511811 0 
vn -0.858268 0.511811 0 

vt -0.348629 1.7449 
vt -0.233328 1.7449 
vt -0.226765 1.76987 
vt -0.345461 1.78064 
vt -0.348629 1.76987 
vt -0.233328 1.7449 
vt -0.233328 1.76987 
vt -0.345466 1.76987 
vt -0.345466 1.7449 
vt -0.233151 1.78065 
vt -0.345461 1.78064 
vt -0.345466 1.76987 
vt -0.233328 1.76987 
vt -0.233151 1.78065 
vt -0.230641 1.8253 
vt -0.351817 1.70991 
vt -0.226739 1.70992 
vt -0.234444 1.70974 
vt -0.234444 1.82205 
vt -0.343777 1.82205 
vt -0.347797 1.82521 
vt -0.343785 1.70974 
vt -0.226839 1.82222 
vt -0.234443 1.82838 
vt -0.230641 1.8253 
vt -0.290134 1.76561 
vt -0.326091 1.80562 
vt -0.326091 1.72574 
vt -0.234444 1.82205 
vt -0.254177 1.80562 
vt -0.254177 1.72574 
vt -0.234444 1.70974 
vt -0.343777 1.82205 
vt -0.326091 1.80562 
vt -0.254177 1.80562 
vt -0.234444 1.82205 
vt -0.326091 1.72574 
vt -0.343785 1.70974 
vt -0.234444 1.70974 
vt -0.254177 1.72574 
vt -0.343777 1.82205 
vt -0.343785 1.70974 
vt -0.326091 1.72574 
vt -0.326091 1.80562 
vt -0.254177 1.72574 
vt -0.290134 1.76561 
vt -0.326091 1.72574 
vt -0.290134 1.76561 
vt -0.254177 1.72574 
vt -0.254177 1.80562 
vt -0.326091 1.80562 
vt -0.290134 1.76561 
vt -0.254177 1.80562 
vt -0.23076 1.7449 
vt -0.347915 1.7449 
vt -0.344113 1.7449 
vt -0.344113 1.76987 
vt -0.347915 1.76987 
vt -0.344113 1.76987 
vt -0.344113 1.7449 
vt -0.234781 1.7449 
vt -0.234781 1.76987 
vt -0.344113 1.78063 
vt -0.344113 1.76987 
vt -0.234781 1.76987 
vt -0.234779 1.78064 
vt -0.234781 1.76987 
vt -0.234781 1.7449 
vt -0.23076 1.7449 
vt -0.23076 1.76987 
vt -0.351718 1.7449 
vt -0.234779 1.78064 
vt -0.234781 1.76987 
vt -0.23076 1.76987 
vt -0.344113 1.78063 
vt -0.347915 1.76987 
vt -0.344113 1.76987 
vt -0.23076 1.7449 
vt -0.226739 1.7449 
vt -0.226739 1.76987 
vt -0.23076 1.76987 
vt -0.23076 1.76987 
vt -0.226739 1.76987 
vt -0.234779 1.78064 
vt -0.344113 1.78063 
vt -0.351718 1.76987 
vt -0.347915 1.76987 
vt -0.347915 1.76987 
vt -0.351718 1.76987 
vt -0.351718 1.7449 
vt -0.347915 1.7449 
vt -0.229845 1.76987 
vt -0.351791 1.7449 
vt -0.345227 1.7449 
vt -0.345227 1.76987 
vt -0.345405 1.78063 
vt -0.233094 1.78063 
vt -0.345405 1.78063 
vt -0.345227 1.76987 
vt -0.232924 1.76987 
vt -0.233094 1.78063 
vt -0.232924 1.7449 
vt -0.232924 1.7449 
vt -0.232924 1.76987 
vt -0.345227 1.76987 
vt -0.345227 1.7449 
vt -0.234781 1.82205 
vt -0.226739 1.82205 
vt -0.23076 1.82521 
vt -0.347915 1.8253 
vt -0.226739 1.70991 
vt -0.226739 1.70991 
vt -0.344113 1.70335 
vt -0.344113 1.70974 
vt -0.351818 1.70992 
vt -0.351818 1.70992 
vt -0.234781 1.70335 
vt -0.234781 1.70974 
vt -0.23076 1.82521 
vt -0.226739 1.70991 
vt -0.234781 1.70974 
vt -0.234781 1.70335 
vt -0.344113 1.82205 
vt -0.351718 1.82222 
vt -0.226739 1.82205 
vt -0.234781 1.82205 
vt -0.234781 1.70974 
vt -0.226739 1.70991 
vt -0.344113 1.82838 
vt -0.234781 1.82838 
vt -0.351817 1.76987 
vt -0.351817 1.7449 
vt -0.343776 1.7449 
vt -0.343776 1.76987 
vt -0.234443 1.7449 
vt -0.226739 1.7449 
vt -0.234443 1.76987 
vt -0.234443 1.7449 
vt -0.226739 1.7449 
vt -0.226739 1.76987 
vt -0.234444 1.78063 
vt -0.234443 1.76987 
vt -0.226739 1.76987 
vt -0.343776 1.76987 
vt -0.343776 1.7449 
vt -0.234443 1.7449 
vt -0.234443 1.76987 
vt -0.343785 1.78065 
vt -0.351817 1.76987 
vt -0.343776 1.76987 
vt -0.234444 1.78063 
vt -0.343785 1.78065 
vt -0.343776 1.76987 
vt -0.234443 1.76987 

usemtl 1Mtl

f 6/6/6 7/7/7 8/8/8 
f 6/6/6 8/8/8 9/9/9 
f 11/11/11 12/12/12 13/13/13 
f 11/11/11 13/13/13 14/14/14 
f 23/23/23 24/24/24 25/25/25 
f 26/26/26 27/27/27 28/28/28 
f 29/29/29 30/30/30 31/31/31 
f 29/29/29 31/31/31 32/32/32 
f 33/33/33 34/34/34 35/35/35 
f 33/33/33 35/35/35 36/36/36 
f 37/37/37 38/38/38 39/39/39 
f 37/37/37 39/39/39 40/40/40 
f 41/41/41 42/42/42 43/43/43 
f 41/41/41 43/43/43 44/44/44 
f 45/45/45 46/46/46 47/47/47 
f 48/48/48 49/49/49 50/50/50 
f 51/51/51 52/52/52 53/53/53 
f 55/55/55 56/56/56 57/57/57 
f 55/55/55 57/57/57 58/58/58 
f 59/59/59 60/60/60 61/61/61 
f 59/59/59 61/61/61 62/62/62 
f 63/63/63 64/64/64 65/65/65 
f 63/63/63 65/65/65 66/66/66 
f 67/67/67 68/68/68 69/69/69 
f 67/67/67 69/69/69 70/70/70 
f 72/72/72 73/73/73 74/74/74 
f 75/75/75 76/76/76 77/77/77 
f 78/78/78 79/79/79 80/80/80 
f 78/78/78 80/80/80 81/81/81 
f 82/82/82 83/83/83 84/84/84 
f 85/85/85 86/86/86 87/87/87 
f 88/88/88 89/89/89 90/90/90 
f 88/88/88 90/90/90 91/91/91 
f 98/98/98 99/99/99 100/100/100 
f 98/98/98 100/100/100 101/101/101 
f 103/103/103 104/104/104 105/105/105 
f 103/103/103 105/105/105 106/106/106 
f 107/107/107 108/108/108 109/109/109 
f 113/113/113 114/114/114 115/115/115 
f 117/117/117 118/118/118 114/114/114 
f 117/117/117 114/114/114 113/113/113 
f 120/120/120 121/121/121 122/122/122 
f 115/115/115 114/114/114 123/123/123 
f 115/115/115 123/123/123 124/124/124 
f 114/114/114 118/118/118 107/107/107 
f 114/114/114 107/107/107 123/123/123 
f 125/125/125 126/126/126 127/127/127 
f 125/125/125 127/127/127 128/128/128 
f 124/124/124 123/123/123 129/129/129 
f 123/123/123 107/107/107 130/130/130 
f 123/123/123 130/130/130 129/129/129 
f 109/109/109 130/130/130 107/107/107 
f 131/131/131 132/132/132 133/133/133 
f 131/131/131 133/133/133 134/134/134 
f 137/137/137 138/138/138 139/139/139 
f 137/137/137 139/139/139 140/140/140 
f 141/141/141 142/142/142 143/143/143 
f 144/144/144 145/145/145 146/146/146 
f 144/144/144 146/146/146 147/147/147 
f 148/148/148 149/149/149 150/150/150 
f 151/151/151 152/152/152 153/153/153 
f 151/151/151 153/153/153 154/154/154 

g 2

v -32.56 3.91979 -1.28412 
v -32.644 3.89691 -1.2055 
v -32.683 3.89691 -1.24048 
v -32.683 3.89691 -1.24048 
v -32.614 3.91979 -1.33248 
v -32.56 3.91979 -1.28412 
v -32.4889 3.98494 -1.35076 
v -32.5554 3.98494 -1.41049 
v -32.4413 4.08247 -1.3953 
v -32.5163 4.08247 -1.46259 
v -32.4247 4.19749 -1.41094 
v -32.5026 4.19749 -1.4809 
v -32.4247 4.79575 -1.41094 
v -32.5026 4.79575 -1.4809 
v -32.4413 4.91077 -1.3953 
v -32.5163 4.91077 -1.4626 
v -32.4888 5.00829 -1.35076 
v -32.5554 5.00829 -1.41049 
v -32.56 5.07345 -1.28412 
v -32.614 5.07345 -1.33249 
v -32.644 5.09633 -1.2055 
v -32.683 5.09633 -1.24049 
v -32.7275 3.89691 -1.26816 
v -32.6755 3.91979 -1.37076 
v -32.6314 3.98494 -1.45773 
v -32.6019 4.08247 -1.51585 
v -32.5916 4.19749 -1.53626 
v -32.5916 4.79575 -1.53626 
v -32.6019 4.91077 -1.51585 
v -32.6314 5.00829 -1.45773 
v -32.6755 5.07345 -1.37076 
v -32.7275 5.09633 -1.26817 
v -32.7761 3.89691 -1.2877 
v -32.7427 3.91979 -1.39776 
v -32.7144 3.98494 -1.49107 
v -32.6955 4.08247 -1.55343 
v -32.6888 4.19749 -1.57532 
v -32.6888 4.79575 -1.57532 
v -32.6955 4.91077 -1.55343 
v -32.7144 5.00829 -1.49107 
v -32.7427 5.07345 -1.39777 
v -32.7761 5.09633 -1.2877 
v -32.8274 3.89691 -1.29848 
v -32.8136 3.91979 -1.41269 
v -32.8019 3.98494 -1.5095 
v -32.7941 4.08247 -1.57419 
v -32.7914 4.19749 -1.5969 
v -32.7914 4.79575 -1.5969 
v -32.7941 4.91077 -1.57419 
v -32.8019 5.00829 -1.5095 
v -32.8136 5.07345 -1.41269 
v -32.8274 5.09633 -1.29848 
v -32.8798 3.89691 -1.30021 
v -32.886 3.91979 -1.41507 
v -32.8913 3.98494 -1.51244 
v -32.8949 4.08247 -1.57751 
v -32.8961 4.19749 -1.60035 
v -32.8961 4.79575 -1.60035 
v -32.8949 4.91077 -1.57751 
v -32.8913 5.00829 -1.51245 
v -32.886 5.07345 -1.41508 
v -32.8798 5.09633 -1.30021 
v -32.9317 3.89691 -1.29282 
v -32.9578 3.91979 -1.40485 
v -32.9799 3.98494 -1.49982 
v -32.9947 4.08247 -1.56328 
v -32.9999 4.19749 -1.58557 
v -32.9999 4.79575 -1.58557 
v -32.9947 4.91077 -1.56329 
v -32.9799 5.00829 -1.49982 
v -32.9578 5.07345 -1.40485 
v -32.9317 5.09633 -1.29282 
v -32.9815 3.89691 -1.27653 
v -33.0266 3.91979 -1.38233 
v -33.0649 3.98494 -1.47201 
v -33.0905 4.08247 -1.53194 
v -33.0995 4.19749 -1.55299 
v -33.0995 4.79575 -1.55299 
v -33.0905 4.91077 -1.53195 
v -33.0649 5.00829 -1.47201 
v -33.0266 5.07345 -1.38233 
v -32.9815 5.09633 -1.27653 
v -33.0277 3.89691 -1.25184 
v -33.0905 3.91979 -1.34819 
v -33.1438 3.98494 -1.42987 
v -33.1794 4.08247 -1.48444 
v -33.1919 4.19749 -1.50361 
v -33.1919 4.79575 -1.50361 
v -33.1794 4.91077 -1.48444 
v -33.1438 5.00829 -1.42987 
v -33.0905 5.07345 -1.34819 
v -33.0277 5.09633 -1.25184 
v -33.0689 3.89691 -1.2195 
v -33.1475 3.91979 -1.30347 
v -33.2142 3.98494 -1.37466 
v -33.2587 4.08247 -1.42223 
v -33.2744 4.19749 -1.43894 
v -33.2744 4.79575 -1.43894 
v -33.2587 4.91077 -1.42223 
v -33.2142 5.00829 -1.37466 
v -33.1475 5.07345 -1.30347 
v -33.0689 5.09633 -1.2195 
v -32.8635 5.09633 -1.00007 
v -33.0689 5.09633 -1.2195 
v -33.0945 5.09633 -1.19232 
v -33.1213 5.09633 -1.15462 
v -33.1454 5.09633 -1.10447 
v -33.161 5.09633 -1.04308 
v -33.1632 5.09633 -0.976736 
v -33.1516 5.09633 -0.91446 
v -33.1309 5.09633 -0.862823 
v -33.1067 5.09633 -0.823445 
v -33.0829 5.09633 -0.794638 
v -33.0557 5.09633 -0.769009 
v -33.018 5.09633 -0.742262 
v -32.9679 5.09633 -0.718192 
v -32.9065 5.09633 -0.702574 
v -32.8401 5.09633 -0.700394 
v -32.7778 5.09633 -0.711933 
v -32.7262 5.09633 -0.732642 
v -32.6868 5.09633 -0.75685 
v -32.658 5.09633 -0.780639 
v -32.6324 5.09633 -0.807817 
v -32.6056 5.09633 -0.845515 
v -32.5816 5.09633 -0.895681 
v -32.566 5.09633 -0.957057 
v -32.5638 5.09633 -1.02341 
v -32.5753 5.09633 -1.08568 
v -32.596 5.09633 -1.13732 
v -32.6202 5.09633 -1.1767 
v -32.644 5.09633 -1.2055 
v -32.683 5.09633 -1.24049 
v -32.7275 5.09633 -1.26817 
v -32.7761 5.09633 -1.28769 
v -32.8274 5.09633 -1.29848 
v -32.8798 5.09633 -1.30021 
v -32.9317 5.09633 -1.29281 
v -32.9815 5.09633 -1.27653 
v -33.0277 5.09633 -1.25184 
v -32.5794 3.91979 -0.696665 
v -32.658 3.89691 -0.780639 
v -32.623 3.89691 -0.819647 
v -32.531 3.91979 -0.750602 
v -32.5128 3.98494 -0.625479 
v -32.453 3.98494 -0.692065 
v -32.4682 4.08247 -0.577913 
v -32.401 4.08247 -0.652958 
v -32.4526 4.19749 -0.561204 
v -32.3827 4.19749 -0.639219 
v -32.4526 4.79575 -0.561213 
v -32.3827 4.79575 -0.639219 
v -32.4682 4.91077 -0.577913 
v -32.401 4.91077 -0.652958 
v -32.5127 5.00829 -0.625479 
v -32.453 5.00829 -0.692065 
v -32.5794 5.07345 -0.696665 
v -32.531 5.07345 -0.750602 
v -32.658 5.09633 -0.780639 
v -32.6324 5.09633 -0.807817 
v -32.5954 3.89691 -0.864134 
v -32.4928 3.91979 -0.812117 
v -32.4059 3.98494 -0.76801 
v -32.3478 4.08247 -0.738542 
v -32.3273 4.19749 -0.728203 
v -32.3273 4.79575 -0.728203 
v -32.3478 4.91077 -0.738542 
v -32.4059 5.00829 -0.76801 
v -32.4928 5.07345 -0.812117 
v -32.6056 5.09633 -0.845516 
v -32.5758 3.89691 -0.912751 
v -32.4657 3.91979 -0.879343 
v -32.3725 3.98494 -0.851015 
v -32.3102 4.08247 -0.832086 
v -32.2883 4.19749 -0.825436 
v -32.2883 4.79575 -0.825436 
v -32.3102 4.91077 -0.832086 
v -32.3725 5.00829 -0.851015 
v -32.4657 5.07345 -0.879343 
v -32.5816 5.09633 -0.895682 
v -32.565 3.89691 -0.964027 
v -32.4508 3.91979 -0.950228 
v -32.3541 3.98494 -0.938539 
v -32.2894 4.08247 -0.93072 
v -32.2667 4.19749 -0.92798 
v -32.2667 4.79575 -0.92798 
v -32.2894 4.91077 -0.930729 
v -32.3541 5.00829 -0.938539 
v -32.4508 5.07345 -0.950228 
v -32.566 5.09633 -0.957057 
v -32.5633 3.89691 -1.01639 
v -32.4484 3.91979 -1.02263 
v -32.3512 3.98494 -1.02793 
v -32.2861 4.08247 -1.03147 
v -32.2632 4.19749 -1.03271 
v -32.2632 4.79575 -1.03271 
v -32.2861 4.91077 -1.03147 
v -32.3512 5.00829 -1.02793 
v -32.4484 5.07345 -1.02264 
v -32.5638 5.09633 -1.02341 
v -32.5707 3.89691 -1.06826 
v -32.4587 3.91979 -1.09436 
v -32.3638 3.98494 -1.11649 
v -32.3003 4.08247 -1.13127 
v -32.278 4.19749 -1.13646 
v -32.278 4.79575 -1.13646 
v -32.3003 4.91077 -1.13127 
v -32.3638 5.00829 -1.11649 
v -32.4587 5.07345 -1.09436 
v -32.5753 5.09633 -1.08568 
v -32.587 3.89691 -1.11807 
v -32.4812 3.91979 -1.16321 
v -32.3916 3.98494 -1.20149 
v -32.3317 4.08247 -1.22707 
v -32.3106 4.19749 -1.23606 
v -32.3106 4.79575 -1.23606 
v -32.3317 4.91077 -1.22708 
v -32.3916 5.00829 -1.2015 
v -32.4812 5.07345 -1.16321 
v -32.596 5.09633 -1.13732 
v -32.6117 3.89691 -1.16427 
v -32.5153 3.91979 -1.22712 
v -32.4337 3.98494 -1.28039 
v -32.3792 4.08247 -1.31598 
v -32.36 4.19749 -1.32848 
v -32.36 4.79575 -1.32848 
v -32.3792 4.91077 -1.31598 
v -32.4337 5.00829 -1.28039 
v -32.5153 5.07345 -1.22712 
v -32.6202 5.09633 -1.1767 
v -32.644 3.89691 -1.2055 
v -33.1669 3.91979 -0.716024 
v -33.0829 3.89691 -0.794638 
v -33.0439 3.89691 -0.75965 
v -33.113 3.91979 -0.667647 
v -33.2381 3.98494 -0.649378 
v -33.1715 3.98494 -0.589652 
v -33.2857 4.08247 -0.604841 
v -33.2106 4.08247 -0.537535 
v -33.3024 4.1975 -0.589202 
v -33.2243 4.1975 -0.519237 
v -33.3024 4.79575 -0.589202 
v -33.2243 4.79575 -0.519237 
v -33.2857 4.91077 -0.604841 
v -33.2106 4.91077 -0.537546 
v -33.2381 5.00829 -0.649378 
v -33.1715 5.00829 -0.589662 
v -33.1669 5.07345 -0.716024 
v -33.113 5.07345 -0.667657 
v -33.0829 5.09633 -0.794638 
v -33.0557 5.09633 -0.76901 
v -32.9994 3.89691 -0.731973 
v -33.0514 3.91979 -0.62938 
v -33.0955 3.98494 -0.542405 
v -33.125 4.08247 -0.484289 
v -33.1354 4.1975 -0.46388 
v -33.1354 4.79575 -0.46388 
v -33.125 4.91077 -0.484289 
v -33.0955 5.00829 -0.542405 
v -33.0514 5.07345 -0.62938 
v -33.018 5.09633 -0.742262 
v -32.9508 3.89691 -0.712444 
v -32.9842 3.91979 -0.602371 
v -33.0125 3.98494 -0.509067 
v -33.0315 4.08247 -0.446712 
v -33.0381 4.1975 -0.424823 
v -33.0381 4.79575 -0.424823 
v -33.0315 4.91077 -0.446712 
v -33.0125 5.00829 -0.509067 
v -32.9842 5.07345 -0.602381 
v -32.9679 5.09633 -0.718193 
v -32.8995 3.89691 -0.701655 
v -32.9133 3.91979 -0.587452 
v -32.925 3.98494 -0.490639 
v -32.9328 4.08247 -0.425954 
v -32.9356 4.1975 -0.403235 
v -32.9356 4.79575 -0.403235 
v -32.9328 4.91077 -0.425954 
v -32.925 5.00829 -0.490639 
v -32.9133 5.07345 -0.587452 
v -32.9065 5.09633 -0.702575 
v -32.8471 3.89691 -0.699925 
v -32.8409 3.91979 -0.585063 
v -32.8356 3.98494 -0.487689 
v -32.8321 4.08247 -0.422633 
v -32.8308 4.1975 -0.399784 
v -32.8308 4.79575 -0.399784 
v -32.8321 4.91077 -0.422633 
v -32.8356 5.00829 -0.487699 
v -32.8409 5.07345 -0.585072 
v -32.8401 5.09633 -0.700395 
v -32.7953 3.89691 -0.707324 
v -32.7692 3.91979 -0.595292 
v -32.747 3.98494 -0.500318 
v -32.7323 4.08247 -0.436852 
v -32.7271 4.1975 -0.414574 
v -32.7271 4.79575 -0.414574 
v -32.7323 4.91077 -0.436862 
v -32.747 5.00829 -0.500318 
v -32.7692 5.07345 -0.595292 
v -32.7778 5.09633 -0.711934 
v -32.7455 3.89691 -0.723614 
v -32.7003 3.91979 -0.61781 
v -32.662 3.98494 -0.528126 
v -32.6364 4.08247 -0.4682 
v -32.6275 4.19749 -0.447151 
v -32.6275 4.79575 -0.447151 
v -32.6364 4.91077 -0.4682 
v -32.662 5.00829 -0.528126 
v -32.7003 5.07345 -0.61781 
v -32.7262 5.09633 -0.732642 
v -32.6993 3.89691 -0.748302 
v -32.6364 3.91979 -0.651948 
v -32.5831 3.98494 -0.570273 
v -32.5475 4.08247 -0.515697 
v -32.535 4.19749 -0.496528 
v -32.535 4.79575 -0.496528 
v -32.5475 4.91077 -0.515697 
v -32.5831 5.00829 -0.570273 
v -32.6364 5.07345 -0.651948 
v -32.6868 5.09633 -0.756851 
v -33.0439 3.89554 -0.75965 
v -33.0829 3.89554 -0.794638 
v -33.1067 3.89554 -0.823436 
v -33.0341 3.89554 -0.840284 
v -32.9994 3.89554 -0.731972 
v -33.0056 3.89554 -0.814406 
v -32.9508 3.89554 -0.712443 
v -32.9626 3.89554 -0.788328 
v -32.8995 3.89554 -0.701654 
v -32.9041 3.89554 -0.769839 
v -32.8471 3.89554 -0.699924 
v -32.838 3.89554 -0.76767 
v -32.7953 3.89554 -0.707323 
v -32.7785 3.89554 -0.782268 
v -32.7455 3.89554 -0.723613 
v -32.7339 3.89554 -0.805457 
v -32.6993 3.89554 -0.748301 
v -32.7037 3.89554 -0.829395 
v -32.658 3.89554 -0.780639 
v -32.623 3.89554 -0.819646 
v -33.1309 3.89554 -0.862823 
v -33.0581 3.89554 -0.870522 
v -32.9854 3.89554 -0.885941 
v -32.9541 3.89554 -0.859784 
v -32.9016 3.89554 -0.837484 
v -32.8361 3.89554 -0.835325 
v -32.7823 3.89554 -0.854124 
v -32.7493 3.89554 -0.878163 
v -32.6778 3.89554 -0.857994 
v -32.5954 3.89554 -0.864133 
v -33.1516 3.89554 -0.91446 
v -33.0813 3.89554 -0.9151 
v -33.0094 3.89554 -0.918909 
v -32.9366 3.89554 -0.931589 
v -32.8983 3.89554 -0.90611 
v -32.8349 3.89554 -0.904021 
v -32.795 3.89554 -0.926929 
v -32.7232 3.89554 -0.90948 
v -32.6517 3.89554 -0.900951 
v -32.5758 3.89554 -0.91275 
v -33.1632 3.89554 -0.976726 
v -33.0959 3.89554 -0.974646 
v -33.0282 3.89554 -0.972726 
v -32.9595 3.89554 -0.971536 
v -32.8879 3.89554 -0.977246 
v -32.8406 3.89554 -0.975686 
v -32.7695 3.89554 -0.965266 
v -32.7009 3.89554 -0.961947 
v -32.6332 3.89554 -0.959406 
v -32.565 3.89554 -0.964027 
v -33.161 3.89554 -1.04308 
v -33.0937 3.89554 -1.04073 
v -33.0261 3.89554 -1.03819 
v -32.9574 3.89554 -1.03486 
v -32.8863 3.89554 -1.02445 
v -32.8391 3.89554 -1.02289 
v -32.7674 3.89554 -1.0286 
v -32.6987 3.89554 -1.02741 
v -32.6311 3.89554 -1.02549 
v -32.5633 3.89554 -1.01639 
v -33.1454 3.89554 -1.10446 
v -33.0752 3.89554 -1.09919 
v -33.0038 3.89554 -1.09066 
v -32.9319 3.89554 -1.07321 
v -32.892 3.89554 -1.09612 
v -32.8287 3.89554 -1.09403 
v -32.7903 3.89554 -1.06855 
v -32.7175 3.89554 -1.08122 
v -32.6457 3.89554 -1.08504 
v -32.5707 3.89554 -1.06826 
v -33.1213 3.89554 -1.15462 
v -33.0491 3.89554 -1.14215 
v -32.9776 3.89554 -1.12198 
v -32.9446 3.89554 -1.14601 
v -32.8908 3.89554 -1.1648 
v -32.8253 3.89554 -1.16265 
v -32.7729 3.89554 -1.14036 
v -32.7416 3.89554 -1.1142 
v -32.6688 3.89554 -1.12962 
v -32.587 3.89554 -1.11807 
v -33.0945 3.89554 -1.19232 
v -33.0233 3.89554 -1.17073 
v -32.993 3.89554 -1.19468 
v -32.9484 3.89554 -1.21787 
v -32.8889 3.89554 -1.23247 
v -32.8228 3.89554 -1.23029 
v -32.7643 3.89554 -1.21181 
v -32.7214 3.89554 -1.18573 
v -32.6928 3.89554 -1.15985 
v -32.6117 3.89554 -1.16427 
v -33.0689 3.89554 -1.2195 
v -33.0277 3.89554 -1.25184 
v -32.9815 3.89554 -1.27653 
v -32.9317 3.89554 -1.29281 
v -32.8798 3.89554 -1.30021 
v -32.8274 3.89554 -1.29848 
v -32.7761 3.89554 -1.28769 
v -32.7275 3.89554 -1.26816 
v -32.683 3.89554 -1.24048 
v -32.644 3.89554 -1.2055 
v -33.1475 3.91979 -1.30347 
v -33.0689 3.89691 -1.2195 
v -33.0945 3.89691 -1.19232 
v -33.1959 3.91979 -1.24954 
v -33.2142 3.98494 -1.37466 
v -33.2739 3.98494 -1.30807 
v -33.2587 4.08247 -1.42223 
v -33.326 4.08247 -1.34718 
v -33.2744 4.19749 -1.43894 
v -33.3443 4.19749 -1.36092 
v -33.2744 4.79575 -1.43894 
v -33.3443 4.79575 -1.36092 
v -33.2587 4.91077 -1.42223 
v -33.326 4.91077 -1.34718 
v -33.2142 5.00829 -1.37466 
v -33.2739 5.00829 -1.30807 
v -33.1475 5.07345 -1.30347 
v -33.1959 5.07345 -1.24954 
v -33.0689 5.09633 -1.2195 
v -33.0945 5.09633 -1.19232 
v -33.1213 3.89691 -1.15462 
v -33.2342 3.91979 -1.18802 
v -33.3212 3.98494 -1.23213 
v -33.3793 4.08247 -1.2616 
v -33.3997 4.19749 -1.27194 
v -33.3997 4.79575 -1.27194 
v -33.3793 4.91077 -1.2616 
v -33.3212 5.00829 -1.23213 
v -33.2342 5.07345 -1.18802 
v -33.1213 5.09633 -1.15462 
v -33.1454 3.89691 -1.10446 
v -33.2612 3.91979 -1.1208 
v -33.3545 3.98494 -1.14913 
v -33.4169 4.08247 -1.16805 
v -33.4388 4.19749 -1.1747 
v -33.4388 4.79575 -1.1747 
v -33.4169 4.91077 -1.16805 
v -33.3545 5.00829 -1.14913 
v -33.2612 5.07345 -1.12081 
v -33.1454 5.09633 -1.10447 
v -33.161 3.89691 -1.04308 
v -33.2761 3.91979 -1.04991 
v -33.3729 3.98494 -1.0616 
v -33.4376 4.08247 -1.06941 
v -33.4603 4.1975 -1.07216 
v -33.4603 4.79575 -1.07216 
v -33.4376 4.91077 -1.06942 
v -33.3729 5.00829 -1.0616 
v -33.2761 5.07345 -1.04991 
v -33.161 5.09633 -1.04308 
v -33.1632 3.89691 -0.976727 
v -33.2785 3.91979 -0.977496 
v -33.3759 3.98494 -0.972207 
v -33.4409 4.08247 -0.968667 
v -33.4638 4.1975 -0.967427 
v -33.4638 4.79575 -0.967427 
v -33.4409 4.91077 -0.968667 
v -33.3759 5.00829 -0.972207 
v -33.2785 5.07345 -0.977507 
v -33.1632 5.09633 -0.976736 
v -33.1516 3.89691 -0.914461 
v -33.2683 3.91979 -0.905781 
v -33.3633 3.98494 -0.883652 
v -33.4267 4.08247 -0.868873 
v -33.449 4.1975 -0.863684 
v -33.449 4.79575 -0.863684 
v -33.4267 4.91077 -0.868873 
v -33.3633 5.00829 -0.883652 
v -33.2683 5.07345 -0.905781 
v -33.1516 5.09633 -0.914461 
v -33.1309 3.89691 -0.862824 
v -33.2457 3.91979 -0.836925 
v -33.3354 3.98494 -0.798638 
v -33.3954 4.08247 -0.77306 
v -33.4164 4.1975 -0.764081 
v -33.4164 4.79575 -0.764081 
v -33.3954 4.91077 -0.77307 
v -33.3354 5.00829 -0.798648 
v -33.2457 5.07345 -0.836925 
v -33.1309 5.09633 -0.862824 
v -33.1067 3.89691 -0.823437 
v -33.2116 3.91979 -0.77302 
v -33.2933 3.98494 -0.719753 
v -33.3479 4.08247 -0.684156 
v -33.367 4.1975 -0.671657 
v -33.367 4.79575 -0.671657 
v -33.3479 4.91077 -0.684156 
v -33.2933 5.00829 -0.719753 
v -33.2116 5.07345 -0.77302 
v -33.1067 5.09633 -0.823446 
v -33.0829 3.89691 -0.794638 
v -33.1669 3.91979 -0.716024 
v -33.2381 3.98494 -0.649378 
v -33.2857 4.08247 -0.604841 
v -33.3024 4.1975 -0.589202 
v -33.3024 4.79575 -0.589202 
v -33.2857 4.91077 -0.604841 
v -33.2381 5.00829 -0.649378 
v -33.1669 5.07345 -0.716024 
v -33.0829 5.09633 -0.794638 

vn 0.133858 -0.984252 -0.141732 
vn 0.133858 -0.984252 -0.141732 
vn 0.133858 -0.984252 -0.141732 
vn 0 -1 0 
vn 0.228346 -0.92126 -0.307087 
vn 0.275591 -0.92126 -0.259843 
vn 0.519685 -0.708661 -0.480315 
vn 0.425197 -0.708661 -0.566929 
vn 0.677165 -0.385827 -0.629921 
vn 0.551181 -0.385827 -0.740157 
vn 0.732283 0 -0.685039 
vn 0.598425 0 -0.80315 
vn 0.732283 0 -0.685039 
vn 0.598425 0 -0.80315 
vn 0.677165 0.385827 -0.629921 
vn 0.551181 0.385827 -0.740157 
vn 0.519685 0.708661 -0.480315 
vn 0.425197 0.708661 -0.566929 
vn 0.275591 0.92126 -0.259843 
vn 0.228346 0.92126 -0.307087 
vn 0 1 0 
vn 0 1 0 
vn 0 -1 0 
vn 0.173228 -0.92126 -0.338583 
vn 0.322835 -0.708661 -0.629921 
vn 0.417323 -0.385827 -0.826772 
vn 0.448819 0 -0.889764 
vn 0.448819 0 -0.889764 
vn 0.417323 0.385827 -0.826772 
vn 0.322835 0.708661 -0.629921 
vn 0.173228 0.92126 -0.338583 
vn 0 1 0 
vn 0 -1 0 
vn 0.110236 -0.92126 -0.370079 
vn 0.204724 -0.708661 -0.677165 
vn 0.267717 -0.385827 -0.88189 
vn 0.291339 0 -0.96063 
vn 0.291339 0 -0.96063 
vn 0.267717 0.385827 -0.88189 
vn 0.204724 0.708661 -0.677165 
vn 0.110236 0.92126 -0.370079 
vn 0 1 0 
vn 0 -1 0 
vn 0.0472441 -0.92126 -0.377953 
vn 0.0866142 -0.708661 -0.700787 
vn 0.110236 -0.385827 -0.92126 
vn 0.11811 0 -0.992126 
vn 0.11811 0 -0.992126 
vn 0.110236 0.385827 -0.92126 
vn 0.0866142 0.708661 -0.700787 
vn 0.0472441 0.92126 -0.377953 
vn 0 1 0 
vn 0 -1 0 
vn -0.023622 -0.92126 -0.385827 
vn -0.0393701 -0.708661 -0.708661 
vn -0.0472441 -0.385827 -0.92126 
vn -0.0551181 0 -1 
vn -0.0551181 0 -1 
vn -0.0472441 0.385827 -0.92126 
vn -0.0393701 0.708661 -0.708661 
vn -0.023622 0.92126 -0.385827 
vn 0 1 0 
vn 0 -1 0 
vn -0.0866142 -0.92126 -0.370079 
vn -0.15748 -0.708661 -0.685039 
vn -0.212598 -0.385827 -0.897638 
vn -0.228346 0 -0.976378 
vn -0.228346 0 -0.976378 
vn -0.212598 0.385827 -0.897638 
vn -0.15748 0.708661 -0.685039 
vn -0.0866142 0.92126 -0.370079 
vn 0 1 0 
vn 0 -1 0 
vn -0.149606 -0.92126 -0.354331 
vn -0.275591 -0.708661 -0.653543 
vn -0.362205 -0.385827 -0.850394 
vn -0.393701 0 -0.92126 
vn -0.393701 0 -0.92126 
vn -0.362205 0.385827 -0.850394 
vn -0.275591 0.708661 -0.653543 
vn -0.149606 0.92126 -0.354331 
vn 0 1 0 
vn 0 -1 0 
vn -0.212598 -0.92126 -0.322835 
vn -0.385827 -0.708661 -0.590551 
vn -0.503937 -0.385827 -0.771654 
vn -0.543307 0 -0.834646 
vn -0.543307 0 -0.834646 
vn -0.503937 0.385827 -0.771654 
vn -0.385827 0.708661 -0.590551 
vn -0.212598 0.92126 -0.322835 
vn 0 1 0 
vn 0 -1 0 
vn -0.259843 -0.92126 -0.275591 
vn -0.480315 -0.708661 -0.519685 
vn -0.629921 -0.385827 -0.677165 
vn -0.685039 0 -0.732283 
vn -0.685039 0 -0.732283 
vn -0.629921 0.385827 -0.677165 
vn -0.480315 0.708661 -0.519685 
vn -0.259843 0.92126 -0.275591 
vn 0 1 0 
vn 0 1 0 
vn 0 1 0 
vn 0 1 0 
vn 0 1 0 
vn 0 1 0 
vn 0 1 0 
vn 0 1 0 
vn 0 1 0 
vn 0 1 0 
vn 0 1 0 
vn 0 1 0 
vn 0 1 0 
vn 0 1 0 
vn 0 1 0 
vn 0 1 0 
vn 0 1 0 
vn 0 1 0 
vn 0 1 0 
vn 0 1 0 
vn 0 1 0 
vn 0 1 0 
vn 0 1 0 
vn 0 1 0 
vn 0 1 0 
vn 0 1 0 
vn 0 1 0 
vn 0 1 0 
vn 0 1 0 
vn 0 1 0 
vn 0 1 0 
vn 0 1 0 
vn 0 1 0 
vn 0 1 0 
vn 0 1 0 
vn 0 1 0 
vn 0 1 0 
vn 0 1 0 
vn 0.259843 -0.92126 0.275591 
vn 0 -1 0 
vn 0 -1 0 
vn 0.307087 -0.92126 0.228346 
vn 0.480315 -0.708661 0.519685 
vn 0.566929 -0.708661 0.425197 
vn 0.629921 -0.385827 0.677165 
vn 0.740157 -0.385827 0.551181 
vn 0.685039 0 0.732283 
vn 0.80315 0 0.598425 
vn 0.685039 0 0.732283 
vn 0.80315 0 0.598425 
vn 0.629921 0.385827 0.677165 
vn 0.740157 0.385827 0.551181 
vn 0.480315 0.708661 0.519685 
vn 0.566929 0.708661 0.425197 
vn 0.259843 0.92126 0.275591 
vn 0.307087 0.92126 0.228346 
vn 0 1 0 
vn 0 1 0 
vn 0 -1 0 
vn 0.338583 -0.92126 0.173228 
vn 0.629921 -0.708661 0.322835 
vn 0.826772 -0.385827 0.417323 
vn 0.889764 0 0.448819 
vn 0.889764 0 0.448819 
vn 0.826772 0.385827 0.417323 
vn 0.629921 0.708661 0.322835 
vn 0.338583 0.92126 0.173228 
vn 0 1 0 
vn 0 -1 0 
vn 0.370079 -0.92126 0.110236 
vn 0.677165 -0.708661 0.204724 
vn 0.88189 -0.385827 0.267717 
vn 0.96063 0 0.291339 
vn 0.96063 0 0.291339 
vn 0.88189 0.385827 0.267717 
vn 0.677165 0.708661 0.204724 
vn 0.370079 0.92126 0.110236 
vn 0 1 0 
vn 0 -1 0 
vn 0.377953 -0.92126 0.0472441 
vn 0.700787 -0.708661 0.0866142 
vn 0.92126 -0.385827 0.110236 
vn 0.992126 0 0.11811 
vn 0.992126 0 0.11811 
vn 0.92126 0.385827 0.110236 
vn 0.700787 0.708661 0.0866142 
vn 0.377953 0.92126 0.0472441 
vn 0 1 0 
vn 0 -1 0 
vn 0.385827 -0.92126 -0.023622 
vn 0.708661 -0.708661 -0.0393701 
vn 0.92126 -0.385827 -0.0472441 
vn 1 0 -0.0551181 
vn 1 0 -0.0551181 
vn 0.92126 0.385827 -0.0472441 
vn 0.708661 0.708661 -0.0393701 
vn 0.385827 0.92126 -0.023622 
vn 0 1 0 
vn 0 -1 0 
vn 0.370079 -0.92126 -0.0866142 
vn 0.685039 -0.708661 -0.15748 
vn 0.897638 -0.385827 -0.212598 
vn 0.976378 0 -0.228346 
vn 0.976378 0 -0.228346 
vn 0.897638 0.385827 -0.212598 
vn 0.685039 0.708661 -0.15748 
vn 0.370079 0.92126 -0.0866142 
vn 0 1 0 
vn 0 -1 0 
vn 0.354331 -0.92126 -0.149606 
vn 0.653543 -0.708661 -0.275591 
vn 0.850394 -0.385827 -0.362205 
vn 0.92126 0 -0.393701 
vn 0.92126 0 -0.393701 
vn 0.850394 0.385827 -0.362205 
vn 0.653543 0.708661 -0.275591 
vn 0.354331 0.92126 -0.149606 
vn 0 1 0 
vn 0 -1 0 
vn 0.322835 -0.92126 -0.212598 
vn 0.590551 -0.708661 -0.385827 
vn 0.771654 -0.385827 -0.503937 
vn 0.834646 0 -0.543307 
vn 0.834646 0 -0.543307 
vn 0.771654 0.385827 -0.503937 
vn 0.590551 0.708661 -0.385827 
vn 0.322835 0.92126 -0.212598 
vn 0 1 0 
vn 0 -1 0 
vn -0.275591 -0.92126 0.259843 
vn 0 -1 0 
vn 0 -1 0 
vn -0.228346 -0.92126 0.307087 
vn -0.519685 -0.708661 0.480315 
vn -0.425197 -0.708661 0.566929 
vn -0.677165 -0.385827 0.629921 
vn -0.551181 -0.385827 0.740157 
vn -0.732283 0 0.685039 
vn -0.598425 0 0.80315 
vn -0.732283 0 0.685039 
vn -0.598425 0 0.80315 
vn -0.677165 0.385827 0.629921 
vn -0.551181 0.385827 0.740157 
vn -0.519685 0.708661 0.480315 
vn -0.425197 0.708661 0.566929 
vn -0.275591 0.92126 0.259843 
vn -0.228346 0.92126 0.307087 
vn 0 1 0 
vn 0 1 0 
vn 0 -1 0 
vn -0.173228 -0.92126 0.338583 
vn -0.322835 -0.708661 0.629921 
vn -0.417323 -0.385827 0.826772 
vn -0.448819 0 0.889764 
vn -0.448819 0 0.889764 
vn -0.417323 0.385827 0.826772 
vn -0.322835 0.708661 0.629921 
vn -0.173228 0.92126 0.338583 
vn 0 1 0 
vn 0 -1 0 
vn -0.110236 -0.92126 0.370079 
vn -0.204724 -0.708661 0.677165 
vn -0.267717 -0.385827 0.88189 
vn -0.291339 0 0.96063 
vn -0.291339 0 0.96063 
vn -0.267717 0.385827 0.88189 
vn -0.204724 0.708661 0.677165 
vn -0.110236 0.92126 0.370079 
vn 0 1 0 
vn 0 -1 0 
vn -0.0472441 -0.92126 0.377953 
vn -0.0866142 -0.708661 0.700787 
vn -0.110236 -0.385827 0.92126 
vn -0.11811 0 0.992126 
vn -0.11811 0 0.992126 
vn -0.110236 0.385827 0.92126 
vn -0.0866142 0.708661 0.700787 
vn -0.0472441 0.92126 0.377953 
vn 0 1 0 
vn 0 -1 0 
vn 0.023622 -0.92126 0.385827 
vn 0.0393701 -0.708661 0.708661 
vn 0.0472441 -0.385827 0.92126 
vn 0.0551181 0 1 
vn 0.0551181 0 1 
vn 0.0472441 0.385827 0.92126 
vn 0.0393701 0.708661 0.708661 
vn 0.023622 0.92126 0.385827 
vn 0 1 0 
vn 0 -1 0 
vn 0.0866142 -0.92126 0.370079 
vn 0.15748 -0.708661 0.685039 
vn 0.212598 -0.385827 0.897638 
vn 0.228346 0 0.976378 
vn 0.228346 0 0.976378 
vn 0.212598 0.385827 0.897638 
vn 0.15748 0.708661 0.685039 
vn 0.0866142 0.92126 0.370079 
vn 0 1 0 
vn 0 -1 0 
vn 0.149606 -0.92126 0.354331 
vn 0.275591 -0.708661 0.653543 
vn 0.362205 -0.385827 0.850394 
vn 0.393701 0 0.92126 
vn 0.393701 0 0.92126 
vn 0.362205 0.385827 0.850394 
vn 0.275591 0.708661 0.653543 
vn 0.149606 0.92126 0.354331 
vn 0 1 0 
vn 0 -1 0 
vn 0.212598 -0.92126 0.322835 
vn 0.385827 -0.708661 0.590551 
vn 0.503937 -0.385827 0.771654 
vn 0.543307 0 0.834646 
vn 0.543307 0 0.834646 
vn 0.503937 0.385827 0.771654 
vn 0.385827 0.708661 0.590551 
vn 0.212598 0.92126 0.322835 
vn 0 1 0 
vn 0 -1 0 
vn 0 -1 0 
vn 0 -1 0 
vn 0 -1 0 
vn 0 -1 0 
vn 0 -1 0 
vn 0 -1 0 
vn 0 -1 0 
vn 0 -1 0 
vn 0 -1 0 
vn 0 -1 0 
vn 0 -1 0 
vn 0 -1 0 
vn 0 -1 0 
vn 0 -1 0 
vn 0 -1 0 
vn 0 -1 0 
vn 0 -1 0 
vn 0 -1 0 
vn 0 -1 0 
vn 0 -1 0 
vn 0 -1 0 
vn 0 -1 0 
vn 0 -1 0 
vn 0 -1 0 
vn 0 -1 0 
vn 0 -1 0 
vn 0 -1 0 
vn 0 -1 0 
vn 0 -1 0 
vn 0 -1 0 
vn 0 -1 0 
vn 0 -1 0 
vn 0 -1 0 
vn 0 -1 0 
vn 0 -1 0 
vn 0 -1 0 
vn 0 -1 0 
vn 0 -1 0 
vn 0 -1 0 
vn 0 -1 0 
vn 0 -1 0 
vn 0 -1 0 
vn 0 -1 0 
vn 0 -1 0 
vn 0 -1 0 
vn 0 -1 0 
vn 0 -1 0 
vn 0 -1 0 
vn 0 -1 0 
vn 0 -1 0 
vn 0 -1 0 
vn 0 -1 0 
vn 0 -1 0 
vn 0 -1 0 
vn 0 -1 0 
vn 0 -1 0 
vn 0 -1 0 
vn 0 -1 0 
vn 0 -1 0 
vn 0 -1 0 
vn 0 -1 0 
vn 0 -1 0 
vn 0 -1 0 
vn 0 -1 0 
vn 0 -1 0 
vn 0 -1 0 
vn 0 -1 0 
vn 0 -1 0 
vn 0 -1 0 
vn 0 -1 0 
vn 0 -1 0 
vn 0 -1 0 
vn 0 -1 0 
vn 0 -1 0 
vn 0 -1 0 
vn 0 -1 0 
vn 0 -1 0 
vn 0 -1 0 
vn 0 -1 0 
vn 0 -1 0 
vn 0 -1 0 
vn 0 -1 0 
vn 0 -1 0 
vn 0 -1 0 
vn 0 -1 0 
vn 0 -1 0 
vn 0 -1 0 
vn 0 -1 0 
vn 0 -1 0 
vn 0 -1 0 
vn 0 -1 0 
vn 0 -1 0 
vn 0 -1 0 
vn 0 -1 0 
vn 0 -1 0 
vn 0 -1 0 
vn 0 -1 0 
vn 0 -1 0 
vn 0 -1 0 
vn -0.259843 -0.92126 -0.275591 
vn 0 -1 0 
vn 0 -1 0 
vn -0.307087 -0.92126 -0.228346 
vn -0.480315 -0.708661 -0.519685 
vn -0.566929 -0.708661 -0.425197 
vn -0.629921 -0.385827 -0.677165 
vn -0.740157 -0.385827 -0.551181 
vn -0.685039 0 -0.732283 
vn -0.80315 0 -0.598425 
vn -0.685039 0 -0.732283 
vn -0.80315 0 -0.598425 
vn -0.629921 0.385827 -0.677165 
vn -0.740157 0.385827 -0.551181 
vn -0.480315 0.708661 -0.519685 
vn -0.566929 0.708661 -0.425197 
vn -0.259843 0.92126 -0.275591 
vn -0.307087 0.92126 -0.228346 
vn 0 1 0 
vn 0 1 0 
vn 0 -1 0 
vn -0.338583 -0.92126 -0.173228 
vn -0.629921 -0.708661 -0.322835 
vn -0.826772 -0.385827 -0.417323 
vn -0.889764 0 -0.448819 
vn -0.889764 0 -0.448819 
vn -0.826772 0.385827 -0.417323 
vn -0.629921 0.708661 -0.322835 
vn -0.338583 0.92126 -0.173228 
vn 0 1 0 
vn 0 -1 0 
vn -0.370079 -0.92126 -0.110236 
vn -0.677165 -0.708661 -0.204724 
vn -0.88189 -0.385827 -0.267717 
vn -0.96063 0 -0.291339 
vn -0.96063 0 -0.291339 
vn -0.88189 0.385827 -0.267717 
vn -0.677165 0.708661 -0.204724 
vn -0.370079 0.92126 -0.110236 
vn 0 1 0 
vn 0 -1 0 
vn -0.377953 -0.92126 -0.0472441 
vn -0.700787 -0.708661 -0.0866142 
vn -0.92126 -0.385827 -0.110236 
vn -0.992126 0 -0.11811 
vn -0.992126 0 -0.11811 
vn -0.92126 0.385827 -0.110236 
vn -0.700787 0.708661 -0.0866142 
vn -0.377953 0.92126 -0.0472441 
vn 0 1 0 
vn 0 -1 0 
vn -0.385827 -0.92126 0.023622 
vn -0.708661 -0.708661 0.0393701 
vn -0.92126 -0.385827 0.0472441 
vn -1 0 0.0551181 
vn -1 0 0.0551181 
vn -0.92126 0.385827 0.0472441 
vn -0.708661 0.708661 0.0393701 
vn -0.385827 0.92126 0.023622 
vn 0 1 0 
vn 0 -1 0 
vn -0.370079 -0.92126 0.0866142 
vn -0.685039 -0.708661 0.15748 
vn -0.897638 -0.385827 0.212598 
vn -0.976378 0 0.228346 
vn -0.976378 0 0.228346 
vn -0.897638 0.385827 0.212598 
vn -0.685039 0.708661 0.15748 
vn -0.370079 0.92126 0.0866142 
vn 0 1 0 
vn 0 -1 0 
vn -0.354331 -0.92126 0.149606 
vn -0.653543 -0.708661 0.275591 
vn -0.850394 -0.385827 0.362205 
vn -0.92126 0 0.393701 
vn -0.92126 0 0.393701 
vn -0.850394 0.385827 0.362205 
vn -0.653543 0.708661 0.275591 
vn -0.354331 0.92126 0.149606 
vn 0 1 0 
vn 0 -1 0 
vn -0.322835 -0.92126 0.212598 
vn -0.590551 -0.708661 0.385827 
vn -0.771654 -0.385827 0.503937 
vn -0.834646 0 0.543307 
vn -0.834646 0 0.543307 
vn -0.771654 0.385827 0.503937 
vn -0.590551 0.708661 0.385827 
vn -0.322835 0.92126 0.212598 
vn 0 1 0 
vn 0 -1 0 
vn -0.275591 -0.92126 0.259843 
vn -0.519685 -0.708661 0.480315 
vn -0.677165 -0.385827 0.629921 
vn -0.732283 0 0.685039 
vn -0.732283 0 0.685039 
vn -0.677165 0.385827 0.629921 
vn -0.519685 0.708661 0.480315 
vn -0.275591 0.92126 0.259843 
vn 0 1 0 

vt 0.236328 0.732422 
vt 0.236328 0.732422 
vt 0.236328 0.732422 
vt 0.236328 0.732422 
vt 0.236328 0.732422 
vt 0.236328 0.732422 
vt 0.236328 0.732422 
vt 0.236328 0.732422 
vt 0.236328 0.732422 
vt 0.236328 0.732422 
vt 0.236328 0.732422 
vt 0.236328 0.732422 
vt 0.236328 0.732422 
vt 0.236328 0.732422 
vt 0.236328 0.732422 
vt 0.236328 0.732422 
vt 0.236328 0.732422 
vt 0.236328 0.732422 
vt 0.236328 0.732422 
vt 0.236328 0.732422 
vt 0.236328 0.732422 
vt 0.236328 0.732422 
vt 0.236328 0.732422 
vt 0.236328 0.732422 
vt 0.236328 0.732422 
vt 0.236328 0.732422 
vt 0.236328 0.732422 
vt 0.236328 0.732422 
vt 0.236328 0.732422 
vt 0.236328 0.732422 
vt 0.236328 0.732422 
vt 0.236328 0.732422 
vt 0.236328 0.732422 
vt 0.236328 0.732422 
vt 0.236328 0.732422 
vt 0.236328 0.732422 
vt 0.236328 0.732422 
vt 0.236328 0.732422 
vt 0.236328 0.732422 
vt 0.236328 0.732422 
vt 0.236328 0.732422 
vt 0.236328 0.732422 
vt 0.236328 0.732422 
vt 0.236328 0.732422 
vt 0.236328 0.732422 
vt 0.236328 0.732422 
vt 0.236328 0.732422 
vt 0.236328 0.732422 
vt 0.236328 0.732422 
vt 0.236328 0.732422 
vt 0.236328 0.732422 
vt 0.236328 0.732422 
vt 0.236328 0.732422 
vt 0.236328 0.732422 
vt 0.236328 0.732422 
vt 0.236328 0.732422 
vt 0.236328 0.732422 
vt 0.236328 0.732422 
vt 0.236328 0.732422 
vt 0.236328 0.732422 
vt 0.236328 0.732422 
vt 0.236328 0.732422 
vt 0.236328 0.732422 
vt 0.236328 0.732422 
vt 0.236328 0.732422 
vt 0.236328 0.732422 
vt 0.236328 0.732422 
vt 0.236328 0.732422 
vt 0.236328 0.732422 
vt 0.236328 0.732422 
vt 0.236328 0.732422 
vt 0.236328 0.732422 
vt 0.236328 0.732422 
vt 0.236328 0.732422 
vt 0.236328 0.732422 
vt 0.236328 0.732422 
vt 0.236328 0.732422 
vt 0.236328 0.732422 
vt 0.236328 0.732422 
vt 0.236328 0.732422 
vt 0.236328 0.732422 
vt 0.236328 0.732422 
vt 0.236328 0.732422 
vt 0.236328 0.732422 
vt 0.236328 0.732422 
vt 0.236328 0.732422 
vt 0.236328 0.732422 
vt 0.236328 0.732422 
vt 0.236328 0.732422 
vt 0.236328 0.732422 
vt 0.236328 0.732422 
vt 0.236328 0.732422 
vt 0.236328 0.732422 
vt 0.236328 0.732422 
vt 0.236328 0.732422 
vt 0.236328 0.732422 
vt 0.236328 0.732422 
vt 0.236328 0.732422 
vt 0.236328 0.732422 
vt 0.236328 0.732422 
vt 0.236328 0.732422 
vt 0.236328 0.732422 
vt 0.236328 0.732422 
vt 0.236328 0.732422 
vt 0.236328 0.732422 
vt 0.236328 0.732422 
vt 0.236328 0.732422 
vt 0.236328 0.732422 
vt 0.236328 0.732422 
vt 0.236328 0.732422 
vt 0.236328 0.732422 
vt 0.236328 0.732422 
vt 0.236328 0.732422 
vt 0.236328 0.732422 
vt 0.236328 0.732422 
vt 0.236328 0.732422 
vt 0.236328 0.732422 
vt 0.236328 0.732422 
vt 0.236328 0.732422 
vt 0.236328 0.732422 
vt 0.236328 0.732422 
vt 0.236328 0.732422 
vt 0.236328 0.732422 
vt 0.236328 0.732422 
vt 0.236328 0.732422 
vt 0.236328 0.732422 
vt 0.236328 0.732422 
vt 0.236328 0.732422 
vt 0.236328 0.732422 
vt 0.236328 0.732422 
vt 0.236328 0.732422 
vt 0.236328 0.732422 
vt 0.236328 0.732422 
vt 0.236328 0.732422 
vt 0.236328 0.732422 
vt 0.236328 0.732422 
vt 0.236328 0.732422 
vt 0.236328 0.732422 
vt 0.236328 0.732422 
vt 0.236328 0.732422 
vt 0.236328 0.732422 
vt 0.236328 0.732422 
vt 0.236328 0.732422 
vt 0.236328 0.732422 
vt 0.236328 0.732422 
vt 0.236328 0.732422 
vt 0.236328 0.732422 
vt 0.236328 0.732422 
vt 0.236328 0.732422 
vt 0.236328 0.732422 
vt 0.236328 0.732422 
vt 0.236328 0.732422 
vt 0.236328 0.732422 
vt 0.236328 0.732422 
vt 0.236328 0.732422 
vt 0.236328 0.732422 
vt 0.236328 0.732422 
vt 0.236328 0.732422 
vt 0.236328 0.732422 
vt 0.236328 0.732422 
vt 0.236328 0.732422 
vt 0.236328 0.732422 
vt 0.236328 0.732422 
vt 0.236328 0.732422 
vt 0.236328 0.732422 
vt 0.236328 0.732422 
vt 0.236328 0.732422 
vt 0.236328 0.732422 
vt 0.236328 0.732422 
vt 0.236328 0.732422 
vt 0.236328 0.732422 
vt 0.236328 0.732422 
vt 0.236328 0.732422 
vt 0.236328 0.732422 
vt 0.236328 0.732422 
vt 0.236328 0.732422 
vt 0.236328 0.732422 
vt 0.236328 0.732422 
vt 0.236328 0.732422 
vt 0.236328 0.732422 
vt 0.236328 0.732422 
vt 0.236328 0.732422 
vt 0.236328 0.732422 
vt 0.236328 0.732422 
vt 0.236328 0.732422 
vt 0.236328 0.732422 
vt 0.236328 0.732422 
vt 0.236328 0.732422 
vt 0.236328 0.732422 
vt 0.236328 0.732422 
vt 0.236328 0.732422 
vt 0.236328 0.732422 
vt 0.236328 0.732422 
vt 0.236328 0.732422 
vt 0.236328 0.732422 
vt 0.236328 0.732422 
vt 0.236328 0.732422 
vt 0.236328 0.732422 
vt 0.236328 0.732422 
vt 0.236328 0.732422 
vt 0.236328 0.732422 
vt 0.236328 0.732422 
vt 0.236328 0.732422 
vt 0.236328 0.732422 
vt 0.236328 0.732422 
vt 0.236328 0.732422 
vt 0.236328 0.732422 
vt 0.236328 0.732422 
vt 0.236328 0.732422 
vt 0.236328 0.732422 
vt 0.236328 0.732422 
vt 0.236328 0.732422 
vt 0.236328 0.732422 
vt 0.236328 0.732422 
vt 0.236328 0.732422 
vt 0.236328 0.732422 
vt 0.236328 0.732422 
vt 0.236328 0.732422 
vt 0.236328 0.732422 
vt 0.236328 0.732422 
vt 0.236328 0.732422 
vt 0.236328 0.732422 
vt 0.236328 0.732422 
vt 0.236328 0.732422 
vt 0.236328 0.732422 
vt 0.236328 0.732422 
vt 0.236328 0.732422 
vt 0.236328 0.732422 
vt 0.236328 0.732422 
vt 0.236328 0.732422 
vt 0.236328 0.732422 
vt 0.236328 0.732422 
vt 0.236328 0.732422 
vt 0.236328 0.732422 
vt 0.236328 0.732422 
vt 0.236328 0.732422 
vt 0.236328 0.732422 
vt 0.236328 0.732422 
vt 0.236328 0.732422 
vt 0.236328 0.732422 
vt 0.236328 0.732422 
vt 0.236328 0.732422 
vt 0.236328 0.732422 
vt 0.236328 0.732422 
vt 0.236328 0.732422 
vt 0.236328 0.732422 
vt 0.236328 0.732422 
vt 0.236328 0.732422 
vt 0.236328 0.732422 
vt 0.236328 0.732422 
vt 0.236328 0.732422 
vt 0.236328 0.732422 
vt 0.236328 0.732422 
vt 0.236328 0.732422 
vt 0.236328 0.732422 
vt 0.236328 0.732422 
vt 0.236328 0.732422 
vt 0.236328 0.732422 
vt 0.236328 0.732422 
vt 0.236328 0.732422 
vt 0.236328 0.732422 
vt 0.236328 0.732422 
vt 0.236328 0.732422 
vt 0.236328 0.732422 
vt 0.236328 0.732422 
vt 0.236328 0.732422 
vt 0.236328 0.732422 
vt 0.236328 0.732422 
vt 0.236328 0.732422 
vt 0.236328 0.732422 
vt 0.236328 0.732422 
vt 0.236328 0.732422 
vt 0.236328 0.732422 
vt 0.236328 0.732422 
vt 0.236328 0.732422 
vt 0.236328 0.732422 
vt 0.236328 0.732422 
vt 0.236328 0.732422 
vt 0.236328 0.732422 
vt 0.236328 0.732422 
vt 0.236328 0.732422 
vt 0.236328 0.732422 
vt 0.236328 0.732422 
vt 0.236328 0.732422 
vt 0.236328 0.732422 
vt 0.236328 0.732422 
vt 0.236328 0.732422 
vt 0.236328 0.732422 
vt 0.236328 0.732422 
vt 0.236328 0.732422 
vt 0.236328 0.732422 
vt 0.236328 0.732422 
vt 0.236328 0.732422 
vt 0.236328 0.732422 
vt 0.236328 0.732422 
vt 0.236328 0.732422 
vt 0.236328 0.732422 
vt 0.236328 0.732422 
vt 0.236328 0.732422 
vt 0.236328 0.732422 
vt 0.236328 0.732422 
vt 0.236328 0.732422 
vt 0.236328 0.732422 
vt 0.236328 0.732422 
vt 0.236328 0.732422 
vt 0.236328 0.732422 
vt 0.236328 0.732422 
vt 0.236328 0.732422 
vt 0.236328 0.732422 
vt 0.236328 0.732422 
vt 0.236328 0.732422 
vt 0.236328 0.732422 
vt 0.236328 0.732422 
vt 0.236328 0.732422 
vt 0.236328 0.732422 
vt 0.236328 0.732422 
vt 0.236328 0.732422 
vt 0.236328 0.732422 
vt 0.236328 0.732422 
vt 0.236328 0.732422 
vt 0.236328 0.732422 
vt 0.236328 0.732422 
vt 0.236328 0.732422 
vt 0.236328 0.732422 
vt 0.236328 0.732422 
vt 0.236328 0.732422 
vt 0.236328 0.732422 
vt 0.236328 0.732422 
vt 0.236328 0.732422 
vt 0.236328 0.732422 
vt 0.236328 0.732422 
vt 0.236328 0.732422 
vt 0.236328 0.732422 
vt 0.236328 0.732422 
vt 0.236328 0.732422 
vt 0.236328 0.732422 
vt 0.236328 0.732422 
vt 0.236328 0.732422 
vt 0.236328 0.732422 
vt 0.236328 0.732422 
vt 0.236328 0.732422 
vt 0.236328 0.732422 
vt 0.236328 0.732422 
vt 0.236328 0.732422 
vt 0.236328 0.732422 
vt 0.236328 0.732422 
vt 0.236328 0.732422 
vt 0.236328 0.732422 
vt 0.236328 0.732422 
vt 0.236328 0.732422 
vt 0.236328 0.732422 
vt 0.236328 0.732422 
vt 0.236328 0.732422 
vt 0.236328 0.732422 
vt 0.236328 0.732422 
vt 0.236328 0.732422 
vt 0.236328 0.732422 
vt 0.236328 0.732422 
vt 0.236328 0.732422 
vt 0.236328 0.732422 
vt 0.236328 0.732422 
vt 0.236328 0.732422 
vt 0.236328 0.732422 
vt 0.236328 0.732422 
vt 0.236328 0.732422 
vt 0.236328 0.732422 
vt 0.236328 0.732422 
vt 0.236328 0.732422 
vt 0.236328 0.732422 
vt 0.236328 0.732422 
vt 0.236328 0.732422 
vt 0.236328 0.732422 
vt 0.236328 0.732422 
vt 0.236328 0.732422 
vt 0.236328 0.732422 
vt 0.236328 0.732422 
vt 0.236328 0.732422 
vt 0.236328 0.732422 
vt 0.236328 0.732422 
vt 0.236328 0.732422 
vt 0.236328 0.732422 
vt 0.236328 0.732422 
vt 0.236328 0.732422 
vt 0.236328 0.732422 
vt 0.236328 0.732422 
vt 0.236328 0.732422 
vt 0.236328 0.732422 
vt 0.236328 0.732422 
vt 0.236328 0.732422 
vt 0.236328 0.732422 
vt 0.236328 0.732422 
vt 0.236328 0.732422 
vt 0.236328 0.732422 
vt 0.236328 0.732422 
vt 0.236328 0.732422 
vt 0.236328 0.732422 
vt 0.236328 0.732422 
vt 0.236328 0.732422 
vt 0.236328 0.732422 
vt 0.236328 0.732422 
vt 0.236328 0.732422 
vt 0.236328 0.732422 
vt 0.236328 0.732422 
vt 0.236328 0.732422 
vt 0.236328 0.732422 
vt 0.236328 0.732422 
vt 0.236328 0.732422 
vt 0.236328 0.732422 
vt 0.236328 0.732422 
vt 0.236328 0.732422 
vt 0.236328 0.732422 
vt 0.236328 0.732422 
vt 0.236328 0.732422 
vt 0.236328 0.732422 
vt 0.236328 0.732422 
vt 0.236328 0.732422 
vt 0.236328 0.732422 
vt 0.236328 0.732422 
vt 0.236328 0.732422 
vt 0.236328 0.732422 
vt 0.299223 0.452692 
vt 0.315871 0.447266 
vt 0.324087 0.447266 
vt 0.310582 0.452692 
vt 0.28511 0.468146 
vt 0.299134 0.468146 
vt 0.275679 0.491274 
vt 0.291484 0.491274 
vt 0.272368 0.518555 
vt 0.288798 0.518555 
vt 0.272368 0.661133 
vt 0.288798 0.661133 
vt 0.275679 0.688414 
vt 0.291484 0.688414 
vt 0.28511 0.711542 
vt 0.299134 0.711542 
vt 0.299223 0.726995 
vt 0.310582 0.726995 
vt 0.315871 0.732422 
vt 0.324087 0.732422 
vt 0.333374 0.447266 
vt 0.323424 0.452692 
vt 0.314989 0.468146 
vt 0.309352 0.491274 
vt 0.307373 0.518555 
vt 0.307373 0.661133 
vt 0.309352 0.688414 
vt 0.314989 0.711542 
vt 0.323424 0.726995 
vt 0.333374 0.732422 
vt 0.343451 0.447266 
vt 0.337358 0.452692 
vt 0.332192 0.468146 
vt 0.32874 0.491274 
vt 0.327528 0.518555 
vt 0.327528 0.661133 
vt 0.32874 0.688414 
vt 0.332192 0.711542 
vt 0.337358 0.726995 
vt 0.343451 0.732422 
vt 0.354013 0.447266 
vt 0.351961 0.452692 
vt 0.350221 0.468146 
vt 0.349059 0.491274 
vt 0.348651 0.518555 
vt 0.348651 0.661133 
vt 0.349059 0.688414 
vt 0.350221 0.711542 
vt 0.351961 0.726995 
vt 0.354013 0.732422 
vt 0.364737 0.447266 
vt 0.366789 0.452692 
vt 0.368529 0.468146 
vt 0.369691 0.491274 
vt 0.370099 0.518555 
vt 0.370099 0.661133 
vt 0.369691 0.688414 
vt 0.368529 0.711542 
vt 0.366789 0.726995 
vt 0.364737 0.732422 
vt 0.375299 0.447266 
vt 0.381392 0.452692 
vt 0.386558 0.468146 
vt 0.39001 0.491274 
vt 0.391222 0.518555 
vt 0.391222 0.661133 
vt 0.39001 0.688414 
vt 0.386558 0.711542 
vt 0.381392 0.726995 
vt 0.375299 0.732422 
vt 0.385376 0.447266 
vt 0.395326 0.452692 
vt 0.403761 0.468146 
vt 0.409398 0.491274 
vt 0.411377 0.518555 
vt 0.411377 0.661133 
vt 0.409398 0.688414 
vt 0.403761 0.711542 
vt 0.395326 0.726995 
vt 0.385376 0.732422 
vt 0.394663 0.447266 
vt 0.408168 0.452692 
vt 0.419616 0.468146 
vt 0.427266 0.491274 
vt 0.429952 0.518555 
vt 0.429952 0.661133 
vt 0.427266 0.688414 
vt 0.419616 0.711542 
vt 0.408168 0.726995 
vt 0.394663 0.732422 
vt 0.402879 0.447266 
vt 0.419527 0.452692 
vt 0.43364 0.468146 
vt 0.443071 0.491274 
vt 0.446382 0.518555 
vt 0.446382 0.661133 
vt 0.443071 0.688414 
vt 0.43364 0.711542 
vt 0.419527 0.726995 
vt 0.402879 0.732422 

usemtl 2Mtl

f 155/155/155 156/156/156 157/157/157 
f 158/158/158 159/159/159 160/160/160 
f 161/161/161 160/160/160 159/159/159 
f 159/159/159 162/162/162 161/161/161 
f 163/163/163 161/161/161 162/162/162 
f 162/162/162 164/164/164 163/163/163 
f 165/165/165 163/163/163 164/164/164 
f 164/164/164 166/166/166 165/165/165 
f 167/167/167 165/165/165 166/166/166 
f 166/166/166 168/168/168 167/167/167 
f 169/169/169 167/167/167 168/168/168 
f 168/168/168 170/170/170 169/169/169 
f 171/171/171 169/169/169 170/170/170 
f 170/170/170 172/172/172 171/171/171 
f 173/173/173 171/171/171 172/172/172 
f 172/172/172 174/174/174 173/173/173 
f 175/175/175 173/173/173 174/174/174 
f 174/174/174 176/176/176 175/175/175 
f 159/159/159 158/158/158 177/177/177 
f 177/177/177 178/178/178 159/159/159 
f 162/162/162 159/159/159 178/178/178 
f 178/178/178 179/179/179 162/162/162 
f 164/164/164 162/162/162 179/179/179 
f 179/179/179 180/180/180 164/164/164 
f 166/166/166 164/164/164 180/180/180 
f 180/180/180 181/181/181 166/166/166 
f 168/168/168 166/166/166 181/181/181 
f 181/181/181 182/182/182 168/168/168 
f 170/170/170 168/168/168 182/182/182 
f 182/182/182 183/183/183 170/170/170 
f 172/172/172 170/170/170 183/183/183 
f 183/183/183 184/184/184 172/172/172 
f 174/174/174 172/172/172 184/184/184 
f 184/184/184 185/185/185 174/174/174 
f 176/176/176 174/174/174 185/185/185 
f 185/185/185 186/186/186 176/176/176 
f 178/178/178 177/177/177 187/187/187 
f 187/187/187 188/188/188 178/178/178 
f 179/179/179 178/178/178 188/188/188 
f 188/188/188 189/189/189 179/179/179 
f 180/180/180 179/179/179 189/189/189 
f 189/189/189 190/190/190 180/180/180 
f 181/181/181 180/180/180 190/190/190 
f 190/190/190 191/191/191 181/181/181 
f 182/182/182 181/181/181 191/191/191 
f 191/191/191 192/192/192 182/182/182 
f 183/183/183 182/182/182 192/192/192 
f 192/192/192 193/193/193 183/183/183 
f 184/184/184 183/183/183 193/193/193 
f 193/193/193 194/194/194 184/184/184 
f 185/185/185 184/184/184 194/194/194 
f 194/194/194 195/195/195 185/185/185 
f 186/186/186 185/185/185 195/195/195 
f 195/195/195 196/196/196 186/186/186 
f 188/188/188 187/187/187 197/197/197 
f 197/197/197 198/198/198 188/188/188 
f 189/189/189 188/188/188 198/198/198 
f 198/198/198 199/199/199 189/189/189 
f 190/190/190 189/189/189 199/199/199 
f 199/199/199 200/200/200 190/190/190 
f 191/191/191 190/190/190 200/200/200 
f 200/200/200 201/201/201 191/191/191 
f 192/192/192 191/191/191 201/201/201 
f 201/201/201 202/202/202 192/192/192 
f 193/193/193 192/192/192 202/202/202 
f 202/202/202 203/203/203 193/193/193 
f 194/194/194 193/193/193 203/203/203 
f 203/203/203 204/204/204 194/194/194 
f 195/195/195 194/194/194 204/204/204 
f 204/204/204 205/205/205 195/195/195 
f 196/196/196 195/195/195 205/205/205 
f 205/205/205 206/206/206 196/196/196 
f 198/198/198 197/197/197 207/207/207 
f 207/207/207 208/208/208 198/198/198 
f 199/199/199 198/198/198 208/208/208 
f 208/208/208 209/209/209 199/199/199 
f 200/200/200 199/199/199 209/209/209 
f 209/209/209 210/210/210 200/200/200 
f 201/201/201 200/200/200 210/210/210 
f 210/210/210 211/211/211 201/201/201 
f 202/202/202 201/201/201 211/211/211 
f 211/211/211 212/212/212 202/202/202 
f 203/203/203 202/202/202 212/212/212 
f 212/212/212 213/213/213 203/203/203 
f 204/204/204 203/203/203 213/213/213 
f 213/213/213 214/214/214 204/204/204 
f 205/205/205 204/204/204 214/214/214 
f 214/214/214 215/215/215 205/205/205 
f 206/206/206 205/205/205 215/215/215 
f 215/215/215 216/216/216 206/206/206 
f 208/208/208 207/207/207 217/217/217 
f 217/217/217 218/218/218 208/208/208 
f 209/209/209 208/208/208 218/218/218 
f 218/218/218 219/219/219 209/209/209 
f 210/210/210 209/209/209 219/219/219 
f 219/219/219 220/220/220 210/210/210 
f 211/211/211 210/210/210 220/220/220 
f 220/220/220 221/221/221 211/211/211 
f 212/212/212 211/211/211 221/221/221 
f 221/221/221 222/222/222 212/212/212 
f 213/213/213 212/212/212 222/222/222 
f 222/222/222 223/223/223 213/213/213 
f 214/214/214 213/213/213 223/223/223 
f 223/223/223 224/224/224 214/214/214 
f 215/215/215 214/214/214 224/224/224 
f 224/224/224 225/225/225 215/215/215 
f 216/216/216 215/215/215 225/225/225 
f 225/225/225 226/226/226 216/216/216 
f 218/218/218 217/217/217 227/227/227 
f 227/227/227 228/228/228 218/218/218 
f 219/219/219 218/218/218 228/228/228 
f 228/228/228 229/229/229 219/219/219 
f 220/220/220 219/219/219 229/229/229 
f 229/229/229 230/230/230 220/220/220 
f 221/221/221 220/220/220 230/230/230 
f 230/230/230 231/231/231 221/221/221 
f 222/222/222 221/221/221 231/231/231 
f 231/231/231 232/232/232 222/222/222 
f 223/223/223 222/222/222 232/232/232 
f 232/232/232 233/233/233 223/223/223 
f 224/224/224 223/223/223 233/233/233 
f 233/233/233 234/234/234 224/224/224 
f 225/225/225 224/224/224 234/234/234 
f 234/234/234 235/235/235 225/225/225 
f 226/226/226 225/225/225 235/235/235 
f 235/235/235 236/236/236 226/226/226 
f 228/228/228 227/227/227 237/237/237 
f 237/237/237 238/238/238 228/228/228 
f 229/229/229 228/228/228 238/238/238 
f 238/238/238 239/239/239 229/229/229 
f 230/230/230 229/229/229 239/239/239 
f 239/239/239 240/240/240 230/230/230 
f 231/231/231 230/230/230 240/240/240 
f 240/240/240 241/241/241 231/231/231 
f 232/232/232 231/231/231 241/241/241 
f 241/241/241 242/242/242 232/232/232 
f 233/233/233 232/232/232 242/242/242 
f 242/242/242 243/243/243 233/233/233 
f 234/234/234 233/233/233 243/243/243 
f 243/243/243 244/244/244 234/234/234 
f 235/235/235 234/234/234 244/244/244 
f 244/244/244 245/245/245 235/235/235 
f 236/236/236 235/235/235 245/245/245 
f 245/245/245 246/246/246 236/236/236 
f 238/238/238 237/237/237 247/247/247 
f 247/247/247 248/248/248 238/238/238 
f 239/239/239 238/238/238 248/248/248 
f 248/248/248 249/249/249 239/239/239 
f 240/240/240 239/239/239 249/249/249 
f 249/249/249 250/250/250 240/240/240 
f 241/241/241 240/240/240 250/250/250 
f 250/250/250 251/251/251 241/241/241 
f 242/242/242 241/241/241 251/251/251 
f 251/251/251 252/252/252 242/242/242 
f 243/243/243 242/242/242 252/252/252 
f 252/252/252 253/253/253 243/243/243 
f 244/244/244 243/243/243 253/253/253 
f 253/253/253 254/254/254 244/244/244 
f 245/245/245 244/244/244 254/254/254 
f 254/254/254 255/255/255 245/245/245 
f 246/246/246 245/245/245 255/255/255 
f 255/255/255 256/256/256 246/246/246 
f 257/257/257 258/258/258 259/259/259 
f 257/257/257 259/259/259 260/260/260 
f 257/257/257 260/260/260 261/261/261 
f 257/257/257 261/261/261 262/262/262 
f 257/257/257 262/262/262 263/263/263 
f 257/257/257 263/263/263 264/264/264 
f 257/257/257 264/264/264 265/265/265 
f 257/257/257 265/265/265 266/266/266 
f 257/257/257 266/266/266 267/267/267 
f 257/257/257 267/267/267 268/268/268 
f 257/257/257 268/268/268 269/269/269 
f 257/257/257 269/269/269 270/270/270 
f 257/257/257 270/270/270 271/271/271 
f 257/257/257 271/271/271 272/272/272 
f 257/257/257 272/272/272 273/273/273 
f 257/257/257 273/273/273 274/274/274 
f 257/257/257 274/274/274 275/275/275 
f 257/257/257 275/275/275 276/276/276 
f 257/257/257 276/276/276 277/277/277 
f 257/257/257 277/277/277 278/278/278 
f 257/257/257 278/278/278 279/279/279 
f 257/257/257 279/279/279 280/280/280 
f 257/257/257 280/280/280 281/281/281 
f 257/257/257 281/281/281 282/282/282 
f 257/257/257 282/282/282 283/283/283 
f 257/257/257 283/283/283 284/284/284 
f 257/257/257 284/284/284 285/285/285 
f 257/257/257 285/285/285 286/286/286 
f 257/257/257 286/286/286 287/287/287 
f 257/257/257 287/287/287 288/288/288 
f 257/257/257 288/288/288 289/289/289 
f 257/257/257 289/289/289 290/290/290 
f 257/257/257 290/290/290 291/291/291 
f 257/257/257 291/291/291 292/292/292 
f 257/257/257 292/292/292 293/293/293 
f 257/257/257 293/293/293 258/258/258 
f 294/294/294 295/295/295 296/296/296 
f 296/296/296 297/297/297 294/294/294 
f 298/298/298 294/294/294 297/297/297 
f 297/297/297 299/299/299 298/298/298 
f 300/300/300 298/298/298 299/299/299 
f 299/299/299 301/301/301 300/300/300 
f 302/302/302 300/300/300 301/301/301 
f 301/301/301 303/303/303 302/302/302 
f 304/304/304 302/302/302 303/303/303 
f 303/303/303 305/305/305 304/304/304 
f 306/306/306 304/304/304 305/305/305 
f 305/305/305 307/307/307 306/306/306 
f 308/308/308 306/306/306 307/307/307 
f 307/307/307 309/309/309 308/308/308 
f 310/310/310 308/308/308 309/309/309 
f 309/309/309 311/311/311 310/310/310 
f 312/312/312 310/310/310 311/311/311 
f 311/311/311 313/313/313 312/312/312 
f 297/297/297 296/296/296 314/314/314 
f 314/314/314 315/315/315 297/297/297 
f 299/299/299 297/297/297 315/315/315 
f 315/315/315 316/316/316 299/299/299 
f 301/301/301 299/299/299 316/316/316 
f 316/316/316 317/317/317 301/301/301 
f 303/303/303 301/301/301 317/317/317 
f 317/317/317 318/318/318 303/303/303 
f 305/305/305 303/303/303 318/318/318 
f 318/318/318 319/319/319 305/305/305 
f 307/307/307 305/305/305 319/319/319 
f 319/319/319 320/320/320 307/307/307 
f 309/309/309 307/307/307 320/320/320 
f 320/320/320 321/321/321 309/309/309 
f 311/311/311 309/309/309 321/321/321 
f 321/321/321 322/322/322 311/311/311 
f 313/313/313 311/311/311 322/322/322 
f 322/322/322 323/323/323 313/313/313 
f 315/315/315 314/314/314 324/324/324 
f 324/324/324 325/325/325 315/315/315 
f 316/316/316 315/315/315 325/325/325 
f 325/325/325 326/326/326 316/316/316 
f 317/317/317 316/316/316 326/326/326 
f 326/326/326 327/327/327 317/317/317 
f 318/318/318 317/317/317 327/327/327 
f 327/327/327 328/328/328 318/318/318 
f 319/319/319 318/318/318 328/328/328 
f 328/328/328 329/329/329 319/319/319 
f 320/320/320 319/319/319 329/329/329 
f 329/329/329 330/330/330 320/320/320 
f 321/321/321 320/320/320 330/330/330 
f 330/330/330 331/331/331 321/321/321 
f 322/322/322 321/321/321 331/331/331 
f 331/331/331 332/332/332 322/322/322 
f 323/323/323 322/322/322 332/332/332 
f 332/332/332 333/333/333 323/323/323 
f 325/325/325 324/324/324 334/334/334 
f 334/334/334 335/335/335 325/325/325 
f 326/326/326 325/325/325 335/335/335 
f 335/335/335 336/336/336 326/326/326 
f 327/327/327 326/326/326 336/336/336 
f 336/336/336 337/337/337 327/327/327 
f 328/328/328 327/327/327 337/337/337 
f 337/337/337 338/338/338 328/328/328 
f 329/329/329 328/328/328 338/338/338 
f 338/338/338 339/339/339 329/329/329 
f 330/330/330 329/329/329 339/339/339 
f 339/339/339 340/340/340 330/330/330 
f 331/331/331 330/330/330 340/340/340 
f 340/340/340 341/341/341 331/331/331 
f 332/332/332 331/331/331 341/341/341 
f 341/341/341 342/342/342 332/332/332 
f 333/333/333 332/332/332 342/342/342 
f 342/342/342 343/343/343 333/333/333 
f 335/335/335 334/334/334 344/344/344 
f 344/344/344 345/345/345 335/335/335 
f 336/336/336 335/335/335 345/345/345 
f 345/345/345 346/346/346 336/336/336 
f 337/337/337 336/336/336 346/346/346 
f 346/346/346 347/347/347 337/337/337 
f 338/338/338 337/337/337 347/347/347 
f 347/347/347 348/348/348 338/338/338 
f 339/339/339 338/338/338 348/348/348 
f 348/348/348 349/349/349 339/339/339 
f 340/340/340 339/339/339 349/349/349 
f 349/349/349 350/350/350 340/340/340 
f 341/341/341 340/340/340 350/350/350 
f 350/350/350 351/351/351 341/341/341 
f 342/342/342 341/341/341 351/351/351 
f 351/351/351 352/352/352 342/342/342 
f 343/343/343 342/342/342 352/352/352 
f 352/352/352 353/353/353 343/343/343 
f 345/345/345 344/344/344 354/354/354 
f 354/354/354 355/355/355 345/345/345 
f 346/346/346 345/345/345 355/355/355 
f 355/355/355 356/356/356 346/346/346 
f 347/347/347 346/346/346 356/356/356 
f 356/356/356 357/357/357 347/347/347 
f 348/348/348 347/347/347 357/357/357 
f 357/357/357 358/358/358 348/348/348 
f 349/349/349 348/348/348 358/358/358 
f 358/358/358 359/359/359 349/349/349 
f 350/350/350 349/349/349 359/359/359 
f 359/359/359 360/360/360 350/350/350 
f 351/351/351 350/350/350 360/360/360 
f 360/360/360 361/361/361 351/351/351 
f 352/352/352 351/351/351 361/361/361 
f 361/361/361 362/362/362 352/352/352 
f 353/353/353 352/352/352 362/362/362 
f 362/362/362 363/363/363 353/353/353 
f 355/355/355 354/354/354 364/364/364 
f 364/364/364 365/365/365 355/355/355 
f 356/356/356 355/355/355 365/365/365 
f 365/365/365 366/366/366 356/356/356 
f 357/357/357 356/356/356 366/366/366 
f 366/366/366 367/367/367 357/357/357 
f 358/358/358 357/357/357 367/367/367 
f 367/367/367 368/368/368 358/358/358 
f 359/359/359 358/358/358 368/368/368 
f 368/368/368 369/369/369 359/359/359 
f 360/360/360 359/359/359 369/369/369 
f 369/369/369 370/370/370 360/360/360 
f 361/361/361 360/360/360 370/370/370 
f 370/370/370 371/371/371 361/361/361 
f 362/362/362 361/361/361 371/371/371 
f 371/371/371 372/372/372 362/362/362 
f 363/363/363 362/362/362 372/372/372 
f 372/372/372 373/373/373 363/363/363 
f 365/365/365 364/364/364 374/374/374 
f 374/374/374 375/375/375 365/365/365 
f 366/366/366 365/365/365 375/375/375 
f 375/375/375 376/376/376 366/366/366 
f 367/367/367 366/366/366 376/376/376 
f 376/376/376 377/377/377 367/367/367 
f 368/368/368 367/367/367 377/377/377 
f 377/377/377 378/378/378 368/368/368 
f 369/369/369 368/368/368 378/378/378 
f 378/378/378 379/379/379 369/369/369 
f 370/370/370 369/369/369 379/379/379 
f 379/379/379 380/380/380 370/370/370 
f 371/371/371 370/370/370 380/380/380 
f 380/380/380 381/381/381 371/371/371 
f 372/372/372 371/371/371 381/381/381 
f 381/381/381 382/382/382 372/372/372 
f 373/373/373 372/372/372 382/382/382 
f 382/382/382 383/383/383 373/373/373 
f 375/375/375 374/374/374 384/384/384 
f 384/384/384 160/160/160 375/375/375 
f 376/376/376 375/375/375 160/160/160 
f 160/160/160 161/161/161 376/376/376 
f 377/377/377 376/376/376 161/161/161 
f 161/161/161 163/163/163 377/377/377 
f 378/378/378 377/377/377 163/163/163 
f 163/163/163 165/165/165 378/378/378 
f 379/379/379 378/378/378 165/165/165 
f 165/165/165 167/167/167 379/379/379 
f 380/380/380 379/379/379 167/167/167 
f 167/167/167 169/169/169 380/380/380 
f 381/381/381 380/380/380 169/169/169 
f 169/169/169 171/171/171 381/381/381 
f 382/382/382 381/381/381 171/171/171 
f 171/171/171 173/173/173 382/382/382 
f 383/383/383 382/382/382 173/173/173 
f 173/173/173 175/175/175 383/383/383 
f 385/385/385 386/386/386 387/387/387 
f 387/387/387 388/388/388 385/385/385 
f 389/389/389 385/385/385 388/388/388 
f 388/388/388 390/390/390 389/389/389 
f 391/391/391 389/389/389 390/390/390 
f 390/390/390 392/392/392 391/391/391 
f 393/393/393 391/391/391 392/392/392 
f 392/392/392 394/394/394 393/393/393 
f 395/395/395 393/393/393 394/394/394 
f 394/394/394 396/396/396 395/395/395 
f 397/397/397 395/395/395 396/396/396 
f 396/396/396 398/398/398 397/397/397 
f 399/399/399 397/397/397 398/398/398 
f 398/398/398 400/400/400 399/399/399 
f 401/401/401 399/399/399 400/400/400 
f 400/400/400 402/402/402 401/401/401 
f 403/403/403 401/401/401 402/402/402 
f 402/402/402 404/404/404 403/403/403 
f 388/388/388 387/387/387 405/405/405 
f 405/405/405 406/406/406 388/388/388 
f 390/390/390 388/388/388 406/406/406 
f 406/406/406 407/407/407 390/390/390 
f 392/392/392 390/390/390 407/407/407 
f 407/407/407 408/408/408 392/392/392 
f 394/394/394 392/392/392 408/408/408 
f 408/408/408 409/409/409 394/394/394 
f 396/396/396 394/394/394 409/409/409 
f 409/409/409 410/410/410 396/396/396 
f 398/398/398 396/396/396 410/410/410 
f 410/410/410 411/411/411 398/398/398 
f 400/400/400 398/398/398 411/411/411 
f 411/411/411 412/412/412 400/400/400 
f 402/402/402 400/400/400 412/412/412 
f 412/412/412 413/413/413 402/402/402 
f 404/404/404 402/402/402 413/413/413 
f 413/413/413 414/414/414 404/404/404 
f 406/406/406 405/405/405 415/415/415 
f 415/415/415 416/416/416 406/406/406 
f 407/407/407 406/406/406 416/416/416 
f 416/416/416 417/417/417 407/407/407 
f 408/408/408 407/407/407 417/417/417 
f 417/417/417 418/418/418 408/408/408 
f 409/409/409 408/408/408 418/418/418 
f 418/418/418 419/419/419 409/409/409 
f 410/410/410 409/409/409 419/419/419 
f 419/419/419 420/420/420 410/410/410 
f 411/411/411 410/410/410 420/420/420 
f 420/420/420 421/421/421 411/411/411 
f 412/412/412 411/411/411 421/421/421 
f 421/421/421 422/422/422 412/412/412 
f 413/413/413 412/412/412 422/422/422 
f 422/422/422 423/423/423 413/413/413 
f 414/414/414 413/413/413 423/423/423 
f 423/423/423 424/424/424 414/414/414 
f 416/416/416 415/415/415 425/425/425 
f 425/425/425 426/426/426 416/416/416 
f 417/417/417 416/416/416 426/426/426 
f 426/426/426 427/427/427 417/417/417 
f 418/418/418 417/417/417 427/427/427 
f 427/427/427 428/428/428 418/418/418 
f 419/419/419 418/418/418 428/428/428 
f 428/428/428 429/429/429 419/419/419 
f 420/420/420 419/419/419 429/429/429 
f 429/429/429 430/430/430 420/420/420 
f 421/421/421 420/420/420 430/430/430 
f 430/430/430 431/431/431 421/421/421 
f 422/422/422 421/421/421 431/431/431 
f 431/431/431 432/432/432 422/422/422 
f 423/423/423 422/422/422 432/432/432 
f 432/432/432 433/433/433 423/423/423 
f 424/424/424 423/423/423 433/433/433 
f 433/433/433 434/434/434 424/424/424 
f 426/426/426 425/425/425 435/435/435 
f 435/435/435 436/436/436 426/426/426 
f 427/427/427 426/426/426 436/436/436 
f 436/436/436 437/437/437 427/427/427 
f 428/428/428 427/427/427 437/437/437 
f 437/437/437 438/438/438 428/428/428 
f 429/429/429 428/428/428 438/438/438 
f 438/438/438 439/439/439 429/429/429 
f 430/430/430 429/429/429 439/439/439 
f 439/439/439 440/440/440 430/430/430 
f 431/431/431 430/430/430 440/440/440 
f 440/440/440 441/441/441 431/431/431 
f 432/432/432 431/431/431 441/441/441 
f 441/441/441 442/442/442 432/432/432 
f 433/433/433 432/432/432 442/442/442 
f 442/442/442 443/443/443 433/433/433 
f 434/434/434 433/433/433 443/443/443 
f 443/443/443 444/444/444 434/434/434 
f 436/436/436 435/435/435 445/445/445 
f 445/445/445 446/446/446 436/436/436 
f 437/437/437 436/436/436 446/446/446 
f 446/446/446 447/447/447 437/437/437 
f 438/438/438 437/437/437 447/447/447 
f 447/447/447 448/448/448 438/438/438 
f 439/439/439 438/438/438 448/448/448 
f 448/448/448 449/449/449 439/439/439 
f 440/440/440 439/439/439 449/449/449 
f 449/449/449 450/450/450 440/440/440 
f 441/441/441 440/440/440 450/450/450 
f 450/450/450 451/451/451 441/441/441 
f 442/442/442 441/441/441 451/451/451 
f 451/451/451 452/452/452 442/442/442 
f 443/443/443 442/442/442 452/452/452 
f 452/452/452 453/453/453 443/443/443 
f 444/444/444 443/443/443 453/453/453 
f 453/453/453 454/454/454 444/444/444 
f 446/446/446 445/445/445 455/455/455 
f 455/455/455 456/456/456 446/446/446 
f 447/447/447 446/446/446 456/456/456 
f 456/456/456 457/457/457 447/447/447 
f 448/448/448 447/447/447 457/457/457 
f 457/457/457 458/458/458 448/448/448 
f 449/449/449 448/448/448 458/458/458 
f 458/458/458 459/459/459 449/449/449 
f 450/450/450 449/449/449 459/459/459 
f 459/459/459 460/460/460 450/450/450 
f 451/451/451 450/450/450 460/460/460 
f 460/460/460 461/461/461 451/451/451 
f 452/452/452 451/451/451 461/461/461 
f 461/461/461 462/462/462 452/452/452 
f 453/453/453 452/452/452 462/462/462 
f 462/462/462 463/463/463 453/453/453 
f 454/454/454 453/453/453 463/463/463 
f 463/463/463 464/464/464 454/454/454 
f 456/456/456 455/455/455 465/465/465 
f 465/465/465 466/466/466 456/456/456 
f 457/457/457 456/456/456 466/466/466 
f 466/466/466 467/467/467 457/457/457 
f 458/458/458 457/457/457 467/467/467 
f 467/467/467 468/468/468 458/458/458 
f 459/459/459 458/458/458 468/468/468 
f 468/468/468 469/469/469 459/459/459 
f 460/460/460 459/459/459 469/469/469 
f 469/469/469 470/470/470 460/460/460 
f 461/461/461 460/460/460 470/470/470 
f 470/470/470 471/471/471 461/461/461 
f 462/462/462 461/461/461 471/471/471 
f 471/471/471 472/472/472 462/462/462 
f 463/463/463 462/462/462 472/472/472 
f 472/472/472 473/473/473 463/463/463 
f 464/464/464 463/463/463 473/473/473 
f 473/473/473 474/474/474 464/464/464 
f 466/466/466 465/465/465 295/295/295 
f 295/295/295 294/294/294 466/466/466 
f 467/467/467 466/466/466 294/294/294 
f 294/294/294 298/298/298 467/467/467 
f 468/468/468 467/467/467 298/298/298 
f 298/298/298 300/300/300 468/468/468 
f 469/469/469 468/468/468 300/300/300 
f 300/300/300 302/302/302 469/469/469 
f 470/470/470 469/469/469 302/302/302 
f 302/302/302 304/304/304 470/470/470 
f 471/471/471 470/470/470 304/304/304 
f 304/304/304 306/306/306 471/471/471 
f 472/472/472 471/471/471 306/306/306 
f 306/306/306 308/308/308 472/472/472 
f 473/473/473 472/472/472 308/308/308 
f 308/308/308 310/310/310 473/473/473 
f 474/474/474 473/473/473 310/310/310 
f 310/310/310 312/312/312 474/474/474 
f 475/475/475 476/476/476 477/477/477 
f 477/477/477 478/478/478 475/475/475 
f 479/479/479 475/475/475 478/478/478 
f 478/478/478 480/480/480 479/479/479 
f 481/481/481 479/479/479 480/480/480 
f 480/480/480 482/482/482 481/481/481 
f 483/483/483 481/481/481 482/482/482 
f 482/482/482 484/484/484 483/483/483 
f 485/485/485 483/483/483 484/484/484 
f 484/484/484 486/486/486 485/485/485 
f 487/487/487 485/485/485 486/486/486 
f 486/486/486 488/488/488 487/487/487 
f 489/489/489 487/487/487 488/488/488 
f 488/488/488 490/490/490 489/489/489 
f 491/491/491 489/489/489 490/490/490 
f 490/490/490 492/492/492 491/491/491 
f 493/493/493 491/491/491 492/492/492 
f 492/492/492 494/494/494 493/493/493 
f 478/478/478 477/477/477 495/495/495 
f 495/495/495 496/496/496 478/478/478 
f 480/480/480 478/478/478 496/496/496 
f 496/496/496 497/497/497 480/480/480 
f 482/482/482 480/480/480 497/497/497 
f 497/497/497 498/498/498 482/482/482 
f 484/484/484 482/482/482 498/498/498 
f 498/498/498 499/499/499 484/484/484 
f 486/486/486 484/484/484 499/499/499 
f 499/499/499 500/500/500 486/486/486 
f 488/488/488 486/486/486 500/500/500 
f 500/500/500 501/501/501 488/488/488 
f 490/490/490 488/488/488 501/501/501 
f 501/501/501 502/502/502 490/490/490 
f 492/492/492 490/490/490 502/502/502 
f 502/502/502 503/503/503 492/492/492 
f 494/494/494 492/492/492 503/503/503 
f 503/503/503 504/504/504 494/494/494 
f 496/496/496 495/495/495 505/505/505 
f 505/505/505 506/506/506 496/496/496 
f 497/497/497 496/496/496 506/506/506 
f 506/506/506 507/507/507 497/497/497 
f 498/498/498 497/497/497 507/507/507 
f 507/507/507 508/508/508 498/498/498 
f 499/499/499 498/498/498 508/508/508 
f 508/508/508 509/509/509 499/499/499 
f 500/500/500 499/499/499 509/509/509 
f 509/509/509 510/510/510 500/500/500 
f 501/501/501 500/500/500 510/510/510 
f 510/510/510 511/511/511 501/501/501 
f 502/502/502 501/501/501 511/511/511 
f 511/511/511 512/512/512 502/502/502 
f 503/503/503 502/502/502 512/512/512 
f 512/512/512 513/513/513 503/503/503 
f 504/504/504 503/503/503 513/513/513 
f 513/513/513 514/514/514 504/504/504 
f 506/506/506 505/505/505 515/515/515 
f 515/515/515 516/516/516 506/506/506 
f 507/507/507 506/506/506 516/516/516 
f 516/516/516 517/517/517 507/507/507 
f 508/508/508 507/507/507 517/517/517 
f 517/517/517 518/518/518 508/508/508 
f 509/509/509 508/508/508 518/518/518 
f 518/518/518 519/519/519 509/509/509 
f 510/510/510 509/509/509 519/519/519 
f 519/519/519 520/520/520 510/510/510 
f 511/511/511 510/510/510 520/520/520 
f 520/520/520 521/521/521 511/511/511 
f 512/512/512 511/511/511 521/521/521 
f 521/521/521 522/522/522 512/512/512 
f 513/513/513 512/512/512 522/522/522 
f 522/522/522 523/523/523 513/513/513 
f 514/514/514 513/513/513 523/523/523 
f 523/523/523 524/524/524 514/514/514 
f 516/516/516 515/515/515 525/525/525 
f 525/525/525 526/526/526 516/516/516 
f 517/517/517 516/516/516 526/526/526 
f 526/526/526 527/527/527 517/517/517 
f 518/518/518 517/517/517 527/527/527 
f 527/527/527 528/528/528 518/518/518 
f 519/519/519 518/518/518 528/528/528 
f 528/528/528 529/529/529 519/519/519 
f 520/520/520 519/519/519 529/529/529 
f 529/529/529 530/530/530 520/520/520 
f 521/521/521 520/520/520 530/530/530 
f 530/530/530 531/531/531 521/521/521 
f 522/522/522 521/521/521 531/531/531 
f 531/531/531 532/532/532 522/522/522 
f 523/523/523 522/522/522 532/532/532 
f 532/532/532 533/533/533 523/523/523 
f 524/524/524 523/523/523 533/533/533 
f 533/533/533 534/534/534 524/524/524 
f 526/526/526 525/525/525 535/535/535 
f 535/535/535 536/536/536 526/526/526 
f 527/527/527 526/526/526 536/536/536 
f 536/536/536 537/537/537 527/527/527 
f 528/528/528 527/527/527 537/537/537 
f 537/537/537 538/538/538 528/528/528 
f 529/529/529 528/528/528 538/538/538 
f 538/538/538 539/539/539 529/529/529 
f 530/530/530 529/529/529 539/539/539 
f 539/539/539 540/540/540 530/530/530 
f 531/531/531 530/530/530 540/540/540 
f 540/540/540 541/541/541 531/531/531 
f 532/532/532 531/531/531 541/541/541 
f 541/541/541 542/542/542 532/532/532 
f 533/533/533 532/532/532 542/542/542 
f 542/542/542 543/543/543 533/533/533 
f 534/534/534 533/533/533 543/543/543 
f 543/543/543 544/544/544 534/534/534 
f 536/536/536 535/535/535 545/545/545 
f 545/545/545 546/546/546 536/536/536 
f 537/537/537 536/536/536 546/546/546 
f 546/546/546 547/547/547 537/537/537 
f 538/538/538 537/537/537 547/547/547 
f 547/547/547 548/548/548 538/538/538 
f 539/539/539 538/538/538 548/548/548 
f 548/548/548 549/549/549 539/539/539 
f 540/540/540 539/539/539 549/549/549 
f 549/549/549 550/550/550 540/540/540 
f 541/541/541 540/540/540 550/550/550 
f 550/550/550 551/551/551 541/541/541 
f 542/542/542 541/541/541 551/551/551 
f 551/551/551 552/552/552 542/542/542 
f 543/543/543 542/542/542 552/552/552 
f 552/552/552 553/553/553 543/543/543 
f 544/544/544 543/543/543 553/553/553 
f 553/553/553 554/554/554 544/544/544 
f 546/546/546 545/545/545 555/555/555 
f 555/555/555 556/556/556 546/546/546 
f 547/547/547 546/546/546 556/556/556 
f 556/556/556 557/557/557 547/547/547 
f 548/548/548 547/547/547 557/557/557 
f 557/557/557 558/558/558 548/548/548 
f 549/549/549 548/548/548 558/558/558 
f 558/558/558 559/559/559 549/549/549 
f 550/550/550 549/549/549 559/559/559 
f 559/559/559 560/560/560 550/550/550 
f 551/551/551 550/550/550 560/560/560 
f 560/560/560 561/561/561 551/551/551 
f 552/552/552 551/551/551 561/561/561 
f 561/561/561 562/562/562 552/552/552 
f 553/553/553 552/552/552 562/562/562 
f 562/562/562 563/563/563 553/553/553 
f 554/554/554 553/553/553 563/563/563 
f 563/563/563 564/564/564 554/554/554 
f 556/556/556 555/555/555 565/565/565 
f 565/565/565 566/566/566 556/556/556 
f 557/557/557 556/556/556 566/566/566 
f 566/566/566 567/567/567 557/557/557 
f 558/558/558 557/557/557 567/567/567 
f 567/567/567 568/568/568 558/558/558 
f 559/559/559 558/558/558 568/568/568 
f 568/568/568 569/569/569 559/559/559 
f 560/560/560 559/559/559 569/569/569 
f 569/569/569 570/570/570 560/560/560 
f 561/561/561 560/560/560 570/570/570 
f 570/570/570 571/571/571 561/561/561 
f 562/562/562 561/561/561 571/571/571 
f 571/571/571 572/572/572 562/562/562 
f 563/563/563 562/562/562 572/572/572 
f 572/572/572 573/573/573 563/563/563 
f 564/564/564 563/563/563 573/573/573 
f 573/573/573 574/574/574 564/564/564 
f 575/575/575 576/576/576 577/577/577 
f 577/577/577 578/578/578 575/575/575 
f 579/579/579 575/575/575 578/578/578 
f 578/578/578 580/580/580 579/579/579 
f 581/581/581 579/579/579 580/580/580 
f 580/580/580 582/582/582 581/581/581 
f 583/583/583 581/581/581 582/582/582 
f 582/582/582 584/584/584 583/583/583 
f 585/585/585 583/583/583 584/584/584 
f 584/584/584 586/586/586 585/585/585 
f 587/587/587 585/585/585 586/586/586 
f 586/586/586 588/588/588 587/587/587 
f 589/589/589 587/587/587 588/588/588 
f 588/588/588 590/590/590 589/589/589 
f 591/591/591 589/589/589 590/590/590 
f 590/590/590 592/592/592 591/591/591 
f 593/593/593 591/591/591 592/592/592 
f 592/592/592 594/594/594 593/593/593 
f 578/578/578 577/577/577 595/595/595 
f 595/595/595 596/596/596 578/578/578 
f 580/580/580 578/578/578 596/596/596 
f 596/596/596 597/597/597 580/580/580 
f 582/582/582 580/580/580 597/597/597 
f 597/597/597 598/598/598 582/582/582 
f 584/584/584 582/582/582 598/598/598 
f 598/598/598 599/599/599 584/584/584 
f 586/586/586 584/584/584 599/599/599 
f 599/599/599 600/600/600 586/586/586 
f 588/588/588 586/586/586 600/600/600 
f 600/600/600 601/601/601 588/588/588 
f 590/590/590 588/588/588 601/601/601 
f 601/601/601 602/602/602 590/590/590 
f 592/592/592 590/590/590 602/602/602 
f 602/602/602 603/603/603 592/592/592 
f 594/594/594 592/592/592 603/603/603 
f 603/603/603 604/604/604 594/594/594 
f 596/596/596 595/595/595 605/605/605 
f 605/605/605 606/606/606 596/596/596 
f 597/597/597 596/596/596 606/606/606 
f 606/606/606 607/607/607 597/597/597 
f 598/598/598 597/597/597 607/607/607 
f 607/607/607 608/608/608 598/598/598 
f 599/599/599 598/598/598 608/608/608 
f 608/608/608 609/609/609 599/599/599 
f 600/600/600 599/599/599 609/609/609 
f 609/609/609 610/610/610 600/600/600 
f 601/601/601 600/600/600 610/610/610 
f 610/610/610 611/611/611 601/601/601 
f 602/602/602 601/601/601 611/611/611 
f 611/611/611 612/612/612 602/602/602 
f 603/603/603 602/602/602 612/612/612 
f 612/612/612 613/613/613 603/603/603 
f 604/604/604 603/603/603 613/613/613 
f 613/613/613 614/614/614 604/604/604 
f 606/606/606 605/605/605 615/615/615 
f 615/615/615 616/616/616 606/606/606 
f 607/607/607 606/606/606 616/616/616 
f 616/616/616 617/617/617 607/607/607 
f 608/608/608 607/607/607 617/617/617 
f 617/617/617 618/618/618 608/608/608 
f 609/609/609 608/608/608 618/618/618 
f 618/618/618 619/619/619 609/609/609 
f 610/610/610 609/609/609 619/619/619 
f 619/619/619 620/620/620 610/610/610 
f 611/611/611 610/610/610 620/620/620 
f 620/620/620 621/621/621 611/611/611 
f 612/612/612 611/611/611 621/621/621 
f 621/621/621 622/622/622 612/612/612 
f 613/613/613 612/612/612 622/622/622 
f 622/622/622 623/623/623 613/613/613 
f 614/614/614 613/613/613 623/623/623 
f 623/623/623 624/624/624 614/614/614 
f 616/616/616 615/615/615 625/625/625 
f 625/625/625 626/626/626 616/616/616 
f 617/617/617 616/616/616 626/626/626 
f 626/626/626 627/627/627 617/617/617 
f 618/618/618 617/617/617 627/627/627 
f 627/627/627 628/628/628 618/618/618 
f 619/619/619 618/618/618 628/628/628 
f 628/628/628 629/629/629 619/619/619 
f 620/620/620 619/619/619 629/629/629 
f 629/629/629 630/630/630 620/620/620 
f 621/621/621 620/620/620 630/630/630 
f 630/630/630 631/631/631 621/621/621 
f 622/622/622 621/621/621 631/631/631 
f 631/631/631 632/632/632 622/622/622 
f 623/623/623 622/622/622 632/632/632 
f 632/632/632 633/633/633 623/623/623 
f 624/624/624 623/623/623 633/633/633 
f 633/633/633 634/634/634 624/624/624 
f 626/626/626 625/625/625 635/635/635 
f 635/635/635 636/636/636 626/626/626 
f 627/627/627 626/626/626 636/636/636 
f 636/636/636 637/637/637 627/627/627 
f 628/628/628 627/627/627 637/637/637 
f 637/637/637 638/638/638 628/628/628 
f 629/629/629 628/628/628 638/638/638 
f 638/638/638 639/639/639 629/629/629 
f 630/630/630 629/629/629 639/639/639 
f 639/639/639 640/640/640 630/630/630 
f 631/631/631 630/630/630 640/640/640 
f 640/640/640 641/641/641 631/631/631 
f 632/632/632 631/631/631 641/641/641 
f 641/641/641 642/642/642 632/632/632 
f 633/633/633 632/632/632 642/642/642 
f 642/642/642 643/643/643 633/633/633 
f 634/634/634 633/633/633 643/643/643 
f 643/643/643 644/644/644 634/634/634 
f 636/636/636 635/635/635 645/645/645 
f 645/645/645 646/646/646 636/636/636 
f 637/637/637 636/636/636 646/646/646 
f 646/646/646 647/647/647 637/637/637 
f 638/638/638 637/637/637 647/647/647 
f 647/647/647 648/648/648 638/638/638 
f 639/639/639 638/638/638 648/648/648 
f 648/648/648 649/649/649 639/639/639 
f 640/640/640 639/639/639 649/649/649 
f 649/649/649 650/650/650 640/640/640 
f 641/641/641 640/640/640 650/650/650 
f 650/650/650 651/651/651 641/641/641 
f 642/642/642 641/641/641 651/651/651 
f 651/651/651 652/652/652 642/642/642 
f 643/643/643 642/642/642 652/652/652 
f 652/652/652 653/653/653 643/643/643 
f 644/644/644 643/643/643 653/653/653 
f 653/653/653 654/654/654 644/644/644 
f 646/646/646 645/645/645 655/655/655 
f 655/655/655 656/656/656 646/646/646 
f 647/647/647 646/646/646 656/656/656 
f 656/656/656 657/657/657 647/647/647 
f 648/648/648 647/647/647 657/657/657 
f 657/657/657 658/658/658 648/648/648 
f 649/649/649 648/648/648 658/658/658 
f 658/658/658 659/659/659 649/649/649 
f 650/650/650 649/649/649 659/659/659 
f 659/659/659 660/660/660 650/650/650 
f 651/651/651 650/650/650 660/660/660 
f 660/660/660 661/661/661 651/651/651 
f 652/652/652 651/651/651 661/661/661 
f 661/661/661 662/662/662 652/652/652 
f 653/653/653 652/652/652 662/662/662 
f 662/662/662 663/663/663 653/653/653 
f 654/654/654 653/653/653 663/663/663 
f 663/663/663 664/664/664 654/654/654 
f 656/656/656 655/655/655 665/665/665 
f 665/665/665 666/666/666 656/656/656 
f 657/657/657 656/656/656 666/666/666 
f 666/666/666 667/667/667 657/657/657 
f 658/658/658 657/657/657 667/667/667 
f 667/667/667 668/668/668 658/658/658 
f 659/659/659 658/658/658 668/668/668 
f 668/668/668 669/669/669 659/659/659 
f 660/660/660 659/659/659 669/669/669 
f 669/669/669 670/670/670 660/660/660 
f 661/661/661 660/660/660 670/670/670 
f 670/670/670 671/671/671 661/661/661 
f 662/662/662 661/661/661 671/671/671 
f 671/671/671 672/672/672 662/662/662 
f 663/663/663 662/662/662 672/672/672 
f 672/672/672 673/673/673 663/663/663 
f 664/664/664 663/663/663 673/673/673 
f 673/673/673 674/674/674 664/664/664 

g Union1

v -33.3595 4.71526 -1.29984 
v -33.3595 4.46554 -1.46609 
v -33.3595 4.50299 -1.51184 
v -33.3595 4.43059 -1.39453 
v -33.6595 4.46554 -1.46609 
v -33.3595 4.54869 -1.54935 
v -33.3595 4.41526 -1.29965 
v -33.6595 4.43059 -1.39453 
v -33.6595 4.50299 -1.51183 
v -33.3595 4.62021 -1.58438 
v -33.3595 4.43071 -1.20479 
v -33.6595 4.41526 -1.29965 
v -33.6595 4.54045 -1.41621 
v -33.6595 4.53696 -1.40906 
v -33.6595 4.51599 -1.36612 
v -33.6595 4.56292 -1.44366 
v -33.6595 4.56667 -1.44823 
v -33.6595 4.54869 -1.54935 
v -33.3595 4.71507 -1.59984 
v -33.3595 4.46574 -1.13327 
v -33.6595 4.43071 -1.20479 
v -33.6595 4.51446 -1.35663 
v -33.6595 4.50526 -1.2997 
v -33.6595 4.59409 -1.47074 
v -33.6595 4.59866 -1.47449 
v -33.6595 4.62021 -1.58438 
v -33.3595 4.80995 -1.5845 
v -33.3595 4.50326 -1.08757 
v -33.6595 4.46574 -1.13327 
v -33.6595 4.5068 -1.29022 
v -33.6595 4.51607 -1.2333 
v -33.6595 4.64157 -1.49551 
v -33.6595 4.64872 -1.49902 
v -33.6595 4.71507 -1.59983 
v -33.3595 4.88151 -1.54955 
v -33.3595 4.549 -1.05012 
v -33.6595 4.50326 -1.08757 
v -33.6595 4.51958 -1.22615 
v -33.6595 4.5406 -1.18324 
v -33.6595 4.70564 -1.50829 
v -33.6595 4.71512 -1.50983 
v -33.6595 4.80995 -1.5845 
v -33.3595 4.92726 -1.5121 
v -33.3595 4.62057 -1.01517 
v -33.6595 4.549 -1.05012 
v -33.6595 4.54435 -1.17867 
v -33.6595 4.56686 -1.15125 
v -33.6595 4.77205 -1.50063 
v -33.6595 4.78154 -1.4991 
v -33.6595 4.88151 -1.54955 
v -33.3595 4.96477 -1.4664 
v -33.3595 4.71544 -0.999836 
v -33.6595 4.62056 -1.01517 
v -33.6595 4.57143 -1.1475 
v -33.6595 4.59888 -1.12503 
v -33.6595 4.82448 -1.47813 
v -33.6595 4.83163 -1.47464 
v -33.6595 4.92726 -1.5121 
v -33.3595 4.9998 -1.39488 
v -33.3595 4.8103 -1.01529 
v -33.6595 4.71544 -0.999835 
v -33.6595 4.60603 -1.12154 
v -33.6595 4.64897 -1.10057 
v -33.6595 4.85908 -1.45217 
v -33.6595 4.86366 -1.44842 
v -33.6595 4.96477 -1.4664 
v -33.3595 5.01526 -1.30002 
v -33.3595 4.88182 -1.05032 
v -33.6595 4.8103 -1.01529 
v -33.6595 4.65846 -1.09904 
v -33.6595 4.71539 -1.08983 
v -33.6595 4.88616 -1.421 
v -33.6595 4.88991 -1.41643 
v -33.6595 4.9998 -1.39488 
v -33.3595 4.99992 -1.20514 
v -33.3595 4.92752 -1.08784 
v -33.6595 4.88182 -1.05032 
v -33.6595 4.78179 -1.10065 
v -33.6595 4.72487 -1.09138 
v -33.6595 4.91093 -1.37352 
v -33.6595 4.91444 -1.36637 
v -33.6595 5.01526 -1.30002 
v -33.3595 4.96498 -1.13358 
v -33.6595 4.92752 -1.08784 
v -33.6595 4.83185 -1.12518 
v -33.6595 4.78894 -1.10416 
v -33.6595 4.92371 -1.30945 
v -33.6595 4.92526 -1.29997 
v -33.6595 4.99992 -1.20514 
v -33.6595 4.96497 -1.13358 
v -33.6595 4.86384 -1.15143 
v -33.6595 4.83642 -1.12893 
v -33.6595 4.91605 -1.24304 
v -33.6595 4.91452 -1.23355 
v -33.6595 4.89006 -1.18346 
v -33.6595 4.86759 -1.15601 
v -33.6595 4.89355 -1.19061 
v -33.5395 4.54045 -1.41621 
v -33.5395 4.71526 -1.29984 
v -33.5395 4.56667 -1.44823 
v -33.5395 4.51599 -1.36612 
v -33.5395 4.59866 -1.47449 
v -33.5395 4.50526 -1.2997 
v -33.5395 4.64872 -1.49902 
v -33.5395 4.51607 -1.2333 
v -33.5395 4.71512 -1.50984 
v -33.5395 4.5406 -1.18324 
v -33.5395 4.78154 -1.4991 
v -33.5395 4.56686 -1.15125 
v -33.5395 4.83163 -1.47464 
v -33.5395 4.59888 -1.12503 
v -33.5395 4.86366 -1.44842 
v -33.5395 4.64897 -1.10057 
v -33.5395 4.88991 -1.41643 
v -33.5395 4.71539 -1.08983 
v -33.5395 4.91444 -1.36637 
v -33.5395 4.78179 -1.10065 
v -33.5395 4.92526 -1.29997 
v -33.5395 4.83185 -1.12518 
v -33.5395 4.91452 -1.23355 
v -33.5395 4.86384 -1.15144 
v -33.5395 4.89006 -1.18346 
v -33.3595 4.46554 -1.46609 
v -33.3595 4.50299 -1.51184 
v -33.3595 4.50299 -1.51184 
v -33.3595 4.43059 -1.39453 
v -33.6595 4.46554 -1.46609 
v -33.3595 4.54869 -1.54935 
v -33.3595 4.41526 -1.29965 
v -33.6595 4.43059 -1.39453 
v -33.6595 4.50299 -1.51183 
v -33.6595 4.50299 -1.51183 
v -33.3595 4.62021 -1.58438 
v -33.3595 4.43071 -1.20479 
v -33.6595 4.41526 -1.29965 
v -33.6595 4.54045 -1.41621 
v -33.6595 4.53696 -1.40906 
v -33.6595 4.51599 -1.36612 
v -33.6595 4.56292 -1.44366 
v -33.6595 4.56667 -1.44823 
v -33.6595 4.56667 -1.44823 
v -33.6595 4.54869 -1.54935 
v -33.3595 4.71507 -1.59984 
v -33.3595 4.46574 -1.13327 
v -33.6595 4.43071 -1.20479 
v -33.6595 4.51446 -1.35663 
v -33.6595 4.50526 -1.2997 
v -33.6595 4.59409 -1.47074 
v -33.6595 4.59866 -1.47449 
v -33.6595 4.62021 -1.58438 
v -33.3595 4.80995 -1.5845 
v -33.3595 4.50326 -1.08757 
v -33.3595 4.50326 -1.08757 
v -33.6595 4.46574 -1.13327 
v -33.6595 4.5068 -1.29022 
v -33.6595 4.51607 -1.2333 
v -33.6595 4.64157 -1.49551 
v -33.6595 4.64872 -1.49902 
v -33.6595 4.71507 -1.59983 
v -33.3595 4.88151 -1.54955 
v -33.3595 4.549 -1.05012 
v -33.6595 4.50326 -1.08757 
v -33.6595 4.50326 -1.08757 
v -33.6595 4.51958 -1.22615 
v -33.6595 4.5406 -1.18324 
v -33.6595 4.70564 -1.50829 
v -33.6595 4.71512 -1.50983 
v -33.6595 4.80995 -1.5845 
v -33.3595 4.92726 -1.5121 
v -33.3595 4.92726 -1.5121 
v -33.3595 4.62057 -1.01517 
v -33.6595 4.549 -1.05012 
v -33.6595 4.54435 -1.17867 
v -33.6595 4.56686 -1.15125 
v -33.6595 4.56686 -1.15125 
v -33.6595 4.77205 -1.50063 
v -33.6595 4.78154 -1.4991 
v -33.6595 4.88151 -1.54955 
v -33.3595 4.96477 -1.4664 
v -33.3595 4.71544 -0.999836 
v -33.6595 4.62056 -1.01517 
v -33.6595 4.57143 -1.1475 
v -33.6595 4.59888 -1.12503 
v -33.6595 4.82448 -1.47813 
v -33.6595 4.83163 -1.47464 
v -33.6595 4.92726 -1.5121 
v -33.6595 4.92726 -1.5121 
v -33.3595 4.9998 -1.39488 
v -33.3595 4.8103 -1.01529 
v -33.6595 4.71544 -0.999835 
v -33.6595 4.60603 -1.12154 
v -33.6595 4.64897 -1.10057 
v -33.6595 4.85908 -1.45217 
v -33.6595 4.86366 -1.44842 
v -33.6595 4.86366 -1.44842 
v -33.6595 4.96477 -1.4664 
v -33.3595 5.01526 -1.30002 
v -33.3595 4.88182 -1.05032 
v -33.6595 4.8103 -1.01529 
v -33.6595 4.65846 -1.09904 
v -33.6595 4.71539 -1.08983 
v -33.6595 4.88616 -1.421 
v -33.6595 4.88991 -1.41643 
v -33.6595 4.9998 -1.39488 
v -33.3595 4.99992 -1.20514 
v -33.3595 4.92752 -1.08784 
v -33.3595 4.92752 -1.08784 
v -33.6595 4.88182 -1.05032 
v -33.6595 4.78179 -1.10065 
v -33.6595 4.72487 -1.09138 
v -33.6595 4.91093 -1.37352 
v -33.6595 4.91444 -1.36637 
v -33.6595 5.01526 -1.30002 
v -33.3595 4.96498 -1.13358 
v -33.6595 4.92752 -1.08784 
v -33.6595 4.92752 -1.08784 
v -33.6595 4.83185 -1.12518 
v -33.6595 4.78894 -1.10416 
v -33.6595 4.92371 -1.30945 
v -33.6595 4.92526 -1.29997 
v -33.6595 4.99992 -1.20514 
v -33.6595 4.96497 -1.13358 
v -33.6595 4.86384 -1.15143 
v -33.6595 4.86384 -1.15143 
v -33.6595 4.83642 -1.12893 
v -33.6595 4.91605 -1.24304 
v -33.6595 4.91452 -1.23355 
v -33.6595 4.89006 -1.18346 
v -33.6595 4.86759 -1.15601 
v -33.6595 4.89355 -1.19061 
v -33.5395 4.54045 -1.41621 
v -33.5395 4.56667 -1.44823 
v -33.5395 4.56667 -1.44823 
v -33.5395 4.51599 -1.36612 
v -33.5395 4.59866 -1.47449 
v -33.5395 4.50526 -1.2997 
v -33.5395 4.64872 -1.49902 
v -33.5395 4.51607 -1.2333 
v -33.5395 4.71512 -1.50984 
v -33.5395 4.5406 -1.18324 
v -33.5395 4.78154 -1.4991 
v -33.5395 4.56686 -1.15125 
v -33.5395 4.56686 -1.15125 
v -33.5395 4.83163 -1.47464 
v -33.5395 4.59888 -1.12503 
v -33.5395 4.86366 -1.44842 
v -33.5395 4.86366 -1.44842 
v -33.5395 4.64897 -1.10057 
v -33.5395 4.88991 -1.41643 
v -33.5395 4.71539 -1.08983 
v -33.5395 4.91444 -1.36637 
v -33.5395 4.78179 -1.10065 
v -33.5395 4.92526 -1.29997 
v -33.5395 4.83185 -1.12518 
v -33.5395 4.91452 -1.23355 
v -33.5395 4.86384 -1.15144 
v -33.5395 4.86384 -1.15144 
v -33.5395 4.89006 -1.18346 

vn 1 0 0 
vn 1 0 0 
vn 1 0 0 
vn 1 0 0 
vn 0 -0.826772 -0.559055 
vn 1 0 0 
vn 1 0 0 
vn 0 -0.944882 -0.338583 
vn 0 -0.685039 -0.732283 
vn 1 0 0 
vn 1 0 0 
vn 0 -1 -0.0551181 
vn -1 0 0 
vn -1 0 0 
vn -1 0 0 
vn -1 0 0 
vn -1 0 0 
vn 0 -0.496063 -0.866142 
vn 1 0 0 
vn 1 0 0 
vn 0 -0.968504 0.244094 
vn -1 0 0 
vn -1 0 0 
vn -1 0 0 
vn -1 0 0 
vn 0 -0.244094 -0.968504 
vn 1 0 0 
vn 1 0 0 
vn 0 -0.866142 0.496063 
vn -1 0 0 
vn -1 0 0 
vn -1 0 0 
vn -1 0 0 
vn 0 0.0551181 -1 
vn 1 0 0 
vn 1 0 0 
vn 0 -0.732283 0.685039 
vn -1 0 0 
vn -1 0 0 
vn -1 0 0 
vn -1 0 0 
vn 0 0.338583 -0.944882 
vn 1 0 0 
vn 1 0 0 
vn 0 -0.559055 0.826772 
vn -1 0 0 
vn -1 0 0 
vn -1 0 0 
vn -1 0 0 
vn 0 0.559055 -0.826772 
vn 1 0 0 
vn 1 0 0 
vn 0 -0.338583 0.944882 
vn -1 0 0 
vn -1 0 0 
vn -1 0 0 
vn -1 0 0 
vn 0 0.732283 -0.685039 
vn 1 0 0 
vn 1 0 0 
vn 0 -0.0551181 1 
vn -1 0 0 
vn -1 0 0 
vn -1 0 0 
vn -1 0 0 
vn 0 0.866142 -0.496063 
vn 1 0 0 
vn 1 0 0 
vn 0 0.244094 0.968504 
vn -1 0 0 
vn -1 0 0 
vn -1 0 0 
vn -1 0 0 
vn 0 0.968504 -0.244094 
vn 1 0 0 
vn 1 0 0 
vn 0 0.496063 0.866142 
vn -1 0 0 
vn -1 0 0 
vn -1 0 0 
vn -1 0 0 
vn 0 1 0.0551181 
vn 1 0 0 
vn 0 0.685039 0.732283 
vn -1 0 0 
vn -1 0 0 
vn -1 0 0 
vn -1 0 0 
vn 0 0.944882 0.338583 
vn 0 0.826772 0.559055 
vn -1 0 0 
vn -1 0 0 
vn -1 0 0 
vn -1 0 0 
vn -1 0 0 
vn -1 0 0 
vn -1 0 0 
vn -1 0 0 
vn -1 0 0 
vn -1 0 0 
vn -1 0 0 
vn -1 0 0 
vn -1 0 0 
vn -1 0 0 
vn -1 0 0 
vn -1 0 0 
vn -1 0 0 
vn -1 0 0 
vn -1 0 0 
vn -1 0 0 
vn -1 0 0 
vn -1 0 0 
vn -1 0 0 
vn -1 0 0 
vn -1 0 0 
vn -1 0 0 
vn -1 0 0 
vn -1 0 0 
vn -1 0 0 
vn -1 0 0 
vn -1 0 0 
vn -1 0 0 
vn 0 -0.866142 -0.496063 
vn 0 -0.732283 -0.685039 
vn 0 -0.732283 -0.685039 
vn 0 -0.968504 -0.244094 
vn -1 0 0 
vn 0 -0.559055 -0.826772 
vn 0 -1 0.0551181 
vn -1 0 0 
vn 0 -0.685039 -0.732283 
vn -1 0 0 
vn 0 -0.338583 -0.944882 
vn 0 -0.944882 0.338583 
vn -1 0 0 
vn 0 0.80315 0.598425 
vn 0 0.897638 0.440945 
vn 0 0.92126 0.393701 
vn 0 0.771654 0.629921 
vn 0 0.653543 0.755906 
vn 0 0.653543 0.755906 
vn -1 0 0 
vn 0 -0.0551181 -1 
vn 0 -0.826772 0.559055 
vn -1 0 0 
vn 0 0.984252 0.15748 
vn 0 0.992126 0.11811 
vn 0 0.637795 0.771654 
vn 0 0.464567 0.889764 
vn -1 0 0 
vn 0 0.244094 -0.968504 
vn 0 -0.685039 0.732283 
vn 0 -0.685039 0.732283 
vn -1 0 0 
vn 0 0.984252 -0.15748 
vn 0 0.984252 -0.19685 
vn 0 0.440945 0.897638 
vn 0 0.19685 0.984252 
vn -1 0 0 
vn 0 0.496063 -0.866142 
vn 0 -0.496063 0.866142 
vn -1 0 0 
vn 0 -0.732283 0.685039 
vn 0 0.897638 -0.440945 
vn 0 0.889764 -0.464567 
vn 0 0.15748 0.984252 
vn 0 -0.11811 0.992126 
vn -1 0 0 
vn 0 0.685039 -0.732283 
vn 0 0.685039 -0.732283 
vn 0 -0.244094 0.968504 
vn -1 0 0 
vn 0 0.771654 -0.637795 
vn 0 0.755906 -0.653543 
vn 0 0.755906 -0.653543 
vn 0 -0.15748 0.984252 
vn 0 -0.393701 0.92126 
vn -1 0 0 
vn 0 0.826772 -0.559055 
vn 0 0.0551181 1 
vn -1 0 0 
vn 0 0.629921 -0.771654 
vn 0 0.598425 -0.80315 
vn 0 -0.440945 0.897638 
vn 0 -0.598425 0.80315 
vn 0 0.732283 -0.685039 
vn -1 0 0 
vn 0 0.944882 -0.338583 
vn 0 0.338583 0.944882 
vn -1 0 0 
vn 0 0.440945 -0.897638 
vn 0 0.393701 -0.92126 
vn 0 -0.629921 0.771654 
vn 0 -0.755906 0.653543 
vn 0 -0.755906 0.653543 
vn -1 0 0 
vn 0 1 -0.0551181 
vn 0 0.559055 0.826772 
vn -1 0 0 
vn 0 0.15748 -0.984252 
vn 0 0.11811 -0.992126 
vn 0 -0.771654 0.637795 
vn 0 -0.889764 0.464567 
vn -1 0 0 
vn 0 0.968504 0.244094 
vn 0 0.732283 0.685039 
vn 0 0.732283 0.685039 
vn -1 0 0 
vn 0 -0.19685 -0.984252 
vn 0 -0.15748 -0.984252 
vn 0 -0.897638 0.440945 
vn 0 -0.984252 0.19685 
vn -1 0 0 
vn 0 0.866142 0.496063 
vn -1 0 0 
vn 0 0.685039 0.732283 
vn 0 -0.464567 -0.889764 
vn 0 -0.440945 -0.897638 
vn 0 -0.984252 0.15748 
vn 0 -0.992126 -0.11811 
vn -1 0 0 
vn -1 0 0 
vn 0 -0.653543 -0.755906 
vn 0 -0.653543 -0.755906 
vn 0 -0.637795 -0.771654 
vn 0 -0.984252 -0.15748 
vn 0 -0.92126 -0.393701 
vn 0 -0.80315 -0.598425 
vn 0 -0.771654 -0.629921 
vn 0 -0.897638 -0.440945 
vn 0 0.834646 0.551181 
vn 0 0.692913 0.724409 
vn 0 0.692913 0.724409 
vn 0 0.944882 0.322835 
vn 0 0.503937 0.866142 
vn 0 1 0.0393701 
vn 0 0.259843 0.968504 
vn 0 0.968504 -0.259843 
vn 0 -0.0393701 1 
vn 0 0.866142 -0.503937 
vn 0 -0.322835 0.944882 
vn 0 0.724409 -0.692913 
vn 0 0.724409 -0.692913 
vn 0 -0.551181 0.834646 
vn 0 0.551181 -0.834646 
vn 0 -0.724409 0.692913 
vn 0 -0.724409 0.692913 
vn 0 0.322835 -0.944882 
vn 0 -0.866142 0.503937 
vn 0 0.0393701 -1 
vn 0 -0.968504 0.259843 
vn 0 -0.259843 -0.968504 
vn 0 -1 -0.0393701 
vn 0 -0.503937 -0.866142 
vn 0 -0.944882 -0.322835 
vn 0 -0.692913 -0.724409 
vn 0 -0.692913 -0.724409 
vn 0 -0.834646 -0.551181 

vt 0.602538 1.26769 
vt 0.63374 1.28849 
vt 0.629055 1.2942 
vt 0.638114 1.27955 
vt 0.621288 1.28849 
vt 0.623339 1.29889 
vt 0.640038 1.26769 
vt 0.621288 1.27955 
vt 0.621288 1.2942 
vt 0.614397 1.30326 
vt 0.638114 1.25583 
vt 0.621288 1.26769 
vt 0.580697 1.28225 
vt 0.580259 1.28135 
vt 0.577635 1.27599 
vt 0.583508 1.28568 
vt 0.583977 1.28625 
vt 0.621288 1.24689 
vt 0.602538 1.30519 
vt 0.63374 1.24689 
vt 0.621288 1.25583 
vt 0.577443 1.2748 
vt 0.576288 1.26769 
vt 0.587406 1.28906 
vt 0.587977 1.28953 
vt 0.621288 1.25583 
vt 0.59068 1.30326 
vt 0.629055 1.24117 
vt 0.621288 1.24689 
vt 0.576481 1.2665 
vt 0.577635 1.25939 
vt 0.593343 1.29215 
vt 0.594237 1.29259 
vt 0.621288 1.26769 
vt 0.581737 1.29889 
vt 0.623339 1.23649 
vt 0.621288 1.24117 
vt 0.578073 1.25849 
vt 0.580697 1.25313 
vt 0.601352 1.29374 
vt 0.602538 1.29394 
vt 0.621288 1.27955 
vt 0.576022 1.2942 
vt 0.614397 1.23211 
vt 0.583788 1.24689 
vt 0.581165 1.25255 
vt 0.583977 1.24913 
vt 0.609653 1.29278 
vt 0.610839 1.29259 
vt 0.621288 1.28849 
vt 0.571336 1.28849 
vt 0.602538 1.23019 
vt 0.583788 1.25583 
vt 0.584548 1.24866 
vt 0.587977 1.24585 
vt 0.616205 1.28997 
vt 0.617099 1.28953 
vt 0.621288 1.2942 
vt 0.566963 1.27955 
vt 0.59068 1.23211 
vt 0.583788 1.26769 
vt 0.588872 1.24541 
vt 0.594237 1.24278 
vt 0.620528 1.28672 
vt 0.6211 1.28625 
vt 0.583788 1.28849 
vt 0.565038 1.26769 
vt 0.581737 1.23649 
vt 0.583788 1.27955 
vt 0.595423 1.24259 
vt 0.602538 1.24144 
vt 0.623911 1.28282 
vt 0.62438 1.28225 
vt 0.583788 1.27955 
vt 0.566963 1.25583 
vt 0.576022 1.24117 
vt 0.583788 1.28849 
vt 0.610839 1.24278 
vt 0.603724 1.24163 
vt 0.627004 1.27688 
vt 0.627441 1.27599 
vt 0.583788 1.26769 
vt 0.571336 1.24689 
vt 0.583788 1.2942 
vt 0.617099 1.24585 
vt 0.611733 1.24322 
vt 0.628596 1.26887 
vt 0.628788 1.26769 
vt 0.583788 1.25583 
vt 0.583788 1.24689 
vt 0.6211 1.24913 
vt 0.617671 1.24631 
vt 0.627634 1.26057 
vt 0.627441 1.25939 
vt 0.62438 1.25313 
vt 0.621568 1.2497 
vt 0.624817 1.25402 
vt 0.580697 1.28225 
vt 0.602538 1.26769 
vt 0.583977 1.28625 
vt 0.577635 1.27599 
vt 0.587977 1.28953 
vt 0.576288 1.26769 
vt 0.594237 1.29259 
vt 0.577635 1.25939 
vt 0.602538 1.29394 
vt 0.580697 1.25313 
vt 0.610839 1.29259 
vt 0.583977 1.24913 
vt 0.617099 1.28953 
vt 0.587977 1.24585 
vt 0.6211 1.28625 
vt 0.594237 1.24278 
vt 0.62438 1.28225 
vt 0.602538 1.24144 
vt 0.627441 1.27599 
vt 0.610839 1.24278 
vt 0.628788 1.26769 
vt 0.617099 1.24585 
vt 0.627441 1.25939 
vt 0.6211 1.24913 
vt 0.62438 1.25313 
vt 0.583788 1.28849 
vt 0.583788 1.24117 
vt 0.583788 1.2942 
vt 0.583788 1.27955 
vt 0.571336 1.28849 
vt 0.583788 1.24689 
vt 0.583788 1.26769 
vt 0.566963 1.27955 
vt 0.621288 1.24117 
vt 0.576022 1.2942 
vt 0.583788 1.25583 
vt 0.583788 1.25583 
vt 0.565038 1.26769 
vt 0.583788 1.28225 
vt 0.583788 1.28135 
vt 0.583788 1.27599 
vt 0.583788 1.28568 
vt 0.583788 1.24913 
vt 0.583788 1.28625 
vt 0.581737 1.29889 
vt 0.583788 1.26769 
vt 0.583788 1.24689 
vt 0.566963 1.25583 
vt 0.583788 1.2748 
vt 0.583788 1.26769 
vt 0.583788 1.25255 
vt 0.583788 1.25313 
vt 0.59068 1.30326 
vt 0.583788 1.27955 
vt 0.583788 1.24117 
vt 0.621288 1.24117 
vt 0.571336 1.24689 
vt 0.583788 1.2665 
vt 0.583788 1.25939 
vt 0.583788 1.25849 
vt 0.583788 1.25939 
vt 0.602538 1.30519 
vt 0.583788 1.28849 
vt 0.621288 1.24689 
vt 0.576022 1.24117 
vt 0.583788 1.24117 
vt 0.583788 1.25849 
vt 0.583788 1.25313 
vt 0.583788 1.2665 
vt 0.583788 1.26769 
vt 0.614397 1.30326 
vt 0.621288 1.2942 
vt 0.583788 1.2942 
vt 0.621288 1.25583 
vt 0.581737 1.23649 
vt 0.583788 1.25255 
vt 0.583788 1.24913 
vt 0.621288 1.24913 
vt 0.583788 1.2748 
vt 0.583788 1.27599 
vt 0.623339 1.29889 
vt 0.621288 1.28849 
vt 0.621288 1.26769 
vt 0.59068 1.23211 
vt 0.621288 1.2497 
vt 0.621288 1.25313 
vt 0.583788 1.28135 
vt 0.583788 1.28225 
vt 0.583788 1.2942 
vt 0.629055 1.2942 
vt 0.621288 1.27955 
vt 0.621288 1.27955 
vt 0.602538 1.23019 
vt 0.621288 1.25402 
vt 0.621288 1.25939 
vt 0.583788 1.28568 
vt 0.621288 1.28625 
vt 0.583788 1.28625 
vt 0.63374 1.28849 
vt 0.621288 1.26769 
vt 0.621288 1.28849 
vt 0.614397 1.23211 
vt 0.621288 1.26057 
vt 0.621288 1.26769 
vt 0.621288 1.28282 
vt 0.621288 1.28225 
vt 0.638114 1.27955 
vt 0.621288 1.25583 
vt 0.621288 1.2942 
vt 0.621288 1.24117 
vt 0.623339 1.23649 
vt 0.621288 1.27599 
vt 0.621288 1.26887 
vt 0.621288 1.27688 
vt 0.621288 1.27599 
vt 0.640038 1.26769 
vt 0.621288 1.24689 
vt 0.629055 1.24117 
vt 0.583788 1.24117 
vt 0.621288 1.28225 
vt 0.621288 1.27688 
vt 0.621288 1.26887 
vt 0.621288 1.26769 
vt 0.638114 1.25583 
vt 0.63374 1.24689 
vt 0.621288 1.28625 
vt 0.621288 1.24913 
vt 0.621288 1.28282 
vt 0.621288 1.26057 
vt 0.621288 1.25939 
vt 0.621288 1.25313 
vt 0.621288 1.2497 
vt 0.621288 1.25402 
vt 0.598789 1.28225 
vt 0.598789 1.28625 
vt 0.598789 1.24913 
vt 0.598789 1.27599 
vt 0.598789 1.25313 
vt 0.598789 1.26769 
vt 0.598789 1.25939 
vt 0.598789 1.25939 
vt 0.598789 1.26769 
vt 0.598789 1.25313 
vt 0.598789 1.27599 
vt 0.606287 1.24913 
vt 0.598789 1.24913 
vt 0.598789 1.28225 
vt 0.606287 1.25313 
vt 0.598789 1.28625 
vt 0.606287 1.28625 
vt 0.606287 1.25939 
vt 0.606287 1.28225 
vt 0.606287 1.26769 
vt 0.606287 1.27599 
vt 0.606287 1.27599 
vt 0.606287 1.26769 
vt 0.606287 1.28225 
vt 0.606287 1.25939 
vt 0.606287 1.24913 
vt 0.606287 1.28625 
vt 0.606287 1.25313 

usemtl 1Mtl

f 675/675/675 676/676/676 677/677/677 
f 676/676/676 675/675/675 678/678/678 
f 799/799/799 797/797/797 679/679/679 
f 675/675/675 677/677/677 680/680/680 
f 678/678/678 675/675/675 681/681/681 
f 797/797/797 800/800/800 682/682/682 
f 679/679/679 797/797/797 682/682/682 
f 799/799/799 679/679/679 683/683/683 
f 802/802/802 798/798/798 805/805/805 
f 675/675/675 680/680/680 684/684/684 
f 681/681/681 675/675/675 685/685/685 
f 800/800/800 803/803/803 686/686/686 
f 682/682/682 800/800/800 686/686/686 
f 687/687/687 801/801/801 688/688/688 
f 688/688/688 804/804/804 689/689/689 
f 804/804/804 688/688/688 801/801/801 
f 806/806/806 801/801/801 690/690/690 
f 690/690/690 691/691/691 806/806/806 
f 687/687/687 690/690/690 801/801/801 
f 802/802/802 805/805/805 692/692/692 
f 807/807/807 802/802/802 692/692/692 
f 675/675/675 684/684/684 693/693/693 
f 685/685/685 675/675/675 694/694/694 
f 803/803/803 808/808/808 695/695/695 
f 686/686/686 803/803/803 695/695/695 
f 689/689/689 804/804/804 696/696/696 
f 696/696/696 809/809/809 697/697/697 
f 809/809/809 696/696/696 804/804/804 
f 816/816/816 806/806/806 698/698/698 
f 816/816/816 698/698/698 699/699/699 
f 698/698/698 806/806/806 691/691/691 
f 807/807/807 692/692/692 700/700/700 
f 817/817/817 807/807/807 700/700/700 
f 675/675/675 693/693/693 701/701/701 
f 694/694/694 675/675/675 702/702/702 
f 808/808/808 818/818/818 703/703/703 
f 695/695/695 808/808/808 703/703/703 
f 697/697/697 809/809/809 704/704/704 
f 704/704/704 819/819/819 705/705/705 
f 819/819/819 704/704/704 809/809/809 
f 824/824/824 816/816/816 706/706/706 
f 824/824/824 706/706/706 707/707/707 
f 706/706/706 816/816/816 699/699/699 
f 817/817/817 700/700/700 708/708/708 
f 825/825/825 817/817/817 708/708/708 
f 675/675/675 701/701/701 709/709/709 
f 702/702/702 675/675/675 710/710/710 
f 818/818/818 826/826/826 711/711/711 
f 703/703/703 818/818/818 711/711/711 
f 712/712/712 705/705/705 819/819/819 
f 828/828/828 713/713/713 712/712/712 
f 828/828/828 712/712/712 819/819/819 
f 833/833/833 824/824/824 714/714/714 
f 833/833/833 714/714/714 715/715/715 
f 714/714/714 824/824/824 707/707/707 
f 825/825/825 708/708/708 716/716/716 
f 834/834/834 825/825/825 716/716/716 
f 675/675/675 709/709/709 717/717/717 
f 710/710/710 675/675/675 718/718/718 
f 827/827/827 835/835/835 719/719/719 
f 837/837/837 827/827/827 719/719/719 
f 720/720/720 713/713/713 828/828/828 
f 720/720/720 836/836/836 721/721/721 
f 836/836/836 720/720/720 828/828/828 
f 842/842/842 833/833/833 722/722/722 
f 722/722/722 723/723/723 842/842/842 
f 715/715/715 722/722/722 833/833/833 
f 834/834/834 716/716/716 724/724/724 
f 844/844/844 834/834/834 724/724/724 
f 675/675/675 717/717/717 725/725/725 
f 718/718/718 675/675/675 726/726/726 
f 835/835/835 845/845/845 727/727/727 
f 719/719/719 835/835/835 727/727/727 
f 728/728/728 721/721/721 836/836/836 
f 728/728/728 846/846/846 729/729/729 
f 846/846/846 728/728/728 836/836/836 
f 852/852/852 842/842/842 730/730/730 
f 730/730/730 731/731/731 852/852/852 
f 723/723/723 730/730/730 842/842/842 
f 844/844/844 724/724/724 732/732/732 
f 853/853/853 843/843/843 860/860/860 
f 675/675/675 725/725/725 733/733/733 
f 726/726/726 675/675/675 734/734/734 
f 845/845/845 854/854/854 735/735/735 
f 727/727/727 845/845/845 735/735/735 
f 736/736/736 729/729/729 846/846/846 
f 736/736/736 855/855/855 737/737/737 
f 855/855/855 736/736/736 846/846/846 
f 861/861/861 852/852/852 738/738/738 
f 738/738/738 739/739/739 861/861/861 
f 731/731/731 738/738/738 852/852/852 
f 853/853/853 860/860/860 740/740/740 
f 862/862/862 853/853/853 740/740/740 
f 675/675/675 733/733/733 741/741/741 
f 734/734/734 675/675/675 742/742/742 
f 854/854/854 863/863/863 743/743/743 
f 735/735/735 854/854/854 743/743/743 
f 744/744/744 737/737/737 855/855/855 
f 744/744/744 864/864/864 745/745/745 
f 864/864/864 744/744/744 855/855/855 
f 870/870/870 861/861/861 746/746/746 
f 746/746/746 747/747/747 870/870/870 
f 746/746/746 861/861/861 739/739/739 
f 862/862/862 740/740/740 748/748/748 
f 871/871/871 862/862/862 748/748/748 
f 675/675/675 741/741/741 749/749/749 
f 742/742/742 675/675/675 750/750/750 
f 863/863/863 872/872/872 751/751/751 
f 743/743/743 863/863/863 751/751/751 
f 752/752/752 753/753/753 873/873/873 
f 864/864/864 873/873/873 753/753/753 
f 864/864/864 753/753/753 745/745/745 
f 870/870/870 747/747/747 754/754/754 
f 878/878/878 754/754/754 755/755/755 
f 754/754/754 878/878/878 870/870/870 
f 871/871/871 748/748/748 756/756/756 
f 879/879/879 871/871/871 756/756/756 
f 675/675/675 749/749/749 757/757/757 
f 750/750/750 675/675/675 757/757/757 
f 872/872/872 880/880/880 758/758/758 
f 751/751/751 872/872/872 758/758/758 
f 759/759/759 760/760/760 882/882/882 
f 873/873/873 882/882/882 760/760/760 
f 873/873/873 760/760/760 752/752/752 
f 878/878/878 755/755/755 761/761/761 
f 761/761/761 762/762/762 887/887/887 
f 761/761/761 887/887/887 878/878/878 
f 879/879/879 756/756/756 763/763/763 
f 888/888/888 879/879/879 763/763/763 
f 881/881/881 888/888/888 764/764/764 
f 890/890/890 881/881/881 764/764/764 
f 765/765/765 766/766/766 889/889/889 
f 882/882/882 889/889/889 766/766/766 
f 882/882/882 766/766/766 759/759/759 
f 887/887/887 762/762/762 767/767/767 
f 767/767/767 768/768/768 895/895/895 
f 767/767/767 895/895/895 887/887/887 
f 888/888/888 763/763/763 764/764/764 
f 769/769/769 770/770/770 896/896/896 
f 889/889/889 896/896/896 770/770/770 
f 889/889/889 770/770/770 765/765/765 
f 895/895/895 768/768/768 771/771/771 
f 771/771/771 769/769/769 896/896/896 
f 771/771/771 896/896/896 895/895/895 
f 772/772/772 773/773/773 774/774/774 
f 773/773/773 772/772/772 775/775/775 
f 774/774/774 773/773/773 776/776/776 
f 773/773/773 775/775/775 777/777/777 
f 776/776/776 773/773/773 778/778/778 
f 773/773/773 777/777/777 779/779/779 
f 778/778/778 773/773/773 780/780/780 
f 773/773/773 779/779/779 781/781/781 
f 780/780/780 773/773/773 782/782/782 
f 773/773/773 781/781/781 783/783/783 
f 782/782/782 773/773/773 784/784/784 
f 773/773/773 783/783/783 785/785/785 
f 784/784/784 773/773/773 786/786/786 
f 773/773/773 785/785/785 787/787/787 
f 786/786/786 773/773/773 788/788/788 
f 773/773/773 787/787/787 789/789/789 
f 788/788/788 773/773/773 790/790/790 
f 773/773/773 789/789/789 791/791/791 
f 790/790/790 773/773/773 792/792/792 
f 773/773/773 791/791/791 793/793/793 
f 792/792/792 773/773/773 794/794/794 
f 773/773/773 793/793/793 795/795/795 
f 794/794/794 773/773/773 796/796/796 
f 773/773/773 795/795/795 796/796/796 
f 813/813/813 810/810/810 905/905/905 
f 813/813/813 905/905/905 906/906/906 
f 811/811/811 812/812/812 908/908/908 
f 811/811/811 908/908/908 905/905/905 
f 810/810/810 811/811/811 905/905/905 
f 815/815/815 813/813/813 906/906/906 
f 822/822/822 814/814/814 907/907/907 
f 822/822/822 907/907/907 909/909/909 
f 820/820/820 821/821/821 910/910/910 
f 820/820/820 910/910/910 908/908/908 
f 812/812/812 820/820/820 908/908/908 
f 823/823/823 822/822/822 909/909/909 
f 831/831/831 823/823/823 909/909/909 
f 831/831/831 909/909/909 911/911/911 
f 829/829/829 830/830/830 912/912/912 
f 829/829/829 912/912/912 910/910/910 
f 821/821/821 829/829/829 910/910/910 
f 832/832/832 831/831/831 911/911/911 
f 840/840/840 832/832/832 911/911/911 
f 840/840/840 911/911/911 913/913/913 
f 838/838/838 839/839/839 914/914/914 
f 838/838/838 914/914/914 912/912/912 
f 830/830/830 838/838/838 912/912/912 
f 841/841/841 840/840/840 913/913/913 
f 850/850/850 841/841/841 913/913/913 
f 850/850/850 913/913/913 915/915/915 
f 847/847/847 848/848/848 917/917/917 
f 847/847/847 917/917/917 914/914/914 
f 839/839/839 847/847/847 914/914/914 
f 851/851/851 850/850/850 915/915/915 
f 858/858/858 851/851/851 915/915/915 
f 858/858/858 915/915/915 918/918/918 
f 856/856/856 857/857/857 919/919/919 
f 856/856/856 919/919/919 916/916/916 
f 849/849/849 856/856/856 916/916/916 
f 859/859/859 858/858/858 918/918/918 
f 867/867/867 859/859/859 918/918/918 
f 867/867/867 918/918/918 920/920/920 
f 865/865/865 866/866/866 922/922/922 
f 865/865/865 922/922/922 919/919/919 
f 857/857/857 865/865/865 919/919/919 
f 869/869/869 867/867/867 920/920/920 
f 876/876/876 868/868/868 921/921/921 
f 876/876/876 921/921/921 923/923/923 
f 874/874/874 875/875/875 924/924/924 
f 874/874/874 924/924/924 922/922/922 
f 866/866/866 874/874/874 922/922/922 
f 877/877/877 876/876/876 923/923/923 
f 885/885/885 877/877/877 923/923/923 
f 885/885/885 923/923/923 925/925/925 
f 884/884/884 883/883/883 926/926/926 
f 884/884/884 926/926/926 924/924/924 
f 875/875/875 884/884/884 924/924/924 
f 886/886/886 885/885/885 925/925/925 
f 893/893/893 886/886/886 925/925/925 
f 893/893/893 925/925/925 927/927/927 
f 892/892/892 891/891/891 928/928/928 
f 892/892/892 928/928/928 926/926/926 
f 883/883/883 892/892/892 926/926/926 
f 894/894/894 893/893/893 927/927/927 
f 900/900/900 894/894/894 927/927/927 
f 900/900/900 927/927/927 929/929/929 
f 899/899/899 897/897/897 931/931/931 
f 899/899/899 931/931/931 928/928/928 
f 891/891/891 899/899/899 928/928/928 
f 901/901/901 900/900/900 929/929/929 
f 904/904/904 901/901/901 929/929/929 
f 904/904/904 929/929/929 932/932/932 
f 903/903/903 902/902/902 932/932/932 
f 903/903/903 932/932/932 930/930/930 
f 898/898/898 903/903/903 930/930/930 
f 902/902/902 904/904/904 932/932/932 

g Union2

v -33.5598 4.71524 -0.749877 
v -33.5598 4.6042 -0.916218 
v -33.5598 4.57373 -0.89121 
v -33.5598 4.65188 -0.939574 
v -33.3598 4.6042 -0.91622 
v -33.5598 4.54876 -0.860713 
v -33.5598 4.71512 -0.949877 
v -33.3598 4.65188 -0.939576 
v -33.3598 4.57373 -0.891212 
v -33.5598 4.52547 -0.813004 
v -33.5598 4.77837 -0.939653 
v -33.3598 4.71512 -0.949879 
v -33.3598 4.63751 -0.866318 
v -33.3598 4.64228 -0.868654 
v -33.3598 4.67089 -0.882667 
v -33.3598 4.61923 -0.851314 
v -33.3598 4.61618 -0.848813 
v -33.3598 4.54876 -0.860716 
v -33.5598 4.51524 -0.749752 
v -33.5598 4.82608 -0.916356 
v -33.3598 4.77837 -0.939655 
v -33.3598 4.67721 -0.883698 
v -33.3598 4.71515 -0.889879 
v -33.3598 4.6012 -0.830515 
v -33.3598 4.5987 -0.827465 
v -33.3598 4.52546 -0.813007 
v -33.5598 4.52554 -0.686513 
v -33.5598 4.85657 -0.891386 
v -33.3598 4.82608 -0.916358 
v -33.3598 4.72148 -0.888857 
v -33.3598 4.75943 -0.882722 
v -33.3598 4.58473 -0.79884 
v -33.3598 4.5824 -0.794068 
v -33.3598 4.51524 -0.749755 
v -33.5598 4.5489 -0.638833 
v -33.5598 4.88158 -0.86092 
v -33.3598 4.85657 -0.891389 
v -33.3598 4.7642 -0.880393 
v -33.3598 4.79283 -0.866415 
v -33.3598 4.57626 -0.756118 
v -33.3598 4.57524 -0.749792 
v -33.3598 4.52554 -0.686516 
v -33.5598 4.57391 -0.608367 
v -33.5598 4.90494 -0.81324 
v -33.3598 4.88158 -0.860923 
v -33.3598 4.79588 -0.863917 
v -33.3598 4.81417 -0.848936 
v -33.3598 4.58142 -0.711849 
v -33.3598 4.58245 -0.705525 
v -33.3598 4.5489 -0.638836 
v -33.5598 4.6044 -0.583398 
v -33.5598 4.91524 -0.750001 
v -33.3598 4.90494 -0.813243 
v -33.3598 4.81667 -0.845889 
v -33.3598 4.83168 -0.82761 
v -33.3598 4.59647 -0.676917 
v -33.3598 4.5988 -0.672149 
v -33.3598 4.57391 -0.60837 
v -33.5598 4.65211 -0.560101 
v -33.5598 4.90502 -0.686749 
v -33.3598 4.91524 -0.750004 
v -33.3598 4.83401 -0.822841 
v -33.3598 4.84803 -0.794234 
v -33.3598 4.61381 -0.653869 
v -33.3598 4.61631 -0.650823 
v -33.3598 4.6044 -0.5834 
v -33.5598 4.71537 -0.549877 
v -33.5598 4.88172 -0.63904 
v -33.3598 4.90502 -0.686752 
v -33.3598 4.84906 -0.787909 
v -33.3598 4.85524 -0.749966 
v -33.3598 4.6346 -0.635841 
v -33.3598 4.63765 -0.633344 
v -33.3598 4.65211 -0.560103 
v -33.5598 4.7786 -0.560179 
v -33.5598 4.85675 -0.608543 
v -33.3598 4.88172 -0.639043 
v -33.3598 4.84808 -0.70569 
v -33.3598 4.85422 -0.743641 
v -33.3598 4.66628 -0.619366 
v -33.3598 4.67105 -0.617036 
v -33.3598 4.71536 -0.549879 
v -33.5598 4.82628 -0.583536 
v -33.3598 4.85675 -0.608546 
v -33.3598 4.83178 -0.672294 
v -33.3598 4.84575 -0.700919 
v -33.3598 4.709 -0.610902 
v -33.3598 4.71533 -0.609879 
v -33.3598 4.7786 -0.560182 
v -33.3598 4.82628 -0.583538 
v -33.3598 4.8143 -0.650946 
v -33.3598 4.82928 -0.669244 
v -33.3598 4.75327 -0.616061 
v -33.3598 4.75959 -0.617091 
v -33.3598 4.79297 -0.63344 
v -33.3598 4.81125 -0.648445 
v -33.3598 4.7882 -0.631105 
v -33.4398 4.63751 -0.866317 
v -33.4398 4.71524 -0.749878 
v -33.4398 4.61618 -0.848812 
v -33.4398 4.67089 -0.882666 
v -33.4398 4.5987 -0.827464 
v -33.4398 4.71515 -0.889878 
v -33.4398 4.5824 -0.794067 
v -33.4398 4.75943 -0.882721 
v -33.4398 4.57524 -0.749791 
v -33.4398 4.79283 -0.866414 
v -33.4398 4.58245 -0.705524 
v -33.4398 4.81417 -0.848935 
v -33.4398 4.5988 -0.672148 
v -33.4398 4.83168 -0.827609 
v -33.4398 4.61631 -0.650822 
v -33.4398 4.84803 -0.794233 
v -33.4398 4.63765 -0.633343 
v -33.4398 4.85524 -0.749965 
v -33.4398 4.67105 -0.617035 
v -33.4398 4.84808 -0.705689 
v -33.4398 4.71533 -0.609878 
v -33.4398 4.83178 -0.672293 
v -33.4398 4.75959 -0.61709 
v -33.4398 4.8143 -0.650945 
v -33.4398 4.79297 -0.633439 
v -33.5598 4.6042 -0.916218 
v -33.5598 4.57373 -0.89121 
v -33.5598 4.57373 -0.89121 
v -33.5598 4.65188 -0.939574 
v -33.3598 4.6042 -0.91622 
v -33.5598 4.54876 -0.860713 
v -33.5598 4.71512 -0.949877 
v -33.3598 4.65188 -0.939576 
v -33.3598 4.57373 -0.891212 
v -33.3598 4.57373 -0.891212 
v -33.5598 4.52547 -0.813004 
v -33.5598 4.77837 -0.939653 
v -33.3598 4.71512 -0.949879 
v -33.3598 4.63751 -0.866318 
v -33.3598 4.64228 -0.868654 
v -33.3598 4.67089 -0.882667 
v -33.3598 4.61923 -0.851314 
v -33.3598 4.61618 -0.848813 
v -33.3598 4.61618 -0.848813 
v -33.3598 4.54876 -0.860716 
v -33.5598 4.51524 -0.749752 
v -33.5598 4.82608 -0.916356 
v -33.3598 4.77837 -0.939655 
v -33.3598 4.67721 -0.883698 
v -33.3598 4.71515 -0.889879 
v -33.3598 4.6012 -0.830515 
v -33.3598 4.5987 -0.827465 
v -33.3598 4.52546 -0.813007 
v -33.5598 4.52554 -0.686513 
v -33.5598 4.85657 -0.891386 
v -33.5598 4.85657 -0.891386 
v -33.3598 4.82608 -0.916358 
v -33.3598 4.72148 -0.888857 
v -33.3598 4.75943 -0.882722 
v -33.3598 4.58473 -0.79884 
v -33.3598 4.5824 -0.794068 
v -33.3598 4.51524 -0.749755 
v -33.5598 4.5489 -0.638833 
v -33.5598 4.88158 -0.86092 
v -33.3598 4.85657 -0.891389 
v -33.3598 4.85657 -0.891389 
v -33.3598 4.7642 -0.880393 
v -33.3598 4.79283 -0.866415 
v -33.3598 4.57626 -0.756118 
v -33.3598 4.57524 -0.749792 
v -33.3598 4.52554 -0.686516 
v -33.5598 4.57391 -0.608367 
v -33.5598 4.57391 -0.608367 
v -33.5598 4.90494 -0.81324 
v -33.3598 4.88158 -0.860923 
v -33.3598 4.79588 -0.863917 
v -33.3598 4.81417 -0.848936 
v -33.3598 4.81417 -0.848936 
v -33.3598 4.58142 -0.711849 
v -33.3598 4.58245 -0.705525 
v -33.3598 4.5489 -0.638836 
v -33.5598 4.6044 -0.583398 
v -33.5598 4.91524 -0.750001 
v -33.3598 4.90494 -0.813243 
v -33.3598 4.81667 -0.845889 
v -33.3598 4.83168 -0.82761 
v -33.3598 4.59647 -0.676917 
v -33.3598 4.5988 -0.672149 
v -33.3598 4.57391 -0.60837 
v -33.3598 4.57391 -0.60837 
v -33.5598 4.65211 -0.560101 
v -33.5598 4.90502 -0.686749 
v -33.3598 4.91524 -0.750004 
v -33.3598 4.83401 -0.822841 
v -33.3598 4.84803 -0.794234 
v -33.3598 4.61381 -0.653869 
v -33.3598 4.61631 -0.650823 
v -33.3598 4.61631 -0.650823 
v -33.3598 4.6044 -0.5834 
v -33.5598 4.71537 -0.549877 
v -33.5598 4.88172 -0.63904 
v -33.3598 4.90502 -0.686752 
v -33.3598 4.84906 -0.787909 
v -33.3598 4.85524 -0.749966 
v -33.3598 4.6346 -0.635841 
v -33.3598 4.63765 -0.633344 
v -33.3598 4.65211 -0.560103 
v -33.5598 4.7786 -0.560179 
v -33.5598 4.85675 -0.608543 
v -33.5598 4.85675 -0.608543 
v -33.3598 4.88172 -0.639043 
v -33.3598 4.84808 -0.70569 
v -33.3598 4.85422 -0.743641 
v -33.3598 4.66628 -0.619366 
v -33.3598 4.67105 -0.617036 
v -33.3598 4.71536 -0.549879 
v -33.5598 4.82628 -0.583536 
v -33.3598 4.85675 -0.608546 
v -33.3598 4.85675 -0.608546 
v -33.3598 4.83178 -0.672294 
v -33.3598 4.84575 -0.700919 
v -33.3598 4.709 -0.610902 
v -33.3598 4.71533 -0.609879 
v -33.3598 4.7786 -0.560182 
v -33.3598 4.82628 -0.583538 
v -33.3598 4.8143 -0.650946 
v -33.3598 4.8143 -0.650946 
v -33.3598 4.82928 -0.669244 
v -33.3598 4.75327 -0.616061 
v -33.3598 4.75959 -0.617091 
v -33.3598 4.79297 -0.63344 
v -33.3598 4.81125 -0.648445 
v -33.3598 4.7882 -0.631105 
v -33.4398 4.63751 -0.866317 
v -33.4398 4.61618 -0.848812 
v -33.4398 4.61618 -0.848812 
v -33.4398 4.67089 -0.882666 
v -33.4398 4.5987 -0.827464 
v -33.4398 4.71515 -0.889878 
v -33.4398 4.5824 -0.794067 
v -33.4398 4.75943 -0.882721 
v -33.4398 4.57524 -0.749791 
v -33.4398 4.79283 -0.866414 
v -33.4398 4.58245 -0.705524 
v -33.4398 4.81417 -0.848935 
v -33.4398 4.81417 -0.848935 
v -33.4398 4.5988 -0.672148 
v -33.4398 4.83168 -0.827609 
v -33.4398 4.61631 -0.650822 
v -33.4398 4.61631 -0.650822 
v -33.4398 4.84803 -0.794233 
v -33.4398 4.63765 -0.633343 
v -33.4398 4.85524 -0.749965 
v -33.4398 4.67105 -0.617035 
v -33.4398 4.84808 -0.705689 
v -33.4398 4.71533 -0.609878 
v -33.4398 4.83178 -0.672293 
v -33.4398 4.75959 -0.61709 
v -33.4398 4.8143 -0.650945 
v -33.4398 4.8143 -0.650945 
v -33.4398 4.79297 -0.633439 

vn -1 0 0 
vn -1 0 0 
vn -1 0 0 
vn -1 0 0 
vn 0 -0.559055 -0.826772 
vn -1 0 0 
vn -1 0 0 
vn 0 -0.338583 -0.944882 
vn 0 -0.732283 -0.685039 
vn -1 0 0 
vn -1 0 0 
vn 0 -0.0551181 -1 
vn 1 0 0 
vn 1 0 0 
vn 1 0 0 
vn 1 0 0 
vn 1 0 0 
vn 0 -0.866142 -0.496063 
vn -1 0 0 
vn -1 0 0 
vn 0 0.244094 -0.968504 
vn 1 0 0 
vn 1 0 0 
vn 1 0 0 
vn 1 0 0 
vn 0 -0.968504 -0.244094 
vn -1 0 0 
vn -1 0 0 
vn 0 0.496063 -0.866142 
vn 1 0 0 
vn 1 0 0 
vn 1 0 0 
vn 1 0 0 
vn 0 -1 0.0551181 
vn -1 0 0 
vn -1 0 0 
vn 0 0.685039 -0.732283 
vn 1 0 0 
vn 1 0 0 
vn 1 0 0 
vn 1 0 0 
vn 0 -0.944882 0.338583 
vn -1 0 0 
vn -1 0 0 
vn 0 0.826772 -0.559055 
vn 1 0 0 
vn 1 0 0 
vn 1 0 0 
vn 1 0 0 
vn 0 -0.826772 0.559055 
vn -1 0 0 
vn -1 0 0 
vn 0 0.944882 -0.338583 
vn 1 0 0 
vn 1 0 0 
vn 1 0 0 
vn 1 0 0 
vn 0 -0.685039 0.732283 
vn -1 0 0 
vn -1 0 0 
vn 0 1 -0.0551181 
vn 1 0 0 
vn 1 0 0 
vn 1 0 0 
vn 1 0 0 
vn 0 -0.496063 0.866142 
vn -1 0 0 
vn -1 0 0 
vn 0 0.968504 0.244094 
vn 1 0 0 
vn 1 0 0 
vn 1 0 0 
vn 1 0 0 
vn 0 -0.244094 0.968504 
vn -1 0 0 
vn -1 0 0 
vn 0 0.866142 0.496063 
vn 1 0 0 
vn 1 0 0 
vn 1 0 0 
vn 1 0 0 
vn 0 0.0551181 1 
vn -1 0 0 
vn 0 0.732283 0.685039 
vn 1 0 0 
vn 1 0 0 
vn 1 0 0 
vn 1 0 0 
vn 0 0.338583 0.944882 
vn 0 0.559055 0.826772 
vn 1 0 0 
vn 1 0 0 
vn 1 0 0 
vn 1 0 0 
vn 1 0 0 
vn 1 0 0 
vn 1 0 0 
vn 1 0 0 
vn 1 0 0 
vn 1 0 0 
vn 1 0 0 
vn 1 0 0 
vn 1 0 0 
vn 1 0 0 
vn 1 0 0 
vn 1 0 0 
vn 1 0 0 
vn 1 0 0 
vn 1 0 0 
vn 1 0 0 
vn 1 0 0 
vn 1 0 0 
vn 1 0 0 
vn 1 0 0 
vn 1 0 0 
vn 1 0 0 
vn 1 0 0 
vn 1 0 0 
vn 1 0 0 
vn 1 0 0 
vn 1 0 0 
vn 1 0 0 
vn 0 -0.496063 -0.866142 
vn 0 -0.685039 -0.732283 
vn 0 -0.685039 -0.732283 
vn 0 -0.244094 -0.968504 
vn 1 0 0 
vn 0 -0.826772 -0.559055 
vn 0 0.0551181 -1 
vn 1 0 0 
vn 0 -0.732283 -0.685039 
vn 1 0 0 
vn 0 -0.944882 -0.338583 
vn 0 0.338583 -0.944882 
vn 1 0 0 
vn 0 0.598425 0.795276 
vn 0 0.440945 0.897638 
vn 0 0.393701 0.92126 
vn 0 0.637795 0.771654 
vn 0 0.755906 0.653543 
vn 0 0.755906 0.653543 
vn 1 0 0 
vn 0 -1 -0.0551181 
vn 0 0.559055 -0.826772 
vn 1 0 0 
vn 0 0.15748 0.984252 
vn 0 0.11811 0.992126 
vn 0 0.771654 0.629921 
vn 0 0.889764 0.464567 
vn 1 0 0 
vn 0 -0.968504 0.244094 
vn 0 0.732283 -0.685039 
vn 0 0.732283 -0.685039 
vn 1 0 0 
vn 0 -0.15748 0.984252 
vn 0 -0.19685 0.984252 
vn 0 0.897638 0.440945 
vn 0 0.984252 0.19685 
vn 1 0 0 
vn 0 -0.866142 0.496063 
vn 0 0.866142 -0.496063 
vn 1 0 0 
vn 0 0.685039 -0.732283 
vn 0 -0.440945 0.897638 
vn 0 -0.464567 0.889764 
vn 0 0.984252 0.15748 
vn 0 0.992126 -0.11811 
vn 1 0 0 
vn 0 -0.732283 0.685039 
vn 0 -0.732283 0.685039 
vn 0 0.968504 -0.244094 
vn 1 0 0 
vn 0 -0.629921 0.771654 
vn 0 -0.653543 0.755906 
vn 0 -0.653543 0.755906 
vn 0 0.984252 -0.15748 
vn 0 0.92126 -0.393701 
vn 1 0 0 
vn 0 -0.559055 0.826772 
vn 0 1 0.0551181 
vn 1 0 0 
vn 0 -0.771654 0.637795 
vn 0 -0.795276 0.598425 
vn 0 0.897638 -0.440945 
vn 0 0.795276 -0.598425 
vn 0 -0.685039 0.732283 
vn 1 0 0 
vn 0 -0.338583 0.944882 
vn 0 0.944882 0.338583 
vn 1 0 0 
vn 0 -0.897638 0.440945 
vn 0 -0.92126 0.393701 
vn 0 0.771654 -0.637795 
vn 0 0.653543 -0.755906 
vn 0 0.653543 -0.755906 
vn 1 0 0 
vn 0 -0.0551181 1 
vn 0 0.826772 0.559055 
vn 1 0 0 
vn 0 -0.984252 0.15748 
vn 0 -0.992126 0.11811 
vn 0 0.629921 -0.771654 
vn 0 0.464567 -0.889764 
vn 1 0 0 
vn 0 0.244094 0.968504 
vn 0 0.685039 0.732283 
vn 0 0.685039 0.732283 
vn 1 0 0 
vn 0 -0.984252 -0.19685 
vn 0 -0.984252 -0.15748 
vn 0 0.440945 -0.897638 
vn 0 0.19685 -0.984252 
vn 1 0 0 
vn 0 0.496063 0.866142 
vn 1 0 0 
vn 0 0.732283 0.685039 
vn 0 -0.889764 -0.464567 
vn 0 -0.897638 -0.440945 
vn 0 0.15748 -0.984252 
vn 0 -0.11811 -0.992126 
vn 1 0 0 
vn 1 0 0 
vn 0 -0.755906 -0.653543 
vn 0 -0.755906 -0.653543 
vn 0 -0.771654 -0.629921 
vn 0 -0.15748 -0.984252 
vn 0 -0.393701 -0.92126 
vn 0 -0.598425 -0.795276 
vn 0 -0.637795 -0.771654 
vn 0 -0.440945 -0.897638 
vn 0 0.551181 0.834646 
vn 0 0.724409 0.692913 
vn 0 0.724409 0.692913 
vn 0 0.322835 0.944882 
vn 0 0.866142 0.503937 
vn 0 0.0393701 1 
vn 0 0.968504 0.259843 
vn 0 -0.259843 0.968504 
vn 0 1 -0.0393701 
vn 0 -0.503937 0.866142 
vn 0 0.944882 -0.322835 
vn 0 -0.692913 0.724409 
vn 0 -0.692913 0.724409 
vn 0 0.834646 -0.551181 
vn 0 -0.834646 0.551181 
vn 0 0.692913 -0.724409 
vn 0 0.692913 -0.724409 
vn 0 -0.944882 0.322835 
vn 0 0.503937 -0.866142 
vn 0 -1 0.0393701 
vn 0 0.259843 -0.968504 
vn 0 -0.968504 -0.259843 
vn 0 -0.0393701 -1 
vn 0 -0.866142 -0.503937 
vn 0 -0.322835 -0.944882 
vn 0 -0.724409 -0.692913 
vn 0 -0.724409 -0.692913 
vn 0 -0.551181 -0.834646 

vt -0.19085 1.17561 
vt -0.170049 1.18947 
vt -0.173172 1.19328 
vt -0.167133 1.18351 
vt -0.17835 1.18947 
vt -0.176982 1.19641 
vt -0.16585 1.17561 
vt -0.17835 1.18351 
vt -0.17835 1.19328 
vt -0.182944 1.19932 
vt -0.167133 1.1677 
vt -0.17835 1.17561 
vt -0.205411 1.18531 
vt -0.205702 1.18472 
vt -0.207452 1.18114 
vt -0.203537 1.1876 
vt -0.203224 1.18798 
vt -0.17835 1.16174 
vt -0.19085 1.20061 
vt -0.170049 1.16174 
vt -0.17835 1.1677 
vt -0.20758 1.18035 
vt -0.20835 1.17561 
vt -0.200938 1.18986 
vt -0.200557 1.19017 
vt -0.17835 1.1677 
vt -0.198756 1.19932 
vt -0.173172 1.15793 
vt -0.17835 1.16174 
vt -0.208222 1.17482 
vt -0.207452 1.17007 
vt -0.19698 1.19192 
vt -0.196384 1.19221 
vt -0.17835 1.17561 
vt -0.204718 1.19641 
vt -0.176982 1.15481 
vt -0.17835 1.15793 
vt -0.20716 1.16948 
vt -0.205411 1.1659 
vt -0.191641 1.19298 
vt -0.19085 1.19311 
vt -0.17835 1.18351 
vt -0.208528 1.19328 
vt -0.182944 1.15189 
vt -0.20335 1.16174 
vt -0.205098 1.16552 
vt -0.203224 1.16323 
vt -0.186107 1.19234 
vt -0.185316 1.19221 
vt -0.17835 1.18947 
vt -0.211651 1.18947 
vt -0.19085 1.15061 
vt -0.20335 1.1677 
vt -0.202843 1.16292 
vt -0.200557 1.16105 
vt -0.181739 1.19046 
vt -0.181143 1.19017 
vt -0.17835 1.19328 
vt -0.214567 1.18351 
vt -0.198756 1.15189 
vt -0.20335 1.17561 
vt -0.199961 1.16075 
vt -0.196384 1.15901 
vt -0.178857 1.18829 
vt -0.178476 1.18798 
vt -0.20335 1.18947 
vt -0.21585 1.17561 
vt -0.204718 1.15481 
vt -0.20335 1.18351 
vt -0.195593 1.15888 
vt -0.19085 1.15811 
vt -0.176601 1.1857 
vt -0.176289 1.18531 
vt -0.20335 1.18351 
vt -0.214567 1.1677 
vt -0.208528 1.15793 
vt -0.20335 1.18947 
vt -0.185316 1.15901 
vt -0.190059 1.15824 
vt -0.17454 1.18174 
vt -0.174248 1.18114 
vt -0.20335 1.17561 
vt -0.211651 1.16174 
vt -0.20335 1.19328 
vt -0.181143 1.16105 
vt -0.18472 1.1593 
vt -0.173478 1.1764 
vt -0.17335 1.17561 
vt -0.20335 1.1677 
vt -0.20335 1.16174 
vt -0.178476 1.16323 
vt -0.180762 1.16136 
vt -0.17412 1.17086 
vt -0.174248 1.17007 
vt -0.176289 1.1659 
vt -0.178163 1.16361 
vt -0.175997 1.1665 
vt -0.205411 1.18531 
vt -0.19085 1.17561 
vt -0.203224 1.18798 
vt -0.207452 1.18114 
vt -0.200557 1.19017 
vt -0.20835 1.17561 
vt -0.196384 1.19221 
vt -0.207452 1.17007 
vt -0.19085 1.19311 
vt -0.205411 1.1659 
vt -0.185316 1.19221 
vt -0.203224 1.16323 
vt -0.181143 1.19017 
vt -0.200557 1.16105 
vt -0.178476 1.18798 
vt -0.196384 1.15901 
vt -0.176289 1.18531 
vt -0.19085 1.15811 
vt -0.174248 1.18114 
vt -0.185316 1.15901 
vt -0.17335 1.17561 
vt -0.181143 1.16105 
vt -0.174248 1.17007 
vt -0.178476 1.16323 
vt -0.176289 1.1659 
vt -0.20335 1.18947 
vt -0.20335 1.15793 
vt -0.20335 1.19328 
vt -0.20335 1.18351 
vt -0.211651 1.18947 
vt -0.20335 1.16174 
vt -0.20335 1.17561 
vt -0.214567 1.18351 
vt -0.17835 1.15793 
vt -0.208528 1.19328 
vt -0.20335 1.1677 
vt -0.20335 1.1677 
vt -0.21585 1.17561 
vt -0.20335 1.18531 
vt -0.20335 1.18472 
vt -0.20335 1.18114 
vt -0.20335 1.1876 
vt -0.20335 1.16323 
vt -0.20335 1.18798 
vt -0.204717 1.19641 
vt -0.20335 1.17561 
vt -0.20335 1.16174 
vt -0.214567 1.1677 
vt -0.20335 1.18035 
vt -0.20335 1.17561 
vt -0.20335 1.16552 
vt -0.20335 1.1659 
vt -0.198756 1.19932 
vt -0.20335 1.18351 
vt -0.20335 1.15793 
vt -0.17835 1.15793 
vt -0.211651 1.16174 
vt -0.20335 1.17482 
vt -0.20335 1.17007 
vt -0.20335 1.16948 
vt -0.20335 1.17007 
vt -0.19085 1.20061 
vt -0.20335 1.18947 
vt -0.17835 1.16174 
vt -0.208528 1.15793 
vt -0.20335 1.15793 
vt -0.20335 1.16948 
vt -0.20335 1.1659 
vt -0.20335 1.17482 
vt -0.20335 1.17561 
vt -0.182944 1.19932 
vt -0.17835 1.19328 
vt -0.20335 1.19328 
vt -0.17835 1.1677 
vt -0.204718 1.15481 
vt -0.20335 1.16552 
vt -0.20335 1.16323 
vt -0.17835 1.16323 
vt -0.20335 1.18035 
vt -0.20335 1.18114 
vt -0.176982 1.19641 
vt -0.17835 1.18947 
vt -0.17835 1.17561 
vt -0.198756 1.15189 
vt -0.17835 1.16361 
vt -0.17835 1.1659 
vt -0.20335 1.18472 
vt -0.20335 1.18531 
vt -0.20335 1.19328 
vt -0.173172 1.19328 
vt -0.17835 1.18351 
vt -0.17835 1.18351 
vt -0.19085 1.15061 
vt -0.17835 1.1665 
vt -0.17835 1.17007 
vt -0.20335 1.1876 
vt -0.17835 1.18798 
vt -0.20335 1.18798 
vt -0.170049 1.18947 
vt -0.17835 1.17561 
vt -0.17835 1.18947 
vt -0.182944 1.15189 
vt -0.17835 1.17086 
vt -0.17835 1.17561 
vt -0.17835 1.1857 
vt -0.17835 1.18531 
vt -0.167133 1.18351 
vt -0.17835 1.1677 
vt -0.17835 1.19328 
vt -0.17835 1.15793 
vt -0.176982 1.15481 
vt -0.17835 1.18114 
vt -0.17835 1.1764 
vt -0.17835 1.18174 
vt -0.17835 1.18114 
vt -0.16585 1.17561 
vt -0.17835 1.16174 
vt -0.173172 1.15793 
vt -0.20335 1.15793 
vt -0.17835 1.18531 
vt -0.17835 1.18174 
vt -0.17835 1.1764 
vt -0.17835 1.17561 
vt -0.167133 1.1677 
vt -0.170049 1.16174 
vt -0.17835 1.18798 
vt -0.17835 1.16323 
vt -0.17835 1.1857 
vt -0.17835 1.17086 
vt -0.17835 1.17007 
vt -0.17835 1.1659 
vt -0.17835 1.16361 
vt -0.17835 1.1665 
vt -0.193349 1.18531 
vt -0.193349 1.18798 
vt -0.193349 1.16323 
vt -0.193349 1.18114 
vt -0.193349 1.1659 
vt -0.193349 1.17561 
vt -0.193349 1.17007 
vt -0.193349 1.17007 
vt -0.193349 1.17561 
vt -0.193349 1.1659 
vt -0.193349 1.18114 
vt -0.188351 1.16323 
vt -0.193349 1.16323 
vt -0.193349 1.18531 
vt -0.188351 1.1659 
vt -0.193349 1.18798 
vt -0.188351 1.18798 
vt -0.188351 1.17007 
vt -0.188351 1.18531 
vt -0.188351 1.17561 
vt -0.188351 1.18114 
vt -0.188351 1.18114 
vt -0.188351 1.17561 
vt -0.188351 1.18531 
vt -0.188351 1.17007 
vt -0.188351 1.16323 
vt -0.188351 1.18798 
vt -0.188351 1.1659 

usemtl Union2Mtl

f 933/933/933 934/934/934 935/935/935 
f 934/934/934 933/933/933 936/936/936 
f 1057/1057/1057 1055/1055/1055 937/937/937 
f 933/933/933 935/935/935 938/938/938 
f 936/936/936 933/933/933 939/939/939 
f 1055/1055/1055 1058/1058/1058 940/940/940 
f 937/937/937 1055/1055/1055 940/940/940 
f 1057/1057/1057 937/937/937 941/941/941 
f 1060/1060/1060 1056/1056/1056 1063/1063/1063 
f 933/933/933 938/938/938 942/942/942 
f 939/939/939 933/933/933 943/943/943 
f 1058/1058/1058 1061/1061/1061 944/944/944 
f 940/940/940 1058/1058/1058 944/944/944 
f 945/945/945 1059/1059/1059 946/946/946 
f 946/946/946 1062/1062/1062 947/947/947 
f 1062/1062/1062 946/946/946 1059/1059/1059 
f 1064/1064/1064 1059/1059/1059 948/948/948 
f 948/948/948 949/949/949 1064/1064/1064 
f 945/945/945 948/948/948 1059/1059/1059 
f 1060/1060/1060 1063/1063/1063 950/950/950 
f 1065/1065/1065 1060/1060/1060 950/950/950 
f 933/933/933 942/942/942 951/951/951 
f 943/943/943 933/933/933 952/952/952 
f 1061/1061/1061 1066/1066/1066 953/953/953 
f 944/944/944 1061/1061/1061 953/953/953 
f 947/947/947 1062/1062/1062 954/954/954 
f 954/954/954 1067/1067/1067 955/955/955 
f 1067/1067/1067 954/954/954 1062/1062/1062 
f 1074/1074/1074 1064/1064/1064 956/956/956 
f 1074/1074/1074 956/956/956 957/957/957 
f 956/956/956 1064/1064/1064 949/949/949 
f 1065/1065/1065 950/950/950 958/958/958 
f 1075/1075/1075 1065/1065/1065 958/958/958 
f 933/933/933 951/951/951 959/959/959 
f 952/952/952 933/933/933 960/960/960 
f 1066/1066/1066 1076/1076/1076 961/961/961 
f 953/953/953 1066/1066/1066 961/961/961 
f 955/955/955 1067/1067/1067 962/962/962 
f 962/962/962 1077/1077/1077 963/963/963 
f 1077/1077/1077 962/962/962 1067/1067/1067 
f 1082/1082/1082 1074/1074/1074 964/964/964 
f 1082/1082/1082 964/964/964 965/965/965 
f 964/964/964 1074/1074/1074 957/957/957 
f 1075/1075/1075 958/958/958 966/966/966 
f 1083/1083/1083 1075/1075/1075 966/966/966 
f 933/933/933 959/959/959 967/967/967 
f 960/960/960 933/933/933 968/968/968 
f 1076/1076/1076 1084/1084/1084 969/969/969 
f 961/961/961 1076/1076/1076 969/969/969 
f 970/970/970 963/963/963 1077/1077/1077 
f 1086/1086/1086 971/971/971 970/970/970 
f 1086/1086/1086 970/970/970 1077/1077/1077 
f 1091/1091/1091 1082/1082/1082 972/972/972 
f 1091/1091/1091 972/972/972 973/973/973 
f 972/972/972 1082/1082/1082 965/965/965 
f 1083/1083/1083 966/966/966 974/974/974 
f 1092/1092/1092 1083/1083/1083 974/974/974 
f 933/933/933 967/967/967 975/975/975 
f 968/968/968 933/933/933 976/976/976 
f 1085/1085/1085 1093/1093/1093 977/977/977 
f 1095/1095/1095 1085/1085/1085 977/977/977 
f 978/978/978 971/971/971 1086/1086/1086 
f 978/978/978 1094/1094/1094 979/979/979 
f 1094/1094/1094 978/978/978 1086/1086/1086 
f 1100/1100/1100 1091/1091/1091 980/980/980 
f 980/980/980 981/981/981 1100/1100/1100 
f 973/973/973 980/980/980 1091/1091/1091 
f 1092/1092/1092 974/974/974 982/982/982 
f 1102/1102/1102 1092/1092/1092 982/982/982 
f 933/933/933 975/975/975 983/983/983 
f 976/976/976 933/933/933 984/984/984 
f 1093/1093/1093 1103/1103/1103 985/985/985 
f 977/977/977 1093/1093/1093 985/985/985 
f 986/986/986 979/979/979 1094/1094/1094 
f 986/986/986 1104/1104/1104 987/987/987 
f 1104/1104/1104 986/986/986 1094/1094/1094 
f 1110/1110/1110 1100/1100/1100 988/988/988 
f 988/988/988 989/989/989 1110/1110/1110 
f 981/981/981 988/988/988 1100/1100/1100 
f 1102/1102/1102 982/982/982 990/990/990 
f 1111/1111/1111 1101/1101/1101 1118/1118/1118 
f 933/933/933 983/983/983 991/991/991 
f 984/984/984 933/933/933 992/992/992 
f 1103/1103/1103 1112/1112/1112 993/993/993 
f 985/985/985 1103/1103/1103 993/993/993 
f 994/994/994 987/987/987 1104/1104/1104 
f 994/994/994 1113/1113/1113 995/995/995 
f 1113/1113/1113 994/994/994 1104/1104/1104 
f 1119/1119/1119 1110/1110/1110 996/996/996 
f 996/996/996 997/997/997 1119/1119/1119 
f 989/989/989 996/996/996 1110/1110/1110 
f 1111/1111/1111 1118/1118/1118 998/998/998 
f 1120/1120/1120 1111/1111/1111 998/998/998 
f 933/933/933 991/991/991 999/999/999 
f 992/992/992 933/933/933 1000/1000/1000 
f 1112/1112/1112 1121/1121/1121 1001/1001/1001 
f 993/993/993 1112/1112/1112 1001/1001/1001 
f 1002/1002/1002 995/995/995 1113/1113/1113 
f 1002/1002/1002 1122/1122/1122 1003/1003/1003 
f 1122/1122/1122 1002/1002/1002 1113/1113/1113 
f 1128/1128/1128 1119/1119/1119 1004/1004/1004 
f 1004/1004/1004 1005/1005/1005 1128/1128/1128 
f 1004/1004/1004 1119/1119/1119 997/997/997 
f 1120/1120/1120 998/998/998 1006/1006/1006 
f 1129/1129/1129 1120/1120/1120 1006/1006/1006 
f 933/933/933 999/999/999 1007/1007/1007 
f 1000/1000/1000 933/933/933 1008/1008/1008 
f 1121/1121/1121 1130/1130/1130 1009/1009/1009 
f 1001/1001/1001 1121/1121/1121 1009/1009/1009 
f 1010/1010/1010 1011/1011/1011 1131/1131/1131 
f 1122/1122/1122 1131/1131/1131 1011/1011/1011 
f 1122/1122/1122 1011/1011/1011 1003/1003/1003 
f 1128/1128/1128 1005/1005/1005 1012/1012/1012 
f 1136/1136/1136 1012/1012/1012 1013/1013/1013 
f 1012/1012/1012 1136/1136/1136 1128/1128/1128 
f 1129/1129/1129 1006/1006/1006 1014/1014/1014 
f 1137/1137/1137 1129/1129/1129 1014/1014/1014 
f 933/933/933 1007/1007/1007 1015/1015/1015 
f 1008/1008/1008 933/933/933 1015/1015/1015 
f 1130/1130/1130 1138/1138/1138 1016/1016/1016 
f 1009/1009/1009 1130/1130/1130 1016/1016/1016 
f 1017/1017/1017 1018/1018/1018 1140/1140/1140 
f 1131/1131/1131 1140/1140/1140 1018/1018/1018 
f 1131/1131/1131 1018/1018/1018 1010/1010/1010 
f 1136/1136/1136 1013/1013/1013 1019/1019/1019 
f 1019/1019/1019 1020/1020/1020 1145/1145/1145 
f 1019/1019/1019 1145/1145/1145 1136/1136/1136 
f 1137/1137/1137 1014/1014/1014 1021/1021/1021 
f 1146/1146/1146 1137/1137/1137 1021/1021/1021 
f 1139/1139/1139 1146/1146/1146 1022/1022/1022 
f 1148/1148/1148 1139/1139/1139 1022/1022/1022 
f 1023/1023/1023 1024/1024/1024 1147/1147/1147 
f 1140/1140/1140 1147/1147/1147 1024/1024/1024 
f 1140/1140/1140 1024/1024/1024 1017/1017/1017 
f 1145/1145/1145 1020/1020/1020 1025/1025/1025 
f 1025/1025/1025 1026/1026/1026 1153/1153/1153 
f 1025/1025/1025 1153/1153/1153 1145/1145/1145 
f 1146/1146/1146 1021/1021/1021 1022/1022/1022 
f 1027/1027/1027 1028/1028/1028 1154/1154/1154 
f 1147/1147/1147 1154/1154/1154 1028/1028/1028 
f 1147/1147/1147 1028/1028/1028 1023/1023/1023 
f 1153/1153/1153 1026/1026/1026 1029/1029/1029 
f 1029/1029/1029 1027/1027/1027 1154/1154/1154 
f 1029/1029/1029 1154/1154/1154 1153/1153/1153 
f 1030/1030/1030 1031/1031/1031 1032/1032/1032 
f 1031/1031/1031 1030/1030/1030 1033/1033/1033 
f 1032/1032/1032 1031/1031/1031 1034/1034/1034 
f 1031/1031/1031 1033/1033/1033 1035/1035/1035 
f 1034/1034/1034 1031/1031/1031 1036/1036/1036 
f 1031/1031/1031 1035/1035/1035 1037/1037/1037 
f 1036/1036/1036 1031/1031/1031 1038/1038/1038 
f 1031/1031/1031 1037/1037/1037 1039/1039/1039 
f 1038/1038/1038 1031/1031/1031 1040/1040/1040 
f 1031/1031/1031 1039/1039/1039 1041/1041/1041 
f 1040/1040/1040 1031/1031/1031 1042/1042/1042 
f 1031/1031/1031 1041/1041/1041 1043/1043/1043 
f 1042/1042/1042 1031/1031/1031 1044/1044/1044 
f 1031/1031/1031 1043/1043/1043 1045/1045/1045 
f 1044/1044/1044 1031/1031/1031 1046/1046/1046 
f 1031/1031/1031 1045/1045/1045 1047/1047/1047 
f 1046/1046/1046 1031/1031/1031 1048/1048/1048 
f 1031/1031/1031 1047/1047/1047 1049/1049/1049 
f 1048/1048/1048 1031/1031/1031 1050/1050/1050 
f 1031/1031/1031 1049/1049/1049 1051/1051/1051 
f 1050/1050/1050 1031/1031/1031 1052/1052/1052 
f 1031/1031/1031 1051/1051/1051 1053/1053/1053 
f 1052/1052/1052 1031/1031/1031 1054/1054/1054 
f 1031/1031/1031 1053/1053/1053 1054/1054/1054 
f 1071/1071/1071 1068/1068/1068 1163/1163/1163 
f 1071/1071/1071 1163/1163/1163 1164/1164/1164 
f 1069/1069/1069 1070/1070/1070 1166/1166/1166 
f 1069/1069/1069 1166/1166/1166 1163/1163/1163 
f 1068/1068/1068 1069/1069/1069 1163/1163/1163 
f 1073/1073/1073 1071/1071/1071 1164/1164/1164 
f 1080/1080/1080 1072/1072/1072 1165/1165/1165 
f 1080/1080/1080 1165/1165/1165 1167/1167/1167 
f 1078/1078/1078 1079/1079/1079 1168/1168/1168 
f 1078/1078/1078 1168/1168/1168 1166/1166/1166 
f 1070/1070/1070 1078/1078/1078 1166/1166/1166 
f 1081/1081/1081 1080/1080/1080 1167/1167/1167 
f 1089/1089/1089 1081/1081/1081 1167/1167/1167 
f 1089/1089/1089 1167/1167/1167 1169/1169/1169 
f 1087/1087/1087 1088/1088/1088 1170/1170/1170 
f 1087/1087/1087 1170/1170/1170 1168/1168/1168 
f 1079/1079/1079 1087/1087/1087 1168/1168/1168 
f 1090/1090/1090 1089/1089/1089 1169/1169/1169 
f 1098/1098/1098 1090/1090/1090 1169/1169/1169 
f 1098/1098/1098 1169/1169/1169 1171/1171/1171 
f 1096/1096/1096 1097/1097/1097 1172/1172/1172 
f 1096/1096/1096 1172/1172/1172 1170/1170/1170 
f 1088/1088/1088 1096/1096/1096 1170/1170/1170 
f 1099/1099/1099 1098/1098/1098 1171/1171/1171 
f 1108/1108/1108 1099/1099/1099 1171/1171/1171 
f 1108/1108/1108 1171/1171/1171 1173/1173/1173 
f 1105/1105/1105 1106/1106/1106 1175/1175/1175 
f 1105/1105/1105 1175/1175/1175 1172/1172/1172 
f 1097/1097/1097 1105/1105/1105 1172/1172/1172 
f 1109/1109/1109 1108/1108/1108 1173/1173/1173 
f 1116/1116/1116 1109/1109/1109 1173/1173/1173 
f 1116/1116/1116 1173/1173/1173 1176/1176/1176 
f 1114/1114/1114 1115/1115/1115 1177/1177/1177 
f 1114/1114/1114 1177/1177/1177 1174/1174/1174 
f 1107/1107/1107 1114/1114/1114 1174/1174/1174 
f 1117/1117/1117 1116/1116/1116 1176/1176/1176 
f 1125/1125/1125 1117/1117/1117 1176/1176/1176 
f 1125/1125/1125 1176/1176/1176 1178/1178/1178 
f 1123/1123/1123 1124/1124/1124 1180/1180/1180 
f 1123/1123/1123 1180/1180/1180 1177/1177/1177 
f 1115/1115/1115 1123/1123/1123 1177/1177/1177 
f 1127/1127/1127 1125/1125/1125 1178/1178/1178 
f 1134/1134/1134 1126/1126/1126 1179/1179/1179 
f 1134/1134/1134 1179/1179/1179 1181/1181/1181 
f 1132/1132/1132 1133/1133/1133 1182/1182/1182 
f 1132/1132/1132 1182/1182/1182 1180/1180/1180 
f 1124/1124/1124 1132/1132/1132 1180/1180/1180 
f 1135/1135/1135 1134/1134/1134 1181/1181/1181 
f 1143/1143/1143 1135/1135/1135 1181/1181/1181 
f 1143/1143/1143 1181/1181/1181 1183/1183/1183 
f 1142/1142/1142 1141/1141/1141 1184/1184/1184 
f 1142/1142/1142 1184/1184/1184 1182/1182/1182 
f 1133/1133/1133 1142/1142/1142 1182/1182/1182 
f 1144/1144/1144 1143/1143/1143 1183/1183/1183 
f 1151/1151/1151 1144/1144/1144 1183/1183/1183 
f 1151/1151/1151 1183/1183/1183 1185/1185/1185 
f 1150/1150/1150 1149/1149/1149 1186/1186/1186 
f 1150/1150/1150 1186/1186/1186 1184/1184/1184 
f 1141/1141/1141 1150/1150/1150 1184/1184/1184 
f 1152/1152/1152 1151/1151/1151 1185/1185/1185 
f 1158/1158/1158 1152/1152/1152 1185/1185/1185 
f 1158/1158/1158 1185/1185/1185 1187/1187/1187 
f 1157/1157/1157 1155/1155/1155 1189/1189/1189 
f 1157/1157/1157 1189/1189/1189 1186/1186/1186 
f 1149/1149/1149 1157/1157/1157 1186/1186/1186 
f 1159/1159/1159 1158/1158/1158 1187/1187/1187 
f 1162/1162/1162 1159/1159/1159 1187/1187/1187 
f 1162/1162/1162 1187/1187/1187 1190/1190/1190 
f 1161/1161/1161 1160/1160/1160 1190/1190/1190 
f 1161/1161/1161 1190/1190/1190 1188/1188/1188 
f 1156/1156/1156 1161/1161/1161 1188/1188/1188 
f 1160/1160/1160 1162/1162/1162 1190/1190/1190 

g Union3

v -33.0599 4.71526 -0.749604 
v -33.0599 4.46554 -0.915858 
v -33.0599 4.503 -0.961603 
v -33.0599 4.4306 -0.844294 
v -33.3599 4.46554 -0.915857 
v -33.0599 4.5487 -0.999115 
v -33.0599 4.41526 -0.749417 
v -33.3599 4.4306 -0.844294 
v -33.3599 4.503 -0.961603 
v -33.0599 4.62022 -1.03415 
v -33.0599 4.43072 -0.654558 
v -33.3599 4.41526 -0.749416 
v -33.3599 4.54046 -0.865981 
v -33.3599 4.53696 -0.858824 
v -33.3599 4.516 -0.815886 
v -33.3599 4.56293 -0.893428 
v -33.3599 4.56668 -0.898003 
v -33.3599 4.5487 -0.999114 
v -33.0599 4.71508 -1.0496 
v -33.0599 4.46575 -0.583038 
v -33.3599 4.43072 -0.654557 
v -33.3599 4.51446 -0.806398 
v -33.3599 4.50526 -0.749472 
v -33.3599 4.5941 -0.920509 
v -33.3599 4.59867 -0.924261 
v -33.3599 4.62022 -1.03415 
v -33.0599 4.80995 -1.03427 
v -33.0599 4.50326 -0.537339 
v -33.3599 4.46575 -0.583037 
v -33.3599 4.50681 -0.739985 
v -33.3599 4.51608 -0.683071 
v -33.3599 4.64158 -0.945281 
v -33.3599 4.64873 -0.948785 
v -33.3599 4.71508 -1.0496 
v -33.0599 4.88152 -0.999323 
v -33.0599 4.54901 -0.499885 
v -33.3599 4.50326 -0.537338 
v -33.3599 4.51958 -0.675918 
v -33.3599 4.54061 -0.633007 
v -33.3599 4.70565 -0.958057 
v -33.3599 4.71513 -0.959603 
v -33.3599 4.80995 -1.03427 
v -33.0599 4.92726 -0.961868 
v -33.0599 4.62057 -0.464939 
v -33.3599 4.54901 -0.499884 
v -33.3599 4.54436 -0.628436 
v -33.3599 4.56686 -0.601018 
v -33.3599 4.77206 -0.950401 
v -33.3599 4.78155 -0.948868 
v -33.3599 4.88152 -0.999322 
v -33.0599 4.96478 -0.91617 
v -33.0599 4.71545 -0.449604 
v -33.3599 4.62057 -0.464939 
v -33.3599 4.57144 -0.597272 
v -33.3599 4.59889 -0.574799 
v -33.3599 4.82448 -0.927901 
v -33.3599 4.83164 -0.924406 
v -33.3599 4.92726 -0.961867 
v -33.0599 4.99981 -0.84465 
v -33.0599 4.81031 -0.465058 
v -33.3599 4.71545 -0.449603 
v -33.3599 4.60604 -0.571305 
v -33.3599 4.64898 -0.550338 
v -33.3599 4.85909 -0.901934 
v -33.3599 4.86366 -0.898188 
v -33.3599 4.96477 -0.916169 
v -33.0599 5.01526 -0.749791 
v -33.0599 4.88183 -0.500092 
v -33.3599 4.81031 -0.465057 
v -33.3599 4.65847 -0.548804 
v -33.3599 4.71539 -0.539603 
v -33.3599 4.88617 -0.870769 
v -33.3599 4.88992 -0.866199 
v -33.3599 4.99981 -0.844649 
v -33.0599 4.99993 -0.654913 
v -33.0599 4.92753 -0.537604 
v -33.3599 4.88183 -0.500091 
v -33.3599 4.7818 -0.550421 
v -33.3599 4.72488 -0.541148 
v -33.3599 4.91094 -0.823287 
v -33.3599 4.91444 -0.816135 
v -33.3599 5.01526 -0.74979 
v -33.0599 4.96498 -0.583349 
v -33.3599 4.92753 -0.537603 
v -33.3599 4.83186 -0.574945 
v -33.3599 4.78895 -0.553924 
v -33.3599 4.92372 -0.75922 
v -33.3599 4.92526 -0.749734 
v -33.3599 4.99993 -0.654912 
v -33.3599 4.96498 -0.583348 
v -33.3599 4.86385 -0.601203 
v -33.3599 4.83643 -0.578696 
v -33.3599 4.91606 -0.692808 
v -33.3599 4.91453 -0.683319 
v -33.3599 4.89007 -0.633225 
v -33.3599 4.86759 -0.605778 
v -33.3599 4.89356 -0.640382 
v -33.2399 4.54046 -0.865981 
v -33.2399 4.71526 -0.749603 
v -33.2399 4.56668 -0.898003 
v -33.2399 4.516 -0.815887 
v -33.2399 4.59867 -0.924261 
v -33.2399 4.50526 -0.749472 
v -33.2399 4.64873 -0.948785 
v -33.2399 4.51608 -0.683071 
v -33.2399 4.71513 -0.959603 
v -33.2399 4.54061 -0.633007 
v -33.2399 4.78155 -0.948868 
v -33.2399 4.56686 -0.601018 
v -33.2399 4.83164 -0.924406 
v -33.2399 4.59889 -0.5748 
v -33.2399 4.86366 -0.898188 
v -33.2399 4.64898 -0.550338 
v -33.2399 4.88992 -0.866199 
v -33.2399 4.71539 -0.539603 
v -33.2399 4.91445 -0.816135 
v -33.2399 4.7818 -0.550421 
v -33.2399 4.92526 -0.749734 
v -33.2399 4.83186 -0.574945 
v -33.2399 4.91453 -0.68332 
v -33.2399 4.86385 -0.601203 
v -33.2399 4.89007 -0.633225 
v -33.0599 4.46554 -0.915858 
v -33.0599 4.503 -0.961603 
v -33.0599 4.503 -0.961603 
v -33.0599 4.4306 -0.844294 
v -33.3599 4.46554 -0.915857 
v -33.0599 4.5487 -0.999115 
v -33.0599 4.41526 -0.749417 
v -33.3599 4.4306 -0.844294 
v -33.3599 4.503 -0.961603 
v -33.3599 4.503 -0.961603 
v -33.0599 4.62022 -1.03415 
v -33.0599 4.43072 -0.654558 
v -33.3599 4.41526 -0.749416 
v -33.3599 4.54046 -0.865981 
v -33.3599 4.53696 -0.858824 
v -33.3599 4.516 -0.815886 
v -33.3599 4.56293 -0.893428 
v -33.3599 4.56668 -0.898003 
v -33.3599 4.56668 -0.898003 
v -33.3599 4.5487 -0.999114 
v -33.0599 4.71508 -1.0496 
v -33.0599 4.46575 -0.583038 
v -33.3599 4.43072 -0.654557 
v -33.3599 4.51446 -0.806398 
v -33.3599 4.50526 -0.749472 
v -33.3599 4.5941 -0.920509 
v -33.3599 4.59867 -0.924261 
v -33.3599 4.62022 -1.03415 
v -33.0599 4.80995 -1.03427 
v -33.0599 4.50326 -0.537339 
v -33.0599 4.50326 -0.537339 
v -33.3599 4.46575 -0.583037 
v -33.3599 4.50681 -0.739985 
v -33.3599 4.51608 -0.683071 
v -33.3599 4.64158 -0.945281 
v -33.3599 4.64873 -0.948785 
v -33.3599 4.71508 -1.0496 
v -33.0599 4.88152 -0.999323 
v -33.0599 4.54901 -0.499885 
v -33.3599 4.50326 -0.537338 
v -33.3599 4.50326 -0.537338 
v -33.3599 4.51958 -0.675918 
v -33.3599 4.54061 -0.633007 
v -33.3599 4.70565 -0.958057 
v -33.3599 4.71513 -0.959603 
v -33.3599 4.80995 -1.03427 
v -33.0599 4.92726 -0.961868 
v -33.0599 4.92726 -0.961868 
v -33.0599 4.62057 -0.464939 
v -33.3599 4.54901 -0.499884 
v -33.3599 4.54436 -0.628436 
v -33.3599 4.56686 -0.601018 
v -33.3599 4.56686 -0.601018 
v -33.3599 4.77206 -0.950401 
v -33.3599 4.78155 -0.948868 
v -33.3599 4.88152 -0.999322 
v -33.0599 4.96478 -0.91617 
v -33.0599 4.71545 -0.449604 
v -33.3599 4.62057 -0.464939 
v -33.3599 4.57144 -0.597272 
v -33.3599 4.59889 -0.574799 
v -33.3599 4.82448 -0.927901 
v -33.3599 4.83164 -0.924406 
v -33.3599 4.92726 -0.961867 
v -33.3599 4.92726 -0.961867 
v -33.0599 4.99981 -0.84465 
v -33.0599 4.81031 -0.465058 
v -33.3599 4.71545 -0.449603 
v -33.3599 4.60604 -0.571305 
v -33.3599 4.64898 -0.550338 
v -33.3599 4.85909 -0.901934 
v -33.3599 4.86366 -0.898188 
v -33.3599 4.86366 -0.898188 
v -33.3599 4.96477 -0.916169 
v -33.0599 5.01526 -0.749791 
v -33.0599 4.88183 -0.500092 
v -33.3599 4.81031 -0.465057 
v -33.3599 4.65847 -0.548804 
v -33.3599 4.71539 -0.539603 
v -33.3599 4.88617 -0.870769 
v -33.3599 4.88992 -0.866199 
v -33.3599 4.99981 -0.844649 
v -33.0599 4.99993 -0.654913 
v -33.0599 4.92753 -0.537604 
v -33.0599 4.92753 -0.537604 
v -33.3599 4.88183 -0.500091 
v -33.3599 4.7818 -0.550421 
v -33.3599 4.72488 -0.541148 
v -33.3599 4.91094 -0.823287 
v -33.3599 4.91444 -0.816135 
v -33.3599 5.01526 -0.74979 
v -33.0599 4.96498 -0.583349 
v -33.3599 4.92753 -0.537603 
v -33.3599 4.92753 -0.537603 
v -33.3599 4.83186 -0.574945 
v -33.3599 4.78895 -0.553924 
v -33.3599 4.92372 -0.75922 
v -33.3599 4.92526 -0.749734 
v -33.3599 4.99993 -0.654912 
v -33.3599 4.96498 -0.583348 
v -33.3599 4.86385 -0.601203 
v -33.3599 4.86385 -0.601203 
v -33.3599 4.83643 -0.578696 
v -33.3599 4.91606 -0.692808 
v -33.3599 4.91453 -0.683319 
v -33.3599 4.89007 -0.633225 
v -33.3599 4.86759 -0.605778 
v -33.3599 4.89356 -0.640382 
v -33.2399 4.54046 -0.865981 
v -33.2399 4.56668 -0.898003 
v -33.2399 4.56668 -0.898003 
v -33.2399 4.516 -0.815887 
v -33.2399 4.59867 -0.924261 
v -33.2399 4.50526 -0.749472 
v -33.2399 4.64873 -0.948785 
v -33.2399 4.51608 -0.683071 
v -33.2399 4.71513 -0.959603 
v -33.2399 4.54061 -0.633007 
v -33.2399 4.78155 -0.948868 
v -33.2399 4.56686 -0.601018 
v -33.2399 4.56686 -0.601018 
v -33.2399 4.83164 -0.924406 
v -33.2399 4.59889 -0.5748 
v -33.2399 4.86366 -0.898188 
v -33.2399 4.86366 -0.898188 
v -33.2399 4.64898 -0.550338 
v -33.2399 4.88992 -0.866199 
v -33.2399 4.71539 -0.539603 
v -33.2399 4.91445 -0.816135 
v -33.2399 4.7818 -0.550421 
v -33.2399 4.92526 -0.749734 
v -33.2399 4.83186 -0.574945 
v -33.2399 4.91453 -0.68332 
v -33.2399 4.86385 -0.601203 
v -33.2399 4.86385 -0.601203 
v -33.2399 4.89007 -0.633225 

vn 1 0 0 
vn 1 0 0 
vn 1 0 0 
vn 1 0 0 
vn 0 -0.826772 -0.559055 
vn 1 0 0 
vn 1 0 0 
vn 0 -0.944882 -0.338583 
vn 0 -0.685039 -0.732283 
vn 1 0 0 
vn 1 0 0 
vn 0 -1 -0.0551181 
vn -1 0 0 
vn -1 0 0 
vn -1 0 0 
vn -1 0 0 
vn -1 0 0 
vn 0 -0.496063 -0.866142 
vn 1 0 0 
vn 1 0 0 
vn 0 -0.968504 0.244094 
vn -1 0 0 
vn -1 0 0 
vn -1 0 0 
vn -1 0 0 
vn 0 -0.244094 -0.968504 
vn 1 0 0 
vn 1 0 0 
vn 0 -0.866142 0.496063 
vn -1 0 0 
vn -1 0 0 
vn -1 0 0 
vn -1 0 0 
vn 0 0.0551181 -1 
vn 1 0 0 
vn 1 0 0 
vn 0 -0.732283 0.685039 
vn -1 0 0 
vn -1 0 0 
vn -1 0 0 
vn -1 0 0 
vn 0 0.338583 -0.944882 
vn 1 0 0 
vn 1 0 0 
vn 0 -0.559055 0.826772 
vn -1 0 0 
vn -1 0 0 
vn -1 0 0 
vn -1 0 0 
vn 0 0.559055 -0.826772 
vn 1 0 0 
vn 1 0 0 
vn 0 -0.338583 0.944882 
vn -1 0 0 
vn -1 0 0 
vn -1 0 0 
vn -1 0 0 
vn 0 0.732283 -0.685039 
vn 1 0 0 
vn 1 0 0 
vn 0 -0.0551181 1 
vn -1 0 0 
vn -1 0 0 
vn -1 0 0 
vn -1 0 0 
vn 0 0.866142 -0.496063 
vn 1 0 0 
vn 1 0 0 
vn 0 0.244094 0.968504 
vn -1 0 0 
vn -1 0 0 
vn -1 0 0 
vn -1 0 0 
vn 0 0.968504 -0.244094 
vn 1 0 0 
vn 1 0 0 
vn 0 0.496063 0.866142 
vn -1 0 0 
vn -1 0 0 
vn -1 0 0 
vn -1 0 0 
vn 0 1 0.0551181 
vn 1 0 0 
vn 0 0.685039 0.732283 
vn -1 0 0 
vn -1 0 0 
vn -1 0 0 
vn -1 0 0 
vn 0 0.944882 0.338583 
vn 0 0.826772 0.559055 
vn -1 0 0 
vn -1 0 0 
vn -1 0 0 
vn -1 0 0 
vn -1 0 0 
vn -1 0 0 
vn -1 0 0 
vn -1 0 0 
vn -1 0 0 
vn -1 0 0 
vn -1 0 0 
vn -1 0 0 
vn -1 0 0 
vn -1 0 0 
vn -1 0 0 
vn -1 0 0 
vn -1 0 0 
vn -1 0 0 
vn -1 0 0 
vn -1 0 0 
vn -1 0 0 
vn -1 0 0 
vn -1 0 0 
vn -1 0 0 
vn -1 0 0 
vn -1 0 0 
vn -1 0 0 
vn -1 0 0 
vn -1 0 0 
vn -1 0 0 
vn -1 0 0 
vn -1 0 0 
vn 0 -0.866142 -0.496063 
vn 0 -0.732283 -0.685039 
vn 0 -0.732283 -0.685039 
vn 0 -0.968504 -0.244094 
vn -1 0 0 
vn 0 -0.559055 -0.826772 
vn 0 -1 0.0551181 
vn -1 0 0 
vn 0 -0.685039 -0.732283 
vn -1 0 0 
vn 0 -0.338583 -0.944882 
vn 0 -0.944882 0.338583 
vn -1 0 0 
vn 0 0.80315 0.598425 
vn 0 0.897638 0.440945 
vn 0 0.92126 0.393701 
vn 0 0.771654 0.629921 
vn 0 0.653543 0.755906 
vn 0 0.653543 0.755906 
vn -1 0 0 
vn 0 -0.0551181 -1 
vn 0 -0.826772 0.559055 
vn -1 0 0 
vn 0 0.984252 0.15748 
vn 0 0.992126 0.11811 
vn 0 0.637795 0.771654 
vn 0 0.464567 0.889764 
vn -1 0 0 
vn 0 0.244094 -0.968504 
vn 0 -0.685039 0.732283 
vn 0 -0.685039 0.732283 
vn -1 0 0 
vn 0 0.984252 -0.15748 
vn 0 0.984252 -0.19685 
vn 0 0.440945 0.897638 
vn 0 0.19685 0.984252 
vn -1 0 0 
vn 0 0.496063 -0.866142 
vn 0 -0.496063 0.866142 
vn -1 0 0 
vn 0 -0.732283 0.685039 
vn 0 0.897638 -0.440945 
vn 0 0.889764 -0.464567 
vn 0 0.15748 0.984252 
vn 0 -0.11811 0.992126 
vn -1 0 0 
vn 0 0.685039 -0.732283 
vn 0 0.685039 -0.732283 
vn 0 -0.244094 0.968504 
vn -1 0 0 
vn 0 0.771654 -0.637795 
vn 0 0.755906 -0.653543 
vn 0 0.755906 -0.653543 
vn 0 -0.15748 0.984252 
vn 0 -0.393701 0.92126 
vn -1 0 0 
vn 0 0.826772 -0.559055 
vn 0 0.0551181 1 
vn -1 0 0 
vn 0 0.629921 -0.771654 
vn 0 0.598425 -0.80315 
vn 0 -0.440945 0.897638 
vn 0 -0.598425 0.80315 
vn 0 0.732283 -0.685039 
vn -1 0 0 
vn 0 0.944882 -0.338583 
vn 0 0.338583 0.944882 
vn -1 0 0 
vn 0 0.440945 -0.897638 
vn 0 0.393701 -0.92126 
vn 0 -0.629921 0.771654 
vn 0 -0.755906 0.653543 
vn 0 -0.755906 0.653543 
vn -1 0 0 
vn 0 1 -0.0551181 
vn 0 0.559055 0.826772 
vn -1 0 0 
vn 0 0.15748 -0.984252 
vn 0 0.11811 -0.992126 
vn 0 -0.771654 0.637795 
vn 0 -0.889764 0.464567 
vn -1 0 0 
vn 0 0.968504 0.244094 
vn 0 0.732283 0.685039 
vn 0 0.732283 0.685039 
vn -1 0 0 
vn 0 -0.19685 -0.984252 
vn 0 -0.15748 -0.984252 
vn 0 -0.897638 0.440945 
vn 0 -0.984252 0.19685 
vn -1 0 0 
vn 0 0.866142 0.496063 
vn -1 0 0 
vn 0 0.685039 0.732283 
vn 0 -0.464567 -0.889764 
vn 0 -0.440945 -0.897638 
vn 0 -0.984252 0.15748 
vn 0 -0.992126 -0.11811 
vn -1 0 0 
vn -1 0 0 
vn 0 -0.653543 -0.755906 
vn 0 -0.653543 -0.755906 
vn 0 -0.637795 -0.771654 
vn 0 -0.984252 -0.15748 
vn 0 -0.92126 -0.393701 
vn 0 -0.80315 -0.598425 
vn 0 -0.771654 -0.629921 
vn 0 -0.897638 -0.440945 
vn 0 0.834646 0.551181 
vn 0 0.692913 0.724409 
vn 0 0.692913 0.724409 
vn 0 0.944882 0.322835 
vn 0 0.503937 0.866142 
vn 0 1 0.0393701 
vn 0 0.259843 0.968504 
vn 0 0.968504 -0.259843 
vn 0 -0.0393701 1 
vn 0 0.866142 -0.503937 
vn 0 -0.322835 0.944882 
vn 0 0.724409 -0.692913 
vn 0 0.724409 -0.692913 
vn 0 -0.551181 0.834646 
vn 0 0.551181 -0.834646 
vn 0 -0.724409 0.692913 
vn 0 -0.724409 0.692913 
vn 0 0.322835 -0.944882 
vn 0 -0.866142 0.503937 
vn 0 0.0393701 -1 
vn 0 -0.968504 0.259843 
vn 0 -0.259843 -0.968504 
vn 0 -1 -0.0393701 
vn 0 -0.503937 -0.866142 
vn 0 -0.944882 -0.322835 
vn 0 -0.692913 -0.724409 
vn 0 -0.692913 -0.724409 
vn 0 -0.834646 -0.551181 

vt 0.361004 1.19305 
vt 0.392206 1.21385 
vt 0.38752 1.21957 
vt 0.396579 1.20491 
vt 0.379754 1.21385 
vt 0.381805 1.22425 
vt 0.398504 1.19305 
vt 0.379754 1.20491 
vt 0.379754 1.21957 
vt 0.372862 1.22863 
vt 0.396579 1.18119 
vt 0.379754 1.19305 
vt 0.339162 1.20761 
vt 0.338725 1.20672 
vt 0.336101 1.20135 
vt 0.341973 1.21104 
vt 0.342442 1.21161 
vt 0.379754 1.17225 
vt 0.361004 1.23055 
vt 0.392206 1.17225 
vt 0.379754 1.18119 
vt 0.335908 1.20017 
vt 0.334754 1.19305 
vt 0.345871 1.21443 
vt 0.346443 1.21489 
vt 0.379754 1.18119 
vt 0.349145 1.22863 
vt 0.38752 1.16654 
vt 0.379754 1.17225 
vt 0.334946 1.19187 
vt 0.336101 1.18475 
vt 0.351808 1.21752 
vt 0.352703 1.21796 
vt 0.379754 1.19305 
vt 0.340202 1.22425 
vt 0.381805 1.16185 
vt 0.379754 1.16654 
vt 0.336538 1.18386 
vt 0.339162 1.17849 
vt 0.359818 1.21911 
vt 0.361004 1.2193 
vt 0.379754 1.20491 
vt 0.334487 1.21957 
vt 0.372862 1.15748 
vt 0.342254 1.17225 
vt 0.339631 1.17792 
vt 0.342442 1.17449 
vt 0.368119 1.21815 
vt 0.369305 1.21796 
vt 0.379754 1.21385 
vt 0.329802 1.21385 
vt 0.361004 1.15555 
vt 0.342254 1.18119 
vt 0.343014 1.17402 
vt 0.346443 1.17121 
vt 0.37467 1.21533 
vt 0.375565 1.21489 
vt 0.379754 1.21957 
vt 0.325428 1.20491 
vt 0.349145 1.15748 
vt 0.342254 1.19305 
vt 0.347337 1.17077 
vt 0.352703 1.16815 
vt 0.378994 1.21208 
vt 0.379565 1.21161 
vt 0.342254 1.21385 
vt 0.323504 1.19305 
vt 0.340202 1.16185 
vt 0.342254 1.20491 
vt 0.353889 1.16796 
vt 0.361004 1.1668 
vt 0.382376 1.20819 
vt 0.382845 1.20761 
vt 0.342254 1.20491 
vt 0.325428 1.18119 
vt 0.334487 1.16654 
vt 0.342254 1.21385 
vt 0.369305 1.16815 
vt 0.36219 1.167 
vt 0.385469 1.20225 
vt 0.385907 1.20135 
vt 0.342254 1.19305 
vt 0.329802 1.17225 
vt 0.342254 1.21957 
vt 0.375565 1.17121 
vt 0.370199 1.16859 
vt 0.387061 1.19424 
vt 0.387254 1.19305 
vt 0.342254 1.18119 
vt 0.342254 1.17225 
vt 0.379565 1.17449 
vt 0.376136 1.17168 
vt 0.386099 1.18594 
vt 0.385907 1.18475 
vt 0.382845 1.17849 
vt 0.380034 1.17506 
vt 0.383282 1.17939 
vt 0.339162 1.20761 
vt 0.361004 1.19305 
vt 0.342442 1.21161 
vt 0.336101 1.20135 
vt 0.346443 1.21489 
vt 0.334754 1.19305 
vt 0.352703 1.21796 
vt 0.336101 1.18475 
vt 0.361004 1.2193 
vt 0.339162 1.17849 
vt 0.369305 1.21796 
vt 0.342442 1.17449 
vt 0.375565 1.21489 
vt 0.346443 1.17121 
vt 0.379565 1.21161 
vt 0.352703 1.16815 
vt 0.382845 1.20761 
vt 0.361004 1.1668 
vt 0.385907 1.20135 
vt 0.369305 1.16815 
vt 0.387254 1.19305 
vt 0.375565 1.17121 
vt 0.385907 1.18475 
vt 0.379565 1.17449 
vt 0.382845 1.17849 
vt 0.342254 1.21385 
vt 0.342254 1.16654 
vt 0.342254 1.21957 
vt 0.342254 1.20491 
vt 0.329802 1.21385 
vt 0.342254 1.17225 
vt 0.342254 1.19305 
vt 0.325428 1.20491 
vt 0.379754 1.16654 
vt 0.334487 1.21957 
vt 0.342254 1.18119 
vt 0.342254 1.18119 
vt 0.323504 1.19305 
vt 0.342254 1.20761 
vt 0.342254 1.20672 
vt 0.342254 1.20135 
vt 0.342254 1.21104 
vt 0.342254 1.17449 
vt 0.342254 1.21161 
vt 0.340202 1.22425 
vt 0.342254 1.19305 
vt 0.342254 1.17225 
vt 0.325428 1.18119 
vt 0.342254 1.20017 
vt 0.342254 1.19305 
vt 0.342254 1.17792 
vt 0.342254 1.17849 
vt 0.349145 1.22863 
vt 0.342254 1.20491 
vt 0.342254 1.16654 
vt 0.379754 1.16654 
vt 0.329802 1.17225 
vt 0.342254 1.19187 
vt 0.342254 1.18475 
vt 0.342254 1.18386 
vt 0.342254 1.18475 
vt 0.361004 1.23055 
vt 0.342254 1.21385 
vt 0.379754 1.17225 
vt 0.334487 1.16654 
vt 0.342254 1.16654 
vt 0.342254 1.18386 
vt 0.342254 1.17849 
vt 0.342254 1.19187 
vt 0.342254 1.19305 
vt 0.372862 1.22863 
vt 0.379754 1.21957 
vt 0.342254 1.21957 
vt 0.379754 1.18119 
vt 0.340202 1.16185 
vt 0.342254 1.17792 
vt 0.342254 1.17449 
vt 0.379754 1.17449 
vt 0.342254 1.20017 
vt 0.342254 1.20135 
vt 0.381805 1.22425 
vt 0.379754 1.21385 
vt 0.379754 1.19305 
vt 0.349145 1.15748 
vt 0.379754 1.17506 
vt 0.379754 1.17849 
vt 0.342254 1.20672 
vt 0.342254 1.20761 
vt 0.342254 1.21957 
vt 0.38752 1.21957 
vt 0.379754 1.20491 
vt 0.379754 1.20491 
vt 0.361004 1.15555 
vt 0.379754 1.17939 
vt 0.379754 1.18475 
vt 0.342254 1.21104 
vt 0.379754 1.21161 
vt 0.342254 1.21161 
vt 0.392206 1.21385 
vt 0.379754 1.19305 
vt 0.379754 1.21385 
vt 0.372862 1.15748 
vt 0.379754 1.18594 
vt 0.379754 1.19305 
vt 0.379754 1.20819 
vt 0.379754 1.20761 
vt 0.396579 1.20491 
vt 0.379754 1.18119 
vt 0.379754 1.21957 
vt 0.379754 1.16654 
vt 0.381805 1.16185 
vt 0.379754 1.20135 
vt 0.379754 1.19424 
vt 0.379754 1.20225 
vt 0.379754 1.20135 
vt 0.398504 1.19305 
vt 0.379754 1.17225 
vt 0.38752 1.16654 
vt 0.342254 1.16654 
vt 0.379754 1.20761 
vt 0.379754 1.20225 
vt 0.379754 1.19424 
vt 0.379754 1.19305 
vt 0.396579 1.18119 
vt 0.392206 1.17225 
vt 0.379754 1.21161 
vt 0.379754 1.17449 
vt 0.379754 1.20819 
vt 0.379754 1.18594 
vt 0.379754 1.18475 
vt 0.379754 1.17849 
vt 0.379754 1.17506 
vt 0.379754 1.17939 
vt 0.357255 1.20761 
vt 0.357255 1.21161 
vt 0.357255 1.17449 
vt 0.357255 1.20135 
vt 0.357255 1.17849 
vt 0.357255 1.19305 
vt 0.357255 1.18475 
vt 0.357255 1.18475 
vt 0.357255 1.19305 
vt 0.357255 1.17849 
vt 0.357255 1.20135 
vt 0.364752 1.17449 
vt 0.357255 1.17449 
vt 0.357255 1.20761 
vt 0.364752 1.17849 
vt 0.357255 1.21161 
vt 0.364752 1.21161 
vt 0.364752 1.18475 
vt 0.364752 1.20761 
vt 0.364752 1.19305 
vt 0.364752 1.20135 
vt 0.364752 1.20135 
vt 0.364752 1.19305 
vt 0.364752 1.20761 
vt 0.364752 1.18475 
vt 0.364752 1.17449 
vt 0.364752 1.21161 
vt 0.364752 1.17849 

usemtl Union3Mtl

f 1191/1191/1191 1192/1192/1192 1193/1193/1193 
f 1192/1192/1192 1191/1191/1191 1194/1194/1194 
f 1315/1315/1315 1313/1313/1313 1195/1195/1195 
f 1191/1191/1191 1193/1193/1193 1196/1196/1196 
f 1194/1194/1194 1191/1191/1191 1197/1197/1197 
f 1313/1313/1313 1316/1316/1316 1198/1198/1198 
f 1195/1195/1195 1313/1313/1313 1198/1198/1198 
f 1315/1315/1315 1195/1195/1195 1199/1199/1199 
f 1318/1318/1318 1314/1314/1314 1321/1321/1321 
f 1191/1191/1191 1196/1196/1196 1200/1200/1200 
f 1197/1197/1197 1191/1191/1191 1201/1201/1201 
f 1316/1316/1316 1319/1319/1319 1202/1202/1202 
f 1198/1198/1198 1316/1316/1316 1202/1202/1202 
f 1203/1203/1203 1317/1317/1317 1204/1204/1204 
f 1204/1204/1204 1320/1320/1320 1205/1205/1205 
f 1320/1320/1320 1204/1204/1204 1317/1317/1317 
f 1322/1322/1322 1317/1317/1317 1206/1206/1206 
f 1206/1206/1206 1207/1207/1207 1322/1322/1322 
f 1203/1203/1203 1206/1206/1206 1317/1317/1317 
f 1318/1318/1318 1321/1321/1321 1208/1208/1208 
f 1323/1323/1323 1318/1318/1318 1208/1208/1208 
f 1191/1191/1191 1200/1200/1200 1209/1209/1209 
f 1201/1201/1201 1191/1191/1191 1210/1210/1210 
f 1319/1319/1319 1324/1324/1324 1211/1211/1211 
f 1202/1202/1202 1319/1319/1319 1211/1211/1211 
f 1205/1205/1205 1320/1320/1320 1212/1212/1212 
f 1212/1212/1212 1325/1325/1325 1213/1213/1213 
f 1325/1325/1325 1212/1212/1212 1320/1320/1320 
f 1332/1332/1332 1322/1322/1322 1214/1214/1214 
f 1332/1332/1332 1214/1214/1214 1215/1215/1215 
f 1214/1214/1214 1322/1322/1322 1207/1207/1207 
f 1323/1323/1323 1208/1208/1208 1216/1216/1216 
f 1333/1333/1333 1323/1323/1323 1216/1216/1216 
f 1191/1191/1191 1209/1209/1209 1217/1217/1217 
f 1210/1210/1210 1191/1191/1191 1218/1218/1218 
f 1324/1324/1324 1334/1334/1334 1219/1219/1219 
f 1211/1211/1211 1324/1324/1324 1219/1219/1219 
f 1213/1213/1213 1325/1325/1325 1220/1220/1220 
f 1220/1220/1220 1335/1335/1335 1221/1221/1221 
f 1335/1335/1335 1220/1220/1220 1325/1325/1325 
f 1340/1340/1340 1332/1332/1332 1222/1222/1222 
f 1340/1340/1340 1222/1222/1222 1223/1223/1223 
f 1222/1222/1222 1332/1332/1332 1215/1215/1215 
f 1333/1333/1333 1216/1216/1216 1224/1224/1224 
f 1341/1341/1341 1333/1333/1333 1224/1224/1224 
f 1191/1191/1191 1217/1217/1217 1225/1225/1225 
f 1218/1218/1218 1191/1191/1191 1226/1226/1226 
f 1334/1334/1334 1342/1342/1342 1227/1227/1227 
f 1219/1219/1219 1334/1334/1334 1227/1227/1227 
f 1228/1228/1228 1221/1221/1221 1335/1335/1335 
f 1344/1344/1344 1229/1229/1229 1228/1228/1228 
f 1344/1344/1344 1228/1228/1228 1335/1335/1335 
f 1349/1349/1349 1340/1340/1340 1230/1230/1230 
f 1349/1349/1349 1230/1230/1230 1231/1231/1231 
f 1230/1230/1230 1340/1340/1340 1223/1223/1223 
f 1341/1341/1341 1224/1224/1224 1232/1232/1232 
f 1350/1350/1350 1341/1341/1341 1232/1232/1232 
f 1191/1191/1191 1225/1225/1225 1233/1233/1233 
f 1226/1226/1226 1191/1191/1191 1234/1234/1234 
f 1343/1343/1343 1351/1351/1351 1235/1235/1235 
f 1353/1353/1353 1343/1343/1343 1235/1235/1235 
f 1236/1236/1236 1229/1229/1229 1344/1344/1344 
f 1236/1236/1236 1352/1352/1352 1237/1237/1237 
f 1352/1352/1352 1236/1236/1236 1344/1344/1344 
f 1358/1358/1358 1349/1349/1349 1238/1238/1238 
f 1238/1238/1238 1239/1239/1239 1358/1358/1358 
f 1231/1231/1231 1238/1238/1238 1349/1349/1349 
f 1350/1350/1350 1232/1232/1232 1240/1240/1240 
f 1360/1360/1360 1350/1350/1350 1240/1240/1240 
f 1191/1191/1191 1233/1233/1233 1241/1241/1241 
f 1234/1234/1234 1191/1191/1191 1242/1242/1242 
f 1351/1351/1351 1361/1361/1361 1243/1243/1243 
f 1235/1235/1235 1351/1351/1351 1243/1243/1243 
f 1244/1244/1244 1237/1237/1237 1352/1352/1352 
f 1244/1244/1244 1362/1362/1362 1245/1245/1245 
f 1362/1362/1362 1244/1244/1244 1352/1352/1352 
f 1368/1368/1368 1358/1358/1358 1246/1246/1246 
f 1246/1246/1246 1247/1247/1247 1368/1368/1368 
f 1239/1239/1239 1246/1246/1246 1358/1358/1358 
f 1360/1360/1360 1240/1240/1240 1248/1248/1248 
f 1369/1369/1369 1359/1359/1359 1376/1376/1376 
f 1191/1191/1191 1241/1241/1241 1249/1249/1249 
f 1242/1242/1242 1191/1191/1191 1250/1250/1250 
f 1361/1361/1361 1370/1370/1370 1251/1251/1251 
f 1243/1243/1243 1361/1361/1361 1251/1251/1251 
f 1252/1252/1252 1245/1245/1245 1362/1362/1362 
f 1252/1252/1252 1371/1371/1371 1253/1253/1253 
f 1371/1371/1371 1252/1252/1252 1362/1362/1362 
f 1377/1377/1377 1368/1368/1368 1254/1254/1254 
f 1254/1254/1254 1255/1255/1255 1377/1377/1377 
f 1247/1247/1247 1254/1254/1254 1368/1368/1368 
f 1369/1369/1369 1376/1376/1376 1256/1256/1256 
f 1378/1378/1378 1369/1369/1369 1256/1256/1256 
f 1191/1191/1191 1249/1249/1249 1257/1257/1257 
f 1250/1250/1250 1191/1191/1191 1258/1258/1258 
f 1370/1370/1370 1379/1379/1379 1259/1259/1259 
f 1251/1251/1251 1370/1370/1370 1259/1259/1259 
f 1260/1260/1260 1253/1253/1253 1371/1371/1371 
f 1260/1260/1260 1380/1380/1380 1261/1261/1261 
f 1380/1380/1380 1260/1260/1260 1371/1371/1371 
f 1386/1386/1386 1377/1377/1377 1262/1262/1262 
f 1262/1262/1262 1263/1263/1263 1386/1386/1386 
f 1262/1262/1262 1377/1377/1377 1255/1255/1255 
f 1378/1378/1378 1256/1256/1256 1264/1264/1264 
f 1387/1387/1387 1378/1378/1378 1264/1264/1264 
f 1191/1191/1191 1257/1257/1257 1265/1265/1265 
f 1258/1258/1258 1191/1191/1191 1266/1266/1266 
f 1379/1379/1379 1388/1388/1388 1267/1267/1267 
f 1259/1259/1259 1379/1379/1379 1267/1267/1267 
f 1268/1268/1268 1269/1269/1269 1389/1389/1389 
f 1380/1380/1380 1389/1389/1389 1269/1269/1269 
f 1380/1380/1380 1269/1269/1269 1261/1261/1261 
f 1386/1386/1386 1263/1263/1263 1270/1270/1270 
f 1394/1394/1394 1270/1270/1270 1271/1271/1271 
f 1270/1270/1270 1394/1394/1394 1386/1386/1386 
f 1387/1387/1387 1264/1264/1264 1272/1272/1272 
f 1395/1395/1395 1387/1387/1387 1272/1272/1272 
f 1191/1191/1191 1265/1265/1265 1273/1273/1273 
f 1266/1266/1266 1191/1191/1191 1273/1273/1273 
f 1388/1388/1388 1396/1396/1396 1274/1274/1274 
f 1267/1267/1267 1388/1388/1388 1274/1274/1274 
f 1275/1275/1275 1276/1276/1276 1398/1398/1398 
f 1389/1389/1389 1398/1398/1398 1276/1276/1276 
f 1389/1389/1389 1276/1276/1276 1268/1268/1268 
f 1394/1394/1394 1271/1271/1271 1277/1277/1277 
f 1277/1277/1277 1278/1278/1278 1403/1403/1403 
f 1277/1277/1277 1403/1403/1403 1394/1394/1394 
f 1395/1395/1395 1272/1272/1272 1279/1279/1279 
f 1404/1404/1404 1395/1395/1395 1279/1279/1279 
f 1397/1397/1397 1404/1404/1404 1280/1280/1280 
f 1406/1406/1406 1397/1397/1397 1280/1280/1280 
f 1281/1281/1281 1282/1282/1282 1405/1405/1405 
f 1398/1398/1398 1405/1405/1405 1282/1282/1282 
f 1398/1398/1398 1282/1282/1282 1275/1275/1275 
f 1403/1403/1403 1278/1278/1278 1283/1283/1283 
f 1283/1283/1283 1284/1284/1284 1411/1411/1411 
f 1283/1283/1283 1411/1411/1411 1403/1403/1403 
f 1404/1404/1404 1279/1279/1279 1280/1280/1280 
f 1285/1285/1285 1286/1286/1286 1412/1412/1412 
f 1405/1405/1405 1412/1412/1412 1286/1286/1286 
f 1405/1405/1405 1286/1286/1286 1281/1281/1281 
f 1411/1411/1411 1284/1284/1284 1287/1287/1287 
f 1287/1287/1287 1285/1285/1285 1412/1412/1412 
f 1287/1287/1287 1412/1412/1412 1411/1411/1411 
f 1288/1288/1288 1289/1289/1289 1290/1290/1290 
f 1289/1289/1289 1288/1288/1288 1291/1291/1291 
f 1290/1290/1290 1289/1289/1289 1292/1292/1292 
f 1289/1289/1289 1291/1291/1291 1293/1293/1293 
f 1292/1292/1292 1289/1289/1289 1294/1294/1294 
f 1289/1289/1289 1293/1293/1293 1295/1295/1295 
f 1294/1294/1294 1289/1289/1289 1296/1296/1296 
f 1289/1289/1289 1295/1295/1295 1297/1297/1297 
f 1296/1296/1296 1289/1289/1289 1298/1298/1298 
f 1289/1289/1289 1297/1297/1297 1299/1299/1299 
f 1298/1298/1298 1289/1289/1289 1300/1300/1300 
f 1289/1289/1289 1299/1299/1299 1301/1301/1301 
f 1300/1300/1300 1289/1289/1289 1302/1302/1302 
f 1289/1289/1289 1301/1301/1301 1303/1303/1303 
f 1302/1302/1302 1289/1289/1289 1304/1304/1304 
f 1289/1289/1289 1303/1303/1303 1305/1305/1305 
f 1304/1304/1304 1289/1289/1289 1306/1306/1306 
f 1289/1289/1289 1305/1305/1305 1307/1307/1307 
f 1306/1306/1306 1289/1289/1289 1308/1308/1308 
f 1289/1289/1289 1307/1307/1307 1309/1309/1309 
f 1308/1308/1308 1289/1289/1289 1310/1310/1310 
f 1289/1289/1289 1309/1309/1309 1311/1311/1311 
f 1310/1310/1310 1289/1289/1289 1312/1312/1312 
f 1289/1289/1289 1311/1311/1311 1312/1312/1312 
f 1329/1329/1329 1326/1326/1326 1421/1421/1421 
f 1329/1329/1329 1421/1421/1421 1422/1422/1422 
f 1327/1327/1327 1328/1328/1328 1424/1424/1424 
f 1327/1327/1327 1424/1424/1424 1421/1421/1421 
f 1326/1326/1326 1327/1327/1327 1421/1421/1421 
f 1331/1331/1331 1329/1329/1329 1422/1422/1422 
f 1338/1338/1338 1330/1330/1330 1423/1423/1423 
f 1338/1338/1338 1423/1423/1423 1425/1425/1425 
f 1336/1336/1336 1337/1337/1337 1426/1426/1426 
f 1336/1336/1336 1426/1426/1426 1424/1424/1424 
f 1328/1328/1328 1336/1336/1336 1424/1424/1424 
f 1339/1339/1339 1338/1338/1338 1425/1425/1425 
f 1347/1347/1347 1339/1339/1339 1425/1425/1425 
f 1347/1347/1347 1425/1425/1425 1427/1427/1427 
f 1345/1345/1345 1346/1346/1346 1428/1428/1428 
f 1345/1345/1345 1428/1428/1428 1426/1426/1426 
f 1337/1337/1337 1345/1345/1345 1426/1426/1426 
f 1348/1348/1348 1347/1347/1347 1427/1427/1427 
f 1356/1356/1356 1348/1348/1348 1427/1427/1427 
f 1356/1356/1356 1427/1427/1427 1429/1429/1429 
f 1354/1354/1354 1355/1355/1355 1430/1430/1430 
f 1354/1354/1354 1430/1430/1430 1428/1428/1428 
f 1346/1346/1346 1354/1354/1354 1428/1428/1428 
f 1357/1357/1357 1356/1356/1356 1429/1429/1429 
f 1366/1366/1366 1357/1357/1357 1429/1429/1429 
f 1366/1366/1366 1429/1429/1429 1431/1431/1431 
f 1363/1363/1363 1364/1364/1364 1433/1433/1433 
f 1363/1363/1363 1433/1433/1433 1430/1430/1430 
f 1355/1355/1355 1363/1363/1363 1430/1430/1430 
f 1367/1367/1367 1366/1366/1366 1431/1431/1431 
f 1374/1374/1374 1367/1367/1367 1431/1431/1431 
f 1374/1374/1374 1431/1431/1431 1434/1434/1434 
f 1372/1372/1372 1373/1373/1373 1435/1435/1435 
f 1372/1372/1372 1435/1435/1435 1432/1432/1432 
f 1365/1365/1365 1372/1372/1372 1432/1432/1432 
f 1375/1375/1375 1374/1374/1374 1434/1434/1434 
f 1383/1383/1383 1375/1375/1375 1434/1434/1434 
f 1383/1383/1383 1434/1434/1434 1436/1436/1436 
f 1381/1381/1381 1382/1382/1382 1438/1438/1438 
f 1381/1381/1381 1438/1438/1438 1435/1435/1435 
f 1373/1373/1373 1381/1381/1381 1435/1435/1435 
f 1385/1385/1385 1383/1383/1383 1436/1436/1436 
f 1392/1392/1392 1384/1384/1384 1437/1437/1437 
f 1392/1392/1392 1437/1437/1437 1439/1439/1439 
f 1390/1390/1390 1391/1391/1391 1440/1440/1440 
f 1390/1390/1390 1440/1440/1440 1438/1438/1438 
f 1382/1382/1382 1390/1390/1390 1438/1438/1438 
f 1393/1393/1393 1392/1392/1392 1439/1439/1439 
f 1401/1401/1401 1393/1393/1393 1439/1439/1439 
f 1401/1401/1401 1439/1439/1439 1441/1441/1441 
f 1400/1400/1400 1399/1399/1399 1442/1442/1442 
f 1400/1400/1400 1442/1442/1442 1440/1440/1440 
f 1391/1391/1391 1400/1400/1400 1440/1440/1440 
f 1402/1402/1402 1401/1401/1401 1441/1441/1441 
f 1409/1409/1409 1402/1402/1402 1441/1441/1441 
f 1409/1409/1409 1441/1441/1441 1443/1443/1443 
f 1408/1408/1408 1407/1407/1407 1444/1444/1444 
f 1408/1408/1408 1444/1444/1444 1442/1442/1442 
f 1399/1399/1399 1408/1408/1408 1442/1442/1442 
f 1410/1410/1410 1409/1409/1409 1443/1443/1443 
f 1416/1416/1416 1410/1410/1410 1443/1443/1443 
f 1416/1416/1416 1443/1443/1443 1445/1445/1445 
f 1415/1415/1415 1413/1413/1413 1447/1447/1447 
f 1415/1415/1415 1447/1447/1447 1444/1444/1444 
f 1407/1407/1407 1415/1415/1415 1444/1444/1444 
f 1417/1417/1417 1416/1416/1416 1445/1445/1445 
f 1420/1420/1420 1417/1417/1417 1445/1445/1445 
f 1420/1420/1420 1445/1445/1445 1448/1448/1448 
f 1419/1419/1419 1418/1418/1418 1448/1448/1448 
f 1419/1419/1419 1448/1448/1448 1446/1446/1446 
f 1414/1414/1414 1419/1419/1419 1446/1446/1446 
f 1418/1418/1418 1420/1420/1420 1448/1448/1448 

g Union4

v -33.5594 4.71524 -1.29988 
v -33.5594 4.6042 -1.46622 
v -33.5594 4.57373 -1.44121 
v -33.5594 4.65188 -1.48958 
v -33.3594 4.6042 -1.46622 
v -33.5594 4.54876 -1.41072 
v -33.5594 4.71512 -1.49988 
v -33.3594 4.65188 -1.48958 
v -33.3594 4.57373 -1.44122 
v -33.5594 4.52547 -1.36301 
v -33.5594 4.77837 -1.48966 
v -33.3594 4.71512 -1.49988 
v -33.3594 4.63751 -1.41632 
v -33.3594 4.64228 -1.41866 
v -33.3594 4.67089 -1.43267 
v -33.3594 4.61923 -1.40132 
v -33.3594 4.61618 -1.39882 
v -33.3594 4.54876 -1.41072 
v -33.5594 4.51524 -1.29976 
v -33.5594 4.82608 -1.46636 
v -33.3594 4.77837 -1.48966 
v -33.3594 4.67721 -1.4337 
v -33.3594 4.71515 -1.43988 
v -33.3594 4.6012 -1.38052 
v -33.3594 4.5987 -1.37747 
v -33.3594 4.52546 -1.36301 
v -33.5594 4.52554 -1.23652 
v -33.5594 4.85657 -1.44139 
v -33.3594 4.82608 -1.46636 
v -33.3594 4.72148 -1.43886 
v -33.3594 4.75943 -1.43273 
v -33.3594 4.58473 -1.34884 
v -33.3594 4.5824 -1.34407 
v -33.3594 4.51524 -1.29976 
v -33.5594 4.5489 -1.18884 
v -33.5594 4.88158 -1.41092 
v -33.3594 4.85657 -1.44139 
v -33.3594 4.7642 -1.4304 
v -33.3594 4.79283 -1.41642 
v -33.3594 4.57626 -1.30612 
v -33.3594 4.57524 -1.2998 
v -33.3594 4.52554 -1.23652 
v -33.5594 4.57391 -1.15837 
v -33.5594 4.90494 -1.36324 
v -33.3594 4.88158 -1.41093 
v -33.3594 4.79588 -1.41392 
v -33.3594 4.81417 -1.39894 
v -33.3594 4.58142 -1.26185 
v -33.3594 4.58245 -1.25553 
v -33.3594 4.5489 -1.18884 
v -33.5594 4.6044 -1.1334 
v -33.5594 4.91524 -1.3 
v -33.3594 4.90494 -1.36325 
v -33.3594 4.81667 -1.39589 
v -33.3594 4.83168 -1.37761 
v -33.3594 4.59647 -1.22692 
v -33.3594 4.5988 -1.22215 
v -33.3594 4.57391 -1.15837 
v -33.5594 4.65211 -1.1101 
v -33.5594 4.90502 -1.23675 
v -33.3594 4.91524 -1.30001 
v -33.3594 4.83401 -1.37284 
v -33.3594 4.84803 -1.34424 
v -33.3594 4.61381 -1.20387 
v -33.3594 4.61631 -1.20083 
v -33.3594 4.6044 -1.1334 
v -33.5594 4.71537 -1.09988 
v -33.5594 4.88172 -1.18904 
v -33.3594 4.90502 -1.23675 
v -33.3594 4.84906 -1.33791 
v -33.3594 4.85524 -1.29997 
v -33.3594 4.6346 -1.18584 
v -33.3594 4.63765 -1.18335 
v -33.3594 4.65211 -1.11011 
v -33.5594 4.7786 -1.11018 
v -33.5594 4.85675 -1.15855 
v -33.3594 4.88172 -1.18905 
v -33.3594 4.84808 -1.25569 
v -33.3594 4.85422 -1.29364 
v -33.3594 4.66628 -1.16937 
v -33.3594 4.67105 -1.16704 
v -33.3594 4.71536 -1.09988 
v -33.5594 4.82628 -1.13354 
v -33.3594 4.85675 -1.15855 
v -33.3594 4.83178 -1.2223 
v -33.3594 4.84575 -1.25092 
v -33.3594 4.709 -1.1609 
v -33.3594 4.71533 -1.15988 
v -33.3594 4.7786 -1.11019 
v -33.3594 4.82628 -1.13354 
v -33.3594 4.8143 -1.20095 
v -33.3594 4.82928 -1.21925 
v -33.3594 4.75327 -1.16606 
v -33.3594 4.75959 -1.16709 
v -33.3594 4.79297 -1.18344 
v -33.3594 4.81125 -1.19845 
v -33.3594 4.7882 -1.18111 
v -33.4394 4.63751 -1.41632 
v -33.4394 4.71524 -1.29988 
v -33.4394 4.61618 -1.39881 
v -33.4394 4.67089 -1.43267 
v -33.4394 4.5987 -1.37747 
v -33.4394 4.71515 -1.43988 
v -33.4394 4.5824 -1.34407 
v -33.4394 4.75943 -1.43272 
v -33.4394 4.57524 -1.29979 
v -33.4394 4.79283 -1.41642 
v -33.4394 4.58245 -1.25553 
v -33.4394 4.81417 -1.39894 
v -33.4394 4.5988 -1.22215 
v -33.4394 4.83168 -1.37761 
v -33.4394 4.61631 -1.20082 
v -33.4394 4.84803 -1.34424 
v -33.4394 4.63765 -1.18335 
v -33.4394 4.85524 -1.29997 
v -33.4394 4.67105 -1.16704 
v -33.4394 4.84808 -1.25569 
v -33.4394 4.71533 -1.15988 
v -33.4394 4.83178 -1.2223 
v -33.4394 4.75959 -1.16709 
v -33.4394 4.8143 -1.20095 
v -33.4394 4.79297 -1.18344 
v -33.5594 4.6042 -1.46622 
v -33.5594 4.57373 -1.44121 
v -33.5594 4.57373 -1.44121 
v -33.5594 4.65188 -1.48958 
v -33.3594 4.6042 -1.46622 
v -33.5594 4.54876 -1.41072 
v -33.5594 4.71512 -1.49988 
v -33.3594 4.65188 -1.48958 
v -33.3594 4.57373 -1.44122 
v -33.3594 4.57373 -1.44122 
v -33.5594 4.52547 -1.36301 
v -33.5594 4.77837 -1.48966 
v -33.3594 4.71512 -1.49988 
v -33.3594 4.63751 -1.41632 
v -33.3594 4.64228 -1.41866 
v -33.3594 4.67089 -1.43267 
v -33.3594 4.61923 -1.40132 
v -33.3594 4.61618 -1.39882 
v -33.3594 4.61618 -1.39882 
v -33.3594 4.54876 -1.41072 
v -33.5594 4.51524 -1.29976 
v -33.5594 4.82608 -1.46636 
v -33.3594 4.77837 -1.48966 
v -33.3594 4.67721 -1.4337 
v -33.3594 4.71515 -1.43988 
v -33.3594 4.6012 -1.38052 
v -33.3594 4.5987 -1.37747 
v -33.3594 4.52546 -1.36301 
v -33.5594 4.52554 -1.23652 
v -33.5594 4.85657 -1.44139 
v -33.5594 4.85657 -1.44139 
v -33.3594 4.82608 -1.46636 
v -33.3594 4.72148 -1.43886 
v -33.3594 4.75943 -1.43273 
v -33.3594 4.58473 -1.34884 
v -33.3594 4.5824 -1.34407 
v -33.3594 4.51524 -1.29976 
v -33.5594 4.5489 -1.18884 
v -33.5594 4.88158 -1.41092 
v -33.3594 4.85657 -1.44139 
v -33.3594 4.85657 -1.44139 
v -33.3594 4.7642 -1.4304 
v -33.3594 4.79283 -1.41642 
v -33.3594 4.57626 -1.30612 
v -33.3594 4.57524 -1.2998 
v -33.3594 4.52554 -1.23652 
v -33.5594 4.57391 -1.15837 
v -33.5594 4.57391 -1.15837 
v -33.5594 4.90494 -1.36324 
v -33.3594 4.88158 -1.41093 
v -33.3594 4.79588 -1.41392 
v -33.3594 4.81417 -1.39894 
v -33.3594 4.81417 -1.39894 
v -33.3594 4.58142 -1.26185 
v -33.3594 4.58245 -1.25553 
v -33.3594 4.5489 -1.18884 
v -33.5594 4.6044 -1.1334 
v -33.5594 4.91524 -1.3 
v -33.3594 4.90494 -1.36325 
v -33.3594 4.81667 -1.39589 
v -33.3594 4.83168 -1.37761 
v -33.3594 4.59647 -1.22692 
v -33.3594 4.5988 -1.22215 
v -33.3594 4.57391 -1.15837 
v -33.3594 4.57391 -1.15837 
v -33.5594 4.65211 -1.1101 
v -33.5594 4.90502 -1.23675 
v -33.3594 4.91524 -1.30001 
v -33.3594 4.83401 -1.37284 
v -33.3594 4.84803 -1.34424 
v -33.3594 4.61381 -1.20387 
v -33.3594 4.61631 -1.20083 
v -33.3594 4.61631 -1.20083 
v -33.3594 4.6044 -1.1334 
v -33.5594 4.71537 -1.09988 
v -33.5594 4.88172 -1.18904 
v -33.3594 4.90502 -1.23675 
v -33.3594 4.84906 -1.33791 
v -33.3594 4.85524 -1.29997 
v -33.3594 4.6346 -1.18584 
v -33.3594 4.63765 -1.18335 
v -33.3594 4.65211 -1.11011 
v -33.5594 4.7786 -1.11018 
v -33.5594 4.85675 -1.15855 
v -33.5594 4.85675 -1.15855 
v -33.3594 4.88172 -1.18905 
v -33.3594 4.84808 -1.25569 
v -33.3594 4.85422 -1.29364 
v -33.3594 4.66628 -1.16937 
v -33.3594 4.67105 -1.16704 
v -33.3594 4.71536 -1.09988 
v -33.5594 4.82628 -1.13354 
v -33.3594 4.85675 -1.15855 
v -33.3594 4.85675 -1.15855 
v -33.3594 4.83178 -1.2223 
v -33.3594 4.84575 -1.25092 
v -33.3594 4.709 -1.1609 
v -33.3594 4.71533 -1.15988 
v -33.3594 4.7786 -1.11019 
v -33.3594 4.82628 -1.13354 
v -33.3594 4.8143 -1.20095 
v -33.3594 4.8143 -1.20095 
v -33.3594 4.82928 -1.21925 
v -33.3594 4.75327 -1.16606 
v -33.3594 4.75959 -1.16709 
v -33.3594 4.79297 -1.18344 
v -33.3594 4.81125 -1.19845 
v -33.3594 4.7882 -1.18111 
v -33.4394 4.63751 -1.41632 
v -33.4394 4.61618 -1.39881 
v -33.4394 4.61618 -1.39881 
v -33.4394 4.67089 -1.43267 
v -33.4394 4.5987 -1.37747 
v -33.4394 4.71515 -1.43988 
v -33.4394 4.5824 -1.34407 
v -33.4394 4.75943 -1.43272 
v -33.4394 4.57524 -1.29979 
v -33.4394 4.79283 -1.41642 
v -33.4394 4.58245 -1.25553 
v -33.4394 4.81417 -1.39894 
v -33.4394 4.81417 -1.39894 
v -33.4394 4.5988 -1.22215 
v -33.4394 4.83168 -1.37761 
v -33.4394 4.61631 -1.20082 
v -33.4394 4.61631 -1.20082 
v -33.4394 4.84803 -1.34424 
v -33.4394 4.63765 -1.18335 
v -33.4394 4.85524 -1.29997 
v -33.4394 4.67105 -1.16704 
v -33.4394 4.84808 -1.25569 
v -33.4394 4.71533 -1.15988 
v -33.4394 4.83178 -1.2223 
v -33.4394 4.75959 -1.16709 
v -33.4394 4.8143 -1.20095 
v -33.4394 4.8143 -1.20095 
v -33.4394 4.79297 -1.18344 

vn -1 0 0 
vn -1 0 0 
vn -1 0 0 
vn -1 0 0 
vn 0 -0.559055 -0.826772 
vn -1 0 0 
vn -1 0 0 
vn 0 -0.338583 -0.944882 
vn 0 -0.732283 -0.685039 
vn -1 0 0 
vn -1 0 0 
vn 0 -0.0551181 -1 
vn 1 0 0 
vn 1 0 0 
vn 1 0 0 
vn 1 0 0 
vn 1 0 0 
vn 0 -0.866142 -0.496063 
vn -1 0 0 
vn -1 0 0 
vn 0 0.244094 -0.968504 
vn 1 0 0 
vn 1 0 0 
vn 1 0 0 
vn 1 0 0 
vn 0 -0.968504 -0.244094 
vn -1 0 0 
vn -1 0 0 
vn 0 0.496063 -0.866142 
vn 1 0 0 
vn 1 0 0 
vn 1 0 0 
vn 1 0 0 
vn 0 -1 0.0551181 
vn -1 0 0 
vn -1 0 0 
vn 0 0.685039 -0.732283 
vn 1 0 0 
vn 1 0 0 
vn 1 0 0 
vn 1 0 0 
vn 0 -0.944882 0.338583 
vn -1 0 0 
vn -1 0 0 
vn 0 0.826772 -0.559055 
vn 1 0 0 
vn 1 0 0 
vn 1 0 0 
vn 1 0 0 
vn 0 -0.826772 0.559055 
vn -1 0 0 
vn -1 0 0 
vn 0 0.944882 -0.338583 
vn 1 0 0 
vn 1 0 0 
vn 1 0 0 
vn 1 0 0 
vn 0 -0.685039 0.732283 
vn -1 0 0 
vn -1 0 0 
vn 0 1 -0.0551181 
vn 1 0 0 
vn 1 0 0 
vn 1 0 0 
vn 1 0 0 
vn 0 -0.496063 0.866142 
vn -1 0 0 
vn -1 0 0 
vn 0 0.968504 0.244094 
vn 1 0 0 
vn 1 0 0 
vn 1 0 0 
vn 1 0 0 
vn 0 -0.244094 0.968504 
vn -1 0 0 
vn -1 0 0 
vn 0 0.866142 0.496063 
vn 1 0 0 
vn 1 0 0 
vn 1 0 0 
vn 1 0 0 
vn 0 0.0551181 1 
vn -1 0 0 
vn 0 0.732283 0.685039 
vn 1 0 0 
vn 1 0 0 
vn 1 0 0 
vn 1 0 0 
vn 0 0.338583 0.944882 
vn 0 0.559055 0.826772 
vn 1 0 0 
vn 1 0 0 
vn 1 0 0 
vn 1 0 0 
vn 1 0 0 
vn 1 0 0 
vn 1 0 0 
vn 1 0 0 
vn 1 0 0 
vn 1 0 0 
vn 1 0 0 
vn 1 0 0 
vn 1 0 0 
vn 1 0 0 
vn 1 0 0 
vn 1 0 0 
vn 1 0 0 
vn 1 0 0 
vn 1 0 0 
vn 1 0 0 
vn 1 0 0 
vn 1 0 0 
vn 1 0 0 
vn 1 0 0 
vn 1 0 0 
vn 1 0 0 
vn 1 0 0 
vn 1 0 0 
vn 1 0 0 
vn 1 0 0 
vn 1 0 0 
vn 1 0 0 
vn 0 -0.496063 -0.866142 
vn 0 -0.685039 -0.732283 
vn 0 -0.685039 -0.732283 
vn 0 -0.244094 -0.968504 
vn 1 0 0 
vn 0 -0.826772 -0.559055 
vn 0 0.0551181 -1 
vn 1 0 0 
vn 0 -0.732283 -0.685039 
vn 1 0 0 
vn 0 -0.944882 -0.338583 
vn 0 0.338583 -0.944882 
vn 1 0 0 
vn 0 0.598425 0.795276 
vn 0 0.440945 0.897638 
vn 0 0.393701 0.92126 
vn 0 0.637795 0.771654 
vn 0 0.755906 0.653543 
vn 0 0.755906 0.653543 
vn 1 0 0 
vn 0 -1 -0.0551181 
vn 0 0.559055 -0.826772 
vn 1 0 0 
vn 0 0.15748 0.984252 
vn 0 0.11811 0.992126 
vn 0 0.771654 0.629921 
vn 0 0.889764 0.464567 
vn 1 0 0 
vn 0 -0.968504 0.244094 
vn 0 0.732283 -0.685039 
vn 0 0.732283 -0.685039 
vn 1 0 0 
vn 0 -0.15748 0.984252 
vn 0 -0.19685 0.984252 
vn 0 0.897638 0.440945 
vn 0 0.984252 0.19685 
vn 1 0 0 
vn 0 -0.866142 0.496063 
vn 0 0.866142 -0.496063 
vn 1 0 0 
vn 0 0.685039 -0.732283 
vn 0 -0.440945 0.897638 
vn 0 -0.464567 0.889764 
vn 0 0.984252 0.15748 
vn 0 0.992126 -0.11811 
vn 1 0 0 
vn 0 -0.732283 0.685039 
vn 0 -0.732283 0.685039 
vn 0 0.968504 -0.244094 
vn 1 0 0 
vn 0 -0.629921 0.771654 
vn 0 -0.653543 0.755906 
vn 0 -0.653543 0.755906 
vn 0 0.984252 -0.15748 
vn 0 0.92126 -0.393701 
vn 1 0 0 
vn 0 -0.559055 0.826772 
vn 0 1 0.0551181 
vn 1 0 0 
vn 0 -0.771654 0.637795 
vn 0 -0.795276 0.598425 
vn 0 0.897638 -0.440945 
vn 0 0.795276 -0.598425 
vn 0 -0.685039 0.732283 
vn 1 0 0 
vn 0 -0.338583 0.944882 
vn 0 0.944882 0.338583 
vn 1 0 0 
vn 0 -0.897638 0.440945 
vn 0 -0.92126 0.393701 
vn 0 0.771654 -0.637795 
vn 0 0.653543 -0.755906 
vn 0 0.653543 -0.755906 
vn 1 0 0 
vn 0 -0.0551181 1 
vn 0 0.826772 0.559055 
vn 1 0 0 
vn 0 -0.984252 0.15748 
vn 0 -0.992126 0.11811 
vn 0 0.629921 -0.771654 
vn 0 0.464567 -0.889764 
vn 1 0 0 
vn 0 0.244094 0.968504 
vn 0 0.685039 0.732283 
vn 0 0.685039 0.732283 
vn 1 0 0 
vn 0 -0.984252 -0.19685 
vn 0 -0.984252 -0.15748 
vn 0 0.440945 -0.897638 
vn 0 0.19685 -0.984252 
vn 1 0 0 
vn 0 0.496063 0.866142 
vn 1 0 0 
vn 0 0.732283 0.685039 
vn 0 -0.889764 -0.464567 
vn 0 -0.897638 -0.440945 
vn 0 0.15748 -0.984252 
vn 0 -0.11811 -0.992126 
vn 1 0 0 
vn 1 0 0 
vn 0 -0.755906 -0.653543 
vn 0 -0.755906 -0.653543 
vn 0 -0.771654 -0.629921 
vn 0 -0.15748 -0.984252 
vn 0 -0.393701 -0.92126 
vn 0 -0.598425 -0.795276 
vn 0 -0.637795 -0.771654 
vn 0 -0.440945 -0.897638 
vn 0 0.551181 0.834646 
vn 0 0.724409 0.692913 
vn 0 0.724409 0.692913 
vn 0 0.322835 0.944882 
vn 0 0.866142 0.503937 
vn 0 0.0393701 1 
vn 0 0.968504 0.259843 
vn 0 -0.259843 0.968504 
vn 0 1 -0.0393701 
vn 0 -0.503937 0.866142 
vn 0 0.944882 -0.322835 
vn 0 -0.692913 0.724409 
vn 0 -0.692913 0.724409 
vn 0 0.834646 -0.551181 
vn 0 -0.834646 0.551181 
vn 0 0.692913 -0.724409 
vn 0 0.692913 -0.724409 
vn 0 -0.944882 0.322835 
vn 0 0.503937 -0.866142 
vn 0 -1 0.0393701 
vn 0 0.259843 -0.968504 
vn 0 -0.968504 -0.259843 
vn 0 -0.0393701 -1 
vn 0 -0.866142 -0.503937 
vn 0 -0.322835 -0.944882 
vn 0 -0.724409 -0.692913 
vn 0 -0.724409 -0.692913 
vn 0 -0.551181 -0.834646 

vt -0.292389 0.807813 
vt -0.271588 0.82168 
vt -0.274711 0.825491 
vt -0.268672 0.815719 
vt -0.279889 0.82168 
vt -0.278522 0.828614 
vt -0.267389 0.807813 
vt -0.279889 0.815719 
vt -0.279889 0.825491 
vt -0.284483 0.83153 
vt -0.268672 0.799907 
vt -0.279889 0.807813 
vt -0.30695 0.81752 
vt -0.307241 0.816924 
vt -0.308991 0.813347 
vt -0.305076 0.819806 
vt -0.304763 0.820187 
vt -0.279889 0.793945 
vt -0.292389 0.832813 
vt -0.271588 0.793945 
vt -0.279889 0.799907 
vt -0.309119 0.812556 
vt -0.309889 0.807813 
vt -0.302477 0.822061 
vt -0.302096 0.822374 
vt -0.279889 0.799907 
vt -0.300295 0.83153 
vt -0.274711 0.790135 
vt -0.279889 0.793945 
vt -0.309761 0.807022 
vt -0.308991 0.802279 
vt -0.298519 0.824123 
vt -0.297923 0.824415 
vt -0.279889 0.807813 
vt -0.306257 0.828614 
vt -0.278522 0.787012 
vt -0.279889 0.790135 
vt -0.308699 0.801683 
vt -0.30695 0.798106 
vt -0.29318 0.825185 
vt -0.292389 0.825313 
vt -0.279889 0.815719 
vt -0.310067 0.825491 
vt -0.284483 0.784096 
vt -0.304889 0.793945 
vt -0.306637 0.797725 
vt -0.304763 0.795439 
vt -0.287646 0.824543 
vt -0.286855 0.824415 
vt -0.279889 0.82168 
vt -0.31319 0.82168 
vt -0.292389 0.782813 
vt -0.304889 0.799907 
vt -0.304382 0.795126 
vt -0.302096 0.793252 
vt -0.283278 0.822665 
vt -0.282682 0.822374 
vt -0.279889 0.825491 
vt -0.316106 0.815719 
vt -0.300295 0.784096 
vt -0.304889 0.807813 
vt -0.3015 0.792961 
vt -0.297923 0.791211 
vt -0.280396 0.8205 
vt -0.280015 0.820187 
vt -0.304889 0.82168 
vt -0.317389 0.807813 
vt -0.306257 0.787012 
vt -0.304889 0.815719 
vt -0.297132 0.791083 
vt -0.292389 0.790313 
vt -0.278141 0.817901 
vt -0.277828 0.81752 
vt -0.304889 0.815719 
vt -0.316106 0.799907 
vt -0.310067 0.790135 
vt -0.304889 0.82168 
vt -0.286855 0.791211 
vt -0.291598 0.790441 
vt -0.276079 0.813943 
vt -0.275787 0.813347 
vt -0.304889 0.807813 
vt -0.31319 0.793945 
vt -0.304889 0.825491 
vt -0.282682 0.793252 
vt -0.286259 0.791503 
vt -0.275017 0.808604 
vt -0.274889 0.807813 
vt -0.304889 0.799907 
vt -0.304889 0.793945 
vt -0.280015 0.795439 
vt -0.282301 0.793564 
vt -0.275659 0.80307 
vt -0.275787 0.802279 
vt -0.277828 0.798106 
vt -0.279702 0.79582 
vt -0.277537 0.798702 
vt -0.30695 0.81752 
vt -0.292389 0.807813 
vt -0.304763 0.820187 
vt -0.308991 0.813347 
vt -0.302096 0.822374 
vt -0.309889 0.807813 
vt -0.297923 0.824415 
vt -0.308991 0.802279 
vt -0.292389 0.825313 
vt -0.30695 0.798106 
vt -0.286855 0.824415 
vt -0.304763 0.795439 
vt -0.282682 0.822374 
vt -0.302096 0.793252 
vt -0.280015 0.820187 
vt -0.297923 0.791211 
vt -0.277828 0.81752 
vt -0.292389 0.790313 
vt -0.275787 0.813347 
vt -0.286855 0.791211 
vt -0.274889 0.807813 
vt -0.282682 0.793252 
vt -0.275787 0.802279 
vt -0.280015 0.795439 
vt -0.277828 0.798106 
vt -0.304889 0.82168 
vt -0.304889 0.790135 
vt -0.304889 0.825491 
vt -0.304889 0.815719 
vt -0.31319 0.82168 
vt -0.304889 0.793945 
vt -0.304889 0.807813 
vt -0.316106 0.815719 
vt -0.279889 0.790135 
vt -0.310067 0.825491 
vt -0.304889 0.799907 
vt -0.304889 0.799907 
vt -0.317389 0.807813 
vt -0.304889 0.81752 
vt -0.304889 0.816924 
vt -0.304889 0.813347 
vt -0.304889 0.819806 
vt -0.304889 0.795439 
vt -0.304889 0.820187 
vt -0.306257 0.828614 
vt -0.304889 0.807813 
vt -0.304889 0.793945 
vt -0.316106 0.799907 
vt -0.304889 0.812556 
vt -0.304889 0.807813 
vt -0.304889 0.797725 
vt -0.304889 0.798106 
vt -0.300295 0.83153 
vt -0.304889 0.815719 
vt -0.304889 0.790135 
vt -0.279889 0.790135 
vt -0.31319 0.793945 
vt -0.304889 0.807022 
vt -0.304889 0.802279 
vt -0.304889 0.801683 
vt -0.304889 0.802279 
vt -0.292389 0.832813 
vt -0.304889 0.82168 
vt -0.279889 0.793945 
vt -0.310067 0.790135 
vt -0.304889 0.790135 
vt -0.304889 0.801683 
vt -0.304889 0.798106 
vt -0.304889 0.807022 
vt -0.304889 0.807813 
vt -0.284483 0.83153 
vt -0.279889 0.825491 
vt -0.304889 0.825491 
vt -0.279889 0.799907 
vt -0.306257 0.787012 
vt -0.304889 0.797725 
vt -0.304889 0.795439 
vt -0.279889 0.795439 
vt -0.304889 0.812556 
vt -0.304889 0.813347 
vt -0.278522 0.828614 
vt -0.279889 0.82168 
vt -0.279889 0.807813 
vt -0.300295 0.784096 
vt -0.279889 0.79582 
vt -0.279889 0.798106 
vt -0.304889 0.816924 
vt -0.304889 0.81752 
vt -0.304889 0.825491 
vt -0.274711 0.825491 
vt -0.279889 0.815719 
vt -0.279889 0.815719 
vt -0.292389 0.782813 
vt -0.279889 0.798702 
vt -0.279889 0.802279 
vt -0.304889 0.819806 
vt -0.279889 0.820187 
vt -0.304889 0.820187 
vt -0.271588 0.82168 
vt -0.279889 0.807813 
vt -0.279889 0.82168 
vt -0.284483 0.784096 
vt -0.279889 0.80307 
vt -0.279889 0.807813 
vt -0.279889 0.817901 
vt -0.279889 0.81752 
vt -0.268672 0.815719 
vt -0.279889 0.799907 
vt -0.279889 0.825491 
vt -0.279889 0.790135 
vt -0.278522 0.787012 
vt -0.279889 0.813347 
vt -0.279889 0.808604 
vt -0.279889 0.813943 
vt -0.279889 0.813347 
vt -0.267389 0.807813 
vt -0.279889 0.793945 
vt -0.274711 0.790135 
vt -0.304889 0.790135 
vt -0.279889 0.81752 
vt -0.279889 0.813943 
vt -0.279889 0.808604 
vt -0.279889 0.807813 
vt -0.268672 0.799907 
vt -0.271588 0.793945 
vt -0.279889 0.820187 
vt -0.279889 0.795439 
vt -0.279889 0.817901 
vt -0.279889 0.80307 
vt -0.279889 0.802279 
vt -0.279889 0.798106 
vt -0.279889 0.79582 
vt -0.279889 0.798702 
vt -0.294888 0.81752 
vt -0.294888 0.820187 
vt -0.294888 0.795439 
vt -0.294888 0.813347 
vt -0.294888 0.798106 
vt -0.294888 0.807813 
vt -0.294888 0.802279 
vt -0.294888 0.802279 
vt -0.294888 0.807813 
vt -0.294888 0.798106 
vt -0.294888 0.813347 
vt -0.28989 0.795439 
vt -0.294888 0.795439 
vt -0.294888 0.81752 
vt -0.28989 0.798106 
vt -0.294888 0.820187 
vt -0.28989 0.820187 
vt -0.28989 0.802279 
vt -0.28989 0.81752 
vt -0.28989 0.807813 
vt -0.28989 0.813347 
vt -0.28989 0.813347 
vt -0.28989 0.807813 
vt -0.28989 0.81752 
vt -0.28989 0.802279 
vt -0.28989 0.795439 
vt -0.28989 0.820187 
vt -0.28989 0.798106 

usemtl Union2Mtl

f 1449/1449/1449 1450/1450/1450 1451/1451/1451 
f 1450/1450/1450 1449/1449/1449 1452/1452/1452 
f 1573/1573/1573 1571/1571/1571 1453/1453/1453 
f 1449/1449/1449 1451/1451/1451 1454/1454/1454 
f 1452/1452/1452 1449/1449/1449 1455/1455/1455 
f 1571/1571/1571 1574/1574/1574 1456/1456/1456 
f 1453/1453/1453 1571/1571/1571 1456/1456/1456 
f 1573/1573/1573 1453/1453/1453 1457/1457/1457 
f 1576/1576/1576 1572/1572/1572 1579/1579/1579 
f 1449/1449/1449 1454/1454/1454 1458/1458/1458 
f 1455/1455/1455 1449/1449/1449 1459/1459/1459 
f 1574/1574/1574 1577/1577/1577 1460/1460/1460 
f 1456/1456/1456 1574/1574/1574 1460/1460/1460 
f 1461/1461/1461 1575/1575/1575 1462/1462/1462 
f 1462/1462/1462 1578/1578/1578 1463/1463/1463 
f 1578/1578/1578 1462/1462/1462 1575/1575/1575 
f 1580/1580/1580 1575/1575/1575 1464/1464/1464 
f 1464/1464/1464 1465/1465/1465 1580/1580/1580 
f 1461/1461/1461 1464/1464/1464 1575/1575/1575 
f 1576/1576/1576 1579/1579/1579 1466/1466/1466 
f 1581/1581/1581 1576/1576/1576 1466/1466/1466 
f 1449/1449/1449 1458/1458/1458 1467/1467/1467 
f 1459/1459/1459 1449/1449/1449 1468/1468/1468 
f 1577/1577/1577 1582/1582/1582 1469/1469/1469 
f 1460/1460/1460 1577/1577/1577 1469/1469/1469 
f 1463/1463/1463 1578/1578/1578 1470/1470/1470 
f 1470/1470/1470 1583/1583/1583 1471/1471/1471 
f 1583/1583/1583 1470/1470/1470 1578/1578/1578 
f 1590/1590/1590 1580/1580/1580 1472/1472/1472 
f 1590/1590/1590 1472/1472/1472 1473/1473/1473 
f 1472/1472/1472 1580/1580/1580 1465/1465/1465 
f 1581/1581/1581 1466/1466/1466 1474/1474/1474 
f 1591/1591/1591 1581/1581/1581 1474/1474/1474 
f 1449/1449/1449 1467/1467/1467 1475/1475/1475 
f 1468/1468/1468 1449/1449/1449 1476/1476/1476 
f 1582/1582/1582 1592/1592/1592 1477/1477/1477 
f 1469/1469/1469 1582/1582/1582 1477/1477/1477 
f 1471/1471/1471 1583/1583/1583 1478/1478/1478 
f 1478/1478/1478 1593/1593/1593 1479/1479/1479 
f 1593/1593/1593 1478/1478/1478 1583/1583/1583 
f 1598/1598/1598 1590/1590/1590 1480/1480/1480 
f 1598/1598/1598 1480/1480/1480 1481/1481/1481 
f 1480/1480/1480 1590/1590/1590 1473/1473/1473 
f 1591/1591/1591 1474/1474/1474 1482/1482/1482 
f 1599/1599/1599 1591/1591/1591 1482/1482/1482 
f 1449/1449/1449 1475/1475/1475 1483/1483/1483 
f 1476/1476/1476 1449/1449/1449 1484/1484/1484 
f 1592/1592/1592 1600/1600/1600 1485/1485/1485 
f 1477/1477/1477 1592/1592/1592 1485/1485/1485 
f 1486/1486/1486 1479/1479/1479 1593/1593/1593 
f 1602/1602/1602 1487/1487/1487 1486/1486/1486 
f 1602/1602/1602 1486/1486/1486 1593/1593/1593 
f 1607/1607/1607 1598/1598/1598 1488/1488/1488 
f 1607/1607/1607 1488/1488/1488 1489/1489/1489 
f 1488/1488/1488 1598/1598/1598 1481/1481/1481 
f 1599/1599/1599 1482/1482/1482 1490/1490/1490 
f 1608/1608/1608 1599/1599/1599 1490/1490/1490 
f 1449/1449/1449 1483/1483/1483 1491/1491/1491 
f 1484/1484/1484 1449/1449/1449 1492/1492/1492 
f 1601/1601/1601 1609/1609/1609 1493/1493/1493 
f 1611/1611/1611 1601/1601/1601 1493/1493/1493 
f 1494/1494/1494 1487/1487/1487 1602/1602/1602 
f 1494/1494/1494 1610/1610/1610 1495/1495/1495 
f 1610/1610/1610 1494/1494/1494 1602/1602/1602 
f 1616/1616/1616 1607/1607/1607 1496/1496/1496 
f 1496/1496/1496 1497/1497/1497 1616/1616/1616 
f 1489/1489/1489 1496/1496/1496 1607/1607/1607 
f 1608/1608/1608 1490/1490/1490 1498/1498/1498 
f 1618/1618/1618 1608/1608/1608 1498/1498/1498 
f 1449/1449/1449 1491/1491/1491 1499/1499/1499 
f 1492/1492/1492 1449/1449/1449 1500/1500/1500 
f 1609/1609/1609 1619/1619/1619 1501/1501/1501 
f 1493/1493/1493 1609/1609/1609 1501/1501/1501 
f 1502/1502/1502 1495/1495/1495 1610/1610/1610 
f 1502/1502/1502 1620/1620/1620 1503/1503/1503 
f 1620/1620/1620 1502/1502/1502 1610/1610/1610 
f 1626/1626/1626 1616/1616/1616 1504/1504/1504 
f 1504/1504/1504 1505/1505/1505 1626/1626/1626 
f 1497/1497/1497 1504/1504/1504 1616/1616/1616 
f 1618/1618/1618 1498/1498/1498 1506/1506/1506 
f 1627/1627/1627 1617/1617/1617 1634/1634/1634 
f 1449/1449/1449 1499/1499/1499 1507/1507/1507 
f 1500/1500/1500 1449/1449/1449 1508/1508/1508 
f 1619/1619/1619 1628/1628/1628 1509/1509/1509 
f 1501/1501/1501 1619/1619/1619 1509/1509/1509 
f 1510/1510/1510 1503/1503/1503 1620/1620/1620 
f 1510/1510/1510 1629/1629/1629 1511/1511/1511 
f 1629/1629/1629 1510/1510/1510 1620/1620/1620 
f 1635/1635/1635 1626/1626/1626 1512/1512/1512 
f 1512/1512/1512 1513/1513/1513 1635/1635/1635 
f 1505/1505/1505 1512/1512/1512 1626/1626/1626 
f 1627/1627/1627 1634/1634/1634 1514/1514/1514 
f 1636/1636/1636 1627/1627/1627 1514/1514/1514 
f 1449/1449/1449 1507/1507/1507 1515/1515/1515 
f 1508/1508/1508 1449/1449/1449 1516/1516/1516 
f 1628/1628/1628 1637/1637/1637 1517/1517/1517 
f 1509/1509/1509 1628/1628/1628 1517/1517/1517 
f 1518/1518/1518 1511/1511/1511 1629/1629/1629 
f 1518/1518/1518 1638/1638/1638 1519/1519/1519 
f 1638/1638/1638 1518/1518/1518 1629/1629/1629 
f 1644/1644/1644 1635/1635/1635 1520/1520/1520 
f 1520/1520/1520 1521/1521/1521 1644/1644/1644 
f 1520/1520/1520 1635/1635/1635 1513/1513/1513 
f 1636/1636/1636 1514/1514/1514 1522/1522/1522 
f 1645/1645/1645 1636/1636/1636 1522/1522/1522 
f 1449/1449/1449 1515/1515/1515 1523/1523/1523 
f 1516/1516/1516 1449/1449/1449 1524/1524/1524 
f 1637/1637/1637 1646/1646/1646 1525/1525/1525 
f 1517/1517/1517 1637/1637/1637 1525/1525/1525 
f 1526/1526/1526 1527/1527/1527 1647/1647/1647 
f 1638/1638/1638 1647/1647/1647 1527/1527/1527 
f 1638/1638/1638 1527/1527/1527 1519/1519/1519 
f 1644/1644/1644 1521/1521/1521 1528/1528/1528 
f 1652/1652/1652 1528/1528/1528 1529/1529/1529 
f 1528/1528/1528 1652/1652/1652 1644/1644/1644 
f 1645/1645/1645 1522/1522/1522 1530/1530/1530 
f 1653/1653/1653 1645/1645/1645 1530/1530/1530 
f 1449/1449/1449 1523/1523/1523 1531/1531/1531 
f 1524/1524/1524 1449/1449/1449 1531/1531/1531 
f 1646/1646/1646 1654/1654/1654 1532/1532/1532 
f 1525/1525/1525 1646/1646/1646 1532/1532/1532 
f 1533/1533/1533 1534/1534/1534 1656/1656/1656 
f 1647/1647/1647 1656/1656/1656 1534/1534/1534 
f 1647/1647/1647 1534/1534/1534 1526/1526/1526 
f 1652/1652/1652 1529/1529/1529 1535/1535/1535 
f 1535/1535/1535 1536/1536/1536 1661/1661/1661 
f 1535/1535/1535 1661/1661/1661 1652/1652/1652 
f 1653/1653/1653 1530/1530/1530 1537/1537/1537 
f 1662/1662/1662 1653/1653/1653 1537/1537/1537 
f 1655/1655/1655 1662/1662/1662 1538/1538/1538 
f 1664/1664/1664 1655/1655/1655 1538/1538/1538 
f 1539/1539/1539 1540/1540/1540 1663/1663/1663 
f 1656/1656/1656 1663/1663/1663 1540/1540/1540 
f 1656/1656/1656 1540/1540/1540 1533/1533/1533 
f 1661/1661/1661 1536/1536/1536 1541/1541/1541 
f 1541/1541/1541 1542/1542/1542 1669/1669/1669 
f 1541/1541/1541 1669/1669/1669 1661/1661/1661 
f 1662/1662/1662 1537/1537/1537 1538/1538/1538 
f 1543/1543/1543 1544/1544/1544 1670/1670/1670 
f 1663/1663/1663 1670/1670/1670 1544/1544/1544 
f 1663/1663/1663 1544/1544/1544 1539/1539/1539 
f 1669/1669/1669 1542/1542/1542 1545/1545/1545 
f 1545/1545/1545 1543/1543/1543 1670/1670/1670 
f 1545/1545/1545 1670/1670/1670 1669/1669/1669 
f 1546/1546/1546 1547/1547/1547 1548/1548/1548 
f 1547/1547/1547 1546/1546/1546 1549/1549/1549 
f 1548/1548/1548 1547/1547/1547 1550/1550/1550 
f 1547/1547/1547 1549/1549/1549 1551/1551/1551 
f 1550/1550/1550 1547/1547/1547 1552/1552/1552 
f 1547/1547/1547 1551/1551/1551 1553/1553/1553 
f 1552/1552/1552 1547/1547/1547 1554/1554/1554 
f 1547/1547/1547 1553/1553/1553 1555/1555/1555 
f 1554/1554/1554 1547/1547/1547 1556/1556/1556 
f 1547/1547/1547 1555/1555/1555 1557/1557/1557 
f 1556/1556/1556 1547/1547/1547 1558/1558/1558 
f 1547/1547/1547 1557/1557/1557 1559/1559/1559 
f 1558/1558/1558 1547/1547/1547 1560/1560/1560 
f 1547/1547/1547 1559/1559/1559 1561/1561/1561 
f 1560/1560/1560 1547/1547/1547 1562/1562/1562 
f 1547/1547/1547 1561/1561/1561 1563/1563/1563 
f 1562/1562/1562 1547/1547/1547 1564/1564/1564 
f 1547/1547/1547 1563/1563/1563 1565/1565/1565 
f 1564/1564/1564 1547/1547/1547 1566/1566/1566 
f 1547/1547/1547 1565/1565/1565 1567/1567/1567 
f 1566/1566/1566 1547/1547/1547 1568/1568/1568 
f 1547/1547/1547 1567/1567/1567 1569/1569/1569 
f 1568/1568/1568 1547/1547/1547 1570/1570/1570 
f 1547/1547/1547 1569/1569/1569 1570/1570/1570 
f 1587/1587/1587 1584/1584/1584 1679/1679/1679 
f 1587/1587/1587 1679/1679/1679 1680/1680/1680 
f 1585/1585/1585 1586/1586/1586 1682/1682/1682 
f 1585/1585/1585 1682/1682/1682 1679/1679/1679 
f 1584/1584/1584 1585/1585/1585 1679/1679/1679 
f 1589/1589/1589 1587/1587/1587 1680/1680/1680 
f 1596/1596/1596 1588/1588/1588 1681/1681/1681 
f 1596/1596/1596 1681/1681/1681 1683/1683/1683 
f 1594/1594/1594 1595/1595/1595 1684/1684/1684 
f 1594/1594/1594 1684/1684/1684 1682/1682/1682 
f 1586/1586/1586 1594/1594/1594 1682/1682/1682 
f 1597/1597/1597 1596/1596/1596 1683/1683/1683 
f 1605/1605/1605 1597/1597/1597 1683/1683/1683 
f 1605/1605/1605 1683/1683/1683 1685/1685/1685 
f 1603/1603/1603 1604/1604/1604 1686/1686/1686 
f 1603/1603/1603 1686/1686/1686 1684/1684/1684 
f 1595/1595/1595 1603/1603/1603 1684/1684/1684 
f 1606/1606/1606 1605/1605/1605 1685/1685/1685 
f 1614/1614/1614 1606/1606/1606 1685/1685/1685 
f 1614/1614/1614 1685/1685/1685 1687/1687/1687 
f 1612/1612/1612 1613/1613/1613 1688/1688/1688 
f 1612/1612/1612 1688/1688/1688 1686/1686/1686 
f 1604/1604/1604 1612/1612/1612 1686/1686/1686 
f 1615/1615/1615 1614/1614/1614 1687/1687/1687 
f 1624/1624/1624 1615/1615/1615 1687/1687/1687 
f 1624/1624/1624 1687/1687/1687 1689/1689/1689 
f 1621/1621/1621 1622/1622/1622 1691/1691/1691 
f 1621/1621/1621 1691/1691/1691 1688/1688/1688 
f 1613/1613/1613 1621/1621/1621 1688/1688/1688 
f 1625/1625/1625 1624/1624/1624 1689/1689/1689 
f 1632/1632/1632 1625/1625/1625 1689/1689/1689 
f 1632/1632/1632 1689/1689/1689 1692/1692/1692 
f 1630/1630/1630 1631/1631/1631 1693/1693/1693 
f 1630/1630/1630 1693/1693/1693 1690/1690/1690 
f 1623/1623/1623 1630/1630/1630 1690/1690/1690 
f 1633/1633/1633 1632/1632/1632 1692/1692/1692 
f 1641/1641/1641 1633/1633/1633 1692/1692/1692 
f 1641/1641/1641 1692/1692/1692 1694/1694/1694 
f 1639/1639/1639 1640/1640/1640 1696/1696/1696 
f 1639/1639/1639 1696/1696/1696 1693/1693/1693 
f 1631/1631/1631 1639/1639/1639 1693/1693/1693 
f 1643/1643/1643 1641/1641/1641 1694/1694/1694 
f 1650/1650/1650 1642/1642/1642 1695/1695/1695 
f 1650/1650/1650 1695/1695/1695 1697/1697/1697 
f 1648/1648/1648 1649/1649/1649 1698/1698/1698 
f 1648/1648/1648 1698/1698/1698 1696/1696/1696 
f 1640/1640/1640 1648/1648/1648 1696/1696/1696 
f 1651/1651/1651 1650/1650/1650 1697/1697/1697 
f 1659/1659/1659 1651/1651/1651 1697/1697/1697 
f 1659/1659/1659 1697/1697/1697 1699/1699/1699 
f 1658/1658/1658 1657/1657/1657 1700/1700/1700 
f 1658/1658/1658 1700/1700/1700 1698/1698/1698 
f 1649/1649/1649 1658/1658/1658 1698/1698/1698 
f 1660/1660/1660 1659/1659/1659 1699/1699/1699 
f 1667/1667/1667 1660/1660/1660 1699/1699/1699 
f 1667/1667/1667 1699/1699/1699 1701/1701/1701 
f 1666/1666/1666 1665/1665/1665 1702/1702/1702 
f 1666/1666/1666 1702/1702/1702 1700/1700/1700 
f 1657/1657/1657 1666/1666/1666 1700/1700/1700 
f 1668/1668/1668 1667/1667/1667 1701/1701/1701 
f 1674/1674/1674 1668/1668/1668 1701/1701/1701 
f 1674/1674/1674 1701/1701/1701 1703/1703/1703 
f 1673/1673/1673 1671/1671/1671 1705/1705/1705 
f 1673/1673/1673 1705/1705/1705 1702/1702/1702 
f 1665/1665/1665 1673/1673/1673 1702/1702/1702 
f 1675/1675/1675 1674/1674/1674 1703/1703/1703 
f 1678/1678/1678 1675/1675/1675 1703/1703/1703 
f 1678/1678/1678 1703/1703/1703 1706/1706/1706 
f 1677/1677/1677 1676/1676/1676 1706/1706/1706 
f 1677/1677/1677 1706/1706/1706 1704/1704/1704 
f 1672/1672/1672 1677/1677/1677 1704/1704/1704 
f 1676/1676/1676 1678/1678/1678 1706/1706/1706 

g Union5

v -33.0595 4.71526 -1.29959 
v -33.0595 4.46554 -1.46585 
v -33.0595 4.503 -1.51159 
v -33.0595 4.4306 -1.39428 
v -33.3595 4.46554 -1.46584 
v -33.0595 4.5487 -1.5491 
v -33.0595 4.41526 -1.2994 
v -33.3595 4.4306 -1.39428 
v -33.3595 4.503 -1.51159 
v -33.0595 4.62022 -1.58414 
v -33.0595 4.43072 -1.20455 
v -33.3595 4.41526 -1.2994 
v -33.3595 4.54046 -1.41597 
v -33.3595 4.53696 -1.40881 
v -33.3595 4.516 -1.36587 
v -33.3595 4.56293 -1.44342 
v -33.3595 4.56668 -1.44799 
v -33.3595 4.5487 -1.5491 
v -33.0595 4.71508 -1.59959 
v -33.0595 4.46575 -1.13303 
v -33.3595 4.43072 -1.20454 
v -33.3595 4.51446 -1.35639 
v -33.3595 4.50526 -1.29946 
v -33.3595 4.5941 -1.4705 
v -33.3595 4.59867 -1.47425 
v -33.3595 4.62022 -1.58414 
v -33.0595 4.80995 -1.58426 
v -33.0595 4.50326 -1.08733 
v -33.3595 4.46575 -1.13302 
v -33.3595 4.50681 -1.28997 
v -33.3595 4.51608 -1.23306 
v -33.3595 4.64158 -1.49527 
v -33.3595 4.64873 -1.49877 
v -33.3595 4.71508 -1.59959 
v -33.0595 4.88152 -1.54931 
v -33.0595 4.54901 -1.04987 
v -33.3595 4.50326 -1.08733 
v -33.3595 4.51958 -1.22591 
v -33.3595 4.54061 -1.18299 
v -33.3595 4.70565 -1.50805 
v -33.3595 4.71513 -1.50959 
v -33.3595 4.80995 -1.58425 
v -33.0595 4.92726 -1.51186 
v -33.0595 4.62057 -1.01493 
v -33.3595 4.54901 -1.04987 
v -33.3595 4.54436 -1.17842 
v -33.3595 4.56686 -1.15101 
v -33.3595 4.77206 -1.50039 
v -33.3595 4.78155 -1.49886 
v -33.3595 4.88152 -1.54931 
v -33.0595 4.96478 -1.46616 
v -33.0595 4.71545 -0.999591 
v -33.3595 4.62057 -1.01493 
v -33.3595 4.57144 -1.14726 
v -33.3595 4.59889 -1.12479 
v -33.3595 4.82448 -1.47789 
v -33.3595 4.83164 -1.47439 
v -33.3595 4.92726 -1.51186 
v -33.0595 4.99981 -1.39464 
v -33.0595 4.81031 -1.01505 
v -33.3595 4.71545 -0.999591 
v -33.3595 4.60604 -1.12129 
v -33.3595 4.64898 -1.10033 
v -33.3595 4.85909 -1.45192 
v -33.3595 4.86366 -1.44818 
v -33.3595 4.96477 -1.46616 
v -33.0595 5.01526 -1.29978 
v -33.0595 4.88183 -1.05008 
v -33.3595 4.81031 -1.01504 
v -33.3595 4.65847 -1.09879 
v -33.3595 4.71539 -1.08959 
v -33.3595 4.88617 -1.42076 
v -33.3595 4.88992 -1.41619 
v -33.3595 4.99981 -1.39464 
v -33.0595 4.99993 -1.2049 
v -33.0595 4.92753 -1.08759 
v -33.3595 4.88183 -1.05008 
v -33.3595 4.7818 -1.10041 
v -33.3595 4.72488 -1.09114 
v -33.3595 4.91094 -1.37328 
v -33.3595 4.91444 -1.36612 
v -33.3595 5.01526 -1.29978 
v -33.0595 4.96498 -1.13334 
v -33.3595 4.92753 -1.08759 
v -33.3595 4.83186 -1.12493 
v -33.3595 4.78895 -1.10391 
v -33.3595 4.92372 -1.30921 
v -33.3595 4.92526 -1.29972 
v -33.3595 4.99993 -1.2049 
v -33.3595 4.96498 -1.13334 
v -33.3595 4.86385 -1.15119 
v -33.3595 4.83643 -1.12868 
v -33.3595 4.91606 -1.2428 
v -33.3595 4.91453 -1.23331 
v -33.3595 4.89007 -1.18321 
v -33.3595 4.86759 -1.15577 
v -33.3595 4.89356 -1.19037 
v -33.2395 4.54046 -1.41597 
v -33.2395 4.71526 -1.29959 
v -33.2395 4.56668 -1.44799 
v -33.2395 4.516 -1.36587 
v -33.2395 4.59867 -1.47425 
v -33.2395 4.50526 -1.29946 
v -33.2395 4.64873 -1.49877 
v -33.2395 4.51608 -1.23306 
v -33.2395 4.71513 -1.50959 
v -33.2395 4.54061 -1.18299 
v -33.2395 4.78155 -1.49886 
v -33.2395 4.56686 -1.15101 
v -33.2395 4.83164 -1.47439 
v -33.2395 4.59889 -1.12479 
v -33.2395 4.86366 -1.44818 
v -33.2395 4.64898 -1.10033 
v -33.2395 4.88992 -1.41619 
v -33.2395 4.71539 -1.08959 
v -33.2395 4.91445 -1.36612 
v -33.2395 4.7818 -1.10041 
v -33.2395 4.92526 -1.29972 
v -33.2395 4.83186 -1.12493 
v -33.2395 4.91453 -1.23331 
v -33.2395 4.86385 -1.15119 
v -33.2395 4.89007 -1.18321 
v -33.0595 4.46554 -1.46585 
v -33.0595 4.503 -1.51159 
v -33.0595 4.503 -1.51159 
v -33.0595 4.4306 -1.39428 
v -33.3595 4.46554 -1.46584 
v -33.0595 4.5487 -1.5491 
v -33.0595 4.41526 -1.2994 
v -33.3595 4.4306 -1.39428 
v -33.3595 4.503 -1.51159 
v -33.3595 4.503 -1.51159 
v -33.0595 4.62022 -1.58414 
v -33.0595 4.43072 -1.20455 
v -33.3595 4.41526 -1.2994 
v -33.3595 4.54046 -1.41597 
v -33.3595 4.53696 -1.40881 
v -33.3595 4.516 -1.36587 
v -33.3595 4.56293 -1.44342 
v -33.3595 4.56668 -1.44799 
v -33.3595 4.56668 -1.44799 
v -33.3595 4.5487 -1.5491 
v -33.0595 4.71508 -1.59959 
v -33.0595 4.46575 -1.13303 
v -33.3595 4.43072 -1.20454 
v -33.3595 4.51446 -1.35639 
v -33.3595 4.50526 -1.29946 
v -33.3595 4.5941 -1.4705 
v -33.3595 4.59867 -1.47425 
v -33.3595 4.62022 -1.58414 
v -33.0595 4.80995 -1.58426 
v -33.0595 4.50326 -1.08733 
v -33.0595 4.50326 -1.08733 
v -33.3595 4.46575 -1.13302 
v -33.3595 4.50681 -1.28997 
v -33.3595 4.51608 -1.23306 
v -33.3595 4.64158 -1.49527 
v -33.3595 4.64873 -1.49877 
v -33.3595 4.71508 -1.59959 
v -33.0595 4.88152 -1.54931 
v -33.0595 4.54901 -1.04987 
v -33.3595 4.50326 -1.08733 
v -33.3595 4.50326 -1.08733 
v -33.3595 4.51958 -1.22591 
v -33.3595 4.54061 -1.18299 
v -33.3595 4.70565 -1.50805 
v -33.3595 4.71513 -1.50959 
v -33.3595 4.80995 -1.58425 
v -33.0595 4.92726 -1.51186 
v -33.0595 4.92726 -1.51186 
v -33.0595 4.62057 -1.01493 
v -33.3595 4.54901 -1.04987 
v -33.3595 4.54436 -1.17842 
v -33.3595 4.56686 -1.15101 
v -33.3595 4.56686 -1.15101 
v -33.3595 4.77206 -1.50039 
v -33.3595 4.78155 -1.49886 
v -33.3595 4.88152 -1.54931 
v -33.0595 4.96478 -1.46616 
v -33.0595 4.71545 -0.999591 
v -33.3595 4.62057 -1.01493 
v -33.3595 4.57144 -1.14726 
v -33.3595 4.59889 -1.12479 
v -33.3595 4.82448 -1.47789 
v -33.3595 4.83164 -1.47439 
v -33.3595 4.92726 -1.51186 
v -33.3595 4.92726 -1.51186 
v -33.0595 4.99981 -1.39464 
v -33.0595 4.81031 -1.01505 
v -33.3595 4.71545 -0.999591 
v -33.3595 4.60604 -1.12129 
v -33.3595 4.64898 -1.10033 
v -33.3595 4.85909 -1.45192 
v -33.3595 4.86366 -1.44818 
v -33.3595 4.86366 -1.44818 
v -33.3595 4.96477 -1.46616 
v -33.0595 5.01526 -1.29978 
v -33.0595 4.88183 -1.05008 
v -33.3595 4.81031 -1.01504 
v -33.3595 4.65847 -1.09879 
v -33.3595 4.71539 -1.08959 
v -33.3595 4.88617 -1.42076 
v -33.3595 4.88992 -1.41619 
v -33.3595 4.99981 -1.39464 
v -33.0595 4.99993 -1.2049 
v -33.0595 4.92753 -1.08759 
v -33.0595 4.92753 -1.08759 
v -33.3595 4.88183 -1.05008 
v -33.3595 4.7818 -1.10041 
v -33.3595 4.72488 -1.09114 
v -33.3595 4.91094 -1.37328 
v -33.3595 4.91444 -1.36612 
v -33.3595 5.01526 -1.29978 
v -33.0595 4.96498 -1.13334 
v -33.3595 4.92753 -1.08759 
v -33.3595 4.92753 -1.08759 
v -33.3595 4.83186 -1.12493 
v -33.3595 4.78895 -1.10391 
v -33.3595 4.92372 -1.30921 
v -33.3595 4.92526 -1.29972 
v -33.3595 4.99993 -1.2049 
v -33.3595 4.96498 -1.13334 
v -33.3595 4.86385 -1.15119 
v -33.3595 4.86385 -1.15119 
v -33.3595 4.83643 -1.12868 
v -33.3595 4.91606 -1.2428 
v -33.3595 4.91453 -1.23331 
v -33.3595 4.89007 -1.18321 
v -33.3595 4.86759 -1.15577 
v -33.3595 4.89356 -1.19037 
v -33.2395 4.54046 -1.41597 
v -33.2395 4.56668 -1.44799 
v -33.2395 4.56668 -1.44799 
v -33.2395 4.516 -1.36587 
v -33.2395 4.59867 -1.47425 
v -33.2395 4.50526 -1.29946 
v -33.2395 4.64873 -1.49877 
v -33.2395 4.51608 -1.23306 
v -33.2395 4.71513 -1.50959 
v -33.2395 4.54061 -1.18299 
v -33.2395 4.78155 -1.49886 
v -33.2395 4.56686 -1.15101 
v -33.2395 4.56686 -1.15101 
v -33.2395 4.83164 -1.47439 
v -33.2395 4.59889 -1.12479 
v -33.2395 4.86366 -1.44818 
v -33.2395 4.86366 -1.44818 
v -33.2395 4.64898 -1.10033 
v -33.2395 4.88992 -1.41619 
v -33.2395 4.71539 -1.08959 
v -33.2395 4.91445 -1.36612 
v -33.2395 4.7818 -1.10041 
v -33.2395 4.92526 -1.29972 
v -33.2395 4.83186 -1.12493 
v -33.2395 4.91453 -1.23331 
v -33.2395 4.86385 -1.15119 
v -33.2395 4.86385 -1.15119 
v -33.2395 4.89007 -1.18321 

vn 1 0 0 
vn 1 0 0 
vn 1 0 0 
vn 1 0 0 
vn 0 -0.826772 -0.559055 
vn 1 0 0 
vn 1 0 0 
vn 0 -0.944882 -0.338583 
vn 0 -0.685039 -0.732283 
vn 1 0 0 
vn 1 0 0 
vn 0 -1 -0.0551181 
vn -1 0 0 
vn -1 0 0 
vn -1 0 0 
vn -1 0 0 
vn -1 0 0 
vn 0 -0.496063 -0.866142 
vn 1 0 0 
vn 1 0 0 
vn 0 -0.968504 0.244094 
vn -1 0 0 
vn -1 0 0 
vn -1 0 0 
vn -1 0 0 
vn 0 -0.244094 -0.968504 
vn 1 0 0 
vn 1 0 0 
vn 0 -0.866142 0.496063 
vn -1 0 0 
vn -1 0 0 
vn -1 0 0 
vn -1 0 0 
vn 0 0.0551181 -1 
vn 1 0 0 
vn 1 0 0 
vn 0 -0.732283 0.685039 
vn -1 0 0 
vn -1 0 0 
vn -1 0 0 
vn -1 0 0 
vn 0 0.338583 -0.944882 
vn 1 0 0 
vn 1 0 0 
vn 0 -0.559055 0.826772 
vn -1 0 0 
vn -1 0 0 
vn -1 0 0 
vn -1 0 0 
vn 0 0.559055 -0.826772 
vn 1 0 0 
vn 1 0 0 
vn 0 -0.338583 0.944882 
vn -1 0 0 
vn -1 0 0 
vn -1 0 0 
vn -1 0 0 
vn 0 0.732283 -0.685039 
vn 1 0 0 
vn 1 0 0 
vn 0 -0.0551181 1 
vn -1 0 0 
vn -1 0 0 
vn -1 0 0 
vn -1 0 0 
vn 0 0.866142 -0.496063 
vn 1 0 0 
vn 1 0 0 
vn 0 0.244094 0.968504 
vn -1 0 0 
vn -1 0 0 
vn -1 0 0 
vn -1 0 0 
vn 0 0.968504 -0.244094 
vn 1 0 0 
vn 1 0 0 
vn 0 0.496063 0.866142 
vn -1 0 0 
vn -1 0 0 
vn -1 0 0 
vn -1 0 0 
vn 0 1 0.0551181 
vn 1 0 0 
vn 0 0.685039 0.732283 
vn -1 0 0 
vn -1 0 0 
vn -1 0 0 
vn -1 0 0 
vn 0 0.944882 0.338583 
vn 0 0.826772 0.559055 
vn -1 0 0 
vn -1 0 0 
vn -1 0 0 
vn -1 0 0 
vn -1 0 0 
vn -1 0 0 
vn -1 0 0 
vn -1 0 0 
vn -1 0 0 
vn -1 0 0 
vn -1 0 0 
vn -1 0 0 
vn -1 0 0 
vn -1 0 0 
vn -1 0 0 
vn -1 0 0 
vn -1 0 0 
vn -1 0 0 
vn -1 0 0 
vn -1 0 0 
vn -1 0 0 
vn -1 0 0 
vn -1 0 0 
vn -1 0 0 
vn -1 0 0 
vn -1 0 0 
vn -1 0 0 
vn -1 0 0 
vn -1 0 0 
vn -1 0 0 
vn -1 0 0 
vn -1 0 0 
vn 0 -0.866142 -0.496063 
vn 0 -0.732283 -0.685039 
vn 0 -0.732283 -0.685039 
vn 0 -0.968504 -0.244094 
vn -1 0 0 
vn 0 -0.559055 -0.826772 
vn 0 -1 0.0551181 
vn -1 0 0 
vn 0 -0.685039 -0.732283 
vn -1 0 0 
vn 0 -0.338583 -0.944882 
vn 0 -0.944882 0.338583 
vn -1 0 0 
vn 0 0.80315 0.598425 
vn 0 0.897638 0.440945 
vn 0 0.92126 0.393701 
vn 0 0.771654 0.629921 
vn 0 0.653543 0.755906 
vn 0 0.653543 0.755906 
vn -1 0 0 
vn 0 -0.0551181 -1 
vn 0 -0.826772 0.559055 
vn -1 0 0 
vn 0 0.984252 0.15748 
vn 0 0.992126 0.11811 
vn 0 0.637795 0.771654 
vn 0 0.464567 0.889764 
vn -1 0 0 
vn 0 0.244094 -0.968504 
vn 0 -0.685039 0.732283 
vn 0 -0.685039 0.732283 
vn -1 0 0 
vn 0 0.984252 -0.15748 
vn 0 0.984252 -0.19685 
vn 0 0.440945 0.897638 
vn 0 0.19685 0.984252 
vn -1 0 0 
vn 0 0.496063 -0.866142 
vn 0 -0.496063 0.866142 
vn -1 0 0 
vn 0 -0.732283 0.685039 
vn 0 0.897638 -0.440945 
vn 0 0.889764 -0.464567 
vn 0 0.15748 0.984252 
vn 0 -0.11811 0.992126 
vn -1 0 0 
vn 0 0.685039 -0.732283 
vn 0 0.685039 -0.732283 
vn 0 -0.244094 0.968504 
vn -1 0 0 
vn 0 0.771654 -0.637795 
vn 0 0.755906 -0.653543 
vn 0 0.755906 -0.653543 
vn 0 -0.15748 0.984252 
vn 0 -0.393701 0.92126 
vn -1 0 0 
vn 0 0.826772 -0.559055 
vn 0 0.0551181 1 
vn -1 0 0 
vn 0 0.629921 -0.771654 
vn 0 0.598425 -0.80315 
vn 0 -0.440945 0.897638 
vn 0 -0.598425 0.80315 
vn 0 0.732283 -0.685039 
vn -1 0 0 
vn 0 0.944882 -0.338583 
vn 0 0.338583 0.944882 
vn -1 0 0 
vn 0 0.440945 -0.897638 
vn 0 0.393701 -0.92126 
vn 0 -0.629921 0.771654 
vn 0 -0.755906 0.653543 
vn 0 -0.755906 0.653543 
vn -1 0 0 
vn 0 1 -0.0551181 
vn 0 0.559055 0.826772 
vn -1 0 0 
vn 0 0.15748 -0.984252 
vn 0 0.11811 -0.992126 
vn 0 -0.771654 0.637795 
vn 0 -0.889764 0.464567 
vn -1 0 0 
vn 0 0.968504 0.244094 
vn 0 0.732283 0.685039 
vn 0 0.732283 0.685039 
vn -1 0 0 
vn 0 -0.19685 -0.984252 
vn 0 -0.15748 -0.984252 
vn 0 -0.897638 0.440945 
vn 0 -0.984252 0.19685 
vn -1 0 0 
vn 0 0.866142 0.496063 
vn -1 0 0 
vn 0 0.685039 0.732283 
vn 0 -0.464567 -0.889764 
vn 0 -0.440945 -0.897638 
vn 0 -0.984252 0.15748 
vn 0 -0.992126 -0.11811 
vn -1 0 0 
vn -1 0 0 
vn 0 -0.653543 -0.755906 
vn 0 -0.653543 -0.755906 
vn 0 -0.637795 -0.771654 
vn 0 -0.984252 -0.15748 
vn 0 -0.92126 -0.393701 
vn 0 -0.80315 -0.598425 
vn 0 -0.771654 -0.629921 
vn 0 -0.897638 -0.440945 
vn 0 0.834646 0.551181 
vn 0 0.692913 0.724409 
vn 0 0.692913 0.724409 
vn 0 0.944882 0.322835 
vn 0 0.503937 0.866142 
vn 0 1 0.0393701 
vn 0 0.259843 0.968504 
vn 0 0.968504 -0.259843 
vn 0 -0.0393701 1 
vn 0 0.866142 -0.503937 
vn 0 -0.322835 0.944882 
vn 0 0.724409 -0.692913 
vn 0 0.724409 -0.692913 
vn 0 -0.551181 0.834646 
vn 0 0.551181 -0.834646 
vn 0 -0.724409 0.692913 
vn 0 -0.724409 0.692913 
vn 0 0.322835 -0.944882 
vn 0 -0.866142 0.503937 
vn 0 0.0393701 -1 
vn 0 -0.968504 0.259843 
vn 0 -0.259843 -0.968504 
vn 0 -1 -0.0393701 
vn 0 -0.503937 -0.866142 
vn 0 -0.944882 -0.322835 
vn 0 -0.692913 -0.724409 
vn 0 -0.692913 -0.724409 
vn 0 -0.834646 -0.551181 

vt 0.532074 1.06755 
vt 0.563276 1.08835 
vt 0.558591 1.09407 
vt 0.56765 1.07941 
vt 0.550824 1.08835 
vt 0.552875 1.09875 
vt 0.569574 1.06755 
vt 0.550824 1.07941 
vt 0.550824 1.09407 
vt 0.543933 1.10313 
vt 0.56765 1.05569 
vt 0.550824 1.06755 
vt 0.510233 1.08211 
vt 0.509795 1.08122 
vt 0.507171 1.07585 
vt 0.513044 1.08554 
vt 0.513513 1.08611 
vt 0.550824 1.04675 
vt 0.532074 1.10505 
vt 0.563276 1.04675 
vt 0.550824 1.05569 
vt 0.506979 1.07466 
vt 0.505824 1.06755 
vt 0.516942 1.08892 
vt 0.517513 1.08939 
vt 0.550824 1.05569 
vt 0.520216 1.10313 
vt 0.558591 1.04103 
vt 0.550824 1.04675 
vt 0.506017 1.06636 
vt 0.507171 1.05925 
vt 0.522879 1.09202 
vt 0.523773 1.09245 
vt 0.550824 1.06755 
vt 0.511273 1.09875 
vt 0.552875 1.03635 
vt 0.550824 1.04103 
vt 0.507609 1.05835 
vt 0.510233 1.05299 
vt 0.530888 1.09361 
vt 0.532074 1.0938 
vt 0.550824 1.07941 
vt 0.505558 1.09407 
vt 0.543933 1.03197 
vt 0.513324 1.04675 
vt 0.510701 1.05242 
vt 0.513513 1.04899 
vt 0.539189 1.09264 
vt 0.540375 1.09245 
vt 0.550824 1.08835 
vt 0.500872 1.08835 
vt 0.532074 1.03005 
vt 0.513324 1.05569 
vt 0.514084 1.04852 
vt 0.517513 1.04571 
vt 0.545741 1.08983 
vt 0.546635 1.08939 
vt 0.550824 1.09407 
vt 0.496499 1.07941 
vt 0.520216 1.03197 
vt 0.513324 1.06755 
vt 0.518408 1.04527 
vt 0.523773 1.04265 
vt 0.550064 1.08658 
vt 0.550636 1.08611 
vt 0.513324 1.08835 
vt 0.494574 1.06755 
vt 0.511273 1.03635 
vt 0.513324 1.07941 
vt 0.524959 1.04245 
vt 0.532074 1.0413 
vt 0.553447 1.08268 
vt 0.553916 1.08211 
vt 0.513324 1.07941 
vt 0.496499 1.05569 
vt 0.505558 1.04103 
vt 0.513324 1.08835 
vt 0.540375 1.04265 
vt 0.53326 1.04149 
vt 0.55654 1.07674 
vt 0.556977 1.07585 
vt 0.513324 1.06755 
vt 0.500872 1.04675 
vt 0.513324 1.09407 
vt 0.546635 1.04571 
vt 0.541269 1.04308 
vt 0.558132 1.06874 
vt 0.558324 1.06755 
vt 0.513324 1.05569 
vt 0.513324 1.04675 
vt 0.550636 1.04899 
vt 0.547207 1.04618 
vt 0.55717 1.06043 
vt 0.556977 1.05925 
vt 0.553916 1.05299 
vt 0.551104 1.04956 
vt 0.554353 1.05388 
vt 0.510233 1.08211 
vt 0.532074 1.06755 
vt 0.513513 1.08611 
vt 0.507171 1.07585 
vt 0.517513 1.08939 
vt 0.505824 1.06755 
vt 0.523773 1.09245 
vt 0.507171 1.05925 
vt 0.532074 1.0938 
vt 0.510233 1.05299 
vt 0.540375 1.09245 
vt 0.513513 1.04899 
vt 0.546635 1.08939 
vt 0.517513 1.04571 
vt 0.550636 1.08611 
vt 0.523773 1.04265 
vt 0.553916 1.08211 
vt 0.532074 1.0413 
vt 0.556977 1.07585 
vt 0.540375 1.04265 
vt 0.558324 1.06755 
vt 0.546635 1.04571 
vt 0.556977 1.05925 
vt 0.550636 1.04899 
vt 0.553916 1.05299 
vt 0.513324 1.08835 
vt 0.513324 1.04103 
vt 0.513324 1.09407 
vt 0.513324 1.07941 
vt 0.500872 1.08835 
vt 0.513324 1.04675 
vt 0.513324 1.06755 
vt 0.496499 1.07941 
vt 0.550824 1.04103 
vt 0.505558 1.09407 
vt 0.513324 1.05569 
vt 0.513324 1.05569 
vt 0.494574 1.06755 
vt 0.513324 1.08211 
vt 0.513324 1.08122 
vt 0.513324 1.07585 
vt 0.513324 1.08554 
vt 0.513324 1.04899 
vt 0.513324 1.08611 
vt 0.511273 1.09875 
vt 0.513324 1.06755 
vt 0.513324 1.04675 
vt 0.496499 1.05569 
vt 0.513324 1.07466 
vt 0.513324 1.06755 
vt 0.513324 1.05242 
vt 0.513324 1.05299 
vt 0.520216 1.10313 
vt 0.513324 1.07941 
vt 0.513324 1.04103 
vt 0.550824 1.04103 
vt 0.500872 1.04675 
vt 0.513324 1.06636 
vt 0.513324 1.05925 
vt 0.513324 1.05835 
vt 0.513324 1.05925 
vt 0.532074 1.10505 
vt 0.513324 1.08835 
vt 0.550824 1.04675 
vt 0.505558 1.04103 
vt 0.513324 1.04103 
vt 0.513324 1.05835 
vt 0.513324 1.05299 
vt 0.513324 1.06636 
vt 0.513324 1.06755 
vt 0.543933 1.10313 
vt 0.550824 1.09407 
vt 0.513324 1.09407 
vt 0.550824 1.05569 
vt 0.511273 1.03635 
vt 0.513324 1.05242 
vt 0.513324 1.04899 
vt 0.550824 1.04899 
vt 0.513324 1.07466 
vt 0.513324 1.07585 
vt 0.552875 1.09875 
vt 0.550824 1.08835 
vt 0.550824 1.06755 
vt 0.520216 1.03197 
vt 0.550824 1.04956 
vt 0.550824 1.05299 
vt 0.513324 1.08122 
vt 0.513324 1.08211 
vt 0.513324 1.09407 
vt 0.558591 1.09407 
vt 0.550824 1.07941 
vt 0.550824 1.07941 
vt 0.532074 1.03005 
vt 0.550824 1.05388 
vt 0.550824 1.05925 
vt 0.513324 1.08554 
vt 0.550824 1.08611 
vt 0.513324 1.08611 
vt 0.563276 1.08835 
vt 0.550824 1.06755 
vt 0.550824 1.08835 
vt 0.543933 1.03197 
vt 0.550824 1.06043 
vt 0.550824 1.06755 
vt 0.550824 1.08268 
vt 0.550824 1.08211 
vt 0.56765 1.07941 
vt 0.550824 1.05569 
vt 0.550824 1.09407 
vt 0.550824 1.04103 
vt 0.552875 1.03635 
vt 0.550824 1.07585 
vt 0.550824 1.06874 
vt 0.550824 1.07674 
vt 0.550824 1.07585 
vt 0.569574 1.06755 
vt 0.550824 1.04675 
vt 0.558591 1.04103 
vt 0.513324 1.04103 
vt 0.550824 1.08211 
vt 0.550824 1.07674 
vt 0.550824 1.06874 
vt 0.550824 1.06755 
vt 0.56765 1.05569 
vt 0.563276 1.04675 
vt 0.550824 1.08611 
vt 0.550824 1.04899 
vt 0.550824 1.08268 
vt 0.550824 1.06043 
vt 0.550824 1.05925 
vt 0.550824 1.05299 
vt 0.550824 1.04956 
vt 0.550824 1.05388 
vt 0.528325 1.08211 
vt 0.528325 1.08611 
vt 0.528325 1.04899 
vt 0.528325 1.07585 
vt 0.528325 1.05299 
vt 0.528325 1.06755 
vt 0.528325 1.05925 
vt 0.528325 1.05925 
vt 0.528325 1.06755 
vt 0.528325 1.05299 
vt 0.528325 1.07585 
vt 0.535823 1.04899 
vt 0.528325 1.04899 
vt 0.528325 1.08211 
vt 0.535823 1.05299 
vt 0.528325 1.08611 
vt 0.535823 1.08611 
vt 0.535823 1.05925 
vt 0.535823 1.08211 
vt 0.535823 1.06755 
vt 0.535823 1.07585 
vt 0.535823 1.07585 
vt 0.535823 1.06755 
vt 0.535823 1.08211 
vt 0.535823 1.05925 
vt 0.535823 1.04899 
vt 0.535823 1.08611 
vt 0.535823 1.05299 

usemtl Union3Mtl

f 1707/1707/1707 1708/1708/1708 1709/1709/1709 
f 1708/1708/1708 1707/1707/1707 1710/1710/1710 
f 1831/1831/1831 1829/1829/1829 1711/1711/1711 
f 1707/1707/1707 1709/1709/1709 1712/1712/1712 
f 1710/1710/1710 1707/1707/1707 1713/1713/1713 
f 1829/1829/1829 1832/1832/1832 1714/1714/1714 
f 1711/1711/1711 1829/1829/1829 1714/1714/1714 
f 1831/1831/1831 1711/1711/1711 1715/1715/1715 
f 1834/1834/1834 1830/1830/1830 1837/1837/1837 
f 1707/1707/1707 1712/1712/1712 1716/1716/1716 
f 1713/1713/1713 1707/1707/1707 1717/1717/1717 
f 1832/1832/1832 1835/1835/1835 1718/1718/1718 
f 1714/1714/1714 1832/1832/1832 1718/1718/1718 
f 1719/1719/1719 1833/1833/1833 1720/1720/1720 
f 1720/1720/1720 1836/1836/1836 1721/1721/1721 
f 1836/1836/1836 1720/1720/1720 1833/1833/1833 
f 1838/1838/1838 1833/1833/1833 1722/1722/1722 
f 1722/1722/1722 1723/1723/1723 1838/1838/1838 
f 1719/1719/1719 1722/1722/1722 1833/1833/1833 
f 1834/1834/1834 1837/1837/1837 1724/1724/1724 
f 1839/1839/1839 1834/1834/1834 1724/1724/1724 
f 1707/1707/1707 1716/1716/1716 1725/1725/1725 
f 1717/1717/1717 1707/1707/1707 1726/1726/1726 
f 1835/1835/1835 1840/1840/1840 1727/1727/1727 
f 1718/1718/1718 1835/1835/1835 1727/1727/1727 
f 1721/1721/1721 1836/1836/1836 1728/1728/1728 
f 1728/1728/1728 1841/1841/1841 1729/1729/1729 
f 1841/1841/1841 1728/1728/1728 1836/1836/1836 
f 1848/1848/1848 1838/1838/1838 1730/1730/1730 
f 1848/1848/1848 1730/1730/1730 1731/1731/1731 
f 1730/1730/1730 1838/1838/1838 1723/1723/1723 
f 1839/1839/1839 1724/1724/1724 1732/1732/1732 
f 1849/1849/1849 1839/1839/1839 1732/1732/1732 
f 1707/1707/1707 1725/1725/1725 1733/1733/1733 
f 1726/1726/1726 1707/1707/1707 1734/1734/1734 
f 1840/1840/1840 1850/1850/1850 1735/1735/1735 
f 1727/1727/1727 1840/1840/1840 1735/1735/1735 
f 1729/1729/1729 1841/1841/1841 1736/1736/1736 
f 1736/1736/1736 1851/1851/1851 1737/1737/1737 
f 1851/1851/1851 1736/1736/1736 1841/1841/1841 
f 1856/1856/1856 1848/1848/1848 1738/1738/1738 
f 1856/1856/1856 1738/1738/1738 1739/1739/1739 
f 1738/1738/1738 1848/1848/1848 1731/1731/1731 
f 1849/1849/1849 1732/1732/1732 1740/1740/1740 
f 1857/1857/1857 1849/1849/1849 1740/1740/1740 
f 1707/1707/1707 1733/1733/1733 1741/1741/1741 
f 1734/1734/1734 1707/1707/1707 1742/1742/1742 
f 1850/1850/1850 1858/1858/1858 1743/1743/1743 
f 1735/1735/1735 1850/1850/1850 1743/1743/1743 
f 1744/1744/1744 1737/1737/1737 1851/1851/1851 
f 1860/1860/1860 1745/1745/1745 1744/1744/1744 
f 1860/1860/1860 1744/1744/1744 1851/1851/1851 
f 1865/1865/1865 1856/1856/1856 1746/1746/1746 
f 1865/1865/1865 1746/1746/1746 1747/1747/1747 
f 1746/1746/1746 1856/1856/1856 1739/1739/1739 
f 1857/1857/1857 1740/1740/1740 1748/1748/1748 
f 1866/1866/1866 1857/1857/1857 1748/1748/1748 
f 1707/1707/1707 1741/1741/1741 1749/1749/1749 
f 1742/1742/1742 1707/1707/1707 1750/1750/1750 
f 1859/1859/1859 1867/1867/1867 1751/1751/1751 
f 1869/1869/1869 1859/1859/1859 1751/1751/1751 
f 1752/1752/1752 1745/1745/1745 1860/1860/1860 
f 1752/1752/1752 1868/1868/1868 1753/1753/1753 
f 1868/1868/1868 1752/1752/1752 1860/1860/1860 
f 1874/1874/1874 1865/1865/1865 1754/1754/1754 
f 1754/1754/1754 1755/1755/1755 1874/1874/1874 
f 1747/1747/1747 1754/1754/1754 1865/1865/1865 
f 1866/1866/1866 1748/1748/1748 1756/1756/1756 
f 1876/1876/1876 1866/1866/1866 1756/1756/1756 
f 1707/1707/1707 1749/1749/1749 1757/1757/1757 
f 1750/1750/1750 1707/1707/1707 1758/1758/1758 
f 1867/1867/1867 1877/1877/1877 1759/1759/1759 
f 1751/1751/1751 1867/1867/1867 1759/1759/1759 
f 1760/1760/1760 1753/1753/1753 1868/1868/1868 
f 1760/1760/1760 1878/1878/1878 1761/1761/1761 
f 1878/1878/1878 1760/1760/1760 1868/1868/1868 
f 1884/1884/1884 1874/1874/1874 1762/1762/1762 
f 1762/1762/1762 1763/1763/1763 1884/1884/1884 
f 1755/1755/1755 1762/1762/1762 1874/1874/1874 
f 1876/1876/1876 1756/1756/1756 1764/1764/1764 
f 1885/1885/1885 1875/1875/1875 1892/1892/1892 
f 1707/1707/1707 1757/1757/1757 1765/1765/1765 
f 1758/1758/1758 1707/1707/1707 1766/1766/1766 
f 1877/1877/1877 1886/1886/1886 1767/1767/1767 
f 1759/1759/1759 1877/1877/1877 1767/1767/1767 
f 1768/1768/1768 1761/1761/1761 1878/1878/1878 
f 1768/1768/1768 1887/1887/1887 1769/1769/1769 
f 1887/1887/1887 1768/1768/1768 1878/1878/1878 
f 1893/1893/1893 1884/1884/1884 1770/1770/1770 
f 1770/1770/1770 1771/1771/1771 1893/1893/1893 
f 1763/1763/1763 1770/1770/1770 1884/1884/1884 
f 1885/1885/1885 1892/1892/1892 1772/1772/1772 
f 1894/1894/1894 1885/1885/1885 1772/1772/1772 
f 1707/1707/1707 1765/1765/1765 1773/1773/1773 
f 1766/1766/1766 1707/1707/1707 1774/1774/1774 
f 1886/1886/1886 1895/1895/1895 1775/1775/1775 
f 1767/1767/1767 1886/1886/1886 1775/1775/1775 
f 1776/1776/1776 1769/1769/1769 1887/1887/1887 
f 1776/1776/1776 1896/1896/1896 1777/1777/1777 
f 1896/1896/1896 1776/1776/1776 1887/1887/1887 
f 1902/1902/1902 1893/1893/1893 1778/1778/1778 
f 1778/1778/1778 1779/1779/1779 1902/1902/1902 
f 1778/1778/1778 1893/1893/1893 1771/1771/1771 
f 1894/1894/1894 1772/1772/1772 1780/1780/1780 
f 1903/1903/1903 1894/1894/1894 1780/1780/1780 
f 1707/1707/1707 1773/1773/1773 1781/1781/1781 
f 1774/1774/1774 1707/1707/1707 1782/1782/1782 
f 1895/1895/1895 1904/1904/1904 1783/1783/1783 
f 1775/1775/1775 1895/1895/1895 1783/1783/1783 
f 1784/1784/1784 1785/1785/1785 1905/1905/1905 
f 1896/1896/1896 1905/1905/1905 1785/1785/1785 
f 1896/1896/1896 1785/1785/1785 1777/1777/1777 
f 1902/1902/1902 1779/1779/1779 1786/1786/1786 
f 1910/1910/1910 1786/1786/1786 1787/1787/1787 
f 1786/1786/1786 1910/1910/1910 1902/1902/1902 
f 1903/1903/1903 1780/1780/1780 1788/1788/1788 
f 1911/1911/1911 1903/1903/1903 1788/1788/1788 
f 1707/1707/1707 1781/1781/1781 1789/1789/1789 
f 1782/1782/1782 1707/1707/1707 1789/1789/1789 
f 1904/1904/1904 1912/1912/1912 1790/1790/1790 
f 1783/1783/1783 1904/1904/1904 1790/1790/1790 
f 1791/1791/1791 1792/1792/1792 1914/1914/1914 
f 1905/1905/1905 1914/1914/1914 1792/1792/1792 
f 1905/1905/1905 1792/1792/1792 1784/1784/1784 
f 1910/1910/1910 1787/1787/1787 1793/1793/1793 
f 1793/1793/1793 1794/1794/1794 1919/1919/1919 
f 1793/1793/1793 1919/1919/1919 1910/1910/1910 
f 1911/1911/1911 1788/1788/1788 1795/1795/1795 
f 1920/1920/1920 1911/1911/1911 1795/1795/1795 
f 1913/1913/1913 1920/1920/1920 1796/1796/1796 
f 1922/1922/1922 1913/1913/1913 1796/1796/1796 
f 1797/1797/1797 1798/1798/1798 1921/1921/1921 
f 1914/1914/1914 1921/1921/1921 1798/1798/1798 
f 1914/1914/1914 1798/1798/1798 1791/1791/1791 
f 1919/1919/1919 1794/1794/1794 1799/1799/1799 
f 1799/1799/1799 1800/1800/1800 1927/1927/1927 
f 1799/1799/1799 1927/1927/1927 1919/1919/1919 
f 1920/1920/1920 1795/1795/1795 1796/1796/1796 
f 1801/1801/1801 1802/1802/1802 1928/1928/1928 
f 1921/1921/1921 1928/1928/1928 1802/1802/1802 
f 1921/1921/1921 1802/1802/1802 1797/1797/1797 
f 1927/1927/1927 1800/1800/1800 1803/1803/1803 
f 1803/1803/1803 1801/1801/1801 1928/1928/1928 
f 1803/1803/1803 1928/1928/1928 1927/1927/1927 
f 1804/1804/1804 1805/1805/1805 1806/1806/1806 
f 1805/1805/1805 1804/1804/1804 1807/1807/1807 
f 1806/1806/1806 1805/1805/1805 1808/1808/1808 
f 1805/1805/1805 1807/1807/1807 1809/1809/1809 
f 1808/1808/1808 1805/1805/1805 1810/1810/1810 
f 1805/1805/1805 1809/1809/1809 1811/1811/1811 
f 1810/1810/1810 1805/1805/1805 1812/1812/1812 
f 1805/1805/1805 1811/1811/1811 1813/1813/1813 
f 1812/1812/1812 1805/1805/1805 1814/1814/1814 
f 1805/1805/1805 1813/1813/1813 1815/1815/1815 
f 1814/1814/1814 1805/1805/1805 1816/1816/1816 
f 1805/1805/1805 1815/1815/1815 1817/1817/1817 
f 1816/1816/1816 1805/1805/1805 1818/1818/1818 
f 1805/1805/1805 1817/1817/1817 1819/1819/1819 
f 1818/1818/1818 1805/1805/1805 1820/1820/1820 
f 1805/1805/1805 1819/1819/1819 1821/1821/1821 
f 1820/1820/1820 1805/1805/1805 1822/1822/1822 
f 1805/1805/1805 1821/1821/1821 1823/1823/1823 
f 1822/1822/1822 1805/1805/1805 1824/1824/1824 
f 1805/1805/1805 1823/1823/1823 1825/1825/1825 
f 1824/1824/1824 1805/1805/1805 1826/1826/1826 
f 1805/1805/1805 1825/1825/1825 1827/1827/1827 
f 1826/1826/1826 1805/1805/1805 1828/1828/1828 
f 1805/1805/1805 1827/1827/1827 1828/1828/1828 
f 1845/1845/1845 1842/1842/1842 1937/1937/1937 
f 1845/1845/1845 1937/1937/1937 1938/1938/1938 
f 1843/1843/1843 1844/1844/1844 1940/1940/1940 
f 1843/1843/1843 1940/1940/1940 1937/1937/1937 
f 1842/1842/1842 1843/1843/1843 1937/1937/1937 
f 1847/1847/1847 1845/1845/1845 1938/1938/1938 
f 1854/1854/1854 1846/1846/1846 1939/1939/1939 
f 1854/1854/1854 1939/1939/1939 1941/1941/1941 
f 1852/1852/1852 1853/1853/1853 1942/1942/1942 
f 1852/1852/1852 1942/1942/1942 1940/1940/1940 
f 1844/1844/1844 1852/1852/1852 1940/1940/1940 
f 1855/1855/1855 1854/1854/1854 1941/1941/1941 
f 1863/1863/1863 1855/1855/1855 1941/1941/1941 
f 1863/1863/1863 1941/1941/1941 1943/1943/1943 
f 1861/1861/1861 1862/1862/1862 1944/1944/1944 
f 1861/1861/1861 1944/1944/1944 1942/1942/1942 
f 1853/1853/1853 1861/1861/1861 1942/1942/1942 
f 1864/1864/1864 1863/1863/1863 1943/1943/1943 
f 1872/1872/1872 1864/1864/1864 1943/1943/1943 
f 1872/1872/1872 1943/1943/1943 1945/1945/1945 
f 1870/1870/1870 1871/1871/1871 1946/1946/1946 
f 1870/1870/1870 1946/1946/1946 1944/1944/1944 
f 1862/1862/1862 1870/1870/1870 1944/1944/1944 
f 1873/1873/1873 1872/1872/1872 1945/1945/1945 
f 1882/1882/1882 1873/1873/1873 1945/1945/1945 
f 1882/1882/1882 1945/1945/1945 1947/1947/1947 
f 1879/1879/1879 1880/1880/1880 1949/1949/1949 
f 1879/1879/1879 1949/1949/1949 1946/1946/1946 
f 1871/1871/1871 1879/1879/1879 1946/1946/1946 
f 1883/1883/1883 1882/1882/1882 1947/1947/1947 
f 1890/1890/1890 1883/1883/1883 1947/1947/1947 
f 1890/1890/1890 1947/1947/1947 1950/1950/1950 
f 1888/1888/1888 1889/1889/1889 1951/1951/1951 
f 1888/1888/1888 1951/1951/1951 1948/1948/1948 
f 1881/1881/1881 1888/1888/1888 1948/1948/1948 
f 1891/1891/1891 1890/1890/1890 1950/1950/1950 
f 1899/1899/1899 1891/1891/1891 1950/1950/1950 
f 1899/1899/1899 1950/1950/1950 1952/1952/1952 
f 1897/1897/1897 1898/1898/1898 1954/1954/1954 
f 1897/1897/1897 1954/1954/1954 1951/1951/1951 
f 1889/1889/1889 1897/1897/1897 1951/1951/1951 
f 1901/1901/1901 1899/1899/1899 1952/1952/1952 
f 1908/1908/1908 1900/1900/1900 1953/1953/1953 
f 1908/1908/1908 1953/1953/1953 1955/1955/1955 
f 1906/1906/1906 1907/1907/1907 1956/1956/1956 
f 1906/1906/1906 1956/1956/1956 1954/1954/1954 
f 1898/1898/1898 1906/1906/1906 1954/1954/1954 
f 1909/1909/1909 1908/1908/1908 1955/1955/1955 
f 1917/1917/1917 1909/1909/1909 1955/1955/1955 
f 1917/1917/1917 1955/1955/1955 1957/1957/1957 
f 1916/1916/1916 1915/1915/1915 1958/1958/1958 
f 1916/1916/1916 1958/1958/1958 1956/1956/1956 
f 1907/1907/1907 1916/1916/1916 1956/1956/1956 
f 1918/1918/1918 1917/1917/1917 1957/1957/1957 
f 1925/1925/1925 1918/1918/1918 1957/1957/1957 
f 1925/1925/1925 1957/1957/1957 1959/1959/1959 
f 1924/1924/1924 1923/1923/1923 1960/1960/1960 
f 1924/1924/1924 1960/1960/1960 1958/1958/1958 
f 1915/1915/1915 1924/1924/1924 1958/1958/1958 
f 1926/1926/1926 1925/1925/1925 1959/1959/1959 
f 1932/1932/1932 1926/1926/1926 1959/1959/1959 
f 1932/1932/1932 1959/1959/1959 1961/1961/1961 
f 1931/1931/1931 1929/1929/1929 1963/1963/1963 
f 1931/1931/1931 1963/1963/1963 1960/1960/1960 
f 1923/1923/1923 1931/1931/1931 1960/1960/1960 
f 1933/1933/1933 1932/1932/1932 1961/1961/1961 
f 1936/1936/1936 1933/1933/1933 1961/1961/1961 
f 1936/1936/1936 1961/1961/1961 1964/1964/1964 
f 1935/1935/1935 1934/1934/1934 1964/1964/1964 
f 1935/1935/1935 1964/1964/1964 1962/1962/1962 
f 1930/1930/1930 1935/1935/1935 1962/1962/1962 
f 1934/1934/1934 1936/1936/1936 1964/1964/1964 

g Union6

v -33.3599 4.71526 -0.749833 
v -33.3599 4.46554 -0.916087 
v -33.3599 4.50299 -0.961832 
v -33.3599 4.43059 -0.844523 
v -33.6599 4.46554 -0.916086 
v -33.3599 4.54869 -0.999344 
v -33.3599 4.41526 -0.749645 
v -33.6599 4.43059 -0.844522 
v -33.6599 4.50299 -0.961831 
v -33.3599 4.62021 -1.03438 
v -33.3599 4.43071 -0.654787 
v -33.6599 4.41526 -0.749645 
v -33.6599 4.54045 -0.86621 
v -33.6599 4.53696 -0.859053 
v -33.6599 4.51599 -0.816115 
v -33.6599 4.56292 -0.893657 
v -33.6599 4.56667 -0.898232 
v -33.6599 4.54869 -0.999343 
v -33.3599 4.71507 -1.04983 
v -33.3599 4.46574 -0.583267 
v -33.6599 4.43071 -0.654786 
v -33.6599 4.51446 -0.806627 
v -33.6599 4.50526 -0.749701 
v -33.6599 4.59409 -0.920738 
v -33.6599 4.59866 -0.92449 
v -33.6599 4.62021 -1.03438 
v -33.3599 4.80995 -1.0345 
v -33.3599 4.50326 -0.537568 
v -33.6599 4.46574 -0.583266 
v -33.6599 4.5068 -0.740214 
v -33.6599 4.51607 -0.6833 
v -33.6599 4.64157 -0.94551 
v -33.6599 4.64872 -0.949014 
v -33.6599 4.71507 -1.04983 
v -33.3599 4.88151 -0.999552 
v -33.3599 4.549 -0.500114 
v -33.6599 4.50326 -0.537567 
v -33.6599 4.51958 -0.676147 
v -33.6599 4.5406 -0.633236 
v -33.6599 4.70564 -0.958286 
v -33.6599 4.71512 -0.959832 
v -33.6599 4.80995 -1.0345 
v -33.3599 4.92726 -0.962097 
v -33.3599 4.62057 -0.465168 
v -33.6599 4.549 -0.500113 
v -33.6599 4.54435 -0.628665 
v -33.6599 4.56686 -0.601247 
v -33.6599 4.77205 -0.95063 
v -33.6599 4.78154 -0.949097 
v -33.6599 4.88151 -0.999551 
v -33.3599 4.96477 -0.916398 
v -33.3599 4.71544 -0.449833 
v -33.6599 4.62056 -0.465167 
v -33.6599 4.57143 -0.597501 
v -33.6599 4.59888 -0.575028 
v -33.6599 4.82448 -0.92813 
v -33.6599 4.83163 -0.924635 
v -33.6599 4.92726 -0.962096 
v -33.3599 4.9998 -0.844879 
v -33.3599 4.8103 -0.465287 
v -33.6599 4.71544 -0.449832 
v -33.6599 4.60603 -0.571534 
v -33.6599 4.64897 -0.550567 
v -33.6599 4.85908 -0.902163 
v -33.6599 4.86366 -0.898417 
v -33.6599 4.96477 -0.916398 
v -33.3599 5.01526 -0.75002 
v -33.3599 4.88182 -0.500321 
v -33.6599 4.8103 -0.465286 
v -33.6599 4.65846 -0.549033 
v -33.6599 4.71539 -0.539832 
v -33.6599 4.88616 -0.870998 
v -33.6599 4.88991 -0.866428 
v -33.6599 4.9998 -0.844878 
v -33.3599 4.99992 -0.655142 
v -33.3599 4.92752 -0.537833 
v -33.6599 4.88182 -0.50032 
v -33.6599 4.78179 -0.55065 
v -33.6599 4.72487 -0.541377 
v -33.6599 4.91093 -0.823516 
v -33.6599 4.91444 -0.816364 
v -33.6599 5.01526 -0.750019 
v -33.3599 4.96498 -0.583578 
v -33.6599 4.92752 -0.537832 
v -33.6599 4.83185 -0.575174 
v -33.6599 4.78894 -0.554153 
v -33.6599 4.92371 -0.759449 
v -33.6599 4.92526 -0.749963 
v -33.6599 4.99992 -0.655141 
v -33.6599 4.96497 -0.583577 
v -33.6599 4.86384 -0.601432 
v -33.6599 4.83642 -0.578925 
v -33.6599 4.91605 -0.693037 
v -33.6599 4.91452 -0.683548 
v -33.6599 4.89006 -0.633454 
v -33.6599 4.86759 -0.606007 
v -33.6599 4.89355 -0.640611 
v -33.5399 4.54045 -0.86621 
v -33.5399 4.71526 -0.749832 
v -33.5399 4.56667 -0.898232 
v -33.5399 4.51599 -0.816116 
v -33.5399 4.59866 -0.92449 
v -33.5399 4.50526 -0.749701 
v -33.5399 4.64872 -0.949014 
v -33.5399 4.51607 -0.6833 
v -33.5399 4.71512 -0.959832 
v -33.5399 4.5406 -0.633236 
v -33.5399 4.78154 -0.949097 
v -33.5399 4.56686 -0.601247 
v -33.5399 4.83163 -0.924635 
v -33.5399 4.59888 -0.575029 
v -33.5399 4.86366 -0.898417 
v -33.5399 4.64897 -0.550567 
v -33.5399 4.88991 -0.866428 
v -33.5399 4.71539 -0.539832 
v -33.5399 4.91444 -0.816364 
v -33.5399 4.78179 -0.55065 
v -33.5399 4.92526 -0.749963 
v -33.5399 4.83185 -0.575174 
v -33.5399 4.91452 -0.683548 
v -33.5399 4.86384 -0.601432 
v -33.5399 4.89006 -0.633454 
v -33.3599 4.46554 -0.916087 
v -33.3599 4.50299 -0.961832 
v -33.3599 4.50299 -0.961832 
v -33.3599 4.43059 -0.844523 
v -33.6599 4.46554 -0.916086 
v -33.3599 4.54869 -0.999344 
v -33.3599 4.41526 -0.749645 
v -33.6599 4.43059 -0.844522 
v -33.6599 4.50299 -0.961831 
v -33.6599 4.50299 -0.961831 
v -33.3599 4.62021 -1.03438 
v -33.3599 4.43071 -0.654787 
v -33.6599 4.41526 -0.749645 
v -33.6599 4.54045 -0.86621 
v -33.6599 4.53696 -0.859053 
v -33.6599 4.51599 -0.816115 
v -33.6599 4.56292 -0.893657 
v -33.6599 4.56667 -0.898232 
v -33.6599 4.56667 -0.898232 
v -33.6599 4.54869 -0.999343 
v -33.3599 4.71507 -1.04983 
v -33.3599 4.46574 -0.583267 
v -33.6599 4.43071 -0.654786 
v -33.6599 4.51446 -0.806627 
v -33.6599 4.50526 -0.749701 
v -33.6599 4.59409 -0.920738 
v -33.6599 4.59866 -0.92449 
v -33.6599 4.62021 -1.03438 
v -33.3599 4.80995 -1.0345 
v -33.3599 4.50326 -0.537568 
v -33.3599 4.50326 -0.537568 
v -33.6599 4.46574 -0.583266 
v -33.6599 4.5068 -0.740214 
v -33.6599 4.51607 -0.6833 
v -33.6599 4.64157 -0.94551 
v -33.6599 4.64872 -0.949014 
v -33.6599 4.71507 -1.04983 
v -33.3599 4.88151 -0.999552 
v -33.3599 4.549 -0.500114 
v -33.6599 4.50326 -0.537567 
v -33.6599 4.50326 -0.537567 
v -33.6599 4.51958 -0.676147 
v -33.6599 4.5406 -0.633236 
v -33.6599 4.70564 -0.958286 
v -33.6599 4.71512 -0.959832 
v -33.6599 4.80995 -1.0345 
v -33.3599 4.92726 -0.962097 
v -33.3599 4.92726 -0.962097 
v -33.3599 4.62057 -0.465168 
v -33.6599 4.549 -0.500113 
v -33.6599 4.54435 -0.628665 
v -33.6599 4.56686 -0.601247 
v -33.6599 4.56686 -0.601247 
v -33.6599 4.77205 -0.95063 
v -33.6599 4.78154 -0.949097 
v -33.6599 4.88151 -0.999551 
v -33.3599 4.96477 -0.916398 
v -33.3599 4.71544 -0.449833 
v -33.6599 4.62056 -0.465167 
v -33.6599 4.57143 -0.597501 
v -33.6599 4.59888 -0.575028 
v -33.6599 4.82448 -0.92813 
v -33.6599 4.83163 -0.924635 
v -33.6599 4.92726 -0.962096 
v -33.6599 4.92726 -0.962096 
v -33.3599 4.9998 -0.844879 
v -33.3599 4.8103 -0.465287 
v -33.6599 4.71544 -0.449832 
v -33.6599 4.60603 -0.571534 
v -33.6599 4.64897 -0.550567 
v -33.6599 4.85908 -0.902163 
v -33.6599 4.86366 -0.898417 
v -33.6599 4.86366 -0.898417 
v -33.6599 4.96477 -0.916398 
v -33.3599 5.01526 -0.75002 
v -33.3599 4.88182 -0.500321 
v -33.6599 4.8103 -0.465286 
v -33.6599 4.65846 -0.549033 
v -33.6599 4.71539 -0.539832 
v -33.6599 4.88616 -0.870998 
v -33.6599 4.88991 -0.866428 
v -33.6599 4.9998 -0.844878 
v -33.3599 4.99992 -0.655142 
v -33.3599 4.92752 -0.537833 
v -33.3599 4.92752 -0.537833 
v -33.6599 4.88182 -0.50032 
v -33.6599 4.78179 -0.55065 
v -33.6599 4.72487 -0.541377 
v -33.6599 4.91093 -0.823516 
v -33.6599 4.91444 -0.816364 
v -33.6599 5.01526 -0.750019 
v -33.3599 4.96498 -0.583578 
v -33.6599 4.92752 -0.537832 
v -33.6599 4.92752 -0.537832 
v -33.6599 4.83185 -0.575174 
v -33.6599 4.78894 -0.554153 
v -33.6599 4.92371 -0.759449 
v -33.6599 4.92526 -0.749963 
v -33.6599 4.99992 -0.655141 
v -33.6599 4.96497 -0.583577 
v -33.6599 4.86384 -0.601432 
v -33.6599 4.86384 -0.601432 
v -33.6599 4.83642 -0.578925 
v -33.6599 4.91605 -0.693037 
v -33.6599 4.91452 -0.683548 
v -33.6599 4.89006 -0.633454 
v -33.6599 4.86759 -0.606007 
v -33.6599 4.89355 -0.640611 
v -33.5399 4.54045 -0.86621 
v -33.5399 4.56667 -0.898232 
v -33.5399 4.56667 -0.898232 
v -33.5399 4.51599 -0.816116 
v -33.5399 4.59866 -0.92449 
v -33.5399 4.50526 -0.749701 
v -33.5399 4.64872 -0.949014 
v -33.5399 4.51607 -0.6833 
v -33.5399 4.71512 -0.959832 
v -33.5399 4.5406 -0.633236 
v -33.5399 4.78154 -0.949097 
v -33.5399 4.56686 -0.601247 
v -33.5399 4.56686 -0.601247 
v -33.5399 4.83163 -0.924635 
v -33.5399 4.59888 -0.575029 
v -33.5399 4.86366 -0.898417 
v -33.5399 4.86366 -0.898417 
v -33.5399 4.64897 -0.550567 
v -33.5399 4.88991 -0.866428 
v -33.5399 4.71539 -0.539832 
v -33.5399 4.91444 -0.816364 
v -33.5399 4.78179 -0.55065 
v -33.5399 4.92526 -0.749963 
v -33.5399 4.83185 -0.575174 
v -33.5399 4.91452 -0.683548 
v -33.5399 4.86384 -0.601432 
v -33.5399 4.86384 -0.601432 
v -33.5399 4.89006 -0.633454 

vn 1 0 0 
vn 1 0 0 
vn 1 0 0 
vn 1 0 0 
vn 0 -0.826772 -0.559055 
vn 1 0 0 
vn 1 0 0 
vn 0 -0.944882 -0.338583 
vn 0 -0.685039 -0.732283 
vn 1 0 0 
vn 1 0 0 
vn 0 -1 -0.0551181 
vn -1 0 0 
vn -1 0 0 
vn -1 0 0 
vn -1 0 0 
vn -1 0 0 
vn 0 -0.496063 -0.866142 
vn 1 0 0 
vn 1 0 0 
vn 0 -0.968504 0.244094 
vn -1 0 0 
vn -1 0 0 
vn -1 0 0 
vn -1 0 0 
vn 0 -0.244094 -0.968504 
vn 1 0 0 
vn 1 0 0 
vn 0 -0.866142 0.496063 
vn -1 0 0 
vn -1 0 0 
vn -1 0 0 
vn -1 0 0 
vn 0 0.0551181 -1 
vn 1 0 0 
vn 1 0 0 
vn 0 -0.732283 0.685039 
vn -1 0 0 
vn -1 0 0 
vn -1 0 0 
vn -1 0 0 
vn 0 0.338583 -0.944882 
vn 1 0 0 
vn 1 0 0 
vn 0 -0.559055 0.826772 
vn -1 0 0 
vn -1 0 0 
vn -1 0 0 
vn -1 0 0 
vn 0 0.559055 -0.826772 
vn 1 0 0 
vn 1 0 0 
vn 0 -0.338583 0.944882 
vn -1 0 0 
vn -1 0 0 
vn -1 0 0 
vn -1 0 0 
vn 0 0.732283 -0.685039 
vn 1 0 0 
vn 1 0 0 
vn 0 -0.0551181 1 
vn -1 0 0 
vn -1 0 0 
vn -1 0 0 
vn -1 0 0 
vn 0 0.866142 -0.496063 
vn 1 0 0 
vn 1 0 0 
vn 0 0.244094 0.968504 
vn -1 0 0 
vn -1 0 0 
vn -1 0 0 
vn -1 0 0 
vn 0 0.968504 -0.244094 
vn 1 0 0 
vn 1 0 0 
vn 0 0.496063 0.866142 
vn -1 0 0 
vn -1 0 0 
vn -1 0 0 
vn -1 0 0 
vn 0 1 0.0551181 
vn 1 0 0 
vn 0 0.685039 0.732283 
vn -1 0 0 
vn -1 0 0 
vn -1 0 0 
vn -1 0 0 
vn 0 0.944882 0.338583 
vn 0 0.826772 0.559055 
vn -1 0 0 
vn -1 0 0 
vn -1 0 0 
vn -1 0 0 
vn -1 0 0 
vn -1 0 0 
vn -1 0 0 
vn -1 0 0 
vn -1 0 0 
vn -1 0 0 
vn -1 0 0 
vn -1 0 0 
vn -1 0 0 
vn -1 0 0 
vn -1 0 0 
vn -1 0 0 
vn -1 0 0 
vn -1 0 0 
vn -1 0 0 
vn -1 0 0 
vn -1 0 0 
vn -1 0 0 
vn -1 0 0 
vn -1 0 0 
vn -1 0 0 
vn -1 0 0 
vn -1 0 0 
vn -1 0 0 
vn -1 0 0 
vn -1 0 0 
vn -1 0 0 
vn -1 0 0 
vn 0 -0.866142 -0.496063 
vn 0 -0.732283 -0.685039 
vn 0 -0.732283 -0.685039 
vn 0 -0.968504 -0.244094 
vn -1 0 0 
vn 0 -0.559055 -0.826772 
vn 0 -1 0.0551181 
vn -1 0 0 
vn 0 -0.685039 -0.732283 
vn -1 0 0 
vn 0 -0.338583 -0.944882 
vn 0 -0.944882 0.338583 
vn -1 0 0 
vn 0 0.80315 0.598425 
vn 0 0.897638 0.440945 
vn 0 0.92126 0.393701 
vn 0 0.771654 0.629921 
vn 0 0.653543 0.755906 
vn 0 0.653543 0.755906 
vn -1 0 0 
vn 0 -0.0551181 -1 
vn 0 -0.826772 0.559055 
vn -1 0 0 
vn 0 0.984252 0.15748 
vn 0 0.992126 0.11811 
vn 0 0.637795 0.771654 
vn 0 0.464567 0.889764 
vn -1 0 0 
vn 0 0.244094 -0.968504 
vn 0 -0.685039 0.732283 
vn 0 -0.685039 0.732283 
vn -1 0 0 
vn 0 0.984252 -0.15748 
vn 0 0.984252 -0.19685 
vn 0 0.440945 0.897638 
vn 0 0.19685 0.984252 
vn -1 0 0 
vn 0 0.496063 -0.866142 
vn 0 -0.496063 0.866142 
vn -1 0 0 
vn 0 -0.732283 0.685039 
vn 0 0.897638 -0.440945 
vn 0 0.889764 -0.464567 
vn 0 0.15748 0.984252 
vn 0 -0.11811 0.992126 
vn -1 0 0 
vn 0 0.685039 -0.732283 
vn 0 0.685039 -0.732283 
vn 0 -0.244094 0.968504 
vn -1 0 0 
vn 0 0.771654 -0.637795 
vn 0 0.755906 -0.653543 
vn 0 0.755906 -0.653543 
vn 0 -0.15748 0.984252 
vn 0 -0.393701 0.92126 
vn -1 0 0 
vn 0 0.826772 -0.559055 
vn 0 0.0551181 1 
vn -1 0 0 
vn 0 0.629921 -0.771654 
vn 0 0.598425 -0.80315 
vn 0 -0.440945 0.897638 
vn 0 -0.598425 0.80315 
vn 0 0.732283 -0.685039 
vn -1 0 0 
vn 0 0.944882 -0.338583 
vn 0 0.338583 0.944882 
vn -1 0 0 
vn 0 0.440945 -0.897638 
vn 0 0.393701 -0.92126 
vn 0 -0.629921 0.771654 
vn 0 -0.755906 0.653543 
vn 0 -0.755906 0.653543 
vn -1 0 0 
vn 0 1 -0.0551181 
vn 0 0.559055 0.826772 
vn -1 0 0 
vn 0 0.15748 -0.984252 
vn 0 0.11811 -0.992126 
vn 0 -0.771654 0.637795 
vn 0 -0.889764 0.464567 
vn -1 0 0 
vn 0 0.968504 0.244094 
vn 0 0.732283 0.685039 
vn 0 0.732283 0.685039 
vn -1 0 0 
vn 0 -0.19685 -0.984252 
vn 0 -0.15748 -0.984252 
vn 0 -0.897638 0.440945 
vn 0 -0.984252 0.19685 
vn -1 0 0 
vn 0 0.866142 0.496063 
vn -1 0 0 
vn 0 0.685039 0.732283 
vn 0 -0.464567 -0.889764 
vn 0 -0.440945 -0.897638 
vn 0 -0.984252 0.15748 
vn 0 -0.992126 -0.11811 
vn -1 0 0 
vn -1 0 0 
vn 0 -0.653543 -0.755906 
vn 0 -0.653543 -0.755906 
vn 0 -0.637795 -0.771654 
vn 0 -0.984252 -0.15748 
vn 0 -0.92126 -0.393701 
vn 0 -0.80315 -0.598425 
vn 0 -0.771654 -0.629921 
vn 0 -0.897638 -0.440945 
vn 0 0.834646 0.551181 
vn 0 0.692913 0.724409 
vn 0 0.692913 0.724409 
vn 0 0.944882 0.322835 
vn 0 0.503937 0.866142 
vn 0 1 0.0393701 
vn 0 0.259843 0.968504 
vn 0 0.968504 -0.259843 
vn 0 -0.0393701 1 
vn 0 0.866142 -0.503937 
vn 0 -0.322835 0.944882 
vn 0 0.724409 -0.692913 
vn 0 0.724409 -0.692913 
vn 0 -0.551181 0.834646 
vn 0 0.551181 -0.834646 
vn 0 -0.724409 0.692913 
vn 0 -0.724409 0.692913 
vn 0 0.322835 -0.944882 
vn 0 -0.866142 0.503937 
vn 0 0.0393701 -1 
vn 0 -0.968504 0.259843 
vn 0 -0.259843 -0.968504 
vn 0 -1 -0.0393701 
vn 0 -0.503937 -0.866142 
vn 0 -0.944882 -0.322835 
vn 0 -0.692913 -0.724409 
vn 0 -0.692913 -0.724409 
vn 0 -0.834646 -0.551181 

vt 0.193988 0.960272 
vt 0.225189 0.981074 
vt 0.220504 0.986789 
vt 0.229563 0.972131 
vt 0.212738 0.981074 
vt 0.214789 0.991474 
vt 0.231488 0.960272 
vt 0.212738 0.972131 
vt 0.212738 0.986789 
vt 0.205846 0.995848 
vt 0.229563 0.948414 
vt 0.212738 0.960272 
vt 0.172146 0.974833 
vt 0.171709 0.973939 
vt 0.169085 0.968573 
vt 0.174957 0.978262 
vt 0.175426 0.978834 
vt 0.212738 0.939471 
vt 0.193988 0.997772 
vt 0.225189 0.939471 
vt 0.212738 0.948414 
vt 0.168892 0.967387 
vt 0.167738 0.960272 
vt 0.178855 0.981645 
vt 0.179427 0.982114 
vt 0.212738 0.948414 
vt 0.182129 0.995848 
vt 0.220504 0.933756 
vt 0.212738 0.939471 
vt 0.16793 0.959086 
vt 0.169085 0.951971 
vt 0.184792 0.984738 
vt 0.185687 0.985175 
vt 0.212738 0.960272 
vt 0.173186 0.991474 
vt 0.214789 0.929071 
vt 0.212738 0.933756 
vt 0.169522 0.951077 
vt 0.172146 0.945712 
vt 0.192802 0.98633 
vt 0.193988 0.986522 
vt 0.212738 0.972131 
vt 0.167471 0.986789 
vt 0.205846 0.924697 
vt 0.175238 0.939471 
vt 0.172615 0.94514 
vt 0.175426 0.941711 
vt 0.201103 0.985368 
vt 0.202288 0.985175 
vt 0.212738 0.981074 
vt 0.162786 0.981074 
vt 0.193988 0.922772 
vt 0.175238 0.948414 
vt 0.175998 0.941242 
vt 0.179427 0.938431 
vt 0.207654 0.982551 
vt 0.208548 0.982114 
vt 0.212738 0.986789 
vt 0.158412 0.972131 
vt 0.182129 0.924697 
vt 0.175238 0.960272 
vt 0.180321 0.937994 
vt 0.185687 0.935369 
vt 0.211978 0.979303 
vt 0.212549 0.978834 
vt 0.175238 0.981074 
vt 0.156488 0.960272 
vt 0.173186 0.929071 
vt 0.175238 0.972131 
vt 0.186872 0.935177 
vt 0.193988 0.934022 
vt 0.21536 0.975405 
vt 0.215829 0.974833 
vt 0.175238 0.972131 
vt 0.158412 0.948414 
vt 0.167471 0.933756 
vt 0.175238 0.981074 
vt 0.202289 0.935369 
vt 0.195173 0.934215 
vt 0.218453 0.969468 
vt 0.21889 0.968573 
vt 0.175238 0.960272 
vt 0.162786 0.939471 
vt 0.175238 0.986789 
vt 0.208548 0.938431 
vt 0.203183 0.935807 
vt 0.220045 0.961458 
vt 0.220238 0.960272 
vt 0.175238 0.948414 
vt 0.175238 0.939471 
vt 0.212549 0.941711 
vt 0.20912 0.9389 
vt 0.219083 0.953157 
vt 0.21889 0.951971 
vt 0.215829 0.945712 
vt 0.213018 0.942282 
vt 0.216266 0.946606 
vt 0.172146 0.974833 
vt 0.193988 0.960272 
vt 0.175426 0.978834 
vt 0.169085 0.968573 
vt 0.179427 0.982114 
vt 0.167738 0.960272 
vt 0.185687 0.985175 
vt 0.169085 0.951971 
vt 0.193988 0.986522 
vt 0.172146 0.945712 
vt 0.202288 0.985175 
vt 0.175426 0.941711 
vt 0.208548 0.982114 
vt 0.179427 0.938431 
vt 0.212549 0.978834 
vt 0.185687 0.935369 
vt 0.215829 0.974833 
vt 0.193988 0.934022 
vt 0.21889 0.968573 
vt 0.202289 0.935369 
vt 0.220238 0.960272 
vt 0.208548 0.938431 
vt 0.21889 0.951971 
vt 0.212549 0.941711 
vt 0.215829 0.945712 
vt 0.175238 0.981074 
vt 0.175238 0.933756 
vt 0.175238 0.986789 
vt 0.175238 0.972131 
vt 0.162786 0.981074 
vt 0.175238 0.939471 
vt 0.175238 0.960272 
vt 0.158412 0.972131 
vt 0.212738 0.933756 
vt 0.167471 0.986789 
vt 0.175238 0.948414 
vt 0.175238 0.948414 
vt 0.156488 0.960272 
vt 0.175238 0.974833 
vt 0.175238 0.973939 
vt 0.175238 0.968573 
vt 0.175238 0.978262 
vt 0.175238 0.941711 
vt 0.175238 0.978834 
vt 0.173186 0.991474 
vt 0.175238 0.960272 
vt 0.175238 0.939471 
vt 0.158412 0.948414 
vt 0.175238 0.967387 
vt 0.175238 0.960272 
vt 0.175238 0.94514 
vt 0.175238 0.945712 
vt 0.182129 0.995848 
vt 0.175238 0.972131 
vt 0.175238 0.933756 
vt 0.212738 0.933756 
vt 0.162786 0.939471 
vt 0.175238 0.959086 
vt 0.175238 0.951971 
vt 0.175238 0.951077 
vt 0.175238 0.951971 
vt 0.193988 0.997772 
vt 0.175238 0.981074 
vt 0.212738 0.939471 
vt 0.167471 0.933756 
vt 0.175238 0.933756 
vt 0.175238 0.951077 
vt 0.175238 0.945712 
vt 0.175238 0.959086 
vt 0.175238 0.960272 
vt 0.205846 0.995848 
vt 0.212738 0.986789 
vt 0.175238 0.986789 
vt 0.212738 0.948414 
vt 0.173186 0.929071 
vt 0.175238 0.94514 
vt 0.175238 0.941711 
vt 0.212738 0.941711 
vt 0.175238 0.967387 
vt 0.175238 0.968573 
vt 0.214789 0.991474 
vt 0.212738 0.981074 
vt 0.212738 0.960272 
vt 0.182129 0.924697 
vt 0.212738 0.942282 
vt 0.212738 0.945712 
vt 0.175238 0.973939 
vt 0.175238 0.974833 
vt 0.175238 0.986789 
vt 0.220504 0.986789 
vt 0.212738 0.972131 
vt 0.212738 0.972131 
vt 0.193988 0.922772 
vt 0.212738 0.946606 
vt 0.212738 0.951971 
vt 0.175238 0.978262 
vt 0.212738 0.978834 
vt 0.175238 0.978834 
vt 0.225189 0.981074 
vt 0.212738 0.960272 
vt 0.212738 0.981074 
vt 0.205846 0.924697 
vt 0.212738 0.953157 
vt 0.212738 0.960272 
vt 0.212738 0.975405 
vt 0.212738 0.974833 
vt 0.229563 0.972131 
vt 0.212738 0.948414 
vt 0.212738 0.986789 
vt 0.212738 0.933756 
vt 0.214789 0.929071 
vt 0.212738 0.968573 
vt 0.212738 0.961458 
vt 0.212738 0.969468 
vt 0.212738 0.968573 
vt 0.231488 0.960272 
vt 0.212738 0.939471 
vt 0.220504 0.933756 
vt 0.175238 0.933756 
vt 0.212738 0.974833 
vt 0.212738 0.969468 
vt 0.212738 0.961458 
vt 0.212738 0.960272 
vt 0.229563 0.948414 
vt 0.225189 0.939471 
vt 0.212738 0.978834 
vt 0.212738 0.941711 
vt 0.212738 0.975405 
vt 0.212738 0.953157 
vt 0.212738 0.951971 
vt 0.212738 0.945712 
vt 0.212738 0.942282 
vt 0.212738 0.946606 
vt 0.190239 0.974833 
vt 0.190239 0.978834 
vt 0.190239 0.941711 
vt 0.190239 0.968573 
vt 0.190239 0.945712 
vt 0.190239 0.960272 
vt 0.190239 0.951971 
vt 0.190239 0.951971 
vt 0.190239 0.960272 
vt 0.190239 0.945712 
vt 0.190239 0.968573 
vt 0.197736 0.941711 
vt 0.190239 0.941711 
vt 0.190239 0.974833 
vt 0.197736 0.945712 
vt 0.190239 0.978834 
vt 0.197736 0.978834 
vt 0.197736 0.951971 
vt 0.197736 0.974833 
vt 0.197736 0.960272 
vt 0.197736 0.968573 
vt 0.197736 0.968573 
vt 0.197736 0.960272 
vt 0.197736 0.974833 
vt 0.197736 0.951971 
vt 0.197736 0.941711 
vt 0.197736 0.978834 
vt 0.197736 0.945712 

usemtl 1Mtl

f 1965/1965/1965 1966/1966/1966 1967/1967/1967 
f 1966/1966/1966 1965/1965/1965 1968/1968/1968 
f 2089/2089/2089 2087/2087/2087 1969/1969/1969 
f 1965/1965/1965 1967/1967/1967 1970/1970/1970 
f 1968/1968/1968 1965/1965/1965 1971/1971/1971 
f 2087/2087/2087 2090/2090/2090 1972/1972/1972 
f 1969/1969/1969 2087/2087/2087 1972/1972/1972 
f 2089/2089/2089 1969/1969/1969 1973/1973/1973 
f 2092/2092/2092 2088/2088/2088 2095/2095/2095 
f 1965/1965/1965 1970/1970/1970 1974/1974/1974 
f 1971/1971/1971 1965/1965/1965 1975/1975/1975 
f 2090/2090/2090 2093/2093/2093 1976/1976/1976 
f 1972/1972/1972 2090/2090/2090 1976/1976/1976 
f 1977/1977/1977 2091/2091/2091 1978/1978/1978 
f 1978/1978/1978 2094/2094/2094 1979/1979/1979 
f 2094/2094/2094 1978/1978/1978 2091/2091/2091 
f 2096/2096/2096 2091/2091/2091 1980/1980/1980 
f 1980/1980/1980 1981/1981/1981 2096/2096/2096 
f 1977/1977/1977 1980/1980/1980 2091/2091/2091 
f 2092/2092/2092 2095/2095/2095 1982/1982/1982 
f 2097/2097/2097 2092/2092/2092 1982/1982/1982 
f 1965/1965/1965 1974/1974/1974 1983/1983/1983 
f 1975/1975/1975 1965/1965/1965 1984/1984/1984 
f 2093/2093/2093 2098/2098/2098 1985/1985/1985 
f 1976/1976/1976 2093/2093/2093 1985/1985/1985 
f 1979/1979/1979 2094/2094/2094 1986/1986/1986 
f 1986/1986/1986 2099/2099/2099 1987/1987/1987 
f 2099/2099/2099 1986/1986/1986 2094/2094/2094 
f 2106/2106/2106 2096/2096/2096 1988/1988/1988 
f 2106/2106/2106 1988/1988/1988 1989/1989/1989 
f 1988/1988/1988 2096/2096/2096 1981/1981/1981 
f 2097/2097/2097 1982/1982/1982 1990/1990/1990 
f 2107/2107/2107 2097/2097/2097 1990/1990/1990 
f 1965/1965/1965 1983/1983/1983 1991/1991/1991 
f 1984/1984/1984 1965/1965/1965 1992/1992/1992 
f 2098/2098/2098 2108/2108/2108 1993/1993/1993 
f 1985/1985/1985 2098/2098/2098 1993/1993/1993 
f 1987/1987/1987 2099/2099/2099 1994/1994/1994 
f 1994/1994/1994 2109/2109/2109 1995/1995/1995 
f 2109/2109/2109 1994/1994/1994 2099/2099/2099 
f 2114/2114/2114 2106/2106/2106 1996/1996/1996 
f 2114/2114/2114 1996/1996/1996 1997/1997/1997 
f 1996/1996/1996 2106/2106/2106 1989/1989/1989 
f 2107/2107/2107 1990/1990/1990 1998/1998/1998 
f 2115/2115/2115 2107/2107/2107 1998/1998/1998 
f 1965/1965/1965 1991/1991/1991 1999/1999/1999 
f 1992/1992/1992 1965/1965/1965 2000/2000/2000 
f 2108/2108/2108 2116/2116/2116 2001/2001/2001 
f 1993/1993/1993 2108/2108/2108 2001/2001/2001 
f 2002/2002/2002 1995/1995/1995 2109/2109/2109 
f 2118/2118/2118 2003/2003/2003 2002/2002/2002 
f 2118/2118/2118 2002/2002/2002 2109/2109/2109 
f 2123/2123/2123 2114/2114/2114 2004/2004/2004 
f 2123/2123/2123 2004/2004/2004 2005/2005/2005 
f 2004/2004/2004 2114/2114/2114 1997/1997/1997 
f 2115/2115/2115 1998/1998/1998 2006/2006/2006 
f 2124/2124/2124 2115/2115/2115 2006/2006/2006 
f 1965/1965/1965 1999/1999/1999 2007/2007/2007 
f 2000/2000/2000 1965/1965/1965 2008/2008/2008 
f 2117/2117/2117 2125/2125/2125 2009/2009/2009 
f 2127/2127/2127 2117/2117/2117 2009/2009/2009 
f 2010/2010/2010 2003/2003/2003 2118/2118/2118 
f 2010/2010/2010 2126/2126/2126 2011/2011/2011 
f 2126/2126/2126 2010/2010/2010 2118/2118/2118 
f 2132/2132/2132 2123/2123/2123 2012/2012/2012 
f 2012/2012/2012 2013/2013/2013 2132/2132/2132 
f 2005/2005/2005 2012/2012/2012 2123/2123/2123 
f 2124/2124/2124 2006/2006/2006 2014/2014/2014 
f 2134/2134/2134 2124/2124/2124 2014/2014/2014 
f 1965/1965/1965 2007/2007/2007 2015/2015/2015 
f 2008/2008/2008 1965/1965/1965 2016/2016/2016 
f 2125/2125/2125 2135/2135/2135 2017/2017/2017 
f 2009/2009/2009 2125/2125/2125 2017/2017/2017 
f 2018/2018/2018 2011/2011/2011 2126/2126/2126 
f 2018/2018/2018 2136/2136/2136 2019/2019/2019 
f 2136/2136/2136 2018/2018/2018 2126/2126/2126 
f 2142/2142/2142 2132/2132/2132 2020/2020/2020 
f 2020/2020/2020 2021/2021/2021 2142/2142/2142 
f 2013/2013/2013 2020/2020/2020 2132/2132/2132 
f 2134/2134/2134 2014/2014/2014 2022/2022/2022 
f 2143/2143/2143 2133/2133/2133 2150/2150/2150 
f 1965/1965/1965 2015/2015/2015 2023/2023/2023 
f 2016/2016/2016 1965/1965/1965 2024/2024/2024 
f 2135/2135/2135 2144/2144/2144 2025/2025/2025 
f 2017/2017/2017 2135/2135/2135 2025/2025/2025 
f 2026/2026/2026 2019/2019/2019 2136/2136/2136 
f 2026/2026/2026 2145/2145/2145 2027/2027/2027 
f 2145/2145/2145 2026/2026/2026 2136/2136/2136 
f 2151/2151/2151 2142/2142/2142 2028/2028/2028 
f 2028/2028/2028 2029/2029/2029 2151/2151/2151 
f 2021/2021/2021 2028/2028/2028 2142/2142/2142 
f 2143/2143/2143 2150/2150/2150 2030/2030/2030 
f 2152/2152/2152 2143/2143/2143 2030/2030/2030 
f 1965/1965/1965 2023/2023/2023 2031/2031/2031 
f 2024/2024/2024 1965/1965/1965 2032/2032/2032 
f 2144/2144/2144 2153/2153/2153 2033/2033/2033 
f 2025/2025/2025 2144/2144/2144 2033/2033/2033 
f 2034/2034/2034 2027/2027/2027 2145/2145/2145 
f 2034/2034/2034 2154/2154/2154 2035/2035/2035 
f 2154/2154/2154 2034/2034/2034 2145/2145/2145 
f 2160/2160/2160 2151/2151/2151 2036/2036/2036 
f 2036/2036/2036 2037/2037/2037 2160/2160/2160 
f 2036/2036/2036 2151/2151/2151 2029/2029/2029 
f 2152/2152/2152 2030/2030/2030 2038/2038/2038 
f 2161/2161/2161 2152/2152/2152 2038/2038/2038 
f 1965/1965/1965 2031/2031/2031 2039/2039/2039 
f 2032/2032/2032 1965/1965/1965 2040/2040/2040 
f 2153/2153/2153 2162/2162/2162 2041/2041/2041 
f 2033/2033/2033 2153/2153/2153 2041/2041/2041 
f 2042/2042/2042 2043/2043/2043 2163/2163/2163 
f 2154/2154/2154 2163/2163/2163 2043/2043/2043 
f 2154/2154/2154 2043/2043/2043 2035/2035/2035 
f 2160/2160/2160 2037/2037/2037 2044/2044/2044 
f 2168/2168/2168 2044/2044/2044 2045/2045/2045 
f 2044/2044/2044 2168/2168/2168 2160/2160/2160 
f 2161/2161/2161 2038/2038/2038 2046/2046/2046 
f 2169/2169/2169 2161/2161/2161 2046/2046/2046 
f 1965/1965/1965 2039/2039/2039 2047/2047/2047 
f 2040/2040/2040 1965/1965/1965 2047/2047/2047 
f 2162/2162/2162 2170/2170/2170 2048/2048/2048 
f 2041/2041/2041 2162/2162/2162 2048/2048/2048 
f 2049/2049/2049 2050/2050/2050 2172/2172/2172 
f 2163/2163/2163 2172/2172/2172 2050/2050/2050 
f 2163/2163/2163 2050/2050/2050 2042/2042/2042 
f 2168/2168/2168 2045/2045/2045 2051/2051/2051 
f 2051/2051/2051 2052/2052/2052 2177/2177/2177 
f 2051/2051/2051 2177/2177/2177 2168/2168/2168 
f 2169/2169/2169 2046/2046/2046 2053/2053/2053 
f 2178/2178/2178 2169/2169/2169 2053/2053/2053 
f 2171/2171/2171 2178/2178/2178 2054/2054/2054 
f 2180/2180/2180 2171/2171/2171 2054/2054/2054 
f 2055/2055/2055 2056/2056/2056 2179/2179/2179 
f 2172/2172/2172 2179/2179/2179 2056/2056/2056 
f 2172/2172/2172 2056/2056/2056 2049/2049/2049 
f 2177/2177/2177 2052/2052/2052 2057/2057/2057 
f 2057/2057/2057 2058/2058/2058 2185/2185/2185 
f 2057/2057/2057 2185/2185/2185 2177/2177/2177 
f 2178/2178/2178 2053/2053/2053 2054/2054/2054 
f 2059/2059/2059 2060/2060/2060 2186/2186/2186 
f 2179/2179/2179 2186/2186/2186 2060/2060/2060 
f 2179/2179/2179 2060/2060/2060 2055/2055/2055 
f 2185/2185/2185 2058/2058/2058 2061/2061/2061 
f 2061/2061/2061 2059/2059/2059 2186/2186/2186 
f 2061/2061/2061 2186/2186/2186 2185/2185/2185 
f 2062/2062/2062 2063/2063/2063 2064/2064/2064 
f 2063/2063/2063 2062/2062/2062 2065/2065/2065 
f 2064/2064/2064 2063/2063/2063 2066/2066/2066 
f 2063/2063/2063 2065/2065/2065 2067/2067/2067 
f 2066/2066/2066 2063/2063/2063 2068/2068/2068 
f 2063/2063/2063 2067/2067/2067 2069/2069/2069 
f 2068/2068/2068 2063/2063/2063 2070/2070/2070 
f 2063/2063/2063 2069/2069/2069 2071/2071/2071 
f 2070/2070/2070 2063/2063/2063 2072/2072/2072 
f 2063/2063/2063 2071/2071/2071 2073/2073/2073 
f 2072/2072/2072 2063/2063/2063 2074/2074/2074 
f 2063/2063/2063 2073/2073/2073 2075/2075/2075 
f 2074/2074/2074 2063/2063/2063 2076/2076/2076 
f 2063/2063/2063 2075/2075/2075 2077/2077/2077 
f 2076/2076/2076 2063/2063/2063 2078/2078/2078 
f 2063/2063/2063 2077/2077/2077 2079/2079/2079 
f 2078/2078/2078 2063/2063/2063 2080/2080/2080 
f 2063/2063/2063 2079/2079/2079 2081/2081/2081 
f 2080/2080/2080 2063/2063/2063 2082/2082/2082 
f 2063/2063/2063 2081/2081/2081 2083/2083/2083 
f 2082/2082/2082 2063/2063/2063 2084/2084/2084 
f 2063/2063/2063 2083/2083/2083 2085/2085/2085 
f 2084/2084/2084 2063/2063/2063 2086/2086/2086 
f 2063/2063/2063 2085/2085/2085 2086/2086/2086 
f 2103/2103/2103 2100/2100/2100 2195/2195/2195 
f 2103/2103/2103 2195/2195/2195 2196/2196/2196 
f 2101/2101/2101 2102/2102/2102 2198/2198/2198 
f 2101/2101/2101 2198/2198/2198 2195/2195/2195 
f 2100/2100/2100 2101/2101/2101 2195/2195/2195 
f 2105/2105/2105 2103/2103/2103 2196/2196/2196 
f 2112/2112/2112 2104/2104/2104 2197/2197/2197 
f 2112/2112/2112 2197/2197/2197 2199/2199/2199 
f 2110/2110/2110 2111/2111/2111 2200/2200/2200 
f 2110/2110/2110 2200/2200/2200 2198/2198/2198 
f 2102/2102/2102 2110/2110/2110 2198/2198/2198 
f 2113/2113/2113 2112/2112/2112 2199/2199/2199 
f 2121/2121/2121 2113/2113/2113 2199/2199/2199 
f 2121/2121/2121 2199/2199/2199 2201/2201/2201 
f 2119/2119/2119 2120/2120/2120 2202/2202/2202 
f 2119/2119/2119 2202/2202/2202 2200/2200/2200 
f 2111/2111/2111 2119/2119/2119 2200/2200/2200 
f 2122/2122/2122 2121/2121/2121 2201/2201/2201 
f 2130/2130/2130 2122/2122/2122 2201/2201/2201 
f 2130/2130/2130 2201/2201/2201 2203/2203/2203 
f 2128/2128/2128 2129/2129/2129 2204/2204/2204 
f 2128/2128/2128 2204/2204/2204 2202/2202/2202 
f 2120/2120/2120 2128/2128/2128 2202/2202/2202 
f 2131/2131/2131 2130/2130/2130 2203/2203/2203 
f 2140/2140/2140 2131/2131/2131 2203/2203/2203 
f 2140/2140/2140 2203/2203/2203 2205/2205/2205 
f 2137/2137/2137 2138/2138/2138 2207/2207/2207 
f 2137/2137/2137 2207/2207/2207 2204/2204/2204 
f 2129/2129/2129 2137/2137/2137 2204/2204/2204 
f 2141/2141/2141 2140/2140/2140 2205/2205/2205 
f 2148/2148/2148 2141/2141/2141 2205/2205/2205 
f 2148/2148/2148 2205/2205/2205 2208/2208/2208 
f 2146/2146/2146 2147/2147/2147 2209/2209/2209 
f 2146/2146/2146 2209/2209/2209 2206/2206/2206 
f 2139/2139/2139 2146/2146/2146 2206/2206/2206 
f 2149/2149/2149 2148/2148/2148 2208/2208/2208 
f 2157/2157/2157 2149/2149/2149 2208/2208/2208 
f 2157/2157/2157 2208/2208/2208 2210/2210/2210 
f 2155/2155/2155 2156/2156/2156 2212/2212/2212 
f 2155/2155/2155 2212/2212/2212 2209/2209/2209 
f 2147/2147/2147 2155/2155/2155 2209/2209/2209 
f 2159/2159/2159 2157/2157/2157 2210/2210/2210 
f 2166/2166/2166 2158/2158/2158 2211/2211/2211 
f 2166/2166/2166 2211/2211/2211 2213/2213/2213 
f 2164/2164/2164 2165/2165/2165 2214/2214/2214 
f 2164/2164/2164 2214/2214/2214 2212/2212/2212 
f 2156/2156/2156 2164/2164/2164 2212/2212/2212 
f 2167/2167/2167 2166/2166/2166 2213/2213/2213 
f 2175/2175/2175 2167/2167/2167 2213/2213/2213 
f 2175/2175/2175 2213/2213/2213 2215/2215/2215 
f 2174/2174/2174 2173/2173/2173 2216/2216/2216 
f 2174/2174/2174 2216/2216/2216 2214/2214/2214 
f 2165/2165/2165 2174/2174/2174 2214/2214/2214 
f 2176/2176/2176 2175/2175/2175 2215/2215/2215 
f 2183/2183/2183 2176/2176/2176 2215/2215/2215 
f 2183/2183/2183 2215/2215/2215 2217/2217/2217 
f 2182/2182/2182 2181/2181/2181 2218/2218/2218 
f 2182/2182/2182 2218/2218/2218 2216/2216/2216 
f 2173/2173/2173 2182/2182/2182 2216/2216/2216 
f 2184/2184/2184 2183/2183/2183 2217/2217/2217 
f 2190/2190/2190 2184/2184/2184 2217/2217/2217 
f 2190/2190/2190 2217/2217/2217 2219/2219/2219 
f 2189/2189/2189 2187/2187/2187 2221/2221/2221 
f 2189/2189/2189 2221/2221/2221 2218/2218/2218 
f 2181/2181/2181 2189/2189/2189 2218/2218/2218 
f 2191/2191/2191 2190/2190/2190 2219/2219/2219 
f 2194/2194/2194 2191/2191/2191 2219/2219/2219 
f 2194/2194/2194 2219/2219/2219 2222/2222/2222 
f 2193/2193/2193 2192/2192/2192 2222/2222/2222 
f 2193/2193/2193 2222/2222/2222 2220/2220/2220 
f 2188/2188/2188 2193/2193/2193 2220/2220/2220 
f 2192/2192/2192 2194/2194/2194 2222/2222/2222 

g 3

v -32.3894 3.92597 -1.99982 
v -32.3894 2.46058 -1.99982 
v -33.2881 2.46058 -1.99982 
v -33.2881 3.92597 -1.99982 
v -33.3144 2.46058 -1.96921 
v -33.3144 3.92596 -1.96923 
v -32.3401 2.46058 -1.93859 
v -32.408 2.39299 -1.93616 
v -33.2741 2.39298 -1.93616 
v -33.2881 2.46058 -1.99982 
v -32.3894 2.46058 -1.99982 
v -33.2741 3.99388 -1.93622 
v -32.408 3.99388 -1.93621 
v -33.2741 3.99388 -1.93622 
v -32.408 3.99388 -1.93621 
v -32.3894 3.92597 -1.99982 
v -33.2881 3.92597 -1.99982 
v -32.3894 3.92597 -1.99982 
v -33.3406 3.92597 -1.93864 
v -33.2741 3.99388 -1.93622 
v -33.3144 3.92596 -1.96923 
v -33.2741 3.99388 -0.0592915 
v -32.3894 3.92597 -1.99982 
v -32.408 3.99388 -1.93621 
v -32.3401 3.92597 -1.93864 
v -32.408 3.99388 -1.93621 
v -32.8424 3.99388 -0.998092 
v -32.408 3.99388 -0.0592915 
v -32.3401 3.92597 -0.0607683 
v -32.408 3.99388 -0.0592915 
v -32.3401 3.92597 -0.0607683 
v -32.3401 3.92597 -1.93864 
v -32.408 3.99388 -1.93621 
v -32.8424 3.99388 -0.998092 
v -33.2741 3.99388 -0.0592915 
v -32.408 3.99388 -0.0592915 
v -32.8424 3.99388 -0.998092 
v -32.408 3.99388 -1.93621 
v -33.2741 3.99388 -1.93622 
v -33.2741 3.99388 -0.0592915 
v -32.8424 3.99388 -0.998092 
v -33.2741 3.99388 -1.93622 
v -33.2741 3.99388 -1.93622 
v -33.2881 3.92597 -1.99982 
v -33.3144 3.92596 -1.96923 
v -32.3894 3.92597 -1.99982 
v -32.3894 2.46054 0.000469029 
v -32.3401 2.46058 -1.93859 
v -32.3401 2.46054 -0.0607683 
v -32.3894 2.46054 0.000469029 
v -32.408 2.39295 -0.0592915 
v -32.408 3.99388 -1.93621 
v -32.408 3.99388 -0.0592915 
v -32.3401 2.46058 -1.93859 
v -32.3894 2.46058 -1.99982 
v -32.3894 3.92597 -1.99982 
v -32.3401 3.92597 -1.93864 
v -32.3401 3.92597 -0.0607683 
v -32.3401 2.46054 -0.0607683 
v -32.3401 2.46058 -1.93859 
v -32.3401 3.92597 -1.93864 
v -32.3894 2.46054 0.000469029 
v -32.3401 2.46054 -0.0607683 
v -32.3401 3.92597 -0.0607683 
v -32.3894 3.92597 0.000467718 
v -32.408 3.99388 -0.0592915 
v -32.3894 3.92597 0.000467718 
v -32.3401 3.92597 -0.0607683 
v -33.2881 3.92597 0.000466883 
v -33.2881 2.46054 0.000468194 
v -32.3894 2.46054 0.000469029 
v -32.3894 3.92597 0.000467718 
v -33.3406 3.92596 -0.0607683 
v -33.2741 2.39295 -0.0592915 
v -32.3894 2.46054 0.000469029 
v -33.2881 2.46054 0.000468194 
v -33.2741 2.39295 -0.0592915 
v -32.408 2.39295 -0.0592915 
v -33.2741 3.99388 -0.0592915 
v -32.408 3.99388 -0.0592915 
v -32.3401 3.92597 -0.0607683 
v -33.2881 3.92597 0.000466883 
v -32.3894 3.92597 0.000467718 
v -32.408 3.99388 -0.0592915 
v -33.2741 3.99388 -0.0592915 
v -32.3894 2.46054 0.000469029 
v -33.3144 2.46058 -1.96921 
v -33.2741 2.39298 -1.93616 
v -33.3406 2.46058 -1.93859 
v -33.3144 2.46058 -1.96921 
v -33.2741 2.39295 -0.0592915 
v -32.3401 2.46058 -1.93859 
v -32.408 2.39299 -1.93616 
v -32.3894 2.46058 -1.99982 
v -32.408 2.39295 -0.0592915 
v -32.408 2.39299 -1.93616 
v -32.3401 2.46058 -1.93859 
v -32.3401 2.46054 -0.0607683 
v -32.8424 2.39321 -0.998064 
v -33.2741 2.39295 -0.0592915 
v -33.2741 2.39298 -1.93616 
v -32.408 2.39299 -1.93616 
v -32.8424 2.39321 -0.998064 
v -33.2741 2.39298 -1.93616 
v -32.8424 2.39321 -0.998064 
v -32.408 2.39299 -1.93616 
v -32.408 2.39295 -0.0592915 
v -33.2741 2.39295 -0.0592915 
v -32.8424 2.39321 -0.998064 
v -32.408 2.39295 -0.0592915 
v -33.3144 2.46058 -1.96921 
v -33.2881 2.46058 -1.99982 
v -33.2741 2.39298 -1.93616 
v -33.3144 2.46058 -1.96921 
v -33.3406 2.46058 -1.93859 
v -33.3406 3.92597 -1.93864 
v -33.3144 3.92596 -1.96923 
v -33.3406 2.46058 -1.93859 
v -33.3406 2.46054 -0.0607683 
v -33.3406 3.92596 -0.0607683 
v -33.3406 3.92597 -1.93864 
v -33.2881 2.46054 0.000468194 
v -33.2881 3.92597 0.000466883 
v -33.3406 3.92596 -0.0607683 
v -33.3406 2.46054 -0.0607683 
v -33.3406 2.46054 -0.0607683 
v -33.3406 2.46058 -1.93859 
v -33.2741 2.39298 -1.93616 
v -33.2741 2.39295 -0.0592915 
v -33.2741 2.39295 -0.0592915 
v -33.2881 2.46054 0.000468194 
v -33.3406 2.46054 -0.0607683 
v -33.2741 3.99388 -1.93622 
v -33.2741 3.99388 -1.93622 
v -33.3406 3.92597 -1.93864 
v -33.3406 3.92596 -0.0607683 
v -33.2741 3.99388 -0.0592915 
v -33.3406 3.92596 -0.0607683 
v -33.2881 3.92597 0.000466883 
v -33.2741 3.99388 -0.0592915 
v -33.3144 3.92596 -1.96923 
v -33.2881 3.92597 -1.99982 
v -33.2881 2.46058 -1.99982 
v -33.3144 2.46058 -1.96921 

vn 0 0 -1 
vn 0 0 -1 
vn 0 0 -1 
vn 0 0 -1 
vn -0.755906 0 -0.653543 
vn -0.755906 0 -0.653543 
vn 0.606299 -0.629921 -0.488189 
vn 0 -0.685039 -0.724409 
vn 0 -0.685039 -0.724409 
vn 0 -0.685039 -0.724409 
vn 0 -0.685039 -0.724409 
vn -0.606299 0.606299 -0.519685 
vn 0.606299 0.622047 -0.488189 
vn 0 0.685039 -0.732283 
vn 0 0.685039 -0.732283 
vn 0 0.685039 -0.732283 
vn 0 0.685039 -0.732283 
vn 0 0 -1 
vn -0.606299 0.606299 -0.519685 
vn -0.606299 0.606299 -0.519685 
vn -0.606299 0.606299 -0.519685 
vn -0.716535 0.700787 0 
vn 0.606299 0.622047 -0.488189 
vn 0.606299 0.622047 -0.488189 
vn 0.606299 0.622047 -0.488189 
vn 0 1 0 
vn 0 1 0 
vn 0 1 0 
vn 1 0 0 
vn 0.708661 0.708661 0 
vn 0.708661 0.708661 0 
vn 0.708661 0.708661 0 
vn 0.708661 0.708661 0 
vn 0 1 0 
vn 0 1 0 
vn 0 1 0 
vn 0 1 0 
vn 0 1 0 
vn 0 1 0 
vn 0 1 0 
vn 0 1 0 
vn 0 1 0 
vn -0.606299 0.606299 -0.519685 
vn -0.606299 0.606299 -0.519685 
vn -0.606299 0.606299 -0.519685 
vn 0 0 -1 
vn 0 0 1 
vn 0.606299 -0.629921 -0.488189 
vn 0.614173 -0.606299 0.496063 
vn 0.614173 -0.606299 0.496063 
vn 0.614173 -0.606299 0.496063 
vn 0.606299 0.622047 -0.488189 
vn 0 1 0 
vn 0.779528 0 -0.629921 
vn 0.779528 0 -0.629921 
vn 0.779528 0 -0.629921 
vn 0.779528 0 -0.629921 
vn 1 0 0 
vn 1 0 0 
vn 1 0 0 
vn 1 0 0 
vn 0.779528 0 0.629921 
vn 0.779528 0 0.629921 
vn 0.779528 0 0.629921 
vn 0.779528 0 0.629921 
vn 0.622047 0.606299 0.496063 
vn 0.622047 0.606299 0.496063 
vn 0.622047 0.606299 0.496063 
vn 0 0 1 
vn 0 0 1 
vn 0 0 1 
vn 0 0 1 
vn -1 0 0 
vn -0.708661 -0.700787 0 
vn 0 -0.661417 0.748031 
vn 0 -0.661417 0.748031 
vn 0 -0.661417 0.748031 
vn 0 -0.661417 0.748031 
vn -0.716535 0.700787 0 
vn 0 1 0 
vn 1 0 0 
vn 0 0.661417 0.748031 
vn 0 0.661417 0.748031 
vn 0 0.661417 0.748031 
vn 0 0.661417 0.748031 
vn 0 0 1 
vn -0.755906 0 -0.653543 
vn -0.598425 -0.614173 -0.511811 
vn -0.598425 -0.614173 -0.511811 
vn -0.598425 -0.614173 -0.511811 
vn -0.708661 -0.700787 0 
vn 0.606299 -0.629921 -0.488189 
vn 0.606299 -0.629921 -0.488189 
vn 0.606299 -0.629921 -0.488189 
vn 0.708661 -0.708661 0 
vn 0.708661 -0.708661 0 
vn 0.708661 -0.708661 0 
vn 0.708661 -0.708661 0 
vn 0 -1 0 
vn 0 -1 0 
vn 0 -1 0 
vn 0 -1 0 
vn 0 -1 0 
vn 0 -1 0 
vn 0 -1 0 
vn 0 -1 0 
vn 0 -1 0 
vn 0 -1 0 
vn 0 -1 0 
vn 0 -1 0 
vn -0.598425 -0.614173 -0.511811 
vn -0.598425 -0.614173 -0.511811 
vn -0.598425 -0.614173 -0.511811 
vn -0.755906 0 -0.653543 
vn -0.755906 0 -0.653543 
vn -0.755906 0 -0.653543 
vn -0.755906 0 -0.653543 
vn -1 0 0 
vn -1 0 0 
vn -1 0 0 
vn -1 0 0 
vn -0.755906 0 0.653543 
vn -0.755906 0 0.653543 
vn -0.755906 0 0.653543 
vn -0.755906 0 0.653543 
vn -0.708661 -0.700787 0 
vn -0.708661 -0.700787 0 
vn -0.708661 -0.700787 0 
vn -0.708661 -0.700787 0 
vn -0.614173 -0.590551 0.527559 
vn -0.614173 -0.590551 0.527559 
vn -0.614173 -0.590551 0.527559 
vn -0.606299 0.606299 -0.519685 
vn -0.716535 0.700787 0 
vn -0.716535 0.700787 0 
vn -0.716535 0.700787 0 
vn -0.716535 0.700787 0 
vn -0.614173 0.590551 0.527559 
vn -0.614173 0.590551 0.527559 
vn -0.614173 0.590551 0.527559 
vn -0.755906 0 -0.653543 
vn -0.755906 0 -0.653543 
vn -0.755906 0 -0.653543 
vn -0.755906 0 -0.653543 

vt 2.16228 1.91279 
vt 2.16228 1.72962 
vt 2.27462 1.72962 
vt 2.27462 1.91279 
vt 2.2779 1.72962 
vt 2.2779 1.91279 
vt 2.15612 1.72962 
vt 2.16461 1.72117 
vt 2.27286 1.72117 
vt 2.27462 1.72962 
vt 2.16228 1.72962 
vt 2.27286 1.92128 
vt 2.16461 1.92128 
vt 2.27286 1.92128 
vt 2.16461 1.92128 
vt 2.16228 1.91279 
vt 2.27462 1.91279 
vt 2.09363 1.8776 
vt 2.10128 1.75869 
vt 2.10158 1.76701 
vt 2.09746 1.76197 
vt 2.3362 1.76701 
vt 2.09363 1.8776 
vt 2.10159 1.87526 
vt 2.10128 1.88375 
vt 2.10159 1.87526 
vt 2.21885 1.82096 
vt 2.3362 1.87526 
vt 2.33602 1.88375 
vt 2.3362 1.87526 
vt 2.33602 1.88375 
vt 2.10128 1.88375 
vt 2.10159 1.87526 
vt 2.21885 1.82096 
vt 2.3362 1.76701 
vt 2.3362 1.87526 
vt 2.21885 1.82096 
vt 2.10159 1.87526 
vt 2.10158 1.76701 
vt 2.3362 1.76701 
vt 2.21885 1.82096 
vt 2.10158 1.76701 
vt 2.10158 1.76701 
vt 2.09363 1.76525 
vt 2.09746 1.76197 
vt 2.34367 1.91279 
vt 2.09363 1.72961 
vt 2.33602 1.72962 
vt 2.10129 1.72961 
vt 2.09363 1.72961 
vt 2.1011 1.72116 
vt 2.33572 1.92128 
vt 2.1011 1.92128 
vt 2.33602 1.72962 
vt 2.34367 1.72962 
vt 2.34367 1.91279 
vt 2.33602 1.91279 
vt 2.10129 1.91279 
vt 2.10129 1.72961 
vt 2.33602 1.72962 
vt 2.33602 1.91279 
vt 2.09363 1.72961 
vt 2.10129 1.72961 
vt 2.10129 1.91279 
vt 2.09363 1.91279 
vt 2.1011 1.92128 
vt 2.09363 1.91279 
vt 2.10129 1.91279 
vt 2.16268 1.91279 
vt 2.16268 1.72961 
vt 2.27503 1.72961 
vt 2.27503 1.91279 
vt 2.15612 1.91279 
vt 2.16444 1.72116 
vt 2.27503 1.72961 
vt 2.16268 1.72961 
vt 2.16444 1.72116 
vt 2.27269 1.72116 
vt 2.16444 1.92128 
vt 2.27269 1.92128 
vt 2.28119 1.91279 
vt 2.16268 1.91279 
vt 2.27503 1.91279 
vt 2.27269 1.92128 
vt 2.16444 1.92128 
vt 2.09363 1.8776 
vt 2.33984 1.76197 
vt 2.33571 1.76701 
vt 2.33602 1.75869 
vt 2.33984 1.76197 
vt 2.1011 1.76701 
vt 2.33602 1.88375 
vt 2.33571 1.87526 
vt 2.34367 1.8776 
vt 2.1011 1.87526 
vt 2.33571 1.87526 
vt 2.33602 1.88375 
vt 2.10129 1.88375 
vt 2.21845 1.82096 
vt 2.1011 1.76701 
vt 2.33571 1.76701 
vt 2.33571 1.87526 
vt 2.21845 1.82096 
vt 2.33571 1.76701 
vt 2.21845 1.82096 
vt 2.33571 1.87526 
vt 2.1011 1.87526 
vt 2.1011 1.76701 
vt 2.21845 1.82096 
vt 2.1011 1.87526 
vt 2.33984 1.76197 
vt 2.34367 1.76525 
vt 2.33571 1.76701 
vt 2.09746 1.72962 
vt 2.10129 1.72962 
vt 2.10128 1.91279 
vt 2.09746 1.91279 
vt 2.10129 1.72962 
vt 2.33602 1.72961 
vt 2.33602 1.91279 
vt 2.10128 1.91279 
vt 2.34367 1.72961 
vt 2.34367 1.91279 
vt 2.33602 1.91279 
vt 2.33602 1.72961 
vt 2.33602 1.72961 
vt 2.10129 1.72962 
vt 2.10159 1.72117 
vt 2.3362 1.72116 
vt 2.3362 1.72116 
vt 2.34367 1.72961 
vt 2.33602 1.72961 
vt 2.10158 1.92128 
vt 2.10158 1.92128 
vt 2.10128 1.91279 
vt 2.33602 1.91279 
vt 2.3362 1.92128 
vt 2.33602 1.91279 
vt 2.34367 1.91279 
vt 2.3362 1.92128 
vt 2.09746 1.91279 
vt 2.09363 1.91279 
vt 2.09363 1.72962 
vt 2.09746 1.72962 

usemtl 1Mtl

f 2223/2223/2223 2224/2224/2224 2225/2225/2225 
f 2223/2223/2223 2225/2225/2225 2226/2226/2226 
f 2230/2230/2230 2231/2231/2231 2232/2232/2232 
f 2230/2230/2230 2232/2232/2232 2233/2233/2233 
f 2236/2236/2236 2237/2237/2237 2238/2238/2238 
f 2236/2236/2236 2238/2238/2238 2239/2239/2239 
f 2241/2241/2241 2242/2242/2242 2243/2243/2243 
f 2245/2245/2245 2246/2246/2246 2247/2247/2247 
f 2248/2248/2248 2249/2249/2249 2250/2250/2250 
f 2252/2252/2252 2253/2253/2253 2254/2254/2254 
f 2252/2252/2252 2254/2254/2254 2255/2255/2255 
f 2256/2256/2256 2257/2257/2257 2258/2258/2258 
f 2259/2259/2259 2260/2260/2260 2261/2261/2261 
f 2262/2262/2262 2263/2263/2263 2264/2264/2264 
f 2265/2265/2265 2266/2266/2266 2267/2267/2267 
f 2271/2271/2271 2272/2272/2272 2273/2273/2273 
f 2276/2276/2276 2277/2277/2277 2278/2278/2278 
f 2276/2276/2276 2278/2278/2278 2279/2279/2279 
f 2280/2280/2280 2281/2281/2281 2282/2282/2282 
f 2280/2280/2280 2282/2282/2282 2283/2283/2283 
f 2284/2284/2284 2285/2285/2285 2286/2286/2286 
f 2284/2284/2284 2286/2286/2286 2287/2287/2287 
f 2288/2288/2288 2289/2289/2289 2290/2290/2290 
f 2291/2291/2291 2292/2292/2292 2293/2293/2293 
f 2291/2291/2291 2293/2293/2293 2294/2294/2294 
f 2297/2297/2297 2298/2298/2298 2299/2299/2299 
f 2297/2297/2297 2299/2299/2299 2300/2300/2300 
f 2304/2304/2304 2305/2305/2305 2306/2306/2306 
f 2304/2304/2304 2306/2306/2306 2307/2307/2307 
f 2310/2310/2310 2311/2311/2311 2312/2312/2312 
f 2314/2314/2314 2315/2315/2315 2316/2316/2316 
f 2317/2317/2317 2318/2318/2318 2319/2319/2319 
f 2317/2317/2317 2319/2319/2319 2320/2320/2320 
f 2321/2321/2321 2322/2322/2322 2323/2323/2323 
f 2324/2324/2324 2325/2325/2325 2326/2326/2326 
f 2327/2327/2327 2328/2328/2328 2329/2329/2329 
f 2330/2330/2330 2331/2331/2331 2332/2332/2332 
f 2333/2333/2333 2334/2334/2334 2335/2335/2335 
f 2336/2336/2336 2337/2337/2337 2338/2338/2338 
f 2336/2336/2336 2338/2338/2338 2339/2339/2339 
f 2340/2340/2340 2341/2341/2341 2342/2342/2342 
f 2340/2340/2340 2342/2342/2342 2343/2343/2343 
f 2344/2344/2344 2345/2345/2345 2346/2346/2346 
f 2344/2344/2344 2346/2346/2346 2347/2347/2347 
f 2348/2348/2348 2349/2349/2349 2350/2350/2350 
f 2348/2348/2348 2350/2350/2350 2351/2351/2351 
f 2352/2352/2352 2353/2353/2353 2354/2354/2354 
f 2356/2356/2356 2357/2357/2357 2358/2358/2358 
f 2356/2356/2356 2358/2358/2358 2359/2359/2359 
f 2360/2360/2360 2361/2361/2361 2362/2362/2362 
f 2363/2363/2363 2364/2364/2364 2365/2365/2365 
f 2363/2363/2363 2365/2365/2365 2366/2366/2366 

g 4

v -32.6838 2.20831 -1.93433 
v -32.5446 2.13736 -1.93433 
v -32.5645 2.11 -1.96773 
v -32.6943 2.17615 -1.96773 
v -32.7047 2.14399 -2.00113 
v -32.8439 2.16514 -2.00113 
v -32.8439 2.19895 -1.96773 
v -32.6943 2.17615 -1.96773 
v -32.4342 2.02686 -1.93433 
v -32.4615 2.00699 -1.96773 
v -32.3632 1.88764 -1.93433 
v -32.3953 1.87706 -1.96773 
v -32.3406 1.75228 -1.93433 
v -32.3741 1.74951 -1.96773 
v -32.3633 1.04152 -1.92887 
v -32.4343 0.902315 -1.92887 
v -32.4616 0.922194 -1.96185 
v -32.3954 1.05211 -1.96185 
v -32.4275 1.06269 -1.99482 
v -32.4075 1.18242 -2.00113 
v -32.3741 1.17965 -1.96773 
v -32.3954 1.05211 -1.96185 
v -32.5448 0.791844 -1.92887 
v -32.5647 0.819204 -1.96185 
v -32.684 0.720926 -1.92887 
v -32.6945 0.753087 -1.96185 
v -32.8441 0.696501 -1.92887 
v -32.8441 0.730316 -1.96185 
v -32.8441 0.696501 -1.92887 
v -32.9984 0.720961 -1.92887 
v -32.9879 0.75312 -1.96185 
v -32.8441 0.730316 -1.96185 
v -33.1376 0.79191 -1.92887 
v -33.1177 0.819265 -1.96185 
v -33.2481 0.902406 -1.92887 
v -33.2207 0.922279 -1.96185 
v -33.319 1.04163 -1.92887 
v -33.2869 1.0522 -1.96185 
v -33.3416 1.17699 -1.93433 
v -33.3082 1.17975 -1.96773 
v -33.3189 1.88774 -1.93433 
v -33.2479 2.02695 -1.93433 
v -33.2206 2.00707 -1.96773 
v -33.2868 1.87716 -1.96773 
v -33.2547 1.86658 -2.00113 
v -33.2747 1.74684 -2.00113 
v -33.3081 1.74962 -1.96773 
v -33.1374 2.13742 -1.93433 
v -33.1176 2.11006 -1.96773 
v -32.9982 2.20834 -1.93433 
v -32.9878 2.17618 -1.96773 
v -32.8439 2.23277 -1.93433 
v -32.8439 2.19895 -1.96773 
v -32.4075 1.18242 -2.00113 
v -32.4074 1.74675 -2.00113 
v -32.3741 1.74951 -1.96773 
v -33.2748 1.18252 -2.00113 
v -32.4075 1.18242 -2.00113 
v -32.844 1.17693 -2.00113 
v -32.8439 1.75233 -2.00113 
v -32.4074 1.74675 -2.00113 
v -33.2747 1.74684 -2.00113 
v -33.2748 1.18252 -2.00113 
v -32.5844 2.08265 -2.00113 
v -32.7047 2.14399 -2.00113 
v -32.4889 1.98712 -2.00113 
v -32.4274 1.86649 -2.00113 
v -32.4275 1.06269 -1.99482 
v -32.489 0.942073 -1.99482 
v -32.5845 0.846563 -1.99482 
v -32.7049 0.785248 -1.99482 
v -32.8441 0.764131 -1.99482 
v -32.9775 0.785278 -1.99482 
v -33.0978 0.84662 -1.99482 
v -33.1933 0.942151 -1.99482 
v -33.2548 1.06278 -1.99482 
v -33.2547 1.86658 -2.00113 
v -33.1932 1.98719 -2.00113 
v -33.0977 2.0827 -2.00113 
v -32.9773 2.14402 -2.00113 
v -32.8439 2.16514 -2.00113 
v -32.5645 2.11 -1.96773 
v -32.5844 2.08265 -2.00113 
v -32.8439 2.19895 -1.96773 
v -32.8439 2.23277 -1.93433 
v -32.4615 2.00699 -1.96773 
v -32.4889 1.98712 -2.00113 
v -32.3953 1.87706 -1.96773 
v -32.4274 1.86649 -2.00113 
v -32.4616 0.922194 -1.96185 
v -32.489 0.942073 -1.99482 
v -32.3741 1.17965 -1.96773 
v -32.3407 1.17688 -1.93433 
v -32.5647 0.819204 -1.96185 
v -32.5845 0.846563 -1.99482 
v -32.6945 0.753087 -1.96185 
v -32.7049 0.785248 -1.99482 
v -32.8441 0.730316 -1.96185 
v -32.8441 0.764131 -1.99482 
v -32.9775 0.785278 -1.99482 
v -32.8441 0.764131 -1.99482 
v -33.0978 0.84662 -1.99482 
v -33.1933 0.942151 -1.99482 
v -33.2548 1.06278 -1.99482 
v -33.1932 1.98719 -2.00113 
v -33.3415 1.75239 -1.93433 
v -33.0977 2.0827 -2.00113 
v -32.9773 2.14402 -2.00113 
v -32.8439 2.16514 -2.00113 
v -32.3407 1.17688 -1.93433 
v -32.6838 2.20831 -1.93433 
v -32.5446 2.13736 -1.93433 
v -32.5645 2.11 -1.96773 
v -32.6943 2.17615 -1.96773 
v -32.4342 2.02686 -1.93433 
v -32.4615 2.00699 -1.96773 
v -33.2479 2.02695 -1.93433 
v -33.1374 2.13742 -1.93433 
v -32.9982 2.20834 -1.93433 
v -32.8439 2.23277 -1.06765 
v -32.5645 2.11 -1.03425 
v -32.9773 2.14402 -1.00085 
v -32.8439 2.19895 -1.03425 
v -32.6838 2.20831 -1.93433 
v -32.6838 2.20831 -1.06765 
v -32.5446 2.13736 -1.06765 
v -32.5446 2.13736 -1.93433 
v -32.4342 2.02686 -1.06765 
v -33.2479 2.02695 -1.06765 
v -33.2479 2.02695 -1.93433 
v -33.1374 2.13742 -1.06765 
v -33.1374 2.13742 -1.93433 
v -32.9982 2.20834 -1.06765 
v -32.9982 2.20834 -1.93433 
v -32.8439 2.23277 -1.06765 
v -32.8439 2.23277 -1.93433 
v -32.8439 2.23277 -1.93433 
v -32.8439 2.23277 -1.06765 
v -32.5645 2.11 -1.96773 
v -32.4342 2.02686 -1.93433 
v -32.4615 2.00699 -1.96773 
v -32.3632 1.88764 -1.93433 
v -32.3953 1.87706 -1.96773 
v -32.3741 1.74951 -1.96773 
v -32.4343 0.902315 -1.92887 
v -32.4616 0.922194 -1.96185 
v -32.3954 1.05211 -1.96185 
v -32.4075 1.18242 -2.00113 
v -32.3741 1.17965 -1.96773 
v -32.5448 0.791844 -1.92887 
v -33.1376 0.79191 -1.92887 
v -32.5645 2.11 -1.03425 
v -32.4274 1.86649 -1.00085 
v -32.3953 1.87706 -1.03425 
v -32.3741 1.17965 -1.03425 
v -32.4616 0.922194 -1.04013 
v -32.4075 1.18242 -2.00113 
v -32.4074 1.74675 -2.00113 
v -32.3741 1.74951 -1.96773 
v -32.3741 1.17965 -1.96773 
v -32.4075 1.18242 -1.00085 
v -32.3741 1.17965 -1.03425 
v -32.5446 2.13736 -1.06765 
v -32.5446 2.13736 -1.93433 
v -32.4342 2.02686 -1.06765 
v -32.4342 2.02686 -1.93433 
v -32.3632 1.88764 -1.06765 
v -32.3632 1.88764 -1.93433 
v -32.3633 1.04152 -1.92887 
v -32.3633 1.04152 -1.07311 
v -32.4343 0.902316 -1.07311 
v -32.4343 0.902315 -1.92887 
v -32.5448 0.791844 -1.07311 
v -32.844 1.17693 -2.00113 
v -32.3406 1.75228 -1.93433 
v -32.3406 1.75228 -1.06765 
v -32.3407 1.17688 -1.06765 
v -32.3407 1.17688 -1.93433 
v -32.3407 1.17688 -1.93433 
v -32.3407 1.17688 -1.06765 
v -33.0978 0.84662 -1.99482 
v -32.5645 2.11 -1.96773 
v -32.4889 1.98712 -2.00113 
v -32.3953 1.87706 -1.96773 
v -32.3741 1.17965 -1.96773 
v -32.3407 1.17688 -1.93433 
v -32.6838 2.20831 -1.06765 
v -32.8439 2.23277 -1.06765 
v -32.8439 2.19895 -1.03425 
v -32.6943 2.17615 -1.03425 
v -32.7047 2.14399 -1.00085 
v -32.5844 2.08265 -1.00085 
v -32.5645 2.11 -1.03425 
v -32.4889 1.98712 -1.00085 
v -32.4615 2.00699 -1.03425 
v -32.4274 1.86649 -1.00085 
v -32.3953 1.87706 -1.03425 
v -32.4074 1.74675 -1.00085 
v -32.3741 1.74951 -1.03425 
v -32.3633 1.04152 -1.07311 
v -32.3407 1.17688 -1.06765 
v -32.3741 1.17965 -1.03425 
v -32.3954 1.05211 -1.04013 
v -32.4275 1.06269 -1.00715 
v -32.489 0.942073 -1.00715 
v -32.4616 0.922194 -1.04013 
v -32.5845 0.846563 -1.00715 
v -32.5647 0.819203 -1.04013 
v -32.7049 0.785248 -1.00715 
v -32.6945 0.753087 -1.04013 
v -32.8441 0.764131 -1.00715 
v -32.8441 0.730316 -1.04013 
v -32.8441 0.764131 -1.00715 
v -32.9775 0.785278 -1.00715 
v -32.9879 0.75312 -1.04013 
v -32.8441 0.730316 -1.04013 
v -33.0978 0.84662 -1.00715 
v -33.1177 0.819265 -1.04013 
v -33.1933 0.942151 -1.00715 
v -33.2207 0.922279 -1.04013 
v -33.2548 1.06278 -1.00715 
v -33.2869 1.0522 -1.04013 
v -33.2748 1.18252 -1.00085 
v -33.3082 1.17975 -1.03425 
v -33.3189 1.88774 -1.06765 
v -33.3415 1.75239 -1.06765 
v -33.3081 1.74962 -1.03425 
v -33.2868 1.87716 -1.03425 
v -33.2547 1.86658 -1.00085 
v -33.1932 1.98719 -1.00085 
v -33.2206 2.00707 -1.03425 
v -33.0977 2.0827 -1.00085 
v -33.1176 2.11006 -1.03425 
v -32.9773 2.14402 -1.00085 
v -32.9878 2.17618 -1.03425 
v -32.8439 2.16514 -1.00085 
v -32.8439 2.19895 -1.03425 
v -32.4075 1.18242 -1.00085 
v -32.3741 1.17965 -1.03425 
v -33.2747 1.74684 -1.00085 
v -32.4342 2.02686 -1.06765 
v -32.4343 0.902316 -1.07311 
v -32.5448 0.791844 -1.07311 
v -32.684 0.720926 -1.07311 
v -32.9984 0.720961 -1.07311 
v -33.1376 0.79191 -1.07311 
v -33.2481 0.902406 -1.07311 
v -33.2479 2.02695 -1.06765 
v -33.1374 2.13742 -1.06765 
v -32.4074 1.74675 -1.00085 
v -32.8439 1.75233 -1.00085 
v -32.844 1.17693 -1.00085 
v -32.4075 1.18242 -1.00085 
v -33.2748 1.18252 -1.00085 
v -33.2747 1.74684 -1.00085 
v -32.7047 2.14399 -1.00085 
v -32.5844 2.08265 -1.00085 
v -32.4889 1.98712 -1.00085 
v -32.4274 1.86649 -1.00085 
v -32.4075 1.18242 -1.00085 
v -32.4275 1.06269 -1.00715 
v -32.489 0.942073 -1.00715 
v -32.5845 0.846563 -1.00715 
v -32.7049 0.785248 -1.00715 
v -32.8441 0.764131 -1.00715 
v -32.9775 0.785278 -1.00715 
v -33.0978 0.84662 -1.00715 
v -33.1933 0.942151 -1.00715 
v -33.2548 1.06278 -1.00715 
v -33.2547 1.86658 -1.00085 
v -33.1932 1.98719 -1.00085 
v -33.0977 2.0827 -1.00085 
v -32.9773 2.14402 -1.00085 
v -32.8439 2.16514 -1.00085 
v -32.8439 2.16514 -1.00085 
v -32.5446 2.13736 -1.06765 
v -32.4342 2.02686 -1.06765 
v -32.3632 1.88764 -1.06765 
v -32.3406 1.75228 -1.06765 
v -32.4075 1.18242 -1.00085 
v -32.4343 0.902316 -1.07311 
v -32.5448 0.791844 -1.07311 
v -32.684 0.720926 -1.07311 
v -32.8441 0.696501 -1.07311 
v -32.9984 0.720961 -1.07311 
v -32.8441 0.696501 -1.07311 
v -33.1376 0.79191 -1.07311 
v -33.2481 0.902406 -1.07311 
v -33.319 1.04163 -1.07311 
v -33.3416 1.17699 -1.06765 
v -33.2479 2.02695 -1.06765 
v -33.1374 2.13742 -1.06765 
v -32.9982 2.20834 -1.06765 
v -32.8439 2.23277 -1.06765 
v -32.3407 1.17688 -1.06765 
v -32.844 1.17693 -1.00085 
v -32.489 0.942073 -1.00715 
v -32.4275 1.06269 -1.00715 
v -32.4343 0.902315 -1.92887 
v -32.5448 0.791844 -1.92887 
v -32.8441 0.696501 -1.92887 
v -32.8441 0.696501 -1.92887 
v -33.1376 0.79191 -1.92887 
v -33.2481 0.902406 -1.92887 
v -32.5845 0.846563 -1.00715 
v -33.0978 0.84662 -1.00715 
v -32.4343 0.902316 -1.07311 
v -32.4343 0.902315 -1.92887 
v -32.5448 0.791844 -1.07311 
v -32.5448 0.791844 -1.92887 
v -32.684 0.720926 -1.07311 
v -32.684 0.720926 -1.92887 
v -32.8441 0.696501 -1.07311 
v -32.8441 0.696501 -1.92887 
v -32.8441 0.696501 -1.92887 
v -32.8441 0.696501 -1.07311 
v -32.9984 0.720961 -1.07311 
v -32.9984 0.720961 -1.92887 
v -33.1376 0.79191 -1.07311 
v -33.1376 0.79191 -1.92887 
v -33.1376 0.79191 -1.92887 
v -33.2481 0.902406 -1.92887 
v -33.319 1.04163 -1.92887 
v -33.3416 1.17699 -1.93433 
v -33.3082 1.17975 -1.96773 
v -33.3189 1.88774 -1.93433 
v -33.2479 2.02695 -1.93433 
v -33.2868 1.87716 -1.96773 
v -33.2547 1.86658 -2.00113 
v -33.2747 1.74684 -2.00113 
v -33.3081 1.74962 -1.96773 
v -33.1374 2.13742 -1.93433 
v -32.9982 2.20834 -1.93433 
v -33.1933 0.942151 -1.00715 
v -33.2748 1.18252 -1.00085 
v -33.3082 1.17975 -1.03425 
v -33.3189 1.88774 -1.06765 
v -33.3415 1.75239 -1.06765 
v -33.3081 1.74962 -1.03425 
v -33.1932 1.98719 -1.00085 
v -33.2748 1.18252 -2.00113 
v -33.1376 0.79191 -1.07311 
v -33.1376 0.79191 -1.92887 
v -33.2481 0.902406 -1.07311 
v -33.2481 0.902406 -1.92887 
v -33.319 1.04163 -1.07311 
v -33.319 1.04163 -1.92887 
v -33.3189 1.88774 -1.93433 
v -33.3189 1.88774 -1.06765 
v -33.2479 2.02695 -1.06765 
v -33.2479 2.02695 -1.93433 
v -33.1374 2.13742 -1.06765 
v -33.1374 2.13742 -1.93433 
v -33.3416 1.17699 -1.93433 
v -33.3416 1.17699 -1.06765 
v -33.3415 1.75239 -1.06765 
v -33.3415 1.75239 -1.93433 
v -33.1933 0.942151 -1.99482 
v -33.1932 1.98719 -2.00113 
v -33.3415 1.75239 -1.93433 
v -33.1376 0.79191 -1.07311 
v -33.319 1.04163 -1.07311 
v -33.3416 1.17699 -1.06765 

vn 0.212598 0.669291 -0.708661 
vn 0.409449 0.566929 -0.708661 
vn 0.409449 0.566929 -0.708661 
vn 0.212598 0.669291 -0.708661 
vn 0.212598 0.669291 -0.708661 
vn 0 0.700787 -0.708661 
vn 0 0.700787 -0.708661 
vn 0.212598 0.669291 -0.708661 
vn 0.566929 0.409449 -0.708661 
vn 0.566929 0.409449 -0.708661 
vn 0.669291 0.220472 -0.708661 
vn 0.669291 0.220472 -0.708661 
vn 0.700787 0.0551181 -0.708661 
vn 0.700787 0.0551181 -0.708661 
vn 0.661417 -0.23622 -0.716535 
vn 0.566929 -0.409449 -0.716535 
vn 0.566929 -0.409449 -0.716535 
vn 0.661417 -0.23622 -0.716535 
vn 0.661417 -0.23622 -0.716535 
vn 0.700787 -0.0708661 -0.708661 
vn 0.700787 -0.0708661 -0.708661 
vn 0.661417 -0.23622 -0.716535 
vn 0.409449 -0.566929 -0.716535 
vn 0.409449 -0.566929 -0.716535 
vn 0.212598 -0.661417 -0.716535 
vn 0.212598 -0.661417 -0.716535 
vn 0 -0.700787 -0.716535 
vn 0 -0.700787 -0.716535 
vn 0 -0.700787 -0.716535 
vn -0.212598 -0.661417 -0.716535 
vn -0.212598 -0.661417 -0.716535 
vn 0 -0.700787 -0.716535 
vn -0.409449 -0.566929 -0.716535 
vn -0.409449 -0.566929 -0.716535 
vn -0.566929 -0.409449 -0.716535 
vn -0.566929 -0.409449 -0.716535 
vn -0.661417 -0.23622 -0.716535 
vn -0.661417 -0.23622 -0.716535 
vn -0.700787 -0.0708661 -0.708661 
vn -0.700787 -0.0708661 -0.708661 
vn -0.669291 0.220472 -0.708661 
vn -0.566929 0.409449 -0.708661 
vn -0.566929 0.409449 -0.708661 
vn -0.669291 0.220472 -0.708661 
vn -0.669291 0.220472 -0.708661 
vn -0.700787 0.0551181 -0.708661 
vn -0.700787 0.0551181 -0.708661 
vn -0.409449 0.566929 -0.708661 
vn -0.409449 0.566929 -0.708661 
vn -0.220472 0.669291 -0.708661 
vn -0.220472 0.669291 -0.708661 
vn 0 0.700787 -0.708661 
vn 0 0.700787 -0.708661 
vn 0.700787 -0.0708661 -0.708661 
vn 0.700787 0.0551181 -0.708661 
vn 0.700787 0.0551181 -0.708661 
vn -0.700787 -0.0708661 -0.708661 
vn 0 -0.023622 -1 
vn 0 -0.00787402 -1 
vn 0 0 -1 
vn 0 0 -1 
vn 0 0 -1 
vn 0 -0.023622 -1 
vn 0 0 -1 
vn 0 0 -1 
vn 0 0 -1 
vn 0 0 -1 
vn 0.00787402 -0.0314961 -1 
vn 0.00787402 -0.00787402 -1 
vn 0.00787402 -0.015748 -1 
vn 0.00787402 -0.015748 -1 
vn 0 -0.015748 -1 
vn -0.00787402 -0.015748 -1 
vn -0.00787402 -0.015748 -1 
vn -0.015748 -0.00787402 -1 
vn -0.00787402 -0.0314961 -1 
vn 0 0 -1 
vn 0 0 -1 
vn 0 0 -1 
vn 0 0 -1 
vn 0 0 -1 
vn 0.409449 0.566929 -0.708661 
vn 0.409449 0.566929 -0.708661 
vn 0 0.700787 -0.708661 
vn 0 0.700787 -0.708661 
vn 0.566929 0.409449 -0.708661 
vn 0.566929 0.409449 -0.708661 
vn 0.669291 0.220472 -0.708661 
vn 0.669291 0.220472 -0.708661 
vn 0.566929 -0.409449 -0.716535 
vn 0.566929 -0.409449 -0.716535 
vn 0.700787 -0.0708661 -0.708661 
vn 0.700787 -0.0708661 -0.708661 
vn 0.409449 -0.566929 -0.716535 
vn 0.409449 -0.566929 -0.716535 
vn 0.212598 -0.661417 -0.716535 
vn 0.212598 -0.661417 -0.716535 
vn 0 -0.700787 -0.716535 
vn 0 -0.700787 -0.716535 
vn -0.212598 -0.661417 -0.716535 
vn 0 -0.700787 -0.716535 
vn -0.409449 -0.566929 -0.716535 
vn -0.566929 -0.409449 -0.716535 
vn -0.661417 -0.23622 -0.716535 
vn -0.566929 0.409449 -0.708661 
vn -0.700787 0.0551181 -0.708661 
vn -0.409449 0.566929 -0.708661 
vn -0.220472 0.669291 -0.708661 
vn 0 0.700787 -0.708661 
vn 0.700787 -0.0708661 -0.708661 
vn 0.212598 0.669291 -0.708661 
vn 0.409449 0.566929 -0.708661 
vn 0.409449 0.566929 -0.708661 
vn 0.212598 0.669291 -0.708661 
vn 0.566929 0.409449 -0.708661 
vn 0.566929 0.409449 -0.708661 
vn -0.566929 0.409449 -0.708661 
vn -0.409449 0.566929 -0.708661 
vn -0.220472 0.669291 -0.708661 
vn 0 0.700787 0.708661 
vn 0.409449 0.566929 0.708661 
vn -0.220472 0.669291 0.708661 
vn 0 0.700787 0.708661 
vn 0.307087 0.952756 0 
vn 0.307087 0.952756 0 
vn 0.590551 0.811024 0 
vn 0.590551 0.811024 0 
vn 0.811024 0.590551 0 
vn -0.811024 0.590551 0 
vn -0.811024 0.590551 0 
vn -0.590551 0.811024 0 
vn -0.590551 0.811024 0 
vn -0.307087 0.952756 0 
vn -0.307087 0.952756 0 
vn 0 1 0 
vn 0 1 0 
vn 0 1 0 
vn 0 1 0 
vn 0.409449 0.566929 -0.708661 
vn 0.566929 0.409449 -0.708661 
vn 0.566929 0.409449 -0.708661 
vn 0.669291 0.220472 -0.708661 
vn 0.669291 0.220472 -0.708661 
vn 0.700787 0.0551181 -0.708661 
vn 0.566929 -0.409449 -0.716535 
vn 0.566929 -0.409449 -0.716535 
vn 0.661417 -0.23622 -0.716535 
vn 0.700787 -0.0708661 -0.708661 
vn 0.700787 -0.0708661 -0.708661 
vn 0.409449 -0.566929 -0.716535 
vn -0.409449 -0.566929 -0.716535 
vn 0.409449 0.566929 0.708661 
vn 0.669291 0.220472 0.708661 
vn 0.669291 0.220472 0.708661 
vn 0.700787 -0.0708661 0.708661 
vn 0.566929 -0.409449 0.716535 
vn 0.700787 -0.0708661 -0.708661 
vn 0.700787 0.0551181 -0.708661 
vn 0.700787 0.0551181 -0.708661 
vn 0.700787 -0.0708661 -0.708661 
vn 0.700787 -0.0708661 0.708661 
vn 0.700787 -0.0708661 0.708661 
vn 0.590551 0.811024 0 
vn 0.590551 0.811024 0 
vn 0.811024 0.590551 0 
vn 0.811024 0.590551 0 
vn 0.952756 0.314961 0 
vn 0.952756 0.314961 0 
vn 0.952756 -0.314961 0 
vn 0.952756 -0.314961 0 
vn 0.811024 -0.590551 0 
vn 0.811024 -0.590551 0 
vn 0.590551 -0.811024 0 
vn 0 -0.00787402 -1 
vn 1 0.0787402 0 
vn 1 0.0787402 0 
vn 1 -0.0787402 0 
vn 1 -0.0787402 0 
vn 1 -0.0787402 0 
vn 1 -0.0787402 0 
vn -0.00787402 -0.015748 -1 
vn 0.409449 0.566929 -0.708661 
vn 0.566929 0.409449 -0.708661 
vn 0.669291 0.220472 -0.708661 
vn 0.700787 -0.0708661 -0.708661 
vn 0.700787 -0.0708661 -0.708661 
vn 0.212598 0.669291 0.708661 
vn 0 0.700787 0.708661 
vn 0 0.700787 0.708661 
vn 0.212598 0.669291 0.708661 
vn 0.212598 0.669291 0.708661 
vn 0.409449 0.566929 0.708661 
vn 0.409449 0.566929 0.708661 
vn 0.566929 0.409449 0.708661 
vn 0.566929 0.409449 0.708661 
vn 0.669291 0.220472 0.708661 
vn 0.669291 0.220472 0.708661 
vn 0.700787 0.0551181 0.708661 
vn 0.700787 0.0551181 0.708661 
vn 0.661417 -0.23622 0.716535 
vn 0.700787 -0.0708661 0.708661 
vn 0.700787 -0.0708661 0.708661 
vn 0.661417 -0.23622 0.716535 
vn 0.661417 -0.23622 0.716535 
vn 0.566929 -0.409449 0.716535 
vn 0.566929 -0.409449 0.716535 
vn 0.409449 -0.566929 0.716535 
vn 0.409449 -0.566929 0.716535 
vn 0.212598 -0.661417 0.716535 
vn 0.212598 -0.661417 0.716535 
vn 0 -0.700787 0.716535 
vn 0 -0.700787 0.716535 
vn 0 -0.700787 0.716535 
vn -0.212598 -0.661417 0.716535 
vn -0.212598 -0.661417 0.716535 
vn 0 -0.700787 0.716535 
vn -0.409449 -0.566929 0.716535 
vn -0.409449 -0.566929 0.716535 
vn -0.566929 -0.409449 0.716535 
vn -0.566929 -0.409449 0.716535 
vn -0.661417 -0.23622 0.716535 
vn -0.661417 -0.23622 0.716535 
vn -0.700787 -0.0708661 0.708661 
vn -0.700787 -0.0708661 0.708661 
vn -0.669291 0.220472 0.708661 
vn -0.700787 0.0551181 0.708661 
vn -0.700787 0.0551181 0.708661 
vn -0.669291 0.220472 0.708661 
vn -0.669291 0.220472 0.708661 
vn -0.566929 0.409449 0.708661 
vn -0.566929 0.409449 0.708661 
vn -0.409449 0.566929 0.708661 
vn -0.409449 0.566929 0.708661 
vn -0.220472 0.669291 0.708661 
vn -0.220472 0.669291 0.708661 
vn 0 0.700787 0.708661 
vn 0 0.700787 0.708661 
vn 0.700787 -0.0708661 0.708661 
vn 0.700787 -0.0708661 0.708661 
vn -0.700787 0.0551181 0.708661 
vn 0.811024 0.590551 0 
vn 0.811024 -0.590551 0 
vn 0.590551 -0.811024 0 
vn 0.307087 -0.952756 0 
vn -0.307087 -0.952756 0 
vn -0.590551 -0.811024 0 
vn -0.811024 -0.590551 0 
vn -0.811024 0.590551 0 
vn -0.590551 0.811024 0 
vn 0 0 1 
vn 0 0 1 
vn 0 -0.00787402 1 
vn 0 -0.023622 1 
vn 0 -0.023622 1 
vn 0 0 1 
vn 0 0 1 
vn 0 0 1 
vn 0 0 1 
vn 0 0 1 
vn 0 -0.023622 1 
vn 0.00787402 -0.0314961 1 
vn 0.00787402 -0.00787402 1 
vn 0.00787402 -0.015748 1 
vn 0.00787402 -0.015748 1 
vn 0 -0.015748 1 
vn -0.00787402 -0.015748 1 
vn -0.00787402 -0.015748 1 
vn -0.015748 -0.00787402 1 
vn -0.00787402 -0.0314961 1 
vn 0 0 1 
vn 0 0 1 
vn 0 0 1 
vn 0 0 1 
vn 0 0 1 
vn 0 0.700787 0.708661 
vn 0.409449 0.566929 0.708661 
vn 0.566929 0.409449 0.708661 
vn 0.669291 0.220472 0.708661 
vn 0.700787 0.0551181 0.708661 
vn 0.700787 -0.0708661 0.708661 
vn 0.566929 -0.409449 0.716535 
vn 0.409449 -0.566929 0.716535 
vn 0.212598 -0.661417 0.716535 
vn 0 -0.700787 0.716535 
vn -0.212598 -0.661417 0.716535 
vn 0 -0.700787 0.716535 
vn -0.409449 -0.566929 0.716535 
vn -0.566929 -0.409449 0.716535 
vn -0.661417 -0.23622 0.716535 
vn -0.700787 -0.0708661 0.708661 
vn -0.566929 0.409449 0.708661 
vn -0.409449 0.566929 0.708661 
vn -0.220472 0.669291 0.708661 
vn 0 0.700787 0.708661 
vn 0.700787 -0.0708661 0.708661 
vn 0.015748 -0.00787402 1 
vn 0.015748 -0.00787402 1 
vn 0.015748 -0.00787402 1 
vn 0.566929 -0.409449 -0.716535 
vn 0.409449 -0.566929 -0.716535 
vn 0 -0.700787 -0.716535 
vn 0 -0.700787 -0.716535 
vn -0.409449 -0.566929 -0.716535 
vn -0.566929 -0.409449 -0.716535 
vn 0.409449 -0.566929 0.716535 
vn -0.409449 -0.566929 0.716535 
vn 0.811024 -0.590551 0 
vn 0.811024 -0.590551 0 
vn 0.590551 -0.811024 0 
vn 0.590551 -0.811024 0 
vn 0.307087 -0.952756 0 
vn 0.307087 -0.952756 0 
vn 0 -1 0 
vn 0 -1 0 
vn 0 -1 0 
vn 0 -1 0 
vn -0.307087 -0.952756 0 
vn -0.307087 -0.952756 0 
vn -0.590551 -0.811024 0 
vn -0.590551 -0.811024 0 
vn -0.409449 -0.566929 -0.716535 
vn -0.566929 -0.409449 -0.716535 
vn -0.661417 -0.23622 -0.716535 
vn -0.700787 -0.0708661 -0.708661 
vn -0.700787 -0.0708661 -0.708661 
vn -0.669291 0.220472 -0.708661 
vn -0.566929 0.409449 -0.708661 
vn -0.669291 0.220472 -0.708661 
vn -0.669291 0.220472 -0.708661 
vn -0.700787 0.0551181 -0.708661 
vn -0.700787 0.0551181 -0.708661 
vn -0.409449 0.566929 -0.708661 
vn -0.220472 0.669291 -0.708661 
vn -0.566929 -0.409449 0.716535 
vn -0.700787 -0.0708661 0.708661 
vn -0.700787 -0.0708661 0.708661 
vn -0.669291 0.220472 0.708661 
vn -0.700787 0.0551181 0.708661 
vn -0.700787 0.0551181 0.708661 
vn -0.566929 0.409449 0.708661 
vn -0.700787 -0.0708661 -0.708661 
vn -0.590551 -0.811024 0 
vn -0.590551 -0.811024 0 
vn -0.811024 -0.590551 0 
vn -0.811024 -0.590551 0 
vn -0.952756 -0.314961 0 
vn -0.952756 -0.314961 0 
vn -0.952756 0.314961 0 
vn -0.952756 0.314961 0 
vn -0.811024 0.590551 0 
vn -0.811024 0.590551 0 
vn -0.590551 0.811024 0 
vn -0.590551 0.811024 0 
vn -1 -0.0787402 0 
vn -1 -0.0787402 0 
vn -1 0.0787402 0 
vn -1 0.0787402 0 
vn -0.566929 -0.409449 -0.716535 
vn -0.566929 0.409449 -0.708661 
vn -0.700787 0.0551181 -0.708661 
vn -0.409449 -0.566929 0.716535 
vn -0.661417 -0.23622 0.716535 
vn -0.700787 -0.0708661 0.708661 

vt 1.68586 -0.568743 
vt 1.66846 -0.577611 
vt 1.67095 -0.581031 
vt 1.68717 -0.572762 
vt 1.68848 -0.576782 
vt 1.70587 -0.574139 
vt 1.70587 -0.569912 
vt 1.68717 -0.572762 
vt 1.65465 -0.591423 
vt 1.65807 -0.593907 
vt 1.64579 -0.608826 
vt 1.6498 -0.610148 
vt 1.64297 -0.625746 
vt 1.64714 -0.626092 
vt 1.6458 -0.71459 
vt 1.65467 -0.731991 
vt 1.65809 -0.729507 
vt 1.64981 -0.713268 
vt 1.65383 -0.711945 
vt 1.65132 -0.696978 
vt 1.64715 -0.697325 
vt 1.64981 -0.713268 
vt 1.66848 -0.7458 
vt 1.67097 -0.74238 
vt 1.68589 -0.754665 
vt 1.68719 -0.750645 
vt 1.70589 -0.757718 
vt 1.70589 -0.753491 
vt 1.70589 -0.757718 
vt 1.72518 -0.754661 
vt 1.72388 -0.750641 
vt 1.70589 -0.753491 
vt 1.74258 -0.745792 
vt 1.7401 -0.742373 
vt 1.75639 -0.73198 
vt 1.75297 -0.729496 
vt 1.76526 -0.714577 
vt 1.76125 -0.713255 
vt 1.76808 -0.697657 
vt 1.76391 -0.697312 
vt 1.76525 -0.608813 
vt 1.75638 -0.591412 
vt 1.75296 -0.593897 
vt 1.76123 -0.610136 
vt 1.75722 -0.611458 
vt 1.75972 -0.626426 
vt 1.7639 -0.626079 
vt 1.74257 -0.577603 
vt 1.74008 -0.581023 
vt 1.72516 -0.568738 
vt 1.72386 -0.572758 
vt 1.70587 -0.565685 
vt 1.70587 -0.569912 
vt 1.65132 -0.696978 
vt 1.65132 -0.626438 
vt 1.64714 -0.626092 
vt 1.75973 -0.696966 
vt 1.65132 -0.696978 
vt 1.70589 -0.697664 
vt 1.70588 -0.625739 
vt 1.65132 -0.626438 
vt 1.75972 -0.626426 
vt 1.75973 -0.696966 
vt 1.67343 -0.58445 
vt 1.68848 -0.576782 
vt 1.66149 -0.596391 
vt 1.65381 -0.61147 
vt 1.65383 -0.711945 
vt 1.66151 -0.727022 
vt 1.67345 -0.738961 
vt 1.6885 -0.746625 
vt 1.70589 -0.749264 
vt 1.72257 -0.746621 
vt 1.73761 -0.738953 
vt 1.74955 -0.727012 
vt 1.75723 -0.711934 
vt 1.75722 -0.611458 
vt 1.74954 -0.596382 
vt 1.7376 -0.584443 
vt 1.72255 -0.576779 
vt 1.70587 -0.574139 
vt 1.67095 -0.581031 
vt 1.67343 -0.58445 
vt 1.70587 -0.569912 
vt 1.70587 -0.565685 
vt 1.65807 -0.593907 
vt 1.66149 -0.596391 
vt 1.6498 -0.610148 
vt 1.65381 -0.61147 
vt 1.65809 -0.729507 
vt 1.66151 -0.727022 
vt 1.64715 -0.697325 
vt 1.64297 -0.697671 
vt 1.67097 -0.74238 
vt 1.67345 -0.738961 
vt 1.68719 -0.750645 
vt 1.6885 -0.746625 
vt 1.70589 -0.753491 
vt 1.70589 -0.749264 
vt 1.72257 -0.746621 
vt 1.70589 -0.749264 
vt 1.73761 -0.738953 
vt 1.74955 -0.727012 
vt 1.75723 -0.711934 
vt 1.74954 -0.596382 
vt 1.76807 -0.625732 
vt 1.7376 -0.584443 
vt 1.72255 -0.576779 
vt 1.70587 -0.574139 
vt 1.64297 -0.697671 
vt 1.65136 -0.642043 
vt 1.65136 -0.624642 
vt 1.64718 -0.627126 
vt 1.64718 -0.643349 
vt 1.65136 -0.610833 
vt 1.64718 -0.614253 
vt 1.65136 -0.712555 
vt 1.65136 -0.698743 
vt 1.65136 -0.68134 
vt 1.75969 -0.662049 
vt 1.76387 -0.627126 
vt 1.76804 -0.678729 
vt 1.76387 -0.66205 
vt 1.65136 -0.642043 
vt 1.75969 -0.642043 
vt 1.75969 -0.624642 
vt 1.65136 -0.624642 
vt 1.75969 -0.610833 
vt 1.75969 -0.712555 
vt 1.65136 -0.712555 
vt 1.75969 -0.698743 
vt 1.65136 -0.698743 
vt 1.75969 -0.68134 
vt 1.65136 -0.68134 
vt 1.75969 -0.662049 
vt 1.65136 -0.662049 
vt 1.65136 -0.662049 
vt 1.75969 -0.662049 
vt 1.76387 -0.581031 
vt 1.75969 -0.591423 
vt 1.76387 -0.593907 
vt 1.75969 -0.608826 
vt 1.76387 -0.610148 
vt 1.76387 -0.626092 
vt 1.75901 -0.731991 
vt 1.76313 -0.729507 
vt 1.76313 -0.713268 
vt 1.76804 -0.696978 
vt 1.76387 -0.697325 
vt 1.75901 -0.7458 
vt 1.75901 -0.745792 
vt 1.64718 -0.581031 
vt 1.64301 -0.61147 
vt 1.64718 -0.610148 
vt 1.64718 -0.697325 
vt 1.64792 -0.729507 
vt 1.76804 -0.696978 
vt 1.76804 -0.626438 
vt 1.76387 -0.626092 
vt 1.76387 -0.697325 
vt 1.64301 -0.696978 
vt 1.64718 -0.697325 
vt 1.65136 -0.577611 
vt 1.75969 -0.577611 
vt 1.65136 -0.591423 
vt 1.75969 -0.591423 
vt 1.65136 -0.608826 
vt 1.75969 -0.608826 
vt 1.75901 -0.71459 
vt 1.65204 -0.71459 
vt 1.65204 -0.731991 
vt 1.75901 -0.731991 
vt 1.65204 -0.7458 
vt 1.76804 -0.697664 
vt 1.75969 -0.625746 
vt 1.65136 -0.625746 
vt 1.65136 -0.697671 
vt 1.75969 -0.697671 
vt 1.75969 -0.697671 
vt 1.65136 -0.697671 
vt 1.76725 -0.738953 
vt 1.76387 -0.581031 
vt 1.76804 -0.596391 
vt 1.76387 -0.610148 
vt 1.76387 -0.697325 
vt 1.75969 -0.697671 
vt 1.72518 -0.568743 
vt 1.70518 -0.565685 
vt 1.70518 -0.569912 
vt 1.72388 -0.572762 
vt 1.72257 -0.576782 
vt 1.73761 -0.58445 
vt 1.7401 -0.581031 
vt 1.74955 -0.596391 
vt 1.75297 -0.593907 
vt 1.75723 -0.61147 
vt 1.76125 -0.610148 
vt 1.75973 -0.626438 
vt 1.76391 -0.626092 
vt 1.76525 -0.71459 
vt 1.76807 -0.697671 
vt 1.7639 -0.697325 
vt 1.76123 -0.713268 
vt 1.75722 -0.711945 
vt 1.74954 -0.727022 
vt 1.75296 -0.729507 
vt 1.7376 -0.738961 
vt 1.74008 -0.74238 
vt 1.72255 -0.746625 
vt 1.72386 -0.750645 
vt 1.70516 -0.749264 
vt 1.70516 -0.753491 
vt 1.70516 -0.749264 
vt 1.68848 -0.746621 
vt 1.68717 -0.750641 
vt 1.70516 -0.753491 
vt 1.67343 -0.738953 
vt 1.67095 -0.742373 
vt 1.66149 -0.727012 
vt 1.65807 -0.729496 
vt 1.65381 -0.711934 
vt 1.6498 -0.713255 
vt 1.65132 -0.696966 
vt 1.64714 -0.697312 
vt 1.6458 -0.608813 
vt 1.64297 -0.625732 
vt 1.64715 -0.626079 
vt 1.64981 -0.610136 
vt 1.65382 -0.611458 
vt 1.66151 -0.596382 
vt 1.65809 -0.593897 
vt 1.67345 -0.584443 
vt 1.67097 -0.581023 
vt 1.6885 -0.576779 
vt 1.68719 -0.572758 
vt 1.70518 -0.574139 
vt 1.70518 -0.569912 
vt 1.75972 -0.696978 
vt 1.7639 -0.697325 
vt 1.65132 -0.626426 
vt 1.75639 -0.591423 
vt 1.75638 -0.731991 
vt 1.74257 -0.7458 
vt 1.72516 -0.754665 
vt 1.68586 -0.754661 
vt 1.66846 -0.745792 
vt 1.65465 -0.73198 
vt 1.65467 -0.591412 
vt 1.66848 -0.577603 
vt 1.75973 -0.626438 
vt 1.70517 -0.625739 
vt 1.70516 -0.697664 
vt 1.75972 -0.696978 
vt 1.65132 -0.696966 
vt 1.65132 -0.626426 
vt 1.72257 -0.576782 
vt 1.73761 -0.58445 
vt 1.74955 -0.596391 
vt 1.75723 -0.61147 
vt 1.75972 -0.696978 
vt 1.75722 -0.711945 
vt 1.74954 -0.727022 
vt 1.7376 -0.738961 
vt 1.72255 -0.746625 
vt 1.70516 -0.749264 
vt 1.68848 -0.746621 
vt 1.67343 -0.738953 
vt 1.66149 -0.727012 
vt 1.65381 -0.711934 
vt 1.65382 -0.611458 
vt 1.66151 -0.596382 
vt 1.67345 -0.584443 
vt 1.6885 -0.576779 
vt 1.70518 -0.574139 
vt 1.70518 -0.574139 
vt 1.74258 -0.577611 
vt 1.75639 -0.591423 
vt 1.76526 -0.608826 
vt 1.76808 -0.625746 
vt 1.75972 -0.696978 
vt 1.75638 -0.731991 
vt 1.74257 -0.7458 
vt 1.72516 -0.754665 
vt 1.70515 -0.757718 
vt 1.68586 -0.754661 
vt 1.70515 -0.757718 
vt 1.66846 -0.745792 
vt 1.65465 -0.73198 
vt 1.64579 -0.714577 
vt 1.64297 -0.697657 
vt 1.65467 -0.591412 
vt 1.66848 -0.577603 
vt 1.68589 -0.568738 
vt 1.70518 -0.565685 
vt 1.76807 -0.697671 
vt 1.70516 -0.697664 
vt 1.74954 -0.727022 
vt 1.75722 -0.711945 
vt 1.75901 -0.610848 
vt 1.75901 -0.62466 
vt 1.75901 -0.662071 
vt 1.75901 -0.662071 
vt 1.75901 -0.698762 
vt 1.75901 -0.712571 
vt 1.64379 -0.629628 
vt 1.64379 -0.693792 
vt 1.65204 -0.610848 
vt 1.75901 -0.610848 
vt 1.65204 -0.62466 
vt 1.75901 -0.62466 
vt 1.65204 -0.642063 
vt 1.75901 -0.642063 
vt 1.65204 -0.662071 
vt 1.75901 -0.662071 
vt 1.75901 -0.662071 
vt 1.65204 -0.662071 
vt 1.65204 -0.681361 
vt 1.75901 -0.681361 
vt 1.65204 -0.698762 
vt 1.75901 -0.698762 
vt 1.65204 -0.745792 
vt 1.65204 -0.73198 
vt 1.65204 -0.714577 
vt 1.65136 -0.697657 
vt 1.64718 -0.697312 
vt 1.65136 -0.608813 
vt 1.65136 -0.591412 
vt 1.64718 -0.610136 
vt 1.64301 -0.611458 
vt 1.64301 -0.626426 
vt 1.64718 -0.626079 
vt 1.65136 -0.577603 
vt 1.65136 -0.568738 
vt 1.76725 -0.727012 
vt 1.76804 -0.696966 
vt 1.76387 -0.697312 
vt 1.75969 -0.608813 
vt 1.75969 -0.625732 
vt 1.76387 -0.626079 
vt 1.76804 -0.596382 
vt 1.64301 -0.696966 
vt 1.75901 -0.745792 
vt 1.65204 -0.745792 
vt 1.75901 -0.73198 
vt 1.65204 -0.73198 
vt 1.75901 -0.714577 
vt 1.65204 -0.714577 
vt 1.65136 -0.608813 
vt 1.75969 -0.608813 
vt 1.75969 -0.591412 
vt 1.65136 -0.591412 
vt 1.75969 -0.577603 
vt 1.65136 -0.577603 
vt 1.65136 -0.697657 
vt 1.75969 -0.697657 
vt 1.75969 -0.625732 
vt 1.65136 -0.625732 
vt 1.64379 -0.727012 
vt 1.64301 -0.596382 
vt 1.65136 -0.625732 
vt 1.75901 -0.745792 
vt 1.75901 -0.714577 
vt 1.75969 -0.697657 

usemtl 1Mtl

f 2367/2367/2367 2368/2368/2368 2369/2369/2369 
f 2367/2367/2367 2369/2369/2369 2370/2370/2370 
f 2371/2371/2371 2372/2372/2372 2373/2373/2373 
f 2371/2371/2371 2373/2373/2373 2374/2374/2374 
f 2368/2368/2368 2375/2375/2375 2376/2376/2376 
f 2368/2368/2368 2376/2376/2376 2369/2369/2369 
f 2375/2375/2375 2377/2377/2377 2378/2378/2378 
f 2375/2375/2375 2378/2378/2378 2376/2376/2376 
f 2377/2377/2377 2379/2379/2379 2380/2380/2380 
f 2377/2377/2377 2380/2380/2380 2378/2378/2378 
f 2381/2381/2381 2382/2382/2382 2383/2383/2383 
f 2381/2381/2381 2383/2383/2383 2384/2384/2384 
f 2385/2385/2385 2386/2386/2386 2387/2387/2387 
f 2385/2385/2385 2387/2387/2387 2388/2388/2388 
f 2382/2382/2382 2389/2389/2389 2390/2390/2390 
f 2382/2382/2382 2390/2390/2390 2383/2383/2383 
f 2389/2389/2389 2391/2391/2391 2392/2392/2392 
f 2389/2389/2389 2392/2392/2392 2390/2390/2390 
f 2391/2391/2391 2393/2393/2393 2394/2394/2394 
f 2391/2391/2391 2394/2394/2394 2392/2392/2392 
f 2395/2395/2395 2396/2396/2396 2397/2397/2397 
f 2395/2395/2395 2397/2397/2397 2398/2398/2398 
f 2396/2396/2396 2399/2399/2399 2400/2400/2400 
f 2396/2396/2396 2400/2400/2400 2397/2397/2397 
f 2399/2399/2399 2401/2401/2401 2402/2402/2402 
f 2399/2399/2399 2402/2402/2402 2400/2400/2400 
f 2401/2401/2401 2403/2403/2403 2404/2404/2404 
f 2401/2401/2401 2404/2404/2404 2402/2402/2402 
f 2403/2403/2403 2405/2405/2405 2406/2406/2406 
f 2403/2403/2403 2406/2406/2406 2404/2404/2404 
f 2407/2407/2407 2408/2408/2408 2409/2409/2409 
f 2407/2407/2407 2409/2409/2409 2410/2410/2410 
f 2411/2411/2411 2412/2412/2412 2413/2413/2413 
f 2411/2411/2411 2413/2413/2413 2410/2410/2410 
f 2408/2408/2408 2414/2414/2414 2415/2415/2415 
f 2408/2408/2408 2415/2415/2415 2409/2409/2409 
f 2414/2414/2414 2416/2416/2416 2417/2417/2417 
f 2414/2414/2414 2417/2417/2417 2415/2415/2415 
f 2416/2416/2416 2418/2418/2418 2419/2419/2419 
f 2416/2416/2416 2419/2419/2419 2417/2417/2417 
f 2420/2420/2420 2421/2421/2421 2422/2422/2422 
f 2412/2412/2412 2406/2406/2406 2413/2413/2413 
f 2424/2424/2424 2425/2425/2425 2426/2426/2426 
f 2424/2424/2424 2426/2426/2426 2427/2427/2427 
f 2428/2428/2428 2426/2426/2426 2425/2425/2425 
f 2428/2428/2428 2425/2425/2425 2429/2429/2429 
f 2430/2430/2430 2426/2426/2426 2431/2431/2431 
f 2432/2432/2432 2426/2426/2426 2430/2430/2430 
f 2433/2433/2433 2426/2426/2426 2432/2432/2432 
f 2427/2427/2427 2426/2426/2426 2433/2433/2433 
f 2434/2434/2434 2425/2425/2425 2424/2424/2424 
f 2435/2435/2435 2425/2425/2425 2434/2434/2434 
f 2436/2436/2436 2425/2425/2425 2435/2435/2435 
f 2437/2437/2437 2425/2425/2425 2436/2436/2436 
f 2438/2438/2438 2425/2425/2425 2437/2437/2437 
f 2439/2439/2439 2425/2425/2425 2438/2438/2438 
f 2440/2440/2440 2425/2425/2425 2439/2439/2439 
f 2441/2441/2441 2425/2425/2425 2440/2440/2440 
f 2442/2442/2442 2425/2425/2425 2441/2441/2441 
f 2429/2429/2429 2425/2425/2425 2442/2442/2442 
f 2443/2443/2443 2426/2426/2426 2428/2428/2428 
f 2444/2444/2444 2426/2426/2426 2443/2443/2443 
f 2445/2445/2445 2426/2426/2426 2444/2444/2444 
f 2446/2446/2446 2426/2426/2426 2445/2445/2445 
f 2447/2447/2447 2426/2426/2426 2446/2446/2446 
f 2431/2431/2431 2426/2426/2426 2447/2447/2447 
f 2448/2448/2448 2449/2449/2449 2371/2371/2371 
f 2448/2448/2448 2371/2371/2371 2374/2374/2374 
f 2450/2450/2450 2451/2451/2451 2367/2367/2367 
f 2450/2450/2450 2367/2367/2367 2370/2370/2370 
f 2452/2452/2452 2453/2453/2453 2449/2449/2449 
f 2452/2452/2452 2449/2449/2449 2448/2448/2448 
f 2454/2454/2454 2455/2455/2455 2453/2453/2453 
f 2454/2454/2454 2453/2453/2453 2452/2452/2452 
f 2422/2422/2422 2421/2421/2421 2455/2455/2455 
f 2422/2422/2422 2455/2455/2455 2454/2454/2454 
f 2456/2456/2456 2457/2457/2457 2385/2385/2385 
f 2456/2456/2456 2385/2385/2385 2388/2388/2388 
f 2458/2458/2458 2459/2459/2459 2381/2381/2381 
f 2458/2458/2458 2381/2381/2381 2384/2384/2384 
f 2460/2460/2460 2461/2461/2461 2457/2457/2457 
f 2460/2460/2460 2457/2457/2457 2456/2456/2456 
f 2462/2462/2462 2463/2463/2463 2461/2461/2461 
f 2462/2462/2462 2461/2461/2461 2460/2460/2460 
f 2464/2464/2464 2465/2465/2465 2463/2463/2463 
f 2464/2464/2464 2463/2463/2463 2462/2462/2462 
f 2397/2397/2397 2466/2466/2466 2467/2467/2467 
f 2397/2397/2397 2467/2467/2467 2398/2398/2398 
f 2400/2400/2400 2468/2468/2468 2466/2466/2466 
f 2400/2400/2400 2466/2466/2466 2397/2397/2397 
f 2402/2402/2402 2469/2469/2469 2468/2468/2468 
f 2402/2402/2402 2468/2468/2468 2400/2400/2400 
f 2404/2404/2404 2470/2470/2470 2469/2469/2469 
f 2404/2404/2404 2469/2469/2469 2402/2402/2402 
f 2406/2406/2406 2423/2423/2423 2470/2470/2470 
f 2406/2406/2406 2470/2470/2470 2404/2404/2404 
f 2409/2409/2409 2471/2471/2471 2411/2411/2411 
f 2409/2409/2409 2411/2411/2411 2410/2410/2410 
f 2413/2413/2413 2472/2472/2472 2407/2407/2407 
f 2413/2413/2413 2407/2407/2407 2410/2410/2410 
f 2415/2415/2415 2473/2473/2473 2471/2471/2471 
f 2415/2415/2415 2471/2471/2471 2409/2409/2409 
f 2417/2417/2417 2474/2474/2474 2473/2473/2473 
f 2417/2417/2417 2473/2473/2473 2415/2415/2415 
f 2419/2419/2419 2475/2475/2475 2474/2474/2474 
f 2419/2419/2419 2474/2474/2474 2417/2417/2417 
f 2380/2380/2380 2379/2379/2379 2476/2476/2476 
f 2490/2490/2490 2491/2491/2491 2492/2492/2492 
f 2490/2490/2490 2492/2492/2492 2493/2493/2493 
f 2496/2496/2496 2495/2495/2495 2497/2497/2497 
f 2496/2496/2496 2497/2497/2497 2498/2498/2498 
f 2498/2498/2498 2497/2497/2497 2499/2499/2499 
f 2498/2498/2498 2499/2499/2499 2500/2500/2500 
f 2500/2500/2500 2499/2499/2499 2501/2501/2501 
f 2500/2500/2500 2501/2501/2501 2502/2502/2502 
f 2503/2503/2503 2504/2504/2504 2491/2491/2491 
f 2503/2503/2503 2491/2491/2491 2490/2490/2490 
f 2523/2523/2523 2525/2525/2525 2526/2526/2526 
f 2530/2530/2530 2529/2529/2529 2531/2531/2531 
f 2530/2530/2530 2531/2531/2531 2532/2532/2532 
f 2532/2532/2532 2531/2531/2531 2533/2533/2533 
f 2532/2532/2532 2533/2533/2533 2534/2534/2534 
f 2535/2535/2535 2536/2536/2536 2537/2537/2537 
f 2535/2535/2535 2537/2537/2537 2538/2538/2538 
f 2541/2541/2541 2542/2542/2542 2543/2543/2543 
f 2541/2541/2541 2543/2543/2543 2544/2544/2544 
f 2534/2534/2534 2533/2533/2533 2542/2542/2542 
f 2534/2534/2534 2542/2542/2542 2541/2541/2541 
f 2545/2545/2545 2546/2546/2546 2536/2536/2536 
f 2545/2545/2545 2536/2536/2536 2535/2535/2535 
f 2510/2510/2510 2552/2552/2552 2551/2551/2551 
f 2553/2553/2553 2554/2554/2554 2555/2555/2555 
f 2553/2553/2553 2555/2555/2555 2556/2556/2556 
f 2557/2557/2557 2558/2558/2558 2559/2559/2559 
f 2557/2557/2557 2559/2559/2559 2556/2556/2556 
f 2558/2558/2558 2560/2560/2560 2561/2561/2561 
f 2558/2558/2558 2561/2561/2561 2559/2559/2559 
f 2560/2560/2560 2562/2562/2562 2563/2563/2563 
f 2560/2560/2560 2563/2563/2563 2561/2561/2561 
f 2562/2562/2562 2564/2564/2564 2565/2565/2565 
f 2562/2562/2562 2565/2565/2565 2563/2563/2563 
f 2566/2566/2566 2567/2567/2567 2568/2568/2568 
f 2566/2566/2566 2568/2568/2568 2569/2569/2569 
f 2570/2570/2570 2571/2571/2571 2572/2572/2572 
f 2570/2570/2570 2572/2572/2572 2569/2569/2569 
f 2571/2571/2571 2573/2573/2573 2574/2574/2574 
f 2571/2571/2571 2574/2574/2574 2572/2572/2572 
f 2573/2573/2573 2575/2575/2575 2576/2576/2576 
f 2573/2573/2573 2576/2576/2576 2574/2574/2574 
f 2575/2575/2575 2577/2577/2577 2578/2578/2578 
f 2575/2575/2575 2578/2578/2578 2576/2576/2576 
f 2579/2579/2579 2580/2580/2580 2581/2581/2581 
f 2579/2579/2579 2581/2581/2581 2582/2582/2582 
f 2580/2580/2580 2583/2583/2583 2584/2584/2584 
f 2580/2580/2580 2584/2584/2584 2581/2581/2581 
f 2583/2583/2583 2585/2585/2585 2586/2586/2586 
f 2583/2583/2583 2586/2586/2586 2584/2584/2584 
f 2585/2585/2585 2587/2587/2587 2588/2588/2588 
f 2585/2585/2585 2588/2588/2588 2586/2586/2586 
f 2587/2587/2587 2589/2589/2589 2590/2590/2590 
f 2587/2587/2587 2590/2590/2590 2588/2588/2588 
f 2591/2591/2591 2592/2592/2592 2593/2593/2593 
f 2591/2591/2591 2593/2593/2593 2594/2594/2594 
f 2595/2595/2595 2596/2596/2596 2597/2597/2597 
f 2595/2595/2595 2597/2597/2597 2594/2594/2594 
f 2596/2596/2596 2598/2598/2598 2599/2599/2599 
f 2596/2596/2596 2599/2599/2599 2597/2597/2597 
f 2598/2598/2598 2600/2600/2600 2601/2601/2601 
f 2598/2598/2598 2601/2601/2601 2599/2599/2599 
f 2600/2600/2600 2602/2602/2602 2603/2603/2603 
f 2600/2600/2600 2603/2603/2603 2601/2601/2601 
f 2564/2564/2564 2604/2604/2604 2605/2605/2605 
f 2564/2564/2564 2605/2605/2605 2565/2565/2565 
f 2589/2589/2589 2606/2606/2606 2593/2593/2593 
f 2616/2616/2616 2617/2617/2617 2618/2618/2618 
f 2616/2616/2616 2618/2618/2618 2619/2619/2619 
f 2620/2620/2620 2618/2618/2618 2617/2617/2617 
f 2620/2620/2620 2617/2617/2617 2621/2621/2621 
f 2622/2622/2622 2617/2617/2617 2623/2623/2623 
f 2623/2623/2623 2617/2617/2617 2624/2624/2624 
f 2624/2624/2624 2617/2617/2617 2625/2625/2625 
f 2625/2625/2625 2617/2617/2617 2616/2616/2616 
f 2626/2626/2626 2618/2618/2618 2627/2627/2627 
f 2628/2628/2628 2618/2618/2618 2629/2629/2629 
f 2629/2629/2629 2618/2618/2618 2630/2630/2630 
f 2630/2630/2630 2618/2618/2618 2631/2631/2631 
f 2631/2631/2631 2618/2618/2618 2632/2632/2632 
f 2632/2632/2632 2618/2618/2618 2633/2633/2633 
f 2633/2633/2633 2618/2618/2618 2634/2634/2634 
f 2634/2634/2634 2618/2618/2618 2635/2635/2635 
f 2635/2635/2635 2618/2618/2618 2620/2620/2620 
f 2621/2621/2621 2617/2617/2617 2636/2636/2636 
f 2636/2636/2636 2617/2617/2617 2637/2637/2637 
f 2637/2637/2637 2617/2617/2617 2638/2638/2638 
f 2638/2638/2638 2617/2617/2617 2639/2639/2639 
f 2639/2639/2639 2617/2617/2617 2640/2640/2640 
f 2640/2640/2640 2617/2617/2617 2622/2622/2622 
f 2555/2555/2555 2641/2641/2641 2557/2557/2557 
f 2555/2555/2555 2557/2557/2557 2556/2556/2556 
f 2559/2559/2559 2642/2642/2642 2553/2553/2553 
f 2559/2559/2559 2553/2553/2553 2556/2556/2556 
f 2561/2561/2561 2643/2643/2643 2642/2642/2642 
f 2561/2561/2561 2642/2642/2642 2559/2559/2559 
f 2563/2563/2563 2644/2644/2644 2643/2643/2643 
f 2563/2563/2563 2643/2643/2643 2561/2561/2561 
f 2565/2565/2565 2645/2645/2645 2644/2644/2644 
f 2565/2565/2565 2644/2644/2644 2563/2563/2563 
f 2568/2568/2568 2646/2646/2646 2570/2570/2570 
f 2568/2568/2568 2570/2570/2570 2569/2569/2569 
f 2572/2572/2572 2647/2647/2647 2566/2566/2566 
f 2572/2572/2572 2566/2566/2566 2569/2569/2569 
f 2574/2574/2574 2648/2648/2648 2647/2647/2647 
f 2574/2574/2574 2647/2647/2647 2572/2572/2572 
f 2576/2576/2576 2649/2649/2649 2648/2648/2648 
f 2576/2576/2576 2648/2648/2648 2574/2574/2574 
f 2578/2578/2578 2650/2650/2650 2649/2649/2649 
f 2578/2578/2578 2649/2649/2649 2576/2576/2576 
f 2581/2581/2581 2651/2651/2651 2652/2652/2652 
f 2581/2581/2581 2652/2652/2652 2582/2582/2582 
f 2584/2584/2584 2653/2653/2653 2651/2651/2651 
f 2584/2584/2584 2651/2651/2651 2581/2581/2581 
f 2586/2586/2586 2654/2654/2654 2653/2653/2653 
f 2586/2586/2586 2653/2653/2653 2584/2584/2584 
f 2588/2588/2588 2655/2655/2655 2654/2654/2654 
f 2588/2588/2588 2654/2654/2654 2586/2586/2586 
f 2590/2590/2590 2656/2656/2656 2655/2655/2655 
f 2590/2590/2590 2655/2655/2655 2588/2588/2588 
f 2593/2593/2593 2606/2606/2606 2595/2595/2595 
f 2593/2593/2593 2595/2595/2595 2594/2594/2594 
f 2597/2597/2597 2657/2657/2657 2591/2591/2591 
f 2597/2597/2597 2591/2591/2591 2594/2594/2594 
f 2599/2599/2599 2658/2658/2658 2657/2657/2657 
f 2599/2599/2599 2657/2657/2657 2597/2597/2597 
f 2601/2601/2601 2659/2659/2659 2658/2658/2658 
f 2601/2601/2601 2658/2658/2658 2599/2599/2599 
f 2603/2603/2603 2660/2660/2660 2659/2659/2659 
f 2603/2603/2603 2659/2659/2659 2601/2601/2601 
f 2605/2605/2605 2661/2661/2661 2645/2645/2645 
f 2605/2605/2605 2645/2645/2645 2565/2565/2565 
f 2593/2593/2593 2656/2656/2656 2590/2590/2590 
f 2662/2662/2662 2663/2663/2663 2664/2664/2664 
f 2674/2674/2674 2673/2673/2673 2675/2675/2675 
f 2674/2674/2674 2675/2675/2675 2676/2676/2676 
f 2676/2676/2676 2675/2675/2675 2677/2677/2677 
f 2676/2676/2676 2677/2677/2677 2678/2678/2678 
f 2678/2678/2678 2677/2677/2677 2679/2679/2679 
f 2678/2678/2678 2679/2679/2679 2680/2680/2680 
f 2681/2681/2681 2682/2682/2682 2683/2683/2683 
f 2681/2681/2681 2683/2683/2683 2684/2684/2684 
f 2684/2684/2684 2683/2683/2683 2685/2685/2685 
f 2684/2684/2684 2685/2685/2685 2686/2686/2686 
f 2696/2696/2696 2707/2707/2707 2691/2691/2691 
f 2701/2701/2701 2705/2705/2705 2702/2702/2702 
f 2709/2709/2709 2708/2708/2708 2710/2710/2710 
f 2709/2709/2709 2710/2710/2710 2711/2711/2711 
f 2711/2711/2711 2710/2710/2710 2712/2712/2712 
f 2711/2711/2711 2712/2712/2712 2713/2713/2713 
f 2714/2714/2714 2715/2715/2715 2716/2716/2716 
f 2714/2714/2714 2716/2716/2716 2717/2717/2717 
f 2720/2720/2720 2721/2721/2721 2722/2722/2722 
f 2720/2720/2720 2722/2722/2722 2723/2723/2723 
f 2713/2713/2713 2712/2712/2712 2721/2721/2721 
f 2713/2713/2713 2721/2721/2721 2720/2720/2720 
f 2723/2723/2723 2722/2722/2722 2715/2715/2715 
f 2723/2723/2723 2715/2715/2715 2714/2714/2714 
f 2691/2691/2691 2690/2690/2690 2726/2726/2726 
f 2691/2691/2691 2726/2726/2726 2697/2697/2697 
f 2705/2705/2705 2704/2704/2704 2729/2729/2729 

g 5

v -32.369 2.93492 -2.91774 
v -32.4011 2.9455 -2.94803 
v -32.3798 3.05905 -2.96461 
v -32.3464 3.05905 -2.93121 
v -32.4332 2.95608 -2.97832 
v -32.4673 2.81558 -2.94803 
v -32.4946 2.83546 -2.97832 
v -32.5703 2.71258 -2.94803 
v -32.5901 2.73994 -2.97832 
v -32.7001 2.64645 -2.94803 
v -32.7105 2.67861 -2.97832 
v -32.4132 3.92024 -2.99801 
v -32.3798 3.92028 -2.96461 
v -32.3798 3.05905 -2.96461 
v -32.4132 3.05905 -2.99801 
v -32.4399 2.79571 -2.91774 
v -32.5504 2.68522 -2.91774 
v -32.4223 3.99085 -2.92185 
v -32.4132 3.92024 -2.99801 
v -32.8439 3.9205 -2.99801 
v -32.8439 3.99086 -2.95219 
v -32.4526 3.99085 -2.95219 
v -32.8439 3.9205 -2.99801 
v -33.2798 3.92024 -2.99801 
v -33.2404 3.99085 -2.95219 
v -32.8439 3.99086 -2.95219 
v -33.3466 3.92033 -2.93121 
v -33.301 3.99086 -2.89151 
v -32.8094 2.59532 -2.91774 
v -32.8106 2.66276 -2.97832 
v -32.8439 3.0264 -2.96548 
v -32.8114 3.05905 -2.99801 
v -33.2798 3.0264 -2.96242 
v -33.2798 3.0264 -2.96242 
v -32.8114 3.05905 -2.99801 
v -32.8439 3.0264 -2.96548 
v -32.81 2.62904 -2.94803 
v -32.8106 2.66276 -2.97832 
v -33.2798 3.05908 -2.99801 
v -33.3466 3.05908 -2.93121 
v -33.3466 3.92033 -2.93121 
v -33.2798 3.05908 -2.99801 
v -33.2798 3.92024 -2.99801 
v -32.8439 3.9205 -2.99801 
v -32.8114 3.05905 -2.99801 
v -32.4132 3.92024 -2.99801 
v -32.4132 3.05905 -2.99801 
v -32.4132 3.05905 -2.99801 
v -32.4332 2.95608 -2.97832 
v -32.4946 2.83546 -2.97832 
v -32.5901 2.73994 -2.97832 
v -32.7105 2.67861 -2.97832 
v -32.8106 2.66276 -2.97832 
v -32.4132 3.05905 -2.99801 
v -32.4399 2.79571 -2.91774 
v -32.5504 2.68522 -2.91774 
v -32.6896 2.61429 -2.91774 
v -32.3798 3.92028 -2.96461 
v -32.3464 3.92033 -2.93121 
v -32.3464 3.05905 -2.93121 
v -32.8094 2.59532 -2.91774 
v -32.3798 3.92028 -2.03113 
v -32.3798 3.92028 -2.96461 
v -32.4526 3.99085 -2.04355 
v -32.4223 3.99085 -2.07389 
v -32.4505 3.99086 -2.10423 
v -33.2798 3.92024 -1.99773 
v -32.8439 3.9205 -1.99773 
v -33.2404 3.99085 -2.04355 
v -32.4132 3.92024 -1.99773 
v -32.3798 3.92028 -2.03113 
v -32.4223 3.99085 -2.07389 
v -32.4526 3.99085 -2.04355 
v -32.3919 3.99086 -2.89151 
v -32.3919 3.99086 -2.10423 
v -32.3464 3.92033 -2.93121 
v -32.3798 3.92028 -2.96461 
v -32.4223 3.99085 -2.92185 
v -32.3919 3.99086 -2.89151 
v -32.8439 3.9205 -2.99801 
v -32.4526 3.99085 -2.95219 
v -33.2404 3.99085 -2.95219 
v -33.2798 3.92024 -2.99801 
v -33.3466 3.92033 -2.93121 
v -33.301 3.99086 -2.89151 
v -33.2404 3.99085 -2.95219 
v -33.301 3.99086 -2.10423 
v -33.3466 3.92033 -2.06453 
v -33.2798 3.92024 -1.99773 
v -33.2404 3.99085 -2.04355 
v -33.301 3.99086 -2.10423 
v -32.3919 3.99086 -2.89151 
v -32.4525 3.99085 -2.89183 
v -32.4505 3.99086 -2.10423 
v -32.3919 3.99086 -2.10423 
v -33.301 3.99086 -2.10423 
v -33.2423 3.99086 -2.10423 
v -33.2405 3.99085 -2.89183 
v -33.301 3.99086 -2.89151 
v -33.2404 3.99085 -2.04355 
v -33.2423 3.99086 -2.10423 
v -33.301 3.99086 -2.10423 
v -33.2404 3.99085 -2.04355 
v -32.8439 3.99086 -2.04355 
v -33.2423 3.99086 -2.10423 
v -32.4525 3.99085 -2.89183 
v -33.2405 3.99085 -2.89183 
v -33.2423 3.99086 -2.10423 
v -32.4505 3.99086 -2.10423 
v -32.4525 3.99085 -2.89183 
v -32.3919 3.99086 -2.89151 
v -32.4223 3.99085 -2.92185 
v -33.2404 3.99085 -2.95219 
v -33.2405 3.99085 -2.89183 
v -32.8439 3.99086 -2.95219 
v -33.301 3.99086 -2.89151 
v -33.2405 3.99085 -2.89183 
v -33.2404 3.99085 -2.95219 
v -32.4505 3.99086 -2.10423 
v -32.8439 3.99086 -2.04355 
v -32.4526 3.99085 -2.04355 
v -33.2423 3.99086 -2.10423 
v -32.8439 3.99086 -2.04355 
v -32.4505 3.99086 -2.10423 
v -32.8439 3.99086 -2.95219 
v -32.4525 3.99085 -2.89183 
v -32.4526 3.99085 -2.95219 
v -32.8439 3.99086 -2.95219 
v -33.2405 3.99085 -2.89183 
v -32.4525 3.99085 -2.89183 
v -32.3798 3.92028 -2.96461 
v -32.4132 3.92024 -2.99801 
v -32.4526 3.99085 -2.95219 
v -32.4223 3.99085 -2.92185 
v -32.4223 3.99085 -2.92185 
v -32.4526 3.99085 -2.95219 
v -32.4525 3.99085 -2.89183 
v -32.3798 3.92028 -2.03113 
v -32.3464 3.92033 -2.06453 
v -32.3919 3.99086 -2.10423 
v -32.4223 3.99085 -2.07389 
v -32.4223 3.99085 -2.07389 
v -32.3919 3.99086 -2.10423 
v -32.4505 3.99086 -2.10423 
v -32.4011 2.9455 -2.04946 
v -32.4399 2.79571 -2.08244 
v -32.4332 2.95608 -2.01648 
v -32.3798 3.05905 -2.03113 
v -32.4132 3.05905 -1.99773 
v -32.5504 2.68522 -2.08244 
v -32.369 2.93492 -2.91774 
v -32.4011 2.9455 -2.94803 
v -32.3798 3.05905 -2.96461 
v -32.3464 3.05905 -2.93121 
v -32.5901 2.73994 -2.97832 
v -32.3798 3.92028 -2.03113 
v -32.3798 3.92028 -2.96461 
v -32.369 2.93492 -2.08244 
v -32.4399 2.79571 -2.08244 
v -32.4399 2.79571 -2.91774 
v -32.369 2.93492 -2.91774 
v -32.5504 2.68522 -2.08244 
v -32.5504 2.68522 -2.91774 
v -32.3464 3.92033 -2.06453 
v -32.3464 3.05905 -2.06453 
v -32.3464 3.05905 -2.93121 
v -32.3464 3.92033 -2.93121 
v -32.3464 3.05905 -2.06453 
v -32.3464 3.05905 -2.93121 
v -32.3464 3.92033 -2.06453 
v -32.3464 3.92033 -2.93121 
v -32.3919 3.99086 -2.89151 
v -32.3919 3.99086 -2.10423 
v -32.4223 3.99085 -2.92185 
v -32.4526 3.99085 -2.95219 
v -32.5901 2.73994 -2.01648 
v -32.4132 3.05905 -2.99801 
v -32.3798 3.92028 -2.96461 
v -32.3464 3.05905 -2.93121 
v -32.3798 3.05905 -2.96461 
v -32.3464 3.05905 -2.06453 
v -32.369 2.93492 -2.08244 
v -32.4011 2.9455 -2.04946 
v -32.4673 2.81558 -2.04946 
v -32.4399 2.79571 -2.08244 
v -32.4332 2.95608 -2.01648 
v -32.3798 3.05905 -2.03113 
v -32.4132 3.05905 -1.99773 
v -32.5703 2.71258 -2.04946 
v -32.5504 2.68522 -2.08244 
v -32.7001 2.64645 -2.04946 
v -32.6896 2.61429 -2.08244 
v -32.3798 3.92028 -2.03113 
v -32.4132 3.92024 -1.99773 
v -32.4526 3.99085 -2.04355 
v -33.2798 3.92024 -1.99773 
v -32.8439 3.9205 -1.99773 
v -32.8439 3.99086 -2.04355 
v -33.2404 3.99085 -2.04355 
v -32.8439 3.9205 -1.99773 
v -32.4132 3.92024 -1.99773 
v -32.4526 3.99085 -2.04355 
v -32.8439 3.99086 -2.04355 
v -32.8094 2.59532 -2.07706 
v -32.8439 2.67126 -2.04382 
v -32.8106 2.66276 -2.01648 
v -32.8114 3.05905 -1.99773 
v -32.8439 3.0264 -2.03026 
v -33.2798 3.05908 -1.99773 
v -32.8439 3.0264 -2.03026 
v -32.8114 3.05905 -1.99773 
v -33.3466 3.05908 -2.06453 
v -32.81 2.62904 -2.04677 
v -32.8094 2.59532 -2.07706 
v -33.2798 3.92024 -1.99773 
v -33.3466 3.92033 -2.06453 
v -33.3466 3.05908 -2.06453 
v -33.2798 3.92024 -1.99773 
v -33.2798 3.05908 -1.99773 
v -32.8114 3.05905 -1.99773 
v -32.8439 3.9205 -1.99773 
v -32.4132 3.05905 -1.99773 
v -32.4132 3.92024 -1.99773 
v -32.4332 2.95608 -2.01648 
v -32.4946 2.83546 -2.01648 
v -32.5901 2.73994 -2.01648 
v -32.7105 2.67861 -2.01648 
v -32.8106 2.66276 -2.01648 
v -32.4946 2.83546 -2.01648 
v -32.3464 3.05905 -2.06453 
v -32.5901 2.73994 -2.01648 
v -32.7105 2.67861 -2.01648 
v -32.3464 3.92033 -2.06453 
v -32.8106 2.66276 -2.01648 
v -32.5504 2.68522 -2.08244 
v -32.5901 2.73994 -2.97832 
v -32.4399 2.79571 -2.91774 
v -32.5504 2.68522 -2.08244 
v -32.5504 2.68522 -2.91774 
v -32.6896 2.61429 -2.08244 
v -32.6896 2.61429 -2.91774 
v -32.8094 2.59532 -2.07706 
v -32.8439 2.62485 -2.09169 
v -32.8439 2.62485 -2.90311 
v -32.8094 2.59532 -2.91774 
v -32.8114 3.05905 -1.99773 
v -33.2798 3.05908 -1.99773 
v -33.2798 3.0264 -2.03333 
v -32.8439 3.0264 -2.03026 
v -33.2798 3.0264 -2.03333 
v -33.2798 3.05908 -1.99773 
v -33.3466 3.05908 -2.06453 
v -33.313 3.0264 -2.07855 
v -33.313 3.0264 -2.07855 
v -33.3466 3.05908 -2.06453 
v -33.3466 3.05908 -2.93121 
v -33.313 3.0264 -2.9172 
v -32.8114 3.05905 -2.99801 
v -33.313 3.0264 -2.9172 
v -33.3466 3.05908 -2.93121 
v -33.2798 3.05908 -2.99801 
v -33.2798 3.0264 -2.96242 
v -33.2798 3.0264 -2.96242 
v -33.2798 3.05908 -2.99801 
v -32.8114 3.05905 -2.99801 
v -32.8094 2.59532 -2.07706 
v -32.8094 2.59532 -2.91774 
v -32.5901 2.73994 -2.01648 
v -33.2798 3.0264 -2.03333 
v -33.313 3.0264 -2.07855 
v -33.313 3.0264 -2.9172 
v -33.2798 3.0264 -2.96242 
v -33.2798 3.0264 -2.03333 
v -32.8439 3.0264 -2.96548 
v -32.8439 3.0264 -2.03026 
v -33.2798 3.0264 -2.96242 
v -32.8439 3.0264 -2.96548 
v -33.2798 3.0264 -2.03333 
v -33.2798 3.92024 -1.99773 
v -33.2404 3.99085 -2.04355 
v -33.3466 3.92033 -2.93121 
v -33.301 3.99086 -2.89151 
v -33.3466 3.92033 -2.93121 
v -33.3466 3.92033 -2.06453 
v -33.301 3.99086 -2.10423 
v -33.301 3.99086 -2.89151 
v -32.8094 2.59532 -2.07706 
v -32.8094 2.59532 -2.91774 
v -32.8439 2.62485 -2.09169 
v -32.8094 2.59532 -2.07706 
v -32.81 2.62904 -2.04677 
v -32.8114 3.05905 -1.99773 
v -33.3466 3.05908 -2.06453 
v -32.8439 2.62485 -2.90311 
v -32.8439 2.67126 -2.94518 
v -32.8106 2.66276 -2.97832 
v -32.81 2.62904 -2.94803 
v -32.8106 2.66276 -2.97832 
v -32.8439 2.67126 -2.94518 
v -32.8439 3.0264 -2.96548 
v -32.8114 3.05905 -2.99801 
v -33.313 3.0264 -2.9172 
v -33.2798 3.05908 -2.99801 
v -33.2798 3.0264 -2.96242 
v -33.2798 3.92024 -1.99773 
v -33.3466 3.05908 -2.06453 
v -33.2798 3.05908 -1.99773 
v -33.2798 3.05908 -2.99801 
v -33.3466 3.92033 -2.93121 
v -33.2798 3.92024 -2.99801 
v -33.3466 3.05908 -2.06453 
v -33.3466 3.92033 -2.06453 
v -33.3466 3.92033 -2.93121 
v -33.3466 3.05908 -2.93121 
v -32.8439 2.62485 -2.09169 
v -32.8439 2.67126 -2.04382 
v -32.8439 2.67126 -2.94518 
v -32.8439 2.62485 -2.90311 
v -32.8439 3.0264 -2.96548 
v -32.8439 2.67126 -2.94518 
v -32.8439 2.67126 -2.04382 
v -32.8439 3.0264 -2.96548 
v -32.8439 2.67126 -2.04382 
v -32.8439 3.0264 -2.03026 
v -32.81 2.62904 -2.94803 
v -32.8094 2.59532 -2.91774 
v -32.8439 2.62485 -2.90311 
v -32.81 2.62904 -2.04677 
v -32.8106 2.66276 -2.01648 
v -32.8439 2.67126 -2.04382 
v -32.8439 2.62485 -2.09169 

vn 0.629921 -0.259843 -0.732283 
vn 0.629921 -0.267717 -0.732283 
vn 0.685039 -0.11811 -0.716535 
vn 0.692913 -0.102362 -0.716535 
vn 0.629921 -0.275591 -0.724409 
vn 0.543307 -0.393701 -0.748031 
vn 0.543307 -0.393701 -0.748031 
vn 0.393701 -0.543307 -0.748031 
vn 0.393701 -0.543307 -0.748031 
vn 0.204724 -0.637795 -0.748031 
vn 0.204724 -0.637795 -0.748031 
vn 0.708661 0 -0.708661 
vn 0.708661 0 -0.708661 
vn 0.685039 -0.11811 -0.716535 
vn 0.685039 -0.125984 -0.716535 
vn 0.811024 -0.590551 0 
vn 0.590551 -0.811024 0 
vn 0.535433 0.653543 -0.535433 
vn 0 0.543307 -0.84252 
vn 0 0.543307 -0.84252 
vn 0 0.543307 -0.84252 
vn 0 0.543307 -0.84252 
vn 0 0.543307 -0.84252 
vn 0 0.543307 -0.84252 
vn 0 0.543307 -0.84252 
vn 0 0.543307 -0.84252 
vn -0.535433 0.645669 -0.535433 
vn -0.535433 0.645669 -0.535433 
vn -0.645669 -0.76378 0 
vn -0.700787 -0.0393701 -0.716535 
vn -0.700787 -0.0393701 -0.716535 
vn -0.700787 -0.0393701 -0.716535 
vn -0.559055 -0.661417 -0.496063 
vn 0 -0.724409 -0.692913 
vn 0 -0.724409 -0.692913 
vn 0 -0.724409 -0.692913 
vn 0.102362 -0.661417 -0.740157 
vn 0.102362 -0.661417 -0.740157 
vn -0.708661 0 -0.708661 
vn -0.708661 0 -0.708661 
vn -0.708661 0 -0.708661 
vn 0 0 -1 
vn 0 0 -1 
vn 0 0 -1 
vn 0.00787402 -0.023622 -1 
vn 0 0 -1 
vn 0 -0.0866142 -1 
vn 0 -0.0866142 -1 
vn 0.023622 -0.110236 -0.992126 
vn 0.0393701 -0.0314961 -1 
vn 0.0314961 -0.0393701 -1 
vn 0.015748 -0.0472441 -1 
vn 0.00787402 -0.0472441 -1 
vn 0.685039 -0.125984 -0.716535 
vn 0.543307 -0.393701 -0.748031 
vn 0.393701 -0.543307 -0.748031 
vn 0.204724 -0.637795 -0.748031 
vn 0.708661 0 -0.708661 
vn 0.708661 0 -0.708661 
vn 0.692913 -0.102362 -0.716535 
vn 0.102362 -0.661417 -0.740157 
vn 0.708661 0 0.708661 
vn 0.708661 0 -0.708661 
vn 0 1 0 
vn 0 1 0 
vn 0 1 0 
vn 0 0.543307 0.84252 
vn 0 0.543307 0.84252 
vn 0 0.543307 0.84252 
vn 0.535433 0.645669 0.535433 
vn 0.535433 0.645669 0.535433 
vn 0.535433 0.645669 0.535433 
vn 0.535433 0.645669 0.535433 
vn 0.84252 0.543307 0 
vn 0.84252 0.543307 0 
vn 0.535433 0.653543 -0.535433 
vn 0.535433 0.653543 -0.535433 
vn 0.535433 0.653543 -0.535433 
vn 0.535433 0.653543 -0.535433 
vn 0 0.543307 -0.84252 
vn 0 0.543307 -0.84252 
vn 0 0.543307 -0.84252 
vn -0.535433 0.645669 -0.535433 
vn -0.535433 0.645669 -0.535433 
vn -0.535433 0.645669 -0.535433 
vn -0.535433 0.645669 -0.535433 
vn -0.84252 0.543307 0 
vn -0.535433 0.645669 0.535433 
vn -0.535433 0.645669 0.535433 
vn -0.535433 0.645669 0.535433 
vn -0.535433 0.645669 0.535433 
vn 0 1 0 
vn 0 1 0 
vn 0 1 0 
vn 0 1 0 
vn 0 1 0 
vn 0 1 0 
vn 0 1 0 
vn 0 1 0 
vn 0 1 0 
vn 0 1 0 
vn 0 1 0 
vn 0 1 0 
vn 0 1 0 
vn 0 1 0 
vn 0 1 0 
vn 0 1 0 
vn 0 1 0 
vn 0 1 0 
vn 0 1 0 
vn 0 1 0 
vn 0 1 0 
vn 0 1 0 
vn 0 1 0 
vn 0 1 0 
vn 0 1 0 
vn 0 1 0 
vn 0 1 0 
vn 0 1 0 
vn 0 1 0 
vn 0 1 0 
vn 0 1 0 
vn 0 1 0 
vn 0 1 0 
vn 0 1 0 
vn 0 1 0 
vn 0 1 0 
vn 0 1 0 
vn 0 1 0 
vn 0 1 0 
vn 0.535433 0.645669 -0.535433 
vn 0.535433 0.645669 -0.535433 
vn 0.535433 0.645669 -0.535433 
vn 0.535433 0.645669 -0.535433 
vn 0 1 0 
vn 0 1 0 
vn 0 1 0 
vn 0.535433 0.653543 0.535433 
vn 0.535433 0.653543 0.535433 
vn 0.535433 0.653543 0.535433 
vn 0.535433 0.653543 0.535433 
vn 0 1 0 
vn 0 1 0 
vn 0 1 0 
vn 0.653543 -0.275591 0.708661 
vn 0.566929 -0.409449 0.716535 
vn 0.645669 -0.283465 0.708661 
vn 0.692913 -0.11811 0.708661 
vn 0.692913 -0.125984 0.708661 
vn 0.409449 -0.566929 0.716535 
vn 0.629921 -0.259843 -0.732283 
vn 0.629921 -0.267717 -0.732283 
vn 0.685039 -0.11811 -0.716535 
vn 0.692913 -0.102362 -0.716535 
vn 0.393701 -0.543307 -0.748031 
vn 0.708661 0 0.708661 
vn 0.708661 0 -0.708661 
vn 0.952756 -0.314961 0 
vn 0.811024 -0.590551 0 
vn 0.811024 -0.590551 0 
vn 0.952756 -0.314961 0 
vn 0.590551 -0.811024 0 
vn 0.590551 -0.811024 0 
vn 1 0 0 
vn 1 -0.0866142 0 
vn 1 -0.0866142 0 
vn 1 0 0 
vn 1 -0.0866142 0 
vn 1 -0.0866142 0 
vn 0.84252 0.543307 0 
vn 0.84252 0.543307 0 
vn 0.84252 0.543307 0 
vn 0.84252 0.543307 0 
vn 0.535433 0.653543 -0.535433 
vn 0 0.543307 -0.84252 
vn 0.0314961 -0.0393701 1 
vn 0.685039 -0.125984 -0.716535 
vn 0.708661 0 -0.708661 
vn 0.692913 -0.102362 -0.716535 
vn 0.685039 -0.11811 -0.716535 
vn 0.692913 -0.11811 0.708661 
vn 0.653543 -0.275591 0.708661 
vn 0.653543 -0.275591 0.708661 
vn 0.566929 -0.409449 0.716535 
vn 0.566929 -0.409449 0.716535 
vn 0.645669 -0.283465 0.708661 
vn 0.692913 -0.11811 0.708661 
vn 0.692913 -0.125984 0.708661 
vn 0.409449 -0.566929 0.716535 
vn 0.409449 -0.566929 0.716535 
vn 0.220472 -0.653543 0.724409 
vn 0.228346 -0.653543 0.724409 
vn 0.708661 0 0.708661 
vn 0.708661 0 0.708661 
vn 0 1 0 
vn 0 0.543307 0.84252 
vn 0 0.543307 0.84252 
vn 0 0.543307 0.84252 
vn 0 0.543307 0.84252 
vn 0 0.543307 0.84252 
vn 0 0.543307 0.84252 
vn 0 0.543307 0.84252 
vn 0 0.543307 0.84252 
vn -0.645669 -0.76378 0 
vn -0.669291 -0.0314961 0.748031 
vn -0.669291 -0.0314961 0.748031 
vn -0.669291 -0.0314961 0.748031 
vn -0.669291 -0.0314961 0.748031 
vn 0 -0.724409 0.692913 
vn 0 -0.724409 0.692913 
vn 0 -0.724409 0.692913 
vn -0.559055 -0.661417 0.496063 
vn 0.125984 -0.677165 0.724409 
vn 0.133858 -0.677165 0.724409 
vn -0.708661 0 0.708661 
vn -0.708661 0 0.708661 
vn -0.708661 0 0.708661 
vn 0 0 1 
vn 0 0 1 
vn 0.00787402 -0.023622 1 
vn 0 0 1 
vn 0 -0.0866142 1 
vn 0 0 1 
vn 0.023622 -0.102362 0.992126 
vn 0.0393701 -0.0314961 1 
vn 0.0314961 -0.0393701 1 
vn 0.015748 -0.0472441 1 
vn 0.00787402 -0.0472441 1 
vn 0.566929 -0.409449 0.716535 
vn 0.692913 -0.11811 0.708661 
vn 0.409449 -0.566929 0.716535 
vn 0.220472 -0.653543 0.724409 
vn 0.708661 0 0.708661 
vn 0.11811 -0.677165 0.724409 
vn 0.409449 -0.566929 0.716535 
vn 0.393701 -0.543307 -0.748031 
vn 0.811024 -0.590551 0 
vn 0.590551 -0.811024 0 
vn 0.590551 -0.811024 0 
vn 0.307087 -0.952756 0 
vn 0.307087 -0.952756 0 
vn -0.645669 -0.76378 0 
vn -0.645669 -0.76378 0 
vn -0.645669 -0.76378 0 
vn -0.645669 -0.76378 0 
vn -0.669291 -0.0314961 0.748031 
vn 0 -0.724409 0.692913 
vn 0 -0.724409 0.692913 
vn 0 -0.724409 0.692913 
vn -0.559055 -0.661417 0.496063 
vn -0.559055 -0.661417 0.496063 
vn -0.559055 -0.661417 0.496063 
vn -0.559055 -0.661417 0.496063 
vn -0.692913 -0.716535 0 
vn -0.692913 -0.716535 0 
vn -0.692913 -0.716535 0 
vn -0.692913 -0.716535 0 
vn -0.700787 -0.0393701 -0.716535 
vn -0.559055 -0.661417 -0.496063 
vn -0.559055 -0.661417 -0.496063 
vn -0.559055 -0.661417 -0.496063 
vn -0.559055 -0.661417 -0.496063 
vn 0 -0.724409 -0.692913 
vn 0 -0.724409 -0.692913 
vn 0 -0.724409 -0.692913 
vn 0.15748 -0.984252 0 
vn 0.15748 -0.984252 0 
vn 0.0314961 -0.0393701 1 
vn 0 -1 0 
vn 0 -1 0 
vn 0 -1 0 
vn 0 -1 0 
vn 0 -1 0 
vn 0 -1 0 
vn 0 -1 0 
vn 0 -1 0 
vn 0 -1 0 
vn 0 -1 0 
vn 0 0.543307 0.84252 
vn 0 0.543307 0.84252 
vn -0.535433 0.645669 -0.535433 
vn -0.535433 0.645669 -0.535433 
vn -0.84252 0.543307 0 
vn -0.84252 0.543307 0 
vn -0.84252 0.543307 0 
vn -0.84252 0.543307 0 
vn -0.645669 -0.76378 0 
vn -0.645669 -0.76378 0 
vn -0.661417 -0.503937 0.551181 
vn -0.661417 -0.503937 0.551181 
vn -0.661417 -0.503937 0.551181 
vn -0.669291 -0.0314961 0.748031 
vn -0.559055 -0.661417 0.496063 
vn -0.669291 -0.503937 -0.551181 
vn -0.669291 -0.503937 -0.551181 
vn -0.669291 -0.503937 -0.551181 
vn -0.669291 -0.503937 -0.551181 
vn -0.700787 -0.0393701 -0.716535 
vn -0.700787 -0.0393701 -0.716535 
vn -0.700787 -0.0393701 -0.716535 
vn -0.700787 -0.0393701 -0.716535 
vn -0.559055 -0.661417 -0.496063 
vn -0.559055 -0.661417 -0.496063 
vn -0.559055 -0.661417 -0.496063 
vn -0.708661 0 0.708661 
vn -0.708661 0 0.708661 
vn -0.708661 0 0.708661 
vn -0.708661 0 -0.708661 
vn -0.708661 0 -0.708661 
vn -0.708661 0 -0.708661 
vn -1 0 0 
vn -1 0 0 
vn -1 0 0 
vn -1 0 0 
vn -1 0 0 
vn -1 0 0 
vn -1 0 0 
vn -1 0 0 
vn -1 0 0 
vn -1 0 0 
vn -1 0 0 
vn -1 0 0 
vn -1 0 0 
vn -1 0 0 
vn -0.661417 -0.503937 -0.551181 
vn -0.661417 -0.503937 -0.551181 
vn -0.661417 -0.503937 -0.551181 
vn -0.629921 -0.543307 0.551181 
vn -0.629921 -0.543307 0.551181 
vn -0.629921 -0.543307 0.551181 
vn -0.629921 -0.543307 0.551181 

vt -1.57704 1.19981 
vt -1.57303 1.20113 
vt -1.57569 1.21532 
vt -1.57987 1.21532 
vt -1.56902 1.20245 
vt -1.56476 1.18489 
vt -1.56134 1.18737 
vt -1.55188 1.17201 
vt -1.5494 1.17543 
vt -1.53566 1.16375 
vt -1.53435 1.16777 
vt -1.57152 1.32297 
vt -1.57569 1.32298 
vt -1.57569 1.21532 
vt -1.57152 1.21532 
vt -1.56818 1.1824 
vt -1.55437 1.16859 
vt -1.57038 1.3318 
vt -1.57152 1.32297 
vt -1.51767 1.323 
vt -1.51767 1.3318 
vt -1.56659 1.3318 
vt -1.51767 1.323 
vt -1.46319 1.32297 
vt -1.46812 1.3318 
vt -1.51767 1.3318 
vt -1.45484 1.32298 
vt -1.46054 1.3318 
vt -1.52199 1.15736 
vt -1.52184 1.16579 
vt -1.51767 1.21124 
vt -1.52174 1.21532 
vt -1.46319 1.21124 
vt -1.46319 1.21124 
vt -1.52174 1.21532 
vt -1.51767 1.21124 
vt -1.52192 1.16157 
vt -1.52184 1.16579 
vt -1.46319 1.21533 
vt -1.45484 1.21533 
vt -1.45484 1.32298 
vt -1.46319 1.21533 
vt -1.46319 1.32297 
vt -1.51767 1.323 
vt -1.52174 1.21532 
vt -1.57152 1.32297 
vt -1.57152 1.21532 
vt -1.57152 1.21532 
vt -1.56902 1.20245 
vt -1.56134 1.18737 
vt -1.5494 1.17543 
vt -1.53435 1.16777 
vt -1.52184 1.16579 
vt -1.57152 1.21532 
vt -1.56818 1.1824 
vt -1.55437 1.16859 
vt -1.53696 1.15973 
vt -1.57569 1.32298 
vt -1.57987 1.32298 
vt -1.57987 1.21532 
vt -1.52199 1.15736 
vt -1.45901 1.30292 
vt -1.5757 1.30292 
vt -1.46056 1.29381 
vt -1.46436 1.2976 
vt -1.46815 1.29408 
vt -1.45484 1.19041 
vt -1.45484 1.2449 
vt -1.46056 1.19535 
vt -1.45484 1.29874 
vt -1.45901 1.30292 
vt -1.46436 1.2976 
vt -1.46056 1.29381 
vt -1.56656 1.3014 
vt -1.46815 1.3014 
vt -1.57152 1.30709 
vt -1.5757 1.30292 
vt -1.57035 1.2976 
vt -1.56656 1.3014 
vt -1.57987 1.2449 
vt -1.57414 1.29381 
vt -1.57414 1.19535 
vt -1.57987 1.19041 
vt -1.57152 1.18206 
vt -1.56656 1.18776 
vt -1.57414 1.19535 
vt -1.46815 1.18776 
vt -1.46319 1.18206 
vt -1.45484 1.19041 
vt -1.46056 1.19535 
vt -1.46815 1.18776 
vt -1.56656 1.3014 
vt -1.5666 1.29383 
vt -1.46815 1.29408 
vt -1.46815 1.3014 
vt -1.46815 1.18776 
vt -1.46815 1.1951 
vt -1.5666 1.19533 
vt -1.56656 1.18776 
vt -1.46056 1.19535 
vt -1.46815 1.1951 
vt -1.46815 1.18776 
vt -1.46056 1.19535 
vt -1.46056 1.2449 
vt -1.46815 1.1951 
vt -1.5666 1.29383 
vt -1.5666 1.19533 
vt -1.46815 1.1951 
vt -1.46815 1.29408 
vt -1.5666 1.29383 
vt -1.56656 1.3014 
vt -1.57035 1.2976 
vt -1.57414 1.19535 
vt -1.5666 1.19533 
vt -1.57414 1.2449 
vt -1.56656 1.18776 
vt -1.5666 1.19533 
vt -1.57414 1.19535 
vt -1.46815 1.29408 
vt -1.46056 1.2449 
vt -1.46056 1.29381 
vt -1.46815 1.1951 
vt -1.46056 1.2449 
vt -1.46815 1.29408 
vt -1.57414 1.2449 
vt -1.5666 1.29383 
vt -1.57414 1.29381 
vt -1.57414 1.2449 
vt -1.5666 1.19533 
vt -1.5666 1.29383 
vt -1.5757 1.30292 
vt -1.57987 1.29874 
vt -1.57414 1.29381 
vt -1.57035 1.2976 
vt -1.57035 1.2976 
vt -1.57414 1.29381 
vt -1.5666 1.29383 
vt -1.45901 1.30292 
vt -1.46319 1.30709 
vt -1.46815 1.3014 
vt -1.46436 1.2976 
vt -1.46436 1.2976 
vt -1.46815 1.3014 
vt -1.46815 1.29408 
vt -1.5734 1.20113 
vt -1.56928 1.1824 
vt -1.57753 1.20245 
vt -1.5757 1.21532 
vt -1.57987 1.21532 
vt -1.56928 1.16859 
vt -1.46487 1.19981 
vt -1.46108 1.20113 
vt -1.45901 1.21532 
vt -1.46319 1.21532 
vt -1.4573 1.17543 
vt -1.5757 1.32298 
vt -1.45901 1.32298 
vt -1.56928 1.19981 
vt -1.56928 1.1824 
vt -1.46487 1.1824 
vt -1.46487 1.19981 
vt -1.56928 1.16859 
vt -1.46487 1.16859 
vt -1.57152 1.32298 
vt -1.57152 1.21532 
vt -1.46319 1.21532 
vt -1.46319 1.32298 
vt -1.57152 1.21532 
vt -1.46319 1.21532 
vt -1.57152 1.32298 
vt -1.46319 1.32298 
vt -1.46815 1.3318 
vt -1.56656 1.3318 
vt -1.46436 1.3318 
vt -1.46056 1.3318 
vt -1.57753 1.17543 
vt -1.45484 1.21532 
vt -1.45901 1.32298 
vt -1.46319 1.21532 
vt -1.45901 1.21532 
vt -1.57152 1.21532 
vt -1.45766 1.19981 
vt -1.46167 1.20113 
vt -1.46995 1.18489 
vt -1.46653 1.1824 
vt -1.46569 1.20245 
vt -1.45901 1.21532 
vt -1.46319 1.21532 
vt -1.48282 1.17201 
vt -1.48034 1.16859 
vt -1.49905 1.16375 
vt -1.49774 1.15973 
vt -1.45901 1.32298 
vt -1.46319 1.32297 
vt -1.46812 1.3318 
vt -1.57152 1.32297 
vt -1.51703 1.323 
vt -1.51703 1.3318 
vt -1.56659 1.3318 
vt -1.51703 1.323 
vt -1.46319 1.32297 
vt -1.46812 1.3318 
vt -1.51703 1.3318 
vt -1.51271 1.15736 
vt -1.51703 1.16685 
vt -1.51286 1.16579 
vt -1.51297 1.21532 
vt -1.51703 1.21124 
vt -1.57152 1.21533 
vt -1.51703 1.21124 
vt -1.51297 1.21532 
vt -1.57987 1.21533 
vt -1.51279 1.16157 
vt -1.51271 1.15736 
vt -1.57152 1.32297 
vt -1.57987 1.32298 
vt -1.57987 1.21533 
vt -1.57152 1.32297 
vt -1.57152 1.21533 
vt -1.51297 1.21532 
vt -1.51703 1.323 
vt -1.46319 1.21532 
vt -1.46319 1.32297 
vt -1.46569 1.20245 
vt -1.47337 1.18737 
vt -1.48531 1.17543 
vt -1.50035 1.16777 
vt -1.51286 1.16579 
vt -1.47337 1.18737 
vt -1.45484 1.21532 
vt -1.48531 1.17543 
vt -1.50035 1.16777 
vt -1.45484 1.32298 
vt -1.51286 1.16579 
vt -1.56928 1.28159 
vt -1.4573 1.27662 
vt -1.46487 1.2954 
vt -1.56928 1.28159 
vt -1.46487 1.28159 
vt -1.56928 1.26419 
vt -1.46487 1.26419 
vt -1.56995 1.24922 
vt -1.56813 1.2449 
vt -1.4667 1.2449 
vt -1.46487 1.24922 
vt -1.57987 1.24896 
vt -1.57987 1.19041 
vt -1.57542 1.19041 
vt -1.5758 1.2449 
vt -1.57542 1.19041 
vt -1.57987 1.19041 
vt -1.57152 1.18206 
vt -1.56977 1.18627 
vt -1.56977 1.18627 
vt -1.57152 1.18206 
vt -1.46319 1.18206 
vt -1.46494 1.18627 
vt -1.45484 1.24896 
vt -1.46494 1.18627 
vt -1.46319 1.18206 
vt -1.45484 1.19041 
vt -1.45928 1.19041 
vt -1.45928 1.19041 
vt -1.45484 1.19041 
vt -1.45484 1.24896 
vt -1.56995 1.24922 
vt -1.46487 1.24922 
vt -1.57753 1.27662 
vt -1.57542 1.19041 
vt -1.56977 1.18627 
vt -1.46494 1.18627 
vt -1.45928 1.19041 
vt -1.57542 1.19041 
vt -1.4589 1.2449 
vt -1.5758 1.2449 
vt -1.45928 1.19041 
vt -1.4589 1.2449 
vt -1.57542 1.19041 
vt -1.45484 1.32297 
vt -1.46056 1.3318 
vt -1.57152 1.32298 
vt -1.56656 1.3318 
vt -1.57152 1.32298 
vt -1.46319 1.32298 
vt -1.46815 1.3318 
vt -1.56656 1.3318 
vt -1.46475 1.15736 
vt -1.56984 1.15736 
vt -1.46658 1.16105 
vt -1.46475 1.15736 
vt -1.46096 1.16157 
vt -1.45484 1.21532 
vt -1.46319 1.21533 
vt -1.56801 1.16105 
vt -1.57327 1.16685 
vt -1.57741 1.16579 
vt -1.57362 1.16157 
vt -1.57741 1.16579 
vt -1.57327 1.16685 
vt -1.5758 1.21124 
vt -1.57987 1.21532 
vt -1.56977 1.21124 
vt -1.57987 1.21533 
vt -1.57542 1.21124 
vt -1.45484 1.32297 
vt -1.46319 1.21533 
vt -1.45484 1.21533 
vt -1.57987 1.21533 
vt -1.57152 1.32298 
vt -1.57987 1.32297 
vt -1.46319 1.21533 
vt -1.46319 1.32298 
vt -1.57152 1.32298 
vt -1.57152 1.21533 
vt -1.46658 1.16105 
vt -1.4606 1.16685 
vt -1.57327 1.16685 
vt -1.56801 1.16105 
vt -1.5758 1.21124 
vt -1.57327 1.16685 
vt -1.4606 1.16685 
vt -1.5758 1.21124 
vt -1.4606 1.16685 
vt -1.4589 1.21124 
vt -1.57362 1.16157 
vt -1.56984 1.15736 
vt -1.56801 1.16105 
vt -1.46096 1.16157 
vt -1.45718 1.16579 
vt -1.4606 1.16685 
vt -1.46658 1.16105 

usemtl 1Mtl

f 2730/2730/2730 2731/2731/2731 2732/2732/2732 
f 2734/2734/2734 2731/2731/2731 2735/2735/2735 
f 2734/2734/2734 2735/2735/2735 2736/2736/2736 
f 2736/2736/2736 2735/2735/2735 2737/2737/2737 
f 2736/2736/2736 2737/2737/2737 2738/2738/2738 
f 2738/2738/2738 2737/2737/2737 2739/2739/2739 
f 2738/2738/2738 2739/2739/2739 2740/2740/2740 
f 2741/2741/2741 2742/2742/2742 2743/2743/2743 
f 2741/2741/2741 2743/2743/2743 2744/2744/2744 
f 2748/2748/2748 2749/2749/2749 2750/2750/2750 
f 2748/2748/2748 2750/2750/2750 2751/2751/2751 
f 2752/2752/2752 2753/2753/2753 2754/2754/2754 
f 2752/2752/2752 2754/2754/2754 2755/2755/2755 
f 2759/2759/2759 2760/2760/2760 2761/2761/2761 
f 2763/2763/2763 2764/2764/2764 2765/2765/2765 
f 2740/2740/2740 2739/2739/2739 2766/2766/2766 
f 2740/2740/2740 2766/2766/2766 2767/2767/2767 
f 2768/2768/2768 2769/2769/2769 2770/2770/2770 
f 2771/2771/2771 2772/2772/2772 2773/2773/2773 
f 2771/2771/2771 2773/2773/2773 2774/2774/2774 
f 2775/2775/2775 2776/2776/2776 2774/2774/2774 
f 2775/2775/2775 2774/2774/2774 2773/2773/2773 
f 2777/2777/2777 2778/2778/2778 2774/2774/2774 
f 2778/2778/2778 2779/2779/2779 2774/2774/2774 
f 2779/2779/2779 2780/2780/2780 2774/2774/2774 
f 2780/2780/2780 2781/2781/2781 2774/2774/2774 
f 2781/2781/2781 2782/2782/2782 2774/2774/2774 
f 2731/2731/2731 2734/2734/2734 2783/2783/2783 
f 2731/2731/2731 2730/2730/2730 2784/2784/2784 
f 2731/2731/2731 2784/2784/2784 2735/2735/2735 
f 2735/2735/2735 2784/2784/2784 2785/2785/2785 
f 2735/2735/2735 2785/2785/2785 2737/2737/2737 
f 2737/2737/2737 2785/2785/2785 2786/2786/2786 
f 2737/2737/2737 2786/2786/2786 2739/2739/2739 
f 2787/2787/2787 2788/2788/2788 2789/2789/2789 
f 2739/2739/2739 2786/2786/2786 2790/2790/2790 
f 2739/2739/2739 2790/2790/2790 2766/2766/2766 
f 2793/2793/2793 2794/2794/2794 2795/2795/2795 
f 2799/2799/2799 2800/2800/2800 2801/2801/2801 
f 2799/2799/2799 2801/2801/2801 2802/2802/2802 
f 2805/2805/2805 2806/2806/2806 2807/2807/2807 
f 2805/2805/2805 2807/2807/2807 2808/2808/2808 
f 2812/2812/2812 2813/2813/2813 2814/2814/2814 
f 2812/2812/2812 2814/2814/2814 2815/2815/2815 
f 2817/2817/2817 2818/2818/2818 2819/2819/2819 
f 2817/2817/2817 2819/2819/2819 2820/2820/2820 
f 2821/2821/2821 2822/2822/2822 2823/2823/2823 
f 2821/2821/2821 2823/2823/2823 2824/2824/2824 
f 2825/2825/2825 2826/2826/2826 2827/2827/2827 
f 2825/2825/2825 2827/2827/2827 2828/2828/2828 
f 2829/2829/2829 2830/2830/2830 2831/2831/2831 
f 2832/2832/2832 2833/2833/2833 2834/2834/2834 
f 2835/2835/2835 2836/2836/2836 2837/2837/2837 
f 2835/2835/2835 2837/2837/2837 2838/2838/2838 
f 2839/2839/2839 2840/2840/2840 2841/2841/2841 
f 2842/2842/2842 2843/2843/2843 2844/2844/2844 
f 2845/2845/2845 2846/2846/2846 2847/2847/2847 
f 2848/2848/2848 2849/2849/2849 2850/2850/2850 
f 2851/2851/2851 2852/2852/2852 2853/2853/2853 
f 2854/2854/2854 2855/2855/2855 2856/2856/2856 
f 2857/2857/2857 2858/2858/2858 2859/2859/2859 
f 2860/2860/2860 2861/2861/2861 2862/2862/2862 
f 2860/2860/2860 2862/2862/2862 2863/2863/2863 
f 2864/2864/2864 2865/2865/2865 2866/2866/2866 
f 2867/2867/2867 2868/2868/2868 2869/2869/2869 
f 2867/2867/2867 2869/2869/2869 2870/2870/2870 
f 2871/2871/2871 2872/2872/2872 2873/2873/2873 
f 2876/2876/2876 2877/2877/2877 2878/2878/2878 
f 2880/2880/2880 2882/2882/2882 2883/2883/2883 
f 2887/2887/2887 2888/2888/2888 2889/2889/2889 
f 2887/2887/2887 2889/2889/2889 2890/2890/2890 
f 2888/2888/2888 2891/2891/2891 2892/2892/2892 
f 2888/2888/2888 2892/2892/2892 2889/2889/2889 
f 2893/2893/2893 2894/2894/2894 2895/2895/2895 
f 2893/2893/2893 2895/2895/2895 2896/2896/2896 
f 2897/2897/2897 2887/2887/2887 2890/2890/2890 
f 2897/2897/2897 2890/2890/2890 2898/2898/2898 
f 2899/2899/2899 2900/2900/2900 2901/2901/2901 
f 2899/2899/2899 2901/2901/2901 2902/2902/2902 
f 2881/2881/2881 2906/2906/2906 2882/2882/2882 
f 2907/2907/2907 2908/2908/2908 2909/2909/2909 
f 2874/2874/2874 2910/2910/2910 2877/2877/2877 
f 2911/2911/2911 2912/2912/2912 2913/2913/2913 
f 2911/2911/2911 2913/2913/2913 2914/2914/2914 
f 2915/2915/2915 2912/2912/2912 2916/2916/2916 
f 2914/2914/2914 2913/2913/2913 2918/2918/2918 
f 2914/2914/2914 2918/2918/2918 2919/2919/2919 
f 2919/2919/2919 2918/2918/2918 2920/2920/2920 
f 2919/2919/2919 2920/2920/2920 2921/2921/2921 
f 2917/2917/2917 2916/2916/2916 2922/2922/2922 
f 2917/2917/2917 2922/2922/2922 2923/2923/2923 
f 2925/2925/2925 2926/2926/2926 2927/2927/2927 
f 2925/2925/2925 2927/2927/2927 2928/2928/2928 
f 2929/2929/2929 2930/2930/2930 2931/2931/2931 
f 2929/2929/2929 2931/2931/2931 2932/2932/2932 
f 2934/2934/2934 2935/2935/2935 2936/2936/2936 
f 2934/2934/2934 2936/2936/2936 2937/2937/2937 
f 2938/2938/2938 2939/2939/2939 2940/2940/2940 
f 2921/2921/2921 2920/2920/2920 2942/2942/2942 
f 2921/2921/2921 2942/2942/2942 2943/2943/2943 
f 2944/2944/2944 2945/2945/2945 2946/2946/2946 
f 2947/2947/2947 2948/2948/2948 2949/2949/2949 
f 2947/2947/2947 2949/2949/2949 2950/2950/2950 
f 2951/2951/2951 2952/2952/2952 2950/2950/2950 
f 2951/2951/2951 2950/2950/2950 2949/2949/2949 
f 2953/2953/2953 2951/2951/2951 2949/2949/2949 
f 2954/2954/2954 2953/2953/2953 2949/2949/2949 
f 2955/2955/2955 2954/2954/2954 2949/2949/2949 
f 2956/2956/2956 2955/2955/2955 2949/2949/2949 
f 2957/2957/2957 2956/2956/2956 2949/2949/2949 
f 2912/2912/2912 2915/2915/2915 2958/2958/2958 
f 2912/2912/2912 2958/2958/2958 2913/2913/2913 
f 2912/2912/2912 2911/2911/2911 2959/2959/2959 
f 2913/2913/2913 2958/2958/2958 2960/2960/2960 
f 2913/2913/2913 2960/2960/2960 2918/2918/2918 
f 2918/2918/2918 2960/2960/2960 2961/2961/2961 
f 2918/2918/2918 2961/2961/2961 2920/2920/2920 
f 2916/2916/2916 2959/2959/2959 2962/2962/2962 
f 2916/2916/2916 2962/2962/2962 2922/2922/2922 
f 2920/2920/2920 2961/2961/2961 2963/2963/2963 
f 2920/2920/2920 2963/2963/2963 2942/2942/2942 
f 2967/2967/2967 2969/2969/2969 2970/2970/2970 
f 2967/2967/2967 2970/2970/2970 2968/2968/2968 
f 2971/2971/2971 2972/2972/2972 2973/2973/2973 
f 2971/2971/2971 2973/2973/2973 2974/2974/2974 
f 2976/2976/2976 2977/2977/2977 2978/2978/2978 
f 2979/2979/2979 2980/2980/2980 2981/2981/2981 
f 2979/2979/2979 2981/2981/2981 2982/2982/2982 
f 2983/2983/2983 2984/2984/2984 2985/2985/2985 
f 2983/2983/2983 2985/2985/2985 2986/2986/2986 
f 2988/2988/2988 2989/2989/2989 2990/2990/2990 
f 2992/2992/2992 2993/2993/2993 2994/2994/2994 
f 2969/2969/2969 2995/2995/2995 2996/2996/2996 
f 2969/2969/2969 2996/2996/2996 2970/2970/2970 
f 2998/2998/2998 2999/2999/2999 3000/3000/3000 
f 2998/2998/2998 3000/3000/3000 3001/3001/3001 
f 3002/3002/3002 3003/3003/3003 3004/3004/3004 
f 3005/3005/3005 3006/3006/3006 3007/3007/3007 
f 3012/3012/3012 3013/3013/3013 3014/3014/3014 
f 3012/3012/3012 3014/3014/3014 3015/3015/3015 
f 3018/3018/3018 3019/3019/3019 3020/3020/3020 
f 3023/3023/3023 3024/3024/3024 3025/3025/3025 
f 3023/3023/3023 3025/3025/3025 3026/3026/3026 
f 3027/3027/3027 3028/3028/3028 3029/3029/3029 
f 3031/3031/3031 3032/3032/3032 3033/3033/3033 
f 3034/3034/3034 3035/3035/3035 3036/3036/3036 
f 3037/3037/3037 3038/3038/3038 3039/3039/3039 
f 3040/3040/3040 3041/3041/3041 3042/3042/3042 
f 3040/3040/3040 3042/3042/3042 3043/3043/3043 
f 3044/3044/3044 3045/3045/3045 3046/3046/3046 
f 3044/3044/3044 3046/3046/3046 3047/3047/3047 
f 3048/3048/3048 3049/3049/3049 3050/3050/3050 
f 3051/3051/3051 3052/3052/3052 3053/3053/3053 
f 3054/3054/3054 3055/3055/3055 3056/3056/3056 
f 3057/3057/3057 3058/3058/3058 3059/3059/3059 
f 3057/3057/3057 3059/3059/3059 3060/3060/3060 

g 6

v -32.684 1.63067 -1.9245 
v -32.5448 1.55975 -1.9245 
v -32.5647 1.53239 -1.95715 
v -32.6945 1.59851 -1.95715 
v -32.7049 1.56635 -1.98979 
v -32.8435 1.58747 -1.98979 
v -32.8435 1.62129 -1.95715 
v -32.6945 1.59851 -1.95715 
v -32.4343 1.44928 -1.9245 
v -32.4617 1.4294 -1.95715 
v -32.3634 1.31007 -1.9245 
v -32.3955 1.29949 -1.95715 
v -32.3407 1.17471 -1.93433 
v -32.3741 1.17194 -1.96773 
v -33.3184 1.30999 -1.9245 
v -33.2475 1.44921 -1.9245 
v -33.2201 1.42933 -1.95715 
v -33.2863 1.29941 -1.95715 
v -33.2542 1.28884 -1.98979 
v -33.2742 1.16909 -2.00113 
v -33.3076 1.17186 -1.96773 
v -33.137 1.5597 -1.9245 
v -33.1171 1.53235 -1.95715 
v -32.9978 1.63065 -1.9245 
v -32.9873 1.59849 -1.95715 
v -32.8435 1.6551 -1.9245 
v -32.8435 1.62129 -1.95715 
v -32.4075 0.243704 -2.00113 
v -32.3741 1.17194 -1.96773 
v -32.3741 0.240937 -1.96773 
v -33.3075 0.240859 -1.96773 
v -32.4075 0.243704 -2.00113 
v -32.8434 0.238127 -2.00113 
v -32.8434 1.17467 -2.00113 
v -32.4075 1.16917 -2.00113 
v -33.2742 1.16909 -2.00113 
v -33.2741 0.243632 -2.00113 
v -33.3409 0.238086 -1.93433 
v -32.5846 1.50503 -1.98979 
v -32.7049 1.56635 -1.98979 
v -32.489 1.40952 -1.98979 
v -32.4276 1.2889 -1.98979 
v -33.2542 1.28884 -1.98979 
v -33.1928 1.40946 -1.98979 
v -33.0972 1.50499 -1.98979 
v -32.9769 1.56633 -1.98979 
v -32.8435 1.58747 -1.98979 
v -32.4075 0.243704 -2.00113 
v -32.4469 0.17056 -1.95531 
v -32.8433 0.165494 -1.95531 
v -32.8434 0.238127 -2.00113 
v -32.8434 0.238127 -2.00113 
v -32.8433 0.165494 -1.95531 
v -33.2346 0.170494 -1.95531 
v -33.2741 0.243632 -2.00113 
v -33.2953 0.165456 -1.89463 
v -32.5647 1.53239 -1.95715 
v -32.5846 1.50503 -1.98979 
v -32.8435 1.62129 -1.95715 
v -32.8435 1.6551 -1.9245 
v -32.4617 1.4294 -1.95715 
v -32.489 1.40952 -1.98979 
v -32.3955 1.29949 -1.95715 
v -32.4276 1.2889 -1.98979 
v -32.3741 1.17194 -1.96773 
v -32.4075 1.16917 -2.00113 
v -33.1928 1.40946 -1.98979 
v -33.341 1.17463 -1.93433 
v -33.0972 1.50499 -1.98979 
v -32.9769 1.56633 -1.98979 
v -32.8435 1.58747 -1.98979 
v -32.684 1.63067 -1.9245 
v -32.5647 1.53239 -1.95715 
v -32.8435 1.62129 -1.95715 
v -32.4343 1.44928 -1.9245 
v -32.4617 1.4294 -1.95715 
v -33.2475 1.44921 -1.9245 
v -33.137 1.5597 -1.9245 
v -33.1171 1.53235 -1.95715 
v -32.9978 1.63065 -1.9245 
v -32.9873 1.59849 -1.95715 
v -32.684 1.63067 -1.07747 
v -32.8435 1.6551 -1.07747 
v -32.8435 1.62129 -1.04483 
v -32.5647 1.53239 -1.04483 
v -32.4617 1.4294 -1.04483 
v -32.9873 1.59849 -1.04483 
v -32.684 1.63067 -1.9245 
v -32.684 1.63067 -1.07747 
v -32.5448 1.55975 -1.07747 
v -32.5448 1.55975 -1.9245 
v -32.4343 1.44928 -1.07747 
v -32.4343 1.44928 -1.9245 
v -33.2475 1.44921 -1.07747 
v -33.137 1.5597 -1.07747 
v -33.137 1.5597 -1.9245 
v -32.9978 1.63065 -1.07747 
v -32.9978 1.63065 -1.9245 
v -32.8435 1.6551 -1.07747 
v -32.8435 1.6551 -1.9245 
v -32.8435 1.6551 -1.9245 
v -32.8435 1.6551 -1.07747 
v -32.4343 1.44928 -1.9245 
v -32.4617 1.4294 -1.95715 
v -32.3955 1.29949 -1.95715 
v -32.3407 1.17471 -1.93433 
v -32.3741 1.17194 -1.96773 
v -32.4617 1.4294 -1.04483 
v -32.3955 1.29949 -1.04483 
v -32.3741 1.17194 -1.03425 
v -32.4075 0.243704 -2.00113 
v -32.4075 1.16917 -2.00113 
v -32.3741 1.17194 -1.96773 
v -32.3741 0.240937 -1.96773 
v -32.4075 1.16917 -1.00085 
v -32.3741 0.240937 -1.03425 
v -32.3741 1.17194 -1.03425 
v -32.4343 1.44928 -1.07747 
v -32.4343 1.44928 -1.9245 
v -32.3634 1.31007 -1.07747 
v -32.3634 1.31007 -1.9245 
v -32.3407 1.17471 -1.93433 
v -32.3407 1.17471 -1.06765 
v -32.3407 0.238169 -1.06765 
v -32.3407 0.238169 -1.93433 
v -32.3407 1.17471 -1.06765 
v -32.3407 0.238169 -1.06765 
v -32.3862 0.165531 -1.10735 
v -32.3862 0.165531 -1.89463 
v -32.3407 0.238169 -1.93433 
v -32.3741 1.17194 -1.96773 
v -32.3407 0.238169 -1.93433 
v -32.3741 0.240937 -1.96773 
v -32.3407 0.238169 -1.06765 
v -32.3407 1.17471 -1.06765 
v -32.684 1.63067 -1.07747 
v -32.8435 1.6551 -1.07747 
v -32.8435 1.62129 -1.04483 
v -32.6945 1.59851 -1.04483 
v -32.7049 1.56635 -1.01219 
v -32.5846 1.50503 -1.01219 
v -32.5647 1.53239 -1.04483 
v -32.6945 1.59851 -1.04483 
v -32.489 1.40952 -1.01219 
v -32.4617 1.4294 -1.04483 
v -32.4276 1.2889 -1.01219 
v -32.3955 1.29949 -1.04483 
v -32.4075 1.16917 -1.00085 
v -32.3741 1.17194 -1.03425 
v -33.3184 1.30999 -1.07747 
v -33.341 1.17463 -1.06765 
v -33.3076 1.17186 -1.03425 
v -33.2863 1.29941 -1.04483 
v -33.2542 1.28884 -1.01219 
v -33.1928 1.40946 -1.01219 
v -33.2201 1.42933 -1.04483 
v -33.0972 1.50499 -1.01219 
v -33.1171 1.53235 -1.04483 
v -32.9769 1.56633 -1.01219 
v -32.9873 1.59849 -1.04483 
v -32.8435 1.58747 -1.01219 
v -32.8435 1.62129 -1.04483 
v -32.4075 1.16917 -1.00085 
v -32.4075 0.243704 -1.00085 
v -32.3741 0.240937 -1.03425 
v -33.2741 0.243632 -1.00085 
v -33.2742 1.16909 -1.00085 
v -33.3075 0.240859 -1.03425 
v -32.4343 1.44928 -1.07747 
v -33.2475 1.44921 -1.07747 
v -33.137 1.5597 -1.07747 
v -32.4075 1.16917 -1.00085 
v -32.8434 1.17467 -1.00085 
v -32.8434 0.238128 -1.00085 
v -32.4075 0.243704 -1.00085 
v -33.2741 0.243632 -1.00085 
v -33.2742 1.16909 -1.00085 
v -32.7049 1.56635 -1.01219 
v -32.8434 1.17467 -1.00085 
v -32.5846 1.50503 -1.01219 
v -32.489 1.40952 -1.01219 
v -32.4276 1.2889 -1.01219 
v -33.2742 1.16909 -1.00085 
v -33.2542 1.28884 -1.01219 
v -33.1928 1.40946 -1.01219 
v -33.0972 1.50499 -1.01219 
v -32.9769 1.56633 -1.01219 
v -32.8435 1.58747 -1.01219 
v -33.2953 0.165456 -1.10735 
v -33.2741 0.243632 -1.00085 
v -33.2346 0.170494 -1.04667 
v -32.8433 0.165494 -1.04667 
v -32.8434 0.238128 -1.00085 
v -32.8434 0.238128 -1.00085 
v -32.8433 0.165494 -1.04667 
v -32.4469 0.17056 -1.04667 
v -32.4075 0.243704 -1.00085 
v -32.3862 0.165531 -1.10735 
v -33.2356 0.165461 -1.10735 
v -32.8435 1.62129 -1.04483 
v -32.8435 1.58747 -1.01219 
v -32.5647 1.53239 -1.04483 
v -32.5448 1.55975 -1.07747 
v -32.4617 1.4294 -1.04483 
v -32.4343 1.44928 -1.07747 
v -32.3955 1.29949 -1.04483 
v -32.3634 1.31007 -1.07747 
v -32.3741 1.17194 -1.03425 
v -32.3407 1.17471 -1.06765 
v -33.2475 1.44921 -1.07747 
v -33.137 1.5597 -1.07747 
v -32.9978 1.63065 -1.07747 
v -32.8435 1.6551 -1.07747 
v -33.3409 0.238086 -1.06765 
v -33.2475 1.44921 -1.9245 
v -32.3741 0.240937 -1.96773 
v -33.3075 0.240859 -1.96773 
v -33.3075 0.240859 -1.03425 
v -32.8434 0.238127 -2.00113 
v -32.8434 1.17467 -2.00113 
v -32.8434 0.238128 -1.00085 
v -33.3409 0.238086 -1.93433 
v -33.1928 1.40946 -1.98979 
v -32.445 0.165527 -1.10735 
v -33.2355 0.16579 -1.89455 
v -32.4468 0.170193 -1.89352 
v -33.2346 0.170494 -1.95531 
v -33.2741 0.243632 -2.00113 
v -33.2346 0.170494 -1.95531 
v -33.265 0.167975 -1.92497 
v -33.3075 0.240859 -1.96773 
v -33.2953 0.165456 -1.89463 
v -33.2953 0.165456 -1.10735 
v -33.3409 0.238086 -1.06765 
v -33.2953 0.165456 -1.10735 
v -33.265 0.167975 -1.07701 
v -33.3075 0.240859 -1.03425 
v -33.2346 0.170494 -1.04667 
v -32.4075 0.243704 -1.00085 
v -32.4469 0.17056 -1.04667 
v -32.4166 0.168045 -1.07701 
v -32.3741 0.240937 -1.03425 
v -32.3862 0.165531 -1.10735 
v -32.3407 0.238169 -1.93433 
v -32.3862 0.165531 -1.89463 
v -32.4166 0.168045 -1.92497 
v -32.3741 0.240937 -1.96773 
v -32.8433 0.165494 -1.04667 
v -33.2356 0.165461 -1.10735 
v -32.445 0.165527 -1.10735 
v -32.4468 0.170193 -1.89352 
v -32.3862 0.165531 -1.89463 
v -32.3862 0.165531 -1.10735 
v -32.445 0.165527 -1.10735 
v -32.445 0.165527 -1.10735 
v -32.3862 0.165531 -1.10735 
v -32.4166 0.168045 -1.07701 
v -32.4469 0.17056 -1.95531 
v -32.4468 0.170193 -1.89352 
v -32.8433 0.165494 -1.95531 
v -32.4469 0.17056 -1.95531 
v -32.4166 0.168045 -1.92497 
v -32.4468 0.170193 -1.89352 
v -33.2356 0.165461 -1.10735 
v -33.2346 0.170494 -1.04667 
v -33.265 0.167975 -1.07701 
v -33.2953 0.165456 -1.89463 
v -33.2355 0.16579 -1.89455 
v -33.2356 0.165461 -1.10735 
v -33.2953 0.165456 -1.10735 
v -33.2355 0.16579 -1.89455 
v -33.2953 0.165456 -1.89463 
v -33.265 0.167975 -1.92497 
v -32.8433 0.165494 -1.04667 
v -32.445 0.165527 -1.10735 
v -32.4469 0.17056 -1.04667 
v -33.2346 0.170494 -1.04667 
v -33.2356 0.165461 -1.10735 
v -32.8433 0.165494 -1.04667 
v -32.8433 0.165494 -1.95531 
v -33.2355 0.16579 -1.89455 
v -33.2346 0.170494 -1.95531 
v -32.8433 0.165494 -1.95531 
v -32.4468 0.170193 -1.89352 
v -33.2355 0.16579 -1.89455 
v -33.2356 0.165461 -1.10735 
v -33.2355 0.16579 -1.89455 
v -32.445 0.165527 -1.10735 
v -33.265 0.167975 -1.92497 
v -33.2953 0.165456 -1.89463 
v -33.3409 0.238086 -1.93433 
v -33.3075 0.240859 -1.96773 
v -32.4166 0.168045 -1.92497 
v -32.4469 0.17056 -1.95531 
v -32.4075 0.243704 -2.00113 
v -32.3741 0.240937 -1.96773 
v -32.4166 0.168045 -1.92497 
v -32.3862 0.165531 -1.89463 
v -32.4468 0.170193 -1.89352 
v -33.265 0.167975 -1.92497 
v -33.2346 0.170494 -1.95531 
v -33.2355 0.16579 -1.89455 
v -33.265 0.167975 -1.07701 
v -33.2346 0.170494 -1.04667 
v -33.2741 0.243632 -1.00085 
v -33.3075 0.240859 -1.03425 
v -32.4166 0.168045 -1.07701 
v -32.3862 0.165531 -1.10735 
v -32.3407 0.238169 -1.06765 
v -32.3741 0.240937 -1.03425 
v -33.265 0.167975 -1.07701 
v -33.2953 0.165456 -1.10735 
v -33.2356 0.165461 -1.10735 
v -32.4166 0.168045 -1.07701 
v -32.4469 0.17056 -1.04667 
v -32.445 0.165527 -1.10735 
v -33.2475 1.44921 -1.9245 
v -33.2863 1.29941 -1.95715 
v -33.2742 1.16909 -2.00113 
v -33.3076 1.17186 -1.96773 
v -33.137 1.5597 -1.9245 
v -33.1171 1.53235 -1.95715 
v -33.3184 1.30999 -1.07747 
v -33.3076 1.17186 -1.03425 
v -33.2863 1.29941 -1.04483 
v -33.1928 1.40946 -1.01219 
v -33.2741 0.243632 -2.00113 
v -33.3075 0.240859 -1.96773 
v -33.2741 0.243632 -1.00085 
v -33.3075 0.240859 -1.03425 
v -33.3184 1.30999 -1.9245 
v -33.3184 1.30999 -1.07747 
v -33.2475 1.44921 -1.07747 
v -33.2475 1.44921 -1.9245 
v -33.137 1.5597 -1.07747 
v -33.137 1.5597 -1.9245 
v -33.3409 0.238086 -1.93433 
v -33.3409 0.238086 -1.06765 
v -33.341 1.17463 -1.06765 
v -33.341 1.17463 -1.93433 
v -33.3409 0.238086 -1.93433 
v -33.2953 0.165456 -1.89463 
v -33.2953 0.165456 -1.10735 
v -33.3409 0.238086 -1.06765 
v -33.341 1.17463 -1.93433 
v -33.3409 0.238086 -1.93433 
v -33.3409 0.238086 -1.06765 

vn 0.212598 0.661417 -0.716535 
vn 0.409449 0.559055 -0.716535 
vn 0.409449 0.559055 -0.716535 
vn 0.212598 0.661417 -0.716535 
vn 0.212598 0.661417 -0.716535 
vn 0 0.692913 -0.716535 
vn 0 0.692913 -0.716535 
vn 0.212598 0.661417 -0.716535 
vn 0.559055 0.409449 -0.716535 
vn 0.559055 0.409449 -0.716535 
vn 0.653543 0.244094 -0.716535 
vn 0.653543 0.244094 -0.716535 
vn 0.700787 0.0866142 -0.708661 
vn 0.700787 0.0866142 -0.708661 
vn -0.653543 0.244094 -0.716535 
vn -0.559055 0.409449 -0.716535 
vn -0.559055 0.409449 -0.716535 
vn -0.653543 0.244094 -0.716535 
vn -0.653543 0.244094 -0.716535 
vn -0.700787 0.0866142 -0.708661 
vn -0.700787 0.0866142 -0.708661 
vn -0.409449 0.559055 -0.716535 
vn -0.409449 0.559055 -0.716535 
vn -0.212598 0.661417 -0.716535 
vn -0.212598 0.661417 -0.716535 
vn 0 0.692913 -0.716535 
vn 0 0.692913 -0.716535 
vn 0.708661 0 -0.708661 
vn 0.700787 0.0866142 -0.708661 
vn 0.708661 0 -0.708661 
vn -0.708661 0 -0.708661 
vn 0 0 -1 
vn 0 0 -1 
vn 0 0.015748 -1 
vn 0 0.0472441 -1 
vn 0 0.0472441 -1 
vn 0 0 -1 
vn -1 0 0 
vn 0.015748 0.023622 -1 
vn 0.00787402 0.023622 -1 
vn 0.023622 0.015748 -1 
vn 0.015748 0.0551181 -1 
vn -0.015748 0.0551181 -1 
vn -0.023622 0.015748 -1 
vn -0.015748 0.023622 -1 
vn -0.00787402 0.023622 -1 
vn 0 0.0314961 -1 
vn 0.00787402 -0.535433 -0.84252 
vn 0.00787402 -0.535433 -0.84252 
vn 0.00787402 -0.535433 -0.84252 
vn 0.00787402 -0.535433 -0.84252 
vn -0.00787402 -0.535433 -0.84252 
vn -0.00787402 -0.535433 -0.84252 
vn -0.00787402 -0.535433 -0.84252 
vn -0.00787402 -0.535433 -0.84252 
vn -0.850394 -0.535433 0 
vn 0.409449 0.559055 -0.716535 
vn 0.409449 0.559055 -0.716535 
vn 0 0.692913 -0.716535 
vn 0 0.692913 -0.716535 
vn 0.559055 0.409449 -0.716535 
vn 0.559055 0.409449 -0.716535 
vn 0.653543 0.244094 -0.716535 
vn 0.653543 0.244094 -0.716535 
vn 0.700787 0.0866142 -0.708661 
vn 0.700787 0.0866142 -0.708661 
vn -0.559055 0.409449 -0.716535 
vn -0.700787 0.0866142 -0.708661 
vn -0.409449 0.559055 -0.716535 
vn -0.212598 0.661417 -0.716535 
vn 0 0.692913 -0.716535 
vn 0.212598 0.661417 -0.716535 
vn 0.409449 0.559055 -0.716535 
vn 0 0.692913 -0.716535 
vn 0.559055 0.409449 -0.716535 
vn 0.559055 0.409449 -0.716535 
vn -0.559055 0.409449 -0.716535 
vn -0.409449 0.559055 -0.716535 
vn -0.409449 0.559055 -0.716535 
vn -0.212598 0.661417 -0.716535 
vn -0.212598 0.661417 -0.716535 
vn 0.212598 0.661417 0.716535 
vn 0 0.692913 0.716535 
vn 0 0.692913 0.716535 
vn 0.409449 0.559055 0.716535 
vn 0.559055 0.409449 0.716535 
vn -0.212598 0.661417 0.716535 
vn 0.307087 0.952756 0 
vn 0.307087 0.952756 0 
vn 0.590551 0.811024 0 
vn 0.590551 0.811024 0 
vn 0.811024 0.590551 0 
vn 0.811024 0.590551 0 
vn -0.811024 0.590551 0 
vn -0.590551 0.811024 0 
vn -0.590551 0.811024 0 
vn -0.307087 0.952756 0 
vn -0.307087 0.952756 0 
vn 0 1 0 
vn 0 1 0 
vn 0 1 0 
vn 0 1 0 
vn 0.559055 0.409449 -0.716535 
vn 0.559055 0.409449 -0.716535 
vn 0.653543 0.244094 -0.716535 
vn 0.700787 0.0866142 -0.708661 
vn 0.700787 0.0866142 -0.708661 
vn 0.559055 0.409449 0.716535 
vn 0.653543 0.244094 0.716535 
vn 0.700787 0.0866142 0.708661 
vn 0.708661 0 -0.708661 
vn 0.700787 0.0866142 -0.708661 
vn 0.700787 0.0866142 -0.708661 
vn 0.708661 0 -0.708661 
vn 0.700787 0.0866142 0.708661 
vn 0.708661 0 0.708661 
vn 0.700787 0.0866142 0.708661 
vn 0.811024 0.590551 0 
vn 0.811024 0.590551 0 
vn 0.952756 0.307087 0 
vn 0.952756 0.307087 0 
vn 1 0.0787402 0 
vn 1 0.0787402 0 
vn 1 0 0 
vn 1 0 0 
vn 1 0.0787402 0 
vn 0.850394 -0.527559 0 
vn 0.850394 -0.527559 0 
vn 0.850394 -0.527559 0 
vn 0.850394 -0.527559 0 
vn 0.700787 0.0866142 -0.708661 
vn 0.708661 0 -0.708661 
vn 0.708661 0 -0.708661 
vn 0.708661 0 0.708661 
vn 0.700787 0.0866142 0.708661 
vn 0.212598 0.661417 0.716535 
vn 0 0.692913 0.716535 
vn 0 0.692913 0.716535 
vn 0.212598 0.661417 0.716535 
vn 0.212598 0.661417 0.716535 
vn 0.409449 0.559055 0.716535 
vn 0.409449 0.559055 0.716535 
vn 0.212598 0.661417 0.716535 
vn 0.559055 0.409449 0.716535 
vn 0.559055 0.409449 0.716535 
vn 0.653543 0.244094 0.716535 
vn 0.653543 0.244094 0.716535 
vn 0.700787 0.0866142 0.708661 
vn 0.700787 0.0866142 0.708661 
vn -0.653543 0.244094 0.716535 
vn -0.700787 0.0866142 0.708661 
vn -0.700787 0.0866142 0.708661 
vn -0.653543 0.244094 0.716535 
vn -0.653543 0.244094 0.716535 
vn -0.559055 0.409449 0.716535 
vn -0.559055 0.409449 0.716535 
vn -0.409449 0.559055 0.716535 
vn -0.409449 0.559055 0.716535 
vn -0.212598 0.661417 0.716535 
vn -0.212598 0.661417 0.716535 
vn 0 0.692913 0.716535 
vn 0 0.692913 0.716535 
vn 0.700787 0.0866142 0.708661 
vn 0.708661 0 0.708661 
vn 0.708661 0 0.708661 
vn -0.708661 0 0.708661 
vn -0.700787 0.0866142 0.708661 
vn -0.708661 0 0.708661 
vn 0.811024 0.590551 0 
vn -0.811024 0.590551 0 
vn -0.590551 0.811024 0 
vn 0 0.0472441 1 
vn 0 0.015748 1 
vn 0 0 1 
vn 0 0 1 
vn 0 0 1 
vn 0 0.0472441 1 
vn 0.00787402 0.023622 1 
vn 0 0.015748 1 
vn 0.015748 0.023622 1 
vn 0.023622 0.015748 1 
vn 0.015748 0.0551181 1 
vn 0 0.0472441 1 
vn -0.015748 0.0551181 1 
vn -0.023622 0.015748 1 
vn -0.015748 0.023622 1 
vn -0.00787402 0.023622 1 
vn 0 0.0314961 1 
vn -0.850394 -0.535433 0 
vn -0.00787402 -0.535433 0.84252 
vn -0.00787402 -0.535433 0.84252 
vn -0.00787402 -0.535433 0.84252 
vn -0.00787402 -0.535433 0.84252 
vn 0.00787402 -0.535433 0.84252 
vn 0.00787402 -0.535433 0.84252 
vn 0.00787402 -0.535433 0.84252 
vn 0.00787402 -0.535433 0.84252 
vn 0.850394 -0.527559 0 
vn 0 -1 0 
vn 0 0.692913 0.716535 
vn 0 0.692913 0.716535 
vn 0.409449 0.559055 0.716535 
vn 0.409449 0.559055 0.716535 
vn 0.559055 0.409449 0.716535 
vn 0.559055 0.409449 0.716535 
vn 0.653543 0.244094 0.716535 
vn 0.653543 0.244094 0.716535 
vn 0.700787 0.0866142 0.708661 
vn 0.700787 0.0866142 0.708661 
vn -0.559055 0.409449 0.716535 
vn -0.409449 0.559055 0.716535 
vn -0.212598 0.661417 0.716535 
vn 0 0.692913 0.716535 
vn -0.708661 0 0.708661 
vn -0.559055 0.409449 -0.716535 
vn 0.708661 0 -0.708661 
vn -0.708661 0 -0.708661 
vn -0.708661 0 0.708661 
vn 0 0 -1 
vn 0 0.015748 -1 
vn 0 0 1 
vn -1 0 0 
vn -0.023622 0.015748 -1 
vn 0.00787402 -1 -0.00787402 
vn 0.00787402 -1 -0.00787402 
vn 0.00787402 -1 -0.00787402 
vn -0.00787402 -0.535433 -0.84252 
vn -0.519685 -0.637795 -0.566929 
vn -0.519685 -0.637795 -0.566929 
vn -0.519685 -0.637795 -0.566929 
vn -0.519685 -0.637795 -0.566929 
vn -0.850394 -0.535433 0 
vn -0.850394 -0.535433 0 
vn -0.519685 -0.637795 0.566929 
vn -0.519685 -0.637795 0.566929 
vn -0.519685 -0.637795 0.566929 
vn -0.519685 -0.637795 0.566929 
vn -0.00787402 -0.535433 0.84252 
vn 0.519685 -0.637795 0.566929 
vn 0.519685 -0.637795 0.566929 
vn 0.519685 -0.637795 0.566929 
vn 0.519685 -0.637795 0.566929 
vn 0.850394 -0.527559 0 
vn 0.519685 -0.637795 -0.566929 
vn 0.519685 -0.637795 -0.566929 
vn 0.519685 -0.637795 -0.566929 
vn 0.519685 -0.637795 -0.566929 
vn 0 -1 0 
vn 0 -1 0 
vn 0 -1 0 
vn -0.0393701 -1 0 
vn -0.0393701 -1 0 
vn -0.0393701 -1 0 
vn -0.0393701 -1 0 
vn 0 -1 0.0787402 
vn 0 -1 0.0787402 
vn 0 -1 0.0787402 
vn 0.015748 -1 -0.00787402 
vn 0.015748 -1 -0.00787402 
vn 0.015748 -1 -0.00787402 
vn -0.0787402 -1 -0.00787402 
vn -0.0787402 -1 -0.00787402 
vn -0.0787402 -1 -0.00787402 
vn 0 -1 0.0787402 
vn 0 -1 0.0787402 
vn 0 -1 0.0787402 
vn 0 -1 0 
vn 0 -1 0 
vn 0 -1 0 
vn 0 -1 0 
vn 0.00787402 -1 -0.0787402 
vn 0.00787402 -1 -0.0787402 
vn 0.00787402 -1 -0.0787402 
vn 0.015748 -1 0.0787402 
vn 0.015748 -1 0.0787402 
vn 0.015748 -1 0.0787402 
vn -0.015748 -1 0.0787402 
vn -0.015748 -1 0.0787402 
vn -0.015748 -1 0.0787402 
vn -0.015748 -1 -0.0787402 
vn -0.015748 -1 -0.0787402 
vn -0.015748 -1 -0.0787402 
vn 0.00787402 -1 0.0393701 
vn 0.00787402 -1 0.0393701 
vn 0.00787402 -1 0.0393701 
vn 0 -1 0 
vn 0 -1 0 
vn 0 -1 0 
vn -0.519685 -0.637795 -0.566929 
vn -0.519685 -0.637795 -0.566929 
vn -0.519685 -0.637795 -0.566929 
vn -0.519685 -0.637795 -0.566929 
vn 0.519685 -0.637795 -0.566929 
vn 0.519685 -0.637795 -0.566929 
vn 0.519685 -0.637795 -0.566929 
vn 0.519685 -0.637795 -0.566929 
vn -0.0787402 -1 -0.00787402 
vn -0.0787402 -1 -0.00787402 
vn -0.0787402 -1 -0.00787402 
vn 0.00787402 -1 -0.0787402 
vn 0.00787402 -1 -0.0787402 
vn 0.00787402 -1 -0.0787402 
vn -0.519685 -0.637795 0.566929 
vn -0.519685 -0.637795 0.566929 
vn -0.519685 -0.637795 0.566929 
vn -0.519685 -0.637795 0.566929 
vn 0.519685 -0.637795 0.566929 
vn 0.519685 -0.637795 0.566929 
vn 0.519685 -0.637795 0.566929 
vn 0.519685 -0.637795 0.566929 
vn 0 -1 0.0787402 
vn 0 -1 0.0787402 
vn 0 -1 0.0787402 
vn 0 -1 0.0787402 
vn 0 -1 0.0787402 
vn 0 -1 0.0787402 
vn -0.559055 0.409449 -0.716535 
vn -0.653543 0.244094 -0.716535 
vn -0.700787 0.0866142 -0.708661 
vn -0.700787 0.0866142 -0.708661 
vn -0.409449 0.559055 -0.716535 
vn -0.409449 0.559055 -0.716535 
vn -0.653543 0.244094 0.716535 
vn -0.700787 0.0866142 0.708661 
vn -0.653543 0.244094 0.716535 
vn -0.559055 0.409449 0.716535 
vn -0.708661 0 -0.708661 
vn -0.708661 0 -0.708661 
vn -0.708661 0 0.708661 
vn -0.708661 0 0.708661 
vn -0.952756 0.307087 0 
vn -0.952756 0.307087 0 
vn -0.811024 0.590551 0 
vn -0.811024 0.590551 0 
vn -0.590551 0.811024 0 
vn -0.590551 0.811024 0 
vn -1 0 0 
vn -1 0 0 
vn -1 0.0787402 0 
vn -1 0.0787402 0 
vn -0.850394 -0.535433 0 
vn -0.850394 -0.535433 0 
vn -0.850394 -0.535433 0 
vn -0.850394 -0.535433 0 
vn -0.700787 0.0866142 -0.708661 
vn -0.708661 0 -0.708661 
vn -0.708661 0 0.708661 

vt 0.500272 -0.611835 
vt 0.482869 -0.6207 
vt 0.485353 -0.62412 
vt 0.501578 -0.615855 
vt 0.502884 -0.619875 
vt 0.520202 -0.617235 
vt 0.520202 -0.613008 
vt 0.501578 -0.615855 
vt 0.469058 -0.634509 
vt 0.472477 -0.636994 
vt 0.460189 -0.651911 
vt 0.464201 -0.653233 
vt 0.457362 -0.66883 
vt 0.461537 -0.669177 
vt 0.579568 -0.651921 
vt 0.570703 -0.634518 
vt 0.567283 -0.637002 
vt 0.575556 -0.653243 
vt 0.571545 -0.654565 
vt 0.574043 -0.669532 
vt 0.578218 -0.669186 
vt 0.556894 -0.620706 
vt 0.554409 -0.624126 
vt 0.539492 -0.611838 
vt 0.538186 -0.615858 
vt 0.520202 -0.608781 
vt 0.520202 -0.613008 
vt 0.465702 -0.785206 
vt 0.461537 -0.669177 
vt 0.461527 -0.785552 
vt 0.578209 -0.785562 
vt 0.465702 -0.785206 
vt 0.520188 -0.785903 
vt 0.520197 -0.668835 
vt 0.465711 -0.669523 
vt 0.574043 -0.669532 
vt 0.574034 -0.785215 
vt 0.582383 -0.785908 
vt 0.487838 -0.62754 
vt 0.502884 -0.619875 
vt 0.475896 -0.639479 
vt 0.468213 -0.654556 
vt 0.571545 -0.654565 
vt 0.563863 -0.639486 
vt 0.551924 -0.627545 
vt 0.536879 -0.619878 
vt 0.520202 -0.617235 
vt 0.465702 -0.785206 
vt 0.470634 -0.794349 
vt 0.520187 -0.794982 
vt 0.520188 -0.785903 
vt 0.520188 -0.785903 
vt 0.520187 -0.794982 
vt 0.5691 -0.794357 
vt 0.574034 -0.785215 
vt 0.576685 -0.794987 
vt 0.485353 -0.62412 
vt 0.487838 -0.62754 
vt 0.520202 -0.613008 
vt 0.520202 -0.608781 
vt 0.472477 -0.636994 
vt 0.475896 -0.639479 
vt 0.464201 -0.653233 
vt 0.468213 -0.654556 
vt 0.461537 -0.669177 
vt 0.465711 -0.669523 
vt 0.563863 -0.639486 
vt 0.582393 -0.66884 
vt 0.551924 -0.627545 
vt 0.536879 -0.619878 
vt 0.520202 -0.617235 
vt 0.466933 -0.682284 
vt 0.462853 -0.667365 
vt 0.462853 -0.702214 
vt 0.466933 -0.651069 
vt 0.462853 -0.654489 
vt 0.466933 -0.752715 
vt 0.466933 -0.738905 
vt 0.462853 -0.736421 
vt 0.466933 -0.721504 
vt 0.462853 -0.720198 
vt 0.572812 -0.682284 
vt 0.572812 -0.702214 
vt 0.576892 -0.702214 
vt 0.576892 -0.667365 
vt 0.576892 -0.654489 
vt 0.576892 -0.720198 
vt 0.466933 -0.682284 
vt 0.572812 -0.682284 
vt 0.572812 -0.664881 
vt 0.466933 -0.664881 
vt 0.572812 -0.651069 
vt 0.466933 -0.651069 
vt 0.572812 -0.752715 
vt 0.572812 -0.738905 
vt 0.466933 -0.738905 
vt 0.572812 -0.721504 
vt 0.466933 -0.721504 
vt 0.572812 -0.702214 
vt 0.466933 -0.702214 
vt 0.466933 -0.702214 
vt 0.572812 -0.702214 
vt 0.572812 -0.634509 
vt 0.576892 -0.636994 
vt 0.576892 -0.653233 
vt 0.57404 -0.66883 
vt 0.578215 -0.669177 
vt 0.462853 -0.636994 
vt 0.462853 -0.653233 
vt 0.46153 -0.669177 
vt 0.58239 -0.785206 
vt 0.58239 -0.669523 
vt 0.578215 -0.669177 
vt 0.578215 -0.785552 
vt 0.457355 -0.669523 
vt 0.46153 -0.785552 
vt 0.46153 -0.669177 
vt 0.466933 -0.634509 
vt 0.572812 -0.634509 
vt 0.466933 -0.651911 
vt 0.572812 -0.651911 
vt 0.57404 -0.66883 
vt 0.465705 -0.66883 
vt 0.465705 -0.785898 
vt 0.57404 -0.785898 
vt 0.465705 -0.66883 
vt 0.465705 -0.785898 
vt 0.470668 -0.794978 
vt 0.569078 -0.794978 
vt 0.57404 -0.785898 
vt 0.578215 -0.669177 
vt 0.57404 -0.785898 
vt 0.578215 -0.785552 
vt 0.465705 -0.785898 
vt 0.465705 -0.66883 
vt 0.539473 -0.611835 
vt 0.519543 -0.608781 
vt 0.519543 -0.613008 
vt 0.538167 -0.615855 
vt 0.536862 -0.619875 
vt 0.551908 -0.62754 
vt 0.554392 -0.62412 
vt 0.538167 -0.615855 
vt 0.563849 -0.639479 
vt 0.567268 -0.636994 
vt 0.571532 -0.654556 
vt 0.575544 -0.653233 
vt 0.574034 -0.669523 
vt 0.578209 -0.669177 
vt 0.460177 -0.651921 
vt 0.457352 -0.66884 
vt 0.461527 -0.669186 
vt 0.464189 -0.653243 
vt 0.468201 -0.654565 
vt 0.475882 -0.639486 
vt 0.472462 -0.637002 
vt 0.487821 -0.627545 
vt 0.485336 -0.624126 
vt 0.502866 -0.619878 
vt 0.501559 -0.615858 
vt 0.519543 -0.617235 
vt 0.519543 -0.613008 
vt 0.574034 -0.669523 
vt 0.574043 -0.785206 
vt 0.578218 -0.785552 
vt 0.465711 -0.785215 
vt 0.465702 -0.669532 
vt 0.461537 -0.785562 
vt 0.570688 -0.634509 
vt 0.469042 -0.634518 
vt 0.482851 -0.620706 
vt 0.574034 -0.669523 
vt 0.519548 -0.668835 
vt 0.519558 -0.785903 
vt 0.574043 -0.785206 
vt 0.465711 -0.785215 
vt 0.465702 -0.669532 
vt 0.536862 -0.619875 
vt 0.519548 -0.668835 
vt 0.551908 -0.62754 
vt 0.563849 -0.639479 
vt 0.571532 -0.654556 
vt 0.465702 -0.669532 
vt 0.468201 -0.654565 
vt 0.475882 -0.639486 
vt 0.487821 -0.627545 
vt 0.502866 -0.619878 
vt 0.519543 -0.617235 
vt 0.463061 -0.794987 
vt 0.465711 -0.785215 
vt 0.470645 -0.794357 
vt 0.519558 -0.794982 
vt 0.519558 -0.785903 
vt 0.519558 -0.785903 
vt 0.519558 -0.794982 
vt 0.569111 -0.794349 
vt 0.574043 -0.785206 
vt 0.576696 -0.794978 
vt 0.470527 -0.794986 
vt 0.519543 -0.613008 
vt 0.519543 -0.617235 
vt 0.554392 -0.62412 
vt 0.556876 -0.6207 
vt 0.567268 -0.636994 
vt 0.570688 -0.634509 
vt 0.575544 -0.653233 
vt 0.579556 -0.651911 
vt 0.578209 -0.669177 
vt 0.582383 -0.66883 
vt 0.469042 -0.634518 
vt 0.482851 -0.620706 
vt 0.500253 -0.611838 
vt 0.519543 -0.608781 
vt 0.457362 -0.785908 
vt 0.572812 -0.752715 
vt 0.578215 -0.643538 
vt 0.578215 -0.76022 
vt 0.46153 -0.76022 
vt 0.58239 -0.702199 
vt 0.58239 -0.702209 
vt 0.457355 -0.702199 
vt 0.57404 -0.764395 
vt 0.580972 -0.745875 
vt 0.470668 -0.652411 
vt 0.569068 -0.751222 
vt 0.568939 -0.652629 
vt 0.576662 -0.751111 
vt 0.58239 -0.756045 
vt 0.576662 -0.751111 
vt 0.57287 -0.754904 
vt 0.578215 -0.76022 
vt 0.569078 -0.758696 
vt 0.470668 -0.758696 
vt 0.465705 -0.764395 
vt 0.470668 -0.758696 
vt 0.466875 -0.754904 
vt 0.46153 -0.76022 
vt 0.463083 -0.751111 
vt 0.457355 -0.647713 
vt 0.463083 -0.652646 
vt 0.466875 -0.648853 
vt 0.46153 -0.643538 
vt 0.470668 -0.645061 
vt 0.57404 -0.639364 
vt 0.569078 -0.645061 
vt 0.57287 -0.648853 
vt 0.578215 -0.643538 
vt 0.463083 -0.702199 
vt 0.470668 -0.75123 
vt 0.470668 -0.652411 
vt 0.568939 -0.652629 
vt 0.569078 -0.645061 
vt 0.470668 -0.645061 
vt 0.470668 -0.652411 
vt 0.470668 -0.652411 
vt 0.470668 -0.645061 
vt 0.466875 -0.648853 
vt 0.576662 -0.652646 
vt 0.568939 -0.652629 
vt 0.576662 -0.702199 
vt 0.576662 -0.652646 
vt 0.57287 -0.648853 
vt 0.568939 -0.652629 
vt 0.470668 -0.75123 
vt 0.463083 -0.751111 
vt 0.466875 -0.754904 
vt 0.569078 -0.758696 
vt 0.569068 -0.751222 
vt 0.470668 -0.75123 
vt 0.470668 -0.758696 
vt 0.569068 -0.751222 
vt 0.569078 -0.758696 
vt 0.57287 -0.754904 
vt 0.463083 -0.702199 
vt 0.470668 -0.652411 
vt 0.463083 -0.652646 
vt 0.463083 -0.751111 
vt 0.470668 -0.75123 
vt 0.463083 -0.702199 
vt 0.576662 -0.702199 
vt 0.569068 -0.751222 
vt 0.576662 -0.751111 
vt 0.576662 -0.702199 
vt 0.568939 -0.652629 
vt 0.569068 -0.751222 
vt 0.470668 -0.75123 
vt 0.569068 -0.751222 
vt 0.470668 -0.652411 
vt 0.57287 -0.754904 
vt 0.569078 -0.758696 
vt 0.57404 -0.764395 
vt 0.578215 -0.76022 
vt 0.57287 -0.648853 
vt 0.576662 -0.652646 
vt 0.58239 -0.647713 
vt 0.578215 -0.643538 
vt 0.57287 -0.648853 
vt 0.569078 -0.645061 
vt 0.568939 -0.652629 
vt 0.57287 -0.754904 
vt 0.576662 -0.751111 
vt 0.569068 -0.751222 
vt 0.466875 -0.754904 
vt 0.463083 -0.751111 
vt 0.457355 -0.756045 
vt 0.46153 -0.76022 
vt 0.466875 -0.648853 
vt 0.470668 -0.645061 
vt 0.465705 -0.639364 
vt 0.46153 -0.643538 
vt 0.466875 -0.754904 
vt 0.470668 -0.758696 
vt 0.470668 -0.75123 
vt 0.466875 -0.648853 
vt 0.463083 -0.652646 
vt 0.470668 -0.652411 
vt 0.466933 -0.634518 
vt 0.462853 -0.653243 
vt 0.457355 -0.669532 
vt 0.46153 -0.669186 
vt 0.466933 -0.620706 
vt 0.462853 -0.624126 
vt 0.572812 -0.651921 
vt 0.578215 -0.669186 
vt 0.576892 -0.653243 
vt 0.580972 -0.639486 
vt 0.457355 -0.785215 
vt 0.46153 -0.785562 
vt 0.58239 -0.785215 
vt 0.578215 -0.785562 
vt 0.466933 -0.651921 
vt 0.572812 -0.651921 
vt 0.572812 -0.634518 
vt 0.466933 -0.634518 
vt 0.572812 -0.620706 
vt 0.466933 -0.620706 
vt 0.465705 -0.785908 
vt 0.57404 -0.785908 
vt 0.57404 -0.66884 
vt 0.465705 -0.66884 
vt 0.465705 -0.785908 
vt 0.470668 -0.794987 
vt 0.569078 -0.794987 
vt 0.57404 -0.785908 
vt 0.465705 -0.66884 
vt 0.465705 -0.785908 
vt 0.57404 -0.785908 

usemtl Union3Mtl

f 3061/3061/3061 3062/3062/3062 3063/3063/3063 
f 3061/3061/3061 3063/3063/3063 3064/3064/3064 
f 3065/3065/3065 3066/3066/3066 3067/3067/3067 
f 3065/3065/3065 3067/3067/3067 3068/3068/3068 
f 3062/3062/3062 3069/3069/3069 3070/3070/3070 
f 3062/3062/3062 3070/3070/3070 3063/3063/3063 
f 3069/3069/3069 3071/3071/3071 3072/3072/3072 
f 3069/3069/3069 3072/3072/3072 3070/3070/3070 
f 3071/3071/3071 3073/3073/3073 3074/3074/3074 
f 3071/3071/3071 3074/3074/3074 3072/3072/3072 
f 3075/3075/3075 3076/3076/3076 3077/3077/3077 
f 3075/3075/3075 3077/3077/3077 3078/3078/3078 
f 3079/3079/3079 3080/3080/3080 3081/3081/3081 
f 3079/3079/3079 3081/3081/3081 3078/3078/3078 
f 3076/3076/3076 3082/3082/3082 3083/3083/3083 
f 3076/3076/3076 3083/3083/3083 3077/3077/3077 
f 3082/3082/3082 3084/3084/3084 3085/3085/3085 
f 3082/3082/3082 3085/3085/3085 3083/3083/3083 
f 3084/3084/3084 3086/3086/3086 3087/3087/3087 
f 3084/3084/3084 3087/3087/3087 3085/3085/3085 
f 3088/3088/3088 3089/3089/3089 3090/3090/3090 
f 3080/3080/3080 3091/3091/3091 3081/3081/3081 
f 3092/3092/3092 3093/3093/3093 3094/3094/3094 
f 3092/3092/3092 3094/3094/3094 3095/3095/3095 
f 3096/3096/3096 3094/3094/3094 3093/3093/3093 
f 3096/3096/3096 3093/3093/3093 3097/3097/3097 
f 3099/3099/3099 3094/3094/3094 3100/3100/3100 
f 3101/3101/3101 3094/3094/3094 3099/3099/3099 
f 3102/3102/3102 3094/3094/3094 3101/3101/3101 
f 3095/3095/3095 3094/3094/3094 3102/3102/3102 
f 3103/3103/3103 3094/3094/3094 3096/3096/3096 
f 3104/3104/3104 3094/3094/3094 3103/3103/3103 
f 3105/3105/3105 3094/3094/3094 3104/3104/3104 
f 3106/3106/3106 3094/3094/3094 3105/3105/3105 
f 3107/3107/3107 3094/3094/3094 3106/3106/3106 
f 3100/3100/3100 3094/3094/3094 3107/3107/3107 
f 3108/3108/3108 3109/3109/3109 3110/3110/3110 
f 3108/3108/3108 3110/3110/3110 3111/3111/3111 
f 3112/3112/3112 3113/3113/3113 3114/3114/3114 
f 3112/3112/3112 3114/3114/3114 3115/3115/3115 
f 3117/3117/3117 3118/3118/3118 3065/3065/3065 
f 3117/3117/3117 3065/3065/3065 3068/3068/3068 
f 3119/3119/3119 3120/3120/3120 3061/3061/3061 
f 3119/3119/3119 3061/3061/3061 3064/3064/3064 
f 3121/3121/3121 3122/3122/3122 3118/3118/3118 
f 3121/3121/3121 3118/3118/3118 3117/3117/3117 
f 3123/3123/3123 3124/3124/3124 3122/3122/3122 
f 3123/3123/3123 3122/3122/3122 3121/3121/3121 
f 3125/3125/3125 3126/3126/3126 3124/3124/3124 
f 3125/3125/3125 3124/3124/3124 3123/3123/3123 
f 3077/3077/3077 3127/3127/3127 3079/3079/3079 
f 3077/3077/3077 3079/3079/3079 3078/3078/3078 
f 3081/3081/3081 3128/3128/3128 3075/3075/3075 
f 3081/3081/3081 3075/3075/3075 3078/3078/3078 
f 3083/3083/3083 3129/3129/3129 3127/3127/3127 
f 3083/3083/3083 3127/3127/3127 3077/3077/3077 
f 3085/3085/3085 3130/3130/3130 3129/3129/3129 
f 3085/3085/3085 3129/3129/3129 3083/3083/3083 
f 3087/3087/3087 3131/3131/3131 3130/3130/3130 
f 3087/3087/3087 3130/3130/3130 3085/3085/3085 
f 3091/3091/3091 3128/3128/3128 3081/3081/3081 
f 3148/3148/3148 3149/3149/3149 3150/3150/3150 
f 3148/3148/3148 3150/3150/3150 3151/3151/3151 
f 3151/3151/3151 3150/3150/3150 3152/3152/3152 
f 3151/3151/3151 3152/3152/3152 3153/3153/3153 
f 3156/3156/3156 3155/3155/3155 3157/3157/3157 
f 3156/3156/3156 3157/3157/3157 3158/3158/3158 
f 3158/3158/3158 3157/3157/3157 3159/3159/3159 
f 3158/3158/3158 3159/3159/3159 3160/3160/3160 
f 3161/3161/3161 3162/3162/3162 3149/3149/3149 
f 3161/3161/3161 3149/3149/3149 3148/3148/3148 
f 3171/3171/3171 3172/3172/3172 3173/3173/3173 
f 3175/3175/3175 3176/3176/3176 3177/3177/3177 
f 3179/3179/3179 3178/3178/3178 3180/3180/3180 
f 3179/3179/3179 3180/3180/3180 3181/3181/3181 
f 3182/3182/3182 3183/3183/3183 3184/3184/3184 
f 3182/3182/3182 3184/3184/3184 3185/3185/3185 
f 3181/3181/3181 3180/3180/3180 3186/3186/3186 
f 3181/3181/3181 3186/3186/3186 3182/3182/3182 
f 3187/3187/3187 3188/3188/3188 3189/3189/3189 
f 3187/3187/3187 3189/3189/3189 3190/3190/3190 
f 3191/3191/3191 3166/3166/3166 3192/3192/3192 
f 3191/3191/3191 3192/3192/3192 3193/3193/3193 
f 3176/3176/3176 3194/3194/3194 3195/3195/3195 
f 3176/3176/3176 3195/3195/3195 3177/3177/3177 
f 3196/3196/3196 3197/3197/3197 3198/3198/3198 
f 3196/3196/3196 3198/3198/3198 3199/3199/3199 
f 3200/3200/3200 3201/3201/3201 3202/3202/3202 
f 3200/3200/3200 3202/3202/3202 3203/3203/3203 
f 3201/3201/3201 3204/3204/3204 3205/3205/3205 
f 3201/3201/3201 3205/3205/3205 3202/3202/3202 
f 3204/3204/3204 3206/3206/3206 3207/3207/3207 
f 3204/3204/3204 3207/3207/3207 3205/3205/3205 
f 3206/3206/3206 3208/3208/3208 3209/3209/3209 
f 3206/3206/3206 3209/3209/3209 3207/3207/3207 
f 3210/3210/3210 3211/3211/3211 3212/3212/3212 
f 3210/3210/3210 3212/3212/3212 3213/3213/3213 
f 3214/3214/3214 3215/3215/3215 3216/3216/3216 
f 3214/3214/3214 3216/3216/3216 3213/3213/3213 
f 3215/3215/3215 3217/3217/3217 3218/3218/3218 
f 3215/3215/3215 3218/3218/3218 3216/3216/3216 
f 3217/3217/3217 3219/3219/3219 3220/3220/3220 
f 3217/3217/3217 3220/3220/3220 3218/3218/3218 
f 3219/3219/3219 3221/3221/3221 3222/3222/3222 
f 3219/3219/3219 3222/3222/3222 3220/3220/3220 
f 3223/3223/3223 3224/3224/3224 3225/3225/3225 
f 3226/3226/3226 3227/3227/3227 3212/3212/3212 
f 3232/3232/3232 3233/3233/3233 3234/3234/3234 
f 3232/3232/3232 3234/3234/3234 3235/3235/3235 
f 3236/3236/3236 3234/3234/3234 3233/3233/3233 
f 3236/3236/3236 3233/3233/3233 3237/3237/3237 
f 3238/3238/3238 3239/3239/3239 3240/3240/3240 
f 3240/3240/3240 3239/3239/3239 3241/3241/3241 
f 3241/3241/3241 3239/3239/3239 3242/3242/3242 
f 3242/3242/3242 3239/3239/3239 3232/3232/3232 
f 3243/3243/3243 3233/3233/3233 3244/3244/3244 
f 3244/3244/3244 3233/3233/3233 3245/3245/3245 
f 3245/3245/3245 3233/3233/3233 3246/3246/3246 
f 3246/3246/3246 3233/3233/3233 3247/3247/3247 
f 3247/3247/3247 3233/3233/3233 3248/3248/3248 
f 3248/3248/3248 3239/3239/3239 3238/3238/3238 
f 3250/3250/3250 3251/3251/3251 3252/3252/3252 
f 3250/3250/3250 3252/3252/3252 3253/3253/3253 
f 3254/3254/3254 3255/3255/3255 3256/3256/3256 
f 3254/3254/3254 3256/3256/3256 3257/3257/3257 
f 3260/3260/3260 3261/3261/3261 3200/3200/3200 
f 3260/3260/3260 3200/3200/3200 3203/3203/3203 
f 3262/3262/3262 3263/3263/3263 3196/3196/3196 
f 3262/3262/3262 3196/3196/3196 3199/3199/3199 
f 3264/3264/3264 3265/3265/3265 3263/3263/3263 
f 3264/3264/3264 3263/3263/3263 3262/3262/3262 
f 3266/3266/3266 3267/3267/3267 3265/3265/3265 
f 3266/3266/3266 3265/3265/3265 3264/3264/3264 
f 3268/3268/3268 3269/3269/3269 3267/3267/3267 
f 3268/3268/3268 3267/3267/3267 3266/3266/3266 
f 3212/3212/3212 3227/3227/3227 3214/3214/3214 
f 3212/3212/3212 3214/3214/3214 3213/3213/3213 
f 3216/3216/3216 3270/3270/3270 3210/3210/3210 
f 3216/3216/3216 3210/3210/3210 3213/3213/3213 
f 3218/3218/3218 3271/3271/3271 3270/3270/3270 
f 3218/3218/3218 3270/3270/3270 3216/3216/3216 
f 3220/3220/3220 3272/3272/3272 3271/3271/3271 
f 3220/3220/3220 3271/3271/3271 3218/3218/3218 
f 3222/3222/3222 3273/3273/3273 3272/3272/3272 
f 3222/3222/3222 3272/3272/3272 3220/3220/3220 
f 3212/3212/3212 3211/3211/3211 3274/3274/3274 
f 3284/3284/3284 3285/3285/3285 3286/3286/3286 
f 3288/3288/3288 3289/3289/3289 3290/3290/3290 
f 3288/3288/3288 3290/3290/3290 3291/3291/3291 
f 3294/3294/3294 3295/3295/3295 3296/3296/3296 
f 3294/3294/3294 3296/3296/3296 3297/3297/3297 
f 3299/3299/3299 3300/3300/3300 3301/3301/3301 
f 3299/3299/3299 3301/3301/3301 3302/3302/3302 
f 3304/3304/3304 3305/3305/3305 3306/3306/3306 
f 3304/3304/3304 3306/3306/3306 3307/3307/3307 
f 3308/3308/3308 3309/3309/3309 3310/3310/3310 
f 3311/3311/3311 3312/3312/3312 3313/3313/3313 
f 3311/3311/3311 3313/3313/3313 3314/3314/3314 
f 3315/3315/3315 3316/3316/3316 3317/3317/3317 
f 3318/3318/3318 3319/3319/3319 3320/3320/3320 
f 3321/3321/3321 3322/3322/3322 3323/3323/3323 
f 3324/3324/3324 3325/3325/3325 3326/3326/3326 
f 3327/3327/3327 3328/3328/3328 3329/3329/3329 
f 3327/3327/3327 3329/3329/3329 3330/3330/3330 
f 3331/3331/3331 3332/3332/3332 3333/3333/3333 
f 3334/3334/3334 3335/3335/3335 3336/3336/3336 
f 3337/3337/3337 3338/3338/3338 3339/3339/3339 
f 3340/3340/3340 3341/3341/3341 3342/3342/3342 
f 3343/3343/3343 3344/3344/3344 3345/3345/3345 
f 3346/3346/3346 3347/3347/3347 3348/3348/3348 
f 3349/3349/3349 3350/3350/3350 3351/3351/3351 
f 3349/3349/3349 3351/3351/3351 3352/3352/3352 
f 3353/3353/3353 3354/3354/3354 3355/3355/3355 
f 3353/3353/3353 3355/3355/3355 3356/3356/3356 
f 3357/3357/3357 3358/3358/3358 3359/3359/3359 
f 3360/3360/3360 3361/3361/3361 3362/3362/3362 
f 3363/3363/3363 3364/3364/3364 3365/3365/3365 
f 3363/3363/3363 3365/3365/3365 3366/3366/3366 
f 3367/3367/3367 3368/3368/3368 3369/3369/3369 
f 3367/3367/3367 3369/3369/3369 3370/3370/3370 
f 3371/3371/3371 3372/3372/3372 3373/3373/3373 
f 3374/3374/3374 3375/3375/3375 3376/3376/3376 
f 3379/3379/3379 3387/3387/3387 3388/3388/3388 
f 3389/3389/3389 3384/3384/3384 3390/3390/3390 
f 3391/3391/3391 3392/3392/3392 3393/3393/3393 
f 3391/3391/3391 3393/3393/3393 3394/3394/3394 
f 3394/3394/3394 3393/3393/3393 3395/3395/3395 
f 3394/3394/3394 3395/3395/3395 3396/3396/3396 
f 3397/3397/3397 3398/3398/3398 3399/3399/3399 
f 3397/3397/3397 3399/3399/3399 3400/3400/3400 
f 3400/3400/3400 3399/3399/3399 3392/3392/3392 
f 3400/3400/3400 3392/3392/3392 3391/3391/3391 
f 3401/3401/3401 3402/3402/3402 3403/3403/3403 
f 3401/3401/3401 3403/3403/3403 3404/3404/3404 
f 3388/3388/3388 3406/3406/3406 3405/3405/3405 
f 3384/3384/3384 3407/3407/3407 3390/3390/3390 

g 7

v -32.7101 3.45657 -2.98238 
v -32.6996 3.48873 -2.94881 
v -32.5698 3.4226 -2.94881 
v -32.5897 3.39525 -2.98238 
v -32.4668 3.3196 -2.94881 
v -32.4942 3.29973 -2.98238 
v -32.4006 3.18968 -2.94881 
v -32.4327 3.17911 -2.98238 
v -32.3793 3.05937 -2.96461 
v -32.3793 2.34718 -2.96461 
v -32.4395 3.33948 -2.91524 
v -33.2794 2.34718 -2.99801 
v -33.2399 2.27431 -2.95219 
v -33.2794 2.34718 -2.99801 
v -32.8486 2.34717 -2.99801 
v -32.8486 2.27417 -2.95219 
v -33.2399 2.27431 -2.95219 
v -32.8486 2.34717 -2.99801 
v -32.4127 2.34718 -2.99801 
v -32.4522 2.27431 -2.95219 
v -32.8486 2.27417 -2.95219 
v -32.4218 2.27429 -2.92185 
v -32.8127 3.53984 -2.91524 
v -33.3462 3.05906 -2.93121 
v -32.8486 3.46341 -2.95109 
v -32.814 3.47241 -2.98238 
v -32.8148 3.05906 -2.99801 
v -32.8486 3.09444 -2.96421 
v -33.2794 3.05906 -2.99801 
v -32.8486 3.09444 -2.96421 
v -32.8148 3.05906 -2.99801 
v -32.6892 3.52089 -2.91524 
v -32.8134 3.50612 -2.94881 
v -32.8127 3.53984 -2.91524 
v -33.2794 2.34718 -2.99801 
v -33.3462 3.05906 -2.93121 
v -33.2794 3.05906 -2.99801 
v -32.4127 3.05937 -2.99801 
v -32.4127 2.34718 -2.99801 
v -32.8486 2.34717 -2.99801 
v -32.8148 3.05906 -2.99801 
v -33.2794 2.34718 -2.99801 
v -33.2794 3.05906 -2.99801 
v -32.7101 3.45657 -2.98238 
v -32.5897 3.39525 -2.98238 
v -32.4942 3.29973 -2.98238 
v -32.4327 3.17911 -2.98238 
v -32.4127 3.05937 -2.99801 
v -32.814 3.47241 -2.98238 
v -32.5499 3.44996 -2.91524 
v -32.4395 3.33948 -2.91524 
v -32.3685 3.20026 -2.91524 
v -32.3459 3.05937 -2.93121 
v -32.814 3.47241 -2.98238 
v -32.5698 3.4226 -2.0469 
v -32.4395 3.33948 -2.08044 
v -32.3685 3.20026 -2.08044 
v -32.5698 3.4226 -2.94881 
v -32.5897 3.39525 -2.98238 
v -32.6892 3.52089 -2.08044 
v -32.5499 3.44996 -2.08044 
v -32.5499 3.44996 -2.91524 
v -32.6892 3.52089 -2.91524 
v -32.4395 3.33948 -2.08044 
v -32.4395 3.33948 -2.91524 
v -32.8486 3.50906 -2.09032 
v -32.8127 3.53984 -2.08044 
v -32.8127 3.53984 -2.91524 
v -32.8486 3.50906 -2.90206 
v -32.8148 3.05906 -1.99773 
v -33.3462 3.05906 -2.93121 
v -33.3112 3.09444 -2.07909 
v -33.3462 3.05906 -2.06453 
v -33.2794 3.05906 -1.99773 
v -33.2794 3.09444 -2.03472 
v -33.2794 3.09444 -2.03472 
v -33.2794 3.05906 -1.99773 
v -32.8148 3.05906 -1.99773 
v -32.8148 3.05906 -2.99801 
v -33.2794 3.05906 -2.99801 
v -33.2794 3.09444 -2.96102 
v -32.8486 3.09444 -2.96421 
v -33.2794 3.09444 -2.96102 
v -33.2794 3.05906 -2.99801 
v -33.3462 3.05906 -2.93121 
v -33.3112 3.09444 -2.91665 
v -32.8127 3.53984 -2.08044 
v -32.8127 3.53984 -2.91524 
v -32.5897 3.39525 -2.01336 
v -33.3112 3.09444 -2.07909 
v -33.2794 3.09444 -2.03472 
v -33.2794 3.09444 -2.96102 
v -33.3112 3.09444 -2.91665 
v -33.2794 3.09444 -2.96102 
v -32.8486 3.09444 -2.03153 
v -32.8486 3.09444 -2.96421 
v -33.2794 3.09444 -2.03472 
v -32.8486 3.09444 -2.03153 
v -33.2794 3.09444 -2.96102 
v -32.6892 3.52089 -2.08044 
v -32.4395 3.33948 -2.08044 
v -32.4006 3.18968 -2.0469 
v -32.3685 3.20026 -2.08044 
v -32.3793 3.05937 -2.03113 
v -32.3459 3.05937 -2.06453 
v -32.5897 3.39525 -2.98238 
v -32.4006 3.18968 -2.94881 
v -32.4327 3.17911 -2.98238 
v -32.3793 3.05937 -2.96461 
v -32.4127 3.05937 -2.99801 
v -32.4127 2.34718 -1.99773 
v -32.3793 2.34718 -2.03113 
v -32.4127 3.05937 -1.99773 
v -32.4127 3.05937 -2.99801 
v -32.3793 3.05937 -2.96461 
v -32.3793 2.34718 -2.96461 
v -32.4127 2.34718 -2.99801 
v -32.4395 3.33948 -2.08044 
v -32.4395 3.33948 -2.91524 
v -32.3685 3.20026 -2.08044 
v -32.3685 3.20026 -2.91524 
v -32.3459 3.05937 -2.06453 
v -32.3459 2.34717 -2.06453 
v -32.3459 2.34717 -2.93121 
v -32.3459 3.05937 -2.93121 
v -32.3459 3.05937 -2.06453 
v -32.3459 3.05937 -2.93121 
v -32.4522 2.27445 -2.04355 
v -32.4218 2.27429 -2.92185 
v -32.3459 2.34717 -2.93121 
v -32.3459 2.34717 -2.06453 
v -32.3915 2.27427 -2.10423 
v -32.3915 2.27427 -2.89151 
v -32.4218 2.27436 -2.07389 
v -32.814 3.47241 -2.98238 
v -32.8148 3.05906 -2.99801 
v -32.5897 3.39525 -2.01336 
v -32.3459 3.05937 -2.93121 
v -32.3793 3.05937 -2.96461 
v -32.3459 3.05937 -2.93121 
v -32.3459 2.34717 -2.93121 
v -32.3793 2.34718 -2.96461 
v -32.3459 2.34717 -2.06453 
v -32.3459 3.05937 -2.06453 
v -32.6892 3.52089 -2.08044 
v -32.6996 3.48873 -2.0469 
v -32.5698 3.4226 -2.0469 
v -32.5499 3.44996 -2.08044 
v -32.4668 3.3196 -2.0469 
v -32.4395 3.33948 -2.08044 
v -32.4006 3.18968 -2.0469 
v -32.3685 3.20026 -2.08044 
v -32.3793 3.05937 -2.03113 
v -32.3793 2.34718 -2.03113 
v -32.4127 3.05937 -1.99773 
v -32.3459 2.34717 -2.06453 
v -32.8486 2.27431 -2.04355 
v -33.2399 2.27445 -2.04355 
v -32.4127 2.34718 -1.99773 
v -32.8486 2.34717 -1.99773 
v -32.8486 2.27431 -2.04355 
v -32.4522 2.27445 -2.04355 
v -32.8486 2.34717 -1.99773 
v -33.2794 2.34718 -1.99773 
v -33.2399 2.27445 -2.04355 
v -32.8486 2.27431 -2.04355 
v -33.3462 2.34717 -2.06453 
v -33.3006 2.27427 -2.10423 
v -32.4218 2.27436 -2.07389 
v -32.8127 3.53984 -2.08044 
v -32.814 3.47241 -2.01336 
v -32.814 3.47241 -2.01336 
v -32.8486 3.46341 -2.04417 
v -32.8486 3.09444 -2.03153 
v -32.8148 3.05906 -1.99773 
v -33.2794 3.09444 -2.03472 
v -33.2794 3.09444 -2.03472 
v -32.8148 3.05906 -1.99773 
v -32.8486 3.09444 -2.03153 
v -32.7101 3.45657 -2.01336 
v -32.8134 3.50612 -2.0469 
v -32.814 3.47241 -2.01336 
v -33.2794 3.05906 -1.99773 
v -33.3462 3.05906 -2.06453 
v -33.3462 2.34717 -2.06453 
v -32.4127 2.34718 -1.99773 
v -32.4127 3.05937 -1.99773 
v -32.8148 3.05906 -1.99773 
v -32.8486 2.34717 -1.99773 
v -33.2794 3.05906 -1.99773 
v -33.2794 2.34718 -1.99773 
v -32.5897 3.39525 -2.01336 
v -32.7101 3.45657 -2.01336 
v -32.4942 3.29973 -2.01336 
v -32.4327 3.17911 -2.01336 
v -32.814 3.47241 -2.01336 
v -32.5897 3.39525 -2.01336 
v -32.4942 3.29973 -2.01336 
v -32.4327 3.17911 -2.01336 
v -32.8127 3.53984 -2.08044 
v -32.3793 2.34718 -2.03113 
v -32.3793 2.34718 -2.96461 
v -32.3459 2.34717 -2.06453 
v -32.8486 2.27431 -2.04355 
v -33.2399 2.27445 -2.04355 
v -33.2391 2.2744 -2.10592 
v -32.8486 2.27434 -2.10514 
v -32.8486 2.34717 -1.99773 
v -32.4522 2.27445 -2.04355 
v -33.2794 2.34718 -1.99773 
v -33.2794 2.34718 -1.99773 
v -33.3462 2.34717 -2.06453 
v -33.3006 2.27427 -2.10423 
v -33.2399 2.27445 -2.04355 
v -33.3462 2.34717 -2.93121 
v -33.2794 2.34718 -2.99801 
v -33.2399 2.27431 -2.95219 
v -33.3006 2.27427 -2.89151 
v -32.8486 2.27417 -2.95219 
v -32.4127 2.34718 -2.99801 
v -32.3793 2.34718 -2.96461 
v -32.4218 2.27429 -2.92185 
v -32.4522 2.27431 -2.95219 
v -32.3915 2.27427 -2.10423 
v -32.3459 2.34717 -2.06453 
v -32.3793 2.34718 -2.03113 
v -32.4218 2.27436 -2.07389 
v -32.3915 2.27427 -2.10423 
v -32.8486 2.27427 -2.89151 
v -33.2294 2.27427 -2.89151 
v -33.2399 2.27431 -2.95219 
v -32.8486 2.27417 -2.95219 
v -33.3006 2.27427 -2.10423 
v -33.2391 2.2744 -2.10592 
v -33.2399 2.27445 -2.04355 
v -33.2399 2.27431 -2.95219 
v -33.2294 2.27427 -2.89151 
v -33.3006 2.27427 -2.89151 
v -33.2294 2.27427 -2.89151 
v -33.2391 2.2744 -2.10592 
v -33.3006 2.27427 -2.10423 
v -33.3006 2.27427 -2.89151 
v -32.8486 2.27434 -2.10514 
v -33.2391 2.2744 -2.10592 
v -33.2294 2.27427 -2.89151 
v -32.8486 2.27427 -2.89151 
v -32.4504 2.27427 -2.89151 
v -32.4522 2.27431 -2.95219 
v -32.4218 2.27429 -2.92185 
v -32.3915 2.27427 -2.10423 
v -32.4505 2.27428 -2.10435 
v -32.4504 2.27427 -2.89151 
v -32.3915 2.27427 -2.89151 
v -32.4505 2.27428 -2.10435 
v -32.3915 2.27427 -2.10423 
v -32.4218 2.27436 -2.07389 
v -32.8486 2.27417 -2.95219 
v -32.4522 2.27431 -2.95219 
v -32.4504 2.27427 -2.89151 
v -32.8486 2.27427 -2.89151 
v -32.8486 2.27427 -2.89151 
v -32.4504 2.27427 -2.89151 
v -32.4505 2.27428 -2.10435 
v -32.8486 2.27434 -2.10514 
v -32.8486 2.27434 -2.10514 
v -32.4505 2.27428 -2.10435 
v -32.4522 2.27445 -2.04355 
v -32.8486 2.27431 -2.04355 
v -32.3793 2.34718 -2.96461 
v -32.3459 2.34717 -2.93121 
v -32.3915 2.27427 -2.89151 
v -32.4218 2.27429 -2.92185 
v -32.4218 2.27429 -2.92185 
v -32.3915 2.27427 -2.89151 
v -32.4504 2.27427 -2.89151 
v -32.3793 2.34718 -2.03113 
v -32.4127 2.34718 -1.99773 
v -32.4522 2.27445 -2.04355 
v -32.4218 2.27436 -2.07389 
v -32.4218 2.27436 -2.07389 
v -32.4522 2.27445 -2.04355 
v -32.4505 2.27428 -2.10435 
v -32.6892 3.52089 -2.08044 
v -32.3793 2.34718 -2.96461 
v -33.2794 2.34718 -1.99773 
v -33.3462 2.34717 -2.06453 
v -33.3006 2.27427 -2.10423 
v -33.3462 2.34717 -2.06453 
v -33.3462 2.34717 -2.93121 
v -33.3006 2.27427 -2.89151 
v -33.3006 2.27427 -2.10423 
v -33.2794 2.34718 -2.99801 
v -33.2399 2.27431 -2.95219 
v -32.8127 3.53984 -2.08044 
v -32.8127 3.53984 -2.91524 
v -32.8486 3.50906 -2.09032 
v -32.8486 3.46341 -2.04417 
v -32.814 3.47241 -2.01336 
v -32.8134 3.50612 -2.0469 
v -32.8148 3.05906 -1.99773 
v -33.3462 3.05906 -2.06453 
v -33.3112 3.09444 -2.07909 
v -33.3112 3.09444 -2.91665 
v -33.3462 3.05906 -2.93121 
v -33.3112 3.09444 -2.07909 
v -33.2794 3.05906 -1.99773 
v -33.2794 3.09444 -2.03472 
v -32.8127 3.53984 -2.91524 
v -32.8134 3.50612 -2.94881 
v -32.8486 3.50906 -2.90206 
v -32.814 3.47241 -2.98238 
v -32.8148 3.05906 -2.99801 
v -33.2794 3.05906 -1.99773 
v -33.3462 2.34717 -2.06453 
v -33.2794 2.34718 -1.99773 
v -33.2794 2.34718 -2.99801 
v -33.3462 2.34717 -2.93121 
v -33.3462 3.05906 -2.93121 
v -33.3462 2.34717 -2.06453 
v -33.3462 3.05906 -2.06453 
v -33.3462 3.05906 -2.93121 
v -33.3462 2.34717 -2.93121 
v -32.8486 3.46341 -2.04417 
v -32.8486 3.50906 -2.09032 
v -32.8486 3.50906 -2.90206 
v -32.8486 3.46341 -2.95109 
v -32.8486 3.09444 -2.03153 
v -32.8486 3.46341 -2.95109 
v -32.8486 3.09444 -2.96421 
v -32.8486 3.09444 -2.03153 
v -32.8486 3.46341 -2.04417 
v -32.8486 3.46341 -2.95109 
v -32.8134 3.50612 -2.94881 
v -32.814 3.47241 -2.98238 
v -32.8486 3.46341 -2.95109 
v -32.8486 3.50906 -2.90206 
v -32.8134 3.50612 -2.0469 
v -32.8127 3.53984 -2.08044 
v -32.8486 3.50906 -2.09032 

vn 0.212598 0.669291 -0.708661 
vn 0.212598 0.669291 -0.708661 
vn 0.417323 0.566929 -0.708661 
vn 0.417323 0.566929 -0.708661 
vn 0.566929 0.417323 -0.708661 
vn 0.566929 0.417323 -0.708661 
vn 0.661417 0.259843 -0.708661 
vn 0.661417 0.259843 -0.708661 
vn 0.700787 0.102362 -0.708661 
vn 0.708661 0 -0.708661 
vn 0.811024 0.590551 0 
vn -0.543307 -0.637795 -0.543307 
vn -0.543307 -0.637795 -0.543307 
vn 0 -0.535433 -0.850394 
vn 0 -0.535433 -0.850394 
vn 0 -0.535433 -0.850394 
vn 0 -0.535433 -0.850394 
vn 0 -0.535433 -0.850394 
vn 0 -0.535433 -0.850394 
vn 0 -0.535433 -0.850394 
vn 0 -0.535433 -0.850394 
vn 0.543307 -0.637795 -0.543307 
vn -0.653543 0.755906 0 
vn -0.708661 0.700787 0 
vn -0.685039 0.0314961 -0.732283 
vn -0.685039 0.0314961 -0.732283 
vn -0.685039 0.0314961 -0.732283 
vn -0.685039 0.0314961 -0.732283 
vn 0 0.708661 -0.708661 
vn 0 0.708661 -0.708661 
vn 0 0.708661 -0.708661 
vn 0.212598 0.669291 -0.708661 
vn 0.110236 0.700787 -0.708661 
vn 0.110236 0.700787 -0.708661 
vn -0.708661 0 -0.708661 
vn -0.708661 0 -0.708661 
vn -0.708661 0 -0.708661 
vn 0 0.0629921 -1 
vn 0 0 -1 
vn 0 0 -1 
vn 0.00787402 0.015748 -1 
vn 0 0 -1 
vn 0 0 -1 
vn 0.00787402 0.0393701 -1 
vn 0.023622 0.0314961 -1 
vn 0.0314961 0.023622 -1 
vn 0.015748 0.0708661 -1 
vn 0 0.0629921 -1 
vn 0.00787402 0.0393701 -1 
vn 0.417323 0.566929 -0.708661 
vn 0.566929 0.417323 -0.708661 
vn 0.661417 0.259843 -0.708661 
vn 0.700787 0.0944882 -0.708661 
vn 0.110236 0.700787 -0.708661 
vn 0.417323 0.566929 0.708661 
vn 0.566929 0.417323 0.708661 
vn 0.661417 0.259843 0.708661 
vn 0.417323 0.566929 -0.708661 
vn 0.417323 0.566929 -0.708661 
vn 0.307087 0.952756 0 
vn 0.590551 0.811024 0 
vn 0.590551 0.811024 0 
vn 0.307087 0.952756 0 
vn 0.811024 0.590551 0 
vn 0.811024 0.590551 0 
vn -0.653543 0.755906 0 
vn -0.653543 0.755906 0 
vn -0.653543 0.755906 0 
vn -0.653543 0.755906 0 
vn -0.677165 0.023622 0.732283 
vn -0.708661 0.700787 0 
vn -0.566929 0.645669 0.503937 
vn -0.566929 0.645669 0.503937 
vn -0.566929 0.645669 0.503937 
vn -0.566929 0.645669 0.503937 
vn 0 0.708661 0.708661 
vn 0 0.708661 0.708661 
vn 0 0.708661 0.708661 
vn -0.685039 0.0314961 -0.732283 
vn 0 0.708661 -0.708661 
vn 0 0.708661 -0.708661 
vn 0 0.708661 -0.708661 
vn -0.566929 0.645669 -0.503937 
vn -0.566929 0.645669 -0.503937 
vn -0.566929 0.645669 -0.503937 
vn -0.566929 0.645669 -0.503937 
vn 0.149606 0.992126 0 
vn 0.149606 0.992126 0 
vn 0.023622 0.0314961 1 
vn 0 1 0 
vn 0 1 0 
vn 0 1 0 
vn 0 1 0 
vn 0 1 0 
vn 0 1 0 
vn 0 1 0 
vn 0 1 0 
vn 0 1 0 
vn 0 1 0 
vn 0.212598 0.669291 0.708661 
vn 0.566929 0.417323 0.708661 
vn 0.661417 0.259843 0.708661 
vn 0.661417 0.259843 0.708661 
vn 0.700787 0.102362 0.708661 
vn 0.700787 0.0944882 0.708661 
vn 0.417323 0.566929 -0.708661 
vn 0.661417 0.259843 -0.708661 
vn 0.661417 0.259843 -0.708661 
vn 0.700787 0.102362 -0.708661 
vn 0.700787 0.102362 -0.708661 
vn 0.708661 0 0.708661 
vn 0.708661 0 0.708661 
vn 0.700787 0.102362 0.708661 
vn 0.700787 0.102362 -0.708661 
vn 0.700787 0.102362 -0.708661 
vn 0.708661 0 -0.708661 
vn 0.708661 0 -0.708661 
vn 0.811024 0.590551 0 
vn 0.811024 0.590551 0 
vn 0.952756 0.307087 0 
vn 0.952756 0.307087 0 
vn 1 0.0787402 0 
vn 1 0 0 
vn 1 0 0 
vn 1 0.0787402 0 
vn 1 0.0787402 0 
vn 1 0.0787402 0 
vn 0 -0.535433 0.84252 
vn 0.543307 -0.637795 -0.543307 
vn 0.850394 -0.527559 0 
vn 0.850394 -0.527559 0 
vn 0.850394 -0.527559 0 
vn 0.850394 -0.527559 0 
vn 0.543307 -0.637795 0.543307 
vn -0.685039 0.0314961 -0.732283 
vn -0.685039 0.0314961 -0.732283 
vn 0.023622 0.0314961 1 
vn 0.700787 0.0944882 -0.708661 
vn 0.700787 0.102362 -0.708661 
vn 0.700787 0.0944882 -0.708661 
vn 0.708661 0 -0.708661 
vn 0.708661 0 -0.708661 
vn 0.708661 0 0.708661 
vn 0.700787 0.0944882 0.708661 
vn 0.212598 0.669291 0.708661 
vn 0.212598 0.669291 0.708661 
vn 0.417323 0.566929 0.708661 
vn 0.417323 0.566929 0.708661 
vn 0.566929 0.417323 0.708661 
vn 0.566929 0.417323 0.708661 
vn 0.661417 0.259843 0.708661 
vn 0.661417 0.259843 0.708661 
vn 0.700787 0.102362 0.708661 
vn 0.708661 0 0.708661 
vn 0.700787 0.102362 0.708661 
vn 1 0 0 
vn 0 -1 0 
vn 0 -1 0 
vn 0 -0.535433 0.84252 
vn 0 -0.535433 0.84252 
vn 0 -0.535433 0.84252 
vn 0 -0.535433 0.84252 
vn 0 -0.535433 0.84252 
vn 0 -0.535433 0.84252 
vn 0 -0.535433 0.84252 
vn 0 -0.535433 0.84252 
vn -0.543307 -0.637795 0.543307 
vn -0.543307 -0.637795 0.543307 
vn 0.543307 -0.637795 0.543307 
vn -0.653543 0.755906 0 
vn -0.629921 0.551181 0.543307 
vn -0.677165 0.023622 0.732283 
vn -0.677165 0.023622 0.732283 
vn -0.677165 0.023622 0.732283 
vn -0.677165 0.023622 0.732283 
vn -0.566929 0.645669 0.503937 
vn 0 0.708661 0.708661 
vn 0 0.708661 0.708661 
vn 0 0.708661 0.708661 
vn 0.212598 0.669291 0.708661 
vn 0.110236 0.700787 0.708661 
vn 0.110236 0.700787 0.708661 
vn -0.708661 0 0.708661 
vn -0.708661 0 0.708661 
vn -0.708661 0 0.708661 
vn 0 0 1 
vn 0 0.0629921 1 
vn 0.00787402 0.015748 1 
vn 0 0 1 
vn 0 0 1 
vn 0 0 1 
vn 0.023622 0.0314961 1 
vn 0.00787402 0.0393701 1 
vn 0.0314961 0.023622 1 
vn 0.015748 0.0708661 1 
vn 0.00787402 0.0393701 1 
vn 0.417323 0.566929 0.708661 
vn 0.566929 0.417323 0.708661 
vn 0.661417 0.259843 0.708661 
vn 0.110236 0.700787 0.708661 
vn 0.708661 0 0.708661 
vn 0.708661 0 -0.708661 
vn 1 0 0 
vn 0 -1 0 
vn 0 -1 0 
vn 0 -1 0 
vn 0 -1 0 
vn 0 -0.535433 0.84252 
vn 0 -0.535433 0.84252 
vn 0 -0.535433 0.84252 
vn -0.543307 -0.637795 0.543307 
vn -0.543307 -0.637795 0.543307 
vn -0.543307 -0.637795 0.543307 
vn -0.543307 -0.637795 0.543307 
vn -0.543307 -0.637795 -0.543307 
vn -0.543307 -0.637795 -0.543307 
vn -0.543307 -0.637795 -0.543307 
vn -0.543307 -0.637795 -0.543307 
vn 0 -0.535433 -0.850394 
vn 0.543307 -0.637795 -0.543307 
vn 0.543307 -0.637795 -0.543307 
vn 0.543307 -0.637795 -0.543307 
vn 0.543307 -0.637795 -0.543307 
vn 0.850394 -0.527559 0 
vn 0.543307 -0.637795 0.543307 
vn 0.543307 -0.637795 0.543307 
vn 0.543307 -0.637795 0.543307 
vn 0.543307 -0.637795 0.543307 
vn 0 -1 0 
vn 0 -1 0 
vn 0 -1 0 
vn 0 -1 0 
vn 0 -1 0 
vn 0 -1 0 
vn 0 -1 0 
vn 0 -1 0 
vn 0 -1 0 
vn 0 -1 0 
vn 0 -1 0 
vn 0 -1 0 
vn 0 -1 0 
vn 0 -1 0 
vn 0 -1 0 
vn 0 -1 0 
vn 0 -1 0 
vn 0 -1 0 
vn 0 -1 0 
vn 0 -1 0 
vn 0 -1 0 
vn 0 -1 0 
vn 0 -1 0 
vn 0 -1 0 
vn 0 -1 0 
vn 0 -1 0 
vn 0 -1 0 
vn 0 -1 0 
vn 0 -1 0 
vn 0 -1 0 
vn 0 -1 0 
vn 0 -1 0 
vn 0 -1 0 
vn 0 -1 0 
vn 0 -1 0 
vn 0 -1 0 
vn 0 -1 0 
vn 0 -1 0 
vn 0 -1 0 
vn 0 -1 0 
vn 0.543307 -0.637795 -0.543307 
vn 0.543307 -0.637795 -0.543307 
vn 0.543307 -0.637795 -0.543307 
vn 0.543307 -0.637795 -0.543307 
vn 0 -1 0 
vn 0 -1 0 
vn 0 -1 0 
vn 0.543307 -0.637795 0.543307 
vn 0.543307 -0.637795 0.543307 
vn 0.543307 -0.637795 0.543307 
vn 0.543307 -0.637795 0.543307 
vn 0 -1 0 
vn 0 -1 0 
vn 0 -1 0 
vn 0.212598 0.669291 0.708661 
vn 0.708661 0 -0.708661 
vn 0 -0.535433 0.84252 
vn -0.543307 -0.637795 0.543307 
vn -0.543307 -0.637795 0.543307 
vn -0.850394 -0.527559 0 
vn -0.850394 -0.527559 0 
vn -0.850394 -0.527559 0 
vn -0.850394 -0.527559 0 
vn -0.543307 -0.637795 -0.543307 
vn -0.543307 -0.637795 -0.543307 
vn -0.653543 0.755906 0 
vn -0.653543 0.755906 0 
vn -0.629921 0.551181 0.543307 
vn -0.629921 0.551181 0.543307 
vn -0.629921 0.551181 0.543307 
vn -0.629921 0.551181 0.543307 
vn -0.677165 0.023622 0.732283 
vn -0.708661 0.700787 0 
vn -0.708661 0.700787 0 
vn -0.708661 0.700787 0 
vn -0.708661 0.700787 0 
vn -0.566929 0.645669 0.503937 
vn -0.566929 0.645669 0.503937 
vn -0.566929 0.645669 0.503937 
vn -0.653543 0.535433 -0.527559 
vn -0.653543 0.535433 -0.527559 
vn -0.653543 0.535433 -0.527559 
vn -0.685039 0.0314961 -0.732283 
vn -0.685039 0.0314961 -0.732283 
vn -0.708661 0 0.708661 
vn -0.708661 0 0.708661 
vn -0.708661 0 0.708661 
vn -0.708661 0 -0.708661 
vn -0.708661 0 -0.708661 
vn -0.708661 0 -0.708661 
vn -1 0 0 
vn -1 0 0 
vn -1 0 0 
vn -1 0 0 
vn -1 0 0 
vn -1 0 0 
vn -1 0 0 
vn -1 0 0 
vn -1 0 0 
vn -1 0 0 
vn -1 0 0 
vn -1 0 0 
vn -1 0 0 
vn -1 0 0 
vn -0.637795 0.559055 -0.527559 
vn -0.637795 0.559055 -0.527559 
vn -0.637795 0.559055 -0.527559 
vn -0.637795 0.559055 -0.527559 
vn -0.629921 0.559055 0.543307 
vn -0.629921 0.559055 0.543307 
vn -0.629921 0.559055 0.543307 

vt -1.49152 1.90061 
vt -1.49283 1.90463 
vt -1.50905 1.89636 
vt -1.50657 1.89294 
vt -1.52193 1.88349 
vt -1.51851 1.881 
vt -1.5302 1.86725 
vt -1.52619 1.86593 
vt -1.53287 1.85096 
vt -1.53287 1.76194 
vt -1.52535 1.88597 
vt -1.42036 1.76194 
vt -1.42529 1.75283 
vt -1.42036 1.76194 
vt -1.47421 1.76193 
vt -1.47421 1.75281 
vt -1.42529 1.75283 
vt -1.47421 1.76193 
vt -1.52869 1.76194 
vt -1.52376 1.75283 
vt -1.47421 1.75281 
vt -1.52755 1.75282 
vt -1.47869 1.91102 
vt -1.41201 1.85092 
vt -1.47421 1.90146 
vt -1.47853 1.90259 
vt -1.47843 1.85092 
vt -1.47421 1.85534 
vt -1.42036 1.85092 
vt -1.47421 1.85534 
vt -1.47843 1.85092 
vt -1.49414 1.90865 
vt -1.47861 1.9068 
vt -1.47869 1.91102 
vt -1.42036 1.76194 
vt -1.41201 1.85092 
vt -1.42036 1.85092 
vt -1.52869 1.85096 
vt -1.52869 1.76194 
vt -1.47421 1.76193 
vt -1.47843 1.85092 
vt -1.42036 1.76194 
vt -1.42036 1.85092 
vt -1.49152 1.90061 
vt -1.50657 1.89294 
vt -1.51851 1.881 
vt -1.52619 1.86593 
vt -1.52869 1.85096 
vt -1.47853 1.90259 
vt -1.51154 1.89978 
vt -1.52535 1.88597 
vt -1.53422 1.86857 
vt -1.53704 1.85096 
vt -1.47853 1.90259 
vt -1.41815 1.86644 
vt -1.42235 1.88274 
vt -1.42235 1.8916 
vt -1.53089 1.86644 
vt -1.53509 1.86396 
vt -1.42235 1.85152 
vt -1.42235 1.86893 
vt -1.5267 1.86893 
vt -1.5267 1.85152 
vt -1.42235 1.88274 
vt -1.5267 1.88274 
vt -1.42358 1.83159 
vt -1.42235 1.83608 
vt -1.5267 1.83608 
vt -1.52505 1.83159 
vt -1.41201 1.83582 
vt -1.52869 1.7694 
vt -1.42218 1.77377 
vt -1.42036 1.7694 
vt -1.41201 1.77775 
vt -1.41663 1.77775 
vt -1.41663 1.77775 
vt -1.41201 1.77775 
vt -1.41201 1.83582 
vt -1.53704 1.83582 
vt -1.53704 1.77775 
vt -1.53242 1.77775 
vt -1.53282 1.83159 
vt -1.53242 1.77775 
vt -1.53704 1.77775 
vt -1.52869 1.7694 
vt -1.52687 1.77377 
vt -1.42235 1.83608 
vt -1.5267 1.83608 
vt -1.41396 1.86396 
vt -1.42218 1.77377 
vt -1.41663 1.77775 
vt -1.53242 1.77775 
vt -1.52687 1.77377 
vt -1.53242 1.77775 
vt -1.41623 1.83159 
vt -1.53282 1.83159 
vt -1.41663 1.77775 
vt -1.41623 1.83159 
vt -1.53242 1.77775 
vt -1.5267 1.90865 
vt -1.5267 1.88597 
vt -1.5309 1.86725 
vt -1.5267 1.86857 
vt -1.53287 1.85096 
vt -1.52869 1.85096 
vt -1.41396 1.89294 
vt -1.41816 1.86725 
vt -1.41396 1.86593 
vt -1.41618 1.85096 
vt -1.41201 1.85096 
vt -1.53704 1.76194 
vt -1.53287 1.76194 
vt -1.53704 1.85096 
vt -1.41201 1.85096 
vt -1.41618 1.85096 
vt -1.41618 1.76194 
vt -1.41201 1.76194 
vt -1.5267 1.88597 
vt -1.42236 1.88597 
vt -1.5267 1.86857 
vt -1.42236 1.86857 
vt -1.52869 1.85096 
vt -1.52869 1.76193 
vt -1.42036 1.76193 
vt -1.42036 1.85096 
vt -1.52869 1.85096 
vt -1.42036 1.85096 
vt -1.53132 1.75284 
vt -1.42153 1.75282 
vt -1.42036 1.76193 
vt -1.52869 1.76193 
vt -1.52373 1.75282 
vt -1.42532 1.75282 
vt -1.52752 1.75283 
vt -1.41396 1.90259 
vt -1.41201 1.85092 
vt -1.53509 1.89294 
vt -1.42036 1.85096 
vt -1.41618 1.85096 
vt -1.42036 1.85096 
vt -1.42036 1.76193 
vt -1.41618 1.76194 
vt -1.52869 1.76193 
vt -1.52869 1.85096 
vt -1.45492 1.90865 
vt -1.45622 1.90463 
vt -1.44 1.89636 
vt -1.43751 1.89978 
vt -1.42712 1.88349 
vt -1.4237 1.88597 
vt -1.41885 1.86725 
vt -1.41484 1.86857 
vt -1.41619 1.85096 
vt -1.41618 1.76194 
vt -1.42036 1.85096 
vt -1.41201 1.76193 
vt -1.47485 1.75283 
vt -1.52376 1.75284 
vt -1.42036 1.76194 
vt -1.47485 1.76193 
vt -1.47485 1.75283 
vt -1.42529 1.75284 
vt -1.47485 1.76193 
vt -1.52869 1.76194 
vt -1.52376 1.75284 
vt -1.47485 1.75283 
vt -1.53704 1.76193 
vt -1.53134 1.75282 
vt -1.4215 1.75283 
vt -1.47036 1.91102 
vt -1.47052 1.90259 
vt -1.47052 1.90259 
vt -1.47485 1.90146 
vt -1.47485 1.85534 
vt -1.47062 1.85092 
vt -1.52869 1.85534 
vt -1.52869 1.85534 
vt -1.47062 1.85092 
vt -1.47485 1.85534 
vt -1.45753 1.90061 
vt -1.47044 1.9068 
vt -1.47052 1.90259 
vt -1.52869 1.85092 
vt -1.53704 1.85092 
vt -1.53704 1.76193 
vt -1.42036 1.76194 
vt -1.42036 1.85096 
vt -1.47062 1.85092 
vt -1.47485 1.76193 
vt -1.52869 1.85092 
vt -1.52869 1.76194 
vt -1.44248 1.89294 
vt -1.45753 1.90061 
vt -1.43054 1.881 
vt -1.42286 1.86593 
vt -1.47052 1.90259 
vt -1.44248 1.89294 
vt -1.43054 1.881 
vt -1.42286 1.86593 
vt -1.47036 1.91102 
vt -1.53287 1.89025 
vt -1.41618 1.89025 
vt -1.52869 1.89443 
vt -1.53132 1.83159 
vt -1.53132 1.78268 
vt -1.52352 1.78278 
vt -1.52362 1.8316 
vt -1.53704 1.83159 
vt -1.53132 1.88115 
vt -1.53704 1.77775 
vt -1.53704 1.77775 
vt -1.52869 1.7694 
vt -1.52373 1.7751 
vt -1.53132 1.78268 
vt -1.42036 1.7694 
vt -1.41201 1.77775 
vt -1.41774 1.78268 
vt -1.42532 1.7751 
vt -1.41774 1.83159 
vt -1.41201 1.88608 
vt -1.41618 1.89025 
vt -1.42153 1.88494 
vt -1.41774 1.88115 
vt -1.52373 1.88873 
vt -1.52869 1.89443 
vt -1.53287 1.89025 
vt -1.52752 1.88494 
vt -1.52373 1.88873 
vt -1.42532 1.8316 
vt -1.42532 1.784 
vt -1.41774 1.78268 
vt -1.41774 1.83159 
vt -1.52373 1.7751 
vt -1.52352 1.78278 
vt -1.53132 1.78268 
vt -1.41774 1.78268 
vt -1.42532 1.784 
vt -1.42532 1.7751 
vt -1.42532 1.784 
vt -1.52352 1.78278 
vt -1.52373 1.7751 
vt -1.42532 1.7751 
vt -1.52362 1.8316 
vt -1.52352 1.78278 
vt -1.42532 1.784 
vt -1.42532 1.8316 
vt -1.42532 1.88137 
vt -1.41774 1.88115 
vt -1.42153 1.88494 
vt -1.52373 1.88873 
vt -1.52372 1.88136 
vt -1.42532 1.88137 
vt -1.42532 1.88873 
vt -1.52372 1.88136 
vt -1.52373 1.88873 
vt -1.52752 1.88494 
vt -1.41774 1.83159 
vt -1.41774 1.88115 
vt -1.42532 1.88137 
vt -1.42532 1.8316 
vt -1.42532 1.8316 
vt -1.42532 1.88137 
vt -1.52372 1.88136 
vt -1.52362 1.8316 
vt -1.52362 1.8316 
vt -1.52372 1.88136 
vt -1.53132 1.88115 
vt -1.53132 1.83159 
vt -1.41618 1.89025 
vt -1.42036 1.89443 
vt -1.42532 1.88873 
vt -1.42153 1.88494 
vt -1.42153 1.88494 
vt -1.42532 1.88873 
vt -1.42532 1.88137 
vt -1.53287 1.89025 
vt -1.53704 1.88608 
vt -1.53132 1.88115 
vt -1.52752 1.88494 
vt -1.52752 1.88494 
vt -1.53132 1.88115 
vt -1.52372 1.88136 
vt -1.42235 1.90865 
vt -1.53287 1.76194 
vt -1.41201 1.76194 
vt -1.42036 1.76193 
vt -1.42532 1.75282 
vt -1.42036 1.76193 
vt -1.52869 1.76193 
vt -1.52373 1.75282 
vt -1.42532 1.75282 
vt -1.53704 1.76194 
vt -1.53132 1.75283 
vt -1.42235 1.91102 
vt -1.5267 1.91102 
vt -1.42358 1.90717 
vt -1.41781 1.90146 
vt -1.41396 1.90259 
vt -1.41815 1.9068 
vt -1.41201 1.85092 
vt -1.42036 1.85092 
vt -1.42218 1.85534 
vt -1.52687 1.85534 
vt -1.52869 1.85092 
vt -1.42218 1.85534 
vt -1.41201 1.85092 
vt -1.41663 1.85534 
vt -1.5267 1.91102 
vt -1.53089 1.9068 
vt -1.52505 1.90717 
vt -1.53509 1.90259 
vt -1.53704 1.85092 
vt -1.41201 1.85092 
vt -1.42036 1.76193 
vt -1.41201 1.76194 
vt -1.53704 1.76194 
vt -1.52869 1.76193 
vt -1.52869 1.85092 
vt -1.42036 1.76193 
vt -1.42036 1.85092 
vt -1.52869 1.85092 
vt -1.52869 1.76193 
vt -1.41781 1.90146 
vt -1.42358 1.90717 
vt -1.52505 1.90717 
vt -1.53118 1.90146 
vt -1.41623 1.85534 
vt -1.53118 1.90146 
vt -1.53282 1.85534 
vt -1.41623 1.85534 
vt -1.41781 1.90146 
vt -1.53118 1.90146 
vt -1.53089 1.9068 
vt -1.53509 1.90259 
vt -1.53118 1.90146 
vt -1.52505 1.90717 
vt -1.41815 1.9068 
vt -1.42235 1.91102 
vt -1.42358 1.90717 

usemtl Union3Mtl

f 3408/3408/3408 3409/3409/3409 3410/3410/3410 
f 3408/3408/3408 3410/3410/3410 3411/3411/3411 
f 3411/3411/3411 3410/3410/3410 3412/3412/3412 
f 3411/3411/3411 3412/3412/3412 3413/3413/3413 
f 3413/3413/3413 3412/3412/3412 3414/3414/3414 
f 3413/3413/3413 3414/3414/3414 3415/3415/3415 
f 3415/3415/3415 3414/3414/3414 3416/3416/3416 
f 3421/3421/3421 3422/3422/3422 3423/3423/3423 
f 3421/3421/3421 3423/3423/3423 3424/3424/3424 
f 3425/3425/3425 3426/3426/3426 3427/3427/3427 
f 3425/3425/3425 3427/3427/3427 3428/3428/3428 
f 3432/3432/3432 3433/3433/3433 3434/3434/3434 
f 3432/3432/3432 3434/3434/3434 3435/3435/3435 
f 3436/3436/3436 3437/3437/3437 3438/3438/3438 
f 3439/3439/3439 3409/3409/3409 3440/3440/3440 
f 3439/3439/3439 3440/3440/3440 3441/3441/3441 
f 3442/3442/3442 3443/3443/3443 3444/3444/3444 
f 3445/3445/3445 3446/3446/3446 3447/3447/3447 
f 3445/3445/3445 3447/3447/3447 3448/3448/3448 
f 3449/3449/3449 3450/3450/3450 3448/3448/3448 
f 3449/3449/3449 3448/3448/3448 3447/3447/3447 
f 3451/3451/3451 3452/3452/3452 3448/3448/3448 
f 3452/3452/3452 3453/3453/3453 3448/3448/3448 
f 3453/3453/3453 3454/3454/3454 3448/3448/3448 
f 3454/3454/3454 3455/3455/3455 3448/3448/3448 
f 3456/3456/3456 3451/3451/3451 3448/3448/3448 
f 3409/3409/3409 3439/3439/3439 3457/3457/3457 
f 3409/3409/3409 3457/3457/3457 3410/3410/3410 
f 3410/3410/3410 3457/3457/3457 3458/3458/3458 
f 3410/3410/3410 3458/3458/3458 3412/3412/3412 
f 3412/3412/3412 3458/3458/3458 3459/3459/3459 
f 3412/3412/3412 3459/3459/3459 3414/3414/3414 
f 3414/3414/3414 3459/3459/3459 3460/3460/3460 
f 3409/3409/3409 3408/3408/3408 3461/3461/3461 
f 3409/3409/3409 3461/3461/3461 3440/3440/3440 
f 3467/3467/3467 3468/3468/3468 3469/3469/3469 
f 3467/3467/3467 3469/3469/3469 3470/3470/3470 
f 3468/3468/3468 3471/3471/3471 3472/3472/3472 
f 3468/3468/3468 3472/3472/3472 3469/3469/3469 
f 3473/3473/3473 3474/3474/3474 3475/3475/3475 
f 3473/3473/3473 3475/3475/3475 3476/3476/3476 
f 3479/3479/3479 3480/3480/3480 3481/3481/3481 
f 3483/3483/3483 3484/3484/3484 3485/3485/3485 
f 3487/3487/3487 3488/3488/3488 3489/3489/3489 
f 3490/3490/3490 3491/3491/3491 3492/3492/3492 
f 3490/3490/3490 3492/3492/3492 3493/3493/3493 
f 3494/3494/3494 3467/3467/3467 3470/3470/3470 
f 3494/3494/3494 3470/3470/3470 3495/3495/3495 
f 3497/3497/3497 3498/3498/3498 3499/3499/3499 
f 3497/3497/3497 3499/3499/3499 3500/3500/3500 
f 3501/3501/3501 3502/3502/3502 3503/3503/3503 
f 3504/3504/3504 3505/3505/3505 3506/3506/3506 
f 3510/3510/3510 3511/3511/3511 3512/3512/3512 
f 3515/3515/3515 3516/3516/3516 3517/3517/3517 
f 3518/3518/3518 3519/3519/3519 3511/3511/3511 
f 3518/3518/3518 3511/3511/3511 3520/3520/3520 
f 3521/3521/3521 3522/3522/3522 3523/3523/3523 
f 3521/3521/3521 3523/3523/3523 3524/3524/3524 
f 3525/3525/3525 3527/3527/3527 3528/3528/3528 
f 3525/3525/3525 3528/3528/3528 3526/3526/3526 
f 3529/3529/3529 3530/3530/3530 3531/3531/3531 
f 3529/3529/3529 3531/3531/3531 3532/3532/3532 
f 3527/3527/3527 3533/3533/3533 3534/3534/3534 
f 3527/3527/3527 3534/3534/3534 3528/3528/3528 
f 3537/3537/3537 3538/3538/3538 3539/3539/3539 
f 3537/3537/3537 3539/3539/3539 3540/3540/3540 
f 3514/3514/3514 3545/3545/3545 3516/3516/3516 
f 3546/3546/3546 3547/3547/3547 3548/3548/3548 
f 3546/3546/3546 3548/3548/3548 3549/3549/3549 
f 3509/3509/3509 3520/3520/3520 3511/3511/3511 
f 3519/3519/3519 3550/3550/3550 3551/3551/3551 
f 3519/3519/3519 3551/3551/3551 3511/3511/3511 
f 3552/3552/3552 3553/3553/3553 3554/3554/3554 
f 3552/3552/3552 3554/3554/3554 3555/3555/3555 
f 3555/3555/3555 3554/3554/3554 3556/3556/3556 
f 3555/3555/3555 3556/3556/3556 3557/3557/3557 
f 3557/3557/3557 3556/3556/3556 3558/3558/3558 
f 3557/3557/3557 3558/3558/3558 3559/3559/3559 
f 3559/3559/3559 3558/3558/3558 3560/3560/3560 
f 3566/3566/3566 3567/3567/3567 3568/3568/3568 
f 3566/3566/3566 3568/3568/3568 3569/3569/3569 
f 3570/3570/3570 3571/3571/3571 3572/3572/3572 
f 3570/3570/3570 3572/3572/3572 3573/3573/3573 
f 3579/3579/3579 3580/3580/3580 3581/3581/3581 
f 3579/3579/3579 3581/3581/3581 3582/3582/3582 
f 3584/3584/3584 3585/3585/3585 3586/3586/3586 
f 3587/3587/3587 3553/3553/3553 3588/3588/3588 
f 3587/3587/3587 3588/3588/3588 3589/3589/3589 
f 3590/3590/3590 3591/3591/3591 3592/3592/3592 
f 3593/3593/3593 3594/3594/3594 3595/3595/3595 
f 3593/3593/3593 3595/3595/3595 3596/3596/3596 
f 3597/3597/3597 3598/3598/3598 3596/3596/3596 
f 3597/3597/3597 3596/3596/3596 3595/3595/3595 
f 3599/3599/3599 3600/3600/3600 3595/3595/3595 
f 3601/3601/3601 3599/3599/3599 3595/3595/3595 
f 3602/3602/3602 3601/3601/3601 3595/3595/3595 
f 3594/3594/3594 3602/3602/3602 3595/3595/3595 
f 3600/3600/3600 3603/3603/3603 3595/3595/3595 
f 3553/3553/3553 3587/3587/3587 3604/3604/3604 
f 3553/3553/3553 3604/3604/3604 3554/3554/3554 
f 3554/3554/3554 3604/3604/3604 3605/3605/3605 
f 3554/3554/3554 3605/3605/3605 3556/3556/3556 
f 3556/3556/3556 3605/3605/3605 3606/3606/3606 
f 3556/3556/3556 3606/3606/3606 3558/3558/3558 
f 3558/3558/3558 3606/3606/3606 3562/3562/3562 
f 3553/3553/3553 3552/3552/3552 3607/3607/3607 
f 3553/3553/3553 3607/3607/3607 3588/3588/3588 
f 3611/3611/3611 3612/3612/3612 3613/3613/3613 
f 3611/3611/3611 3613/3613/3613 3614/3614/3614 
f 3618/3618/3618 3619/3619/3619 3620/3620/3620 
f 3618/3618/3618 3620/3620/3620 3621/3621/3621 
f 3622/3622/3622 3623/3623/3623 3624/3624/3624 
f 3622/3622/3622 3624/3624/3624 3625/3625/3625 
f 3627/3627/3627 3628/3628/3628 3629/3629/3629 
f 3627/3627/3627 3629/3629/3629 3630/3630/3630 
f 3632/3632/3632 3633/3633/3633 3634/3634/3634 
f 3632/3632/3632 3634/3634/3634 3635/3635/3635 
f 3636/3636/3636 3637/3637/3637 3638/3638/3638 
f 3636/3636/3636 3638/3638/3638 3639/3639/3639 
f 3640/3640/3640 3641/3641/3641 3642/3642/3642 
f 3643/3643/3643 3644/3644/3644 3645/3645/3645 
f 3646/3646/3646 3647/3647/3647 3648/3648/3648 
f 3646/3646/3646 3648/3648/3648 3649/3649/3649 
f 3650/3650/3650 3651/3651/3651 3652/3652/3652 
f 3650/3650/3650 3652/3652/3652 3653/3653/3653 
f 3654/3654/3654 3655/3655/3655 3656/3656/3656 
f 3657/3657/3657 3658/3658/3658 3659/3659/3659 
f 3657/3657/3657 3659/3659/3659 3660/3660/3660 
f 3661/3661/3661 3662/3662/3662 3663/3663/3663 
f 3664/3664/3664 3665/3665/3665 3666/3666/3666 
f 3664/3664/3664 3666/3666/3666 3667/3667/3667 
f 3668/3668/3668 3669/3669/3669 3670/3670/3670 
f 3668/3668/3668 3670/3670/3670 3671/3671/3671 
f 3672/3672/3672 3673/3673/3673 3674/3674/3674 
f 3672/3672/3672 3674/3674/3674 3675/3675/3675 
f 3676/3676/3676 3677/3677/3677 3678/3678/3678 
f 3676/3676/3676 3678/3678/3678 3679/3679/3679 
f 3680/3680/3680 3681/3681/3681 3682/3682/3682 
f 3683/3683/3683 3684/3684/3684 3685/3685/3685 
f 3683/3683/3683 3685/3685/3685 3686/3686/3686 
f 3687/3687/3687 3688/3688/3688 3689/3689/3689 
f 3695/3695/3695 3696/3696/3696 3697/3697/3697 
f 3695/3695/3695 3697/3697/3697 3698/3698/3698 
f 3703/3703/3703 3704/3704/3704 3705/3705/3705 
f 3703/3703/3703 3705/3705/3705 3706/3706/3706 
f 3708/3708/3708 3709/3709/3709 3710/3710/3710 
f 3708/3708/3708 3710/3710/3710 3711/3711/3711 
f 3712/3712/3712 3713/3713/3713 3714/3714/3714 
f 3715/3715/3715 3716/3716/3716 3717/3717/3717 
f 3720/3720/3720 3721/3721/3721 3722/3722/3722 
f 3723/3723/3723 3724/3724/3724 3725/3725/3725 
f 3726/3726/3726 3727/3727/3727 3728/3728/3728 
f 3726/3726/3726 3728/3728/3728 3729/3729/3729 
f 3730/3730/3730 3731/3731/3731 3732/3732/3732 
f 3730/3730/3730 3732/3732/3732 3733/3733/3733 
f 3734/3734/3734 3735/3735/3735 3736/3736/3736 
f 3737/3737/3737 3738/3738/3738 3739/3739/3739 
f 3740/3740/3740 3741/3741/3741 3742/3742/3742 
f 3740/3740/3740 3742/3742/3742 3743/3743/3743 
f 3744/3744/3744 3745/3745/3745 3746/3746/3746 

g 8

v -33.3406 2.04023 -2.92911 
v -33.1197 2.33447 -2.77482 
v -32.5619 2.33447 -2.77482 
v -32.4033 2.23199 -2.9988 
v -33.2753 2.23199 -2.9988 
v -33.2753 2.04023 -2.9988 
v -32.4033 2.04023 -2.9988 
v -32.4033 2.23199 -2.9988 
v -32.4033 2.04023 -2.9988 
v -33.2753 2.04023 -2.9988 
v -33.2753 2.23199 -2.9988 
v -32.3403 2.23199 -2.9291 
v -33.3406 2.23199 -2.9291 
v -33.2753 2.27312 -2.92911 
v -33.2753 2.27312 -2.06548 
v -33.1197 2.33447 -2.2178 
v -33.1197 2.33447 -2.77482 
v -32.5619 2.33447 -2.77482 
v -32.4033 2.27312 -2.92905 
v -32.4033 2.23199 -2.9988 
v -33.2753 2.23199 -2.9988 
v -33.2753 2.27312 -2.92911 
v -32.4033 2.27312 -2.92905 
v -32.3718 2.23199 -2.96395 
v -32.3403 2.23199 -2.9291 
v -32.3718 2.23199 -2.96395 
v -32.4033 2.27312 -2.92905 
v -32.3403 2.23199 -2.06523 
v -32.3403 2.23199 -2.9291 
v -32.4033 2.27312 -2.92905 
v -32.4033 2.27312 -2.06522 
v -32.5619 2.33447 -2.2178 
v -32.4033 2.27312 -2.06522 
v -32.4033 2.27312 -2.06522 
v -32.3718 2.23199 -2.03237 
v -32.3403 2.23199 -2.06523 
v -33.2753 2.23199 -2.9988 
v -33.3406 2.23199 -2.9291 
v -33.2753 2.27312 -2.92911 
v -33.3406 2.23199 -2.9291 
v -33.3406 2.23199 -2.0655 
v -33.2753 2.27312 -2.06548 
v -33.2753 2.27312 -2.92911 
v -33.3406 2.23199 -2.0655 
v -33.2753 2.23199 -1.9995 
v -33.2753 2.27312 -2.06548 
v -33.2753 2.27312 -2.06548 
v -33.2753 2.23199 -1.9995 
v -32.4033 2.23199 -1.9995 
v -32.4033 2.27312 -2.06522 
v -32.8414 2.33423 -2.49631 
v -32.3718 2.23199 -2.03237 
v -32.4033 2.27312 -2.06522 
v -32.4033 2.23199 -1.9995 
v -32.4033 2.27312 -2.92905 
v -32.3718 2.23199 -2.96395 
v -32.4033 2.23199 -2.9988 
v -32.3403 2.04023 -2.0652 
v -32.3403 2.04023 -2.92911 
v -32.3403 2.23199 -2.9291 
v -32.3403 2.23199 -2.06523 
v -32.4033 1.99928 -2.92913 
v -32.5619 2.33447 -2.77482 
v -32.4033 2.23199 -2.9988 
v -32.4033 2.04023 -2.9988 
v -32.3718 2.04023 -2.96395 
v -32.3718 2.04023 -2.96395 
v -32.3718 2.23199 -2.96395 
v -32.3403 2.23199 -2.9291 
v -32.3403 2.04023 -2.92911 
v -32.5619 2.33447 -2.2178 
v -32.3718 2.23199 -2.03237 
v -32.3403 2.04023 -2.0652 
v -32.3403 2.23199 -2.06523 
v -32.3718 2.23199 -2.03237 
v -32.3718 2.04023 -2.03235 
v -32.3718 2.04023 -2.03235 
v -32.3718 2.23199 -2.03237 
v -32.4033 2.23199 -1.9995 
v -32.4033 2.04023 -1.9995 
v -32.3718 2.23199 -2.96395 
v -32.3718 2.04023 -2.96395 
v -32.4033 2.04023 -2.9988 
v -32.4033 2.23199 -2.9988 
v -33.1197 2.33447 -2.2178 
v -33.2753 1.99922 -2.0652 
v -32.5619 2.33447 -2.2178 
v -32.3718 2.23199 -2.03237 
v -32.3718 2.04023 -2.03235 
v -33.2753 2.23199 -1.9995 
v -33.2753 2.04023 -1.9995 
v -33.2753 2.23199 -1.9995 
v -33.2753 2.04023 -1.9995 
v -32.4033 2.04023 -1.9995 
v -32.4033 2.23199 -1.9995 
v -33.3406 2.04023 -2.92911 
v -32.8405 1.99922 -2.49644 
v -33.2753 1.99922 -2.0652 
v -33.2753 1.99928 -2.92908 
v -32.4033 1.99928 -2.92913 
v -32.4033 1.99922 -2.06523 
v -32.8405 1.99922 -2.49644 
v -33.2753 1.99928 -2.92908 
v -32.4033 1.99928 -2.92913 
v -32.8405 1.99922 -2.49644 
v -33.2753 1.99922 -2.0652 
v -32.8405 1.99922 -2.49644 
v -32.4033 1.99922 -2.06523 
v -32.3403 2.04023 -2.92911 
v -32.3403 2.04023 -2.0652 
v -32.4033 1.99922 -2.06523 
v -32.4033 1.99928 -2.92913 
v -33.3406 2.04023 -2.06546 
v -33.3406 2.04023 -2.92911 
v -33.2753 1.99928 -2.92908 
v -33.2753 1.99922 -2.0652 
v -33.2753 2.23199 -2.9988 
v -33.2753 2.04023 -2.9988 
v -32.4033 2.04023 -2.9988 
v -32.4033 1.99928 -2.92913 
v -33.2753 1.99928 -2.92908 
v -32.4033 1.99928 -2.92913 
v -32.3718 2.04023 -2.96395 
v -32.3403 2.04023 -2.92911 
v -32.3718 2.23199 -2.96395 
v -32.3718 2.23199 -2.03237 
v -32.3718 2.04023 -2.03235 
v -33.3406 2.04023 -2.92911 
v -33.2753 2.04023 -2.9988 
v -33.2753 1.99928 -2.92908 
v -33.2753 2.23199 -1.9995 
v -33.2753 2.04023 -1.9995 
v -33.2753 2.04023 -1.9995 
v -33.3406 2.04023 -2.06546 
v -33.2753 1.99922 -2.0652 
v -32.4033 2.04023 -1.9995 
v -33.2753 2.04023 -1.9995 
v -33.2753 1.99922 -2.0652 
v -32.4033 1.99922 -2.06523 
v -32.4033 1.99922 -2.06523 
v -32.3718 2.04023 -2.03235 
v -32.4033 2.04023 -1.9995 
v -32.3718 2.04023 -2.03235 
v -32.4033 1.99922 -2.06523 
v -32.3403 2.04023 -2.0652 
v -32.3718 2.04023 -2.96395 
v -32.4033 1.99928 -2.92913 
v -32.4033 2.04023 -2.9988 
v -33.3406 2.23199 -2.0655 
v -33.3406 2.23199 -2.9291 
v -33.3406 2.04023 -2.92911 
v -33.3406 2.04023 -2.06546 
v -33.1197 2.33447 -2.2178 
v -33.1197 2.33447 -2.77482 
v -33.2753 1.99922 -2.0652 
v -33.2753 2.23199 -2.9988 
v -33.2753 2.04023 -2.9988 
v -33.3406 2.04023 -2.92911 
v -33.3406 2.23199 -2.9291 
v -33.2753 2.23199 -2.9988 
v -33.2753 2.04023 -2.9988 
v -33.2753 2.23199 -1.9995 
v -33.3406 2.23199 -2.0655 
v -33.3406 2.04023 -2.06546 
v -33.2753 2.04023 -1.9995 
v -33.2753 2.23199 -1.9995 

vn -1 0 0 
vn -0.141732 0.976378 -0.141732 
vn 0.141732 0.976378 -0.141732 
vn 0 0.858268 -0.511811 
vn 0 0.858268 -0.511811 
vn 0 -0.858268 -0.503937 
vn 0 -0.858268 -0.503937 
vn 0 0 -1 
vn 0 0 -1 
vn 0 0 -1 
vn 0 0 -1 
vn 1 0 0 
vn -1 0 0 
vn -0.188976 0.96063 -0.188976 
vn -0.188976 0.96063 0.188976 
vn -0.141732 0.976378 0.141732 
vn -0.141732 0.976378 -0.141732 
vn 0.141732 0.976378 -0.141732 
vn 0.188976 0.96063 -0.188976 
vn 0 0.858268 -0.511811 
vn 0 0.858268 -0.511811 
vn 0 0.858268 -0.511811 
vn 0 0.858268 -0.511811 
vn 0.740157 0 -0.669291 
vn 0.488189 0.748031 -0.440945 
vn 0.488189 0.748031 -0.440945 
vn 0.488189 0.748031 -0.440945 
vn 0.543307 0.834646 0 
vn 0.543307 0.834646 0 
vn 0.543307 0.834646 0 
vn 0.543307 0.834646 0 
vn 0.141732 0.976378 0.141732 
vn 0.188976 0.96063 0.188976 
vn 0.480315 0.740157 0.464567 
vn 0.480315 0.740157 0.464567 
vn 0.480315 0.740157 0.464567 
vn -0.480315 0.755906 -0.448819 
vn -0.480315 0.755906 -0.448819 
vn -0.480315 0.755906 -0.448819 
vn -0.535433 0.84252 0 
vn -0.535433 0.84252 0 
vn -0.535433 0.84252 0 
vn -0.535433 0.84252 0 
vn -0.472441 0.748031 0.464567 
vn -0.472441 0.748031 0.464567 
vn -0.472441 0.748031 0.464567 
vn 0 0.850394 0.527559 
vn 0 0.850394 0.527559 
vn 0 0.850394 0.527559 
vn 0 0.850394 0.527559 
vn 0 1 0 
vn 0.480315 0.740157 0.464567 
vn 0.480315 0.740157 0.464567 
vn 0.480315 0.740157 0.464567 
vn 0.488189 0.748031 -0.440945 
vn 0.488189 0.748031 -0.440945 
vn 0.488189 0.748031 -0.440945 
vn 1 0 0 
vn 1 0 0 
vn 1 0 0 
vn 1 0 0 
vn 0 -1 0 
vn 0.141732 0.976378 -0.141732 
vn 0 0.858268 -0.511811 
vn 0 -0.858268 -0.503937 
vn 0.488189 -0.748031 -0.440945 
vn 0.740157 0 -0.669291 
vn 0.740157 0 -0.669291 
vn 0.740157 0 -0.669291 
vn 0.740157 0 -0.669291 
vn 0.141732 0.976378 0.141732 
vn 0.480315 0.740157 0.464567 
vn 0.724409 0 0.692913 
vn 0.724409 0 0.692913 
vn 0.724409 0 0.692913 
vn 0.724409 0 0.692913 
vn 0.724409 0 0.692913 
vn 0.724409 0 0.692913 
vn 0.724409 0 0.692913 
vn 0.724409 0 0.692913 
vn 0.740157 0 -0.669291 
vn 0.740157 0 -0.669291 
vn 0.740157 0 -0.669291 
vn 0.740157 0 -0.669291 
vn -0.141732 0.976378 0.141732 
vn 0 -1 0 
vn 0.141732 0.976378 0.141732 
vn 0.480315 0.740157 0.464567 
vn 0.724409 0 0.692913 
vn -0.472441 0.748031 0.464567 
vn -0.708661 0 0.700787 
vn 0 0 1 
vn 0 0 1 
vn 0 0 1 
vn 0 0 1 
vn -1 0 0 
vn 0 -1 0 
vn 0 -1 0 
vn 0 -1 0 
vn 0 -1 0 
vn 0 -1 0 
vn 0 -1 0 
vn 0 -1 0 
vn 0 -1 0 
vn 0 -1 0 
vn 0 -1 0 
vn 0 -1 0 
vn 0 -1 0 
vn 0.543307 -0.834646 0 
vn 0.543307 -0.834646 0 
vn 0.543307 -0.834646 0 
vn 0.543307 -0.834646 0 
vn -0.527559 -0.850394 0 
vn -0.527559 -0.850394 0 
vn -0.527559 -0.850394 0 
vn -0.527559 -0.850394 0 
vn 0 0.858268 -0.511811 
vn 0 -0.858268 -0.503937 
vn 0 -0.858268 -0.503937 
vn 0 -0.858268 -0.503937 
vn 0 -0.858268 -0.503937 
vn 0.488189 -0.748031 -0.440945 
vn 0.488189 -0.748031 -0.440945 
vn 0.488189 -0.748031 -0.440945 
vn 0.740157 0 -0.669291 
vn 0.480315 0.740157 0.464567 
vn 0.724409 0 0.692913 
vn -0.472441 -0.755906 -0.448819 
vn -0.472441 -0.755906 -0.448819 
vn -0.472441 -0.755906 -0.448819 
vn -0.472441 0.748031 0.464567 
vn -0.708661 0 0.700787 
vn -0.472441 -0.748031 0.464567 
vn -0.472441 -0.748031 0.464567 
vn -0.472441 -0.748031 0.464567 
vn 0 -0.850394 0.527559 
vn 0 -0.850394 0.527559 
vn 0 -0.850394 0.527559 
vn 0 -0.850394 0.527559 
vn 0.480315 -0.740157 0.464567 
vn 0.480315 -0.740157 0.464567 
vn 0.480315 -0.740157 0.464567 
vn 0.480315 -0.740157 0.464567 
vn 0.480315 -0.740157 0.464567 
vn 0.480315 -0.740157 0.464567 
vn 0.488189 -0.748031 -0.440945 
vn 0.488189 -0.748031 -0.440945 
vn 0.488189 -0.748031 -0.440945 
vn -1 0 0 
vn -1 0 0 
vn -1 0 0 
vn -1 0 0 
vn -0.141732 0.976378 0.141732 
vn -0.141732 0.976378 -0.141732 
vn 0 -1 0 
vn 0 0.858268 -0.511811 
vn 0 -0.858268 -0.503937 
vn -0.732283 0 -0.685039 
vn -0.732283 0 -0.685039 
vn -0.732283 0 -0.685039 
vn -0.732283 0 -0.685039 
vn -0.472441 0.748031 0.464567 
vn -0.708661 0 0.700787 
vn -0.708661 0 0.700787 
vn -0.708661 0 0.700787 
vn -0.708661 0 0.700787 

vt 1.10817 0.563271 
vt 1.08055 0.600052 
vt 1.01083 0.600052 
vt 0.991005 0.587242 
vt 1.1 0.587242 
vt 1.10001 0.563271 
vt 0.991009 0.563271 
vt 0.991005 0.587242 
vt 0.991009 0.563271 
vt 1.10001 0.563271 
vt 1.1 0.587242 
vt 0.991908 0.641617 
vt 0.991908 0.51658 
vt 0.991907 0.524748 
vt 1.09986 0.524748 
vt 1.08082 0.544201 
vt 1.01119 0.544201 
vt 1.01119 0.613919 
vt 0.991914 0.633746 
vt 0.983196 0.633746 
vt 0.983196 0.524748 
vt 0.991907 0.524748 
vt 0.991914 0.633746 
vt 0.987552 0.637681 
vt 0.991908 0.641617 
vt 0.987552 0.637681 
vt 0.991914 0.633746 
vt 1.09989 0.641617 
vt 0.991908 0.641617 
vt 0.991914 0.633746 
vt 1.09989 0.633746 
vt 1.08082 0.613919 
vt 1.09989 0.633746 
vt 1.09989 0.633746 
vt 1.104 0.637681 
vt 1.09989 0.641617 
vt 0.983196 0.524748 
vt 0.991908 0.51658 
vt 0.991907 0.524748 
vt 0.991908 0.51658 
vt 1.09986 0.51658 
vt 1.09986 0.524748 
vt 0.991907 0.524748 
vt 1.09986 0.51658 
vt 1.10811 0.524748 
vt 1.09986 0.524748 
vt 1.09986 0.524748 
vt 1.10811 0.524748 
vt 1.10811 0.633746 
vt 1.09989 0.633746 
vt 1.04601 0.578984 
vt 1.104 0.637681 
vt 1.09989 0.633746 
vt 1.10811 0.633746 
vt 0.991914 0.633746 
vt 0.987552 0.637681 
vt 0.983196 0.633746 
vt 0.991408 0.563271 
vt 1.0994 0.563271 
vt 1.0994 0.587242 
vt 0.991412 0.587242 
vt 1.0994 0.558153 
vt 1.08011 0.600052 
vt 1.10811 0.587242 
vt 1.10811 0.563271 
vt 1.10375 0.563271 
vt 1.10375 0.563271 
vt 1.10375 0.587242 
vt 1.0994 0.587242 
vt 1.0994 0.563271 
vt 1.01048 0.600052 
vt 0.987304 0.587242 
vt 0.991408 0.563271 
vt 0.991412 0.587242 
vt 0.987304 0.587242 
vt 0.987302 0.563271 
vt 0.987302 0.563271 
vt 0.987304 0.587242 
vt 0.983196 0.587242 
vt 0.983196 0.563271 
vt 1.10375 0.587242 
vt 1.10375 0.563271 
vt 1.10811 0.563271 
vt 1.10811 0.587242 
vt 1.01075 0.600052 
vt 0.991302 0.558145 
vt 1.08047 0.600052 
vt 1.10423 0.587242 
vt 1.10423 0.563271 
vt 0.991302 0.587242 
vt 0.991302 0.563271 
vt 0.991302 0.587242 
vt 0.991302 0.563271 
vt 1.1003 0.563271 
vt 1.1003 0.587242 
vt 1.0994 0.51658 
vt 1.04531 0.579099 
vt 0.991408 0.524748 
vt 1.09939 0.524743 
vt 1.0994 0.633742 
vt 0.991411 0.633746 
vt 1.04531 0.579099 
vt 1.09939 0.524743 
vt 1.0994 0.633742 
vt 1.04531 0.579099 
vt 0.991408 0.524748 
vt 1.04531 0.579099 
vt 0.991411 0.633746 
vt 1.0994 0.641617 
vt 0.991408 0.641617 
vt 0.991411 0.633746 
vt 1.0994 0.633742 
vt 0.99144 0.51658 
vt 1.0994 0.51658 
vt 1.09939 0.524743 
vt 0.991408 0.524748 
vt 1.10811 0.524748 
vt 1.10811 0.524743 
vt 1.10811 0.633741 
vt 1.0994 0.633742 
vt 1.09939 0.524743 
vt 1.0994 0.633742 
vt 1.10375 0.637679 
vt 1.0994 0.641617 
vt 1.10375 0.637681 
vt 0.987304 0.637681 
vt 0.987302 0.637681 
vt 1.0994 0.51658 
vt 1.10811 0.524743 
vt 1.09939 0.524743 
vt 0.983196 0.524748 
vt 0.983196 0.524748 
vt 0.983196 0.524748 
vt 0.99144 0.51658 
vt 0.991408 0.524748 
vt 0.983196 0.633746 
vt 0.983196 0.524748 
vt 0.991408 0.524748 
vt 0.991411 0.633746 
vt 0.991411 0.633746 
vt 0.987302 0.637681 
vt 0.983196 0.633746 
vt 0.987302 0.637681 
vt 0.991411 0.633746 
vt 0.991408 0.641617 
vt 1.10375 0.637679 
vt 1.0994 0.633742 
vt 1.10811 0.633741 
vt 1.09986 0.587242 
vt 0.991908 0.587242 
vt 0.991907 0.563271 
vt 1.09986 0.563271 
vt 1.08082 0.600052 
vt 1.01119 0.600052 
vt 1.0999 0.558145 
vt 0.983196 0.587242 
vt 0.983196 0.563271 
vt 0.991907 0.563271 
vt 0.991908 0.587242 
vt 0.983196 0.587242 
vt 0.983196 0.563271 
vt 1.10811 0.587242 
vt 1.09986 0.587242 
vt 1.09986 0.563271 
vt 1.10811 0.563271 
vt 1.10811 0.587242 

usemtl 1Mtl

f 3754/3754/3754 3755/3755/3755 3756/3756/3756 
f 3754/3754/3754 3756/3756/3756 3757/3757/3757 
f 3760/3760/3760 3761/3761/3761 3762/3762/3762 
f 3760/3760/3760 3762/3762/3762 3763/3763/3763 
f 3763/3763/3763 3764/3764/3764 3765/3765/3765 
f 3763/3763/3763 3765/3765/3765 3760/3760/3760 
f 3766/3766/3766 3767/3767/3767 3768/3768/3768 
f 3766/3766/3766 3768/3768/3768 3769/3769/3769 
f 3771/3771/3771 3772/3772/3772 3773/3773/3773 
f 3774/3774/3774 3775/3775/3775 3776/3776/3776 
f 3774/3774/3774 3776/3776/3776 3777/3777/3777 
f 3764/3764/3764 3778/3778/3778 3779/3779/3779 
f 3764/3764/3764 3779/3779/3779 3765/3765/3765 
f 3780/3780/3780 3781/3781/3781 3782/3782/3782 
f 3783/3783/3783 3784/3784/3784 3785/3785/3785 
f 3786/3786/3786 3787/3787/3787 3788/3788/3788 
f 3786/3786/3786 3788/3788/3788 3789/3789/3789 
f 3790/3790/3790 3791/3791/3791 3792/3792/3792 
f 3793/3793/3793 3794/3794/3794 3795/3795/3795 
f 3793/3793/3793 3795/3795/3795 3796/3796/3796 
f 3761/3761/3761 3779/3779/3779 3778/3778/3778 
f 3761/3761/3761 3778/3778/3778 3762/3762/3762 
f 3764/3764/3764 3763/3763/3763 3797/3797/3797 
f 3797/3797/3797 3762/3762/3762 3778/3778/3778 
f 3797/3797/3797 3763/3763/3763 3762/3762/3762 
f 3764/3764/3764 3797/3797/3797 3778/3778/3778 
f 3798/3798/3798 3799/3799/3799 3800/3800/3800 
f 3801/3801/3801 3802/3802/3802 3803/3803/3803 
f 3804/3804/3804 3805/3805/3805 3806/3806/3806 
f 3804/3804/3804 3806/3806/3806 3807/3807/3807 
f 3813/3813/3813 3814/3814/3814 3815/3815/3815 
f 3813/3813/3813 3815/3815/3815 3816/3816/3816 
f 3819/3819/3819 3820/3820/3820 3821/3821/3821 
f 3819/3819/3819 3821/3821/3821 3822/3822/3822 
f 3823/3823/3823 3824/3824/3824 3825/3825/3825 
f 3823/3823/3823 3825/3825/3825 3826/3826/3826 
f 3827/3827/3827 3828/3828/3828 3829/3829/3829 
f 3827/3827/3827 3829/3829/3829 3830/3830/3830 
f 3838/3838/3838 3839/3839/3839 3840/3840/3840 
f 3838/3838/3838 3840/3840/3840 3841/3841/3841 
f 3843/3843/3843 3844/3844/3844 3845/3845/3845 
f 3846/3846/3846 3847/3847/3847 3848/3848/3848 
f 3849/3849/3849 3850/3850/3850 3851/3851/3851 
f 3852/3852/3852 3853/3853/3853 3854/3854/3854 
f 3855/3855/3855 3856/3856/3856 3857/3857/3857 
f 3855/3855/3855 3857/3857/3857 3858/3858/3858 
f 3859/3859/3859 3860/3860/3860 3861/3861/3861 
f 3859/3859/3859 3861/3861/3861 3862/3862/3862 
f 3864/3864/3864 3865/3865/3865 3866/3866/3866 
f 3864/3864/3864 3866/3866/3866 3867/3867/3867 
f 3868/3868/3868 3869/3869/3869 3870/3870/3870 
f 3874/3874/3874 3875/3875/3875 3876/3876/3876 
f 3879/3879/3879 3880/3880/3880 3881/3881/3881 
f 3882/3882/3882 3883/3883/3883 3884/3884/3884 
f 3882/3882/3882 3884/3884/3884 3885/3885/3885 
f 3886/3886/3886 3887/3887/3887 3888/3888/3888 
f 3889/3889/3889 3890/3890/3890 3891/3891/3891 
f 3892/3892/3892 3893/3893/3893 3894/3894/3894 
f 3895/3895/3895 3896/3896/3896 3897/3897/3897 
f 3895/3895/3895 3897/3897/3897 3898/3898/3898 
f 3904/3904/3904 3905/3905/3905 3906/3906/3906 
f 3904/3904/3904 3906/3906/3906 3907/3907/3907 
f 3909/3909/3909 3910/3910/3910 3911/3911/3911 
f 3909/3909/3909 3911/3911/3911 3912/3912/3912 

g 9

v -32.3652 0.199769 -1.9649 
v -33.3408 8.34465e-07 -1.93448 
v -33.2883 8.34465e-07 -1.99611 
v -33.2883 0.199769 -1.99611 
v -33.2897 0.285859 -1.93447 
v -32.3912 0.285859 -1.93447 
v -33.2897 0.285859 -1.93447 
v -32.3912 0.285859 -1.93447 
v -32.3899 0.199769 -1.99531 
v -33.2883 0.199769 -1.99611 
v -32.3899 8.34465e-07 -1.99531 
v -32.3899 8.34465e-07 -1.99531 
v -33.2883 8.34465e-07 -1.99611 
v -33.2883 0.199769 -1.99611 
v -32.3899 0.199769 -1.99531 
v -32.3652 0.199769 -1.9649 
v -33.2883 0.199769 -0.995484 
v -33.2883 0.199769 -1.99611 
v -33.2897 0.285859 -1.93447 
v -32.3912 0.285859 -1.93447 
v -32.3912 0.28593 -1.05981 
v -32.3659 0.199769 -1.02765 
v -33.2897 0.285979 -1.05974 
v -32.8427 0.334844 -1.48895 
v -33.1617 0.335408 -1.2013 
v -32.5226 0.335408 -1.2013 
v -32.3912 0.285859 -1.93447 
v -33.2897 0.285859 -1.93447 
v -33.1617 0.335408 -1.7766 
v -32.5226 0.335408 -1.7766 
v -32.3912 0.28593 -1.05981 
v -32.3912 0.285859 -1.93447 
v -32.5226 0.335408 -1.7766 
v -32.5226 0.335408 -1.2013 
v -33.1617 0.335408 -1.2013 
v -33.1617 0.335408 -1.7766 
v -33.2897 0.285859 -1.93447 
v -33.2897 0.285979 -1.05974 
v -32.3912 0.28593 -1.05981 
v -32.5226 0.335408 -1.2013 
v -33.1617 0.335408 -1.2013 
v -33.2897 0.285979 -1.05974 
v -33.1617 0.335408 -1.7766 
v -33.1617 0.335408 -1.2013 
v -32.8427 0.334844 -1.48895 
v -32.8427 0.334844 -1.48895 
v -32.5226 0.335408 -1.7766 
v -33.1617 0.335408 -1.7766 
v -32.5226 0.335408 -1.2013 
v -32.5226 0.335408 -1.7766 
v -32.8427 0.334844 -1.48895 
v -32.3659 8.34465e-07 -1.02765 
v -32.3652 1.07288e-06 -1.9649 
v -32.3652 0.199769 -1.9649 
v -32.3406 0.199769 -1.93448 
v -32.3406 8.34465e-07 -1.93448 
v -32.3406 0.199769 -1.93448 
v -32.3406 0.199769 -1.05982 
v -32.3406 8.34465e-07 -1.05982 
v -32.3406 8.34465e-07 -1.93448 
v -32.3912 0.285859 -1.93447 
v -32.3912 0.28593 -1.05981 
v -32.3406 0.199769 -1.05982 
v -32.3406 0.199769 -1.93448 
v -32.3406 0.199769 -1.05982 
v -32.3659 0.199769 -1.02765 
v -32.3659 8.34465e-07 -1.02765 
v -32.3406 8.34465e-07 -1.05982 
v -32.3899 8.34465e-07 -1.99531 
v -32.3912 0.28593 -1.05981 
v -32.3659 0.199769 -1.02765 
v -32.3406 0.199769 -1.05982 
v -32.3912 0.285859 -1.93447 
v -32.3406 0.199769 -1.93448 
v -32.3652 0.199769 -1.9649 
v -32.3652 1.07288e-06 -1.9649 
v -32.3406 8.34465e-07 -1.93448 
v -32.3659 8.34465e-07 -1.02765 
v -32.3659 0.199769 -1.02765 
v -32.3912 0.199769 -0.995483 
v -32.3912 8.34465e-07 -0.995483 
v -32.3659 0.199769 -1.02765 
v -32.3912 0.28593 -1.05981 
v -32.3912 0.199769 -0.995483 
v -32.3912 0.285859 -1.93447 
v -32.3652 0.199769 -1.9649 
v -32.3899 0.199769 -1.99531 
v -32.3652 0.199769 -1.9649 
v -32.3652 1.07288e-06 -1.9649 
v -32.3899 8.34465e-07 -1.99531 
v -32.3899 0.199769 -1.99531 
v -32.3659 8.34465e-07 -1.02765 
v -33.3408 0.199769 -1.05982 
v -33.2883 5.96046e-07 -0.995484 
v -32.3912 0.28593 -1.05981 
v -32.3659 0.199769 -1.02765 
v -33.2883 5.96046e-07 -0.995484 
v -32.3912 8.34465e-07 -0.995483 
v -32.3912 0.199769 -0.995483 
v -33.2883 0.199769 -0.995484 
v -33.2897 0.285979 -1.05974 
v -32.3912 0.28593 -1.05981 
v -33.2897 0.285979 -1.05974 
v -33.2883 0.199769 -0.995484 
v -32.3912 0.199769 -0.995483 
v -32.3912 8.34465e-07 -1.05982 
v -32.3659 8.34465e-07 -1.02765 
v -32.3912 8.34465e-07 -0.995483 
v -32.3652 0.199769 -1.9649 
v -33.2883 0.199769 -0.995484 
v -33.2883 5.96046e-07 -0.995484 
v -33.3408 8.34465e-07 -1.93448 
v -33.2883 8.34465e-07 -1.99611 
v -33.2897 8.34465e-07 -1.93448 
v -33.2883 0.199769 -1.99611 
v -33.3408 8.34465e-07 -1.05982 
v -33.2897 8.34465e-07 -1.05982 
v -32.3659 0.199769 -1.02765 
v -33.2883 5.96046e-07 -0.995484 
v -33.3408 8.34465e-07 -1.05982 
v -33.2897 8.34465e-07 -1.05982 
v -32.3899 8.34465e-07 -1.99531 
v -32.3912 8.34465e-07 -1.93448 
v -32.3912 8.34465e-07 -0.995483 
v -33.2883 5.96046e-07 -0.995484 
v -33.2897 8.34465e-07 -1.05982 
v -32.3912 8.34465e-07 -1.05982 
v -32.3406 8.34465e-07 -1.93448 
v -32.3406 8.34465e-07 -1.05982 
v -33.2883 0.199769 -0.995484 
v -33.3408 0.199769 -1.05982 
v -33.3408 8.34465e-07 -1.05982 
v -33.2883 5.96046e-07 -0.995484 
v -33.3408 8.34465e-07 -1.93448 
v -33.2883 8.34465e-07 -1.99611 
v -33.3408 0.199769 -1.93448 
v -33.2883 0.199769 -1.99611 
v -33.2883 8.34465e-07 -1.99611 
v -33.3408 8.34465e-07 -1.93448 
v -33.2897 0.285859 -1.93447 
v -33.2883 0.199769 -1.99611 
v -33.3408 0.199769 -1.93448 
v -33.3408 0.199769 -1.05982 
v -33.3408 0.199769 -1.93448 
v -33.3408 8.34465e-07 -1.93448 
v -33.3408 8.34465e-07 -1.05982 
v -33.2897 0.285979 -1.05974 
v -33.3408 0.199769 -1.05982 
v -33.2883 0.199769 -0.995484 
v -33.2897 0.285859 -1.93447 
v -33.3408 0.199769 -1.93448 
v -33.3408 0.199769 -1.05982 
v -33.2897 0.285979 -1.05974 

vn 0.779528 0 -0.629921 
vn 0 -1 0 
vn 0 -1 0 
vn -0.76378 0 -0.645669 
vn -0.692913 0.409449 -0.590551 
vn 0.858268 0.503937 0 
vn 0 0.582677 -0.811024 
vn 0 0.582677 -0.811024 
vn 0 0.582677 -0.811024 
vn 0 0.582677 -0.811024 
vn 0 -1 0 
vn 0 0 -1 
vn 0 0 -1 
vn 0 0 -1 
vn 0 0 -1 
vn 0.779528 0 -0.629921 
vn -0.771654 0 0.629921 
vn -0.76378 0 -0.645669 
vn -0.692913 0.409449 -0.590551 
vn 0.858268 0.503937 0 
vn 0.858268 0.503937 0 
vn 0.787402 0 0.614173 
vn -0.700787 0.417323 0.574803 
vn 0 1 0 
vn 0 1 0 
vn 0 1 0 
vn 0 0.952756 -0.299213 
vn 0 0.952756 -0.299213 
vn 0 0.952756 -0.299213 
vn 0 0.952756 -0.299213 
vn 0.354331 0.937008 0 
vn 0.354331 0.937008 0 
vn 0.354331 0.937008 0 
vn 0.354331 0.937008 0 
vn -0.362205 0.929134 0 
vn -0.362205 0.929134 0 
vn -0.362205 0.929134 0 
vn -0.362205 0.929134 0 
vn 0 0.944882 0.330709 
vn 0 0.944882 0.330709 
vn 0 0.944882 0.330709 
vn 0 0.944882 0.330709 
vn 0 1 0 
vn 0 1 0 
vn 0 1 0 
vn 0 1 0 
vn 0 1 0 
vn 0 1 0 
vn 0 1 0 
vn 0 1 0 
vn 0 1 0 
vn 0 -1 0 
vn 0.779528 0 -0.629921 
vn 0.779528 0 -0.629921 
vn 0.779528 0 -0.629921 
vn 0.779528 0 -0.629921 
vn 1 0 0 
vn 1 0 0 
vn 1 0 0 
vn 1 0 0 
vn 0.858268 0.503937 0 
vn 0.858268 0.503937 0 
vn 0.858268 0.503937 0 
vn 0.858268 0.503937 0 
vn 0.787402 0 0.614173 
vn 0.787402 0 0.614173 
vn 0.787402 0 0.614173 
vn 0.787402 0 0.614173 
vn 0 -1 0 
vn 0.716535 0.417323 0.559055 
vn 0.716535 0.417323 0.559055 
vn 0.716535 0.417323 0.559055 
vn 0.708661 0.417323 -0.574803 
vn 0.708661 0.417323 -0.574803 
vn 0.708661 0.417323 -0.574803 
vn 0 -1 0 
vn 0 -1 0 
vn 0.787402 0 0.614173 
vn 0.787402 0 0.614173 
vn 0.787402 0 0.614173 
vn 0.787402 0 0.614173 
vn 0.716535 0.417323 0.559055 
vn 0.716535 0.417323 0.559055 
vn 0.716535 0.417323 0.559055 
vn 0.708661 0.417323 -0.574803 
vn 0.708661 0.417323 -0.574803 
vn 0.708661 0.417323 -0.574803 
vn 0.779528 0 -0.629921 
vn 0.779528 0 -0.629921 
vn 0.779528 0 -0.629921 
vn 0.779528 0 -0.629921 
vn 0 -1 0 
vn -0.771654 0 0.629921 
vn -0.771654 0 0.629921 
vn 0.858268 0.503937 0 
vn 0.787402 0 0.614173 
vn 0 0 1 
vn 0 0 1 
vn 0 0 1 
vn 0 0 1 
vn -0.700787 0.417323 0.574803 
vn 0 0.598425 0.80315 
vn 0 0.598425 0.80315 
vn 0 0.598425 0.80315 
vn 0 0.598425 0.80315 
vn 0 -1 0 
vn 0 -1 0 
vn 0 -1 0 
vn 0.779528 0 -0.629921 
vn -0.771654 0 0.629921 
vn -0.771654 0 0.629921 
vn 0 -1 0 
vn 0 -1 0 
vn 0 -1 0 
vn -0.76378 0 -0.645669 
vn 0 -1 0 
vn 0 -1 0 
vn 0.787402 0 0.614173 
vn 0 -1 0 
vn 0 -1 0 
vn 0 -1 0 
vn 0 -1 0 
vn 0 -1 0 
vn 0 -1 0 
vn 0 -1 0 
vn 0 -1 0 
vn 0 -1 0 
vn 0 -1 0 
vn 0 -1 0 
vn -0.771654 0 0.629921 
vn -0.771654 0 0.629921 
vn -0.771654 0 0.629921 
vn -0.771654 0 0.629921 
vn 0 -1 0 
vn 0 -1 0 
vn -0.76378 0 -0.645669 
vn -0.76378 0 -0.645669 
vn -0.76378 0 -0.645669 
vn -0.76378 0 -0.645669 
vn -0.692913 0.409449 -0.590551 
vn -0.692913 0.409449 -0.590551 
vn -0.692913 0.409449 -0.590551 
vn -1 0 0 
vn -1 0 0 
vn -1 0 0 
vn -1 0 0 
vn -0.700787 0.417323 0.574803 
vn -0.700787 0.417323 0.574803 
vn -0.700787 0.417323 0.574803 
vn -0.858268 0.511811 0 
vn -0.858268 0.511811 0 
vn -0.858268 0.511811 0 
vn -0.858268 0.511811 0 

vt -0.700904 1.18173 
vt -0.578959 1.15676 
vt -0.585523 1.15676 
vt -0.585523 1.18173 
vt -0.585344 1.19249 
vt -0.697655 1.19249 
vt -0.585344 1.19249 
vt -0.697655 1.19249 
vt -0.697825 1.18173 
vt -0.585523 1.18173 
vt -0.697825 1.15676 
vt -0.697825 1.15676 
vt -0.585523 1.15676 
vt -0.585523 1.18173 
vt -0.697825 1.18173 
vt -0.700109 1.23716 
vt -0.578932 1.12177 
vt -0.704011 1.12177 
vt -0.696306 1.1216 
vt -0.696306 1.23391 
vt -0.586973 1.23391 
vt -0.582953 1.23707 
vt -0.586964 1.1216 
vt -0.640615 1.17747 
vt -0.604659 1.1376 
vt -0.604659 1.21748 
vt -0.696306 1.23391 
vt -0.696306 1.1216 
vt -0.676572 1.1376 
vt -0.676572 1.21748 
vt -0.586973 1.23391 
vt -0.696306 1.23391 
vt -0.676572 1.21748 
vt -0.604659 1.21748 
vt -0.604659 1.1376 
vt -0.676572 1.1376 
vt -0.696306 1.1216 
vt -0.586964 1.1216 
vt -0.586973 1.23391 
vt -0.604659 1.21748 
vt -0.604659 1.1376 
vt -0.586964 1.1216 
vt -0.676572 1.1376 
vt -0.604659 1.1376 
vt -0.640615 1.17747 
vt -0.640615 1.17747 
vt -0.676572 1.21748 
vt -0.676572 1.1376 
vt -0.604659 1.21748 
vt -0.676572 1.21748 
vt -0.640615 1.17747 
vt -0.69999 1.15676 
vt -0.582834 1.15676 
vt -0.582834 1.18173 
vt -0.586636 1.18173 
vt -0.586636 1.15676 
vt -0.586636 1.18173 
vt -0.695969 1.18173 
vt -0.695969 1.15676 
vt -0.586636 1.15676 
vt -0.586637 1.19249 
vt -0.69597 1.1925 
vt -0.695969 1.18173 
vt -0.586636 1.18173 
vt -0.695969 1.18173 
vt -0.69999 1.18173 
vt -0.69999 1.15676 
vt -0.695969 1.15676 
vt -0.579032 1.15676 
vt -0.69597 1.1925 
vt -0.69999 1.18173 
vt -0.695969 1.18173 
vt -0.586637 1.19249 
vt -0.586636 1.18173 
vt -0.582834 1.18173 
vt -0.582834 1.15676 
vt -0.586636 1.15676 
vt -0.69999 1.15676 
vt -0.69999 1.18173 
vt -0.704011 1.18173 
vt -0.704011 1.15676 
vt -0.69999 1.18173 
vt -0.69597 1.1925 
vt -0.704011 1.18173 
vt -0.586637 1.19249 
vt -0.582834 1.18173 
vt -0.579032 1.18173 
vt -0.582834 1.18173 
vt -0.582834 1.15676 
vt -0.579032 1.15676 
vt -0.579032 1.18173 
vt -0.582121 1.15676 
vt -0.703984 1.18173 
vt -0.697422 1.15676 
vt -0.585288 1.1925 
vt -0.582121 1.18173 
vt -0.697422 1.15676 
vt -0.585283 1.15676 
vt -0.585283 1.18173 
vt -0.697422 1.18173 
vt -0.697598 1.19251 
vt -0.585288 1.1925 
vt -0.697598 1.19251 
vt -0.697422 1.18173 
vt -0.585283 1.18173 
vt -0.695969 1.23391 
vt -0.69999 1.23707 
vt -0.704011 1.23391 
vt -0.582834 1.23716 
vt -0.704011 1.12177 
vt -0.704011 1.12177 
vt -0.586636 1.11521 
vt -0.578932 1.12177 
vt -0.586636 1.12159 
vt -0.578932 1.12177 
vt -0.695969 1.11521 
vt -0.695969 1.12159 
vt -0.69999 1.23707 
vt -0.704011 1.12177 
vt -0.695969 1.11521 
vt -0.695969 1.12159 
vt -0.579032 1.23408 
vt -0.586636 1.23391 
vt -0.704011 1.23391 
vt -0.704011 1.12177 
vt -0.695969 1.12159 
vt -0.695969 1.23391 
vt -0.586636 1.24023 
vt -0.695969 1.24024 
vt -0.578932 1.18173 
vt -0.586974 1.18173 
vt -0.586974 1.15676 
vt -0.578932 1.15676 
vt -0.696306 1.15676 
vt -0.704011 1.15676 
vt -0.696306 1.18173 
vt -0.704011 1.18173 
vt -0.704011 1.15676 
vt -0.696306 1.15676 
vt -0.696306 1.19249 
vt -0.704011 1.18173 
vt -0.696306 1.18173 
vt -0.586974 1.18173 
vt -0.696306 1.18173 
vt -0.696306 1.15676 
vt -0.586974 1.15676 
vt -0.586964 1.19251 
vt -0.586974 1.18173 
vt -0.578932 1.18173 
vt -0.696306 1.19249 
vt -0.696306 1.18173 
vt -0.586974 1.18173 
vt -0.586964 1.19251 

usemtl 1Mtl

f 3919/3919/3919 3920/3920/3920 3921/3921/3921 
f 3919/3919/3919 3921/3921/3921 3922/3922/3922 
f 3924/3924/3924 3925/3925/3925 3926/3926/3926 
f 3924/3924/3924 3926/3926/3926 3927/3927/3927 
f 3936/3936/3936 3937/3937/3937 3938/3938/3938 
f 3939/3939/3939 3940/3940/3940 3941/3941/3941 
f 3939/3939/3939 3941/3941/3941 3942/3942/3942 
f 3943/3943/3943 3944/3944/3944 3945/3945/3945 
f 3943/3943/3943 3945/3945/3945 3946/3946/3946 
f 3947/3947/3947 3948/3948/3948 3949/3949/3949 
f 3947/3947/3947 3949/3949/3949 3950/3950/3950 
f 3951/3951/3951 3952/3952/3952 3953/3953/3953 
f 3951/3951/3951 3953/3953/3953 3954/3954/3954 
f 3955/3955/3955 3956/3956/3956 3957/3957/3957 
f 3958/3958/3958 3959/3959/3959 3960/3960/3960 
f 3961/3961/3961 3962/3962/3962 3963/3963/3963 
f 3965/3965/3965 3966/3966/3966 3967/3967/3967 
f 3965/3965/3965 3967/3967/3967 3968/3968/3968 
f 3969/3969/3969 3970/3970/3970 3971/3971/3971 
f 3969/3969/3969 3971/3971/3971 3972/3972/3972 
f 3973/3973/3973 3974/3974/3974 3975/3975/3975 
f 3973/3973/3973 3975/3975/3975 3976/3976/3976 
f 3977/3977/3977 3978/3978/3978 3979/3979/3979 
f 3977/3977/3977 3979/3979/3979 3980/3980/3980 
f 3982/3982/3982 3983/3983/3983 3984/3984/3984 
f 3985/3985/3985 3986/3986/3986 3987/3987/3987 
f 3981/3981/3981 3988/3988/3988 3989/3989/3989 
f 3990/3990/3990 3991/3991/3991 3992/3992/3992 
f 3990/3990/3990 3992/3992/3992 3993/3993/3993 
f 3994/3994/3994 3995/3995/3995 3996/3996/3996 
f 3997/3997/3997 3998/3998/3998 3999/3999/3999 
f 4000/4000/4000 4001/4001/4001 4002/4002/4002 
f 4000/4000/4000 4002/4002/4002 4003/4003/4003 
f 4009/4009/4009 4010/4010/4010 4011/4011/4011 
f 4009/4009/4009 4011/4011/4011 4012/4012/4012 
f 4014/4014/4014 4015/4015/4015 4016/4016/4016 
f 4014/4014/4014 4016/4016/4016 4017/4017/4017 
f 4018/4018/4018 4019/4019/4019 4020/4020/4020 
f 4024/4024/4024 4025/4025/4025 4026/4026/4026 
f 4028/4028/4028 4024/4024/4024 4026/4026/4026 
f 4028/4028/4028 4026/4026/4026 4029/4029/4029 
f 4031/4031/4031 4032/4032/4032 4033/4033/4033 
f 4025/4025/4025 4034/4034/4034 4035/4035/4035 
f 4025/4025/4025 4035/4035/4035 4026/4026/4026 
f 4026/4026/4026 4035/4035/4035 4018/4018/4018 
f 4026/4026/4026 4018/4018/4018 4029/4029/4029 
f 4036/4036/4036 4037/4037/4037 4038/4038/4038 
f 4036/4036/4036 4038/4038/4038 4039/4039/4039 
f 4034/4034/4034 4040/4040/4040 4035/4035/4035 
f 4035/4035/4035 4040/4040/4040 4041/4041/4041 
f 4035/4035/4035 4041/4041/4041 4018/4018/4018 
f 4019/4019/4019 4018/4018/4018 4041/4041/4041 
f 4042/4042/4042 4043/4043/4043 4044/4044/4044 
f 4042/4042/4042 4044/4044/4044 4045/4045/4045 
f 4048/4048/4048 4049/4049/4049 4050/4050/4050 
f 4048/4048/4048 4050/4050/4050 4051/4051/4051 
f 4052/4052/4052 4053/4053/4053 4054/4054/4054 
f 4055/4055/4055 4056/4056/4056 4057/4057/4057 
f 4055/4055/4055 4057/4057/4057 4058/4058/4058 
f 4059/4059/4059 4060/4060/4060 4061/4061/4061 
f 4062/4062/4062 4063/4063/4063 4064/4064/4064 
f 4062/4062/4062 4064/4064/4064 4065/4065/4065 

g 10

v -32.3416 2.03912 -1.93853 
v -33.3155 2.35647 -1.96921 
v -32.3908 2.35647 -1.99982 
v -33.3155 2.03913 -1.96917 
v -33.2892 2.03913 -1.99982 
v -33.2892 2.35647 -1.99982 
v -32.3908 2.35647 -1.99982 
v -32.3908 2.03913 -1.99982 
v -32.3415 2.35643 -0.0608867 
v -32.3416 2.35647 -1.93859 
v -33.3418 2.35647 -1.93859 
v -33.2752 2.39283 -1.93616 
v -33.3155 2.35647 -1.96921 
v -33.2752 2.39283 -1.93616 
v -33.3418 2.35647 -1.93859 
v -33.3418 2.35643 -0.0608866 
v -33.2752 2.39279 -0.0594099 
v -32.3908 2.35647 -1.99982 
v -32.4095 2.39283 -1.93616 
v -32.3416 2.35647 -1.93859 
v -33.2752 2.39283 -1.93616 
v -32.4095 2.39283 -1.93616 
v -32.3908 2.35647 -1.99982 
v -33.2892 2.35647 -1.99982 
v -33.2892 2.35643 0.000349939 
v -33.2752 2.39279 -0.0594099 
v -33.3418 2.35643 -0.0608866 
v -32.4095 2.39279 -0.0594099 
v -32.3415 2.35643 -0.0608867 
v -32.3416 2.35647 -1.93859 
v -32.4095 2.39283 -1.93616 
v -32.8418 2.39282 -0.998065 
v -33.2752 2.39283 -1.93616 
v -33.2752 2.39279 -0.0594099 
v -32.3908 2.35643 0.000350773 
v -32.3415 2.35643 -0.0608867 
v -32.4095 2.39279 -0.0594099 
v -33.2752 2.39279 -0.0594099 
v -33.2892 2.35643 0.000349939 
v -32.3908 2.35643 0.000350773 
v -32.4095 2.39279 -0.0594099 
v -32.4095 2.39279 -0.0594099 
v -32.8418 2.39282 -0.998065 
v -33.2752 2.39279 -0.0594099 
v -32.8418 2.39282 -0.998065 
v -32.4095 2.39279 -0.0594099 
v -32.4095 2.39283 -1.93616 
v -33.2752 2.39283 -1.93616 
v -32.8418 2.39282 -0.998065 
v -32.4095 2.39283 -1.93616 
v -33.2752 2.39283 -1.93616 
v -33.2892 2.35647 -1.99982 
v -33.3155 2.35647 -1.96921 
v -32.3415 2.35643 -0.0608867 
v -32.3416 2.03902 -0.0608867 
v -32.3416 2.03912 -1.93853 
v -32.3416 2.35647 -1.93859 
v -32.3908 2.35647 -1.99982 
v -32.3908 2.35643 0.000350773 
v -32.3416 2.03912 -1.93853 
v -32.3908 2.03913 -1.99982 
v -32.3908 2.35647 -1.99982 
v -32.3416 2.35647 -1.93859 
v -32.3908 2.03902 0.000353038 
v -32.3416 2.03902 -0.0608867 
v -32.3415 2.35643 -0.0608867 
v -32.3908 2.35643 0.000350773 
v -32.3415 2.35643 -0.0608867 
v -32.3416 2.03902 -0.0608867 
v -33.3418 2.35643 -0.0608866 
v -32.3908 2.35643 0.000350773 
v -33.3418 2.03902 -0.0608866 
v -32.4095 1.9928 -0.0594099 
v -32.3908 2.35643 0.000350773 
v -33.2892 2.35643 0.000349939 
v -33.2892 2.03902 0.000352204 
v -32.3908 2.03902 0.000353038 
v -32.3416 2.03902 -0.0608867 
v -32.3416 2.03912 -1.93853 
v -33.3418 2.03902 -0.0608866 
v -33.3155 2.03913 -1.96917 
v -32.3416 2.03912 -1.93853 
v -32.4095 1.9929 -1.9361 
v -32.3908 2.03913 -1.99982 
v -33.2752 1.9928 -0.0594099 
v -33.3418 2.03902 -0.0608866 
v -33.3418 2.03912 -1.93853 
v -33.2752 1.9929 -1.9361 
v -33.3418 2.03902 -0.0608866 
v -33.2752 1.9928 -0.0594099 
v -33.2892 2.03902 0.000352204 
v -33.2752 1.9929 -1.9361 
v -33.2892 2.03913 -1.99982 
v -32.3908 2.03913 -1.99982 
v -32.4095 1.9929 -1.9361 
v -32.3416 2.03912 -1.93853 
v -32.3416 2.03902 -0.0608867 
v -32.4095 1.9928 -0.0594099 
v -32.4095 1.9929 -1.9361 
v -32.8418 1.99279 -0.998033 
v -32.4095 1.9928 -0.0594099 
v -33.2752 1.9928 -0.0594099 
v -33.2752 1.9929 -1.9361 
v -33.3418 2.03912 -1.93853 
v -33.3155 2.03913 -1.96917 
v -32.3416 2.03902 -0.0608867 
v -32.3908 2.03902 0.000353038 
v -32.4095 1.9928 -0.0594099 
v -33.2752 1.9928 -0.0594099 
v -32.4095 1.9928 -0.0594099 
v -32.3908 2.03902 0.000353038 
v -33.2892 2.03902 0.000352204 
v -33.2752 1.9929 -1.9361 
v -32.8418 1.99279 -0.998033 
v -33.2752 1.9928 -0.0594099 
v -32.8418 1.99279 -0.998033 
v -33.2752 1.9929 -1.9361 
v -32.4095 1.9929 -1.9361 
v -32.4095 1.9928 -0.0594099 
v -32.8418 1.99279 -0.998033 
v -32.4095 1.9929 -1.9361 
v -33.3155 2.03913 -1.96917 
v -33.2892 2.03913 -1.99982 
v -33.2752 1.9929 -1.9361 
v -33.3155 2.35647 -1.96921 
v -33.3418 2.35643 -0.0608866 
v -33.3418 2.03902 -0.0608866 
v -33.3418 2.35643 -0.0608866 
v -33.3418 2.35647 -1.93859 
v -33.3418 2.03912 -1.93853 
v -33.3155 2.03913 -1.96917 
v -33.3418 2.03912 -1.93853 
v -33.3418 2.35647 -1.93859 
v -33.3155 2.35647 -1.96921 
v -33.3418 2.03902 -0.0608866 
v -33.2892 2.03902 0.000352204 
v -33.2892 2.35643 0.000349939 
v -33.3418 2.35643 -0.0608866 
v -33.3155 2.35647 -1.96921 
v -33.2892 2.35647 -1.99982 
v -33.2892 2.03913 -1.99982 
v -33.3155 2.03913 -1.96917 

vn 1 0 0 
vn -0.433071 0.818898 -0.370079 
vn 0.433071 0.834646 -0.346457 
vn -0.755906 0 -0.653543 
vn 0 0 -1 
vn 0 0 -1 
vn 0 0 -1 
vn 0 0 -1 
vn 1 0 0 
vn 1 0 0 
vn -0.433071 0.818898 -0.370079 
vn -0.433071 0.818898 -0.370079 
vn -0.433071 0.818898 -0.370079 
vn -0.480315 0.874016 0 
vn -0.480315 0.874016 0 
vn -0.480315 0.874016 0 
vn -0.480315 0.874016 0 
vn 0.433071 0.834646 -0.346457 
vn 0.433071 0.834646 -0.346457 
vn 0.433071 0.834646 -0.346457 
vn 0 0.866142 -0.496063 
vn 0 0.866142 -0.496063 
vn 0 0.866142 -0.496063 
vn 0 0.866142 -0.496063 
vn -0.448819 0.80315 0.385827 
vn -0.448819 0.80315 0.385827 
vn -0.448819 0.80315 0.385827 
vn 0.472441 0.88189 0 
vn 0.472441 0.88189 0 
vn 0.472441 0.88189 0 
vn 0.472441 0.88189 0 
vn 0 1 0 
vn 0 1 0 
vn 0 1 0 
vn 0.448819 0.818898 0.362205 
vn 0.448819 0.818898 0.362205 
vn 0.448819 0.818898 0.362205 
vn 0 0.850394 0.519685 
vn 0 0.850394 0.519685 
vn 0 0.850394 0.519685 
vn 0 0.850394 0.519685 
vn 0 1 0 
vn 0 1 0 
vn 0 1 0 
vn 0 1 0 
vn 0 1 0 
vn 0 1 0 
vn 0 1 0 
vn 0 1 0 
vn 0 1 0 
vn -0.433071 0.818898 -0.370079 
vn -0.433071 0.818898 -0.370079 
vn -0.433071 0.818898 -0.370079 
vn 1 0 0 
vn 1 0 0 
vn 1 0 0 
vn 1 0 0 
vn 0.433071 0.834646 -0.346457 
vn 0.448819 0.818898 0.362205 
vn 0.779528 0 -0.629921 
vn 0.779528 0 -0.629921 
vn 0.779528 0 -0.629921 
vn 0.779528 0 -0.629921 
vn 0.779528 0 0.629921 
vn 0.779528 0 0.629921 
vn 0.779528 0 0.629921 
vn 0.779528 0 0.629921 
vn 1 0 0 
vn 1 0 0 
vn -0.480315 0.874016 0 
vn 0.448819 0.818898 0.362205 
vn -1 0 0 
vn 0.559055 -0.826772 0 
vn 0 0 1 
vn 0 0 1 
vn 0 0 1 
vn 0 0 1 
vn 1 0 0 
vn 1 0 0 
vn -1 0 0 
vn -0.755906 0 -0.653543 
vn 0.503937 -0.76378 -0.401575 
vn 0.503937 -0.76378 -0.401575 
vn 0.503937 -0.76378 -0.401575 
vn -0.566929 -0.818898 0 
vn -0.566929 -0.818898 0 
vn -0.566929 -0.818898 0 
vn -0.566929 -0.818898 0 
vn -0.519685 -0.732283 0.440945 
vn -0.519685 -0.732283 0.440945 
vn -0.519685 -0.732283 0.440945 
vn 0 -0.811024 -0.590551 
vn 0 -0.811024 -0.590551 
vn 0 -0.811024 -0.590551 
vn 0 -0.811024 -0.590551 
vn 0.559055 -0.826772 0 
vn 0.559055 -0.826772 0 
vn 0.559055 -0.826772 0 
vn 0.559055 -0.826772 0 
vn 0 -1 0 
vn 0 -1 0 
vn 0 -1 0 
vn -0.503937 -0.748031 -0.433071 
vn -0.503937 -0.748031 -0.433071 
vn -0.503937 -0.748031 -0.433071 
vn 0.519685 -0.748031 0.417323 
vn 0.519685 -0.748031 0.417323 
vn 0.519685 -0.748031 0.417323 
vn 0 -0.787402 0.614173 
vn 0 -0.787402 0.614173 
vn 0 -0.787402 0.614173 
vn 0 -0.787402 0.614173 
vn 0 -1 0 
vn 0 -1 0 
vn 0 -1 0 
vn 0 -1 0 
vn 0 -1 0 
vn 0 -1 0 
vn 0 -1 0 
vn 0 -1 0 
vn 0 -1 0 
vn -0.503937 -0.748031 -0.433071 
vn -0.503937 -0.748031 -0.433071 
vn -0.503937 -0.748031 -0.433071 
vn -0.433071 0.818898 -0.370079 
vn -0.480315 0.874016 0 
vn -1 0 0 
vn -1 0 0 
vn -1 0 0 
vn -1 0 0 
vn -0.755906 0 -0.653543 
vn -0.755906 0 -0.653543 
vn -0.755906 0 -0.653543 
vn -0.755906 0 -0.653543 
vn -0.755906 0 0.653543 
vn -0.755906 0 0.653543 
vn -0.755906 0 0.653543 
vn -0.755906 0 0.653543 
vn -0.755906 0 -0.653543 
vn -0.755906 0 -0.653543 
vn -0.755906 0 -0.653543 
vn -0.755906 0 -0.653543 

vt 1.46035 -0.226076 
vt 1.58209 -0.186408 
vt 1.46651 -0.186408 
vt 1.58209 -0.226076 
vt 1.57881 -0.226076 
vt 1.57881 -0.186408 
vt 1.46651 -0.186408 
vt 1.46651 -0.226076 
vt 1.64022 -0.144352 
vt 1.40551 -0.144353 
vt 1.40551 -0.269379 
vt 1.40581 -0.261056 
vt 1.40168 -0.266096 
vt 1.40581 -0.261056 
vt 1.40551 -0.269379 
vt 1.64022 -0.269379 
vt 1.6404 -0.261056 
vt 1.39785 -0.150512 
vt 1.40581 -0.152843 
vt 1.40551 -0.144353 
vt 1.40581 -0.261056 
vt 1.40581 -0.152843 
vt 1.39785 -0.150512 
vt 1.39785 -0.262814 
vt 1.64787 -0.262814 
vt 1.6404 -0.261056 
vt 1.64022 -0.269379 
vt 1.6404 -0.152843 
vt 1.64022 -0.144352 
vt 1.40551 -0.144353 
vt 1.40581 -0.152843 
vt 1.52307 -0.206879 
vt 1.40581 -0.261056 
vt 1.6404 -0.261056 
vt 1.64787 -0.150512 
vt 1.64022 -0.144352 
vt 1.6404 -0.152843 
vt 1.6404 -0.261056 
vt 1.64787 -0.262814 
vt 1.64787 -0.150512 
vt 1.6404 -0.152843 
vt 1.6404 -0.152843 
vt 1.52307 -0.206879 
vt 1.6404 -0.261056 
vt 1.52307 -0.206879 
vt 1.6404 -0.152843 
vt 1.40581 -0.152843 
vt 1.40581 -0.261056 
vt 1.52307 -0.206879 
vt 1.40581 -0.152843 
vt 1.40581 -0.261056 
vt 1.39785 -0.262814 
vt 1.40168 -0.266096 
vt 1.40551 -0.186413 
vt 1.40551 -0.226089 
vt 1.64021 -0.226076 
vt 1.64022 -0.186408 
vt 1.64787 -0.186408 
vt 1.39785 -0.186413 
vt 1.64021 -0.226076 
vt 1.64787 -0.226076 
vt 1.64787 -0.186408 
vt 1.64022 -0.186408 
vt 1.39785 -0.226089 
vt 1.40551 -0.226089 
vt 1.40551 -0.186413 
vt 1.39785 -0.186413 
vt 1.58538 -0.186413 
vt 1.58538 -0.226089 
vt 1.46035 -0.186413 
vt 1.57922 -0.186413 
vt 1.46035 -0.226089 
vt 1.57689 -0.231867 
vt 1.57922 -0.186413 
vt 1.46692 -0.186413 
vt 1.46692 -0.226089 
vt 1.57922 -0.226089 
vt 1.40551 -0.144353 
vt 1.64021 -0.144353 
vt 1.40551 -0.269379 
vt 1.64404 -0.266096 
vt 1.64021 -0.144353 
vt 1.63991 -0.152843 
vt 1.64787 -0.150512 
vt 1.40532 -0.261056 
vt 1.40551 -0.269379 
vt 1.64021 -0.269379 
vt 1.63991 -0.261056 
vt 1.40551 -0.269379 
vt 1.40532 -0.261056 
vt 1.39785 -0.262814 
vt 1.63991 -0.261056 
vt 1.64787 -0.262814 
vt 1.64787 -0.150512 
vt 1.63991 -0.152843 
vt 1.64021 -0.144353 
vt 1.40551 -0.144353 
vt 1.40532 -0.152843 
vt 1.63991 -0.152843 
vt 1.52265 -0.206879 
vt 1.40532 -0.152843 
vt 1.40532 -0.261056 
vt 1.63991 -0.261056 
vt 1.64021 -0.269379 
vt 1.64404 -0.266096 
vt 1.40551 -0.144353 
vt 1.39785 -0.150512 
vt 1.40532 -0.152843 
vt 1.40532 -0.261056 
vt 1.40532 -0.152843 
vt 1.39785 -0.150512 
vt 1.39785 -0.262814 
vt 1.63991 -0.261056 
vt 1.52265 -0.206879 
vt 1.40532 -0.261056 
vt 1.52265 -0.206879 
vt 1.63991 -0.261056 
vt 1.63991 -0.152843 
vt 1.40532 -0.152843 
vt 1.52265 -0.206879 
vt 1.63991 -0.152843 
vt 1.64404 -0.266096 
vt 1.64787 -0.262814 
vt 1.63991 -0.261056 
vt 1.40168 -0.186408 
vt 1.64022 -0.186413 
vt 1.64022 -0.226089 
vt 1.64022 -0.186413 
vt 1.40551 -0.186408 
vt 1.40551 -0.226076 
vt 1.40168 -0.226076 
vt 1.40551 -0.226076 
vt 1.40551 -0.186408 
vt 1.40168 -0.186408 
vt 1.64022 -0.226089 
vt 1.64787 -0.226089 
vt 1.64787 -0.186413 
vt 1.64022 -0.186413 
vt 1.40168 -0.186408 
vt 1.39785 -0.186408 
vt 1.39785 -0.226076 
vt 1.40168 -0.226076 

usemtl Union3Mtl

f 4070/4070/4070 4071/4071/4071 4072/4072/4072 
f 4070/4070/4070 4072/4072/4072 4073/4073/4073 
f 4076/4076/4076 4077/4077/4077 4078/4078/4078 
f 4079/4079/4079 4080/4080/4080 4081/4081/4081 
f 4079/4079/4079 4081/4081/4081 4082/4082/4082 
f 4083/4083/4083 4084/4084/4084 4085/4085/4085 
f 4086/4086/4086 4087/4087/4087 4088/4088/4088 
f 4086/4086/4086 4088/4088/4088 4089/4089/4089 
f 4090/4090/4090 4091/4091/4091 4092/4092/4092 
f 4093/4093/4093 4094/4094/4094 4095/4095/4095 
f 4093/4093/4093 4095/4095/4095 4096/4096/4096 
f 4097/4097/4097 4098/4098/4098 4099/4099/4099 
f 4100/4100/4100 4101/4101/4101 4102/4102/4102 
f 4103/4103/4103 4104/4104/4104 4105/4105/4105 
f 4103/4103/4103 4105/4105/4105 4106/4106/4106 
f 4107/4107/4107 4108/4108/4108 4109/4109/4109 
f 4110/4110/4110 4111/4111/4111 4112/4112/4112 
f 4113/4113/4113 4114/4114/4114 4115/4115/4115 
f 4116/4116/4116 4117/4117/4117 4118/4118/4118 
f 4119/4119/4119 4120/4120/4120 4121/4121/4121 
f 4119/4119/4119 4121/4121/4121 4122/4122/4122 
f 4125/4125/4125 4126/4126/4126 4127/4127/4127 
f 4125/4125/4125 4127/4127/4127 4128/4128/4128 
f 4129/4129/4129 4130/4130/4130 4131/4131/4131 
f 4129/4129/4129 4131/4131/4131 4132/4132/4132 
f 4139/4139/4139 4140/4140/4140 4141/4141/4141 
f 4139/4139/4139 4141/4141/4141 4142/4142/4142 
f 4147/4147/4147 4148/4148/4148 4149/4149/4149 
f 4150/4150/4150 4151/4151/4151 4152/4152/4152 
f 4150/4150/4150 4152/4152/4152 4153/4153/4153 
f 4154/4154/4154 4155/4155/4155 4156/4156/4156 
f 4157/4157/4157 4158/4158/4158 4159/4159/4159 
f 4157/4157/4157 4159/4159/4159 4160/4160/4160 
f 4161/4161/4161 4162/4162/4162 4163/4163/4163 
f 4161/4161/4161 4163/4163/4163 4164/4164/4164 
f 4165/4165/4165 4166/4166/4166 4167/4167/4167 
f 4168/4168/4168 4169/4169/4169 4170/4170/4170 
f 4171/4171/4171 4172/4172/4172 4173/4173/4173 
f 4174/4174/4174 4175/4175/4175 4176/4176/4176 
f 4174/4174/4174 4176/4176/4176 4177/4177/4177 
f 4178/4178/4178 4179/4179/4179 4180/4180/4180 
f 4181/4181/4181 4182/4182/4182 4183/4183/4183 
f 4184/4184/4184 4185/4185/4185 4186/4186/4186 
f 4187/4187/4187 4188/4188/4188 4189/4189/4189 
f 4192/4192/4192 4193/4193/4193 4194/4194/4194 
f 4192/4192/4192 4194/4194/4194 4195/4195/4195 
f 4196/4196/4196 4197/4197/4197 4198/4198/4198 
f 4196/4196/4196 4198/4198/4198 4199/4199/4199 
f 4200/4200/4200 4201/4201/4201 4202/4202/4202 
f 4200/4200/4200 4202/4202/4202 4203/4203/4203 
f 4204/4204/4204 4205/4205/4205 4206/4206/4206 
f 4204/4204/4204 4206/4206/4206 4207/4207/4207 

g 11

v -32.6838 2.20831 -0.932382 
v -32.5446 2.13736 -0.932382 
v -32.5645 2.11 -0.96578 
v -32.6943 2.17615 -0.96578 
v -32.7047 2.14399 -0.999179 
v -32.8439 2.16514 -0.999179 
v -32.8439 2.19895 -0.96578 
v -32.6943 2.17615 -0.96578 
v -32.4342 2.02686 -0.932382 
v -32.4615 2.00699 -0.96578 
v -32.3632 1.88764 -0.932382 
v -32.3953 1.87706 -0.96578 
v -32.3406 1.75228 -0.932382 
v -32.3741 1.74951 -0.96578 
v -32.3633 1.04152 -0.926921 
v -32.4343 0.902315 -0.926921 
v -32.4616 0.922194 -0.959899 
v -32.3954 1.05211 -0.959899 
v -32.4275 1.06269 -0.992877 
v -32.4075 1.18242 -0.999179 
v -32.3741 1.17965 -0.965781 
v -32.3954 1.05211 -0.959899 
v -32.5448 0.791844 -0.926921 
v -32.5647 0.819204 -0.959899 
v -32.684 0.720926 -0.926921 
v -32.6945 0.753087 -0.959899 
v -32.8441 0.696501 -0.926921 
v -32.8441 0.730316 -0.959899 
v -32.8441 0.696501 -0.926921 
v -32.9984 0.720961 -0.926921 
v -32.9879 0.75312 -0.959899 
v -32.8441 0.730316 -0.959899 
v -33.1376 0.79191 -0.926921 
v -33.1177 0.819265 -0.959899 
v -33.2481 0.902406 -0.926921 
v -33.2207 0.922279 -0.959899 
v -33.319 1.04163 -0.926921 
v -33.2869 1.0522 -0.959899 
v -33.3416 1.17699 -0.932382 
v -33.3082 1.17975 -0.965781 
v -33.3189 1.88774 -0.932382 
v -33.2479 2.02695 -0.932382 
v -33.2206 2.00707 -0.96578 
v -33.2868 1.87716 -0.96578 
v -33.2547 1.86658 -0.999179 
v -33.2747 1.74684 -0.999179 
v -33.3081 1.74962 -0.96578 
v -33.1374 2.13742 -0.932382 
v -33.1176 2.11006 -0.96578 
v -32.9982 2.20834 -0.932382 
v -32.9878 2.17618 -0.96578 
v -32.8439 2.23277 -0.932382 
v -32.8439 2.19895 -0.96578 
v -32.4075 1.18242 -0.999179 
v -32.4074 1.74675 -0.999179 
v -32.3741 1.74951 -0.96578 
v -33.2748 1.18252 -0.999179 
v -32.4075 1.18242 -0.999179 
v -32.844 1.17693 -0.999179 
v -32.8439 1.75233 -0.999179 
v -32.4074 1.74675 -0.999179 
v -33.2747 1.74684 -0.999179 
v -33.2748 1.18252 -0.999179 
v -32.5844 2.08265 -0.999179 
v -32.7047 2.14399 -0.999179 
v -32.4889 1.98712 -0.999179 
v -32.4274 1.86649 -0.999179 
v -32.4275 1.06269 -0.992877 
v -32.489 0.942073 -0.992877 
v -32.5845 0.846563 -0.992877 
v -32.7049 0.785248 -0.992877 
v -32.8441 0.764131 -0.992877 
v -32.9775 0.785278 -0.992877 
v -33.0978 0.84662 -0.992877 
v -33.1933 0.942151 -0.992877 
v -33.2548 1.06278 -0.992877 
v -33.2547 1.86658 -0.999179 
v -33.1932 1.98719 -0.999179 
v -33.0977 2.0827 -0.999179 
v -32.9773 2.14402 -0.999179 
v -32.8439 2.16514 -0.999179 
v -32.5645 2.11 -0.96578 
v -32.5844 2.08265 -0.999179 
v -32.8439 2.19895 -0.96578 
v -32.8439 2.23277 -0.932382 
v -32.4615 2.00699 -0.96578 
v -32.4889 1.98712 -0.999179 
v -32.3953 1.87706 -0.96578 
v -32.4274 1.86649 -0.999179 
v -32.4616 0.922194 -0.959899 
v -32.489 0.942073 -0.992877 
v -32.3741 1.17965 -0.965781 
v -32.3407 1.17688 -0.932382 
v -32.5647 0.819204 -0.959899 
v -32.5845 0.846563 -0.992877 
v -32.6945 0.753087 -0.959899 
v -32.7049 0.785248 -0.992877 
v -32.8441 0.730316 -0.959899 
v -32.8441 0.764131 -0.992877 
v -32.9775 0.785278 -0.992877 
v -32.8441 0.764131 -0.992877 
v -33.0978 0.84662 -0.992877 
v -33.1933 0.942151 -0.992877 
v -33.2548 1.06278 -0.992877 
v -33.1932 1.98719 -0.999179 
v -33.3415 1.75239 -0.932382 
v -33.0977 2.0827 -0.999179 
v -32.9773 2.14402 -0.999179 
v -32.8439 2.16514 -0.999179 
v -32.3407 1.17688 -0.932382 
v -32.6838 2.20831 -0.932382 
v -32.5446 2.13736 -0.932382 
v -32.5645 2.11 -0.96578 
v -32.6943 2.17615 -0.96578 
v -32.4342 2.02686 -0.932382 
v -32.4615 2.00699 -0.96578 
v -33.2479 2.02695 -0.932382 
v -33.1374 2.13742 -0.932382 
v -32.9982 2.20834 -0.932382 
v -32.8439 2.23277 -0.0657008 
v -32.5645 2.11 -0.0323022 
v -32.9773 2.14402 0.00109649 
v -32.8439 2.19895 -0.0323021 
v -32.6838 2.20831 -0.932382 
v -32.6838 2.20831 -0.0657007 
v -32.5446 2.13736 -0.0657008 
v -32.5446 2.13736 -0.932382 
v -32.4342 2.02686 -0.0657007 
v -33.2479 2.02695 -0.0657008 
v -33.2479 2.02695 -0.932382 
v -33.1374 2.13742 -0.0657008 
v -33.1374 2.13742 -0.932382 
v -32.9982 2.20834 -0.0657007 
v -32.9982 2.20834 -0.932382 
v -32.8439 2.23277 -0.0657008 
v -32.8439 2.23277 -0.932382 
v -32.8439 2.23277 -0.932382 
v -32.8439 2.23277 -0.0657008 
v -32.5645 2.11 -0.96578 
v -32.4342 2.02686 -0.932382 
v -32.4615 2.00699 -0.96578 
v -32.3632 1.88764 -0.932382 
v -32.3953 1.87706 -0.96578 
v -32.3741 1.74951 -0.96578 
v -32.4343 0.902315 -0.926921 
v -32.4616 0.922194 -0.959899 
v -32.3954 1.05211 -0.959899 
v -32.4075 1.18242 -0.999179 
v -32.3741 1.17965 -0.965781 
v -32.5448 0.791844 -0.926921 
v -33.1376 0.79191 -0.926921 
v -32.5645 2.11 -0.0323022 
v -32.4274 1.86649 0.00109649 
v -32.3953 1.87706 -0.0323021 
v -32.3741 1.17965 -0.0323023 
v -32.4616 0.922194 -0.038184 
v -32.4075 1.18242 -0.999179 
v -32.4074 1.74675 -0.999179 
v -32.3741 1.74951 -0.96578 
v -32.3741 1.17965 -0.965781 
v -32.4075 1.18242 0.00109625 
v -32.3741 1.17965 -0.0323023 
v -32.5446 2.13736 -0.0657008 
v -32.5446 2.13736 -0.932382 
v -32.4342 2.02686 -0.0657007 
v -32.4342 2.02686 -0.932382 
v -32.3632 1.88764 -0.0657007 
v -32.3632 1.88764 -0.932382 
v -32.3633 1.04152 -0.926921 
v -32.3633 1.04152 -0.0711617 
v -32.4343 0.902316 -0.0711616 
v -32.4343 0.902315 -0.926921 
v -32.5448 0.791844 -0.0711616 
v -32.844 1.17693 -0.999179 
v -32.3406 1.75228 -0.932382 
v -32.3406 1.75228 -0.0657008 
v -32.3407 1.17688 -0.0657009 
v -32.3407 1.17688 -0.932382 
v -32.3407 1.17688 -0.932382 
v -32.3407 1.17688 -0.0657009 
v -33.0978 0.84662 -0.992877 
v -32.5645 2.11 -0.96578 
v -32.4889 1.98712 -0.999179 
v -32.3953 1.87706 -0.96578 
v -32.3741 1.17965 -0.965781 
v -32.3407 1.17688 -0.932382 
v -32.6838 2.20831 -0.0657007 
v -32.8439 2.23277 -0.0657008 
v -32.8439 2.19895 -0.0323021 
v -32.6943 2.17615 -0.0323021 
v -32.7047 2.14399 0.00109637 
v -32.5844 2.08265 0.00109637 
v -32.5645 2.11 -0.0323022 
v -32.4889 1.98712 0.00109649 
v -32.4615 2.00699 -0.0323021 
v -32.4274 1.86649 0.00109649 
v -32.3953 1.87706 -0.0323021 
v -32.4074 1.74675 0.00109649 
v -32.3741 1.74951 -0.0323021 
v -32.3633 1.04152 -0.0711617 
v -32.3407 1.17688 -0.0657009 
v -32.3741 1.17965 -0.0323023 
v -32.3954 1.05211 -0.038184 
v -32.4275 1.06269 -0.00520623 
v -32.489 0.942073 -0.00520635 
v -32.4616 0.922194 -0.038184 
v -32.5845 0.846563 -0.00520623 
v -32.5647 0.819203 -0.0381839 
v -32.7049 0.785248 -0.00520623 
v -32.6945 0.753087 -0.038184 
v -32.8441 0.764131 -0.00520623 
v -32.8441 0.730316 -0.0381839 
v -32.8441 0.764131 -0.00520623 
v -32.9775 0.785278 -0.00520623 
v -32.9879 0.75312 -0.038184 
v -32.8441 0.730316 -0.0381839 
v -33.0978 0.84662 -0.00520623 
v -33.1177 0.819265 -0.0381839 
v -33.1933 0.942151 -0.00520635 
v -33.2207 0.922279 -0.038184 
v -33.2548 1.06278 -0.00520635 
v -33.2869 1.0522 -0.038184 
v -33.2748 1.18252 0.00109625 
v -33.3082 1.17975 -0.0323023 
v -33.3189 1.88774 -0.0657008 
v -33.3415 1.75239 -0.0657008 
v -33.3081 1.74962 -0.0323021 
v -33.2868 1.87716 -0.0323021 
v -33.2547 1.86658 0.00109649 
v -33.1932 1.98719 0.00109637 
v -33.2206 2.00707 -0.0323022 
v -33.0977 2.0827 0.00109637 
v -33.1176 2.11006 -0.0323022 
v -32.9773 2.14402 0.00109649 
v -32.9878 2.17618 -0.0323021 
v -32.8439 2.16514 0.00109649 
v -32.8439 2.19895 -0.0323021 
v -32.4075 1.18242 0.00109625 
v -32.3741 1.17965 -0.0323023 
v -33.2747 1.74684 0.00109649 
v -32.4342 2.02686 -0.0657007 
v -32.4343 0.902316 -0.0711616 
v -32.5448 0.791844 -0.0711616 
v -32.684 0.720926 -0.0711617 
v -32.9984 0.720961 -0.0711617 
v -33.1376 0.79191 -0.0711616 
v -33.2481 0.902406 -0.0711616 
v -33.2479 2.02695 -0.0657008 
v -33.1374 2.13742 -0.0657008 
v -32.4074 1.74675 0.00109649 
v -32.8439 1.75233 0.00109649 
v -32.844 1.17693 0.00109637 
v -32.4075 1.18242 0.00109625 
v -33.2748 1.18252 0.00109625 
v -33.2747 1.74684 0.00109649 
v -32.7047 2.14399 0.00109637 
v -32.5844 2.08265 0.00109637 
v -32.4889 1.98712 0.00109649 
v -32.4274 1.86649 0.00109649 
v -32.4075 1.18242 0.00109625 
v -32.4275 1.06269 -0.00520623 
v -32.489 0.942073 -0.00520635 
v -32.5845 0.846563 -0.00520623 
v -32.7049 0.785248 -0.00520623 
v -32.8441 0.764131 -0.00520623 
v -32.9775 0.785278 -0.00520623 
v -33.0978 0.84662 -0.00520623 
v -33.1933 0.942151 -0.00520635 
v -33.2548 1.06278 -0.00520635 
v -33.2547 1.86658 0.00109649 
v -33.1932 1.98719 0.00109637 
v -33.0977 2.0827 0.00109637 
v -32.9773 2.14402 0.00109649 
v -32.8439 2.16514 0.00109649 
v -32.8439 2.16514 0.00109649 
v -32.5446 2.13736 -0.0657008 
v -32.4342 2.02686 -0.0657007 
v -32.3632 1.88764 -0.0657007 
v -32.3406 1.75228 -0.0657008 
v -32.4075 1.18242 0.00109625 
v -32.4343 0.902316 -0.0711616 
v -32.5448 0.791844 -0.0711616 
v -32.684 0.720926 -0.0711617 
v -32.8441 0.696501 -0.0711616 
v -32.9984 0.720961 -0.0711617 
v -32.8441 0.696501 -0.0711616 
v -33.1376 0.79191 -0.0711616 
v -33.2481 0.902406 -0.0711616 
v -33.319 1.04163 -0.0711616 
v -33.3416 1.17699 -0.0657009 
v -33.2479 2.02695 -0.0657008 
v -33.1374 2.13742 -0.0657008 
v -32.9982 2.20834 -0.0657007 
v -32.8439 2.23277 -0.0657008 
v -32.3407 1.17688 -0.0657009 
v -32.844 1.17693 0.00109637 
v -32.489 0.942073 -0.00520635 
v -32.4275 1.06269 -0.00520623 
v -32.4343 0.902315 -0.926921 
v -32.5448 0.791844 -0.926921 
v -32.8441 0.696501 -0.926921 
v -32.8441 0.696501 -0.926921 
v -33.1376 0.79191 -0.926921 
v -33.2481 0.902406 -0.926921 
v -32.5845 0.846563 -0.00520623 
v -33.0978 0.84662 -0.00520623 
v -32.4343 0.902316 -0.0711616 
v -32.4343 0.902315 -0.926921 
v -32.5448 0.791844 -0.0711616 
v -32.5448 0.791844 -0.926921 
v -32.684 0.720926 -0.0711617 
v -32.684 0.720926 -0.926921 
v -32.8441 0.696501 -0.0711616 
v -32.8441 0.696501 -0.926921 
v -32.8441 0.696501 -0.926921 
v -32.8441 0.696501 -0.0711616 
v -32.9984 0.720961 -0.0711617 
v -32.9984 0.720961 -0.926921 
v -33.1376 0.79191 -0.0711616 
v -33.1376 0.79191 -0.926921 
v -33.1376 0.79191 -0.926921 
v -33.2481 0.902406 -0.926921 
v -33.319 1.04163 -0.926921 
v -33.3416 1.17699 -0.932382 
v -33.3082 1.17975 -0.965781 
v -33.3189 1.88774 -0.932382 
v -33.2479 2.02695 -0.932382 
v -33.2868 1.87716 -0.96578 
v -33.2547 1.86658 -0.999179 
v -33.2747 1.74684 -0.999179 
v -33.3081 1.74962 -0.96578 
v -33.1374 2.13742 -0.932382 
v -32.9982 2.20834 -0.932382 
v -33.1933 0.942151 -0.00520635 
v -33.2748 1.18252 0.00109625 
v -33.3082 1.17975 -0.0323023 
v -33.3189 1.88774 -0.0657008 
v -33.3415 1.75239 -0.0657008 
v -33.3081 1.74962 -0.0323021 
v -33.1932 1.98719 0.00109637 
v -33.2748 1.18252 -0.999179 
v -33.1376 0.79191 -0.0711616 
v -33.1376 0.79191 -0.926921 
v -33.2481 0.902406 -0.0711616 
v -33.2481 0.902406 -0.926921 
v -33.319 1.04163 -0.0711616 
v -33.319 1.04163 -0.926921 
v -33.3189 1.88774 -0.932382 
v -33.3189 1.88774 -0.0657008 
v -33.2479 2.02695 -0.0657008 
v -33.2479 2.02695 -0.932382 
v -33.1374 2.13742 -0.0657008 
v -33.1374 2.13742 -0.932382 
v -33.3416 1.17699 -0.932382 
v -33.3416 1.17699 -0.0657009 
v -33.3415 1.75239 -0.0657008 
v -33.3415 1.75239 -0.932382 
v -33.1933 0.942151 -0.992877 
v -33.1932 1.98719 -0.999179 
v -33.3415 1.75239 -0.932382 
v -33.1376 0.79191 -0.0711616 
v -33.319 1.04163 -0.0711616 
v -33.3416 1.17699 -0.0657009 

vn 0.212598 0.669291 -0.708661 
vn 0.409449 0.566929 -0.708661 
vn 0.409449 0.566929 -0.708661 
vn 0.212598 0.669291 -0.708661 
vn 0.212598 0.669291 -0.708661 
vn 0 0.700787 -0.708661 
vn 0 0.700787 -0.708661 
vn 0.212598 0.669291 -0.708661 
vn 0.566929 0.409449 -0.708661 
vn 0.566929 0.409449 -0.708661 
vn 0.669291 0.220472 -0.708661 
vn 0.669291 0.220472 -0.708661 
vn 0.700787 0.0551181 -0.708661 
vn 0.700787 0.0551181 -0.708661 
vn 0.661417 -0.23622 -0.716535 
vn 0.566929 -0.409449 -0.716535 
vn 0.566929 -0.409449 -0.716535 
vn 0.661417 -0.23622 -0.716535 
vn 0.661417 -0.23622 -0.716535 
vn 0.700787 -0.0708661 -0.708661 
vn 0.700787 -0.0708661 -0.708661 
vn 0.661417 -0.23622 -0.716535 
vn 0.409449 -0.566929 -0.716535 
vn 0.409449 -0.566929 -0.716535 
vn 0.212598 -0.661417 -0.716535 
vn 0.212598 -0.661417 -0.716535 
vn 0 -0.700787 -0.716535 
vn 0 -0.700787 -0.716535 
vn 0 -0.700787 -0.716535 
vn -0.212598 -0.661417 -0.716535 
vn -0.212598 -0.661417 -0.716535 
vn 0 -0.700787 -0.716535 
vn -0.409449 -0.566929 -0.716535 
vn -0.409449 -0.566929 -0.716535 
vn -0.566929 -0.409449 -0.716535 
vn -0.566929 -0.409449 -0.716535 
vn -0.661417 -0.23622 -0.716535 
vn -0.661417 -0.23622 -0.716535 
vn -0.700787 -0.0708661 -0.708661 
vn -0.700787 -0.0708661 -0.708661 
vn -0.669291 0.220472 -0.708661 
vn -0.566929 0.409449 -0.708661 
vn -0.566929 0.409449 -0.708661 
vn -0.669291 0.220472 -0.708661 
vn -0.669291 0.220472 -0.708661 
vn -0.700787 0.0551181 -0.708661 
vn -0.700787 0.0551181 -0.708661 
vn -0.409449 0.566929 -0.708661 
vn -0.409449 0.566929 -0.708661 
vn -0.220472 0.669291 -0.708661 
vn -0.220472 0.669291 -0.708661 
vn 0 0.700787 -0.708661 
vn 0 0.700787 -0.708661 
vn 0.700787 -0.0708661 -0.708661 
vn 0.700787 0.0551181 -0.708661 
vn 0.700787 0.0551181 -0.708661 
vn -0.700787 -0.0708661 -0.708661 
vn 0 -0.023622 -1 
vn 0 -0.00787402 -1 
vn 0 0 -1 
vn 0 0 -1 
vn 0 0 -1 
vn 0 -0.023622 -1 
vn 0 0 -1 
vn 0 0 -1 
vn 0 0 -1 
vn 0 0 -1 
vn 0.00787402 -0.0314961 -1 
vn 0.00787402 -0.00787402 -1 
vn 0.00787402 -0.015748 -1 
vn 0.00787402 -0.015748 -1 
vn 0 -0.015748 -1 
vn -0.00787402 -0.015748 -1 
vn -0.00787402 -0.015748 -1 
vn -0.015748 -0.00787402 -1 
vn -0.00787402 -0.0314961 -1 
vn 0 0 -1 
vn 0 0 -1 
vn 0 0 -1 
vn 0 0 -1 
vn 0 0 -1 
vn 0.409449 0.566929 -0.708661 
vn 0.409449 0.566929 -0.708661 
vn 0 0.700787 -0.708661 
vn 0 0.700787 -0.708661 
vn 0.566929 0.409449 -0.708661 
vn 0.566929 0.409449 -0.708661 
vn 0.669291 0.220472 -0.708661 
vn 0.669291 0.220472 -0.708661 
vn 0.566929 -0.409449 -0.716535 
vn 0.566929 -0.409449 -0.716535 
vn 0.700787 -0.0708661 -0.708661 
vn 0.700787 -0.0708661 -0.708661 
vn 0.409449 -0.566929 -0.716535 
vn 0.409449 -0.566929 -0.716535 
vn 0.212598 -0.661417 -0.716535 
vn 0.212598 -0.661417 -0.716535 
vn 0 -0.700787 -0.716535 
vn 0 -0.700787 -0.716535 
vn -0.212598 -0.661417 -0.716535 
vn 0 -0.700787 -0.716535 
vn -0.409449 -0.566929 -0.716535 
vn -0.566929 -0.409449 -0.716535 
vn -0.661417 -0.23622 -0.716535 
vn -0.566929 0.409449 -0.708661 
vn -0.700787 0.0551181 -0.708661 
vn -0.409449 0.566929 -0.708661 
vn -0.220472 0.669291 -0.708661 
vn 0 0.700787 -0.708661 
vn 0.700787 -0.0708661 -0.708661 
vn 0.212598 0.669291 -0.708661 
vn 0.409449 0.566929 -0.708661 
vn 0.409449 0.566929 -0.708661 
vn 0.212598 0.669291 -0.708661 
vn 0.566929 0.409449 -0.708661 
vn 0.566929 0.409449 -0.708661 
vn -0.566929 0.409449 -0.708661 
vn -0.409449 0.566929 -0.708661 
vn -0.220472 0.669291 -0.708661 
vn 0 0.700787 0.708661 
vn 0.409449 0.566929 0.708661 
vn -0.220472 0.669291 0.708661 
vn 0 0.700787 0.708661 
vn 0.307087 0.952756 0 
vn 0.307087 0.952756 0 
vn 0.590551 0.811024 0 
vn 0.590551 0.811024 0 
vn 0.811024 0.590551 0 
vn -0.811024 0.590551 0 
vn -0.811024 0.590551 0 
vn -0.590551 0.811024 0 
vn -0.590551 0.811024 0 
vn -0.307087 0.952756 0 
vn -0.307087 0.952756 0 
vn 0 1 0 
vn 0 1 0 
vn 0 1 0 
vn 0 1 0 
vn 0.409449 0.566929 -0.708661 
vn 0.566929 0.409449 -0.708661 
vn 0.566929 0.409449 -0.708661 
vn 0.669291 0.220472 -0.708661 
vn 0.669291 0.220472 -0.708661 
vn 0.700787 0.0551181 -0.708661 
vn 0.566929 -0.409449 -0.716535 
vn 0.566929 -0.409449 -0.716535 
vn 0.661417 -0.23622 -0.716535 
vn 0.700787 -0.0708661 -0.708661 
vn 0.700787 -0.0708661 -0.708661 
vn 0.409449 -0.566929 -0.716535 
vn -0.409449 -0.566929 -0.716535 
vn 0.409449 0.566929 0.708661 
vn 0.669291 0.220472 0.708661 
vn 0.669291 0.220472 0.708661 
vn 0.700787 -0.0708661 0.708661 
vn 0.566929 -0.409449 0.716535 
vn 0.700787 -0.0708661 -0.708661 
vn 0.700787 0.0551181 -0.708661 
vn 0.700787 0.0551181 -0.708661 
vn 0.700787 -0.0708661 -0.708661 
vn 0.700787 -0.0708661 0.708661 
vn 0.700787 -0.0708661 0.708661 
vn 0.590551 0.811024 0 
vn 0.590551 0.811024 0 
vn 0.811024 0.590551 0 
vn 0.811024 0.590551 0 
vn 0.952756 0.314961 0 
vn 0.952756 0.314961 0 
vn 0.952756 -0.314961 0 
vn 0.952756 -0.314961 0 
vn 0.811024 -0.590551 0 
vn 0.811024 -0.590551 0 
vn 0.590551 -0.811024 0 
vn 0 -0.00787402 -1 
vn 1 0.0787402 0 
vn 1 0.0787402 0 
vn 1 -0.0787402 0 
vn 1 -0.0787402 0 
vn 1 -0.0787402 0 
vn 1 -0.0787402 0 
vn -0.00787402 -0.015748 -1 
vn 0.409449 0.566929 -0.708661 
vn 0.566929 0.409449 -0.708661 
vn 0.669291 0.220472 -0.708661 
vn 0.700787 -0.0708661 -0.708661 
vn 0.700787 -0.0708661 -0.708661 
vn 0.212598 0.669291 0.708661 
vn 0 0.700787 0.708661 
vn 0 0.700787 0.708661 
vn 0.212598 0.669291 0.708661 
vn 0.212598 0.669291 0.708661 
vn 0.409449 0.566929 0.708661 
vn 0.409449 0.566929 0.708661 
vn 0.566929 0.409449 0.708661 
vn 0.566929 0.409449 0.708661 
vn 0.669291 0.220472 0.708661 
vn 0.669291 0.220472 0.708661 
vn 0.700787 0.0551181 0.708661 
vn 0.700787 0.0551181 0.708661 
vn 0.661417 -0.23622 0.716535 
vn 0.700787 -0.0708661 0.708661 
vn 0.700787 -0.0708661 0.708661 
vn 0.661417 -0.23622 0.716535 
vn 0.661417 -0.23622 0.716535 
vn 0.566929 -0.409449 0.716535 
vn 0.566929 -0.409449 0.716535 
vn 0.409449 -0.566929 0.716535 
vn 0.409449 -0.566929 0.716535 
vn 0.212598 -0.661417 0.716535 
vn 0.212598 -0.661417 0.716535 
vn 0 -0.700787 0.716535 
vn 0 -0.700787 0.716535 
vn 0 -0.700787 0.716535 
vn -0.212598 -0.661417 0.716535 
vn -0.212598 -0.661417 0.716535 
vn 0 -0.700787 0.716535 
vn -0.409449 -0.566929 0.716535 
vn -0.409449 -0.566929 0.716535 
vn -0.566929 -0.409449 0.716535 
vn -0.566929 -0.409449 0.716535 
vn -0.661417 -0.23622 0.716535 
vn -0.661417 -0.23622 0.716535 
vn -0.700787 -0.0708661 0.708661 
vn -0.700787 -0.0708661 0.708661 
vn -0.669291 0.220472 0.708661 
vn -0.700787 0.0551181 0.708661 
vn -0.700787 0.0551181 0.708661 
vn -0.669291 0.220472 0.708661 
vn -0.669291 0.220472 0.708661 
vn -0.566929 0.409449 0.708661 
vn -0.566929 0.409449 0.708661 
vn -0.409449 0.566929 0.708661 
vn -0.409449 0.566929 0.708661 
vn -0.220472 0.669291 0.708661 
vn -0.220472 0.669291 0.708661 
vn 0 0.700787 0.708661 
vn 0 0.700787 0.708661 
vn 0.700787 -0.0708661 0.708661 
vn 0.700787 -0.0708661 0.708661 
vn -0.700787 0.0551181 0.708661 
vn 0.811024 0.590551 0 
vn 0.811024 -0.590551 0 
vn 0.590551 -0.811024 0 
vn 0.307087 -0.952756 0 
vn -0.307087 -0.952756 0 
vn -0.590551 -0.811024 0 
vn -0.811024 -0.590551 0 
vn -0.811024 0.590551 0 
vn -0.590551 0.811024 0 
vn 0 0 1 
vn 0 0 1 
vn 0 -0.00787402 1 
vn 0 -0.023622 1 
vn 0 -0.023622 1 
vn 0 0 1 
vn 0 0 1 
vn 0 0 1 
vn 0 0 1 
vn 0 0 1 
vn 0 -0.023622 1 
vn 0.00787402 -0.0314961 1 
vn 0.00787402 -0.00787402 1 
vn 0.00787402 -0.015748 1 
vn 0.00787402 -0.015748 1 
vn 0 -0.015748 1 
vn -0.00787402 -0.015748 1 
vn -0.00787402 -0.015748 1 
vn -0.015748 -0.00787402 1 
vn -0.00787402 -0.0314961 1 
vn 0 0 1 
vn 0 0 1 
vn 0 0 1 
vn 0 0 1 
vn 0 0 1 
vn 0 0.700787 0.708661 
vn 0.409449 0.566929 0.708661 
vn 0.566929 0.409449 0.708661 
vn 0.669291 0.220472 0.708661 
vn 0.700787 0.0551181 0.708661 
vn 0.700787 -0.0708661 0.708661 
vn 0.566929 -0.409449 0.716535 
vn 0.409449 -0.566929 0.716535 
vn 0.212598 -0.661417 0.716535 
vn 0 -0.700787 0.716535 
vn -0.212598 -0.661417 0.716535 
vn 0 -0.700787 0.716535 
vn -0.409449 -0.566929 0.716535 
vn -0.566929 -0.409449 0.716535 
vn -0.661417 -0.23622 0.716535 
vn -0.700787 -0.0708661 0.708661 
vn -0.566929 0.409449 0.708661 
vn -0.409449 0.566929 0.708661 
vn -0.220472 0.669291 0.708661 
vn 0 0.700787 0.708661 
vn 0.700787 -0.0708661 0.708661 
vn 0.015748 -0.00787402 1 
vn 0.015748 -0.00787402 1 
vn 0.015748 -0.00787402 1 
vn 0.566929 -0.409449 -0.716535 
vn 0.409449 -0.566929 -0.716535 
vn 0 -0.700787 -0.716535 
vn 0 -0.700787 -0.716535 
vn -0.409449 -0.566929 -0.716535 
vn -0.566929 -0.409449 -0.716535 
vn 0.409449 -0.566929 0.716535 
vn -0.409449 -0.566929 0.716535 
vn 0.811024 -0.590551 0 
vn 0.811024 -0.590551 0 
vn 0.590551 -0.811024 0 
vn 0.590551 -0.811024 0 
vn 0.307087 -0.952756 0 
vn 0.307087 -0.952756 0 
vn 0 -1 0 
vn 0 -1 0 
vn 0 -1 0 
vn 0 -1 0 
vn -0.307087 -0.952756 0 
vn -0.307087 -0.952756 0 
vn -0.590551 -0.811024 0 
vn -0.590551 -0.811024 0 
vn -0.409449 -0.566929 -0.716535 
vn -0.566929 -0.409449 -0.716535 
vn -0.661417 -0.23622 -0.716535 
vn -0.700787 -0.0708661 -0.708661 
vn -0.700787 -0.0708661 -0.708661 
vn -0.669291 0.220472 -0.708661 
vn -0.566929 0.409449 -0.708661 
vn -0.669291 0.220472 -0.708661 
vn -0.669291 0.220472 -0.708661 
vn -0.700787 0.0551181 -0.708661 
vn -0.700787 0.0551181 -0.708661 
vn -0.409449 0.566929 -0.708661 
vn -0.220472 0.669291 -0.708661 
vn -0.566929 -0.409449 0.716535 
vn -0.700787 -0.0708661 0.708661 
vn -0.700787 -0.0708661 0.708661 
vn -0.669291 0.220472 0.708661 
vn -0.700787 0.0551181 0.708661 
vn -0.700787 0.0551181 0.708661 
vn -0.566929 0.409449 0.708661 
vn -0.700787 -0.0708661 -0.708661 
vn -0.590551 -0.811024 0 
vn -0.590551 -0.811024 0 
vn -0.811024 -0.590551 0 
vn -0.811024 -0.590551 0 
vn -0.952756 -0.314961 0 
vn -0.952756 -0.314961 0 
vn -0.952756 0.314961 0 
vn -0.952756 0.314961 0 
vn -0.811024 0.590551 0 
vn -0.811024 0.590551 0 
vn -0.590551 0.811024 0 
vn -0.590551 0.811024 0 
vn -1 -0.0787402 0 
vn -1 -0.0787402 0 
vn -1 0.0787402 0 
vn -1 0.0787402 0 
vn -0.566929 -0.409449 -0.716535 
vn -0.566929 0.409449 -0.708661 
vn -0.700787 0.0551181 -0.708661 
vn -0.409449 -0.566929 0.716535 
vn -0.661417 -0.23622 0.716535 
vn -0.700787 -0.0708661 0.708661 

vt 0.660197 0.635476 
vt 0.642796 0.626607 
vt 0.64528 0.623188 
vt 0.661503 0.631456 
vt 0.66281 0.627436 
vt 0.680204 0.63008 
vt 0.680204 0.634307 
vt 0.661503 0.631456 
vt 0.628987 0.612795 
vt 0.632407 0.610311 
vt 0.620122 0.595392 
vt 0.624134 0.59407 
vt 0.617298 0.578472 
vt 0.621472 0.578127 
vt 0.620134 0.489628 
vt 0.629002 0.472227 
vt 0.632422 0.474712 
vt 0.624145 0.490951 
vt 0.628157 0.492273 
vt 0.625655 0.507241 
vt 0.62148 0.506894 
vt 0.624145 0.490951 
vt 0.642814 0.458418 
vt 0.645298 0.461838 
vt 0.660217 0.449553 
vt 0.661523 0.453573 
vt 0.680225 0.4465 
vt 0.680224 0.450727 
vt 0.680225 0.4465 
vt 0.699515 0.449558 
vt 0.698208 0.453578 
vt 0.680224 0.450727 
vt 0.716916 0.458426 
vt 0.714431 0.461846 
vt 0.730725 0.472238 
vt 0.727305 0.474722 
vt 0.73959 0.489641 
vt 0.735578 0.490963 
vt 0.742414 0.506561 
vt 0.738239 0.506907 
vt 0.739578 0.595405 
vt 0.730709 0.612807 
vt 0.72729 0.610322 
vt 0.735566 0.594083 
vt 0.731554 0.59276 
vt 0.734056 0.577793 
vt 0.738231 0.57814 
vt 0.716897 0.626615 
vt 0.714413 0.623195 
vt 0.699494 0.63548 
vt 0.698188 0.63146 
vt 0.680203 0.638533 
vt 0.680204 0.634307 
vt 0.625655 0.507241 
vt 0.625647 0.577781 
vt 0.621472 0.578127 
vt 0.734064 0.507253 
vt 0.625655 0.507241 
vt 0.680218 0.506554 
vt 0.68021 0.578479 
vt 0.625647 0.577781 
vt 0.734056 0.577793 
vt 0.734064 0.507253 
vt 0.647765 0.619769 
vt 0.66281 0.627436 
vt 0.635827 0.607827 
vt 0.628146 0.592749 
vt 0.628157 0.492273 
vt 0.635841 0.477197 
vt 0.647783 0.465258 
vt 0.662829 0.457594 
vt 0.680224 0.454954 
vt 0.696902 0.457597 
vt 0.711946 0.465265 
vt 0.723885 0.477207 
vt 0.731566 0.492285 
vt 0.731554 0.59276 
vt 0.72387 0.607837 
vt 0.711929 0.619776 
vt 0.696883 0.62744 
vt 0.680204 0.63008 
vt 0.64528 0.623188 
vt 0.647765 0.619769 
vt 0.680204 0.634307 
vt 0.680203 0.638533 
vt 0.632407 0.610311 
vt 0.635827 0.607827 
vt 0.624134 0.59407 
vt 0.628146 0.592749 
vt 0.632422 0.474712 
vt 0.635841 0.477197 
vt 0.62148 0.506894 
vt 0.617306 0.506547 
vt 0.645298 0.461838 
vt 0.647783 0.465258 
vt 0.661523 0.453573 
vt 0.662829 0.457594 
vt 0.680224 0.450727 
vt 0.680224 0.454954 
vt 0.696902 0.457597 
vt 0.680224 0.454954 
vt 0.711946 0.465265 
vt 0.723885 0.477207 
vt 0.731566 0.492285 
vt 0.72387 0.607837 
vt 0.742406 0.578486 
vt 0.711929 0.619776 
vt 0.696883 0.62744 
vt 0.680204 0.63008 
vt 0.617306 0.506547 
vt 0.625688 0.562176 
vt 0.625688 0.579577 
vt 0.621513 0.577092 
vt 0.621513 0.560869 
vt 0.625688 0.593386 
vt 0.621513 0.589966 
vt 0.625688 0.491664 
vt 0.625688 0.505475 
vt 0.625688 0.522878 
vt 0.734023 0.542169 
vt 0.738198 0.577092 
vt 0.742373 0.52549 
vt 0.738198 0.542169 
vt 0.625688 0.562176 
vt 0.734023 0.562176 
vt 0.734023 0.579577 
vt 0.625688 0.579577 
vt 0.734023 0.593386 
vt 0.734023 0.491664 
vt 0.625688 0.491664 
vt 0.734023 0.505475 
vt 0.625688 0.505475 
vt 0.734023 0.522878 
vt 0.625688 0.522878 
vt 0.734023 0.542169 
vt 0.625688 0.542169 
vt 0.625688 0.542169 
vt 0.734023 0.542169 
vt 0.738198 0.623188 
vt 0.734023 0.612795 
vt 0.738198 0.610311 
vt 0.734023 0.595392 
vt 0.738198 0.59407 
vt 0.738198 0.578127 
vt 0.733341 0.472227 
vt 0.737463 0.474712 
vt 0.737463 0.490951 
vt 0.742373 0.507241 
vt 0.738198 0.506894 
vt 0.733341 0.458418 
vt 0.733341 0.458426 
vt 0.621513 0.623188 
vt 0.617338 0.592749 
vt 0.621513 0.59407 
vt 0.621513 0.506894 
vt 0.622249 0.474712 
vt 0.742373 0.507241 
vt 0.742373 0.577781 
vt 0.738198 0.578127 
vt 0.738198 0.506894 
vt 0.617339 0.507241 
vt 0.621513 0.506894 
vt 0.625688 0.626607 
vt 0.734023 0.626607 
vt 0.625688 0.612795 
vt 0.734023 0.612795 
vt 0.625688 0.595392 
vt 0.734023 0.595392 
vt 0.733341 0.489628 
vt 0.626371 0.489628 
vt 0.626371 0.472227 
vt 0.733341 0.472227 
vt 0.626371 0.458418 
vt 0.742373 0.506554 
vt 0.734023 0.578472 
vt 0.625688 0.578472 
vt 0.625688 0.506547 
vt 0.734023 0.506547 
vt 0.734023 0.506547 
vt 0.625688 0.506547 
vt 0.741585 0.465265 
vt 0.738198 0.623188 
vt 0.742373 0.607827 
vt 0.738198 0.59407 
vt 0.738198 0.506894 
vt 0.734023 0.506547 
vt 0.699515 0.635476 
vt 0.679508 0.638533 
vt 0.679507 0.634307 
vt 0.698208 0.631456 
vt 0.696901 0.627436 
vt 0.711946 0.619769 
vt 0.714431 0.623188 
vt 0.723885 0.607827 
vt 0.727305 0.610311 
vt 0.731566 0.592749 
vt 0.735578 0.59407 
vt 0.734064 0.577781 
vt 0.738239 0.578127 
vt 0.739578 0.489628 
vt 0.742406 0.506547 
vt 0.738231 0.506894 
vt 0.735566 0.490951 
vt 0.731554 0.492273 
vt 0.72387 0.477197 
vt 0.72729 0.474712 
vt 0.711929 0.465258 
vt 0.714413 0.461838 
vt 0.696883 0.457594 
vt 0.698188 0.453573 
vt 0.679488 0.454954 
vt 0.679487 0.450727 
vt 0.679488 0.454954 
vt 0.66281 0.457597 
vt 0.661503 0.453578 
vt 0.679487 0.450727 
vt 0.647765 0.465265 
vt 0.64528 0.461846 
vt 0.635827 0.477207 
vt 0.632407 0.474722 
vt 0.628146 0.492285 
vt 0.624134 0.490963 
vt 0.625647 0.507253 
vt 0.621472 0.506907 
vt 0.620134 0.595405 
vt 0.617306 0.578486 
vt 0.62148 0.57814 
vt 0.624145 0.594083 
vt 0.628157 0.59276 
vt 0.635841 0.607837 
vt 0.632422 0.610322 
vt 0.647783 0.619776 
vt 0.645298 0.623196 
vt 0.662829 0.62744 
vt 0.661523 0.63146 
vt 0.679507 0.63008 
vt 0.679507 0.634307 
vt 0.734056 0.507241 
vt 0.738231 0.506894 
vt 0.625655 0.577793 
vt 0.730725 0.612795 
vt 0.730709 0.472227 
vt 0.716897 0.458418 
vt 0.699494 0.449553 
vt 0.660197 0.449558 
vt 0.642796 0.458426 
vt 0.628987 0.472238 
vt 0.629002 0.612807 
vt 0.642814 0.626615 
vt 0.734064 0.577781 
vt 0.679501 0.578479 
vt 0.679493 0.506554 
vt 0.734056 0.507241 
vt 0.625647 0.507253 
vt 0.625655 0.577793 
vt 0.696901 0.627436 
vt 0.711946 0.619769 
vt 0.723885 0.607827 
vt 0.731566 0.592749 
vt 0.734056 0.507241 
vt 0.731554 0.492273 
vt 0.72387 0.477197 
vt 0.711929 0.465258 
vt 0.696883 0.457594 
vt 0.679488 0.454954 
vt 0.66281 0.457597 
vt 0.647765 0.465265 
vt 0.635827 0.477207 
vt 0.628146 0.492285 
vt 0.628157 0.59276 
vt 0.635841 0.607837 
vt 0.647783 0.619776 
vt 0.662829 0.62744 
vt 0.679507 0.63008 
vt 0.679507 0.63008 
vt 0.716916 0.626607 
vt 0.730725 0.612795 
vt 0.739589 0.595392 
vt 0.742414 0.578472 
vt 0.734056 0.507241 
vt 0.730709 0.472227 
vt 0.716897 0.458418 
vt 0.699494 0.449553 
vt 0.679487 0.4465 
vt 0.660197 0.449558 
vt 0.679487 0.4465 
vt 0.642796 0.458426 
vt 0.628987 0.472238 
vt 0.620122 0.489641 
vt 0.617298 0.506561 
vt 0.629002 0.612807 
vt 0.642814 0.626615 
vt 0.660217 0.63548 
vt 0.679508 0.638533 
vt 0.742406 0.506547 
vt 0.679493 0.506554 
vt 0.72387 0.477197 
vt 0.731554 0.492273 
vt 0.733341 0.59337 
vt 0.733341 0.579558 
vt 0.733341 0.542148 
vt 0.733341 0.542148 
vt 0.733341 0.505457 
vt 0.733341 0.491648 
vt 0.618126 0.57459 
vt 0.618126 0.510426 
vt 0.626371 0.59337 
vt 0.733341 0.59337 
vt 0.626371 0.579558 
vt 0.733341 0.579558 
vt 0.626371 0.562155 
vt 0.733341 0.562155 
vt 0.626371 0.542148 
vt 0.733341 0.542148 
vt 0.733341 0.542148 
vt 0.626371 0.542148 
vt 0.626371 0.522858 
vt 0.733341 0.522858 
vt 0.626371 0.505457 
vt 0.733341 0.505457 
vt 0.626371 0.458426 
vt 0.626371 0.472238 
vt 0.626371 0.489641 
vt 0.625688 0.506561 
vt 0.621513 0.506907 
vt 0.625688 0.595405 
vt 0.625688 0.612807 
vt 0.621513 0.594083 
vt 0.617338 0.59276 
vt 0.617338 0.577793 
vt 0.621513 0.57814 
vt 0.625688 0.626615 
vt 0.625688 0.63548 
vt 0.741585 0.477207 
vt 0.742373 0.507253 
vt 0.738198 0.506907 
vt 0.734023 0.595405 
vt 0.734023 0.578486 
vt 0.738198 0.57814 
vt 0.742373 0.607837 
vt 0.617338 0.507253 
vt 0.733341 0.458426 
vt 0.626371 0.458426 
vt 0.733341 0.472238 
vt 0.626371 0.472238 
vt 0.733341 0.489641 
vt 0.626371 0.489641 
vt 0.625688 0.595405 
vt 0.734023 0.595405 
vt 0.734023 0.612807 
vt 0.625688 0.612807 
vt 0.734023 0.626615 
vt 0.625688 0.626615 
vt 0.625688 0.506561 
vt 0.734023 0.506561 
vt 0.734023 0.578486 
vt 0.625688 0.578486 
vt 0.618126 0.477207 
vt 0.617338 0.607837 
vt 0.625688 0.578486 
vt 0.733341 0.458426 
vt 0.733341 0.489641 
vt 0.734023 0.506561 

usemtl 1Mtl

f 4208/4208/4208 4209/4209/4209 4210/4210/4210 
f 4208/4208/4208 4210/4210/4210 4211/4211/4211 
f 4212/4212/4212 4213/4213/4213 4214/4214/4214 
f 4212/4212/4212 4214/4214/4214 4215/4215/4215 
f 4209/4209/4209 4216/4216/4216 4217/4217/4217 
f 4209/4209/4209 4217/4217/4217 4210/4210/4210 
f 4216/4216/4216 4218/4218/4218 4219/4219/4219 
f 4216/4216/4216 4219/4219/4219 4217/4217/4217 
f 4218/4218/4218 4220/4220/4220 4221/4221/4221 
f 4218/4218/4218 4221/4221/4221 4219/4219/4219 
f 4222/4222/4222 4223/4223/4223 4224/4224/4224 
f 4222/4222/4222 4224/4224/4224 4225/4225/4225 
f 4226/4226/4226 4227/4227/4227 4228/4228/4228 
f 4226/4226/4226 4228/4228/4228 4229/4229/4229 
f 4223/4223/4223 4230/4230/4230 4231/4231/4231 
f 4223/4223/4223 4231/4231/4231 4224/4224/4224 
f 4230/4230/4230 4232/4232/4232 4233/4233/4233 
f 4230/4230/4230 4233/4233/4233 4231/4231/4231 
f 4232/4232/4232 4234/4234/4234 4235/4235/4235 
f 4232/4232/4232 4235/4235/4235 4233/4233/4233 
f 4236/4236/4236 4237/4237/4237 4238/4238/4238 
f 4236/4236/4236 4238/4238/4238 4239/4239/4239 
f 4237/4237/4237 4240/4240/4240 4241/4241/4241 
f 4237/4237/4237 4241/4241/4241 4238/4238/4238 
f 4240/4240/4240 4242/4242/4242 4243/4243/4243 
f 4240/4240/4240 4243/4243/4243 4241/4241/4241 
f 4242/4242/4242 4244/4244/4244 4245/4245/4245 
f 4242/4242/4242 4245/4245/4245 4243/4243/4243 
f 4244/4244/4244 4246/4246/4246 4247/4247/4247 
f 4244/4244/4244 4247/4247/4247 4245/4245/4245 
f 4248/4248/4248 4249/4249/4249 4250/4250/4250 
f 4248/4248/4248 4250/4250/4250 4251/4251/4251 
f 4252/4252/4252 4253/4253/4253 4254/4254/4254 
f 4252/4252/4252 4254/4254/4254 4251/4251/4251 
f 4249/4249/4249 4255/4255/4255 4256/4256/4256 
f 4249/4249/4249 4256/4256/4256 4250/4250/4250 
f 4255/4255/4255 4257/4257/4257 4258/4258/4258 
f 4255/4255/4255 4258/4258/4258 4256/4256/4256 
f 4257/4257/4257 4259/4259/4259 4260/4260/4260 
f 4257/4257/4257 4260/4260/4260 4258/4258/4258 
f 4261/4261/4261 4262/4262/4262 4263/4263/4263 
f 4253/4253/4253 4247/4247/4247 4254/4254/4254 
f 4265/4265/4265 4266/4266/4266 4267/4267/4267 
f 4265/4265/4265 4267/4267/4267 4268/4268/4268 
f 4269/4269/4269 4267/4267/4267 4266/4266/4266 
f 4269/4269/4269 4266/4266/4266 4270/4270/4270 
f 4271/4271/4271 4267/4267/4267 4272/4272/4272 
f 4273/4273/4273 4267/4267/4267 4271/4271/4271 
f 4274/4274/4274 4267/4267/4267 4273/4273/4273 
f 4268/4268/4268 4267/4267/4267 4274/4274/4274 
f 4275/4275/4275 4266/4266/4266 4265/4265/4265 
f 4276/4276/4276 4266/4266/4266 4275/4275/4275 
f 4277/4277/4277 4266/4266/4266 4276/4276/4276 
f 4278/4278/4278 4266/4266/4266 4277/4277/4277 
f 4279/4279/4279 4266/4266/4266 4278/4278/4278 
f 4280/4280/4280 4266/4266/4266 4279/4279/4279 
f 4281/4281/4281 4266/4266/4266 4280/4280/4280 
f 4282/4282/4282 4266/4266/4266 4281/4281/4281 
f 4283/4283/4283 4266/4266/4266 4282/4282/4282 
f 4270/4270/4270 4266/4266/4266 4283/4283/4283 
f 4284/4284/4284 4267/4267/4267 4269/4269/4269 
f 4285/4285/4285 4267/4267/4267 4284/4284/4284 
f 4286/4286/4286 4267/4267/4267 4285/4285/4285 
f 4287/4287/4287 4267/4267/4267 4286/4286/4286 
f 4288/4288/4288 4267/4267/4267 4287/4287/4287 
f 4272/4272/4272 4267/4267/4267 4288/4288/4288 
f 4289/4289/4289 4290/4290/4290 4212/4212/4212 
f 4289/4289/4289 4212/4212/4212 4215/4215/4215 
f 4291/4291/4291 4292/4292/4292 4208/4208/4208 
f 4291/4291/4291 4208/4208/4208 4211/4211/4211 
f 4293/4293/4293 4294/4294/4294 4290/4290/4290 
f 4293/4293/4293 4290/4290/4290 4289/4289/4289 
f 4295/4295/4295 4296/4296/4296 4294/4294/4294 
f 4295/4295/4295 4294/4294/4294 4293/4293/4293 
f 4263/4263/4263 4262/4262/4262 4296/4296/4296 
f 4263/4263/4263 4296/4296/4296 4295/4295/4295 
f 4297/4297/4297 4298/4298/4298 4226/4226/4226 
f 4297/4297/4297 4226/4226/4226 4229/4229/4229 
f 4299/4299/4299 4300/4300/4300 4222/4222/4222 
f 4299/4299/4299 4222/4222/4222 4225/4225/4225 
f 4301/4301/4301 4302/4302/4302 4298/4298/4298 
f 4301/4301/4301 4298/4298/4298 4297/4297/4297 
f 4303/4303/4303 4304/4304/4304 4302/4302/4302 
f 4303/4303/4303 4302/4302/4302 4301/4301/4301 
f 4305/4305/4305 4306/4306/4306 4304/4304/4304 
f 4305/4305/4305 4304/4304/4304 4303/4303/4303 
f 4238/4238/4238 4307/4307/4307 4308/4308/4308 
f 4238/4238/4238 4308/4308/4308 4239/4239/4239 
f 4241/4241/4241 4309/4309/4309 4307/4307/4307 
f 4241/4241/4241 4307/4307/4307 4238/4238/4238 
f 4243/4243/4243 4310/4310/4310 4309/4309/4309 
f 4243/4243/4243 4309/4309/4309 4241/4241/4241 
f 4245/4245/4245 4311/4311/4311 4310/4310/4310 
f 4245/4245/4245 4310/4310/4310 4243/4243/4243 
f 4247/4247/4247 4264/4264/4264 4311/4311/4311 
f 4247/4247/4247 4311/4311/4311 4245/4245/4245 
f 4250/4250/4250 4312/4312/4312 4252/4252/4252 
f 4250/4250/4250 4252/4252/4252 4251/4251/4251 
f 4254/4254/4254 4313/4313/4313 4248/4248/4248 
f 4254/4254/4254 4248/4248/4248 4251/4251/4251 
f 4256/4256/4256 4314/4314/4314 4312/4312/4312 
f 4256/4256/4256 4312/4312/4312 4250/4250/4250 
f 4258/4258/4258 4315/4315/4315 4314/4314/4314 
f 4258/4258/4258 4314/4314/4314 4256/4256/4256 
f 4260/4260/4260 4316/4316/4316 4315/4315/4315 
f 4260/4260/4260 4315/4315/4315 4258/4258/4258 
f 4221/4221/4221 4220/4220/4220 4317/4317/4317 
f 4331/4331/4331 4332/4332/4332 4333/4333/4333 
f 4331/4331/4331 4333/4333/4333 4334/4334/4334 
f 4337/4337/4337 4336/4336/4336 4338/4338/4338 
f 4337/4337/4337 4338/4338/4338 4339/4339/4339 
f 4339/4339/4339 4338/4338/4338 4340/4340/4340 
f 4339/4339/4339 4340/4340/4340 4341/4341/4341 
f 4341/4341/4341 4340/4340/4340 4342/4342/4342 
f 4341/4341/4341 4342/4342/4342 4343/4343/4343 
f 4344/4344/4344 4345/4345/4345 4332/4332/4332 
f 4344/4344/4344 4332/4332/4332 4331/4331/4331 
f 4364/4364/4364 4366/4366/4366 4367/4367/4367 
f 4371/4371/4371 4370/4370/4370 4372/4372/4372 
f 4371/4371/4371 4372/4372/4372 4373/4373/4373 
f 4373/4373/4373 4372/4372/4372 4374/4374/4374 
f 4373/4373/4373 4374/4374/4374 4375/4375/4375 
f 4376/4376/4376 4377/4377/4377 4378/4378/4378 
f 4376/4376/4376 4378/4378/4378 4379/4379/4379 
f 4382/4382/4382 4383/4383/4383 4384/4384/4384 
f 4382/4382/4382 4384/4384/4384 4385/4385/4385 
f 4375/4375/4375 4374/4374/4374 4383/4383/4383 
f 4375/4375/4375 4383/4383/4383 4382/4382/4382 
f 4386/4386/4386 4387/4387/4387 4377/4377/4377 
f 4386/4386/4386 4377/4377/4377 4376/4376/4376 
f 4351/4351/4351 4393/4393/4393 4392/4392/4392 
f 4394/4394/4394 4395/4395/4395 4396/4396/4396 
f 4394/4394/4394 4396/4396/4396 4397/4397/4397 
f 4398/4398/4398 4399/4399/4399 4400/4400/4400 
f 4398/4398/4398 4400/4400/4400 4397/4397/4397 
f 4399/4399/4399 4401/4401/4401 4402/4402/4402 
f 4399/4399/4399 4402/4402/4402 4400/4400/4400 
f 4401/4401/4401 4403/4403/4403 4404/4404/4404 
f 4401/4401/4401 4404/4404/4404 4402/4402/4402 
f 4403/4403/4403 4405/4405/4405 4406/4406/4406 
f 4403/4403/4403 4406/4406/4406 4404/4404/4404 
f 4407/4407/4407 4408/4408/4408 4409/4409/4409 
f 4407/4407/4407 4409/4409/4409 4410/4410/4410 
f 4411/4411/4411 4412/4412/4412 4413/4413/4413 
f 4411/4411/4411 4413/4413/4413 4410/4410/4410 
f 4412/4412/4412 4414/4414/4414 4415/4415/4415 
f 4412/4412/4412 4415/4415/4415 4413/4413/4413 
f 4414/4414/4414 4416/4416/4416 4417/4417/4417 
f 4414/4414/4414 4417/4417/4417 4415/4415/4415 
f 4416/4416/4416 4418/4418/4418 4419/4419/4419 
f 4416/4416/4416 4419/4419/4419 4417/4417/4417 
f 4420/4420/4420 4421/4421/4421 4422/4422/4422 
f 4420/4420/4420 4422/4422/4422 4423/4423/4423 
f 4421/4421/4421 4424/4424/4424 4425/4425/4425 
f 4421/4421/4421 4425/4425/4425 4422/4422/4422 
f 4424/4424/4424 4426/4426/4426 4427/4427/4427 
f 4424/4424/4424 4427/4427/4427 4425/4425/4425 
f 4426/4426/4426 4428/4428/4428 4429/4429/4429 
f 4426/4426/4426 4429/4429/4429 4427/4427/4427 
f 4428/4428/4428 4430/4430/4430 4431/4431/4431 
f 4428/4428/4428 4431/4431/4431 4429/4429/4429 
f 4432/4432/4432 4433/4433/4433 4434/4434/4434 
f 4432/4432/4432 4434/4434/4434 4435/4435/4435 
f 4436/4436/4436 4437/4437/4437 4438/4438/4438 
f 4436/4436/4436 4438/4438/4438 4435/4435/4435 
f 4437/4437/4437 4439/4439/4439 4440/4440/4440 
f 4437/4437/4437 4440/4440/4440 4438/4438/4438 
f 4439/4439/4439 4441/4441/4441 4442/4442/4442 
f 4439/4439/4439 4442/4442/4442 4440/4440/4440 
f 4441/4441/4441 4443/4443/4443 4444/4444/4444 
f 4441/4441/4441 4444/4444/4444 4442/4442/4442 
f 4405/4405/4405 4445/4445/4445 4446/4446/4446 
f 4405/4405/4405 4446/4446/4446 4406/4406/4406 
f 4430/4430/4430 4447/4447/4447 4434/4434/4434 
f 4457/4457/4457 4458/4458/4458 4459/4459/4459 
f 4457/4457/4457 4459/4459/4459 4460/4460/4460 
f 4461/4461/4461 4459/4459/4459 4458/4458/4458 
f 4461/4461/4461 4458/4458/4458 4462/4462/4462 
f 4463/4463/4463 4458/4458/4458 4464/4464/4464 
f 4464/4464/4464 4458/4458/4458 4465/4465/4465 
f 4465/4465/4465 4458/4458/4458 4466/4466/4466 
f 4466/4466/4466 4458/4458/4458 4457/4457/4457 
f 4467/4467/4467 4459/4459/4459 4468/4468/4468 
f 4469/4469/4469 4459/4459/4459 4470/4470/4470 
f 4470/4470/4470 4459/4459/4459 4471/4471/4471 
f 4471/4471/4471 4459/4459/4459 4472/4472/4472 
f 4472/4472/4472 4459/4459/4459 4473/4473/4473 
f 4473/4473/4473 4459/4459/4459 4474/4474/4474 
f 4474/4474/4474 4459/4459/4459 4475/4475/4475 
f 4475/4475/4475 4459/4459/4459 4476/4476/4476 
f 4476/4476/4476 4459/4459/4459 4461/4461/4461 
f 4462/4462/4462 4458/4458/4458 4477/4477/4477 
f 4477/4477/4477 4458/4458/4458 4478/4478/4478 
f 4478/4478/4478 4458/4458/4458 4479/4479/4479 
f 4479/4479/4479 4458/4458/4458 4480/4480/4480 
f 4480/4480/4480 4458/4458/4458 4481/4481/4481 
f 4481/4481/4481 4458/4458/4458 4463/4463/4463 
f 4396/4396/4396 4482/4482/4482 4398/4398/4398 
f 4396/4396/4396 4398/4398/4398 4397/4397/4397 
f 4400/4400/4400 4483/4483/4483 4394/4394/4394 
f 4400/4400/4400 4394/4394/4394 4397/4397/4397 
f 4402/4402/4402 4484/4484/4484 4483/4483/4483 
f 4402/4402/4402 4483/4483/4483 4400/4400/4400 
f 4404/4404/4404 4485/4485/4485 4484/4484/4484 
f 4404/4404/4404 4484/4484/4484 4402/4402/4402 
f 4406/4406/4406 4486/4486/4486 4485/4485/4485 
f 4406/4406/4406 4485/4485/4485 4404/4404/4404 
f 4409/4409/4409 4487/4487/4487 4411/4411/4411 
f 4409/4409/4409 4411/4411/4411 4410/4410/4410 
f 4413/4413/4413 4488/4488/4488 4407/4407/4407 
f 4413/4413/4413 4407/4407/4407 4410/4410/4410 
f 4415/4415/4415 4489/4489/4489 4488/4488/4488 
f 4415/4415/4415 4488/4488/4488 4413/4413/4413 
f 4417/4417/4417 4490/4490/4490 4489/4489/4489 
f 4417/4417/4417 4489/4489/4489 4415/4415/4415 
f 4419/4419/4419 4491/4491/4491 4490/4490/4490 
f 4419/4419/4419 4490/4490/4490 4417/4417/4417 
f 4422/4422/4422 4492/4492/4492 4493/4493/4493 
f 4422/4422/4422 4493/4493/4493 4423/4423/4423 
f 4425/4425/4425 4494/4494/4494 4492/4492/4492 
f 4425/4425/4425 4492/4492/4492 4422/4422/4422 
f 4427/4427/4427 4495/4495/4495 4494/4494/4494 
f 4427/4427/4427 4494/4494/4494 4425/4425/4425 
f 4429/4429/4429 4496/4496/4496 4495/4495/4495 
f 4429/4429/4429 4495/4495/4495 4427/4427/4427 
f 4431/4431/4431 4497/4497/4497 4496/4496/4496 
f 4431/4431/4431 4496/4496/4496 4429/4429/4429 
f 4434/4434/4434 4447/4447/4447 4436/4436/4436 
f 4434/4434/4434 4436/4436/4436 4435/4435/4435 
f 4438/4438/4438 4498/4498/4498 4432/4432/4432 
f 4438/4438/4438 4432/4432/4432 4435/4435/4435 
f 4440/4440/4440 4499/4499/4499 4498/4498/4498 
f 4440/4440/4440 4498/4498/4498 4438/4438/4438 
f 4442/4442/4442 4500/4500/4500 4499/4499/4499 
f 4442/4442/4442 4499/4499/4499 4440/4440/4440 
f 4444/4444/4444 4501/4501/4501 4500/4500/4500 
f 4444/4444/4444 4500/4500/4500 4442/4442/4442 
f 4446/4446/4446 4502/4502/4502 4486/4486/4486 
f 4446/4446/4446 4486/4486/4486 4406/4406/4406 
f 4434/4434/4434 4497/4497/4497 4431/4431/4431 
f 4503/4503/4503 4504/4504/4504 4505/4505/4505 
f 4515/4515/4515 4514/4514/4514 4516/4516/4516 
f 4515/4515/4515 4516/4516/4516 4517/4517/4517 
f 4517/4517/4517 4516/4516/4516 4518/4518/4518 
f 4517/4517/4517 4518/4518/4518 4519/4519/4519 
f 4519/4519/4519 4518/4518/4518 4520/4520/4520 
f 4519/4519/4519 4520/4520/4520 4521/4521/4521 
f 4522/4522/4522 4523/4523/4523 4524/4524/4524 
f 4522/4522/4522 4524/4524/4524 4525/4525/4525 
f 4525/4525/4525 4524/4524/4524 4526/4526/4526 
f 4525/4525/4525 4526/4526/4526 4527/4527/4527 
f 4537/4537/4537 4548/4548/4548 4532/4532/4532 
f 4542/4542/4542 4546/4546/4546 4543/4543/4543 
f 4550/4550/4550 4549/4549/4549 4551/4551/4551 
f 4550/4550/4550 4551/4551/4551 4552/4552/4552 
f 4552/4552/4552 4551/4551/4551 4553/4553/4553 
f 4552/4552/4552 4553/4553/4553 4554/4554/4554 
f 4555/4555/4555 4556/4556/4556 4557/4557/4557 
f 4555/4555/4555 4557/4557/4557 4558/4558/4558 
f 4561/4561/4561 4562/4562/4562 4563/4563/4563 
f 4561/4561/4561 4563/4563/4563 4564/4564/4564 
f 4554/4554/4554 4553/4553/4553 4562/4562/4562 
f 4554/4554/4554 4562/4562/4562 4561/4561/4561 
f 4564/4564/4564 4563/4563/4563 4556/4556/4556 
f 4564/4564/4564 4556/4556/4556 4555/4555/4555 
f 4532/4532/4532 4531/4531/4531 4567/4567/4567 
f 4532/4532/4532 4567/4567/4567 4538/4538/4538 
f 4546/4546/4546 4545/4545/4545 4570/4570/4570 

g 12

v -32.369 2.93492 0.0779759 
v -32.4011 2.9455 0.0476843 
v -32.3798 3.05905 0.0311015 
v -32.3464 3.05905 0.0645001 
v -32.4332 2.95608 0.0173929 
v -32.4673 2.81558 0.0476843 
v -32.4946 2.83546 0.0173929 
v -32.5703 2.71258 0.0476843 
v -32.5901 2.73994 0.0173929 
v -32.7001 2.64645 0.0476843 
v -32.7105 2.67861 0.0173929 
v -32.4132 3.92024 -0.00229645 
v -32.3798 3.92028 0.0311023 
v -32.3798 3.05905 0.0311015 
v -32.4132 3.05905 -0.00229716 
v -32.4399 2.79571 0.0779759 
v -32.5504 2.68522 0.0779759 
v -32.4223 3.99085 0.073863 
v -32.4132 3.92024 -0.00229645 
v -32.8439 3.9205 -0.00229633 
v -32.8439 3.99086 0.0435244 
v -32.4526 3.99085 0.0435244 
v -32.8439 3.9205 -0.00229633 
v -33.2798 3.92024 -0.00229645 
v -33.2404 3.99085 0.0435244 
v -32.8439 3.99086 0.0435244 
v -33.3466 3.92033 0.0645009 
v -33.301 3.99086 0.104202 
v -32.8094 2.59532 0.0779759 
v -32.8106 2.66276 0.0173929 
v -32.8439 3.0264 0.0302297 
v -32.8114 3.05905 -0.0022971 
v -33.2798 3.0264 0.0332962 
v -33.2798 3.0264 0.0332962 
v -32.8114 3.05905 -0.0022971 
v -32.8439 3.0264 0.0302297 
v -32.81 2.62904 0.0476843 
v -32.8106 2.66276 0.0173929 
v -33.2798 3.05908 -0.00229704 
v -33.3466 3.05908 0.0645001 
v -33.3466 3.92033 0.0645009 
v -33.2798 3.05908 -0.00229704 
v -33.2798 3.92024 -0.00229645 
v -32.8439 3.9205 -0.00229633 
v -32.8114 3.05905 -0.0022971 
v -32.4132 3.92024 -0.00229645 
v -32.4132 3.05905 -0.00229716 
v -32.4132 3.05905 -0.00229716 
v -32.4332 2.95608 0.0173929 
v -32.4946 2.83546 0.0173929 
v -32.5901 2.73994 0.0173929 
v -32.7105 2.67861 0.0173929 
v -32.8106 2.66276 0.0173929 
v -32.4132 3.05905 -0.00229716 
v -32.4399 2.79571 0.0779759 
v -32.5504 2.68522 0.0779759 
v -32.6896 2.61429 0.0779759 
v -32.3798 3.92028 0.0311023 
v -32.3464 3.92033 0.0645009 
v -32.3464 3.05905 0.0645001 
v -32.8094 2.59532 0.0779759 
v -32.3798 3.92028 0.964581 
v -32.3798 3.92028 0.0311023 
v -32.4526 3.99085 0.952159 
v -32.4223 3.99085 0.92182 
v -32.4505 3.99086 0.891481 
v -33.2798 3.92024 0.997979 
v -32.8439 3.9205 0.997979 
v -33.2404 3.99085 0.952159 
v -32.4132 3.92024 0.997979 
v -32.3798 3.92028 0.964581 
v -32.4223 3.99085 0.92182 
v -32.4526 3.99085 0.952159 
v -32.3919 3.99086 0.104202 
v -32.3919 3.99086 0.891481 
v -32.3464 3.92033 0.0645009 
v -32.3798 3.92028 0.0311023 
v -32.4223 3.99085 0.073863 
v -32.3919 3.99086 0.104202 
v -32.8439 3.9205 -0.00229633 
v -32.4526 3.99085 0.0435244 
v -33.2404 3.99085 0.0435244 
v -33.2798 3.92024 -0.00229645 
v -33.3466 3.92033 0.0645009 
v -33.301 3.99086 0.104202 
v -33.2404 3.99085 0.0435244 
v -33.301 3.99086 0.891481 
v -33.3466 3.92033 0.931182 
v -33.2798 3.92024 0.997979 
v -33.2404 3.99085 0.952159 
v -33.301 3.99086 0.891481 
v -32.3919 3.99086 0.104202 
v -32.4525 3.99085 0.103878 
v -32.4505 3.99086 0.891481 
v -32.3919 3.99086 0.891481 
v -33.301 3.99086 0.891481 
v -33.2423 3.99086 0.891481 
v -33.2405 3.99085 0.103878 
v -33.301 3.99086 0.104202 
v -33.2404 3.99085 0.952159 
v -33.2423 3.99086 0.891481 
v -33.301 3.99086 0.891481 
v -33.2404 3.99085 0.952159 
v -32.8439 3.99086 0.952159 
v -33.2423 3.99086 0.891481 
v -32.4525 3.99085 0.103878 
v -33.2405 3.99085 0.103878 
v -33.2423 3.99086 0.891481 
v -32.4505 3.99086 0.891481 
v -32.4525 3.99085 0.103878 
v -32.3919 3.99086 0.104202 
v -32.4223 3.99085 0.073863 
v -33.2404 3.99085 0.0435244 
v -33.2405 3.99085 0.103878 
v -32.8439 3.99086 0.0435244 
v -33.301 3.99086 0.104202 
v -33.2405 3.99085 0.103878 
v -33.2404 3.99085 0.0435244 
v -32.4505 3.99086 0.891481 
v -32.8439 3.99086 0.952159 
v -32.4526 3.99085 0.952159 
v -33.2423 3.99086 0.891481 
v -32.8439 3.99086 0.952159 
v -32.4505 3.99086 0.891481 
v -32.8439 3.99086 0.0435244 
v -32.4525 3.99085 0.103878 
v -32.4526 3.99085 0.0435244 
v -32.8439 3.99086 0.0435244 
v -33.2405 3.99085 0.103878 
v -32.4525 3.99085 0.103878 
v -32.3798 3.92028 0.0311023 
v -32.4132 3.92024 -0.00229645 
v -32.4526 3.99085 0.0435244 
v -32.4223 3.99085 0.073863 
v -32.4223 3.99085 0.073863 
v -32.4526 3.99085 0.0435244 
v -32.4525 3.99085 0.103878 
v -32.3798 3.92028 0.964581 
v -32.3464 3.92033 0.931182 
v -32.3919 3.99086 0.891481 
v -32.4223 3.99085 0.92182 
v -32.4223 3.99085 0.92182 
v -32.3919 3.99086 0.891481 
v -32.4505 3.99086 0.891481 
v -32.4011 2.9455 0.946253 
v -32.4399 2.79571 0.913269 
v -32.4332 2.95608 0.979237 
v -32.3798 3.05905 0.96458 
v -32.4132 3.05905 0.997979 
v -32.5504 2.68522 0.913269 
v -32.369 2.93492 0.0779759 
v -32.4011 2.9455 0.0476843 
v -32.3798 3.05905 0.0311015 
v -32.3464 3.05905 0.0645001 
v -32.5901 2.73994 0.0173929 
v -32.3798 3.92028 0.964581 
v -32.3798 3.92028 0.0311023 
v -32.369 2.93492 0.913269 
v -32.4399 2.79571 0.913269 
v -32.4399 2.79571 0.0779759 
v -32.369 2.93492 0.0779759 
v -32.5504 2.68522 0.913269 
v -32.5504 2.68522 0.0779759 
v -32.3464 3.92033 0.931182 
v -32.3464 3.05905 0.931181 
v -32.3464 3.05905 0.0645001 
v -32.3464 3.92033 0.0645009 
v -32.3464 3.05905 0.931181 
v -32.3464 3.05905 0.0645001 
v -32.3464 3.92033 0.931182 
v -32.3464 3.92033 0.0645009 
v -32.3919 3.99086 0.104202 
v -32.3919 3.99086 0.891481 
v -32.4223 3.99085 0.073863 
v -32.4526 3.99085 0.0435244 
v -32.5901 2.73994 0.979236 
v -32.4132 3.05905 -0.00229716 
v -32.3798 3.92028 0.0311023 
v -32.3464 3.05905 0.0645001 
v -32.3798 3.05905 0.0311015 
v -32.3464 3.05905 0.931181 
v -32.369 2.93492 0.913269 
v -32.4011 2.9455 0.946253 
v -32.4673 2.81558 0.946253 
v -32.4399 2.79571 0.913269 
v -32.4332 2.95608 0.979237 
v -32.3798 3.05905 0.96458 
v -32.4132 3.05905 0.997979 
v -32.5703 2.71258 0.946253 
v -32.5504 2.68522 0.913269 
v -32.7001 2.64645 0.946253 
v -32.6896 2.61429 0.913269 
v -32.3798 3.92028 0.964581 
v -32.4132 3.92024 0.997979 
v -32.4526 3.99085 0.952159 
v -33.2798 3.92024 0.997979 
v -32.8439 3.9205 0.997979 
v -32.8439 3.99086 0.952159 
v -33.2404 3.99085 0.952159 
v -32.8439 3.9205 0.997979 
v -32.4132 3.92024 0.997979 
v -32.4526 3.99085 0.952159 
v -32.8439 3.99086 0.952159 
v -32.8094 2.59532 0.918654 
v -32.8439 2.67126 0.951892 
v -32.8106 2.66276 0.979236 
v -32.8114 3.05905 0.997979 
v -32.8439 3.0264 0.965452 
v -33.2798 3.05908 0.997979 
v -32.8439 3.0264 0.965452 
v -32.8114 3.05905 0.997979 
v -33.3466 3.05908 0.931181 
v -32.81 2.62904 0.948945 
v -32.8094 2.59532 0.918654 
v -33.2798 3.92024 0.997979 
v -33.3466 3.92033 0.931182 
v -33.3466 3.05908 0.931181 
v -33.2798 3.92024 0.997979 
v -33.2798 3.05908 0.997979 
v -32.8114 3.05905 0.997979 
v -32.8439 3.9205 0.997979 
v -32.4132 3.05905 0.997979 
v -32.4132 3.92024 0.997979 
v -32.4332 2.95608 0.979237 
v -32.4946 2.83546 0.979236 
v -32.5901 2.73994 0.979236 
v -32.7105 2.67861 0.979237 
v -32.8106 2.66276 0.979236 
v -32.4946 2.83546 0.979236 
v -32.3464 3.05905 0.931181 
v -32.5901 2.73994 0.979236 
v -32.7105 2.67861 0.979237 
v -32.3464 3.92033 0.931182 
v -32.8106 2.66276 0.979236 
v -32.5504 2.68522 0.913269 
v -32.5901 2.73994 0.0173929 
v -32.4399 2.79571 0.0779759 
v -32.5504 2.68522 0.913269 
v -32.5504 2.68522 0.0779759 
v -32.6896 2.61429 0.913269 
v -32.6896 2.61429 0.0779759 
v -32.8094 2.59532 0.918654 
v -32.8439 2.62485 0.904027 
v -32.8439 2.62485 0.0926032 
v -32.8094 2.59532 0.0779759 
v -32.8114 3.05905 0.997979 
v -33.2798 3.05908 0.997979 
v -33.2798 3.0264 0.962385 
v -32.8439 3.0264 0.965452 
v -33.2798 3.0264 0.962385 
v -33.2798 3.05908 0.997979 
v -33.3466 3.05908 0.931181 
v -33.313 3.0264 0.917166 
v -33.313 3.0264 0.917166 
v -33.3466 3.05908 0.931181 
v -33.3466 3.05908 0.0645001 
v -33.313 3.0264 0.0785159 
v -32.8114 3.05905 -0.0022971 
v -33.313 3.0264 0.0785159 
v -33.3466 3.05908 0.0645001 
v -33.2798 3.05908 -0.00229704 
v -33.2798 3.0264 0.0332962 
v -33.2798 3.0264 0.0332962 
v -33.2798 3.05908 -0.00229704 
v -32.8114 3.05905 -0.0022971 
v -32.8094 2.59532 0.918654 
v -32.8094 2.59532 0.0779759 
v -32.5901 2.73994 0.979236 
v -33.2798 3.0264 0.962385 
v -33.313 3.0264 0.917166 
v -33.313 3.0264 0.0785159 
v -33.2798 3.0264 0.0332962 
v -33.2798 3.0264 0.962385 
v -32.8439 3.0264 0.0302297 
v -32.8439 3.0264 0.965452 
v -33.2798 3.0264 0.0332962 
v -32.8439 3.0264 0.0302297 
v -33.2798 3.0264 0.962385 
v -33.2798 3.92024 0.997979 
v -33.2404 3.99085 0.952159 
v -33.3466 3.92033 0.0645009 
v -33.301 3.99086 0.104202 
v -33.3466 3.92033 0.0645009 
v -33.3466 3.92033 0.931182 
v -33.301 3.99086 0.891481 
v -33.301 3.99086 0.104202 
v -32.8094 2.59532 0.918654 
v -32.8094 2.59532 0.0779759 
v -32.8439 2.62485 0.904027 
v -32.8094 2.59532 0.918654 
v -32.81 2.62904 0.948945 
v -32.8114 3.05905 0.997979 
v -33.3466 3.05908 0.931181 
v -32.8439 2.62485 0.0926032 
v -32.8439 2.67126 0.0505345 
v -32.8106 2.66276 0.0173929 
v -32.81 2.62904 0.0476843 
v -32.8106 2.66276 0.0173929 
v -32.8439 2.67126 0.0505345 
v -32.8439 3.0264 0.0302297 
v -32.8114 3.05905 -0.0022971 
v -33.313 3.0264 0.0785159 
v -33.2798 3.05908 -0.00229704 
v -33.2798 3.0264 0.0332962 
v -33.2798 3.92024 0.997979 
v -33.3466 3.05908 0.931181 
v -33.2798 3.05908 0.997979 
v -33.2798 3.05908 -0.00229704 
v -33.3466 3.92033 0.0645009 
v -33.2798 3.92024 -0.00229645 
v -33.3466 3.05908 0.931181 
v -33.3466 3.92033 0.931182 
v -33.3466 3.92033 0.0645009 
v -33.3466 3.05908 0.0645001 
v -32.8439 2.62485 0.904027 
v -32.8439 2.67126 0.951892 
v -32.8439 2.67126 0.0505345 
v -32.8439 2.62485 0.0926032 
v -32.8439 3.0264 0.0302297 
v -32.8439 2.67126 0.0505345 
v -32.8439 2.67126 0.951892 
v -32.8439 3.0264 0.0302297 
v -32.8439 2.67126 0.951892 
v -32.8439 3.0264 0.965452 
v -32.81 2.62904 0.0476843 
v -32.8094 2.59532 0.0779759 
v -32.8439 2.62485 0.0926032 
v -32.81 2.62904 0.948945 
v -32.8106 2.66276 0.979236 
v -32.8439 2.67126 0.951892 
v -32.8439 2.62485 0.904027 

vn 0.629921 -0.259843 -0.732283 
vn 0.629921 -0.267717 -0.732283 
vn 0.685039 -0.11811 -0.716535 
vn 0.692913 -0.102362 -0.716535 
vn 0.629921 -0.275591 -0.724409 
vn 0.543307 -0.393701 -0.748031 
vn 0.543307 -0.393701 -0.748031 
vn 0.393701 -0.543307 -0.748031 
vn 0.393701 -0.543307 -0.748031 
vn 0.204724 -0.637795 -0.748031 
vn 0.204724 -0.637795 -0.748031 
vn 0.708661 0 -0.708661 
vn 0.708661 0 -0.708661 
vn 0.685039 -0.11811 -0.716535 
vn 0.685039 -0.125984 -0.716535 
vn 0.811024 -0.590551 0 
vn 0.590551 -0.811024 0 
vn 0.535433 0.653543 -0.535433 
vn 0 0.543307 -0.84252 
vn 0 0.543307 -0.84252 
vn 0 0.543307 -0.84252 
vn 0 0.543307 -0.84252 
vn 0 0.543307 -0.84252 
vn 0 0.543307 -0.84252 
vn 0 0.543307 -0.84252 
vn 0 0.543307 -0.84252 
vn -0.535433 0.645669 -0.535433 
vn -0.535433 0.645669 -0.535433 
vn -0.645669 -0.76378 0 
vn -0.700787 -0.0393701 -0.716535 
vn -0.700787 -0.0393701 -0.716535 
vn -0.700787 -0.0393701 -0.716535 
vn -0.559055 -0.661417 -0.496063 
vn 0 -0.724409 -0.692913 
vn 0 -0.724409 -0.692913 
vn 0 -0.724409 -0.692913 
vn 0.102362 -0.661417 -0.740157 
vn 0.102362 -0.661417 -0.740157 
vn -0.708661 0 -0.708661 
vn -0.708661 0 -0.708661 
vn -0.708661 0 -0.708661 
vn 0 0 -1 
vn 0 0 -1 
vn 0 0 -1 
vn 0.00787402 -0.023622 -1 
vn 0 0 -1 
vn 0 -0.0866142 -1 
vn 0 -0.0866142 -1 
vn 0.023622 -0.110236 -0.992126 
vn 0.0393701 -0.0314961 -1 
vn 0.0314961 -0.0393701 -1 
vn 0.015748 -0.0472441 -1 
vn 0.00787402 -0.0472441 -1 
vn 0.685039 -0.125984 -0.716535 
vn 0.543307 -0.393701 -0.748031 
vn 0.393701 -0.543307 -0.748031 
vn 0.204724 -0.637795 -0.748031 
vn 0.708661 0 -0.708661 
vn 0.708661 0 -0.708661 
vn 0.692913 -0.102362 -0.716535 
vn 0.102362 -0.661417 -0.740157 
vn 0.708661 0 0.708661 
vn 0.708661 0 -0.708661 
vn 0 1 0 
vn 0 1 0 
vn 0 1 0 
vn 0 0.543307 0.84252 
vn 0 0.543307 0.84252 
vn 0 0.543307 0.84252 
vn 0.535433 0.645669 0.535433 
vn 0.535433 0.645669 0.535433 
vn 0.535433 0.645669 0.535433 
vn 0.535433 0.645669 0.535433 
vn 0.84252 0.543307 0 
vn 0.84252 0.543307 0 
vn 0.535433 0.653543 -0.535433 
vn 0.535433 0.653543 -0.535433 
vn 0.535433 0.653543 -0.535433 
vn 0.535433 0.653543 -0.535433 
vn 0 0.543307 -0.84252 
vn 0 0.543307 -0.84252 
vn 0 0.543307 -0.84252 
vn -0.535433 0.645669 -0.535433 
vn -0.535433 0.645669 -0.535433 
vn -0.535433 0.645669 -0.535433 
vn -0.535433 0.645669 -0.535433 
vn -0.84252 0.543307 0 
vn -0.535433 0.645669 0.535433 
vn -0.535433 0.645669 0.535433 
vn -0.535433 0.645669 0.535433 
vn -0.535433 0.645669 0.535433 
vn 0 1 0 
vn 0 1 0 
vn 0 1 0 
vn 0 1 0 
vn 0 1 0 
vn 0 1 0 
vn 0 1 0 
vn 0 1 0 
vn 0 1 0 
vn 0 1 0 
vn 0 1 0 
vn 0 1 0 
vn 0 1 0 
vn 0 1 0 
vn 0 1 0 
vn 0 1 0 
vn 0 1 0 
vn 0 1 0 
vn 0 1 0 
vn 0 1 0 
vn 0 1 0 
vn 0 1 0 
vn 0 1 0 
vn 0 1 0 
vn 0 1 0 
vn 0 1 0 
vn 0 1 0 
vn 0 1 0 
vn 0 1 0 
vn 0 1 0 
vn 0 1 0 
vn 0 1 0 
vn 0 1 0 
vn 0 1 0 
vn 0 1 0 
vn 0 1 0 
vn 0 1 0 
vn 0 1 0 
vn 0 1 0 
vn 0.535433 0.645669 -0.535433 
vn 0.535433 0.645669 -0.535433 
vn 0.535433 0.645669 -0.535433 
vn 0.535433 0.645669 -0.535433 
vn 0 1 0 
vn 0 1 0 
vn 0 1 0 
vn 0.535433 0.653543 0.535433 
vn 0.535433 0.653543 0.535433 
vn 0.535433 0.653543 0.535433 
vn 0.535433 0.653543 0.535433 
vn 0 1 0 
vn 0 1 0 
vn 0 1 0 
vn 0.653543 -0.275591 0.708661 
vn 0.566929 -0.409449 0.716535 
vn 0.645669 -0.283465 0.708661 
vn 0.692913 -0.11811 0.708661 
vn 0.692913 -0.125984 0.708661 
vn 0.409449 -0.566929 0.716535 
vn 0.629921 -0.259843 -0.732283 
vn 0.629921 -0.267717 -0.732283 
vn 0.685039 -0.11811 -0.716535 
vn 0.692913 -0.102362 -0.716535 
vn 0.393701 -0.543307 -0.748031 
vn 0.708661 0 0.708661 
vn 0.708661 0 -0.708661 
vn 0.952756 -0.314961 0 
vn 0.811024 -0.590551 0 
vn 0.811024 -0.590551 0 
vn 0.952756 -0.314961 0 
vn 0.590551 -0.811024 0 
vn 0.590551 -0.811024 0 
vn 1 0 0 
vn 1 -0.0866142 0 
vn 1 -0.0866142 0 
vn 1 0 0 
vn 1 -0.0866142 0 
vn 1 -0.0866142 0 
vn 0.84252 0.543307 0 
vn 0.84252 0.543307 0 
vn 0.84252 0.543307 0 
vn 0.84252 0.543307 0 
vn 0.535433 0.653543 -0.535433 
vn 0 0.543307 -0.84252 
vn 0.0314961 -0.0393701 1 
vn 0.685039 -0.125984 -0.716535 
vn 0.708661 0 -0.708661 
vn 0.692913 -0.102362 -0.716535 
vn 0.685039 -0.11811 -0.716535 
vn 0.692913 -0.11811 0.708661 
vn 0.653543 -0.275591 0.708661 
vn 0.653543 -0.275591 0.708661 
vn 0.566929 -0.409449 0.716535 
vn 0.566929 -0.409449 0.716535 
vn 0.645669 -0.283465 0.708661 
vn 0.692913 -0.11811 0.708661 
vn 0.692913 -0.125984 0.708661 
vn 0.409449 -0.566929 0.716535 
vn 0.409449 -0.566929 0.716535 
vn 0.220472 -0.653543 0.724409 
vn 0.228346 -0.653543 0.724409 
vn 0.708661 0 0.708661 
vn 0.708661 0 0.708661 
vn 0 1 0 
vn 0 0.543307 0.84252 
vn 0 0.543307 0.84252 
vn 0 0.543307 0.84252 
vn 0 0.543307 0.84252 
vn 0 0.543307 0.84252 
vn 0 0.543307 0.84252 
vn 0 0.543307 0.84252 
vn 0 0.543307 0.84252 
vn -0.645669 -0.76378 0 
vn -0.669291 -0.0314961 0.748031 
vn -0.669291 -0.0314961 0.748031 
vn -0.669291 -0.0314961 0.748031 
vn -0.669291 -0.0314961 0.748031 
vn 0 -0.724409 0.692913 
vn 0 -0.724409 0.692913 
vn 0 -0.724409 0.692913 
vn -0.559055 -0.661417 0.496063 
vn 0.125984 -0.677165 0.724409 
vn 0.133858 -0.677165 0.724409 
vn -0.708661 0 0.708661 
vn -0.708661 0 0.708661 
vn -0.708661 0 0.708661 
vn 0 0 1 
vn 0 0 1 
vn 0.00787402 -0.023622 1 
vn 0 0 1 
vn 0 -0.0866142 1 
vn 0 0 1 
vn 0.023622 -0.102362 0.992126 
vn 0.0393701 -0.0314961 1 
vn 0.0314961 -0.0393701 1 
vn 0.015748 -0.0472441 1 
vn 0.00787402 -0.0472441 1 
vn 0.566929 -0.409449 0.716535 
vn 0.692913 -0.11811 0.708661 
vn 0.409449 -0.566929 0.716535 
vn 0.220472 -0.653543 0.724409 
vn 0.708661 0 0.708661 
vn 0.11811 -0.677165 0.724409 
vn 0.409449 -0.566929 0.716535 
vn 0.393701 -0.543307 -0.748031 
vn 0.811024 -0.590551 0 
vn 0.590551 -0.811024 0 
vn 0.590551 -0.811024 0 
vn 0.307087 -0.952756 0 
vn 0.307087 -0.952756 0 
vn -0.645669 -0.76378 0 
vn -0.645669 -0.76378 0 
vn -0.645669 -0.76378 0 
vn -0.645669 -0.76378 0 
vn -0.669291 -0.0314961 0.748031 
vn 0 -0.724409 0.692913 
vn 0 -0.724409 0.692913 
vn 0 -0.724409 0.692913 
vn -0.559055 -0.661417 0.496063 
vn -0.559055 -0.661417 0.496063 
vn -0.559055 -0.661417 0.496063 
vn -0.559055 -0.661417 0.496063 
vn -0.692913 -0.716535 0 
vn -0.692913 -0.716535 0 
vn -0.692913 -0.716535 0 
vn -0.692913 -0.716535 0 
vn -0.700787 -0.0393701 -0.716535 
vn -0.559055 -0.661417 -0.496063 
vn -0.559055 -0.661417 -0.496063 
vn -0.559055 -0.661417 -0.496063 
vn -0.559055 -0.661417 -0.496063 
vn 0 -0.724409 -0.692913 
vn 0 -0.724409 -0.692913 
vn 0 -0.724409 -0.692913 
vn 0.15748 -0.984252 0 
vn 0.15748 -0.984252 0 
vn 0.0314961 -0.0393701 1 
vn 0 -1 0 
vn 0 -1 0 
vn 0 -1 0 
vn 0 -1 0 
vn 0 -1 0 
vn 0 -1 0 
vn 0 -1 0 
vn 0 -1 0 
vn 0 -1 0 
vn 0 -1 0 
vn 0 0.543307 0.84252 
vn 0 0.543307 0.84252 
vn -0.535433 0.645669 -0.535433 
vn -0.535433 0.645669 -0.535433 
vn -0.84252 0.543307 0 
vn -0.84252 0.543307 0 
vn -0.84252 0.543307 0 
vn -0.84252 0.543307 0 
vn -0.645669 -0.76378 0 
vn -0.645669 -0.76378 0 
vn -0.661417 -0.503937 0.551181 
vn -0.661417 -0.503937 0.551181 
vn -0.661417 -0.503937 0.551181 
vn -0.669291 -0.0314961 0.748031 
vn -0.559055 -0.661417 0.496063 
vn -0.669291 -0.503937 -0.551181 
vn -0.669291 -0.503937 -0.551181 
vn -0.669291 -0.503937 -0.551181 
vn -0.669291 -0.503937 -0.551181 
vn -0.700787 -0.0393701 -0.716535 
vn -0.700787 -0.0393701 -0.716535 
vn -0.700787 -0.0393701 -0.716535 
vn -0.700787 -0.0393701 -0.716535 
vn -0.559055 -0.661417 -0.496063 
vn -0.559055 -0.661417 -0.496063 
vn -0.559055 -0.661417 -0.496063 
vn -0.708661 0 0.708661 
vn -0.708661 0 0.708661 
vn -0.708661 0 0.708661 
vn -0.708661 0 -0.708661 
vn -0.708661 0 -0.708661 
vn -0.708661 0 -0.708661 
vn -1 0 0 
vn -1 0 0 
vn -1 0 0 
vn -1 0 0 
vn -1 0 0 
vn -1 0 0 
vn -1 0 0 
vn -1 0 0 
vn -1 0 0 
vn -1 0 0 
vn -1 0 0 
vn -1 0 0 
vn -1 0 0 
vn -1 0 0 
vn -0.661417 -0.503937 -0.551181 
vn -0.661417 -0.503937 -0.551181 
vn -0.661417 -0.503937 -0.551181 
vn -0.629921 -0.543307 0.551181 
vn -0.629921 -0.543307 0.551181 
vn -0.629921 -0.543307 0.551181 
vn -0.629921 -0.543307 0.551181 

vt -0.484049 -0.0553424 
vt -0.480037 -0.0540202 
vt -0.4827 -0.0398268 
vt -0.486875 -0.0398265 
vt -0.476025 -0.0526979 
vt -0.471762 -0.0702599 
vt -0.468343 -0.0677755 
vt -0.458887 -0.0831352 
vt -0.456402 -0.0797156 
vt -0.442663 -0.0914016 
vt -0.441357 -0.0873816 
vt -0.478525 0.067822 
vt -0.4827 0.0678276 
vt -0.4827 -0.0398268 
vt -0.478525 -0.0398269 
vt -0.475182 -0.0727445 
vt -0.461371 -0.0865548 
vt -0.477384 0.076649 
vt -0.478525 0.067822 
vt -0.424679 0.0678553 
vt -0.424679 0.0766501 
vt -0.473592 0.0766479 
vt -0.424679 0.0678553 
vt -0.370193 0.067822 
vt -0.375126 0.0766479 
vt -0.424679 0.0766501 
vt -0.361843 0.0678331 
vt -0.367541 0.0766501 
vt -0.429001 -0.0977924 
vt -0.428848 -0.0893629 
vt -0.424679 -0.0439081 
vt -0.428745 -0.0398268 
vt -0.370193 -0.0439081 
vt -0.370193 -0.0439081 
vt -0.428745 -0.0398268 
vt -0.424679 -0.0439081 
vt -0.428924 -0.0935776 
vt -0.428848 -0.0893629 
vt -0.370193 -0.0398232 
vt -0.361843 -0.0398232 
vt -0.361843 0.0678331 
vt -0.370193 -0.0398232 
vt -0.370193 0.067822 
vt -0.424679 0.0678553 
vt -0.428745 -0.0398268 
vt -0.478525 0.067822 
vt -0.478525 -0.0398269 
vt -0.478525 -0.0398269 
vt -0.476025 -0.0526979 
vt -0.468343 -0.0677755 
vt -0.456402 -0.0797156 
vt -0.441357 -0.0873816 
vt -0.428848 -0.0893629 
vt -0.478525 -0.0398269 
vt -0.475182 -0.0727445 
vt -0.461371 -0.0865548 
vt -0.443969 -0.0954216 
vt -0.4827 0.0678276 
vt -0.486875 0.0678332 
vt -0.486875 -0.0398265 
vt -0.429001 -0.0977924 
vt -0.366017 0.0477697 
vt -0.482701 0.0477697 
vt -0.367569 0.0386617 
vt -0.371362 0.0424541 
vt -0.375154 0.0389333 
vt -0.361842 -0.0647372 
vt -0.361842 -0.0102512 
vt -0.367569 -0.059804 
vt -0.361842 0.0435949 
vt -0.366017 0.0477697 
vt -0.371362 0.0424541 
vt -0.367569 0.0386617 
vt -0.473564 0.0462465 
vt -0.375154 0.0462465 
vt -0.478527 0.0519446 
vt -0.482701 0.0477697 
vt -0.477356 0.0424541 
vt -0.473564 0.0462465 
vt -0.486876 -0.0102512 
vt -0.481149 0.0386617 
vt -0.481149 -0.0598041 
vt -0.486876 -0.0647372 
vt -0.478527 -0.0730869 
vt -0.473564 -0.0673887 
vt -0.481149 -0.0598041 
vt -0.375154 -0.0673887 
vt -0.370191 -0.0730869 
vt -0.361842 -0.0647372 
vt -0.367569 -0.059804 
vt -0.375154 -0.0673887 
vt -0.473564 0.0462465 
vt -0.473604 0.038681 
vt -0.375154 0.0389333 
vt -0.375154 0.0462465 
vt -0.375154 -0.0673887 
vt -0.375154 -0.060052 
vt -0.473604 -0.0598217 
vt -0.473564 -0.0673887 
vt -0.367569 -0.059804 
vt -0.375154 -0.060052 
vt -0.375154 -0.0673887 
vt -0.367569 -0.059804 
vt -0.367569 -0.0102512 
vt -0.375154 -0.060052 
vt -0.473604 0.038681 
vt -0.473604 -0.0598217 
vt -0.375154 -0.060052 
vt -0.375154 0.0389333 
vt -0.473604 0.038681 
vt -0.473564 0.0462465 
vt -0.477356 0.0424541 
vt -0.481149 -0.0598041 
vt -0.473604 -0.0598217 
vt -0.481149 -0.0102512 
vt -0.473564 -0.0673887 
vt -0.473604 -0.0598217 
vt -0.481149 -0.0598041 
vt -0.375154 0.0389333 
vt -0.367569 -0.0102512 
vt -0.367569 0.0386617 
vt -0.375154 -0.060052 
vt -0.367569 -0.0102512 
vt -0.375154 0.0389333 
vt -0.481149 -0.0102512 
vt -0.473604 0.038681 
vt -0.481149 0.0386617 
vt -0.481149 -0.0102512 
vt -0.473604 -0.0598217 
vt -0.473604 0.038681 
vt -0.482701 0.0477697 
vt -0.486876 0.0435949 
vt -0.481149 0.0386617 
vt -0.477356 0.0424541 
vt -0.477356 0.0424541 
vt -0.481149 0.0386617 
vt -0.473604 0.038681 
vt -0.366017 0.0477697 
vt -0.370191 0.0519446 
vt -0.375154 0.0462465 
vt -0.371362 0.0424541 
vt -0.371362 0.0424541 
vt -0.375154 0.0462465 
vt -0.375154 0.0389333 
vt -0.48041 -0.0540202 
vt -0.476288 -0.0727445 
vt -0.484533 -0.0526979 
vt -0.482701 -0.0398268 
vt -0.486876 -0.0398269 
vt -0.476288 -0.0865548 
vt -0.371876 -0.0553424 
vt -0.368089 -0.0540202 
vt -0.366017 -0.0398268 
vt -0.370191 -0.0398265 
vt -0.364303 -0.0797156 
vt -0.482701 0.0678277 
vt -0.366017 0.0678276 
vt -0.476288 -0.0553424 
vt -0.476288 -0.0727445 
vt -0.371876 -0.0727445 
vt -0.371876 -0.0553424 
vt -0.476288 -0.0865548 
vt -0.371876 -0.0865548 
vt -0.478527 0.0678332 
vt -0.478527 -0.0398265 
vt -0.370191 -0.0398265 
vt -0.370191 0.0678332 
vt -0.478527 -0.0398265 
vt -0.370191 -0.0398265 
vt -0.478527 0.0678332 
vt -0.370191 0.0678332 
vt -0.375154 0.0766501 
vt -0.473564 0.0766501 
vt -0.371362 0.076649 
vt -0.367569 0.0766479 
vt -0.484533 -0.0797156 
vt -0.361842 -0.0398269 
vt -0.366017 0.0678276 
vt -0.370191 -0.0398265 
vt -0.366017 -0.0398268 
vt -0.478527 -0.0398265 
vt -0.364669 -0.0553424 
vt -0.368681 -0.0540202 
vt -0.376956 -0.0702599 
vt -0.373536 -0.0727445 
vt -0.372693 -0.0526979 
vt -0.366018 -0.0398268 
vt -0.370193 -0.0398269 
vt -0.389831 -0.0831352 
vt -0.387347 -0.0865548 
vt -0.406055 -0.0914016 
vt -0.404749 -0.0954216 
vt -0.366018 0.0678277 
vt -0.370193 0.0678222 
vt -0.375126 0.0766479 
vt -0.478525 0.0678222 
vt -0.424039 0.0678552 
vt -0.424039 0.0766501 
vt -0.473592 0.0766479 
vt -0.424039 0.0678552 
vt -0.370193 0.0678222 
vt -0.375126 0.0766479 
vt -0.424039 0.0766501 
vt -0.419717 -0.0977924 
vt -0.424039 -0.0883008 
vt -0.41987 -0.0893629 
vt -0.419973 -0.0398268 
vt -0.424039 -0.0439081 
vt -0.478525 -0.0398232 
vt -0.424039 -0.0439081 
vt -0.419973 -0.0398268 
vt -0.486875 -0.0398232 
vt -0.419794 -0.0935776 
vt -0.419717 -0.0977924 
vt -0.478525 0.0678222 
vt -0.486875 0.0678332 
vt -0.486875 -0.0398232 
vt -0.478525 0.0678222 
vt -0.478525 -0.0398232 
vt -0.419973 -0.0398268 
vt -0.424039 0.0678552 
vt -0.370193 -0.0398269 
vt -0.370193 0.0678222 
vt -0.372693 -0.0526979 
vt -0.380375 -0.0677755 
vt -0.392316 -0.0797156 
vt -0.407361 -0.0873816 
vt -0.41987 -0.0893629 
vt -0.380375 -0.0677755 
vt -0.361843 -0.0398265 
vt -0.392316 -0.0797156 
vt -0.407361 -0.0873816 
vt -0.361843 0.0678332 
vt -0.41987 -0.0893629 
vt -0.476288 0.0264413 
vt -0.364303 0.0214723 
vt -0.371876 0.0402516 
vt -0.476288 0.0264413 
vt -0.371876 0.0264413 
vt -0.476288 0.00903922 
vt -0.371876 0.00903922 
vt -0.476961 -0.00592923 
vt -0.475132 -0.0102512 
vt -0.373704 -0.0102512 
vt -0.371876 -0.00592923 
vt -0.486876 -0.00618529 
vt -0.486876 -0.0647371 
vt -0.482427 -0.0647371 
vt -0.48281 -0.0102512 
vt -0.482427 -0.0647371 
vt -0.486876 -0.0647371 
vt -0.478527 -0.0730867 
vt -0.476775 -0.0688818 
vt -0.476775 -0.0688818 
vt -0.478527 -0.0730867 
vt -0.370191 -0.0730867 
vt -0.371943 -0.0688818 
vt -0.361842 -0.00618529 
vt -0.371943 -0.0688818 
vt -0.370191 -0.0730867 
vt -0.361842 -0.0647371 
vt -0.366291 -0.0647371 
vt -0.366291 -0.0647371 
vt -0.361842 -0.0647371 
vt -0.361842 -0.00618529 
vt -0.476961 -0.00592923 
vt -0.371876 -0.00592923 
vt -0.484533 0.0214723 
vt -0.482427 -0.0647371 
vt -0.476775 -0.0688818 
vt -0.371943 -0.0688818 
vt -0.366291 -0.0647371 
vt -0.482427 -0.0647371 
vt -0.365908 -0.0102512 
vt -0.48281 -0.0102512 
vt -0.366291 -0.0647371 
vt -0.365908 -0.0102512 
vt -0.482427 -0.0647371 
vt -0.361842 0.0678222 
vt -0.367569 0.0766479 
vt -0.478527 0.0678331 
vt -0.473564 0.0766501 
vt -0.478527 0.0678331 
vt -0.370191 0.0678332 
vt -0.375154 0.0766501 
vt -0.473564 0.0766501 
vt -0.371757 -0.0977924 
vt -0.476842 -0.0977924 
vt -0.373586 -0.0941011 
vt -0.371757 -0.0977924 
vt -0.367971 -0.0935776 
vt -0.361842 -0.0398268 
vt -0.370191 -0.0398232 
vt -0.475014 -0.0941012 
vt -0.480272 -0.0883008 
vt -0.484415 -0.0893629 
vt -0.480629 -0.0935776 
vt -0.484415 -0.0893629 
vt -0.480272 -0.0883008 
vt -0.48281 -0.0439081 
vt -0.486876 -0.0398268 
vt -0.476775 -0.0439081 
vt -0.486876 -0.0398232 
vt -0.482427 -0.0439081 
vt -0.361842 0.0678222 
vt -0.370191 -0.0398232 
vt -0.361842 -0.0398232 
vt -0.486876 -0.0398232 
vt -0.478527 0.0678331 
vt -0.486876 0.067822 
vt -0.370191 -0.0398232 
vt -0.370191 0.0678332 
vt -0.478527 0.0678331 
vt -0.478527 -0.0398232 
vt -0.373586 -0.0941011 
vt -0.367603 -0.0883008 
vt -0.480272 -0.0883008 
vt -0.475014 -0.0941012 
vt -0.48281 -0.0439081 
vt -0.480272 -0.0883008 
vt -0.367603 -0.0883008 
vt -0.48281 -0.0439081 
vt -0.367603 -0.0883008 
vt -0.365908 -0.0439081 
vt -0.480629 -0.0935776 
vt -0.476842 -0.0977924 
vt -0.475014 -0.0941012 
vt -0.367971 -0.0935776 
vt -0.364185 -0.0893629 
vt -0.367603 -0.0883008 
vt -0.373586 -0.0941011 

usemtl 1Mtl

f 4571/4571/4571 4572/4572/4572 4573/4573/4573 
f 4575/4575/4575 4572/4572/4572 4576/4576/4576 
f 4575/4575/4575 4576/4576/4576 4577/4577/4577 
f 4577/4577/4577 4576/4576/4576 4578/4578/4578 
f 4577/4577/4577 4578/4578/4578 4579/4579/4579 
f 4579/4579/4579 4578/4578/4578 4580/4580/4580 
f 4579/4579/4579 4580/4580/4580 4581/4581/4581 
f 4582/4582/4582 4583/4583/4583 4584/4584/4584 
f 4582/4582/4582 4584/4584/4584 4585/4585/4585 
f 4589/4589/4589 4590/4590/4590 4591/4591/4591 
f 4589/4589/4589 4591/4591/4591 4592/4592/4592 
f 4593/4593/4593 4594/4594/4594 4595/4595/4595 
f 4593/4593/4593 4595/4595/4595 4596/4596/4596 
f 4600/4600/4600 4601/4601/4601 4602/4602/4602 
f 4604/4604/4604 4605/4605/4605 4606/4606/4606 
f 4581/4581/4581 4580/4580/4580 4607/4607/4607 
f 4581/4581/4581 4607/4607/4607 4608/4608/4608 
f 4609/4609/4609 4610/4610/4610 4611/4611/4611 
f 4612/4612/4612 4613/4613/4613 4614/4614/4614 
f 4612/4612/4612 4614/4614/4614 4615/4615/4615 
f 4616/4616/4616 4617/4617/4617 4615/4615/4615 
f 4616/4616/4616 4615/4615/4615 4614/4614/4614 
f 4618/4618/4618 4619/4619/4619 4615/4615/4615 
f 4619/4619/4619 4620/4620/4620 4615/4615/4615 
f 4620/4620/4620 4621/4621/4621 4615/4615/4615 
f 4621/4621/4621 4622/4622/4622 4615/4615/4615 
f 4622/4622/4622 4623/4623/4623 4615/4615/4615 
f 4572/4572/4572 4575/4575/4575 4624/4624/4624 
f 4572/4572/4572 4571/4571/4571 4625/4625/4625 
f 4572/4572/4572 4625/4625/4625 4576/4576/4576 
f 4576/4576/4576 4625/4625/4625 4626/4626/4626 
f 4576/4576/4576 4626/4626/4626 4578/4578/4578 
f 4578/4578/4578 4626/4626/4626 4627/4627/4627 
f 4578/4578/4578 4627/4627/4627 4580/4580/4580 
f 4628/4628/4628 4629/4629/4629 4630/4630/4630 
f 4580/4580/4580 4627/4627/4627 4631/4631/4631 
f 4580/4580/4580 4631/4631/4631 4607/4607/4607 
f 4634/4634/4634 4635/4635/4635 4636/4636/4636 
f 4640/4640/4640 4641/4641/4641 4642/4642/4642 
f 4640/4640/4640 4642/4642/4642 4643/4643/4643 
f 4646/4646/4646 4647/4647/4647 4648/4648/4648 
f 4646/4646/4646 4648/4648/4648 4649/4649/4649 
f 4653/4653/4653 4654/4654/4654 4655/4655/4655 
f 4653/4653/4653 4655/4655/4655 4656/4656/4656 
f 4658/4658/4658 4659/4659/4659 4660/4660/4660 
f 4658/4658/4658 4660/4660/4660 4661/4661/4661 
f 4662/4662/4662 4663/4663/4663 4664/4664/4664 
f 4662/4662/4662 4664/4664/4664 4665/4665/4665 
f 4666/4666/4666 4667/4667/4667 4668/4668/4668 
f 4666/4666/4666 4668/4668/4668 4669/4669/4669 
f 4670/4670/4670 4671/4671/4671 4672/4672/4672 
f 4673/4673/4673 4674/4674/4674 4675/4675/4675 
f 4676/4676/4676 4677/4677/4677 4678/4678/4678 
f 4676/4676/4676 4678/4678/4678 4679/4679/4679 
f 4680/4680/4680 4681/4681/4681 4682/4682/4682 
f 4683/4683/4683 4684/4684/4684 4685/4685/4685 
f 4686/4686/4686 4687/4687/4687 4688/4688/4688 
f 4689/4689/4689 4690/4690/4690 4691/4691/4691 
f 4692/4692/4692 4693/4693/4693 4694/4694/4694 
f 4695/4695/4695 4696/4696/4696 4697/4697/4697 
f 4698/4698/4698 4699/4699/4699 4700/4700/4700 
f 4701/4701/4701 4702/4702/4702 4703/4703/4703 
f 4701/4701/4701 4703/4703/4703 4704/4704/4704 
f 4705/4705/4705 4706/4706/4706 4707/4707/4707 
f 4708/4708/4708 4709/4709/4709 4710/4710/4710 
f 4708/4708/4708 4710/4710/4710 4711/4711/4711 
f 4712/4712/4712 4713/4713/4713 4714/4714/4714 
f 4717/4717/4717 4718/4718/4718 4719/4719/4719 
f 4721/4721/4721 4723/4723/4723 4724/4724/4724 
f 4728/4728/4728 4729/4729/4729 4730/4730/4730 
f 4728/4728/4728 4730/4730/4730 4731/4731/4731 
f 4729/4729/4729 4732/4732/4732 4733/4733/4733 
f 4729/4729/4729 4733/4733/4733 4730/4730/4730 
f 4734/4734/4734 4735/4735/4735 4736/4736/4736 
f 4734/4734/4734 4736/4736/4736 4737/4737/4737 
f 4738/4738/4738 4728/4728/4728 4731/4731/4731 
f 4738/4738/4738 4731/4731/4731 4739/4739/4739 
f 4740/4740/4740 4741/4741/4741 4742/4742/4742 
f 4740/4740/4740 4742/4742/4742 4743/4743/4743 
f 4722/4722/4722 4747/4747/4747 4723/4723/4723 
f 4748/4748/4748 4749/4749/4749 4750/4750/4750 
f 4715/4715/4715 4751/4751/4751 4718/4718/4718 
f 4752/4752/4752 4753/4753/4753 4754/4754/4754 
f 4752/4752/4752 4754/4754/4754 4755/4755/4755 
f 4756/4756/4756 4753/4753/4753 4757/4757/4757 
f 4755/4755/4755 4754/4754/4754 4759/4759/4759 
f 4755/4755/4755 4759/4759/4759 4760/4760/4760 
f 4760/4760/4760 4759/4759/4759 4761/4761/4761 
f 4760/4760/4760 4761/4761/4761 4762/4762/4762 
f 4758/4758/4758 4757/4757/4757 4763/4763/4763 
f 4758/4758/4758 4763/4763/4763 4764/4764/4764 
f 4766/4766/4766 4767/4767/4767 4768/4768/4768 
f 4766/4766/4766 4768/4768/4768 4769/4769/4769 
f 4770/4770/4770 4771/4771/4771 4772/4772/4772 
f 4770/4770/4770 4772/4772/4772 4773/4773/4773 
f 4775/4775/4775 4776/4776/4776 4777/4777/4777 
f 4775/4775/4775 4777/4777/4777 4778/4778/4778 
f 4779/4779/4779 4780/4780/4780 4781/4781/4781 
f 4762/4762/4762 4761/4761/4761 4783/4783/4783 
f 4762/4762/4762 4783/4783/4783 4784/4784/4784 
f 4785/4785/4785 4786/4786/4786 4787/4787/4787 
f 4788/4788/4788 4789/4789/4789 4790/4790/4790 
f 4788/4788/4788 4790/4790/4790 4791/4791/4791 
f 4792/4792/4792 4793/4793/4793 4791/4791/4791 
f 4792/4792/4792 4791/4791/4791 4790/4790/4790 
f 4794/4794/4794 4792/4792/4792 4790/4790/4790 
f 4795/4795/4795 4794/4794/4794 4790/4790/4790 
f 4796/4796/4796 4795/4795/4795 4790/4790/4790 
f 4797/4797/4797 4796/4796/4796 4790/4790/4790 
f 4798/4798/4798 4797/4797/4797 4790/4790/4790 
f 4753/4753/4753 4756/4756/4756 4799/4799/4799 
f 4753/4753/4753 4799/4799/4799 4754/4754/4754 
f 4753/4753/4753 4752/4752/4752 4800/4800/4800 
f 4754/4754/4754 4799/4799/4799 4801/4801/4801 
f 4754/4754/4754 4801/4801/4801 4759/4759/4759 
f 4759/4759/4759 4801/4801/4801 4802/4802/4802 
f 4759/4759/4759 4802/4802/4802 4761/4761/4761 
f 4757/4757/4757 4800/4800/4800 4803/4803/4803 
f 4757/4757/4757 4803/4803/4803 4763/4763/4763 
f 4761/4761/4761 4802/4802/4802 4804/4804/4804 
f 4761/4761/4761 4804/4804/4804 4783/4783/4783 
f 4808/4808/4808 4810/4810/4810 4811/4811/4811 
f 4808/4808/4808 4811/4811/4811 4809/4809/4809 
f 4812/4812/4812 4813/4813/4813 4814/4814/4814 
f 4812/4812/4812 4814/4814/4814 4815/4815/4815 
f 4817/4817/4817 4818/4818/4818 4819/4819/4819 
f 4820/4820/4820 4821/4821/4821 4822/4822/4822 
f 4820/4820/4820 4822/4822/4822 4823/4823/4823 
f 4824/4824/4824 4825/4825/4825 4826/4826/4826 
f 4824/4824/4824 4826/4826/4826 4827/4827/4827 
f 4829/4829/4829 4830/4830/4830 4831/4831/4831 
f 4833/4833/4833 4834/4834/4834 4835/4835/4835 
f 4810/4810/4810 4836/4836/4836 4837/4837/4837 
f 4810/4810/4810 4837/4837/4837 4811/4811/4811 
f 4839/4839/4839 4840/4840/4840 4841/4841/4841 
f 4839/4839/4839 4841/4841/4841 4842/4842/4842 
f 4843/4843/4843 4844/4844/4844 4845/4845/4845 
f 4846/4846/4846 4847/4847/4847 4848/4848/4848 
f 4853/4853/4853 4854/4854/4854 4855/4855/4855 
f 4853/4853/4853 4855/4855/4855 4856/4856/4856 
f 4859/4859/4859 4860/4860/4860 4861/4861/4861 
f 4864/4864/4864 4865/4865/4865 4866/4866/4866 
f 4864/4864/4864 4866/4866/4866 4867/4867/4867 
f 4868/4868/4868 4869/4869/4869 4870/4870/4870 
f 4872/4872/4872 4873/4873/4873 4874/4874/4874 
f 4875/4875/4875 4876/4876/4876 4877/4877/4877 
f 4878/4878/4878 4879/4879/4879 4880/4880/4880 
f 4881/4881/4881 4882/4882/4882 4883/4883/4883 
f 4881/4881/4881 4883/4883/4883 4884/4884/4884 
f 4885/4885/4885 4886/4886/4886 4887/4887/4887 
f 4885/4885/4885 4887/4887/4887 4888/4888/4888 
f 4889/4889/4889 4890/4890/4890 4891/4891/4891 
f 4892/4892/4892 4893/4893/4893 4894/4894/4894 
f 4895/4895/4895 4896/4896/4896 4897/4897/4897 
f 4898/4898/4898 4899/4899/4899 4900/4900/4900 
f 4898/4898/4898 4900/4900/4900 4901/4901/4901 

g 13

v -32.684 1.63067 -0.922556 
v -32.5448 1.55975 -0.922556 
v -32.5647 1.53239 -0.955197 
v -32.6945 1.59851 -0.955197 
v -32.7049 1.56635 -0.987839 
v -32.8435 1.58747 -0.987839 
v -32.8435 1.62129 -0.955197 
v -32.6945 1.59851 -0.955197 
v -32.4343 1.44928 -0.922556 
v -32.4617 1.4294 -0.955197 
v -32.3634 1.31007 -0.922556 
v -32.3955 1.29949 -0.955197 
v -32.3407 1.17471 -0.932382 
v -32.3741 1.17194 -0.96578 
v -33.3184 1.30999 -0.922556 
v -33.2475 1.44921 -0.922556 
v -33.2201 1.42933 -0.955197 
v -33.2863 1.29941 -0.955197 
v -33.2542 1.28884 -0.987839 
v -33.2742 1.16909 -0.999179 
v -33.3076 1.17186 -0.96578 
v -33.137 1.5597 -0.922556 
v -33.1171 1.53235 -0.955197 
v -32.9978 1.63065 -0.922556 
v -32.9873 1.59849 -0.955197 
v -32.8435 1.6551 -0.922556 
v -32.8435 1.62129 -0.955197 
v -32.4075 0.243704 -0.999179 
v -32.3741 1.17194 -0.96578 
v -32.3741 0.240937 -0.965781 
v -33.3075 0.240859 -0.965781 
v -32.4075 0.243704 -0.999179 
v -32.8434 0.238127 -0.999179 
v -32.8434 1.17467 -0.999179 
v -32.4075 1.16917 -0.999179 
v -33.2742 1.16909 -0.999179 
v -33.2741 0.243632 -0.999179 
v -33.3409 0.238086 -0.932382 
v -32.5846 1.50503 -0.987839 
v -32.7049 1.56635 -0.987839 
v -32.489 1.40952 -0.987839 
v -32.4276 1.2889 -0.987839 
v -33.2542 1.28884 -0.987839 
v -33.1928 1.40946 -0.987839 
v -33.0972 1.50499 -0.987839 
v -32.9769 1.56633 -0.987839 
v -32.8435 1.58747 -0.987839 
v -32.4075 0.243704 -0.999179 
v -32.4469 0.17056 -0.953359 
v -32.8433 0.165494 -0.953359 
v -32.8434 0.238127 -0.999179 
v -32.8434 0.238127 -0.999179 
v -32.8433 0.165494 -0.953359 
v -33.2346 0.170494 -0.953359 
v -33.2741 0.243632 -0.999179 
v -33.2953 0.165456 -0.892681 
v -32.5647 1.53239 -0.955197 
v -32.5846 1.50503 -0.987839 
v -32.8435 1.62129 -0.955197 
v -32.8435 1.6551 -0.922556 
v -32.4617 1.4294 -0.955197 
v -32.489 1.40952 -0.987839 
v -32.3955 1.29949 -0.955197 
v -32.4276 1.2889 -0.987839 
v -32.3741 1.17194 -0.96578 
v -32.4075 1.16917 -0.999179 
v -33.1928 1.40946 -0.987839 
v -33.341 1.17463 -0.932382 
v -33.0972 1.50499 -0.987839 
v -32.9769 1.56633 -0.987839 
v -32.8435 1.58747 -0.987839 
v -32.684 1.63067 -0.922556 
v -32.5647 1.53239 -0.955197 
v -32.8435 1.62129 -0.955197 
v -32.4343 1.44928 -0.922556 
v -32.4617 1.4294 -0.955197 
v -33.2475 1.44921 -0.922556 
v -33.137 1.5597 -0.922556 
v -33.1171 1.53235 -0.955197 
v -32.9978 1.63065 -0.922556 
v -32.9873 1.59849 -0.955197 
v -32.684 1.63067 -0.0755264 
v -32.8435 1.6551 -0.0755264 
v -32.8435 1.62129 -0.0428851 
v -32.5647 1.53239 -0.0428851 
v -32.4617 1.4294 -0.0428851 
v -32.9873 1.59849 -0.0428851 
v -32.684 1.63067 -0.922556 
v -32.684 1.63067 -0.0755264 
v -32.5448 1.55975 -0.0755264 
v -32.5448 1.55975 -0.922556 
v -32.4343 1.44928 -0.0755264 
v -32.4343 1.44928 -0.922556 
v -33.2475 1.44921 -0.0755264 
v -33.137 1.5597 -0.0755264 
v -33.137 1.5597 -0.922556 
v -32.9978 1.63065 -0.0755264 
v -32.9978 1.63065 -0.922556 
v -32.8435 1.6551 -0.0755264 
v -32.8435 1.6551 -0.922556 
v -32.8435 1.6551 -0.922556 
v -32.8435 1.6551 -0.0755264 
v -32.4343 1.44928 -0.922556 
v -32.4617 1.4294 -0.955197 
v -32.3955 1.29949 -0.955197 
v -32.3407 1.17471 -0.932382 
v -32.3741 1.17194 -0.96578 
v -32.4617 1.4294 -0.0428851 
v -32.3955 1.29949 -0.042885 
v -32.3741 1.17194 -0.032302 
v -32.4075 0.243704 -0.999179 
v -32.4075 1.16917 -0.999179 
v -32.3741 1.17194 -0.96578 
v -32.3741 0.240937 -0.965781 
v -32.4075 1.16917 0.00109661 
v -32.3741 0.240937 -0.0323023 
v -32.3741 1.17194 -0.032302 
v -32.4343 1.44928 -0.0755264 
v -32.4343 1.44928 -0.922556 
v -32.3634 1.31007 -0.0755264 
v -32.3634 1.31007 -0.922556 
v -32.3407 1.17471 -0.932382 
v -32.3407 1.17471 -0.0657007 
v -32.3407 0.238169 -0.0657009 
v -32.3407 0.238169 -0.932382 
v -32.3407 1.17471 -0.0657007 
v -32.3407 0.238169 -0.0657009 
v -32.3862 0.165531 -0.105402 
v -32.3862 0.165531 -0.892681 
v -32.3407 0.238169 -0.932382 
v -32.3741 1.17194 -0.96578 
v -32.3407 0.238169 -0.932382 
v -32.3741 0.240937 -0.965781 
v -32.3407 0.238169 -0.0657009 
v -32.3407 1.17471 -0.0657007 
v -32.684 1.63067 -0.0755264 
v -32.8435 1.6551 -0.0755264 
v -32.8435 1.62129 -0.0428851 
v -32.6945 1.59851 -0.0428851 
v -32.7049 1.56635 -0.0102437 
v -32.5846 1.50503 -0.0102438 
v -32.5647 1.53239 -0.0428851 
v -32.6945 1.59851 -0.0428851 
v -32.489 1.40952 -0.0102438 
v -32.4617 1.4294 -0.0428851 
v -32.4276 1.2889 -0.0102437 
v -32.3955 1.29949 -0.042885 
v -32.4075 1.16917 0.00109661 
v -32.3741 1.17194 -0.032302 
v -33.3184 1.30999 -0.0755264 
v -33.341 1.17463 -0.0657007 
v -33.3076 1.17186 -0.0323021 
v -33.2863 1.29941 -0.042885 
v -33.2542 1.28884 -0.0102437 
v -33.1928 1.40946 -0.0102438 
v -33.2201 1.42933 -0.0428851 
v -33.0972 1.50499 -0.0102438 
v -33.1171 1.53235 -0.0428851 
v -32.9769 1.56633 -0.0102438 
v -32.9873 1.59849 -0.0428851 
v -32.8435 1.58747 -0.0102438 
v -32.8435 1.62129 -0.0428851 
v -32.4075 1.16917 0.00109661 
v -32.4075 0.243704 0.00109637 
v -32.3741 0.240937 -0.0323023 
v -33.2741 0.243632 0.00109637 
v -33.2742 1.16909 0.00109649 
v -33.3075 0.240859 -0.0323023 
v -32.4343 1.44928 -0.0755264 
v -33.2475 1.44921 -0.0755264 
v -33.137 1.5597 -0.0755264 
v -32.4075 1.16917 0.00109661 
v -32.8434 1.17467 0.00109661 
v -32.8434 0.238128 0.00109637 
v -32.4075 0.243704 0.00109637 
v -33.2741 0.243632 0.00109637 
v -33.2742 1.16909 0.00109649 
v -32.7049 1.56635 -0.0102437 
v -32.8434 1.17467 0.00109661 
v -32.5846 1.50503 -0.0102438 
v -32.489 1.40952 -0.0102438 
v -32.4276 1.2889 -0.0102437 
v -33.2742 1.16909 0.00109649 
v -33.2542 1.28884 -0.0102437 
v -33.1928 1.40946 -0.0102438 
v -33.0972 1.50499 -0.0102438 
v -32.9769 1.56633 -0.0102438 
v -32.8435 1.58747 -0.0102438 
v -33.2953 0.165456 -0.105402 
v -33.2741 0.243632 0.00109637 
v -33.2346 0.170494 -0.0447241 
v -32.8433 0.165494 -0.0447241 
v -32.8434 0.238128 0.00109637 
v -32.8434 0.238128 0.00109637 
v -32.8433 0.165494 -0.0447241 
v -32.4469 0.17056 -0.0447241 
v -32.4075 0.243704 0.00109637 
v -32.3862 0.165531 -0.105402 
v -33.2356 0.165461 -0.105402 
v -32.8435 1.62129 -0.0428851 
v -32.8435 1.58747 -0.0102438 
v -32.5647 1.53239 -0.0428851 
v -32.5448 1.55975 -0.0755264 
v -32.4617 1.4294 -0.0428851 
v -32.4343 1.44928 -0.0755264 
v -32.3955 1.29949 -0.042885 
v -32.3634 1.31007 -0.0755264 
v -32.3741 1.17194 -0.032302 
v -32.3407 1.17471 -0.0657007 
v -33.2475 1.44921 -0.0755264 
v -33.137 1.5597 -0.0755264 
v -32.9978 1.63065 -0.0755264 
v -32.8435 1.6551 -0.0755264 
v -33.3409 0.238086 -0.0657009 
v -33.2475 1.44921 -0.922556 
v -32.3741 0.240937 -0.965781 
v -33.3075 0.240859 -0.965781 
v -33.3075 0.240859 -0.0323023 
v -32.8434 0.238127 -0.999179 
v -32.8434 1.17467 -0.999179 
v -32.8434 0.238128 0.00109637 
v -33.3409 0.238086 -0.932382 
v -33.1928 1.40946 -0.987839 
v -32.445 0.165527 -0.105402 
v -33.2355 0.16579 -0.892603 
v -32.4468 0.170193 -0.891576 
v -33.2346 0.170494 -0.953359 
v -33.2741 0.243632 -0.999179 
v -33.2346 0.170494 -0.953359 
v -33.265 0.167975 -0.92302 
v -33.3075 0.240859 -0.965781 
v -33.2953 0.165456 -0.892681 
v -33.2953 0.165456 -0.105402 
v -33.3409 0.238086 -0.0657009 
v -33.2953 0.165456 -0.105402 
v -33.265 0.167975 -0.0750629 
v -33.3075 0.240859 -0.0323023 
v -33.2346 0.170494 -0.0447241 
v -32.4075 0.243704 0.00109637 
v -32.4469 0.17056 -0.0447241 
v -32.4166 0.168045 -0.0750629 
v -32.3741 0.240937 -0.0323023 
v -32.3862 0.165531 -0.105402 
v -32.3407 0.238169 -0.932382 
v -32.3862 0.165531 -0.892681 
v -32.4166 0.168045 -0.92302 
v -32.3741 0.240937 -0.965781 
v -32.8433 0.165494 -0.0447241 
v -33.2356 0.165461 -0.105402 
v -32.445 0.165527 -0.105402 
v -32.4468 0.170193 -0.891576 
v -32.3862 0.165531 -0.892681 
v -32.3862 0.165531 -0.105402 
v -32.445 0.165527 -0.105402 
v -32.445 0.165527 -0.105402 
v -32.3862 0.165531 -0.105402 
v -32.4166 0.168045 -0.0750629 
v -32.4469 0.17056 -0.953359 
v -32.4468 0.170193 -0.891576 
v -32.8433 0.165494 -0.953359 
v -32.4469 0.17056 -0.953359 
v -32.4166 0.168045 -0.92302 
v -32.4468 0.170193 -0.891576 
v -33.2356 0.165461 -0.105402 
v -33.2346 0.170494 -0.0447241 
v -33.265 0.167975 -0.0750629 
v -33.2953 0.165456 -0.892681 
v -33.2355 0.16579 -0.892603 
v -33.2356 0.165461 -0.105402 
v -33.2953 0.165456 -0.105402 
v -33.2355 0.16579 -0.892603 
v -33.2953 0.165456 -0.892681 
v -33.265 0.167975 -0.92302 
v -32.8433 0.165494 -0.0447241 
v -32.445 0.165527 -0.105402 
v -32.4469 0.17056 -0.0447241 
v -33.2346 0.170494 -0.0447241 
v -33.2356 0.165461 -0.105402 
v -32.8433 0.165494 -0.0447241 
v -32.8433 0.165494 -0.953359 
v -33.2355 0.16579 -0.892603 
v -33.2346 0.170494 -0.953359 
v -32.8433 0.165494 -0.953359 
v -32.4468 0.170193 -0.891576 
v -33.2355 0.16579 -0.892603 
v -33.2356 0.165461 -0.105402 
v -33.2355 0.16579 -0.892603 
v -32.445 0.165527 -0.105402 
v -33.265 0.167975 -0.92302 
v -33.2953 0.165456 -0.892681 
v -33.3409 0.238086 -0.932382 
v -33.3075 0.240859 -0.965781 
v -32.4166 0.168045 -0.92302 
v -32.4469 0.17056 -0.953359 
v -32.4075 0.243704 -0.999179 
v -32.3741 0.240937 -0.965781 
v -32.4166 0.168045 -0.92302 
v -32.3862 0.165531 -0.892681 
v -32.4468 0.170193 -0.891576 
v -33.265 0.167975 -0.92302 
v -33.2346 0.170494 -0.953359 
v -33.2355 0.16579 -0.892603 
v -33.265 0.167975 -0.0750629 
v -33.2346 0.170494 -0.0447241 
v -33.2741 0.243632 0.00109637 
v -33.3075 0.240859 -0.0323023 
v -32.4166 0.168045 -0.0750629 
v -32.3862 0.165531 -0.105402 
v -32.3407 0.238169 -0.0657009 
v -32.3741 0.240937 -0.0323023 
v -33.265 0.167975 -0.0750629 
v -33.2953 0.165456 -0.105402 
v -33.2356 0.165461 -0.105402 
v -32.4166 0.168045 -0.0750629 
v -32.4469 0.17056 -0.0447241 
v -32.445 0.165527 -0.105402 
v -33.2475 1.44921 -0.922556 
v -33.2863 1.29941 -0.955197 
v -33.2742 1.16909 -0.999179 
v -33.3076 1.17186 -0.96578 
v -33.137 1.5597 -0.922556 
v -33.1171 1.53235 -0.955197 
v -33.3184 1.30999 -0.0755264 
v -33.3076 1.17186 -0.0323021 
v -33.2863 1.29941 -0.042885 
v -33.1928 1.40946 -0.0102438 
v -33.2741 0.243632 -0.999179 
v -33.3075 0.240859 -0.965781 
v -33.2741 0.243632 0.00109637 
v -33.3075 0.240859 -0.0323023 
v -33.3184 1.30999 -0.922556 
v -33.3184 1.30999 -0.0755264 
v -33.2475 1.44921 -0.0755264 
v -33.2475 1.44921 -0.922556 
v -33.137 1.5597 -0.0755264 
v -33.137 1.5597 -0.922556 
v -33.3409 0.238086 -0.932382 
v -33.3409 0.238086 -0.0657009 
v -33.341 1.17463 -0.0657007 
v -33.341 1.17463 -0.932382 
v -33.3409 0.238086 -0.932382 
v -33.2953 0.165456 -0.892681 
v -33.2953 0.165456 -0.105402 
v -33.3409 0.238086 -0.0657009 
v -33.341 1.17463 -0.932382 
v -33.3409 0.238086 -0.932382 
v -33.3409 0.238086 -0.0657009 

vn 0.212598 0.661417 -0.716535 
vn 0.409449 0.559055 -0.716535 
vn 0.409449 0.559055 -0.716535 
vn 0.212598 0.661417 -0.716535 
vn 0.212598 0.661417 -0.716535 
vn 0 0.692913 -0.716535 
vn 0 0.692913 -0.716535 
vn 0.212598 0.661417 -0.716535 
vn 0.559055 0.409449 -0.716535 
vn 0.559055 0.409449 -0.716535 
vn 0.653543 0.244094 -0.716535 
vn 0.653543 0.244094 -0.716535 
vn 0.700787 0.0866142 -0.708661 
vn 0.700787 0.0866142 -0.708661 
vn -0.653543 0.244094 -0.716535 
vn -0.559055 0.409449 -0.716535 
vn -0.559055 0.409449 -0.716535 
vn -0.653543 0.244094 -0.716535 
vn -0.653543 0.244094 -0.716535 
vn -0.700787 0.0866142 -0.708661 
vn -0.700787 0.0866142 -0.708661 
vn -0.409449 0.559055 -0.716535 
vn -0.409449 0.559055 -0.716535 
vn -0.212598 0.661417 -0.716535 
vn -0.212598 0.661417 -0.716535 
vn 0 0.692913 -0.716535 
vn 0 0.692913 -0.716535 
vn 0.708661 0 -0.708661 
vn 0.700787 0.0866142 -0.708661 
vn 0.708661 0 -0.708661 
vn -0.708661 0 -0.708661 
vn 0 0 -1 
vn 0 0 -1 
vn 0 0.015748 -1 
vn 0 0.0472441 -1 
vn 0 0.0472441 -1 
vn 0 0 -1 
vn -1 0 0 
vn 0.015748 0.023622 -1 
vn 0.00787402 0.023622 -1 
vn 0.023622 0.015748 -1 
vn 0.015748 0.0551181 -1 
vn -0.015748 0.0551181 -1 
vn -0.023622 0.015748 -1 
vn -0.015748 0.023622 -1 
vn -0.00787402 0.023622 -1 
vn 0 0.0314961 -1 
vn 0.00787402 -0.535433 -0.84252 
vn 0.00787402 -0.535433 -0.84252 
vn 0.00787402 -0.535433 -0.84252 
vn 0.00787402 -0.535433 -0.84252 
vn -0.00787402 -0.535433 -0.84252 
vn -0.00787402 -0.535433 -0.84252 
vn -0.00787402 -0.535433 -0.84252 
vn -0.00787402 -0.535433 -0.84252 
vn -0.850394 -0.535433 0 
vn 0.409449 0.559055 -0.716535 
vn 0.409449 0.559055 -0.716535 
vn 0 0.692913 -0.716535 
vn 0 0.692913 -0.716535 
vn 0.559055 0.409449 -0.716535 
vn 0.559055 0.409449 -0.716535 
vn 0.653543 0.244094 -0.716535 
vn 0.653543 0.244094 -0.716535 
vn 0.700787 0.0866142 -0.708661 
vn 0.700787 0.0866142 -0.708661 
vn -0.559055 0.409449 -0.716535 
vn -0.700787 0.0866142 -0.708661 
vn -0.409449 0.559055 -0.716535 
vn -0.212598 0.661417 -0.716535 
vn 0 0.692913 -0.716535 
vn 0.212598 0.661417 -0.716535 
vn 0.409449 0.559055 -0.716535 
vn 0 0.692913 -0.716535 
vn 0.559055 0.409449 -0.716535 
vn 0.559055 0.409449 -0.716535 
vn -0.559055 0.409449 -0.716535 
vn -0.409449 0.559055 -0.716535 
vn -0.409449 0.559055 -0.716535 
vn -0.212598 0.661417 -0.716535 
vn -0.212598 0.661417 -0.716535 
vn 0.212598 0.661417 0.716535 
vn 0 0.692913 0.716535 
vn 0 0.692913 0.716535 
vn 0.409449 0.559055 0.716535 
vn 0.559055 0.409449 0.716535 
vn -0.212598 0.661417 0.716535 
vn 0.307087 0.952756 0 
vn 0.307087 0.952756 0 
vn 0.590551 0.811024 0 
vn 0.590551 0.811024 0 
vn 0.811024 0.590551 0 
vn 0.811024 0.590551 0 
vn -0.811024 0.590551 0 
vn -0.590551 0.811024 0 
vn -0.590551 0.811024 0 
vn -0.307087 0.952756 0 
vn -0.307087 0.952756 0 
vn 0 1 0 
vn 0 1 0 
vn 0 1 0 
vn 0 1 0 
vn 0.559055 0.409449 -0.716535 
vn 0.559055 0.409449 -0.716535 
vn 0.653543 0.244094 -0.716535 
vn 0.700787 0.0866142 -0.708661 
vn 0.700787 0.0866142 -0.708661 
vn 0.559055 0.409449 0.716535 
vn 0.653543 0.244094 0.716535 
vn 0.700787 0.0866142 0.708661 
vn 0.708661 0 -0.708661 
vn 0.700787 0.0866142 -0.708661 
vn 0.700787 0.0866142 -0.708661 
vn 0.708661 0 -0.708661 
vn 0.700787 0.0866142 0.708661 
vn 0.708661 0 0.708661 
vn 0.700787 0.0866142 0.708661 
vn 0.811024 0.590551 0 
vn 0.811024 0.590551 0 
vn 0.952756 0.307087 0 
vn 0.952756 0.307087 0 
vn 1 0.0787402 0 
vn 1 0.0787402 0 
vn 1 0 0 
vn 1 0 0 
vn 1 0.0787402 0 
vn 0.850394 -0.527559 0 
vn 0.850394 -0.527559 0 
vn 0.850394 -0.527559 0 
vn 0.850394 -0.527559 0 
vn 0.700787 0.0866142 -0.708661 
vn 0.708661 0 -0.708661 
vn 0.708661 0 -0.708661 
vn 0.708661 0 0.708661 
vn 0.700787 0.0866142 0.708661 
vn 0.212598 0.661417 0.716535 
vn 0 0.692913 0.716535 
vn 0 0.692913 0.716535 
vn 0.212598 0.661417 0.716535 
vn 0.212598 0.661417 0.716535 
vn 0.409449 0.559055 0.716535 
vn 0.409449 0.559055 0.716535 
vn 0.212598 0.661417 0.716535 
vn 0.559055 0.409449 0.716535 
vn 0.559055 0.409449 0.716535 
vn 0.653543 0.244094 0.716535 
vn 0.653543 0.244094 0.716535 
vn 0.700787 0.0866142 0.708661 
vn 0.700787 0.0866142 0.708661 
vn -0.653543 0.244094 0.716535 
vn -0.700787 0.0866142 0.708661 
vn -0.700787 0.0866142 0.708661 
vn -0.653543 0.244094 0.716535 
vn -0.653543 0.244094 0.716535 
vn -0.559055 0.409449 0.716535 
vn -0.559055 0.409449 0.716535 
vn -0.409449 0.559055 0.716535 
vn -0.409449 0.559055 0.716535 
vn -0.212598 0.661417 0.716535 
vn -0.212598 0.661417 0.716535 
vn 0 0.692913 0.716535 
vn 0 0.692913 0.716535 
vn 0.700787 0.0866142 0.708661 
vn 0.708661 0 0.708661 
vn 0.708661 0 0.708661 
vn -0.708661 0 0.708661 
vn -0.700787 0.0866142 0.708661 
vn -0.708661 0 0.708661 
vn 0.811024 0.590551 0 
vn -0.811024 0.590551 0 
vn -0.590551 0.811024 0 
vn 0 0.0472441 1 
vn 0 0.015748 1 
vn 0 0 1 
vn 0 0 1 
vn 0 0 1 
vn 0 0.0472441 1 
vn 0.00787402 0.023622 1 
vn 0 0.015748 1 
vn 0.015748 0.023622 1 
vn 0.023622 0.015748 1 
vn 0.015748 0.0551181 1 
vn 0 0.0472441 1 
vn -0.015748 0.0551181 1 
vn -0.023622 0.015748 1 
vn -0.015748 0.023622 1 
vn -0.00787402 0.023622 1 
vn 0 0.0314961 1 
vn -0.850394 -0.535433 0 
vn -0.00787402 -0.535433 0.84252 
vn -0.00787402 -0.535433 0.84252 
vn -0.00787402 -0.535433 0.84252 
vn -0.00787402 -0.535433 0.84252 
vn 0.00787402 -0.535433 0.84252 
vn 0.00787402 -0.535433 0.84252 
vn 0.00787402 -0.535433 0.84252 
vn 0.00787402 -0.535433 0.84252 
vn 0.850394 -0.527559 0 
vn 0 -1 0 
vn 0 0.692913 0.716535 
vn 0 0.692913 0.716535 
vn 0.409449 0.559055 0.716535 
vn 0.409449 0.559055 0.716535 
vn 0.559055 0.409449 0.716535 
vn 0.559055 0.409449 0.716535 
vn 0.653543 0.244094 0.716535 
vn 0.653543 0.244094 0.716535 
vn 0.700787 0.0866142 0.708661 
vn 0.700787 0.0866142 0.708661 
vn -0.559055 0.409449 0.716535 
vn -0.409449 0.559055 0.716535 
vn -0.212598 0.661417 0.716535 
vn 0 0.692913 0.716535 
vn -0.708661 0 0.708661 
vn -0.559055 0.409449 -0.716535 
vn 0.708661 0 -0.708661 
vn -0.708661 0 -0.708661 
vn -0.708661 0 0.708661 
vn 0 0 -1 
vn 0 0.015748 -1 
vn 0 0 1 
vn -1 0 0 
vn -0.023622 0.015748 -1 
vn 0.00787402 -1 -0.00787402 
vn 0.00787402 -1 -0.00787402 
vn 0.00787402 -1 -0.00787402 
vn -0.00787402 -0.535433 -0.84252 
vn -0.519685 -0.637795 -0.566929 
vn -0.519685 -0.637795 -0.566929 
vn -0.519685 -0.637795 -0.566929 
vn -0.519685 -0.637795 -0.566929 
vn -0.850394 -0.535433 0 
vn -0.850394 -0.535433 0 
vn -0.519685 -0.637795 0.566929 
vn -0.519685 -0.637795 0.566929 
vn -0.519685 -0.637795 0.566929 
vn -0.519685 -0.637795 0.566929 
vn -0.00787402 -0.535433 0.84252 
vn 0.519685 -0.637795 0.566929 
vn 0.519685 -0.637795 0.566929 
vn 0.519685 -0.637795 0.566929 
vn 0.519685 -0.637795 0.566929 
vn 0.850394 -0.527559 0 
vn 0.519685 -0.637795 -0.566929 
vn 0.519685 -0.637795 -0.566929 
vn 0.519685 -0.637795 -0.566929 
vn 0.519685 -0.637795 -0.566929 
vn 0 -1 0 
vn 0 -1 0 
vn 0 -1 0 
vn -0.0393701 -1 0 
vn -0.0393701 -1 0 
vn -0.0393701 -1 0 
vn -0.0393701 -1 0 
vn 0 -1 0.0787402 
vn 0 -1 0.0787402 
vn 0 -1 0.0787402 
vn 0.015748 -1 -0.00787402 
vn 0.015748 -1 -0.00787402 
vn 0.015748 -1 -0.00787402 
vn -0.0787402 -1 -0.00787402 
vn -0.0787402 -1 -0.00787402 
vn -0.0787402 -1 -0.00787402 
vn 0 -1 0.0787402 
vn 0 -1 0.0787402 
vn 0 -1 0.0787402 
vn 0 -1 0 
vn 0 -1 0 
vn 0 -1 0 
vn 0 -1 0 
vn 0.00787402 -1 -0.0787402 
vn 0.00787402 -1 -0.0787402 
vn 0.00787402 -1 -0.0787402 
vn 0.015748 -1 0.0787402 
vn 0.015748 -1 0.0787402 
vn 0.015748 -1 0.0787402 
vn -0.015748 -1 0.0787402 
vn -0.015748 -1 0.0787402 
vn -0.015748 -1 0.0787402 
vn -0.015748 -1 -0.0787402 
vn -0.015748 -1 -0.0787402 
vn -0.015748 -1 -0.0787402 
vn 0.00787402 -1 0.0393701 
vn 0.00787402 -1 0.0393701 
vn 0.00787402 -1 0.0393701 
vn 0 -1 0 
vn 0 -1 0 
vn 0 -1 0 
vn -0.519685 -0.637795 -0.566929 
vn -0.519685 -0.637795 -0.566929 
vn -0.519685 -0.637795 -0.566929 
vn -0.519685 -0.637795 -0.566929 
vn 0.519685 -0.637795 -0.566929 
vn 0.519685 -0.637795 -0.566929 
vn 0.519685 -0.637795 -0.566929 
vn 0.519685 -0.637795 -0.566929 
vn -0.0787402 -1 -0.00787402 
vn -0.0787402 -1 -0.00787402 
vn -0.0787402 -1 -0.00787402 
vn 0.00787402 -1 -0.0787402 
vn 0.00787402 -1 -0.0787402 
vn 0.00787402 -1 -0.0787402 
vn -0.519685 -0.637795 0.566929 
vn -0.519685 -0.637795 0.566929 
vn -0.519685 -0.637795 0.566929 
vn -0.519685 -0.637795 0.566929 
vn 0.519685 -0.637795 0.566929 
vn 0.519685 -0.637795 0.566929 
vn 0.519685 -0.637795 0.566929 
vn 0.519685 -0.637795 0.566929 
vn 0 -1 0.0787402 
vn 0 -1 0.0787402 
vn 0 -1 0.0787402 
vn 0 -1 0.0787402 
vn 0 -1 0.0787402 
vn 0 -1 0.0787402 
vn -0.559055 0.409449 -0.716535 
vn -0.653543 0.244094 -0.716535 
vn -0.700787 0.0866142 -0.708661 
vn -0.700787 0.0866142 -0.708661 
vn -0.409449 0.559055 -0.716535 
vn -0.409449 0.559055 -0.716535 
vn -0.653543 0.244094 0.716535 
vn -0.700787 0.0866142 0.708661 
vn -0.653543 0.244094 0.716535 
vn -0.559055 0.409449 0.716535 
vn -0.708661 0 -0.708661 
vn -0.708661 0 -0.708661 
vn -0.708661 0 0.708661 
vn -0.708661 0 0.708661 
vn -0.952756 0.307087 0 
vn -0.952756 0.307087 0 
vn -0.811024 0.590551 0 
vn -0.811024 0.590551 0 
vn -0.590551 0.811024 0 
vn -0.590551 0.811024 0 
vn -1 0 0 
vn -1 0 0 
vn -1 0.0787402 0 
vn -1 0.0787402 0 
vn -0.850394 -0.535433 0 
vn -0.850394 -0.535433 0 
vn -0.850394 -0.535433 0 
vn -0.850394 -0.535433 0 
vn -0.700787 0.0866142 -0.708661 
vn -0.708661 0 -0.708661 
vn -0.708661 0 0.708661 

vt 0.500272 1.55242 
vt 0.482869 1.54356 
vt 0.485353 1.54014 
vt 0.501578 1.5484 
vt 0.502884 1.54438 
vt 0.520202 1.54702 
vt 0.520202 1.55125 
vt 0.501578 1.5484 
vt 0.469058 1.52975 
vt 0.472477 1.52726 
vt 0.460189 1.51235 
vt 0.464201 1.51103 
vt 0.457362 1.49543 
vt 0.461537 1.49508 
vt 0.579568 1.51234 
vt 0.570703 1.52974 
vt 0.567283 1.52726 
vt 0.575556 1.51102 
vt 0.571545 1.50969 
vt 0.574043 1.49473 
vt 0.578218 1.49507 
vt 0.556894 1.54355 
vt 0.554409 1.54013 
vt 0.539492 1.55242 
vt 0.538186 1.5484 
vt 0.520202 1.55548 
vt 0.520202 1.55125 
vt 0.465702 1.37905 
vt 0.461537 1.49508 
vt 0.461527 1.37871 
vt 0.578209 1.3787 
vt 0.465702 1.37905 
vt 0.520188 1.37836 
vt 0.520197 1.49542 
vt 0.465711 1.49474 
vt 0.574043 1.49473 
vt 0.574034 1.37904 
vt 0.582383 1.37835 
vt 0.487838 1.53672 
vt 0.502884 1.54438 
vt 0.475896 1.52478 
vt 0.468213 1.5097 
vt 0.571545 1.50969 
vt 0.563863 1.52477 
vt 0.551924 1.53671 
vt 0.536879 1.54438 
vt 0.520202 1.54702 
vt 0.465702 1.37905 
vt 0.470634 1.36991 
vt 0.520187 1.36928 
vt 0.520188 1.37836 
vt 0.520188 1.37836 
vt 0.520187 1.36928 
vt 0.5691 1.3699 
vt 0.574034 1.37904 
vt 0.576685 1.36927 
vt 0.485353 1.54014 
vt 0.487838 1.53672 
vt 0.520202 1.55125 
vt 0.520202 1.55548 
vt 0.472477 1.52726 
vt 0.475896 1.52478 
vt 0.464201 1.51103 
vt 0.468213 1.5097 
vt 0.461537 1.49508 
vt 0.465711 1.49474 
vt 0.563863 1.52477 
vt 0.582393 1.49542 
vt 0.551924 1.53671 
vt 0.536879 1.54438 
vt 0.520202 1.54702 
vt 0.466933 1.48197 
vt 0.462853 1.49689 
vt 0.462853 1.46204 
vt 0.466933 1.51319 
vt 0.462853 1.50977 
vt 0.466933 1.41154 
vt 0.466933 1.42535 
vt 0.462853 1.42784 
vt 0.466933 1.44275 
vt 0.462853 1.44406 
vt 0.572812 1.48197 
vt 0.572812 1.46204 
vt 0.576892 1.46204 
vt 0.576892 1.49689 
vt 0.576892 1.50977 
vt 0.576892 1.44406 
vt 0.466933 1.48197 
vt 0.572812 1.48197 
vt 0.572812 1.49938 
vt 0.466933 1.49938 
vt 0.572812 1.51319 
vt 0.466933 1.51319 
vt 0.572812 1.41154 
vt 0.572812 1.42535 
vt 0.466933 1.42535 
vt 0.572812 1.44275 
vt 0.466933 1.44275 
vt 0.572812 1.46204 
vt 0.466933 1.46204 
vt 0.466933 1.46204 
vt 0.572812 1.46204 
vt 0.572812 1.52975 
vt 0.576892 1.52726 
vt 0.576892 1.51103 
vt 0.57404 1.49543 
vt 0.578215 1.49508 
vt 0.462853 1.52726 
vt 0.462853 1.51103 
vt 0.46153 1.49508 
vt 0.58239 1.37905 
vt 0.58239 1.49474 
vt 0.578215 1.49508 
vt 0.578215 1.37871 
vt 0.457355 1.49474 
vt 0.46153 1.37871 
vt 0.46153 1.49508 
vt 0.466933 1.52975 
vt 0.572812 1.52975 
vt 0.466933 1.51235 
vt 0.572812 1.51235 
vt 0.57404 1.49543 
vt 0.465705 1.49543 
vt 0.465705 1.37836 
vt 0.57404 1.37836 
vt 0.465705 1.49543 
vt 0.465705 1.37836 
vt 0.470668 1.36928 
vt 0.569078 1.36928 
vt 0.57404 1.37836 
vt 0.578215 1.49508 
vt 0.57404 1.37836 
vt 0.578215 1.37871 
vt 0.465705 1.37836 
vt 0.465705 1.49543 
vt 0.539473 1.55242 
vt 0.519543 1.55548 
vt 0.519543 1.55125 
vt 0.538167 1.5484 
vt 0.536862 1.54438 
vt 0.551908 1.53672 
vt 0.554392 1.54014 
vt 0.538167 1.5484 
vt 0.563849 1.52478 
vt 0.567268 1.52726 
vt 0.571532 1.5097 
vt 0.575544 1.51103 
vt 0.574034 1.49474 
vt 0.578209 1.49508 
vt 0.460177 1.51234 
vt 0.457352 1.49542 
vt 0.461527 1.49507 
vt 0.464189 1.51102 
vt 0.468201 1.50969 
vt 0.475882 1.52477 
vt 0.472462 1.52726 
vt 0.487821 1.53671 
vt 0.485336 1.54013 
vt 0.502866 1.54438 
vt 0.501559 1.5484 
vt 0.519543 1.54702 
vt 0.519543 1.55125 
vt 0.574034 1.49474 
vt 0.574043 1.37905 
vt 0.578218 1.37871 
vt 0.465711 1.37904 
vt 0.465702 1.49473 
vt 0.461537 1.3787 
vt 0.570688 1.52975 
vt 0.469042 1.52974 
vt 0.482851 1.54355 
vt 0.574034 1.49474 
vt 0.519548 1.49542 
vt 0.519558 1.37836 
vt 0.574043 1.37905 
vt 0.465711 1.37904 
vt 0.465702 1.49473 
vt 0.536862 1.54438 
vt 0.519548 1.49542 
vt 0.551908 1.53672 
vt 0.563849 1.52478 
vt 0.571532 1.5097 
vt 0.465702 1.49473 
vt 0.468201 1.50969 
vt 0.475882 1.52477 
vt 0.487821 1.53671 
vt 0.502866 1.54438 
vt 0.519543 1.54702 
vt 0.463061 1.36927 
vt 0.465711 1.37904 
vt 0.470645 1.3699 
vt 0.519558 1.36928 
vt 0.519558 1.37836 
vt 0.519558 1.37836 
vt 0.519558 1.36928 
vt 0.569111 1.36991 
vt 0.574043 1.37905 
vt 0.576696 1.36928 
vt 0.470527 1.36927 
vt 0.519543 1.55125 
vt 0.519543 1.54702 
vt 0.554392 1.54014 
vt 0.556876 1.54356 
vt 0.567268 1.52726 
vt 0.570688 1.52975 
vt 0.575544 1.51103 
vt 0.579556 1.51235 
vt 0.578209 1.49508 
vt 0.582383 1.49543 
vt 0.469042 1.52974 
vt 0.482851 1.54355 
vt 0.500253 1.55242 
vt 0.519543 1.55548 
vt 0.457362 1.37835 
vt 0.572812 1.41154 
vt 0.578215 1.52072 
vt 0.578215 1.40404 
vt 0.46153 1.40404 
vt 0.58239 1.46206 
vt 0.58239 1.46205 
vt 0.457355 1.46206 
vt 0.57404 1.39986 
vt 0.580972 1.41838 
vt 0.470668 1.51185 
vt 0.569068 1.41304 
vt 0.568939 1.51163 
vt 0.576662 1.41315 
vt 0.58239 1.40821 
vt 0.576662 1.41315 
vt 0.57287 1.40935 
vt 0.578215 1.40404 
vt 0.569078 1.40556 
vt 0.470668 1.40556 
vt 0.465705 1.39986 
vt 0.470668 1.40556 
vt 0.466875 1.40935 
vt 0.46153 1.40404 
vt 0.463083 1.41315 
vt 0.457355 1.51655 
vt 0.463083 1.51161 
vt 0.466875 1.51541 
vt 0.46153 1.52072 
vt 0.470668 1.5192 
vt 0.57404 1.52489 
vt 0.569078 1.5192 
vt 0.57287 1.51541 
vt 0.578215 1.52072 
vt 0.463083 1.46206 
vt 0.470668 1.41303 
vt 0.470668 1.51185 
vt 0.568939 1.51163 
vt 0.569078 1.5192 
vt 0.470668 1.5192 
vt 0.470668 1.51185 
vt 0.470668 1.51185 
vt 0.470668 1.5192 
vt 0.466875 1.51541 
vt 0.576662 1.51161 
vt 0.568939 1.51163 
vt 0.576662 1.46206 
vt 0.576662 1.51161 
vt 0.57287 1.51541 
vt 0.568939 1.51163 
vt 0.470668 1.41303 
vt 0.463083 1.41315 
vt 0.466875 1.40935 
vt 0.569078 1.40556 
vt 0.569068 1.41304 
vt 0.470668 1.41303 
vt 0.470668 1.40556 
vt 0.569068 1.41304 
vt 0.569078 1.40556 
vt 0.57287 1.40935 
vt 0.463083 1.46206 
vt 0.470668 1.51185 
vt 0.463083 1.51161 
vt 0.463083 1.41315 
vt 0.470668 1.41303 
vt 0.463083 1.46206 
vt 0.576662 1.46206 
vt 0.569068 1.41304 
vt 0.576662 1.41315 
vt 0.576662 1.46206 
vt 0.568939 1.51163 
vt 0.569068 1.41304 
vt 0.470668 1.41303 
vt 0.569068 1.41304 
vt 0.470668 1.51185 
vt 0.57287 1.40935 
vt 0.569078 1.40556 
vt 0.57404 1.39986 
vt 0.578215 1.40404 
vt 0.57287 1.51541 
vt 0.576662 1.51161 
vt 0.58239 1.51655 
vt 0.578215 1.52072 
vt 0.57287 1.51541 
vt 0.569078 1.5192 
vt 0.568939 1.51163 
vt 0.57287 1.40935 
vt 0.576662 1.41315 
vt 0.569068 1.41304 
vt 0.466875 1.40935 
vt 0.463083 1.41315 
vt 0.457355 1.40821 
vt 0.46153 1.40404 
vt 0.466875 1.51541 
vt 0.470668 1.5192 
vt 0.465705 1.52489 
vt 0.46153 1.52072 
vt 0.466875 1.40935 
vt 0.470668 1.40556 
vt 0.470668 1.41303 
vt 0.466875 1.51541 
vt 0.463083 1.51161 
vt 0.470668 1.51185 
vt 0.466933 1.52974 
vt 0.462853 1.51102 
vt 0.457355 1.49473 
vt 0.46153 1.49507 
vt 0.466933 1.54355 
vt 0.462853 1.54013 
vt 0.572812 1.51234 
vt 0.578215 1.49507 
vt 0.576892 1.51102 
vt 0.580972 1.52477 
vt 0.457355 1.37904 
vt 0.46153 1.3787 
vt 0.58239 1.37904 
vt 0.578215 1.3787 
vt 0.466933 1.51234 
vt 0.572812 1.51234 
vt 0.572812 1.52974 
vt 0.466933 1.52974 
vt 0.572812 1.54355 
vt 0.466933 1.54355 
vt 0.465705 1.37835 
vt 0.57404 1.37835 
vt 0.57404 1.49542 
vt 0.465705 1.49542 
vt 0.465705 1.37835 
vt 0.470668 1.36927 
vt 0.569078 1.36927 
vt 0.57404 1.37835 
vt 0.465705 1.49542 
vt 0.465705 1.37835 
vt 0.57404 1.37835 

usemtl Union3Mtl

f 4902/4902/4902 4903/4903/4903 4904/4904/4904 
f 4902/4902/4902 4904/4904/4904 4905/4905/4905 
f 4906/4906/4906 4907/4907/4907 4908/4908/4908 
f 4906/4906/4906 4908/4908/4908 4909/4909/4909 
f 4903/4903/4903 4910/4910/4910 4911/4911/4911 
f 4903/4903/4903 4911/4911/4911 4904/4904/4904 
f 4910/4910/4910 4912/4912/4912 4913/4913/4913 
f 4910/4910/4910 4913/4913/4913 4911/4911/4911 
f 4912/4912/4912 4914/4914/4914 4915/4915/4915 
f 4912/4912/4912 4915/4915/4915 4913/4913/4913 
f 4916/4916/4916 4917/4917/4917 4918/4918/4918 
f 4916/4916/4916 4918/4918/4918 4919/4919/4919 
f 4920/4920/4920 4921/4921/4921 4922/4922/4922 
f 4920/4920/4920 4922/4922/4922 4919/4919/4919 
f 4917/4917/4917 4923/4923/4923 4924/4924/4924 
f 4917/4917/4917 4924/4924/4924 4918/4918/4918 
f 4923/4923/4923 4925/4925/4925 4926/4926/4926 
f 4923/4923/4923 4926/4926/4926 4924/4924/4924 
f 4925/4925/4925 4927/4927/4927 4928/4928/4928 
f 4925/4925/4925 4928/4928/4928 4926/4926/4926 
f 4929/4929/4929 4930/4930/4930 4931/4931/4931 
f 4921/4921/4921 4932/4932/4932 4922/4922/4922 
f 4933/4933/4933 4934/4934/4934 4935/4935/4935 
f 4933/4933/4933 4935/4935/4935 4936/4936/4936 
f 4937/4937/4937 4935/4935/4935 4934/4934/4934 
f 4937/4937/4937 4934/4934/4934 4938/4938/4938 
f 4940/4940/4940 4935/4935/4935 4941/4941/4941 
f 4942/4942/4942 4935/4935/4935 4940/4940/4940 
f 4943/4943/4943 4935/4935/4935 4942/4942/4942 
f 4936/4936/4936 4935/4935/4935 4943/4943/4943 
f 4944/4944/4944 4935/4935/4935 4937/4937/4937 
f 4945/4945/4945 4935/4935/4935 4944/4944/4944 
f 4946/4946/4946 4935/4935/4935 4945/4945/4945 
f 4947/4947/4947 4935/4935/4935 4946/4946/4946 
f 4948/4948/4948 4935/4935/4935 4947/4947/4947 
f 4941/4941/4941 4935/4935/4935 4948/4948/4948 
f 4949/4949/4949 4950/4950/4950 4951/4951/4951 
f 4949/4949/4949 4951/4951/4951 4952/4952/4952 
f 4953/4953/4953 4954/4954/4954 4955/4955/4955 
f 4953/4953/4953 4955/4955/4955 4956/4956/4956 
f 4958/4958/4958 4959/4959/4959 4906/4906/4906 
f 4958/4958/4958 4906/4906/4906 4909/4909/4909 
f 4960/4960/4960 4961/4961/4961 4902/4902/4902 
f 4960/4960/4960 4902/4902/4902 4905/4905/4905 
f 4962/4962/4962 4963/4963/4963 4959/4959/4959 
f 4962/4962/4962 4959/4959/4959 4958/4958/4958 
f 4964/4964/4964 4965/4965/4965 4963/4963/4963 
f 4964/4964/4964 4963/4963/4963 4962/4962/4962 
f 4966/4966/4966 4967/4967/4967 4965/4965/4965 
f 4966/4966/4966 4965/4965/4965 4964/4964/4964 
f 4918/4918/4918 4968/4968/4968 4920/4920/4920 
f 4918/4918/4918 4920/4920/4920 4919/4919/4919 
f 4922/4922/4922 4969/4969/4969 4916/4916/4916 
f 4922/4922/4922 4916/4916/4916 4919/4919/4919 
f 4924/4924/4924 4970/4970/4970 4968/4968/4968 
f 4924/4924/4924 4968/4968/4968 4918/4918/4918 
f 4926/4926/4926 4971/4971/4971 4970/4970/4970 
f 4926/4926/4926 4970/4970/4970 4924/4924/4924 
f 4928/4928/4928 4972/4972/4972 4971/4971/4971 
f 4928/4928/4928 4971/4971/4971 4926/4926/4926 
f 4932/4932/4932 4969/4969/4969 4922/4922/4922 
f 4989/4989/4989 4990/4990/4990 4991/4991/4991 
f 4989/4989/4989 4991/4991/4991 4992/4992/4992 
f 4992/4992/4992 4991/4991/4991 4993/4993/4993 
f 4992/4992/4992 4993/4993/4993 4994/4994/4994 
f 4997/4997/4997 4996/4996/4996 4998/4998/4998 
f 4997/4997/4997 4998/4998/4998 4999/4999/4999 
f 4999/4999/4999 4998/4998/4998 5000/5000/5000 
f 4999/4999/4999 5000/5000/5000 5001/5001/5001 
f 5002/5002/5002 5003/5003/5003 4990/4990/4990 
f 5002/5002/5002 4990/4990/4990 4989/4989/4989 
f 5012/5012/5012 5013/5013/5013 5014/5014/5014 
f 5016/5016/5016 5017/5017/5017 5018/5018/5018 
f 5020/5020/5020 5019/5019/5019 5021/5021/5021 
f 5020/5020/5020 5021/5021/5021 5022/5022/5022 
f 5023/5023/5023 5024/5024/5024 5025/5025/5025 
f 5023/5023/5023 5025/5025/5025 5026/5026/5026 
f 5022/5022/5022 5021/5021/5021 5027/5027/5027 
f 5022/5022/5022 5027/5027/5027 5023/5023/5023 
f 5028/5028/5028 5029/5029/5029 5030/5030/5030 
f 5028/5028/5028 5030/5030/5030 5031/5031/5031 
f 5032/5032/5032 5007/5007/5007 5033/5033/5033 
f 5032/5032/5032 5033/5033/5033 5034/5034/5034 
f 5017/5017/5017 5035/5035/5035 5036/5036/5036 
f 5017/5017/5017 5036/5036/5036 5018/5018/5018 
f 5037/5037/5037 5038/5038/5038 5039/5039/5039 
f 5037/5037/5037 5039/5039/5039 5040/5040/5040 
f 5041/5041/5041 5042/5042/5042 5043/5043/5043 
f 5041/5041/5041 5043/5043/5043 5044/5044/5044 
f 5042/5042/5042 5045/5045/5045 5046/5046/5046 
f 5042/5042/5042 5046/5046/5046 5043/5043/5043 
f 5045/5045/5045 5047/5047/5047 5048/5048/5048 
f 5045/5045/5045 5048/5048/5048 5046/5046/5046 
f 5047/5047/5047 5049/5049/5049 5050/5050/5050 
f 5047/5047/5047 5050/5050/5050 5048/5048/5048 
f 5051/5051/5051 5052/5052/5052 5053/5053/5053 
f 5051/5051/5051 5053/5053/5053 5054/5054/5054 
f 5055/5055/5055 5056/5056/5056 5057/5057/5057 
f 5055/5055/5055 5057/5057/5057 5054/5054/5054 
f 5056/5056/5056 5058/5058/5058 5059/5059/5059 
f 5056/5056/5056 5059/5059/5059 5057/5057/5057 
f 5058/5058/5058 5060/5060/5060 5061/5061/5061 
f 5058/5058/5058 5061/5061/5061 5059/5059/5059 
f 5060/5060/5060 5062/5062/5062 5063/5063/5063 
f 5060/5060/5060 5063/5063/5063 5061/5061/5061 
f 5064/5064/5064 5065/5065/5065 5066/5066/5066 
f 5067/5067/5067 5068/5068/5068 5053/5053/5053 
f 5073/5073/5073 5074/5074/5074 5075/5075/5075 
f 5073/5073/5073 5075/5075/5075 5076/5076/5076 
f 5077/5077/5077 5075/5075/5075 5074/5074/5074 
f 5077/5077/5077 5074/5074/5074 5078/5078/5078 
f 5079/5079/5079 5080/5080/5080 5081/5081/5081 
f 5081/5081/5081 5080/5080/5080 5082/5082/5082 
f 5082/5082/5082 5080/5080/5080 5083/5083/5083 
f 5083/5083/5083 5080/5080/5080 5073/5073/5073 
f 5084/5084/5084 5074/5074/5074 5085/5085/5085 
f 5085/5085/5085 5074/5074/5074 5086/5086/5086 
f 5086/5086/5086 5074/5074/5074 5087/5087/5087 
f 5087/5087/5087 5074/5074/5074 5088/5088/5088 
f 5088/5088/5088 5074/5074/5074 5089/5089/5089 
f 5089/5089/5089 5080/5080/5080 5079/5079/5079 
f 5091/5091/5091 5092/5092/5092 5093/5093/5093 
f 5091/5091/5091 5093/5093/5093 5094/5094/5094 
f 5095/5095/5095 5096/5096/5096 5097/5097/5097 
f 5095/5095/5095 5097/5097/5097 5098/5098/5098 
f 5101/5101/5101 5102/5102/5102 5041/5041/5041 
f 5101/5101/5101 5041/5041/5041 5044/5044/5044 
f 5103/5103/5103 5104/5104/5104 5037/5037/5037 
f 5103/5103/5103 5037/5037/5037 5040/5040/5040 
f 5105/5105/5105 5106/5106/5106 5104/5104/5104 
f 5105/5105/5105 5104/5104/5104 5103/5103/5103 
f 5107/5107/5107 5108/5108/5108 5106/5106/5106 
f 5107/5107/5107 5106/5106/5106 5105/5105/5105 
f 5109/5109/5109 5110/5110/5110 5108/5108/5108 
f 5109/5109/5109 5108/5108/5108 5107/5107/5107 
f 5053/5053/5053 5068/5068/5068 5055/5055/5055 
f 5053/5053/5053 5055/5055/5055 5054/5054/5054 
f 5057/5057/5057 5111/5111/5111 5051/5051/5051 
f 5057/5057/5057 5051/5051/5051 5054/5054/5054 
f 5059/5059/5059 5112/5112/5112 5111/5111/5111 
f 5059/5059/5059 5111/5111/5111 5057/5057/5057 
f 5061/5061/5061 5113/5113/5113 5112/5112/5112 
f 5061/5061/5061 5112/5112/5112 5059/5059/5059 
f 5063/5063/5063 5114/5114/5114 5113/5113/5113 
f 5063/5063/5063 5113/5113/5113 5061/5061/5061 
f 5053/5053/5053 5052/5052/5052 5115/5115/5115 
f 5125/5125/5125 5126/5126/5126 5127/5127/5127 
f 5129/5129/5129 5130/5130/5130 5131/5131/5131 
f 5129/5129/5129 5131/5131/5131 5132/5132/5132 
f 5135/5135/5135 5136/5136/5136 5137/5137/5137 
f 5135/5135/5135 5137/5137/5137 5138/5138/5138 
f 5140/5140/5140 5141/5141/5141 5142/5142/5142 
f 5140/5140/5140 5142/5142/5142 5143/5143/5143 
f 5145/5145/5145 5146/5146/5146 5147/5147/5147 
f 5145/5145/5145 5147/5147/5147 5148/5148/5148 
f 5149/5149/5149 5150/5150/5150 5151/5151/5151 
f 5152/5152/5152 5153/5153/5153 5154/5154/5154 
f 5152/5152/5152 5154/5154/5154 5155/5155/5155 
f 5156/5156/5156 5157/5157/5157 5158/5158/5158 
f 5159/5159/5159 5160/5160/5160 5161/5161/5161 
f 5162/5162/5162 5163/5163/5163 5164/5164/5164 
f 5165/5165/5165 5166/5166/5166 5167/5167/5167 
f 5168/5168/5168 5169/5169/5169 5170/5170/5170 
f 5168/5168/5168 5170/5170/5170 5171/5171/5171 
f 5172/5172/5172 5173/5173/5173 5174/5174/5174 
f 5175/5175/5175 5176/5176/5176 5177/5177/5177 
f 5178/5178/5178 5179/5179/5179 5180/5180/5180 
f 5181/5181/5181 5182/5182/5182 5183/5183/5183 
f 5184/5184/5184 5185/5185/5185 5186/5186/5186 
f 5187/5187/5187 5188/5188/5188 5189/5189/5189 
f 5190/5190/5190 5191/5191/5191 5192/5192/5192 
f 5190/5190/5190 5192/5192/5192 5193/5193/5193 
f 5194/5194/5194 5195/5195/5195 5196/5196/5196 
f 5194/5194/5194 5196/5196/5196 5197/5197/5197 
f 5198/5198/5198 5199/5199/5199 5200/5200/5200 
f 5201/5201/5201 5202/5202/5202 5203/5203/5203 
f 5204/5204/5204 5205/5205/5205 5206/5206/5206 
f 5204/5204/5204 5206/5206/5206 5207/5207/5207 
f 5208/5208/5208 5209/5209/5209 5210/5210/5210 
f 5208/5208/5208 5210/5210/5210 5211/5211/5211 
f 5212/5212/5212 5213/5213/5213 5214/5214/5214 
f 5215/5215/5215 5216/5216/5216 5217/5217/5217 
f 5220/5220/5220 5228/5228/5228 5229/5229/5229 
f 5230/5230/5230 5225/5225/5225 5231/5231/5231 
f 5232/5232/5232 5233/5233/5233 5234/5234/5234 
f 5232/5232/5232 5234/5234/5234 5235/5235/5235 
f 5235/5235/5235 5234/5234/5234 5236/5236/5236 
f 5235/5235/5235 5236/5236/5236 5237/5237/5237 
f 5238/5238/5238 5239/5239/5239 5240/5240/5240 
f 5238/5238/5238 5240/5240/5240 5241/5241/5241 
f 5241/5241/5241 5240/5240/5240 5233/5233/5233 
f 5241/5241/5241 5233/5233/5233 5232/5232/5232 
f 5242/5242/5242 5243/5243/5243 5244/5244/5244 
f 5242/5242/5242 5244/5244/5244 5245/5245/5245 
f 5229/5229/5229 5247/5247/5247 5246/5246/5246 
f 5225/5225/5225 5248/5248/5248 5231/5231/5231 

g 14

v -32.71 3.45657 0.0133262 
v -32.6996 3.48873 0.0469004 
v -32.5698 3.4226 0.0469004 
v -32.5897 3.39525 0.0133262 
v -32.4668 3.3196 0.0469004 
v -32.4942 3.29973 0.0133262 
v -32.4006 3.18968 0.0469003 
v -32.4327 3.17911 0.0133262 
v -32.3793 3.05937 0.0311007 
v -32.3793 2.34718 0.0311017 
v -32.4394 3.33948 0.0804745 
v -33.2794 2.34718 -0.00229698 
v -33.2399 2.27431 0.0435238 
v -33.2794 2.34718 -0.00229698 
v -32.8486 2.34717 -0.00229698 
v -32.8486 2.27417 0.0435238 
v -33.2399 2.27431 0.0435238 
v -32.8486 2.34717 -0.00229698 
v -32.4127 2.34718 -0.00229698 
v -32.4522 2.27431 0.0435238 
v -32.8486 2.27417 0.0435238 
v -32.4218 2.27429 0.0738624 
v -32.8127 3.53984 0.0804744 
v -33.3462 3.05906 0.0644994 
v -32.8486 3.46341 0.044626 
v -32.814 3.47241 0.0133262 
v -32.8148 3.05906 -0.00229788 
v -32.8486 3.09444 0.0315009 
v -33.2794 3.05906 -0.00229788 
v -32.8486 3.09444 0.0315009 
v -32.8148 3.05906 -0.00229788 
v -32.6891 3.52089 0.0804745 
v -32.8133 3.50612 0.0469003 
v -32.8127 3.53984 0.0804744 
v -33.2794 2.34718 -0.00229698 
v -33.3462 3.05906 0.0644994 
v -33.2794 3.05906 -0.00229788 
v -32.4127 3.05937 -0.00229794 
v -32.4127 2.34718 -0.00229698 
v -32.8486 2.34717 -0.00229698 
v -32.8148 3.05906 -0.00229788 
v -33.2794 2.34718 -0.00229698 
v -33.2794 3.05906 -0.00229788 
v -32.71 3.45657 0.0133262 
v -32.5897 3.39525 0.0133262 
v -32.4942 3.29973 0.0133262 
v -32.4327 3.17911 0.0133262 
v -32.4127 3.05937 -0.00229794 
v -32.814 3.47241 0.0133262 
v -32.5499 3.44996 0.0804745 
v -32.4394 3.33948 0.0804745 
v -32.3685 3.20026 0.0804745 
v -32.3459 3.05937 0.0644994 
v -32.814 3.47241 0.0133262 
v -32.5698 3.4226 0.948811 
v -32.4394 3.33948 0.915268 
v -32.3685 3.20026 0.915268 
v -32.5698 3.4226 0.0469004 
v -32.5897 3.39525 0.0133262 
v -32.6891 3.52089 0.915268 
v -32.5499 3.44996 0.915268 
v -32.5499 3.44996 0.0804745 
v -32.6891 3.52089 0.0804745 
v -32.4394 3.33948 0.915268 
v -32.4394 3.33948 0.0804745 
v -32.8486 3.50906 0.905392 
v -32.8127 3.53984 0.915269 
v -32.8127 3.53984 0.0804744 
v -32.8486 3.50906 0.0936477 
v -32.8148 3.05906 0.997978 
v -33.3462 3.05906 0.0644994 
v -33.3112 3.09444 0.916617 
v -33.3462 3.05906 0.931181 
v -33.2794 3.05906 0.997978 
v -33.2794 3.09444 0.960993 
v -33.2794 3.09444 0.960993 
v -33.2794 3.05906 0.997978 
v -32.8148 3.05906 0.997978 
v -32.8148 3.05906 -0.00229788 
v -33.2794 3.05906 -0.00229788 
v -33.2794 3.09444 0.0346873 
v -32.8486 3.09444 0.0315009 
v -33.2794 3.09444 0.0346873 
v -33.2794 3.05906 -0.00229788 
v -33.3462 3.05906 0.0644994 
v -33.3112 3.09444 0.0790633 
v -32.8127 3.53984 0.915269 
v -32.8127 3.53984 0.0804744 
v -32.5897 3.39525 0.982354 
v -33.3112 3.09444 0.916617 
v -33.2794 3.09444 0.960993 
v -33.2794 3.09444 0.0346873 
v -33.3112 3.09444 0.0790633 
v -33.2794 3.09444 0.0346873 
v -32.8486 3.09444 0.964179 
v -32.8486 3.09444 0.0315009 
v -33.2794 3.09444 0.960993 
v -32.8486 3.09444 0.964179 
v -33.2794 3.09444 0.0346873 
v -32.6891 3.52089 0.915268 
v -32.4394 3.33948 0.915268 
v -32.4006 3.18968 0.948811 
v -32.3685 3.20026 0.915268 
v -32.3793 3.05937 0.964579 
v -32.3459 3.05937 0.931181 
v -32.5897 3.39525 0.0133262 
v -32.4006 3.18968 0.0469003 
v -32.4327 3.17911 0.0133262 
v -32.3793 3.05937 0.0311007 
v -32.4127 3.05937 -0.00229794 
v -32.4127 2.34718 0.997979 
v -32.3793 2.34718 0.96458 
v -32.4127 3.05937 0.997978 
v -32.4127 3.05937 -0.00229794 
v -32.3793 3.05937 0.0311007 
v -32.3793 2.34718 0.0311017 
v -32.4127 2.34718 -0.00229698 
v -32.4394 3.33948 0.915268 
v -32.4394 3.33948 0.0804745 
v -32.3685 3.20026 0.915268 
v -32.3685 3.20026 0.0804745 
v -32.3459 3.05937 0.931181 
v -32.3459 2.34717 0.931182 
v -32.3459 2.34717 0.0645003 
v -32.3459 3.05937 0.0644994 
v -32.3459 3.05937 0.931181 
v -32.3459 3.05937 0.0644994 
v -32.4522 2.27445 0.952159 
v -32.4218 2.27429 0.0738624 
v -32.3459 2.34717 0.0645003 
v -32.3459 2.34717 0.931182 
v -32.3915 2.27427 0.891481 
v -32.3915 2.27427 0.104201 
v -32.4218 2.27436 0.92182 
v -32.814 3.47241 0.0133262 
v -32.8148 3.05906 -0.00229788 
v -32.5897 3.39525 0.982354 
v -32.3459 3.05937 0.0644994 
v -32.3793 3.05937 0.0311007 
v -32.3459 3.05937 0.0644994 
v -32.3459 2.34717 0.0645003 
v -32.3793 2.34718 0.0311017 
v -32.3459 2.34717 0.931182 
v -32.3459 3.05937 0.931181 
v -32.6891 3.52089 0.915268 
v -32.6996 3.48873 0.948811 
v -32.5698 3.4226 0.948811 
v -32.5499 3.44996 0.915268 
v -32.4668 3.3196 0.948811 
v -32.4394 3.33948 0.915268 
v -32.4006 3.18968 0.948811 
v -32.3685 3.20026 0.915268 
v -32.3793 3.05937 0.964579 
v -32.3793 2.34718 0.96458 
v -32.4127 3.05937 0.997978 
v -32.3459 2.34717 0.931182 
v -32.8486 2.27431 0.952159 
v -33.2399 2.27445 0.952159 
v -32.4127 2.34718 0.997979 
v -32.8486 2.34717 0.997979 
v -32.8486 2.27431 0.952159 
v -32.4522 2.27445 0.952159 
v -32.8486 2.34717 0.997979 
v -33.2794 2.34718 0.997979 
v -33.2399 2.27445 0.952159 
v -32.8486 2.27431 0.952159 
v -33.3462 2.34717 0.931182 
v -33.3006 2.27427 0.891481 
v -32.4218 2.27436 0.92182 
v -32.8127 3.53984 0.915269 
v -32.814 3.47241 0.982354 
v -32.814 3.47241 0.982354 
v -32.8486 3.46341 0.951541 
v -32.8486 3.09444 0.964179 
v -32.8148 3.05906 0.997978 
v -33.2794 3.09444 0.960993 
v -33.2794 3.09444 0.960993 
v -32.8148 3.05906 0.997978 
v -32.8486 3.09444 0.964179 
v -32.71 3.45657 0.982354 
v -32.8133 3.50612 0.948811 
v -32.814 3.47241 0.982354 
v -33.2794 3.05906 0.997978 
v -33.3462 3.05906 0.931181 
v -33.3462 2.34717 0.931182 
v -32.4127 2.34718 0.997979 
v -32.4127 3.05937 0.997978 
v -32.8148 3.05906 0.997978 
v -32.8486 2.34717 0.997979 
v -33.2794 3.05906 0.997978 
v -33.2794 2.34718 0.997979 
v -32.5897 3.39525 0.982354 
v -32.71 3.45657 0.982354 
v -32.4942 3.29973 0.982354 
v -32.4327 3.17911 0.982354 
v -32.814 3.47241 0.982354 
v -32.5897 3.39525 0.982354 
v -32.4942 3.29973 0.982354 
v -32.4327 3.17911 0.982354 
v -32.8127 3.53984 0.915269 
v -32.3793 2.34718 0.96458 
v -32.3793 2.34718 0.0311017 
v -32.3459 2.34717 0.931182 
v -32.8486 2.27431 0.952159 
v -33.2399 2.27445 0.952159 
v -33.2391 2.2744 0.88979 
v -32.8486 2.27434 0.890569 
v -32.8486 2.34717 0.997979 
v -32.4522 2.27445 0.952159 
v -33.2794 2.34718 0.997979 
v -33.2794 2.34718 0.997979 
v -33.3462 2.34717 0.931182 
v -33.3006 2.27427 0.891481 
v -33.2399 2.27445 0.952159 
v -33.3462 2.34717 0.0645003 
v -33.2794 2.34718 -0.00229698 
v -33.2399 2.27431 0.0435238 
v -33.3006 2.27427 0.104201 
v -32.8486 2.27417 0.0435238 
v -32.4127 2.34718 -0.00229698 
v -32.3793 2.34718 0.0311017 
v -32.4218 2.27429 0.0738624 
v -32.4522 2.27431 0.0435238 
v -32.3915 2.27427 0.891481 
v -32.3459 2.34717 0.931182 
v -32.3793 2.34718 0.96458 
v -32.4218 2.27436 0.92182 
v -32.3915 2.27427 0.891481 
v -32.8486 2.27427 0.104201 
v -33.2294 2.27427 0.104201 
v -33.2399 2.27431 0.0435238 
v -32.8486 2.27417 0.0435238 
v -33.3006 2.27427 0.891481 
v -33.2391 2.2744 0.88979 
v -33.2399 2.27445 0.952159 
v -33.2399 2.27431 0.0435238 
v -33.2294 2.27427 0.104201 
v -33.3006 2.27427 0.104201 
v -33.2294 2.27427 0.104201 
v -33.2391 2.2744 0.88979 
v -33.3006 2.27427 0.891481 
v -33.3006 2.27427 0.104201 
v -32.8486 2.27434 0.890569 
v -33.2391 2.2744 0.88979 
v -33.2294 2.27427 0.104201 
v -32.8486 2.27427 0.104201 
v -32.4504 2.27427 0.104201 
v -32.4522 2.27431 0.0435238 
v -32.4218 2.27429 0.0738624 
v -32.3915 2.27427 0.891481 
v -32.4505 2.27428 0.891363 
v -32.4504 2.27427 0.104201 
v -32.3915 2.27427 0.104201 
v -32.4505 2.27428 0.891363 
v -32.3915 2.27427 0.891481 
v -32.4218 2.27436 0.92182 
v -32.8486 2.27417 0.0435238 
v -32.4522 2.27431 0.0435238 
v -32.4504 2.27427 0.104201 
v -32.8486 2.27427 0.104201 
v -32.8486 2.27427 0.104201 
v -32.4504 2.27427 0.104201 
v -32.4505 2.27428 0.891363 
v -32.8486 2.27434 0.890569 
v -32.8486 2.27434 0.890569 
v -32.4505 2.27428 0.891363 
v -32.4522 2.27445 0.952159 
v -32.8486 2.27431 0.952159 
v -32.3793 2.34718 0.0311017 
v -32.3459 2.34717 0.0645003 
v -32.3915 2.27427 0.104201 
v -32.4218 2.27429 0.0738624 
v -32.4218 2.27429 0.0738624 
v -32.3915 2.27427 0.104201 
v -32.4504 2.27427 0.104201 
v -32.3793 2.34718 0.96458 
v -32.4127 2.34718 0.997979 
v -32.4522 2.27445 0.952159 
v -32.4218 2.27436 0.92182 
v -32.4218 2.27436 0.92182 
v -32.4522 2.27445 0.952159 
v -32.4505 2.27428 0.891363 
v -32.6891 3.52089 0.915268 
v -32.3793 2.34718 0.0311017 
v -33.2794 2.34718 0.997979 
v -33.3462 2.34717 0.931182 
v -33.3006 2.27427 0.891481 
v -33.3462 2.34717 0.931182 
v -33.3462 2.34717 0.0645003 
v -33.3006 2.27427 0.104201 
v -33.3006 2.27427 0.891481 
v -33.2794 2.34718 -0.00229698 
v -33.2399 2.27431 0.0435238 
v -32.8127 3.53984 0.915269 
v -32.8127 3.53984 0.0804744 
v -32.8486 3.50906 0.905392 
v -32.8486 3.46341 0.951541 
v -32.814 3.47241 0.982354 
v -32.8133 3.50612 0.948811 
v -32.8148 3.05906 0.997978 
v -33.3462 3.05906 0.931181 
v -33.3112 3.09444 0.916617 
v -33.3112 3.09444 0.0790633 
v -33.3462 3.05906 0.0644994 
v -33.3112 3.09444 0.916617 
v -33.2794 3.05906 0.997978 
v -33.2794 3.09444 0.960993 
v -32.8127 3.53984 0.0804744 
v -32.8133 3.50612 0.0469003 
v -32.8486 3.50906 0.0936477 
v -32.814 3.47241 0.0133262 
v -32.8148 3.05906 -0.00229788 
v -33.2794 3.05906 0.997978 
v -33.3462 2.34717 0.931182 
v -33.2794 2.34718 0.997979 
v -33.2794 2.34718 -0.00229698 
v -33.3462 2.34717 0.0645003 
v -33.3462 3.05906 0.0644994 
v -33.3462 2.34717 0.931182 
v -33.3462 3.05906 0.931181 
v -33.3462 3.05906 0.0644994 
v -33.3462 2.34717 0.0645003 
v -32.8486 3.46341 0.951541 
v -32.8486 3.50906 0.905392 
v -32.8486 3.50906 0.0936477 
v -32.8486 3.46341 0.044626 
v -32.8486 3.09444 0.964179 
v -32.8486 3.46341 0.044626 
v -32.8486 3.09444 0.0315009 
v -32.8486 3.09444 0.964179 
v -32.8486 3.46341 0.951541 
v -32.8486 3.46341 0.044626 
v -32.8133 3.50612 0.0469003 
v -32.814 3.47241 0.0133262 
v -32.8486 3.46341 0.044626 
v -32.8486 3.50906 0.0936477 
v -32.8133 3.50612 0.948811 
v -32.8127 3.53984 0.915269 
v -32.8486 3.50906 0.905392 

vn 0.212598 0.669291 -0.708661 
vn 0.212598 0.669291 -0.708661 
vn 0.417323 0.566929 -0.708661 
vn 0.417323 0.566929 -0.708661 
vn 0.566929 0.417323 -0.708661 
vn 0.566929 0.417323 -0.708661 
vn 0.661417 0.259843 -0.708661 
vn 0.661417 0.259843 -0.708661 
vn 0.700787 0.102362 -0.708661 
vn 0.708661 0 -0.708661 
vn 0.811024 0.590551 0 
vn -0.543307 -0.637795 -0.543307 
vn -0.543307 -0.637795 -0.543307 
vn 0 -0.535433 -0.850394 
vn 0 -0.535433 -0.850394 
vn 0 -0.535433 -0.850394 
vn 0 -0.535433 -0.850394 
vn 0 -0.535433 -0.850394 
vn 0 -0.535433 -0.850394 
vn 0 -0.535433 -0.850394 
vn 0 -0.535433 -0.850394 
vn 0.543307 -0.637795 -0.543307 
vn -0.653543 0.755906 0 
vn -0.708661 0.700787 0 
vn -0.685039 0.0314961 -0.732283 
vn -0.685039 0.0314961 -0.732283 
vn -0.685039 0.0314961 -0.732283 
vn -0.685039 0.0314961 -0.732283 
vn 0 0.708661 -0.708661 
vn 0 0.708661 -0.708661 
vn 0 0.708661 -0.708661 
vn 0.212598 0.669291 -0.708661 
vn 0.110236 0.700787 -0.708661 
vn 0.110236 0.700787 -0.708661 
vn -0.708661 0 -0.708661 
vn -0.708661 0 -0.708661 
vn -0.708661 0 -0.708661 
vn 0 0.0629921 -1 
vn 0 0 -1 
vn 0 0 -1 
vn 0.00787402 0.015748 -1 
vn 0 0 -1 
vn 0 0 -1 
vn 0.00787402 0.0393701 -1 
vn 0.023622 0.0314961 -1 
vn 0.0314961 0.023622 -1 
vn 0.015748 0.0708661 -1 
vn 0 0.0629921 -1 
vn 0.00787402 0.0393701 -1 
vn 0.417323 0.566929 -0.708661 
vn 0.566929 0.417323 -0.708661 
vn 0.661417 0.259843 -0.708661 
vn 0.700787 0.0944882 -0.708661 
vn 0.110236 0.700787 -0.708661 
vn 0.417323 0.566929 0.708661 
vn 0.566929 0.417323 0.708661 
vn 0.661417 0.259843 0.708661 
vn 0.417323 0.566929 -0.708661 
vn 0.417323 0.566929 -0.708661 
vn 0.307087 0.952756 0 
vn 0.590551 0.811024 0 
vn 0.590551 0.811024 0 
vn 0.307087 0.952756 0 
vn 0.811024 0.590551 0 
vn 0.811024 0.590551 0 
vn -0.653543 0.755906 0 
vn -0.653543 0.755906 0 
vn -0.653543 0.755906 0 
vn -0.653543 0.755906 0 
vn -0.677165 0.023622 0.732283 
vn -0.708661 0.700787 0 
vn -0.566929 0.645669 0.503937 
vn -0.566929 0.645669 0.503937 
vn -0.566929 0.645669 0.503937 
vn -0.566929 0.645669 0.503937 
vn 0 0.708661 0.708661 
vn 0 0.708661 0.708661 
vn 0 0.708661 0.708661 
vn -0.685039 0.0314961 -0.732283 
vn 0 0.708661 -0.708661 
vn 0 0.708661 -0.708661 
vn 0 0.708661 -0.708661 
vn -0.566929 0.645669 -0.503937 
vn -0.566929 0.645669 -0.503937 
vn -0.566929 0.645669 -0.503937 
vn -0.566929 0.645669 -0.503937 
vn 0.149606 0.992126 0 
vn 0.149606 0.992126 0 
vn 0.023622 0.0314961 1 
vn 0 1 0 
vn 0 1 0 
vn 0 1 0 
vn 0 1 0 
vn 0 1 0 
vn 0 1 0 
vn 0 1 0 
vn 0 1 0 
vn 0 1 0 
vn 0 1 0 
vn 0.212598 0.669291 0.708661 
vn 0.566929 0.417323 0.708661 
vn 0.661417 0.259843 0.708661 
vn 0.661417 0.259843 0.708661 
vn 0.700787 0.102362 0.708661 
vn 0.700787 0.0944882 0.708661 
vn 0.417323 0.566929 -0.708661 
vn 0.661417 0.259843 -0.708661 
vn 0.661417 0.259843 -0.708661 
vn 0.700787 0.102362 -0.708661 
vn 0.700787 0.102362 -0.708661 
vn 0.708661 0 0.708661 
vn 0.708661 0 0.708661 
vn 0.700787 0.102362 0.708661 
vn 0.700787 0.102362 -0.708661 
vn 0.700787 0.102362 -0.708661 
vn 0.708661 0 -0.708661 
vn 0.708661 0 -0.708661 
vn 0.811024 0.590551 0 
vn 0.811024 0.590551 0 
vn 0.952756 0.307087 0 
vn 0.952756 0.307087 0 
vn 1 0.0787402 0 
vn 1 0 0 
vn 1 0 0 
vn 1 0.0787402 0 
vn 1 0.0787402 0 
vn 1 0.0787402 0 
vn 0 -0.535433 0.84252 
vn 0.543307 -0.637795 -0.543307 
vn 0.850394 -0.527559 0 
vn 0.850394 -0.527559 0 
vn 0.850394 -0.527559 0 
vn 0.850394 -0.527559 0 
vn 0.543307 -0.637795 0.543307 
vn -0.685039 0.0314961 -0.732283 
vn -0.685039 0.0314961 -0.732283 
vn 0.023622 0.0314961 1 
vn 0.700787 0.0944882 -0.708661 
vn 0.700787 0.102362 -0.708661 
vn 0.700787 0.0944882 -0.708661 
vn 0.708661 0 -0.708661 
vn 0.708661 0 -0.708661 
vn 0.708661 0 0.708661 
vn 0.700787 0.0944882 0.708661 
vn 0.212598 0.669291 0.708661 
vn 0.212598 0.669291 0.708661 
vn 0.417323 0.566929 0.708661 
vn 0.417323 0.566929 0.708661 
vn 0.566929 0.417323 0.708661 
vn 0.566929 0.417323 0.708661 
vn 0.661417 0.259843 0.708661 
vn 0.661417 0.259843 0.708661 
vn 0.700787 0.102362 0.708661 
vn 0.708661 0 0.708661 
vn 0.700787 0.102362 0.708661 
vn 1 0 0 
vn 0 -1 0 
vn 0 -1 0 
vn 0 -0.535433 0.84252 
vn 0 -0.535433 0.84252 
vn 0 -0.535433 0.84252 
vn 0 -0.535433 0.84252 
vn 0 -0.535433 0.84252 
vn 0 -0.535433 0.84252 
vn 0 -0.535433 0.84252 
vn 0 -0.535433 0.84252 
vn -0.543307 -0.637795 0.543307 
vn -0.543307 -0.637795 0.543307 
vn 0.543307 -0.637795 0.543307 
vn -0.653543 0.755906 0 
vn -0.629921 0.551181 0.543307 
vn -0.677165 0.023622 0.732283 
vn -0.677165 0.023622 0.732283 
vn -0.677165 0.023622 0.732283 
vn -0.677165 0.023622 0.732283 
vn -0.566929 0.645669 0.503937 
vn 0 0.708661 0.708661 
vn 0 0.708661 0.708661 
vn 0 0.708661 0.708661 
vn 0.212598 0.669291 0.708661 
vn 0.110236 0.700787 0.708661 
vn 0.110236 0.700787 0.708661 
vn -0.708661 0 0.708661 
vn -0.708661 0 0.708661 
vn -0.708661 0 0.708661 
vn 0 0 1 
vn 0 0.0629921 1 
vn 0.00787402 0.015748 1 
vn 0 0 1 
vn 0 0 1 
vn 0 0 1 
vn 0.023622 0.0314961 1 
vn 0.00787402 0.0393701 1 
vn 0.0314961 0.023622 1 
vn 0.015748 0.0708661 1 
vn 0.00787402 0.0393701 1 
vn 0.417323 0.566929 0.708661 
vn 0.566929 0.417323 0.708661 
vn 0.661417 0.259843 0.708661 
vn 0.110236 0.700787 0.708661 
vn 0.708661 0 0.708661 
vn 0.708661 0 -0.708661 
vn 1 0 0 
vn 0 -1 0 
vn 0 -1 0 
vn 0 -1 0 
vn 0 -1 0 
vn 0 -0.535433 0.84252 
vn 0 -0.535433 0.84252 
vn 0 -0.535433 0.84252 
vn -0.543307 -0.637795 0.543307 
vn -0.543307 -0.637795 0.543307 
vn -0.543307 -0.637795 0.543307 
vn -0.543307 -0.637795 0.543307 
vn -0.543307 -0.637795 -0.543307 
vn -0.543307 -0.637795 -0.543307 
vn -0.543307 -0.637795 -0.543307 
vn -0.543307 -0.637795 -0.543307 
vn 0 -0.535433 -0.850394 
vn 0.543307 -0.637795 -0.543307 
vn 0.543307 -0.637795 -0.543307 
vn 0.543307 -0.637795 -0.543307 
vn 0.543307 -0.637795 -0.543307 
vn 0.850394 -0.527559 0 
vn 0.543307 -0.637795 0.543307 
vn 0.543307 -0.637795 0.543307 
vn 0.543307 -0.637795 0.543307 
vn 0.543307 -0.637795 0.543307 
vn 0 -1 0 
vn 0 -1 0 
vn 0 -1 0 
vn 0 -1 0 
vn 0 -1 0 
vn 0 -1 0 
vn 0 -1 0 
vn 0 -1 0 
vn 0 -1 0 
vn 0 -1 0 
vn 0 -1 0 
vn 0 -1 0 
vn 0 -1 0 
vn 0 -1 0 
vn 0 -1 0 
vn 0 -1 0 
vn 0 -1 0 
vn 0 -1 0 
vn 0 -1 0 
vn 0 -1 0 
vn 0 -1 0 
vn 0 -1 0 
vn 0 -1 0 
vn 0 -1 0 
vn 0 -1 0 
vn 0 -1 0 
vn 0 -1 0 
vn 0 -1 0 
vn 0 -1 0 
vn 0 -1 0 
vn 0 -1 0 
vn 0 -1 0 
vn 0 -1 0 
vn 0 -1 0 
vn 0 -1 0 
vn 0 -1 0 
vn 0 -1 0 
vn 0 -1 0 
vn 0 -1 0 
vn 0 -1 0 
vn 0.543307 -0.637795 -0.543307 
vn 0.543307 -0.637795 -0.543307 
vn 0.543307 -0.637795 -0.543307 
vn 0.543307 -0.637795 -0.543307 
vn 0 -1 0 
vn 0 -1 0 
vn 0 -1 0 
vn 0.543307 -0.637795 0.543307 
vn 0.543307 -0.637795 0.543307 
vn 0.543307 -0.637795 0.543307 
vn 0.543307 -0.637795 0.543307 
vn 0 -1 0 
vn 0 -1 0 
vn 0 -1 0 
vn 0.212598 0.669291 0.708661 
vn 0.708661 0 -0.708661 
vn 0 -0.535433 0.84252 
vn -0.543307 -0.637795 0.543307 
vn -0.543307 -0.637795 0.543307 
vn -0.850394 -0.527559 0 
vn -0.850394 -0.527559 0 
vn -0.850394 -0.527559 0 
vn -0.850394 -0.527559 0 
vn -0.543307 -0.637795 -0.543307 
vn -0.543307 -0.637795 -0.543307 
vn -0.653543 0.755906 0 
vn -0.653543 0.755906 0 
vn -0.629921 0.551181 0.543307 
vn -0.629921 0.551181 0.543307 
vn -0.629921 0.551181 0.543307 
vn -0.629921 0.551181 0.543307 
vn -0.677165 0.023622 0.732283 
vn -0.708661 0.700787 0 
vn -0.708661 0.700787 0 
vn -0.708661 0.700787 0 
vn -0.708661 0.700787 0 
vn -0.566929 0.645669 0.503937 
vn -0.566929 0.645669 0.503937 
vn -0.566929 0.645669 0.503937 
vn -0.653543 0.535433 -0.527559 
vn -0.653543 0.535433 -0.527559 
vn -0.653543 0.535433 -0.527559 
vn -0.685039 0.0314961 -0.732283 
vn -0.685039 0.0314961 -0.732283 
vn -0.708661 0 0.708661 
vn -0.708661 0 0.708661 
vn -0.708661 0 0.708661 
vn -0.708661 0 -0.708661 
vn -0.708661 0 -0.708661 
vn -0.708661 0 -0.708661 
vn -1 0 0 
vn -1 0 0 
vn -1 0 0 
vn -1 0 0 
vn -1 0 0 
vn -1 0 0 
vn -1 0 0 
vn -1 0 0 
vn -1 0 0 
vn -1 0 0 
vn -1 0 0 
vn -1 0 0 
vn -1 0 0 
vn -1 0 0 
vn -0.637795 0.559055 -0.527559 
vn -0.637795 0.559055 -0.527559 
vn -0.637795 0.559055 -0.527559 
vn -0.637795 0.559055 -0.527559 
vn -0.629921 0.559055 0.543307 
vn -0.629921 0.559055 0.543307 
vn -0.629921 0.559055 0.543307 

vt -0.437364 1.69205 
vt -0.438671 1.69607 
vt -0.454894 1.6878 
vt -0.45241 1.68438 
vt -0.46777 1.67493 
vt -0.46435 1.67244 
vt -0.476044 1.65869 
vt -0.472032 1.65737 
vt -0.478707 1.6424 
vt -0.478707 1.55338 
vt -0.471189 1.67741 
vt -0.3662 1.55338 
vt -0.371134 1.54427 
vt -0.3662 1.55338 
vt -0.420047 1.55338 
vt -0.420047 1.54425 
vt -0.371134 1.54427 
vt -0.420047 1.55338 
vt -0.474532 1.55338 
vt -0.469599 1.54427 
vt -0.420047 1.54425 
vt -0.473392 1.54426 
vt -0.424529 1.70246 
vt -0.357851 1.64236 
vt -0.420046 1.6929 
vt -0.424375 1.69403 
vt -0.424271 1.64236 
vt -0.420046 1.64678 
vt -0.3662 1.64236 
vt -0.420046 1.64678 
vt -0.424271 1.64236 
vt -0.439977 1.70009 
vt -0.424452 1.69824 
vt -0.424529 1.70246 
vt -0.3662 1.55338 
vt -0.357851 1.64236 
vt -0.3662 1.64236 
vt -0.474532 1.6424 
vt -0.474532 1.55338 
vt -0.420047 1.55338 
vt -0.424271 1.64236 
vt -0.3662 1.55338 
vt -0.3662 1.64236 
vt -0.437364 1.69205 
vt -0.45241 1.68438 
vt -0.46435 1.67244 
vt -0.472032 1.65737 
vt -0.474532 1.6424 
vt -0.424375 1.69403 
vt -0.457379 1.69122 
vt -0.471189 1.67741 
vt -0.480056 1.66001 
vt -0.482882 1.6424 
vt -0.424375 1.69403 
vt -0.363995 1.65788 
vt -0.368188 1.67418 
vt -0.368188 1.68304 
vt -0.476734 1.65788 
vt -0.480931 1.6554 
vt -0.368188 1.64296 
vt -0.368188 1.66037 
vt -0.472537 1.66037 
vt -0.472537 1.64296 
vt -0.368188 1.67418 
vt -0.472537 1.67418 
vt -0.369423 1.62303 
vt -0.368188 1.62752 
vt -0.472537 1.62752 
vt -0.470891 1.62303 
vt -0.357849 1.62726 
vt -0.474534 1.56084 
vt -0.368019 1.56521 
vt -0.366199 1.56084 
vt -0.357849 1.56919 
vt -0.362472 1.56919 
vt -0.362472 1.56919 
vt -0.357849 1.56919 
vt -0.357849 1.62726 
vt -0.482884 1.62726 
vt -0.482884 1.56919 
vt -0.478261 1.56919 
vt -0.478659 1.62303 
vt -0.478261 1.56919 
vt -0.482884 1.56919 
vt -0.474534 1.56084 
vt -0.472714 1.56521 
vt -0.368188 1.62752 
vt -0.472537 1.62752 
vt -0.359802 1.6554 
vt -0.368019 1.56521 
vt -0.362472 1.56919 
vt -0.478261 1.56919 
vt -0.472714 1.56521 
vt -0.478261 1.56919 
vt -0.362074 1.62303 
vt -0.478659 1.62303 
vt -0.362472 1.56919 
vt -0.362074 1.62303 
vt -0.478261 1.56919 
vt -0.472545 1.70009 
vt -0.472545 1.67741 
vt -0.476738 1.65869 
vt -0.472545 1.66001 
vt -0.478709 1.6424 
vt -0.474534 1.6424 
vt -0.359802 1.68438 
vt -0.363999 1.65869 
vt -0.359802 1.65737 
vt -0.362024 1.6424 
vt -0.357849 1.6424 
vt -0.482884 1.55338 
vt -0.478709 1.55338 
vt -0.482884 1.6424 
vt -0.357849 1.6424 
vt -0.362024 1.6424 
vt -0.362024 1.55338 
vt -0.357849 1.55338 
vt -0.472545 1.67741 
vt -0.368196 1.67741 
vt -0.472545 1.66001 
vt -0.368196 1.66001 
vt -0.474534 1.6424 
vt -0.474534 1.55338 
vt -0.366199 1.55338 
vt -0.366199 1.6424 
vt -0.474534 1.6424 
vt -0.366199 1.6424 
vt -0.477156 1.54428 
vt -0.367369 1.54426 
vt -0.366199 1.55338 
vt -0.474534 1.55338 
vt -0.469572 1.54426 
vt -0.371162 1.54426 
vt -0.473364 1.54427 
vt -0.359802 1.69403 
vt -0.357849 1.64236 
vt -0.480931 1.68438 
vt -0.366199 1.6424 
vt -0.362024 1.6424 
vt -0.366199 1.6424 
vt -0.366199 1.55338 
vt -0.362024 1.55338 
vt -0.474534 1.55338 
vt -0.474534 1.6424 
vt -0.400756 1.70009 
vt -0.402062 1.69607 
vt -0.385839 1.6878 
vt -0.383354 1.69122 
vt -0.372963 1.67493 
vt -0.369544 1.67741 
vt -0.364689 1.65869 
vt -0.360677 1.66001 
vt -0.362026 1.6424 
vt -0.362026 1.55338 
vt -0.3662 1.6424 
vt -0.357851 1.55338 
vt -0.420686 1.54427 
vt -0.469599 1.54428 
vt -0.3662 1.55338 
vt -0.420686 1.55338 
vt -0.420686 1.54427 
vt -0.371134 1.54428 
vt -0.420686 1.55338 
vt -0.474532 1.55338 
vt -0.469599 1.54428 
vt -0.420686 1.54427 
vt -0.482882 1.55338 
vt -0.477184 1.54426 
vt -0.367341 1.54427 
vt -0.416204 1.70246 
vt -0.416358 1.69403 
vt -0.416358 1.69403 
vt -0.420686 1.6929 
vt -0.420686 1.64678 
vt -0.416462 1.64236 
vt -0.474532 1.64678 
vt -0.474532 1.64678 
vt -0.416462 1.64236 
vt -0.420686 1.64678 
vt -0.403369 1.69205 
vt -0.416281 1.69824 
vt -0.416358 1.69403 
vt -0.474532 1.64236 
vt -0.482882 1.64236 
vt -0.482882 1.55338 
vt -0.3662 1.55338 
vt -0.3662 1.6424 
vt -0.416462 1.64236 
vt -0.420686 1.55338 
vt -0.474532 1.64236 
vt -0.474532 1.55338 
vt -0.388323 1.68438 
vt -0.403369 1.69205 
vt -0.376383 1.67244 
vt -0.368701 1.65737 
vt -0.416358 1.69403 
vt -0.388323 1.68438 
vt -0.376383 1.67244 
vt -0.368701 1.65737 
vt -0.416204 1.70246 
vt -0.478709 1.68169 
vt -0.362024 1.68169 
vt -0.474534 1.68587 
vt -0.477156 1.62303 
vt -0.477156 1.57412 
vt -0.46936 1.57422 
vt -0.469458 1.62304 
vt -0.482884 1.62303 
vt -0.477156 1.67259 
vt -0.482884 1.56919 
vt -0.482884 1.56919 
vt -0.474534 1.56084 
vt -0.469572 1.56654 
vt -0.477156 1.57412 
vt -0.366199 1.56084 
vt -0.357849 1.56919 
vt -0.363577 1.57412 
vt -0.371162 1.56654 
vt -0.363577 1.62303 
vt -0.357849 1.67752 
vt -0.362024 1.68169 
vt -0.367369 1.67638 
vt -0.363577 1.67259 
vt -0.469572 1.68017 
vt -0.474534 1.68587 
vt -0.478709 1.68169 
vt -0.473364 1.67638 
vt -0.469572 1.68017 
vt -0.371162 1.62304 
vt -0.371162 1.57544 
vt -0.363577 1.57412 
vt -0.363577 1.62303 
vt -0.469572 1.56654 
vt -0.46936 1.57422 
vt -0.477156 1.57412 
vt -0.363577 1.57412 
vt -0.371162 1.57544 
vt -0.371162 1.56654 
vt -0.371162 1.57544 
vt -0.46936 1.57422 
vt -0.469572 1.56654 
vt -0.371162 1.56654 
vt -0.469458 1.62304 
vt -0.46936 1.57422 
vt -0.371162 1.57544 
vt -0.371162 1.62304 
vt -0.371162 1.67281 
vt -0.363577 1.67259 
vt -0.367369 1.67638 
vt -0.469572 1.68017 
vt -0.469557 1.6728 
vt -0.371162 1.67281 
vt -0.371162 1.68017 
vt -0.469557 1.6728 
vt -0.469572 1.68017 
vt -0.473364 1.67638 
vt -0.363577 1.62303 
vt -0.363577 1.67259 
vt -0.371162 1.67281 
vt -0.371162 1.62304 
vt -0.371162 1.62304 
vt -0.371162 1.67281 
vt -0.469557 1.6728 
vt -0.469458 1.62304 
vt -0.469458 1.62304 
vt -0.469557 1.6728 
vt -0.477156 1.67259 
vt -0.477156 1.62303 
vt -0.362024 1.68169 
vt -0.366199 1.68587 
vt -0.371162 1.68017 
vt -0.367369 1.67638 
vt -0.367369 1.67638 
vt -0.371162 1.68017 
vt -0.371162 1.67281 
vt -0.478709 1.68169 
vt -0.482884 1.67752 
vt -0.477156 1.67259 
vt -0.473364 1.67638 
vt -0.473364 1.67638 
vt -0.477156 1.67259 
vt -0.469557 1.6728 
vt -0.368188 1.70009 
vt -0.478709 1.55338 
vt -0.357849 1.55338 
vt -0.366199 1.55338 
vt -0.371161 1.54426 
vt -0.366199 1.55338 
vt -0.474534 1.55338 
vt -0.469571 1.54426 
vt -0.371161 1.54426 
vt -0.482884 1.55338 
vt -0.477156 1.54427 
vt -0.368188 1.70246 
vt -0.472537 1.70246 
vt -0.369423 1.69861 
vt -0.363654 1.6929 
vt -0.359802 1.69403 
vt -0.363995 1.69824 
vt -0.357849 1.64236 
vt -0.366199 1.64236 
vt -0.368019 1.64678 
vt -0.472714 1.64678 
vt -0.474534 1.64236 
vt -0.368019 1.64678 
vt -0.357849 1.64236 
vt -0.362472 1.64678 
vt -0.472537 1.70246 
vt -0.476734 1.69824 
vt -0.470891 1.69861 
vt -0.480931 1.69403 
vt -0.482884 1.64236 
vt -0.357849 1.64236 
vt -0.366199 1.55338 
vt -0.357849 1.55338 
vt -0.482884 1.55338 
vt -0.474534 1.55338 
vt -0.474534 1.64236 
vt -0.366199 1.55338 
vt -0.366199 1.64236 
vt -0.474534 1.64236 
vt -0.474534 1.55338 
vt -0.363654 1.6929 
vt -0.369423 1.69861 
vt -0.470891 1.69861 
vt -0.477018 1.6929 
vt -0.362074 1.64678 
vt -0.477018 1.6929 
vt -0.478659 1.64678 
vt -0.362074 1.64678 
vt -0.363654 1.6929 
vt -0.477018 1.6929 
vt -0.476734 1.69824 
vt -0.480931 1.69403 
vt -0.477018 1.6929 
vt -0.470891 1.69861 
vt -0.363995 1.69824 
vt -0.368188 1.70246 
vt -0.369423 1.69861 

usemtl Union3Mtl

f 5249/5249/5249 5250/5250/5250 5251/5251/5251 
f 5249/5249/5249 5251/5251/5251 5252/5252/5252 
f 5252/5252/5252 5251/5251/5251 5253/5253/5253 
f 5252/5252/5252 5253/5253/5253 5254/5254/5254 
f 5254/5254/5254 5253/5253/5253 5255/5255/5255 
f 5254/5254/5254 5255/5255/5255 5256/5256/5256 
f 5256/5256/5256 5255/5255/5255 5257/5257/5257 
f 5262/5262/5262 5263/5263/5263 5264/5264/5264 
f 5262/5262/5262 5264/5264/5264 5265/5265/5265 
f 5266/5266/5266 5267/5267/5267 5268/5268/5268 
f 5266/5266/5266 5268/5268/5268 5269/5269/5269 
f 5273/5273/5273 5274/5274/5274 5275/5275/5275 
f 5273/5273/5273 5275/5275/5275 5276/5276/5276 
f 5277/5277/5277 5278/5278/5278 5279/5279/5279 
f 5280/5280/5280 5250/5250/5250 5281/5281/5281 
f 5280/5280/5280 5281/5281/5281 5282/5282/5282 
f 5283/5283/5283 5284/5284/5284 5285/5285/5285 
f 5286/5286/5286 5287/5287/5287 5288/5288/5288 
f 5286/5286/5286 5288/5288/5288 5289/5289/5289 
f 5290/5290/5290 5291/5291/5291 5289/5289/5289 
f 5290/5290/5290 5289/5289/5289 5288/5288/5288 
f 5292/5292/5292 5293/5293/5293 5289/5289/5289 
f 5293/5293/5293 5294/5294/5294 5289/5289/5289 
f 5294/5294/5294 5295/5295/5295 5289/5289/5289 
f 5295/5295/5295 5296/5296/5296 5289/5289/5289 
f 5297/5297/5297 5292/5292/5292 5289/5289/5289 
f 5250/5250/5250 5280/5280/5280 5298/5298/5298 
f 5250/5250/5250 5298/5298/5298 5251/5251/5251 
f 5251/5251/5251 5298/5298/5298 5299/5299/5299 
f 5251/5251/5251 5299/5299/5299 5253/5253/5253 
f 5253/5253/5253 5299/5299/5299 5300/5300/5300 
f 5253/5253/5253 5300/5300/5300 5255/5255/5255 
f 5255/5255/5255 5300/5300/5300 5301/5301/5301 
f 5250/5250/5250 5249/5249/5249 5302/5302/5302 
f 5250/5250/5250 5302/5302/5302 5281/5281/5281 
f 5308/5308/5308 5309/5309/5309 5310/5310/5310 
f 5308/5308/5308 5310/5310/5310 5311/5311/5311 
f 5309/5309/5309 5312/5312/5312 5313/5313/5313 
f 5309/5309/5309 5313/5313/5313 5310/5310/5310 
f 5314/5314/5314 5315/5315/5315 5316/5316/5316 
f 5314/5314/5314 5316/5316/5316 5317/5317/5317 
f 5320/5320/5320 5321/5321/5321 5322/5322/5322 
f 5324/5324/5324 5325/5325/5325 5326/5326/5326 
f 5328/5328/5328 5329/5329/5329 5330/5330/5330 
f 5331/5331/5331 5332/5332/5332 5333/5333/5333 
f 5331/5331/5331 5333/5333/5333 5334/5334/5334 
f 5335/5335/5335 5308/5308/5308 5311/5311/5311 
f 5335/5335/5335 5311/5311/5311 5336/5336/5336 
f 5338/5338/5338 5339/5339/5339 5340/5340/5340 
f 5338/5338/5338 5340/5340/5340 5341/5341/5341 
f 5342/5342/5342 5343/5343/5343 5344/5344/5344 
f 5345/5345/5345 5346/5346/5346 5347/5347/5347 
f 5351/5351/5351 5352/5352/5352 5353/5353/5353 
f 5356/5356/5356 5357/5357/5357 5358/5358/5358 
f 5359/5359/5359 5360/5360/5360 5352/5352/5352 
f 5359/5359/5359 5352/5352/5352 5361/5361/5361 
f 5362/5362/5362 5363/5363/5363 5364/5364/5364 
f 5362/5362/5362 5364/5364/5364 5365/5365/5365 
f 5366/5366/5366 5368/5368/5368 5369/5369/5369 
f 5366/5366/5366 5369/5369/5369 5367/5367/5367 
f 5370/5370/5370 5371/5371/5371 5372/5372/5372 
f 5370/5370/5370 5372/5372/5372 5373/5373/5373 
f 5368/5368/5368 5374/5374/5374 5375/5375/5375 
f 5368/5368/5368 5375/5375/5375 5369/5369/5369 
f 5378/5378/5378 5379/5379/5379 5380/5380/5380 
f 5378/5378/5378 5380/5380/5380 5381/5381/5381 
f 5355/5355/5355 5386/5386/5386 5357/5357/5357 
f 5387/5387/5387 5388/5388/5388 5389/5389/5389 
f 5387/5387/5387 5389/5389/5389 5390/5390/5390 
f 5350/5350/5350 5361/5361/5361 5352/5352/5352 
f 5360/5360/5360 5391/5391/5391 5392/5392/5392 
f 5360/5360/5360 5392/5392/5392 5352/5352/5352 
f 5393/5393/5393 5394/5394/5394 5395/5395/5395 
f 5393/5393/5393 5395/5395/5395 5396/5396/5396 
f 5396/5396/5396 5395/5395/5395 5397/5397/5397 
f 5396/5396/5396 5397/5397/5397 5398/5398/5398 
f 5398/5398/5398 5397/5397/5397 5399/5399/5399 
f 5398/5398/5398 5399/5399/5399 5400/5400/5400 
f 5400/5400/5400 5399/5399/5399 5401/5401/5401 
f 5407/5407/5407 5408/5408/5408 5409/5409/5409 
f 5407/5407/5407 5409/5409/5409 5410/5410/5410 
f 5411/5411/5411 5412/5412/5412 5413/5413/5413 
f 5411/5411/5411 5413/5413/5413 5414/5414/5414 
f 5420/5420/5420 5421/5421/5421 5422/5422/5422 
f 5420/5420/5420 5422/5422/5422 5423/5423/5423 
f 5425/5425/5425 5426/5426/5426 5427/5427/5427 
f 5428/5428/5428 5394/5394/5394 5429/5429/5429 
f 5428/5428/5428 5429/5429/5429 5430/5430/5430 
f 5431/5431/5431 5432/5432/5432 5433/5433/5433 
f 5434/5434/5434 5435/5435/5435 5436/5436/5436 
f 5434/5434/5434 5436/5436/5436 5437/5437/5437 
f 5438/5438/5438 5439/5439/5439 5437/5437/5437 
f 5438/5438/5438 5437/5437/5437 5436/5436/5436 
f 5440/5440/5440 5441/5441/5441 5436/5436/5436 
f 5442/5442/5442 5440/5440/5440 5436/5436/5436 
f 5443/5443/5443 5442/5442/5442 5436/5436/5436 
f 5435/5435/5435 5443/5443/5443 5436/5436/5436 
f 5441/5441/5441 5444/5444/5444 5436/5436/5436 
f 5394/5394/5394 5428/5428/5428 5445/5445/5445 
f 5394/5394/5394 5445/5445/5445 5395/5395/5395 
f 5395/5395/5395 5445/5445/5445 5446/5446/5446 
f 5395/5395/5395 5446/5446/5446 5397/5397/5397 
f 5397/5397/5397 5446/5446/5446 5447/5447/5447 
f 5397/5397/5397 5447/5447/5447 5399/5399/5399 
f 5399/5399/5399 5447/5447/5447 5403/5403/5403 
f 5394/5394/5394 5393/5393/5393 5448/5448/5448 
f 5394/5394/5394 5448/5448/5448 5429/5429/5429 
f 5452/5452/5452 5453/5453/5453 5454/5454/5454 
f 5452/5452/5452 5454/5454/5454 5455/5455/5455 
f 5459/5459/5459 5460/5460/5460 5461/5461/5461 
f 5459/5459/5459 5461/5461/5461 5462/5462/5462 
f 5463/5463/5463 5464/5464/5464 5465/5465/5465 
f 5463/5463/5463 5465/5465/5465 5466/5466/5466 
f 5468/5468/5468 5469/5469/5469 5470/5470/5470 
f 5468/5468/5468 5470/5470/5470 5471/5471/5471 
f 5473/5473/5473 5474/5474/5474 5475/5475/5475 
f 5473/5473/5473 5475/5475/5475 5476/5476/5476 
f 5477/5477/5477 5478/5478/5478 5479/5479/5479 
f 5477/5477/5477 5479/5479/5479 5480/5480/5480 
f 5481/5481/5481 5482/5482/5482 5483/5483/5483 
f 5484/5484/5484 5485/5485/5485 5486/5486/5486 
f 5487/5487/5487 5488/5488/5488 5489/5489/5489 
f 5487/5487/5487 5489/5489/5489 5490/5490/5490 
f 5491/5491/5491 5492/5492/5492 5493/5493/5493 
f 5491/5491/5491 5493/5493/5493 5494/5494/5494 
f 5495/5495/5495 5496/5496/5496 5497/5497/5497 
f 5498/5498/5498 5499/5499/5499 5500/5500/5500 
f 5498/5498/5498 5500/5500/5500 5501/5501/5501 
f 5502/5502/5502 5503/5503/5503 5504/5504/5504 
f 5505/5505/5505 5506/5506/5506 5507/5507/5507 
f 5505/5505/5505 5507/5507/5507 5508/5508/5508 
f 5509/5509/5509 5510/5510/5510 5511/5511/5511 
f 5509/5509/5509 5511/5511/5511 5512/5512/5512 
f 5513/5513/5513 5514/5514/5514 5515/5515/5515 
f 5513/5513/5513 5515/5515/5515 5516/5516/5516 
f 5517/5517/5517 5518/5518/5518 5519/5519/5519 
f 5517/5517/5517 5519/5519/5519 5520/5520/5520 
f 5521/5521/5521 5522/5522/5522 5523/5523/5523 
f 5524/5524/5524 5525/5525/5525 5526/5526/5526 
f 5524/5524/5524 5526/5526/5526 5527/5527/5527 
f 5528/5528/5528 5529/5529/5529 5530/5530/5530 
f 5536/5536/5536 5537/5537/5537 5538/5538/5538 
f 5536/5536/5536 5538/5538/5538 5539/5539/5539 
f 5544/5544/5544 5545/5545/5545 5546/5546/5546 
f 5544/5544/5544 5546/5546/5546 5547/5547/5547 
f 5549/5549/5549 5550/5550/5550 5551/5551/5551 
f 5549/5549/5549 5551/5551/5551 5552/5552/5552 
f 5553/5553/5553 5554/5554/5554 5555/5555/5555 
f 5556/5556/5556 5557/5557/5557 5558/5558/5558 
f 5561/5561/5561 5562/5562/5562 5563/5563/5563 
f 5564/5564/5564 5565/5565/5565 5566/5566/5566 
f 5567/5567/5567 5568/5568/5568 5569/5569/5569 
f 5567/5567/5567 5569/5569/5569 5570/5570/5570 
f 5571/5571/5571 5572/5572/5572 5573/5573/5573 
f 5571/5571/5571 5573/5573/5573 5574/5574/5574 
f 5575/5575/5575 5576/5576/5576 5577/5577/5577 
f 5578/5578/5578 5579/5579/5579 5580/5580/5580 
f 5581/5581/5581 5582/5582/5582 5583/5583/5583 
f 5581/5581/5581 5583/5583/5583 5584/5584/5584 
f 5585/5585/5585 5586/5586/5586 5587/5587/5587 

g 15

v -33.1197 2.33447 0.217771 
v -32.5619 2.33447 0.217771 
v -32.3718 2.04023 0.032318 
v -33.2753 2.23199 -0.000529706 
v -33.2753 2.04023 -0.000529706 
v -32.4033 2.04023 -0.000529706 
v -33.2753 2.23199 -0.000529706 
v -32.4033 2.23199 -0.000529706 
v -32.4033 2.04023 -0.000529706 
v -33.2753 2.04023 -0.000529706 
v -32.3403 2.23199 0.0652043 
v -33.3406 2.23199 0.0654646 
v -33.3406 2.23199 0.929074 
v -33.2753 2.27312 0.929075 
v -33.1197 2.33447 0.774785 
v -33.1197 2.33447 0.217771 
v -33.2753 2.27312 0.0654541 
v -32.4033 2.27312 0.929024 
v -32.5619 2.33447 0.774785 
v -32.4033 2.23199 0.99877 
v -32.4033 2.27312 0.929024 
v -33.2753 2.27312 0.929075 
v -33.2753 2.23199 0.99877 
v -32.3718 2.23199 0.963922 
v -32.3403 2.23199 0.929074 
v -32.4033 2.27312 0.929024 
v -32.3718 2.23199 0.963922 
v -32.3403 2.23199 0.0652043 
v -32.4033 2.27312 0.0651909 
v -32.4033 2.27312 0.929024 
v -32.3403 2.23199 0.929074 
v -32.4033 2.27312 0.0651909 
v -32.5619 2.33447 0.217771 
v -32.4033 2.27312 0.0651909 
v -32.3403 2.23199 0.0652043 
v -32.3718 2.23199 0.0323373 
v -33.2753 2.23199 0.99877 
v -33.2753 2.27312 0.929075 
v -33.3406 2.23199 0.929074 
v -33.3406 2.23199 0.929074 
v -33.2753 2.27312 0.929075 
v -33.2753 2.27312 0.0654541 
v -33.3406 2.23199 0.0654646 
v -33.3406 2.23199 0.0654646 
v -33.2753 2.27312 0.0654541 
v -33.2753 2.23199 -0.000529706 
v -32.4033 2.23199 -0.000529706 
v -33.2753 2.27312 0.0654541 
v -32.4033 2.27312 0.0651909 
v -32.4033 2.23199 -0.000529706 
v -33.2753 2.23199 -0.000529706 
v -32.8414 2.33423 0.496278 
v -32.3718 2.23199 0.0323373 
v -32.4033 2.23199 -0.000529706 
v -32.4033 2.27312 0.0651909 
v -32.4033 2.27312 0.929024 
v -32.4033 2.23199 0.99877 
v -32.3718 2.23199 0.963922 
v -32.3403 2.04023 0.0651656 
v -32.3403 2.23199 0.0652043 
v -32.3403 2.23199 0.929074 
v -32.3403 2.04023 0.929075 
v -32.5619 2.33447 0.774785 
v -32.3718 2.04023 0.963923 
v -32.3718 2.04023 0.963923 
v -32.3403 2.04023 0.929075 
v -32.3403 2.23199 0.929074 
v -32.3718 2.23199 0.963922 
v -32.5619 2.33447 0.217771 
v -32.3403 2.04023 0.0651656 
v -32.3718 2.04023 0.032318 
v -32.3718 2.23199 0.0323373 
v -32.3403 2.23199 0.0652043 
v -32.4033 2.04023 -0.000529706 
v -32.4033 2.23199 -0.000529706 
v -32.3718 2.04023 0.032318 
v -32.4033 2.04023 -0.000529706 
v -32.4033 2.23199 -0.000529706 
v -32.3718 2.23199 0.0323373 
v -32.3718 2.23199 0.963922 
v -32.4033 2.23199 0.99877 
v -32.4033 2.04023 0.99877 
v -32.3718 2.04023 0.963923 
v -33.3406 2.04023 0.929075 
v -33.3406 2.23199 0.929074 
v -33.1197 2.33447 0.774785 
v -32.5619 2.33447 0.774785 
v -33.2753 2.04023 0.99877 
v -32.4033 2.23199 0.99877 
v -33.2753 2.23199 0.99877 
v -33.2753 2.04023 0.99877 
v -32.4033 2.04023 0.99877 
v -32.3403 2.04023 0.0651656 
v -33.3406 2.04023 0.929075 
v -32.8405 1.99922 0.496408 
v -33.2753 1.99928 0.92905 
v -33.2753 1.99922 0.0651659 
v -32.4033 1.99928 0.9291 
v -32.8405 1.99922 0.496408 
v -32.4033 1.99922 0.065195 
v -33.2753 1.99928 0.92905 
v -32.8405 1.99922 0.496408 
v -32.4033 1.99928 0.9291 
v -33.2753 1.99922 0.0651659 
v -32.4033 1.99922 0.065195 
v -32.8405 1.99922 0.496408 
v -32.3403 2.04023 0.929075 
v -32.4033 1.99928 0.9291 
v -32.4033 1.99922 0.065195 
v -32.3403 2.04023 0.0651656 
v -33.3406 2.04023 0.065426 
v -33.2753 1.99922 0.0651659 
v -33.2753 1.99928 0.92905 
v -33.3406 2.04023 0.929075 
v -33.2753 2.23199 0.99877 
v -33.2753 2.04023 0.99877 
v -33.2753 1.99928 0.92905 
v -32.4033 1.99928 0.9291 
v -32.4033 2.04023 0.99877 
v -32.4033 1.99928 0.9291 
v -32.3403 2.04023 0.929075 
v -32.3718 2.04023 0.963923 
v -32.3718 2.23199 0.963922 
v -32.3718 2.23199 0.0323373 
v -32.3718 2.04023 0.032318 
v -33.3406 2.04023 0.929075 
v -33.2753 1.99928 0.92905 
v -33.2753 2.04023 0.99877 
v -33.2753 2.23199 -0.000529706 
v -33.2753 2.04023 -0.000529706 
v -33.2753 2.04023 -0.000529706 
v -33.2753 1.99922 0.0651659 
v -33.3406 2.04023 0.065426 
v -32.4033 2.04023 -0.000529706 
v -32.4033 1.99922 0.065195 
v -33.2753 1.99922 0.0651659 
v -33.2753 2.04023 -0.000529706 
v -32.4033 1.99922 0.065195 
v -32.4033 2.04023 -0.000529706 
v -32.3718 2.04023 0.032318 
v -32.3718 2.04023 0.032318 
v -32.3403 2.04023 0.0651656 
v -32.4033 1.99922 0.065195 
v -32.3718 2.04023 0.963923 
v -32.4033 2.04023 0.99877 
v -32.4033 1.99928 0.9291 
v -33.3406 2.23199 0.0654646 
v -33.3406 2.04023 0.065426 
v -33.3406 2.04023 0.929075 
v -33.3406 2.23199 0.929074 
v -33.1197 2.33447 0.774785 
v -33.1197 2.33447 0.217771 
v -33.2753 1.99922 0.0651659 
v -33.2753 2.04023 0.99877 
v -33.3406 2.04023 0.929075 
v -33.2753 2.04023 0.99877 
v -33.2753 2.23199 0.99877 
v -33.3406 2.23199 0.929074 
v -33.2753 2.23199 -0.000529706 
v -33.3406 2.23199 0.0654646 
v -33.2753 2.23199 -0.000529706 
v -33.2753 2.04023 -0.000529706 
v -33.3406 2.04023 0.065426 

vn -0.141732 0.976378 -0.141732 
vn 0.141732 0.976378 -0.141732 
vn 0.724409 0 -0.692913 
vn -0.472441 0.748031 -0.464567 
vn -0.708661 0 -0.700787 
vn 0 -0.850394 -0.527559 
vn 0 0 -1 
vn 0 0 -1 
vn 0 0 -1 
vn 0 0 -1 
vn 1 0 0 
vn -1 0 0 
vn -1 0 0 
vn -0.188976 0.96063 0.188976 
vn -0.141732 0.976378 0.141732 
vn -0.141732 0.976378 -0.141732 
vn -0.188976 0.96063 -0.188976 
vn 0.188976 0.96063 0.188976 
vn 0.141732 0.976378 0.141732 
vn 0 0.858268 0.511811 
vn 0 0.858268 0.511811 
vn 0 0.858268 0.511811 
vn 0 0.858268 0.511811 
vn 0.740157 0 0.669291 
vn 0.488189 0.748031 0.440945 
vn 0.488189 0.748031 0.440945 
vn 0.488189 0.748031 0.440945 
vn 0.543307 0.834646 0 
vn 0.543307 0.834646 0 
vn 0.543307 0.834646 0 
vn 0.543307 0.834646 0 
vn 0.188976 0.96063 -0.188976 
vn 0.141732 0.976378 -0.141732 
vn 0.480315 0.740157 -0.464567 
vn 0.480315 0.740157 -0.464567 
vn 0.480315 0.740157 -0.464567 
vn -0.480315 0.755906 0.448819 
vn -0.480315 0.755906 0.448819 
vn -0.480315 0.755906 0.448819 
vn -0.535433 0.84252 0 
vn -0.535433 0.84252 0 
vn -0.535433 0.84252 0 
vn -0.535433 0.84252 0 
vn -0.472441 0.748031 -0.464567 
vn -0.472441 0.748031 -0.464567 
vn -0.472441 0.748031 -0.464567 
vn 0 0 -1 
vn 0 0.850394 -0.527559 
vn 0 0.850394 -0.527559 
vn 0 0.850394 -0.527559 
vn 0 0.850394 -0.527559 
vn 0 1 0 
vn 0.480315 0.740157 -0.464567 
vn 0.480315 0.740157 -0.464567 
vn 0.480315 0.740157 -0.464567 
vn 0.488189 0.748031 0.440945 
vn 0.488189 0.748031 0.440945 
vn 0.488189 0.748031 0.440945 
vn 1 0 0 
vn 1 0 0 
vn 1 0 0 
vn 1 0 0 
vn 0.141732 0.976378 0.141732 
vn 0.488189 -0.748031 0.440945 
vn 0.740157 0 0.669291 
vn 0.740157 0 0.669291 
vn 0.740157 0 0.669291 
vn 0.740157 0 0.669291 
vn 0.141732 0.976378 -0.141732 
vn 0.724409 0 -0.692913 
vn 0.724409 0 -0.692913 
vn 0.724409 0 -0.692913 
vn 0.724409 0 -0.692913 
vn 0 -0.850394 -0.527559 
vn 0 0 -1 
vn 0.724409 0 -0.692913 
vn 0.724409 0 -0.692913 
vn 0.724409 0 -0.692913 
vn 0.724409 0 -0.692913 
vn 0.740157 0 0.669291 
vn 0.740157 0 0.669291 
vn 0.740157 0 0.669291 
vn 0.740157 0 0.669291 
vn -1 0 0 
vn -1 0 0 
vn -0.141732 0.976378 0.141732 
vn 0.141732 0.976378 0.141732 
vn 0 -0.858268 0.503937 
vn 0 0 1 
vn 0 0 1 
vn 0 0 1 
vn 0 0 1 
vn 1 0 0 
vn -1 0 0 
vn 0 -1 0 
vn 0 -1 0 
vn 0 -1 0 
vn 0 -1 0 
vn 0 -1 0 
vn 0 -1 0 
vn 0 -1 0 
vn 0 -1 0 
vn 0 -1 0 
vn 0 -1 0 
vn 0 -1 0 
vn 0 -1 0 
vn 0.543307 -0.834646 0 
vn 0.543307 -0.834646 0 
vn 0.543307 -0.834646 0 
vn 0.543307 -0.834646 0 
vn -0.527559 -0.850394 0 
vn -0.527559 -0.850394 0 
vn -0.527559 -0.850394 0 
vn -0.527559 -0.850394 0 
vn 0 0.858268 0.511811 
vn 0 -0.858268 0.503937 
vn 0 -0.858268 0.503937 
vn 0 -0.858268 0.503937 
vn 0 -0.858268 0.503937 
vn 0.488189 -0.748031 0.440945 
vn 0.488189 -0.748031 0.440945 
vn 0.488189 -0.748031 0.440945 
vn 0.740157 0 0.669291 
vn 0.480315 0.740157 -0.464567 
vn 0.724409 0 -0.692913 
vn -0.472441 -0.755906 0.448819 
vn -0.472441 -0.755906 0.448819 
vn -0.472441 -0.755906 0.448819 
vn -0.472441 0.748031 -0.464567 
vn -0.708661 0 -0.700787 
vn -0.472441 -0.748031 -0.464567 
vn -0.472441 -0.748031 -0.464567 
vn -0.472441 -0.748031 -0.464567 
vn 0 -0.850394 -0.527559 
vn 0 -0.850394 -0.527559 
vn 0 -0.850394 -0.527559 
vn 0 -0.850394 -0.527559 
vn 0.480315 -0.740157 -0.464567 
vn 0.480315 -0.740157 -0.464567 
vn 0.480315 -0.740157 -0.464567 
vn 0.480315 -0.740157 -0.464567 
vn 0.480315 -0.740157 -0.464567 
vn 0.480315 -0.740157 -0.464567 
vn 0.488189 -0.748031 0.440945 
vn 0.488189 -0.748031 0.440945 
vn 0.488189 -0.748031 0.440945 
vn -1 0 0 
vn -1 0 0 
vn -1 0 0 
vn -1 0 0 
vn -0.141732 0.976378 0.141732 
vn -0.141732 0.976378 -0.141732 
vn 0 -1 0 
vn 0 -0.858268 0.503937 
vn -0.732283 0 0.685039 
vn -0.732283 0 0.685039 
vn -0.732283 0 0.685039 
vn -0.732283 0 0.685039 
vn -0.472441 0.748031 -0.464567 
vn -0.708661 0 -0.700787 
vn -0.708661 0 -0.700787 
vn -0.708661 0 -0.700787 
vn -0.708661 0 -0.700787 

vt 0.154027 1.66204 
vt 0.0843088 1.66204 
vt 0.060546 1.62526 
vt 0.173479 1.64923 
vt 0.173479 1.62526 
vt 0.0644817 1.62526 
vt 0.173479 1.64923 
vt 0.0644817 1.64923 
vt 0.0644817 1.62526 
vt 0.173479 1.62526 
vt 0.0648894 1.70361 
vt 0.0649219 1.57857 
vt 0.172873 1.57857 
vt 0.172873 1.58674 
vt 0.153587 1.60619 
vt 0.0839602 1.60619 
vt 0.0649206 1.58674 
vt 0.172867 1.69574 
vt 0.153587 1.67591 
vt 0.181585 1.69574 
vt 0.172867 1.69574 
vt 0.172873 1.58674 
vt 0.181585 1.58674 
vt 0.177229 1.69967 
vt 0.172873 1.70361 
vt 0.172867 1.69574 
vt 0.177229 1.69967 
vt 0.0648894 1.70361 
vt 0.0648877 1.69574 
vt 0.172867 1.69574 
vt 0.172873 1.70361 
vt 0.0648877 1.69574 
vt 0.0839602 1.67591 
vt 0.0648877 1.69574 
vt 0.0648894 1.70361 
vt 0.060781 1.69967 
vt 0.181585 1.58674 
vt 0.172873 1.58674 
vt 0.172873 1.57857 
vt 0.172873 1.57857 
vt 0.172873 1.58674 
vt 0.0649206 1.58674 
vt 0.0649219 1.57857 
vt 0.0649219 1.57857 
vt 0.0649206 1.58674 
vt 0.0566726 1.58674 
vt 0.0566726 1.69574 
vt 0.0649206 1.58674 
vt 0.0648877 1.69574 
vt 0.0566726 1.69574 
vt 0.0566726 1.58674 
vt 0.118774 1.64097 
vt 0.060781 1.69967 
vt 0.0566726 1.69574 
vt 0.0648877 1.69574 
vt 0.172867 1.69574 
vt 0.181585 1.69574 
vt 0.177229 1.69967 
vt 0.173373 1.62526 
vt 0.173368 1.64923 
vt 0.0653846 1.64923 
vt 0.0653844 1.62526 
vt 0.0846707 1.66204 
vt 0.0610285 1.62526 
vt 0.0610285 1.62526 
vt 0.0653844 1.62526 
vt 0.0653846 1.64923 
vt 0.0610286 1.64923 
vt 0.154297 1.66204 
vt 0.173373 1.62526 
vt 0.177479 1.62526 
vt 0.177477 1.64923 
vt 0.173368 1.64923 
vt 0.181585 1.62526 
vt 0.181585 1.64923 
vt 0.177479 1.62526 
vt 0.181585 1.62526 
vt 0.181585 1.64923 
vt 0.177477 1.64923 
vt 0.0610286 1.64923 
vt 0.0566726 1.64923 
vt 0.0566726 1.62526 
vt 0.0610285 1.62526 
vt 0.0566102 1.62526 
vt 0.0566102 1.64923 
vt 0.0842309 1.66204 
vt 0.153949 1.66204 
vt 0.0647731 1.62526 
vt 0.173776 1.64923 
vt 0.0647786 1.64923 
vt 0.0647731 1.62526 
vt 0.173772 1.62526 
vt 0.173373 1.70361 
vt 0.0653844 1.57857 
vt 0.119468 1.64109 
vt 0.0653876 1.58673 
vt 0.173373 1.58674 
vt 0.0653813 1.69573 
vt 0.119468 1.64109 
vt 0.173369 1.69574 
vt 0.0653876 1.58673 
vt 0.119468 1.64109 
vt 0.0653813 1.69573 
vt 0.173373 1.58674 
vt 0.173369 1.69574 
vt 0.119468 1.64109 
vt 0.0653844 1.70361 
vt 0.0653813 1.69573 
vt 0.173369 1.69574 
vt 0.173373 1.70361 
vt 0.173341 1.57857 
vt 0.173373 1.58674 
vt 0.0653876 1.58673 
vt 0.0653844 1.57857 
vt 0.0566726 1.58674 
vt 0.0566726 1.58673 
vt 0.0653876 1.58673 
vt 0.0653813 1.69573 
vt 0.0566726 1.69573 
vt 0.0653813 1.69573 
vt 0.0653844 1.70361 
vt 0.0610285 1.69967 
vt 0.0610286 1.69967 
vt 0.177477 1.69967 
vt 0.177479 1.69967 
vt 0.0653844 1.57857 
vt 0.0653876 1.58673 
vt 0.0566726 1.58673 
vt 0.181585 1.58674 
vt 0.181585 1.58674 
vt 0.181585 1.58674 
vt 0.173373 1.58674 
vt 0.173341 1.57857 
vt 0.181585 1.69574 
vt 0.173369 1.69574 
vt 0.173373 1.58674 
vt 0.181585 1.58674 
vt 0.173369 1.69574 
vt 0.181585 1.69574 
vt 0.177479 1.69967 
vt 0.177479 1.69967 
vt 0.173373 1.70361 
vt 0.173369 1.69574 
vt 0.0610285 1.69967 
vt 0.0566726 1.69573 
vt 0.0653813 1.69573 
vt 0.0649219 1.64923 
vt 0.0649171 1.62526 
vt 0.172873 1.62526 
vt 0.172873 1.64923 
vt 0.153587 1.66204 
vt 0.0839602 1.66204 
vt 0.0648846 1.62014 
vt 0.181585 1.62526 
vt 0.172873 1.62526 
vt 0.181585 1.62526 
vt 0.181585 1.64923 
vt 0.172873 1.64923 
vt 0.0566726 1.64923 
vt 0.0649219 1.64923 
vt 0.0566726 1.64923 
vt 0.0566726 1.62526 
vt 0.0649171 1.62526 

usemtl 1Mtl

f 5594/5594/5594 5595/5595/5595 5596/5596/5596 
f 5594/5594/5594 5596/5596/5596 5597/5597/5597 
f 5601/5601/5601 5602/5602/5602 5603/5603/5603 
f 5601/5601/5601 5603/5603/5603 5604/5604/5604 
f 5602/5602/5602 5601/5601/5601 5605/5605/5605 
f 5602/5602/5602 5605/5605/5605 5606/5606/5606 
f 5607/5607/5607 5608/5608/5608 5609/5609/5609 
f 5607/5607/5607 5609/5609/5609 5610/5610/5610 
f 5612/5612/5612 5613/5613/5613 5614/5614/5614 
f 5615/5615/5615 5616/5616/5616 5617/5617/5617 
f 5615/5615/5615 5617/5617/5617 5618/5618/5618 
f 5606/5606/5606 5605/5605/5605 5619/5619/5619 
f 5606/5606/5606 5619/5619/5619 5620/5620/5620 
f 5621/5621/5621 5622/5622/5622 5623/5623/5623 
f 5624/5624/5624 5625/5625/5625 5626/5626/5626 
f 5627/5627/5627 5628/5628/5628 5629/5629/5629 
f 5627/5627/5627 5629/5629/5629 5630/5630/5630 
f 5631/5631/5631 5632/5632/5632 5633/5633/5633 
f 5635/5635/5635 5636/5636/5636 5637/5637/5637 
f 5635/5635/5635 5637/5637/5637 5638/5638/5638 
f 5604/5604/5604 5603/5603/5603 5620/5620/5620 
f 5604/5604/5604 5620/5620/5620 5619/5619/5619 
f 5606/5606/5606 5639/5639/5639 5602/5602/5602 
f 5639/5639/5639 5620/5620/5620 5603/5603/5603 
f 5639/5639/5639 5603/5603/5603 5602/5602/5602 
f 5606/5606/5606 5620/5620/5620 5639/5639/5639 
f 5640/5640/5640 5641/5641/5641 5642/5642/5642 
f 5643/5643/5643 5644/5644/5644 5645/5645/5645 
f 5646/5646/5646 5647/5647/5647 5648/5648/5648 
f 5646/5646/5646 5648/5648/5648 5649/5649/5649 
f 5652/5652/5652 5653/5653/5653 5654/5654/5654 
f 5652/5652/5652 5654/5654/5654 5655/5655/5655 
f 5657/5657/5657 5658/5658/5658 5659/5659/5659 
f 5657/5657/5657 5659/5659/5659 5660/5660/5660 
f 5663/5663/5663 5664/5664/5664 5665/5665/5665 
f 5663/5663/5663 5665/5665/5665 5666/5666/5666 
f 5667/5667/5667 5668/5668/5668 5669/5669/5669 
f 5667/5667/5667 5669/5669/5669 5670/5670/5670 
f 5676/5676/5676 5677/5677/5677 5678/5678/5678 
f 5676/5676/5676 5678/5678/5678 5679/5679/5679 
f 5682/5682/5682 5683/5683/5683 5684/5684/5684 
f 5685/5685/5685 5686/5686/5686 5687/5687/5687 
f 5688/5688/5688 5689/5689/5689 5690/5690/5690 
f 5691/5691/5691 5692/5692/5692 5693/5693/5693 
f 5694/5694/5694 5695/5695/5695 5696/5696/5696 
f 5694/5694/5694 5696/5696/5696 5697/5697/5697 
f 5698/5698/5698 5699/5699/5699 5700/5700/5700 
f 5698/5698/5698 5700/5700/5700 5701/5701/5701 
f 5703/5703/5703 5704/5704/5704 5705/5705/5705 
f 5703/5703/5703 5705/5705/5705 5706/5706/5706 
f 5707/5707/5707 5708/5708/5708 5709/5709/5709 
f 5713/5713/5713 5714/5714/5714 5715/5715/5715 
f 5718/5718/5718 5719/5719/5719 5720/5720/5720 
f 5721/5721/5721 5722/5722/5722 5723/5723/5723 
f 5721/5721/5721 5723/5723/5723 5724/5724/5724 
f 5725/5725/5725 5726/5726/5726 5727/5727/5727 
f 5728/5728/5728 5729/5729/5729 5730/5730/5730 
f 5731/5731/5731 5732/5732/5732 5733/5733/5733 
f 5734/5734/5734 5735/5735/5735 5736/5736/5736 
f 5734/5734/5734 5736/5736/5736 5737/5737/5737 
f 5742/5742/5742 5743/5743/5743 5744/5744/5744 
f 5742/5742/5742 5744/5744/5744 5745/5745/5745 
f 5747/5747/5747 5748/5748/5748 5749/5749/5749 
f 5747/5747/5747 5749/5749/5749 5750/5750/5750 

