# This file is brought to you by Roblox Corporation
# Generated by Roblox Studio

mtllib robot_3.mtl

g 1

v -8.6088 8.34465e-07 -35.9954 
v -8.6341 8.34465e-07 -36.0276 
v -7.71169 0.199769 -35.9954 
v -7.71169 5.96046e-07 -35.9954 
v -8.60876 0.28593 -36.0598 
v -7.71169 5.96046e-07 -35.9954 
v -7.71169 0.199769 -35.9954 
v -8.6088 0.199769 -35.9954 
v -8.6088 8.34465e-07 -35.9954 
v -7.71028 0.285979 -36.0597 
v -8.60876 0.28593 -36.0598 
v -8.6088 0.199769 -35.9954 
v -7.71169 0.199769 -35.9954 
v -7.71028 0.285979 -36.0597 
v -8.63476 0.199769 -36.9649 
v -7.71169 0.199769 -35.9954 
v -7.71171 0.199769 -36.9961 
v -7.71028 0.285859 -36.9344 
v -8.60877 0.285859 -36.9344 
v -8.60876 0.28593 -36.0598 
v -8.6341 0.199769 -36.0276 
v -7.71028 0.285979 -36.0597 
v -8.61013 8.34465e-07 -36.9953 
v -8.65939 8.34465e-07 -36.9344 
v -8.63476 8.34465e-07 -36.9649 
v -8.15728 0.334844 -36.4889 
v -8.47738 0.335408 -36.2013 
v -7.83832 0.335408 -36.2013 
v -8.60877 0.285859 -36.9344 
v -8.47738 0.335408 -36.7766 
v -7.83832 0.335408 -36.7766 
v -7.71028 0.285859 -36.9344 
v -8.60876 0.28593 -36.0598 
v -8.47738 0.335408 -36.2013 
v -8.47738 0.335408 -36.7766 
v -8.60877 0.285859 -36.9344 
v -7.83832 0.335408 -36.2013 
v -7.71028 0.285979 -36.0597 
v -7.71028 0.285859 -36.9344 
v -7.83832 0.335408 -36.7766 
v -8.60876 0.28593 -36.0598 
v -7.71028 0.285979 -36.0597 
v -7.83832 0.335408 -36.2013 
v -8.47738 0.335408 -36.2013 
v -7.83832 0.335408 -36.7766 
v -8.15728 0.334844 -36.4889 
v -7.83832 0.335408 -36.2013 
v -8.15728 0.334844 -36.4889 
v -7.83832 0.335408 -36.7766 
v -8.47738 0.335408 -36.7766 
v -8.47738 0.335408 -36.2013 
v -8.15728 0.334844 -36.4889 
v -8.47738 0.335408 -36.7766 
v -8.6088 8.34465e-07 -35.9954 
v -8.6341 8.34465e-07 -36.0276 
v -8.63476 8.34465e-07 -36.9649 
v -8.65939 8.34465e-07 -36.9344 
v -8.65939 0.199769 -36.9344 
v -8.63476 0.199769 -36.9649 
v -8.65939 0.199769 -36.9344 
v -8.65939 8.34465e-07 -36.9344 
v -8.6594 8.34465e-07 -36.0598 
v -8.6594 0.199769 -36.0598 
v -8.60877 0.285859 -36.9344 
v -8.65939 0.199769 -36.9344 
v -8.6594 0.199769 -36.0598 
v -8.60876 0.28593 -36.0598 
v -8.6594 0.199769 -36.0598 
v -8.6594 8.34465e-07 -36.0598 
v -8.6341 8.34465e-07 -36.0276 
v -8.6341 0.199769 -36.0276 
v -8.6088 0.199769 -35.9954 
v -8.61013 8.34465e-07 -36.9953 
v -8.60876 0.28593 -36.0598 
v -8.6594 0.199769 -36.0598 
v -8.6341 0.199769 -36.0276 
v -8.60877 0.285859 -36.9344 
v -8.63476 0.199769 -36.9649 
v -8.65939 0.199769 -36.9344 
v -8.6341 8.34465e-07 -36.0276 
v -8.6088 8.34465e-07 -35.9954 
v -8.6088 0.199769 -35.9954 
v -8.6341 0.199769 -36.0276 
v -8.6341 0.199769 -36.0276 
v -8.6088 0.199769 -35.9954 
v -8.60876 0.28593 -36.0598 
v -8.60877 0.285859 -36.9344 
v -8.61013 0.199769 -36.9953 
v -8.63476 0.199769 -36.9649 
v -8.63476 0.199769 -36.9649 
v -8.61013 0.199769 -36.9953 
v -8.61013 8.34465e-07 -36.9953 
v -8.63476 8.34465e-07 -36.9649 
v -7.65919 8.34465e-07 -36.9344 
v -7.71171 8.34465e-07 -36.9961 
v -7.71028 0.285859 -36.9344 
v -8.60877 0.285859 -36.9344 
v -7.71028 0.285859 -36.9344 
v -7.71171 0.199769 -36.9961 
v -8.61013 0.199769 -36.9953 
v -8.60877 0.285859 -36.9344 
v -8.61013 8.34465e-07 -36.9953 
v -8.61013 8.34465e-07 -36.9953 
v -8.61013 0.199769 -36.9953 
v -7.71171 0.199769 -36.9961 
v -7.71171 8.34465e-07 -36.9961 
v -8.6088 8.34465e-07 -36.0598 
v -8.6088 8.34465e-07 -35.9954 
v -8.6341 8.34465e-07 -36.0276 
v -8.63476 0.199769 -36.9649 
v -7.71169 0.199769 -35.9954 
v -7.71169 5.96046e-07 -35.9954 
v -7.65919 8.34465e-07 -36.0598 
v -7.65919 8.34465e-07 -36.9344 
v -7.71027 8.34465e-07 -36.9344 
v -7.71171 8.34465e-07 -36.9961 
v -8.6594 8.34465e-07 -36.0598 
v -7.71171 0.199769 -36.9961 
v -7.65919 8.34465e-07 -36.0598 
v -7.71027 8.34465e-07 -36.0598 
v -7.71027 8.34465e-07 -36.9344 
v -7.65919 8.34465e-07 -36.9344 
v -8.6341 0.199769 -36.0276 
v -7.71169 5.96046e-07 -35.9954 
v -7.71027 8.34465e-07 -36.0598 
v -7.65919 8.34465e-07 -36.0598 
v -7.71171 8.34465e-07 -36.9961 
v -7.71027 8.34465e-07 -36.9344 
v -8.6088 8.34465e-07 -36.9344 
v -8.61013 8.34465e-07 -36.9953 
v -7.71027 8.34465e-07 -36.9344 
v -7.71027 8.34465e-07 -36.0598 
v -8.6088 8.34465e-07 -36.0598 
v -8.6088 8.34465e-07 -36.9344 
v -8.6088 8.34465e-07 -35.9954 
v -8.6088 8.34465e-07 -36.0598 
v -7.71027 8.34465e-07 -36.0598 
v -7.71169 5.96046e-07 -35.9954 
v -8.61013 8.34465e-07 -36.9953 
v -8.6088 8.34465e-07 -36.9344 
v -8.65939 8.34465e-07 -36.9344 
v -8.6088 8.34465e-07 -36.9344 
v -8.6088 8.34465e-07 -36.0598 
v -8.6594 8.34465e-07 -36.0598 
v -8.65939 8.34465e-07 -36.9344 
v -8.6341 8.34465e-07 -36.0276 
v -8.6594 8.34465e-07 -36.0598 
v -8.6088 8.34465e-07 -36.0598 
v -7.71169 0.199769 -35.9954 
v -7.71169 5.96046e-07 -35.9954 
v -7.65919 8.34465e-07 -36.0598 
v -7.65919 0.199769 -36.0598 
v -7.65919 8.34465e-07 -36.9344 
v -7.71171 8.34465e-07 -36.9961 
v -7.65919 0.199769 -36.9344 
v -7.65919 8.34465e-07 -36.9344 
v -7.71171 8.34465e-07 -36.9961 
v -7.71171 0.199769 -36.9961 
v -7.71028 0.285859 -36.9344 
v -7.65919 0.199769 -36.9344 
v -7.71171 0.199769 -36.9961 
v -7.65919 0.199769 -36.0598 
v -7.65919 8.34465e-07 -36.0598 
v -7.65919 8.34465e-07 -36.9344 
v -7.65919 0.199769 -36.9344 
v -7.71028 0.285979 -36.0597 
v -7.71169 0.199769 -35.9954 
v -7.65919 0.199769 -36.0598 
v -7.71028 0.285859 -36.9344 
v -7.71028 0.285979 -36.0597 
v -7.65919 0.199769 -36.0598 
v -7.65919 0.199769 -36.9344 

vn 0 -1 0 
vn 0 -1 0 
vn 0.771654 0 0.629921 
vn 0.771654 0 0.629921 
vn -0.858268 0.503937 0 
vn 0 0 1 
vn 0 0 1 
vn 0 0 1 
vn 0 0 1 
vn 0.700787 0.417323 0.574803 
vn 0 0.598425 0.80315 
vn 0 0.598425 0.80315 
vn 0 0.598425 0.80315 
vn 0 0.598425 0.80315 
vn -0.779528 0 -0.629921 
vn 0.771654 0 0.629921 
vn 0.76378 0 -0.645669 
vn 0.692913 0.409449 -0.590551 
vn -0.858268 0.503937 0 
vn -0.858268 0.503937 0 
vn -0.787402 0 0.622047 
vn 0.700787 0.417323 0.574803 
vn 0 -1 0 
vn 0 -1 0 
vn 0 -1 0 
vn 0 1 0 
vn 0 1 0 
vn 0 1 0 
vn 0 0.952756 -0.299213 
vn 0 0.952756 -0.299213 
vn 0 0.952756 -0.299213 
vn 0 0.952756 -0.299213 
vn -0.354331 0.937008 0 
vn -0.354331 0.937008 0 
vn -0.354331 0.937008 0 
vn -0.354331 0.937008 0 
vn 0.362205 0.929134 0 
vn 0.362205 0.929134 0 
vn 0.362205 0.929134 0 
vn 0.362205 0.929134 0 
vn 0 0.944882 0.330709 
vn 0 0.944882 0.330709 
vn 0 0.944882 0.330709 
vn 0 0.944882 0.330709 
vn 0 1 0 
vn 0 1 0 
vn 0 1 0 
vn 0 1 0 
vn 0 1 0 
vn 0 1 0 
vn 0 1 0 
vn 0 1 0 
vn 0 1 0 
vn 0 -1 0 
vn 0 -1 0 
vn -0.779528 0 -0.629921 
vn -0.779528 0 -0.629921 
vn -0.779528 0 -0.629921 
vn -0.779528 0 -0.629921 
vn -1 0 0 
vn -1 0 0 
vn -1 0 0 
vn -1 0 0 
vn -0.858268 0.503937 0 
vn -0.858268 0.503937 0 
vn -0.858268 0.503937 0 
vn -0.858268 0.503937 0 
vn -0.787402 0 0.622047 
vn -0.787402 0 0.622047 
vn -0.787402 0 0.622047 
vn -0.787402 0 0.622047 
vn 0 0 1 
vn 0 -1 0 
vn -0.716535 0.417323 0.559055 
vn -0.716535 0.417323 0.559055 
vn -0.716535 0.417323 0.559055 
vn -0.708661 0.417323 -0.574803 
vn -0.708661 0.417323 -0.574803 
vn -0.708661 0.417323 -0.574803 
vn -0.787402 0 0.622047 
vn -0.787402 0 0.622047 
vn -0.787402 0 0.622047 
vn -0.787402 0 0.622047 
vn -0.716535 0.417323 0.559055 
vn -0.716535 0.417323 0.559055 
vn -0.716535 0.417323 0.559055 
vn -0.708661 0.417323 -0.574803 
vn -0.708661 0.417323 -0.574803 
vn -0.708661 0.417323 -0.574803 
vn -0.779528 0 -0.629921 
vn -0.779528 0 -0.629921 
vn -0.779528 0 -0.629921 
vn -0.779528 0 -0.629921 
vn 0 -1 0 
vn 0 -1 0 
vn 0.692913 0.409449 -0.590551 
vn -0.858268 0.503937 0 
vn 0 0.582677 -0.811024 
vn 0 0.582677 -0.811024 
vn 0 0.582677 -0.811024 
vn 0 0.582677 -0.811024 
vn 0 -1 0 
vn 0 0 -1 
vn 0 0 -1 
vn 0 0 -1 
vn 0 0 -1 
vn 0 -1 0 
vn 0 -1 0 
vn 0 -1 0 
vn -0.779528 0 -0.629921 
vn 0.771654 0 0.629921 
vn 0.771654 0 0.629921 
vn 0.771654 0 0.629921 
vn 0 -1 0 
vn 0 -1 0 
vn 0 -1 0 
vn -1 0 0 
vn 0.76378 0 -0.645669 
vn 0 -1 0 
vn 0 -1 0 
vn 0 -1 0 
vn 0 -1 0 
vn -0.787402 0 0.622047 
vn 0 -1 0 
vn 0 -1 0 
vn 0 -1 0 
vn 0 -1 0 
vn 0 -1 0 
vn 0 -1 0 
vn 0 -1 0 
vn 0 -1 0 
vn 0 -1 0 
vn 0 -1 0 
vn 0 -1 0 
vn 0 -1 0 
vn 0 -1 0 
vn 0 -1 0 
vn 0 -1 0 
vn 0 -1 0 
vn 0 -1 0 
vn 0 -1 0 
vn 0 -1 0 
vn 0 -1 0 
vn 0 -1 0 
vn 0 -1 0 
vn 0 -1 0 
vn 0 -1 0 
vn 0 -1 0 
vn 0.771654 0 0.629921 
vn 0.771654 0 0.629921 
vn 0.771654 0 0.629921 
vn 0.771654 0 0.629921 
vn 0 -1 0 
vn 0 -1 0 
vn 0.76378 0 -0.645669 
vn 0.76378 0 -0.645669 
vn 0.76378 0 -0.645669 
vn 0.76378 0 -0.645669 
vn 0.692913 0.409449 -0.590551 
vn 0.692913 0.409449 -0.590551 
vn 0.692913 0.409449 -0.590551 
vn 1 0 0 
vn 1 0 0 
vn 1 0 0 
vn 1 0 0 
vn 0.700787 0.417323 0.574803 
vn 0.700787 0.417323 0.574803 
vn 0.700787 0.417323 0.574803 
vn 0.858268 0.511811 0 
vn 0.858268 0.511811 0 
vn 0.858268 0.511811 0 
vn 0.858268 0.511811 0 

vt -0.161396 0.2957 
vt -0.164559 0.2957 
vt -0.0492574 0.320671 
vt -0.0492574 0.2957 
vt -0.161391 0.331442 
vt -0.0492574 0.2957 
vt -0.0492574 0.320671 
vt -0.161396 0.320671 
vt -0.161396 0.2957 
vt -0.0490811 0.331448 
vt -0.161391 0.331442 
vt -0.161396 0.320671 
vt -0.0492574 0.320671 
vt -0.0490811 0.331448 
vt -0.0465707 0.376096 
vt -0.167747 0.260713 
vt -0.0426685 0.260715 
vt -0.0503736 0.260536 
vt -0.0503736 0.372847 
vt -0.159707 0.372846 
vt -0.163727 0.376014 
vt -0.159715 0.260536 
vt -0.0427685 0.373017 
vt -0.0503729 0.379175 
vt -0.0465707 0.376096 
vt -0.106064 0.316412 
vt -0.142021 0.356424 
vt -0.142021 0.276542 
vt -0.0503736 0.372847 
vt -0.0701073 0.356424 
vt -0.0701073 0.276542 
vt -0.0503736 0.260536 
vt -0.159707 0.372846 
vt -0.142021 0.356424 
vt -0.0701073 0.356424 
vt -0.0503736 0.372847 
vt -0.142021 0.276542 
vt -0.159715 0.260536 
vt -0.0503736 0.260536 
vt -0.0701073 0.276542 
vt -0.159707 0.372846 
vt -0.159715 0.260536 
vt -0.142021 0.276542 
vt -0.142021 0.356424 
vt -0.0701073 0.276542 
vt -0.106064 0.316412 
vt -0.142021 0.276542 
vt -0.106064 0.316412 
vt -0.0701073 0.276542 
vt -0.0701073 0.356424 
vt -0.142021 0.356424 
vt -0.106064 0.316412 
vt -0.0701073 0.356424 
vt -0.0426685 0.2957 
vt -0.0466895 0.2957 
vt -0.163845 0.2957 
vt -0.160043 0.2957 
vt -0.160043 0.320671 
vt -0.163845 0.320671 
vt -0.160043 0.320671 
vt -0.160043 0.2957 
vt -0.0507104 0.2957 
vt -0.0507104 0.320671 
vt -0.160042 0.331433 
vt -0.160043 0.320671 
vt -0.0507104 0.320671 
vt -0.0507093 0.331442 
vt -0.0507104 0.320671 
vt -0.0507104 0.2957 
vt -0.0466895 0.2957 
vt -0.0466895 0.320671 
vt -0.0426685 0.320671 
vt -0.167648 0.2957 
vt -0.0507093 0.331442 
vt -0.0507104 0.320671 
vt -0.0466895 0.320671 
vt -0.160042 0.331433 
vt -0.163845 0.320671 
vt -0.160043 0.320671 
vt -0.0466895 0.2957 
vt -0.0426685 0.2957 
vt -0.0426685 0.320671 
vt -0.0466895 0.320671 
vt -0.0466895 0.320671 
vt -0.0426685 0.320671 
vt -0.0507093 0.331442 
vt -0.160042 0.331433 
vt -0.167648 0.320671 
vt -0.163845 0.320671 
vt -0.163845 0.320671 
vt -0.167648 0.320671 
vt -0.167648 0.2957 
vt -0.163845 0.2957 
vt -0.167721 0.2957 
vt -0.161156 0.2957 
vt -0.161335 0.331433 
vt -0.0490241 0.331433 
vt -0.161335 0.331433 
vt -0.161156 0.320671 
vt -0.0488538 0.320671 
vt -0.0490241 0.331433 
vt -0.0488538 0.2957 
vt -0.0488538 0.2957 
vt -0.0488538 0.320671 
vt -0.161156 0.320671 
vt -0.161156 0.2957 
vt -0.0507104 0.372852 
vt -0.0426685 0.372852 
vt -0.0466895 0.376014 
vt -0.163845 0.376096 
vt -0.0426687 0.260713 
vt -0.0426687 0.260713 
vt -0.0507104 0.254151 
vt -0.160043 0.254151 
vt -0.160043 0.260535 
vt -0.167747 0.260715 
vt -0.0507104 0.379176 
vt -0.167747 0.260715 
vt -0.0507104 0.254151 
vt -0.0507104 0.260535 
vt -0.160043 0.260535 
vt -0.160043 0.254151 
vt -0.0466895 0.376014 
vt -0.0426687 0.260713 
vt -0.0507104 0.260535 
vt -0.0507104 0.254151 
vt -0.167747 0.260715 
vt -0.160043 0.260535 
vt -0.160043 0.372852 
vt -0.167648 0.373017 
vt -0.160043 0.260535 
vt -0.0507104 0.260535 
vt -0.0507104 0.372852 
vt -0.160043 0.372852 
vt -0.0426685 0.372852 
vt -0.0507104 0.372852 
vt -0.0507104 0.260535 
vt -0.0426687 0.260713 
vt -0.167648 0.373017 
vt -0.160043 0.372852 
vt -0.160043 0.379175 
vt -0.160043 0.372852 
vt -0.0507104 0.372852 
vt -0.0507104 0.379176 
vt -0.160043 0.379175 
vt -0.0466895 0.376014 
vt -0.0507104 0.379176 
vt -0.0507104 0.372852 
vt -0.167747 0.320671 
vt -0.167747 0.2957 
vt -0.159706 0.2957 
vt -0.159706 0.320671 
vt -0.0503729 0.2957 
vt -0.0426685 0.2957 
vt -0.0503729 0.320671 
vt -0.0503729 0.2957 
vt -0.0426685 0.2957 
vt -0.0426685 0.320671 
vt -0.0503736 0.331433 
vt -0.0503729 0.320671 
vt -0.0426685 0.320671 
vt -0.159706 0.320671 
vt -0.159706 0.2957 
vt -0.0503729 0.2957 
vt -0.0503729 0.320671 
vt -0.159715 0.331448 
vt -0.167747 0.320671 
vt -0.159706 0.320671 
vt -0.0503736 0.331433 
vt -0.159715 0.331448 
vt -0.159706 0.320671 
vt -0.0503729 0.320671 

usemtl 1Mtl

f 6/6/6 7/7/7 8/8/8 
f 6/6/6 8/8/8 9/9/9 
f 11/11/11 12/12/12 13/13/13 
f 11/11/11 13/13/13 14/14/14 
f 23/23/23 24/24/24 25/25/25 
f 26/26/26 27/27/27 28/28/28 
f 29/29/29 30/30/30 31/31/31 
f 29/29/29 31/31/31 32/32/32 
f 33/33/33 34/34/34 35/35/35 
f 33/33/33 35/35/35 36/36/36 
f 37/37/37 38/38/38 39/39/39 
f 37/37/37 39/39/39 40/40/40 
f 41/41/41 42/42/42 43/43/43 
f 41/41/41 43/43/43 44/44/44 
f 45/45/45 46/46/46 47/47/47 
f 48/48/48 49/49/49 50/50/50 
f 51/51/51 52/52/52 53/53/53 
f 56/56/56 57/57/57 58/58/58 
f 56/56/56 58/58/58 59/59/59 
f 60/60/60 61/61/61 62/62/62 
f 60/60/60 62/62/62 63/63/63 
f 64/64/64 65/65/65 66/66/66 
f 64/64/64 66/66/66 67/67/67 
f 68/68/68 69/69/69 70/70/70 
f 68/68/68 70/70/70 71/71/71 
f 74/74/74 75/75/75 76/76/76 
f 77/77/77 78/78/78 79/79/79 
f 80/80/80 81/81/81 82/82/82 
f 80/80/80 82/82/82 83/83/83 
f 84/84/84 85/85/85 86/86/86 
f 87/87/87 88/88/88 89/89/89 
f 90/90/90 91/91/91 92/92/92 
f 90/90/90 92/92/92 93/93/93 
f 98/98/98 99/99/99 100/100/100 
f 98/98/98 100/100/100 101/101/101 
f 103/103/103 104/104/104 105/105/105 
f 103/103/103 105/105/105 106/106/106 
f 107/107/107 108/108/108 109/109/109 
f 114/114/114 115/115/115 116/116/116 
f 119/119/119 120/120/120 121/121/121 
f 119/119/119 121/121/121 122/122/122 
f 124/124/124 125/125/125 126/126/126 
f 127/127/127 128/128/128 129/129/129 
f 127/127/127 129/129/129 130/130/130 
f 131/131/131 132/132/132 133/133/133 
f 131/131/131 133/133/133 134/134/134 
f 135/135/135 136/136/136 137/137/137 
f 135/135/135 137/137/137 138/138/138 
f 139/139/139 140/140/140 141/141/141 
f 142/142/142 143/143/143 144/144/144 
f 142/142/142 144/144/144 145/145/145 
f 146/146/146 147/147/147 148/148/148 
f 149/149/149 150/150/150 151/151/151 
f 149/149/149 151/151/151 152/152/152 
f 155/155/155 156/156/156 157/157/157 
f 155/155/155 157/157/157 158/158/158 
f 159/159/159 160/160/160 161/161/161 
f 162/162/162 163/163/163 164/164/164 
f 162/162/162 164/164/164 165/165/165 
f 166/166/166 167/167/167 168/168/168 
f 169/169/169 170/170/170 171/171/171 
f 169/169/169 171/171/171 172/172/172 

g 2

v -8.43996 3.91979 -35.7159 
v -8.35596 3.89691 -35.7945 
v -8.31697 3.89691 -35.7595 
v -8.31697 3.89691 -35.7595 
v -8.38596 3.91979 -35.6675 
v -8.43996 3.91979 -35.7159 
v -8.51105 3.98494 -35.6492 
v -8.43996 3.91979 -35.7159 
v -8.38596 3.91979 -35.6675 
v -8.38596 3.91979 -35.6675 
v -8.44456 3.98494 -35.5895 
v -8.51105 3.98494 -35.6492 
v -8.55865 4.08247 -35.6047 
v -8.51105 3.98494 -35.6492 
v -8.44456 3.98494 -35.5895 
v -8.44456 3.98494 -35.5895 
v -8.48366 4.08247 -35.5374 
v -8.55865 4.08247 -35.6047 
v -8.57535 4.19749 -35.5891 
v -8.55865 4.08247 -35.6047 
v -8.48366 4.08247 -35.5374 
v -8.48366 4.08247 -35.5374 
v -8.49736 4.19749 -35.5191 
v -8.57535 4.19749 -35.5891 
v -8.57535 4.79575 -35.5891 
v -8.57535 4.19749 -35.5891 
v -8.49736 4.19749 -35.5191 
v -8.49736 4.19749 -35.5191 
v -8.49736 4.79575 -35.5191 
v -8.57535 4.79575 -35.5891 
v -8.55865 4.91077 -35.6047 
v -8.57535 4.79575 -35.5891 
v -8.49736 4.79575 -35.5191 
v -8.49736 4.79575 -35.5191 
v -8.48366 4.91077 -35.5374 
v -8.55865 4.91077 -35.6047 
v -8.51115 5.00829 -35.6492 
v -8.55865 4.91077 -35.6047 
v -8.48366 4.91077 -35.5374 
v -8.48366 4.91077 -35.5374 
v -8.44456 5.00829 -35.5895 
v -8.51115 5.00829 -35.6492 
v -8.43996 5.07345 -35.7159 
v -8.51115 5.00829 -35.6492 
v -8.44456 5.00829 -35.5895 
v -8.44456 5.00829 -35.5895 
v -8.38596 5.07345 -35.6675 
v -8.43996 5.07345 -35.7159 
v -8.35596 5.09633 -35.7945 
v -8.43996 5.07345 -35.7159 
v -8.38596 5.07345 -35.6675 
v -8.38596 5.07345 -35.6675 
v -8.31697 5.09633 -35.7595 
v -8.35596 5.09633 -35.7945 
v -8.38596 3.91979 -35.6675 
v -8.31697 3.89691 -35.7595 
v -8.27247 3.89691 -35.7318 
v -8.27247 3.89691 -35.7318 
v -8.32447 3.91979 -35.6292 
v -8.38596 3.91979 -35.6675 
v -8.44456 3.98494 -35.5895 
v -8.38596 3.91979 -35.6675 
v -8.32447 3.91979 -35.6292 
v -8.32447 3.91979 -35.6292 
v -8.36856 3.98494 -35.5423 
v -8.44456 3.98494 -35.5895 
v -8.48366 4.08247 -35.5374 
v -8.44456 3.98494 -35.5895 
v -8.36856 3.98494 -35.5423 
v -8.36856 3.98494 -35.5423 
v -8.39806 4.08247 -35.4841 
v -8.48366 4.08247 -35.5374 
v -8.49736 4.19749 -35.5191 
v -8.48366 4.08247 -35.5374 
v -8.39806 4.08247 -35.4841 
v -8.39806 4.08247 -35.4841 
v -8.40836 4.19749 -35.4637 
v -8.49736 4.19749 -35.5191 
v -8.49736 4.79575 -35.5191 
v -8.49736 4.19749 -35.5191 
v -8.40836 4.19749 -35.4637 
v -8.40836 4.19749 -35.4637 
v -8.40836 4.79575 -35.4637 
v -8.49736 4.79575 -35.5191 
v -8.48366 4.91077 -35.5374 
v -8.49736 4.79575 -35.5191 
v -8.40836 4.79575 -35.4637 
v -8.40836 4.79575 -35.4637 
v -8.39806 4.91077 -35.4841 
v -8.48366 4.91077 -35.5374 
v -8.44456 5.00829 -35.5895 
v -8.48366 4.91077 -35.5374 
v -8.39806 4.91077 -35.4841 
v -8.39806 4.91077 -35.4841 
v -8.36856 5.00829 -35.5423 
v -8.44456 5.00829 -35.5895 
v -8.38596 5.07345 -35.6675 
v -8.44456 5.00829 -35.5895 
v -8.36856 5.00829 -35.5423 
v -8.36856 5.00829 -35.5423 
v -8.32447 5.07345 -35.6292 
v -8.38596 5.07345 -35.6675 
v -8.31697 5.09633 -35.7595 
v -8.38596 5.07345 -35.6675 
v -8.32447 5.07345 -35.6292 
v -8.32447 5.07345 -35.6292 
v -8.27247 5.09633 -35.7318 
v -8.31697 5.09633 -35.7595 
v -8.32447 3.91979 -35.6292 
v -8.27247 3.89691 -35.7318 
v -8.22387 3.89691 -35.7123 
v -8.22387 3.89691 -35.7123 
v -8.25727 3.91979 -35.6022 
v -8.32447 3.91979 -35.6292 
v -8.36856 3.98494 -35.5423 
v -8.32447 3.91979 -35.6292 
v -8.25727 3.91979 -35.6022 
v -8.25727 3.91979 -35.6022 
v -8.28557 3.98494 -35.5089 
v -8.36856 3.98494 -35.5423 
v -8.39806 4.08247 -35.4841 
v -8.36856 3.98494 -35.5423 
v -8.28557 3.98494 -35.5089 
v -8.28557 3.98494 -35.5089 
v -8.30447 4.08247 -35.4466 
v -8.39806 4.08247 -35.4841 
v -8.40836 4.19749 -35.4637 
v -8.39806 4.08247 -35.4841 
v -8.30447 4.08247 -35.4466 
v -8.30447 4.08247 -35.4466 
v -8.31117 4.19749 -35.4247 
v -8.40836 4.19749 -35.4637 
v -8.40836 4.79575 -35.4637 
v -8.40836 4.19749 -35.4637 
v -8.31117 4.19749 -35.4247 
v -8.31117 4.19749 -35.4247 
v -8.31117 4.79575 -35.4247 
v -8.40836 4.79575 -35.4637 
v -8.39806 4.91077 -35.4841 
v -8.40836 4.79575 -35.4637 
v -8.31117 4.79575 -35.4247 
v -8.31117 4.79575 -35.4247 
v -8.30447 4.91077 -35.4466 
v -8.39806 4.91077 -35.4841 
v -8.36856 5.00829 -35.5423 
v -8.39806 4.91077 -35.4841 
v -8.30447 4.91077 -35.4466 
v -8.30447 4.91077 -35.4466 
v -8.28557 5.00829 -35.5089 
v -8.36856 5.00829 -35.5423 
v -8.32447 5.07345 -35.6292 
v -8.36856 5.00829 -35.5423 
v -8.28557 5.00829 -35.5089 
v -8.28557 5.00829 -35.5089 
v -8.25727 5.07345 -35.6022 
v -8.32447 5.07345 -35.6292 
v -8.27247 5.09633 -35.7318 
v -8.32447 5.07345 -35.6292 
v -8.25727 5.07345 -35.6022 
v -8.25727 5.07345 -35.6022 
v -8.22387 5.09633 -35.7123 
v -8.27247 5.09633 -35.7318 
v -8.25727 3.91979 -35.6022 
v -8.22387 3.89691 -35.7123 
v -8.17258 3.89691 -35.7015 
v -8.17258 3.89691 -35.7015 
v -8.18638 3.91979 -35.5873 
v -8.25727 3.91979 -35.6022 
v -8.28557 3.98494 -35.5089 
v -8.25727 3.91979 -35.6022 
v -8.18638 3.91979 -35.5873 
v -8.18638 3.91979 -35.5873 
v -8.19807 3.98494 -35.4905 
v -8.28557 3.98494 -35.5089 
v -8.30447 4.08247 -35.4466 
v -8.28557 3.98494 -35.5089 
v -8.19807 3.98494 -35.4905 
v -8.19807 3.98494 -35.4905 
v -8.20587 4.08247 -35.4258 
v -8.30447 4.08247 -35.4466 
v -8.31117 4.19749 -35.4247 
v -8.30447 4.08247 -35.4466 
v -8.20587 4.08247 -35.4258 
v -8.20587 4.08247 -35.4258 
v -8.20857 4.19749 -35.4031 
v -8.31117 4.19749 -35.4247 
v -8.31117 4.79575 -35.4247 
v -8.31117 4.19749 -35.4247 
v -8.20857 4.19749 -35.4031 
v -8.20857 4.19749 -35.4031 
v -8.20857 4.79575 -35.4031 
v -8.31117 4.79575 -35.4247 
v -8.30447 4.91077 -35.4466 
v -8.31117 4.79575 -35.4247 
v -8.20857 4.79575 -35.4031 
v -8.20857 4.79575 -35.4031 
v -8.20587 4.91077 -35.4258 
v -8.30447 4.91077 -35.4466 
v -8.28557 5.00829 -35.5089 
v -8.30447 4.91077 -35.4466 
v -8.20587 4.91077 -35.4258 
v -8.20587 4.91077 -35.4258 
v -8.19807 5.00829 -35.4905 
v -8.28557 5.00829 -35.5089 
v -8.25727 5.07345 -35.6022 
v -8.28557 5.00829 -35.5089 
v -8.19807 5.00829 -35.4905 
v -8.19807 5.00829 -35.4905 
v -8.18638 5.07345 -35.5873 
v -8.25727 5.07345 -35.6022 
v -8.22387 5.09633 -35.7123 
v -8.25727 5.07345 -35.6022 
v -8.18638 5.07345 -35.5873 
v -8.18638 5.07345 -35.5873 
v -8.17258 5.09633 -35.7015 
v -8.22387 5.09633 -35.7123 
v -8.18638 3.91979 -35.5873 
v -8.17258 3.89691 -35.7015 
v -8.12018 3.89691 -35.6998 
v -8.12018 3.89691 -35.6998 
v -8.11398 3.91979 -35.5849 
v -8.18638 3.91979 -35.5873 
v -8.19807 3.98494 -35.4905 
v -8.18638 3.91979 -35.5873 
v -8.11398 3.91979 -35.5849 
v -8.11398 3.91979 -35.5849 
v -8.10868 3.98494 -35.4876 
v -8.19807 3.98494 -35.4905 
v -8.20587 4.08247 -35.4258 
v -8.19807 3.98494 -35.4905 
v -8.10868 3.98494 -35.4876 
v -8.10868 3.98494 -35.4876 
v -8.10508 4.08247 -35.4225 
v -8.20587 4.08247 -35.4258 
v -8.20857 4.19749 -35.4031 
v -8.20587 4.08247 -35.4258 
v -8.10508 4.08247 -35.4225 
v -8.10508 4.08247 -35.4225 
v -8.10388 4.19749 -35.3996 
v -8.20857 4.19749 -35.4031 
v -8.20857 4.79575 -35.4031 
v -8.20857 4.19749 -35.4031 
v -8.10388 4.19749 -35.3996 
v -8.10388 4.19749 -35.3996 
v -8.10388 4.79575 -35.3996 
v -8.20857 4.79575 -35.4031 
v -8.20587 4.91077 -35.4258 
v -8.20857 4.79575 -35.4031 
v -8.10388 4.79575 -35.3996 
v -8.10388 4.79575 -35.3996 
v -8.10508 4.91077 -35.4225 
v -8.20587 4.91077 -35.4258 
v -8.19807 5.00829 -35.4905 
v -8.20587 4.91077 -35.4258 
v -8.10508 4.91077 -35.4225 
v -8.10508 4.91077 -35.4225 
v -8.10868 5.00829 -35.4875 
v -8.19807 5.00829 -35.4905 
v -8.18638 5.07345 -35.5873 
v -8.19807 5.00829 -35.4905 
v -8.10868 5.00829 -35.4875 
v -8.10868 5.00829 -35.4875 
v -8.11398 5.07345 -35.5849 
v -8.18638 5.07345 -35.5873 
v -8.17258 5.09633 -35.7015 
v -8.18638 5.07345 -35.5873 
v -8.11398 5.07345 -35.5849 
v -8.11398 5.07345 -35.5849 
v -8.12018 5.09633 -35.6998 
v -8.17258 5.09633 -35.7015 
v -8.11398 3.91979 -35.5849 
v -8.12018 3.89691 -35.6998 
v -8.06828 3.89691 -35.7072 
v -8.06828 3.89691 -35.7072 
v -8.04218 3.91979 -35.5951 
v -8.11398 3.91979 -35.5849 
v -8.10868 3.98494 -35.4876 
v -8.11398 3.91979 -35.5849 
v -8.04218 3.91979 -35.5951 
v -8.04218 3.91979 -35.5951 
v -8.02009 3.98494 -35.5002 
v -8.10868 3.98494 -35.4876 
v -8.10508 4.08247 -35.4225 
v -8.10868 3.98494 -35.4876 
v -8.02009 3.98494 -35.5002 
v -8.02009 3.98494 -35.5002 
v -8.00529 4.08247 -35.4367 
v -8.10508 4.08247 -35.4225 
v -8.10388 4.19749 -35.3996 
v -8.10508 4.08247 -35.4225 
v -8.00529 4.08247 -35.4367 
v -8.00529 4.08247 -35.4367 
v -8.00009 4.19749 -35.4144 
v -8.10388 4.19749 -35.3996 
v -8.10388 4.79575 -35.3996 
v -8.10388 4.19749 -35.3996 
v -8.00009 4.19749 -35.4144 
v -8.00009 4.19749 -35.4144 
v -8.00009 4.79575 -35.4144 
v -8.10388 4.79575 -35.3996 
v -8.10508 4.91077 -35.4225 
v -8.10388 4.79575 -35.3996 
v -8.00009 4.79575 -35.4144 
v -8.00009 4.79575 -35.4144 
v -8.00529 4.91077 -35.4367 
v -8.10508 4.91077 -35.4225 
v -8.10868 5.00829 -35.4875 
v -8.10508 4.91077 -35.4225 
v -8.00529 4.91077 -35.4367 
v -8.00529 4.91077 -35.4367 
v -8.02009 5.00829 -35.5002 
v -8.10868 5.00829 -35.4875 
v -8.11398 5.07345 -35.5849 
v -8.10868 5.00829 -35.4875 
v -8.02009 5.00829 -35.5002 
v -8.02009 5.00829 -35.5002 
v -8.04218 5.07345 -35.5951 
v -8.11398 5.07345 -35.5849 
v -8.12018 5.09633 -35.6998 
v -8.11398 5.07345 -35.5849 
v -8.04218 5.07345 -35.5951 
v -8.04218 5.07345 -35.5951 
v -8.06828 5.09633 -35.7072 
v -8.12018 5.09633 -35.6998 
v -8.04218 3.91979 -35.5951 
v -8.06828 3.89691 -35.7072 
v -8.01849 3.89691 -35.7235 
v -8.01849 3.89691 -35.7235 
v -7.97339 3.91979 -35.6177 
v -8.04218 3.91979 -35.5951 
v -8.02009 3.98494 -35.5002 
v -8.04218 3.91979 -35.5951 
v -7.97339 3.91979 -35.6177 
v -7.97339 3.91979 -35.6177 
v -7.93509 3.98494 -35.528 
v -8.02009 3.98494 -35.5002 
v -8.00529 4.08247 -35.4367 
v -8.02009 3.98494 -35.5002 
v -7.93509 3.98494 -35.528 
v -7.93509 3.98494 -35.528 
v -7.90949 4.08247 -35.4681 
v -8.00529 4.08247 -35.4367 
v -8.00009 4.19749 -35.4144 
v -8.00529 4.08247 -35.4367 
v -7.90949 4.08247 -35.4681 
v -7.90949 4.08247 -35.4681 
v -7.90049 4.19749 -35.447 
v -8.00009 4.19749 -35.4144 
v -8.00009 4.79575 -35.4144 
v -8.00009 4.19749 -35.4144 
v -7.90049 4.19749 -35.447 
v -7.90049 4.19749 -35.447 
v -7.90049 4.79575 -35.447 
v -8.00009 4.79575 -35.4144 
v -8.00529 4.91077 -35.4367 
v -8.00009 4.79575 -35.4144 
v -7.90049 4.79575 -35.447 
v -7.90049 4.79575 -35.447 
v -7.90949 4.91077 -35.468 
v -8.00529 4.91077 -35.4367 
v -8.02009 5.00829 -35.5002 
v -8.00529 4.91077 -35.4367 
v -7.90949 4.91077 -35.468 
v -7.90949 4.91077 -35.468 
v -7.93509 5.00829 -35.528 
v -8.02009 5.00829 -35.5002 
v -8.04218 5.07345 -35.5951 
v -8.02009 5.00829 -35.5002 
v -7.93509 5.00829 -35.528 
v -7.93509 5.00829 -35.528 
v -7.97339 5.07345 -35.6177 
v -8.04218 5.07345 -35.5951 
v -8.06828 5.09633 -35.7072 
v -8.04218 5.07345 -35.5951 
v -7.97339 5.07345 -35.6177 
v -7.97339 5.07345 -35.6177 
v -8.01849 5.09633 -35.7235 
v -8.06828 5.09633 -35.7072 
v -7.97339 3.91979 -35.6177 
v -8.01849 3.89691 -35.7235 
v -7.97229 3.89691 -35.7482 
v -7.97229 3.89691 -35.7482 
v -7.90949 3.91979 -35.6518 
v -7.97339 3.91979 -35.6177 
v -7.93509 3.98494 -35.528 
v -7.97339 3.91979 -35.6177 
v -7.90949 3.91979 -35.6518 
v -7.90949 3.91979 -35.6518 
v -7.8562 3.98494 -35.5701 
v -7.93509 3.98494 -35.528 
v -7.90949 4.08247 -35.4681 
v -7.93509 3.98494 -35.528 
v -7.8562 3.98494 -35.5701 
v -7.8562 3.98494 -35.5701 
v -7.8206 4.08247 -35.5156 
v -7.90949 4.08247 -35.4681 
v -7.90049 4.19749 -35.447 
v -7.90949 4.08247 -35.4681 
v -7.8206 4.08247 -35.5156 
v -7.8206 4.08247 -35.5156 
v -7.8081 4.19749 -35.4964 
v -7.90049 4.19749 -35.447 
v -7.90049 4.79575 -35.447 
v -7.90049 4.19749 -35.447 
v -7.8081 4.19749 -35.4964 
v -7.8081 4.19749 -35.4964 
v -7.8081 4.79575 -35.4964 
v -7.90049 4.79575 -35.447 
v -7.90949 4.91077 -35.468 
v -7.90049 4.79575 -35.447 
v -7.8081 4.79575 -35.4964 
v -7.8081 4.79575 -35.4964 
v -7.8206 4.91077 -35.5156 
v -7.90949 4.91077 -35.468 
v -7.93509 5.00829 -35.528 
v -7.90949 4.91077 -35.468 
v -7.8206 4.91077 -35.5156 
v -7.8206 4.91077 -35.5156 
v -7.8562 5.00829 -35.5701 
v -7.93509 5.00829 -35.528 
v -7.97339 5.07345 -35.6177 
v -7.93509 5.00829 -35.528 
v -7.8562 5.00829 -35.5701 
v -7.8562 5.00829 -35.5701 
v -7.90949 5.07345 -35.6518 
v -7.97339 5.07345 -35.6177 
v -8.01849 5.09633 -35.7235 
v -7.97339 5.07345 -35.6177 
v -7.90949 5.07345 -35.6518 
v -7.90949 5.07345 -35.6518 
v -7.97229 5.09633 -35.7482 
v -8.01849 5.09633 -35.7235 
v -7.90949 3.91979 -35.6518 
v -7.97229 3.89691 -35.7482 
v -7.93109 3.89691 -35.7805 
v -7.93109 3.89691 -35.7805 
v -7.8525 3.91979 -35.6965 
v -7.90949 3.91979 -35.6518 
v -7.8562 3.98494 -35.5701 
v -7.90949 3.91979 -35.6518 
v -7.8525 3.91979 -35.6965 
v -7.8525 3.91979 -35.6965 
v -7.7858 3.98494 -35.6253 
v -7.8562 3.98494 -35.5701 
v -7.8206 4.08247 -35.5156 
v -7.8562 3.98494 -35.5701 
v -7.7858 3.98494 -35.6253 
v -7.7858 3.98494 -35.6253 
v -7.7413 4.08247 -35.5778 
v -7.8206 4.08247 -35.5156 
v -7.8081 4.19749 -35.4964 
v -7.8206 4.08247 -35.5156 
v -7.7413 4.08247 -35.5778 
v -7.7413 4.08247 -35.5778 
v -7.72561 4.19749 -35.5611 
v -7.8081 4.19749 -35.4964 
v -7.8081 4.79575 -35.4964 
v -7.8081 4.19749 -35.4964 
v -7.72561 4.19749 -35.5611 
v -7.72561 4.19749 -35.5611 
v -7.72561 4.79575 -35.5611 
v -7.8081 4.79575 -35.4964 
v -7.8206 4.91077 -35.5156 
v -7.8081 4.79575 -35.4964 
v -7.72561 4.79575 -35.5611 
v -7.72561 4.79575 -35.5611 
v -7.7413 4.91077 -35.5778 
v -7.8206 4.91077 -35.5156 
v -7.8562 5.00829 -35.5701 
v -7.8206 4.91077 -35.5156 
v -7.7413 4.91077 -35.5778 
v -7.7413 4.91077 -35.5778 
v -7.7858 5.00829 -35.6253 
v -7.8562 5.00829 -35.5701 
v -7.90949 5.07345 -35.6518 
v -7.8562 5.00829 -35.5701 
v -7.7858 5.00829 -35.6253 
v -7.7858 5.00829 -35.6253 
v -7.8525 5.07345 -35.6965 
v -7.90949 5.07345 -35.6518 
v -7.97229 5.09633 -35.7482 
v -7.90949 5.07345 -35.6518 
v -7.8525 5.07345 -35.6965 
v -7.8525 5.07345 -35.6965 
v -7.93109 5.09633 -35.7805 
v -7.97229 5.09633 -35.7482 
v -8.13648 5.09633 -35.9999 
v -7.93109 5.09633 -35.7805 
v -7.90549 5.09633 -35.8077 
v -8.13648 5.09633 -35.9999 
v -7.90549 5.09633 -35.8077 
v -7.8787 5.09633 -35.8454 
v -8.13648 5.09633 -35.9999 
v -7.8787 5.09633 -35.8454 
v -7.8546 5.09633 -35.8955 
v -8.13648 5.09633 -35.9999 
v -7.8546 5.09633 -35.8955 
v -7.839 5.09633 -35.9569 
v -8.13648 5.09633 -35.9999 
v -7.839 5.09633 -35.9569 
v -7.8368 5.09633 -36.0233 
v -8.13648 5.09633 -35.9999 
v -7.8368 5.09633 -36.0233 
v -7.8484 5.09633 -36.0855 
v -8.13648 5.09633 -35.9999 
v -7.8484 5.09633 -36.0855 
v -7.8691 5.09633 -36.1372 
v -8.13648 5.09633 -35.9999 
v -7.8691 5.09633 -36.1372 
v -7.89329 5.09633 -36.1766 
v -8.13648 5.09633 -35.9999 
v -7.89329 5.09633 -36.1766 
v -7.91709 5.09633 -36.2054 
v -8.13648 5.09633 -35.9999 
v -7.91709 5.09633 -36.2054 
v -7.94429 5.09633 -36.231 
v -8.13648 5.09633 -35.9999 
v -7.94429 5.09633 -36.231 
v -7.98199 5.09633 -36.2577 
v -8.13648 5.09633 -35.9999 
v -7.98199 5.09633 -36.2577 
v -8.03209 5.09633 -36.2818 
v -8.13648 5.09633 -35.9999 
v -8.03209 5.09633 -36.2818 
v -8.09348 5.09633 -36.2974 
v -8.13648 5.09633 -35.9999 
v -8.09348 5.09633 -36.2974 
v -8.15988 5.09633 -36.2996 
v -8.13648 5.09633 -35.9999 
v -8.15988 5.09633 -36.2996 
v -8.22217 5.09633 -36.2881 
v -8.13648 5.09633 -35.9999 
v -8.22217 5.09633 -36.2881 
v -8.27377 5.09633 -36.2674 
v -8.13648 5.09633 -35.9999 
v -8.27377 5.09633 -36.2674 
v -8.31317 5.09633 -36.2431 
v -8.13648 5.09633 -35.9999 
v -8.31317 5.09633 -36.2431 
v -8.34196 5.09633 -36.2194 
v -8.13648 5.09633 -35.9999 
v -8.34196 5.09633 -36.2194 
v -8.36756 5.09633 -36.1922 
v -8.13648 5.09633 -35.9999 
v -8.36756 5.09633 -36.1922 
v -8.39436 5.09633 -36.1545 
v -8.13648 5.09633 -35.9999 
v -8.39436 5.09633 -36.1545 
v -8.41836 5.09633 -36.1043 
v -8.13648 5.09633 -35.9999 
v -8.41836 5.09633 -36.1043 
v -8.43396 5.09633 -36.0429 
v -8.13648 5.09633 -35.9999 
v -8.43396 5.09633 -36.0429 
v -8.43616 5.09633 -35.9766 
v -8.13648 5.09633 -35.9999 
v -8.43616 5.09633 -35.9766 
v -8.42466 5.09633 -35.9143 
v -8.13648 5.09633 -35.9999 
v -8.42466 5.09633 -35.9143 
v -8.40396 5.09633 -35.8627 
v -8.13648 5.09633 -35.9999 
v -8.40396 5.09633 -35.8627 
v -8.37976 5.09633 -35.8233 
v -8.13648 5.09633 -35.9999 
v -8.37976 5.09633 -35.8233 
v -8.35596 5.09633 -35.7945 
v -8.13648 5.09633 -35.9999 
v -8.35596 5.09633 -35.7945 
v -8.31697 5.09633 -35.7595 
v -8.13648 5.09633 -35.9999 
v -8.31697 5.09633 -35.7595 
v -8.27247 5.09633 -35.7318 
v -8.13648 5.09633 -35.9999 
v -8.27247 5.09633 -35.7318 
v -8.22387 5.09633 -35.7123 
v -8.13648 5.09633 -35.9999 
v -8.22387 5.09633 -35.7123 
v -8.17258 5.09633 -35.7015 
v -8.13648 5.09633 -35.9999 
v -8.17258 5.09633 -35.7015 
v -8.12018 5.09633 -35.6998 
v -8.13648 5.09633 -35.9999 
v -8.12018 5.09633 -35.6998 
v -8.06828 5.09633 -35.7072 
v -8.13648 5.09633 -35.9999 
v -8.06828 5.09633 -35.7072 
v -8.01849 5.09633 -35.7235 
v -8.13648 5.09633 -35.9999 
v -8.01849 5.09633 -35.7235 
v -7.97229 5.09633 -35.7482 
v -8.13648 5.09633 -35.9999 
v -7.97229 5.09633 -35.7482 
v -7.93109 5.09633 -35.7805 
v -8.42056 3.91979 -36.3033 
v -8.34196 3.89691 -36.2194 
v -8.37696 3.89691 -36.1804 
v -8.37696 3.89691 -36.1804 
v -8.46896 3.91979 -36.2494 
v -8.42056 3.91979 -36.3033 
v -8.48715 3.98494 -36.3745 
v -8.42056 3.91979 -36.3033 
v -8.46896 3.91979 -36.2494 
v -8.46896 3.91979 -36.2494 
v -8.54695 3.98494 -36.3079 
v -8.48715 3.98494 -36.3745 
v -8.53175 4.08247 -36.4221 
v -8.48715 3.98494 -36.3745 
v -8.54695 3.98494 -36.3079 
v -8.54695 3.98494 -36.3079 
v -8.59905 4.08247 -36.347 
v -8.53175 4.08247 -36.4221 
v -8.54735 4.19749 -36.4388 
v -8.53175 4.08247 -36.4221 
v -8.59905 4.08247 -36.347 
v -8.59905 4.08247 -36.347 
v -8.61735 4.19749 -36.3608 
v -8.54735 4.19749 -36.4388 
v -8.54735 4.79575 -36.4388 
v -8.54735 4.19749 -36.4388 
v -8.61735 4.19749 -36.3608 
v -8.61735 4.19749 -36.3608 
v -8.61735 4.79575 -36.3608 
v -8.54735 4.79575 -36.4388 
v -8.53175 4.91077 -36.4221 
v -8.54735 4.79575 -36.4388 
v -8.61735 4.79575 -36.3608 
v -8.61735 4.79575 -36.3608 
v -8.59905 4.91077 -36.347 
v -8.53175 4.91077 -36.4221 
v -8.48725 5.00829 -36.3745 
v -8.53175 4.91077 -36.4221 
v -8.59905 4.91077 -36.347 
v -8.59905 4.91077 -36.347 
v -8.54695 5.00829 -36.3079 
v -8.48725 5.00829 -36.3745 
v -8.42056 5.07345 -36.3033 
v -8.48725 5.00829 -36.3745 
v -8.54695 5.00829 -36.3079 
v -8.54695 5.00829 -36.3079 
v -8.46896 5.07345 -36.2494 
v -8.42056 5.07345 -36.3033 
v -8.34196 5.09633 -36.2194 
v -8.42056 5.07345 -36.3033 
v -8.46896 5.07345 -36.2494 
v -8.46896 5.07345 -36.2494 
v -8.36756 5.09633 -36.1922 
v -8.34196 5.09633 -36.2194 
v -8.46896 3.91979 -36.2494 
v -8.37696 3.89691 -36.1804 
v -8.40456 3.89691 -36.1359 
v -8.40456 3.89691 -36.1359 
v -8.50715 3.91979 -36.1879 
v -8.46896 3.91979 -36.2494 
v -8.54695 3.98494 -36.3079 
v -8.46896 3.91979 -36.2494 
v -8.50715 3.91979 -36.1879 
v -8.50715 3.91979 -36.1879 
v -8.59415 3.98494 -36.232 
v -8.54695 3.98494 -36.3079 
v -8.59905 4.08247 -36.347 
v -8.54695 3.98494 -36.3079 
v -8.59415 3.98494 -36.232 
v -8.59415 3.98494 -36.232 
v -8.65224 4.08247 -36.2615 
v -8.59905 4.08247 -36.347 
v -8.61735 4.19749 -36.3608 
v -8.59905 4.08247 -36.347 
v -8.65224 4.08247 -36.2615 
v -8.65224 4.08247 -36.2615 
v -8.67274 4.19749 -36.2718 
v -8.61735 4.19749 -36.3608 
v -8.61735 4.79575 -36.3608 
v -8.61735 4.19749 -36.3608 
v -8.67274 4.19749 -36.2718 
v -8.67274 4.19749 -36.2718 
v -8.67274 4.79575 -36.2718 
v -8.61735 4.79575 -36.3608 
v -8.59905 4.91077 -36.347 
v -8.61735 4.79575 -36.3608 
v -8.67274 4.79575 -36.2718 
v -8.67274 4.79575 -36.2718 
v -8.65224 4.91077 -36.2615 
v -8.59905 4.91077 -36.347 
v -8.54695 5.00829 -36.3079 
v -8.59905 4.91077 -36.347 
v -8.65224 4.91077 -36.2615 
v -8.65224 4.91077 -36.2615 
v -8.59415 5.00829 -36.232 
v -8.54695 5.00829 -36.3079 
v -8.46896 5.07345 -36.2494 
v -8.54695 5.00829 -36.3079 
v -8.59415 5.00829 -36.232 
v -8.59415 5.00829 -36.232 
v -8.50715 5.07345 -36.1879 
v -8.46896 5.07345 -36.2494 
v -8.36756 5.09633 -36.1922 
v -8.46896 5.07345 -36.2494 
v -8.50715 5.07345 -36.1879 
v -8.50715 5.07345 -36.1879 
v -8.39436 5.09633 -36.1545 
v -8.36756 5.09633 -36.1922 
v -8.50715 3.91979 -36.1879 
v -8.40456 3.89691 -36.1359 
v -8.42416 3.89691 -36.0872 
v -8.42416 3.89691 -36.0872 
v -8.53425 3.91979 -36.1207 
v -8.50715 3.91979 -36.1879 
v -8.59415 3.98494 -36.232 
v -8.50715 3.91979 -36.1879 
v -8.53425 3.91979 -36.1207 
v -8.53425 3.91979 -36.1207 
v -8.62755 3.98494 -36.149 
v -8.59415 3.98494 -36.232 
v -8.65224 4.08247 -36.2615 
v -8.59415 3.98494 -36.232 
v -8.62755 3.98494 -36.149 
v -8.62755 3.98494 -36.149 
v -8.68984 4.08247 -36.1679 
v -8.65224 4.08247 -36.2615 
v -8.67274 4.19749 -36.2718 
v -8.65224 4.08247 -36.2615 
v -8.68984 4.08247 -36.1679 
v -8.68984 4.08247 -36.1679 
v -8.71174 4.19749 -36.1746 
v -8.67274 4.19749 -36.2718 
v -8.67274 4.79575 -36.2718 
v -8.67274 4.19749 -36.2718 
v -8.71174 4.19749 -36.1746 
v -8.71174 4.19749 -36.1746 
v -8.71174 4.79575 -36.1746 
v -8.67274 4.79575 -36.2718 
v -8.65224 4.91077 -36.2615 
v -8.67274 4.79575 -36.2718 
v -8.71174 4.79575 -36.1746 
v -8.71174 4.79575 -36.1746 
v -8.68984 4.91077 -36.1679 
v -8.65224 4.91077 -36.2615 
v -8.59415 5.00829 -36.232 
v -8.65224 4.91077 -36.2615 
v -8.68984 4.91077 -36.1679 
v -8.68984 4.91077 -36.1679 
v -8.62755 5.00829 -36.149 
v -8.59415 5.00829 -36.232 
v -8.50715 5.07345 -36.1879 
v -8.59415 5.00829 -36.232 
v -8.62755 5.00829 -36.149 
v -8.62755 5.00829 -36.149 
v -8.53425 5.07345 -36.1207 
v -8.50715 5.07345 -36.1879 
v -8.39436 5.09633 -36.1545 
v -8.50715 5.07345 -36.1879 
v -8.53425 5.07345 -36.1207 
v -8.53425 5.07345 -36.1207 
v -8.41836 5.09633 -36.1043 
v -8.39436 5.09633 -36.1545 
v -8.53425 3.91979 -36.1207 
v -8.42416 3.89691 -36.0872 
v -8.43496 3.89691 -36.036 
v -8.43496 3.89691 -36.036 
v -8.54915 3.91979 -36.0498 
v -8.53425 3.91979 -36.1207 
v -8.62755 3.98494 -36.149 
v -8.53425 3.91979 -36.1207 
v -8.54915 3.91979 -36.0498 
v -8.54915 3.91979 -36.0498 
v -8.64595 3.98494 -36.0615 
v -8.62755 3.98494 -36.149 
v -8.68984 4.08247 -36.1679 
v -8.62755 3.98494 -36.149 
v -8.64595 3.98494 -36.0615 
v -8.64595 3.98494 -36.0615 
v -8.71064 4.08247 -36.0693 
v -8.68984 4.08247 -36.1679 
v -8.71174 4.19749 -36.1746 
v -8.68984 4.08247 -36.1679 
v -8.71064 4.08247 -36.0693 
v -8.71064 4.08247 -36.0693 
v -8.73334 4.19749 -36.072 
v -8.71174 4.19749 -36.1746 
v -8.71174 4.79575 -36.1746 
v -8.71174 4.19749 -36.1746 
v -8.73334 4.19749 -36.072 
v -8.73334 4.19749 -36.072 
v -8.73334 4.79575 -36.072 
v -8.71174 4.79575 -36.1746 
v -8.68984 4.91077 -36.1679 
v -8.71174 4.79575 -36.1746 
v -8.73334 4.79575 -36.072 
v -8.73334 4.79575 -36.072 
v -8.71064 4.91077 -36.0693 
v -8.68984 4.91077 -36.1679 
v -8.62755 5.00829 -36.149 
v -8.68984 4.91077 -36.1679 
v -8.71064 4.91077 -36.0693 
v -8.71064 4.91077 -36.0693 
v -8.64595 5.00829 -36.0615 
v -8.62755 5.00829 -36.149 
v -8.53425 5.07345 -36.1207 
v -8.62755 5.00829 -36.149 
v -8.64595 5.00829 -36.0615 
v -8.64595 5.00829 -36.0615 
v -8.54915 5.07345 -36.0498 
v -8.53425 5.07345 -36.1207 
v -8.41836 5.09633 -36.1043 
v -8.53425 5.07345 -36.1207 
v -8.54915 5.07345 -36.0498 
v -8.54915 5.07345 -36.0498 
v -8.43396 5.09633 -36.0429 
v -8.41836 5.09633 -36.1043 
v -8.54915 3.91979 -36.0498 
v -8.43496 3.89691 -36.036 
v -8.43666 3.89691 -35.9836 
v -8.43666 3.89691 -35.9836 
v -8.55155 3.91979 -35.9774 
v -8.54915 3.91979 -36.0498 
v -8.64595 3.98494 -36.0615 
v -8.54915 3.91979 -36.0498 
v -8.55155 3.91979 -35.9774 
v -8.55155 3.91979 -35.9774 
v -8.64885 3.98494 -35.9721 
v -8.64595 3.98494 -36.0615 
v -8.71064 4.08247 -36.0693 
v -8.64595 3.98494 -36.0615 
v -8.64885 3.98494 -35.9721 
v -8.64885 3.98494 -35.9721 
v -8.71394 4.08247 -35.9685 
v -8.71064 4.08247 -36.0693 
v -8.73334 4.19749 -36.072 
v -8.71064 4.08247 -36.0693 
v -8.71394 4.08247 -35.9685 
v -8.71394 4.08247 -35.9685 
v -8.73684 4.19749 -35.9673 
v -8.73334 4.19749 -36.072 
v -8.73334 4.79575 -36.072 
v -8.73334 4.19749 -36.072 
v -8.73684 4.19749 -35.9673 
v -8.73684 4.19749 -35.9673 
v -8.73684 4.79575 -35.9673 
v -8.73334 4.79575 -36.072 
v -8.71064 4.91077 -36.0693 
v -8.73334 4.79575 -36.072 
v -8.73684 4.79575 -35.9673 
v -8.73684 4.79575 -35.9673 
v -8.71394 4.91077 -35.9685 
v -8.71064 4.91077 -36.0693 
v -8.64595 5.00829 -36.0615 
v -8.71064 4.91077 -36.0693 
v -8.71394 4.91077 -35.9685 
v -8.71394 4.91077 -35.9685 
v -8.64885 5.00829 -35.9721 
v -8.64595 5.00829 -36.0615 
v -8.54915 5.07345 -36.0498 
v -8.64595 5.00829 -36.0615 
v -8.64885 5.00829 -35.9721 
v -8.64885 5.00829 -35.9721 
v -8.55155 5.07345 -35.9774 
v -8.54915 5.07345 -36.0498 
v -8.43396 5.09633 -36.0429 
v -8.54915 5.07345 -36.0498 
v -8.55155 5.07345 -35.9774 
v -8.55155 5.07345 -35.9774 
v -8.43616 5.09633 -35.9766 
v -8.43396 5.09633 -36.0429 
v -8.55155 3.91979 -35.9774 
v -8.43666 3.89691 -35.9836 
v -8.42926 3.89691 -35.9317 
v -8.42926 3.89691 -35.9317 
v -8.54125 3.91979 -35.9056 
v -8.55155 3.91979 -35.9774 
v -8.64885 3.98494 -35.9721 
v -8.55155 3.91979 -35.9774 
v -8.54125 3.91979 -35.9056 
v -8.54125 3.91979 -35.9056 
v -8.63624 3.98494 -35.8835 
v -8.64885 3.98494 -35.9721 
v -8.71394 4.08247 -35.9685 
v -8.64885 3.98494 -35.9721 
v -8.63624 3.98494 -35.8835 
v -8.63624 3.98494 -35.8835 
v -8.69974 4.08247 -35.8687 
v -8.71394 4.08247 -35.9685 
v -8.73684 4.19749 -35.9673 
v -8.71394 4.08247 -35.9685 
v -8.69974 4.08247 -35.8687 
v -8.69974 4.08247 -35.8687 
v -8.72204 4.19749 -35.8635 
v -8.73684 4.19749 -35.9673 
v -8.73684 4.79575 -35.9673 
v -8.73684 4.19749 -35.9673 
v -8.72204 4.19749 -35.8635 
v -8.72204 4.19749 -35.8635 
v -8.72204 4.79575 -35.8635 
v -8.73684 4.79575 -35.9673 
v -8.71394 4.91077 -35.9685 
v -8.73684 4.79575 -35.9673 
v -8.72204 4.79575 -35.8635 
v -8.72204 4.79575 -35.8635 
v -8.69974 4.91077 -35.8687 
v -8.71394 4.91077 -35.9685 
v -8.64885 5.00829 -35.9721 
v -8.71394 4.91077 -35.9685 
v -8.69974 4.91077 -35.8687 
v -8.69974 4.91077 -35.8687 
v -8.63624 5.00829 -35.8835 
v -8.64885 5.00829 -35.9721 
v -8.55155 5.07345 -35.9774 
v -8.64885 5.00829 -35.9721 
v -8.63624 5.00829 -35.8835 
v -8.63624 5.00829 -35.8835 
v -8.54125 5.07345 -35.9056 
v -8.55155 5.07345 -35.9774 
v -8.43616 5.09633 -35.9766 
v -8.55155 5.07345 -35.9774 
v -8.54125 5.07345 -35.9056 
v -8.54125 5.07345 -35.9056 
v -8.42466 5.09633 -35.9143 
v -8.43616 5.09633 -35.9766 
v -8.54125 3.91979 -35.9056 
v -8.42926 3.89691 -35.9317 
v -8.41296 3.89691 -35.8819 
v -8.41296 3.89691 -35.8819 
v -8.51875 3.91979 -35.8368 
v -8.54125 3.91979 -35.9056 
v -8.63624 3.98494 -35.8835 
v -8.54125 3.91979 -35.9056 
v -8.51875 3.91979 -35.8368 
v -8.51875 3.91979 -35.8368 
v -8.60845 3.98494 -35.7985 
v -8.63624 3.98494 -35.8835 
v -8.69974 4.08247 -35.8687 
v -8.63624 3.98494 -35.8835 
v -8.60845 3.98494 -35.7985 
v -8.60845 3.98494 -35.7985 
v -8.66834 4.08247 -35.7729 
v -8.69974 4.08247 -35.8687 
v -8.72204 4.19749 -35.8635 
v -8.69974 4.08247 -35.8687 
v -8.66834 4.08247 -35.7729 
v -8.66834 4.08247 -35.7729 
v -8.68944 4.19749 -35.7639 
v -8.72204 4.19749 -35.8635 
v -8.72204 4.79575 -35.8635 
v -8.72204 4.19749 -35.8635 
v -8.68944 4.19749 -35.7639 
v -8.68944 4.19749 -35.7639 
v -8.68944 4.79575 -35.7639 
v -8.72204 4.79575 -35.8635 
v -8.69974 4.91077 -35.8687 
v -8.72204 4.79575 -35.8635 
v -8.68944 4.79575 -35.7639 
v -8.68944 4.79575 -35.7639 
v -8.66834 4.91077 -35.7729 
v -8.69974 4.91077 -35.8687 
v -8.63624 5.00829 -35.8835 
v -8.69974 4.91077 -35.8687 
v -8.66834 4.91077 -35.7729 
v -8.66834 4.91077 -35.7729 
v -8.60845 5.00829 -35.7985 
v -8.63624 5.00829 -35.8835 
v -8.54125 5.07345 -35.9056 
v -8.63624 5.00829 -35.8835 
v -8.60845 5.00829 -35.7985 
v -8.60845 5.00829 -35.7985 
v -8.51875 5.07345 -35.8368 
v -8.54125 5.07345 -35.9056 
v -8.42466 5.09633 -35.9143 
v -8.54125 5.07345 -35.9056 
v -8.51875 5.07345 -35.8368 
v -8.51875 5.07345 -35.8368 
v -8.40396 5.09633 -35.8627 
v -8.42466 5.09633 -35.9143 
v -8.51875 3.91979 -35.8368 
v -8.41296 3.89691 -35.8819 
v -8.38826 3.89691 -35.8357 
v -8.38826 3.89691 -35.8357 
v -8.48466 3.91979 -35.7729 
v -8.51875 3.91979 -35.8368 
v -8.60845 3.98494 -35.7985 
v -8.51875 3.91979 -35.8368 
v -8.48466 3.91979 -35.7729 
v -8.48466 3.91979 -35.7729 
v -8.56635 3.98494 -35.7196 
v -8.60845 3.98494 -35.7985 
v -8.66834 4.08247 -35.7729 
v -8.60845 3.98494 -35.7985 
v -8.56635 3.98494 -35.7196 
v -8.56635 3.98494 -35.7196 
v -8.62084 4.08247 -35.684 
v -8.66834 4.08247 -35.7729 
v -8.68944 4.19749 -35.7639 
v -8.66834 4.08247 -35.7729 
v -8.62084 4.08247 -35.684 
v -8.62084 4.08247 -35.684 
v -8.64005 4.19749 -35.6715 
v -8.68944 4.19749 -35.7639 
v -8.68944 4.79575 -35.7639 
v -8.68944 4.19749 -35.7639 
v -8.64005 4.19749 -35.6715 
v -8.64005 4.19749 -35.6715 
v -8.64005 4.79575 -35.6715 
v -8.68944 4.79575 -35.7639 
v -8.66834 4.91077 -35.7729 
v -8.68944 4.79575 -35.7639 
v -8.64005 4.79575 -35.6715 
v -8.64005 4.79575 -35.6715 
v -8.62084 4.91077 -35.684 
v -8.66834 4.91077 -35.7729 
v -8.60845 5.00829 -35.7985 
v -8.66834 4.91077 -35.7729 
v -8.62084 4.91077 -35.684 
v -8.62084 4.91077 -35.684 
v -8.56635 5.00829 -35.7196 
v -8.60845 5.00829 -35.7985 
v -8.51875 5.07345 -35.8368 
v -8.60845 5.00829 -35.7985 
v -8.56635 5.00829 -35.7196 
v -8.56635 5.00829 -35.7196 
v -8.48466 5.07345 -35.7729 
v -8.51875 5.07345 -35.8368 
v -8.40396 5.09633 -35.8627 
v -8.51875 5.07345 -35.8368 
v -8.48466 5.07345 -35.7729 
v -8.48466 5.07345 -35.7729 
v -8.37976 5.09633 -35.8233 
v -8.40396 5.09633 -35.8627 
v -8.48466 3.91979 -35.7729 
v -8.38826 3.89691 -35.8357 
v -8.35596 3.89691 -35.7945 
v -8.35596 3.89691 -35.7945 
v -8.43996 3.91979 -35.7159 
v -8.48466 3.91979 -35.7729 
v -8.56635 3.98494 -35.7196 
v -8.48466 3.91979 -35.7729 
v -8.43996 3.91979 -35.7159 
v -8.43996 3.91979 -35.7159 
v -8.51105 3.98494 -35.6492 
v -8.56635 3.98494 -35.7196 
v -8.62084 4.08247 -35.684 
v -8.56635 3.98494 -35.7196 
v -8.51105 3.98494 -35.6492 
v -8.51105 3.98494 -35.6492 
v -8.55865 4.08247 -35.6047 
v -8.62084 4.08247 -35.684 
v -8.64005 4.19749 -35.6715 
v -8.62084 4.08247 -35.684 
v -8.55865 4.08247 -35.6047 
v -8.55865 4.08247 -35.6047 
v -8.57535 4.19749 -35.5891 
v -8.64005 4.19749 -35.6715 
v -8.64005 4.79575 -35.6715 
v -8.64005 4.19749 -35.6715 
v -8.57535 4.19749 -35.5891 
v -8.57535 4.19749 -35.5891 
v -8.57535 4.79575 -35.5891 
v -8.64005 4.79575 -35.6715 
v -8.62084 4.91077 -35.684 
v -8.64005 4.79575 -35.6715 
v -8.57535 4.79575 -35.5891 
v -8.57535 4.79575 -35.5891 
v -8.55865 4.91077 -35.6047 
v -8.62084 4.91077 -35.684 
v -8.56635 5.00829 -35.7196 
v -8.62084 4.91077 -35.684 
v -8.55865 4.91077 -35.6047 
v -8.55865 4.91077 -35.6047 
v -8.51115 5.00829 -35.6492 
v -8.56635 5.00829 -35.7196 
v -8.48466 5.07345 -35.7729 
v -8.56635 5.00829 -35.7196 
v -8.51115 5.00829 -35.6492 
v -8.51115 5.00829 -35.6492 
v -8.43996 5.07345 -35.7159 
v -8.48466 5.07345 -35.7729 
v -8.37976 5.09633 -35.8233 
v -8.48466 5.07345 -35.7729 
v -8.43996 5.07345 -35.7159 
v -8.43996 5.07345 -35.7159 
v -8.35596 5.09633 -35.7945 
v -8.37976 5.09633 -35.8233 
v -7.8331 3.91979 -36.284 
v -7.91709 3.89691 -36.2054 
v -7.95609 3.89691 -36.2403 
v -7.95609 3.89691 -36.2403 
v -7.88699 3.91979 -36.3323 
v -7.8331 3.91979 -36.284 
v -7.7619 3.98494 -36.3506 
v -7.8331 3.91979 -36.284 
v -7.88699 3.91979 -36.3323 
v -7.88699 3.91979 -36.3323 
v -7.8285 3.98494 -36.4103 
v -7.7619 3.98494 -36.3506 
v -7.71431 4.08247 -36.3952 
v -7.7619 3.98494 -36.3506 
v -7.8285 3.98494 -36.4103 
v -7.8285 3.98494 -36.4103 
v -7.7894 4.08247 -36.4625 
v -7.71431 4.08247 -36.3952 
v -7.69761 4.1975 -36.4108 
v -7.71431 4.08247 -36.3952 
v -7.7894 4.08247 -36.4625 
v -7.7894 4.08247 -36.4625 
v -7.7757 4.1975 -36.4808 
v -7.69761 4.1975 -36.4108 
v -7.69761 4.79575 -36.4108 
v -7.69761 4.1975 -36.4108 
v -7.7757 4.1975 -36.4808 
v -7.7757 4.1975 -36.4808 
v -7.7757 4.79575 -36.4808 
v -7.69761 4.79575 -36.4108 
v -7.71431 4.91077 -36.3952 
v -7.69761 4.79575 -36.4108 
v -7.7757 4.79575 -36.4808 
v -7.7757 4.79575 -36.4808 
v -7.7894 4.91077 -36.4625 
v -7.71431 4.91077 -36.3952 
v -7.7619 5.00829 -36.3506 
v -7.71431 4.91077 -36.3952 
v -7.7894 4.91077 -36.4625 
v -7.7894 4.91077 -36.4625 
v -7.8285 5.00829 -36.4103 
v -7.7619 5.00829 -36.3506 
v -7.8331 5.07345 -36.284 
v -7.7619 5.00829 -36.3506 
v -7.8285 5.00829 -36.4103 
v -7.8285 5.00829 -36.4103 
v -7.88699 5.07345 -36.3323 
v -7.8331 5.07345 -36.284 
v -7.91709 5.09633 -36.2054 
v -7.8331 5.07345 -36.284 
v -7.88699 5.07345 -36.3323 
v -7.88699 5.07345 -36.3323 
v -7.94429 5.09633 -36.231 
v -7.91709 5.09633 -36.2054 
v -7.88699 3.91979 -36.3323 
v -7.95609 3.89691 -36.2403 
v -8.00059 3.89691 -36.268 
v -8.00059 3.89691 -36.268 
v -7.94859 3.91979 -36.3706 
v -7.88699 3.91979 -36.3323 
v -7.8285 3.98494 -36.4103 
v -7.88699 3.91979 -36.3323 
v -7.94859 3.91979 -36.3706 
v -7.94859 3.91979 -36.3706 
v -7.90449 3.98494 -36.4576 
v -7.8285 3.98494 -36.4103 
v -7.7894 4.08247 -36.4625 
v -7.8285 3.98494 -36.4103 
v -7.90449 3.98494 -36.4576 
v -7.90449 3.98494 -36.4576 
v -7.875 4.08247 -36.5157 
v -7.7894 4.08247 -36.4625 
v -7.7757 4.1975 -36.4808 
v -7.7894 4.08247 -36.4625 
v -7.875 4.08247 -36.5157 
v -7.875 4.08247 -36.5157 
v -7.8646 4.1975 -36.5361 
v -7.7757 4.1975 -36.4808 
v -7.7757 4.79575 -36.4808 
v -7.7757 4.1975 -36.4808 
v -7.8646 4.1975 -36.5361 
v -7.8646 4.1975 -36.5361 
v -7.8646 4.79575 -36.5361 
v -7.7757 4.79575 -36.4808 
v -7.7894 4.91077 -36.4625 
v -7.7757 4.79575 -36.4808 
v -7.8646 4.79575 -36.5361 
v -7.8646 4.79575 -36.5361 
v -7.875 4.91077 -36.5157 
v -7.7894 4.91077 -36.4625 
v -7.8285 5.00829 -36.4103 
v -7.7894 4.91077 -36.4625 
v -7.875 4.91077 -36.5157 
v -7.875 4.91077 -36.5157 
v -7.90449 5.00829 -36.4576 
v -7.8285 5.00829 -36.4103 
v -7.88699 5.07345 -36.3323 
v -7.8285 5.00829 -36.4103 
v -7.90449 5.00829 -36.4576 
v -7.90449 5.00829 -36.4576 
v -7.94859 5.07345 -36.3706 
v -7.88699 5.07345 -36.3323 
v -7.94429 5.09633 -36.231 
v -7.88699 5.07345 -36.3323 
v -7.94859 5.07345 -36.3706 
v -7.94859 5.07345 -36.3706 
v -7.98199 5.09633 -36.2577 
v -7.94429 5.09633 -36.231 
v -7.94859 3.91979 -36.3706 
v -8.00059 3.89691 -36.268 
v -8.04918 3.89691 -36.2876 
v -8.04918 3.89691 -36.2876 
v -8.01579 3.91979 -36.3976 
v -7.94859 3.91979 -36.3706 
v -7.90449 3.98494 -36.4576 
v -7.94859 3.91979 -36.3706 
v -8.01579 3.91979 -36.3976 
v -8.01579 3.91979 -36.3976 
v -7.98749 3.98494 -36.4909 
v -7.90449 3.98494 -36.4576 
v -7.875 4.08247 -36.5157 
v -7.90449 3.98494 -36.4576 
v -7.98749 3.98494 -36.4909 
v -7.98749 3.98494 -36.4909 
v -7.96849 4.08247 -36.5533 
v -7.875 4.08247 -36.5157 
v -7.8646 4.1975 -36.5361 
v -7.875 4.08247 -36.5157 
v -7.96849 4.08247 -36.5533 
v -7.96849 4.08247 -36.5533 
v -7.96189 4.1975 -36.5752 
v -7.8646 4.1975 -36.5361 
v -7.8646 4.79575 -36.5361 
v -7.8646 4.1975 -36.5361 
v -7.96189 4.1975 -36.5752 
v -7.96189 4.1975 -36.5752 
v -7.96189 4.79575 -36.5752 
v -7.8646 4.79575 -36.5361 
v -7.875 4.91077 -36.5157 
v -7.8646 4.79575 -36.5361 
v -7.96189 4.79575 -36.5752 
v -7.96189 4.79575 -36.5752 
v -7.96849 4.91077 -36.5533 
v -7.875 4.91077 -36.5157 
v -7.90449 5.00829 -36.4576 
v -7.875 4.91077 -36.5157 
v -7.96849 4.91077 -36.5533 
v -7.96849 4.91077 -36.5533 
v -7.98749 5.00829 -36.4909 
v -7.90449 5.00829 -36.4576 
v -7.94859 5.07345 -36.3706 
v -7.90449 5.00829 -36.4576 
v -7.98749 5.00829 -36.4909 
v -7.98749 5.00829 -36.4909 
v -8.01579 5.07345 -36.3976 
v -7.94859 5.07345 -36.3706 
v -7.98199 5.09633 -36.2577 
v -7.94859 5.07345 -36.3706 
v -8.01579 5.07345 -36.3976 
v -8.01579 5.07345 -36.3976 
v -8.03209 5.09633 -36.2818 
v -7.98199 5.09633 -36.2577 
v -8.01579 3.91979 -36.3976 
v -8.04918 3.89691 -36.2876 
v -8.10048 3.89691 -36.2983 
v -8.10048 3.89691 -36.2983 
v -8.08668 3.91979 -36.4125 
v -8.01579 3.91979 -36.3976 
v -7.98749 3.98494 -36.4909 
v -8.01579 3.91979 -36.3976 
v -8.08668 3.91979 -36.4125 
v -8.08668 3.91979 -36.4125 
v -8.07498 3.98494 -36.5094 
v -7.98749 3.98494 -36.4909 
v -7.96849 4.08247 -36.5533 
v -7.98749 3.98494 -36.4909 
v -8.07498 3.98494 -36.5094 
v -8.07498 3.98494 -36.5094 
v -8.06718 4.08247 -36.574 
v -7.96849 4.08247 -36.5533 
v -7.96189 4.1975 -36.5752 
v -7.96849 4.08247 -36.5533 
v -8.06718 4.08247 -36.574 
v -8.06718 4.08247 -36.574 
v -8.06438 4.1975 -36.5968 
v -7.96189 4.1975 -36.5752 
v -7.96189 4.79575 -36.5752 
v -7.96189 4.1975 -36.5752 
v -8.06438 4.1975 -36.5968 
v -8.06438 4.1975 -36.5968 
v -8.06438 4.79575 -36.5968 
v -7.96189 4.79575 -36.5752 
v -7.96849 4.91077 -36.5533 
v -7.96189 4.79575 -36.5752 
v -8.06438 4.79575 -36.5968 
v -8.06438 4.79575 -36.5968 
v -8.06718 4.91077 -36.574 
v -7.96849 4.91077 -36.5533 
v -7.98749 5.00829 -36.4909 
v -7.96849 4.91077 -36.5533 
v -8.06718 4.91077 -36.574 
v -8.06718 4.91077 -36.574 
v -8.07498 5.00829 -36.5094 
v -7.98749 5.00829 -36.4909 
v -8.01579 5.07345 -36.3976 
v -7.98749 5.00829 -36.4909 
v -8.07498 5.00829 -36.5094 
v -8.07498 5.00829 -36.5094 
v -8.08668 5.07345 -36.4125 
v -8.01579 5.07345 -36.3976 
v -8.03209 5.09633 -36.2818 
v -8.01579 5.07345 -36.3976 
v -8.08668 5.07345 -36.4125 
v -8.08668 5.07345 -36.4125 
v -8.09348 5.09633 -36.2974 
v -8.03209 5.09633 -36.2818 
v -8.08668 3.91979 -36.4125 
v -8.10048 3.89691 -36.2983 
v -8.15288 3.89691 -36.3001 
v -8.15288 3.89691 -36.3001 
v -8.15908 3.91979 -36.4149 
v -8.08668 3.91979 -36.4125 
v -8.07498 3.98494 -36.5094 
v -8.08668 3.91979 -36.4125 
v -8.15908 3.91979 -36.4149 
v -8.15908 3.91979 -36.4149 
v -8.16438 3.98494 -36.5123 
v -8.07498 3.98494 -36.5094 
v -8.06718 4.08247 -36.574 
v -8.07498 3.98494 -36.5094 
v -8.16438 3.98494 -36.5123 
v -8.16438 3.98494 -36.5123 
v -8.16788 4.08247 -36.5774 
v -8.06718 4.08247 -36.574 
v -8.06438 4.1975 -36.5968 
v -8.06718 4.08247 -36.574 
v -8.16788 4.08247 -36.5774 
v -8.16788 4.08247 -36.5774 
v -8.16918 4.1975 -36.6002 
v -8.06438 4.1975 -36.5968 
v -8.06438 4.79575 -36.5968 
v -8.06438 4.1975 -36.5968 
v -8.16918 4.1975 -36.6002 
v -8.16918 4.1975 -36.6002 
v -8.16918 4.79575 -36.6002 
v -8.06438 4.79575 -36.5968 
v -8.06718 4.91077 -36.574 
v -8.06438 4.79575 -36.5968 
v -8.16918 4.79575 -36.6002 
v -8.16918 4.79575 -36.6002 
v -8.16788 4.91077 -36.5774 
v -8.06718 4.91077 -36.574 
v -8.07498 5.00829 -36.5094 
v -8.06718 4.91077 -36.574 
v -8.16788 4.91077 -36.5774 
v -8.16788 4.91077 -36.5774 
v -8.16438 5.00829 -36.5123 
v -8.07498 5.00829 -36.5094 
v -8.08668 5.07345 -36.4125 
v -8.07498 5.00829 -36.5094 
v -8.16438 5.00829 -36.5123 
v -8.16438 5.00829 -36.5123 
v -8.15908 5.07345 -36.4149 
v -8.08668 5.07345 -36.4125 
v -8.09348 5.09633 -36.2974 
v -8.08668 5.07345 -36.4125 
v -8.15908 5.07345 -36.4149 
v -8.15908 5.07345 -36.4149 
v -8.15988 5.09633 -36.2996 
v -8.09348 5.09633 -36.2974 
v -8.15908 3.91979 -36.4149 
v -8.15288 3.89691 -36.3001 
v -8.20467 3.89691 -36.2927 
v -8.20467 3.89691 -36.2927 
v -8.23077 3.91979 -36.4047 
v -8.15908 3.91979 -36.4149 
v -8.16438 3.98494 -36.5123 
v -8.15908 3.91979 -36.4149 
v -8.23077 3.91979 -36.4047 
v -8.23077 3.91979 -36.4047 
v -8.25297 3.98494 -36.4997 
v -8.16438 3.98494 -36.5123 
v -8.16788 4.08247 -36.5774 
v -8.16438 3.98494 -36.5123 
v -8.25297 3.98494 -36.4997 
v -8.25297 3.98494 -36.4997 
v -8.26767 4.08247 -36.5631 
v -8.16788 4.08247 -36.5774 
v -8.16918 4.1975 -36.6002 
v -8.16788 4.08247 -36.5774 
v -8.26767 4.08247 -36.5631 
v -8.26767 4.08247 -36.5631 
v -8.27287 4.1975 -36.5854 
v -8.16918 4.1975 -36.6002 
v -8.16918 4.79575 -36.6002 
v -8.16918 4.1975 -36.6002 
v -8.27287 4.1975 -36.5854 
v -8.27287 4.1975 -36.5854 
v -8.27287 4.79575 -36.5854 
v -8.16918 4.79575 -36.6002 
v -8.16788 4.91077 -36.5774 
v -8.16918 4.79575 -36.6002 
v -8.27287 4.79575 -36.5854 
v -8.27287 4.79575 -36.5854 
v -8.26767 4.91077 -36.5631 
v -8.16788 4.91077 -36.5774 
v -8.16438 5.00829 -36.5123 
v -8.16788 4.91077 -36.5774 
v -8.26767 4.91077 -36.5631 
v -8.26767 4.91077 -36.5631 
v -8.25297 5.00829 -36.4997 
v -8.16438 5.00829 -36.5123 
v -8.15908 5.07345 -36.4149 
v -8.16438 5.00829 -36.5123 
v -8.25297 5.00829 -36.4997 
v -8.25297 5.00829 -36.4997 
v -8.23077 5.07345 -36.4047 
v -8.15908 5.07345 -36.4149 
v -8.15988 5.09633 -36.2996 
v -8.15908 5.07345 -36.4149 
v -8.23077 5.07345 -36.4047 
v -8.23077 5.07345 -36.4047 
v -8.22217 5.09633 -36.2881 
v -8.15988 5.09633 -36.2996 
v -8.23077 3.91979 -36.4047 
v -8.20467 3.89691 -36.2927 
v -8.25447 3.89691 -36.2764 
v -8.25447 3.89691 -36.2764 
v -8.29967 3.91979 -36.3822 
v -8.23077 3.91979 -36.4047 
v -8.25297 3.98494 -36.4997 
v -8.23077 3.91979 -36.4047 
v -8.29967 3.91979 -36.3822 
v -8.29967 3.91979 -36.3822 
v -8.33797 3.98494 -36.4719 
v -8.25297 3.98494 -36.4997 
v -8.26767 4.08247 -36.5631 
v -8.25297 3.98494 -36.4997 
v -8.33797 3.98494 -36.4719 
v -8.33797 3.98494 -36.4719 
v -8.36356 4.08247 -36.5318 
v -8.26767 4.08247 -36.5631 
v -8.27287 4.1975 -36.5854 
v -8.26767 4.08247 -36.5631 
v -8.36356 4.08247 -36.5318 
v -8.36356 4.08247 -36.5318 
v -8.37246 4.19749 -36.5528 
v -8.27287 4.1975 -36.5854 
v -8.27287 4.79575 -36.5854 
v -8.27287 4.1975 -36.5854 
v -8.37246 4.19749 -36.5528 
v -8.37246 4.19749 -36.5528 
v -8.37246 4.79575 -36.5528 
v -8.27287 4.79575 -36.5854 
v -8.26767 4.91077 -36.5631 
v -8.27287 4.79575 -36.5854 
v -8.37246 4.79575 -36.5528 
v -8.37246 4.79575 -36.5528 
v -8.36356 4.91077 -36.5318 
v -8.26767 4.91077 -36.5631 
v -8.25297 5.00829 -36.4997 
v -8.26767 4.91077 -36.5631 
v -8.36356 4.91077 -36.5318 
v -8.36356 4.91077 -36.5318 
v -8.33797 5.00829 -36.4719 
v -8.25297 5.00829 -36.4997 
v -8.23077 5.07345 -36.4047 
v -8.25297 5.00829 -36.4997 
v -8.33797 5.00829 -36.4719 
v -8.33797 5.00829 -36.4719 
v -8.29967 5.07345 -36.3822 
v -8.23077 5.07345 -36.4047 
v -8.22217 5.09633 -36.2881 
v -8.23077 5.07345 -36.4047 
v -8.29967 5.07345 -36.3822 
v -8.29967 5.07345 -36.3822 
v -8.27377 5.09633 -36.2674 
v -8.22217 5.09633 -36.2881 
v -8.29967 3.91979 -36.3822 
v -8.25447 3.89691 -36.2764 
v -8.30067 3.89691 -36.2517 
v -8.30067 3.89691 -36.2517 
v -8.36356 3.91979 -36.348 
v -8.29967 3.91979 -36.3822 
v -8.33797 3.98494 -36.4719 
v -8.29967 3.91979 -36.3822 
v -8.36356 3.91979 -36.348 
v -8.36356 3.91979 -36.348 
v -8.41686 3.98494 -36.4297 
v -8.33797 3.98494 -36.4719 
v -8.36356 4.08247 -36.5318 
v -8.33797 3.98494 -36.4719 
v -8.41686 3.98494 -36.4297 
v -8.41686 3.98494 -36.4297 
v -8.45246 4.08247 -36.4843 
v -8.36356 4.08247 -36.5318 
v -8.37246 4.19749 -36.5528 
v -8.36356 4.08247 -36.5318 
v -8.45246 4.08247 -36.4843 
v -8.45246 4.08247 -36.4843 
v -8.46496 4.19749 -36.5035 
v -8.37246 4.19749 -36.5528 
v -8.37246 4.79575 -36.5528 
v -8.37246 4.19749 -36.5528 
v -8.46496 4.19749 -36.5035 
v -8.46496 4.19749 -36.5035 
v -8.46496 4.79575 -36.5035 
v -8.37246 4.79575 -36.5528 
v -8.36356 4.91077 -36.5318 
v -8.37246 4.79575 -36.5528 
v -8.46496 4.79575 -36.5035 
v -8.46496 4.79575 -36.5035 
v -8.45246 4.91077 -36.4843 
v -8.36356 4.91077 -36.5318 
v -8.33797 5.00829 -36.4719 
v -8.36356 4.91077 -36.5318 
v -8.45246 4.91077 -36.4843 
v -8.45246 4.91077 -36.4843 
v -8.41686 5.00829 -36.4297 
v -8.33797 5.00829 -36.4719 
v -8.29967 5.07345 -36.3822 
v -8.33797 5.00829 -36.4719 
v -8.41686 5.00829 -36.4297 
v -8.41686 5.00829 -36.4297 
v -8.36356 5.07345 -36.348 
v -8.29967 5.07345 -36.3822 
v -8.27377 5.09633 -36.2674 
v -8.29967 5.07345 -36.3822 
v -8.36356 5.07345 -36.348 
v -8.36356 5.07345 -36.348 
v -8.31317 5.09633 -36.2431 
v -8.27377 5.09633 -36.2674 
v -8.36356 3.91979 -36.348 
v -8.30067 3.89691 -36.2517 
v -8.34196 3.89691 -36.2194 
v -8.34196 3.89691 -36.2194 
v -8.42056 3.91979 -36.3033 
v -8.36356 3.91979 -36.348 
v -8.41686 3.98494 -36.4297 
v -8.36356 3.91979 -36.348 
v -8.42056 3.91979 -36.3033 
v -8.42056 3.91979 -36.3033 
v -8.48715 3.98494 -36.3745 
v -8.41686 3.98494 -36.4297 
v -8.45246 4.08247 -36.4843 
v -8.41686 3.98494 -36.4297 
v -8.48715 3.98494 -36.3745 
v -8.48715 3.98494 -36.3745 
v -8.53175 4.08247 -36.4221 
v -8.45246 4.08247 -36.4843 
v -8.46496 4.19749 -36.5035 
v -8.45246 4.08247 -36.4843 
v -8.53175 4.08247 -36.4221 
v -8.53175 4.08247 -36.4221 
v -8.54735 4.19749 -36.4388 
v -8.46496 4.19749 -36.5035 
v -8.46496 4.79575 -36.5035 
v -8.46496 4.19749 -36.5035 
v -8.54735 4.19749 -36.4388 
v -8.54735 4.19749 -36.4388 
v -8.54735 4.79575 -36.4388 
v -8.46496 4.79575 -36.5035 
v -8.45246 4.91077 -36.4843 
v -8.46496 4.79575 -36.5035 
v -8.54735 4.79575 -36.4388 
v -8.54735 4.79575 -36.4388 
v -8.53175 4.91077 -36.4221 
v -8.45246 4.91077 -36.4843 
v -8.41686 5.00829 -36.4297 
v -8.45246 4.91077 -36.4843 
v -8.53175 4.91077 -36.4221 
v -8.53175 4.91077 -36.4221 
v -8.48725 5.00829 -36.3745 
v -8.41686 5.00829 -36.4297 
v -8.36356 5.07345 -36.348 
v -8.41686 5.00829 -36.4297 
v -8.48725 5.00829 -36.3745 
v -8.48725 5.00829 -36.3745 
v -8.42056 5.07345 -36.3033 
v -8.36356 5.07345 -36.348 
v -8.31317 5.09633 -36.2431 
v -8.36356 5.07345 -36.348 
v -8.42056 5.07345 -36.3033 
v -8.42056 5.07345 -36.3033 
v -8.34196 5.09633 -36.2194 
v -8.31317 5.09633 -36.2431 
v -7.95609 3.89554 -36.2403 
v -7.91709 3.89554 -36.2054 
v -7.89329 3.89554 -36.1766 
v -7.89329 3.89554 -36.1766 
v -7.96589 3.89554 -36.1597 
v -7.95609 3.89554 -36.2403 
v -8.00059 3.89554 -36.268 
v -7.95609 3.89554 -36.2403 
v -7.96589 3.89554 -36.1597 
v -7.96589 3.89554 -36.1597 
v -7.99439 3.89554 -36.1856 
v -8.00059 3.89554 -36.268 
v -8.04918 3.89554 -36.2876 
v -8.00059 3.89554 -36.268 
v -7.99439 3.89554 -36.1856 
v -7.99439 3.89554 -36.1856 
v -8.03738 3.89554 -36.2117 
v -8.04918 3.89554 -36.2876 
v -8.10048 3.89554 -36.2983 
v -8.04918 3.89554 -36.2876 
v -8.03738 3.89554 -36.2117 
v -8.03738 3.89554 -36.2117 
v -8.09588 3.89554 -36.2302 
v -8.10048 3.89554 -36.2983 
v -8.15288 3.89554 -36.3001 
v -8.10048 3.89554 -36.2983 
v -8.09588 3.89554 -36.2302 
v -8.09588 3.89554 -36.2302 
v -8.16198 3.89554 -36.2323 
v -8.15288 3.89554 -36.3001 
v -8.20467 3.89554 -36.2927 
v -8.15288 3.89554 -36.3001 
v -8.16198 3.89554 -36.2323 
v -8.16198 3.89554 -36.2323 
v -8.22147 3.89554 -36.2177 
v -8.20467 3.89554 -36.2927 
v -8.25447 3.89554 -36.2764 
v -8.20467 3.89554 -36.2927 
v -8.22147 3.89554 -36.2177 
v -8.22147 3.89554 -36.2177 
v -8.26607 3.89554 -36.1945 
v -8.25447 3.89554 -36.2764 
v -8.30067 3.89554 -36.2517 
v -8.25447 3.89554 -36.2764 
v -8.26607 3.89554 -36.1945 
v -8.26607 3.89554 -36.1945 
v -8.29627 3.89554 -36.1706 
v -8.30067 3.89554 -36.2517 
v -8.34196 3.89554 -36.2194 
v -8.30067 3.89554 -36.2517 
v -8.29627 3.89554 -36.1706 
v -8.29627 3.89554 -36.1706 
v -8.37696 3.89554 -36.1804 
v -8.34196 3.89554 -36.2194 
v -7.96589 3.89554 -36.1597 
v -7.89329 3.89554 -36.1766 
v -7.8691 3.89554 -36.1372 
v -7.8691 3.89554 -36.1372 
v -7.94189 3.89554 -36.1295 
v -7.96589 3.89554 -36.1597 
v -7.99439 3.89554 -36.1856 
v -7.96589 3.89554 -36.1597 
v -7.94189 3.89554 -36.1295 
v -7.94189 3.89554 -36.1295 
v -8.01459 3.89554 -36.1141 
v -7.99439 3.89554 -36.1856 
v -8.03738 3.89554 -36.2117 
v -7.99439 3.89554 -36.1856 
v -8.01459 3.89554 -36.1141 
v -8.01459 3.89554 -36.1141 
v -8.04589 3.89554 -36.1402 
v -8.03738 3.89554 -36.2117 
v -8.09588 3.89554 -36.2302 
v -8.03738 3.89554 -36.2117 
v -8.04589 3.89554 -36.1402 
v -8.04589 3.89554 -36.1402 
v -8.09838 3.89554 -36.1625 
v -8.09588 3.89554 -36.2302 
v -8.16198 3.89554 -36.2323 
v -8.09588 3.89554 -36.2302 
v -8.09838 3.89554 -36.1625 
v -8.09838 3.89554 -36.1625 
v -8.16388 3.89554 -36.1647 
v -8.16198 3.89554 -36.2323 
v -8.22147 3.89554 -36.2177 
v -8.16198 3.89554 -36.2323 
v -8.16388 3.89554 -36.1647 
v -8.16388 3.89554 -36.1647 
v -8.21767 3.89554 -36.1459 
v -8.22147 3.89554 -36.2177 
v -8.26607 3.89554 -36.1945 
v -8.22147 3.89554 -36.2177 
v -8.21767 3.89554 -36.1459 
v -8.21767 3.89554 -36.1459 
v -8.25067 3.89554 -36.1218 
v -8.26607 3.89554 -36.1945 
v -8.29627 3.89554 -36.1706 
v -8.26607 3.89554 -36.1945 
v -8.25067 3.89554 -36.1218 
v -8.25067 3.89554 -36.1218 
v -8.32217 3.89554 -36.142 
v -8.29627 3.89554 -36.1706 
v -8.37696 3.89554 -36.1804 
v -8.29627 3.89554 -36.1706 
v -8.32217 3.89554 -36.142 
v -8.32217 3.89554 -36.142 
v -8.40456 3.89554 -36.1359 
v -8.37696 3.89554 -36.1804 
v -7.94189 3.89554 -36.1295 
v -7.8691 3.89554 -36.1372 
v -7.8484 3.89554 -36.0855 
v -7.8484 3.89554 -36.0855 
v -7.91869 3.89554 -36.0849 
v -7.94189 3.89554 -36.1295 
v -8.01459 3.89554 -36.1141 
v -7.94189 3.89554 -36.1295 
v -7.91869 3.89554 -36.0849 
v -7.91869 3.89554 -36.0849 
v -7.99059 3.89554 -36.0811 
v -8.01459 3.89554 -36.1141 
v -8.04589 3.89554 -36.1402 
v -8.01459 3.89554 -36.1141 
v -7.99059 3.89554 -36.0811 
v -7.99059 3.89554 -36.0811 
v -8.06338 3.89554 -36.0684 
v -8.04589 3.89554 -36.1402 
v -8.09838 3.89554 -36.1625 
v -8.04589 3.89554 -36.1402 
v -8.06338 3.89554 -36.0684 
v -8.06338 3.89554 -36.0684 
v -8.10168 3.89554 -36.0939 
v -8.09838 3.89554 -36.1625 
v -8.16388 3.89554 -36.1647 
v -8.09838 3.89554 -36.1625 
v -8.10168 3.89554 -36.0939 
v -8.10168 3.89554 -36.0939 
v -8.16508 3.89554 -36.096 
v -8.16388 3.89554 -36.1647 
v -8.21767 3.89554 -36.1459 
v -8.16388 3.89554 -36.1647 
v -8.16508 3.89554 -36.096 
v -8.16508 3.89554 -36.096 
v -8.20497 3.89554 -36.0731 
v -8.21767 3.89554 -36.1459 
v -8.25067 3.89554 -36.1218 
v -8.21767 3.89554 -36.1459 
v -8.20497 3.89554 -36.0731 
v -8.20497 3.89554 -36.0731 
v -8.27677 3.89554 -36.0905 
v -8.25067 3.89554 -36.1218 
v -8.32217 3.89554 -36.142 
v -8.25067 3.89554 -36.1218 
v -8.27677 3.89554 -36.0905 
v -8.27677 3.89554 -36.0905 
v -8.34826 3.89554 -36.099 
v -8.32217 3.89554 -36.142 
v -8.40456 3.89554 -36.1359 
v -8.32217 3.89554 -36.142 
v -8.34826 3.89554 -36.099 
v -8.34826 3.89554 -36.099 
v -8.42416 3.89554 -36.0872 
v -8.40456 3.89554 -36.1359 
v -7.91869 3.89554 -36.0849 
v -7.8484 3.89554 -36.0855 
v -7.8368 3.89554 -36.0233 
v -7.8368 3.89554 -36.0233 
v -7.90409 3.89554 -36.0253 
v -7.91869 3.89554 -36.0849 
v -7.99059 3.89554 -36.0811 
v -7.91869 3.89554 -36.0849 
v -7.90409 3.89554 -36.0253 
v -7.90409 3.89554 -36.0253 
v -7.97179 3.89554 -36.0273 
v -7.99059 3.89554 -36.0811 
v -8.06338 3.89554 -36.0684 
v -7.99059 3.89554 -36.0811 
v -7.97179 3.89554 -36.0273 
v -7.97179 3.89554 -36.0273 
v -8.04049 3.89554 -36.0285 
v -8.06338 3.89554 -36.0684 
v -8.10168 3.89554 -36.0939 
v -8.06338 3.89554 -36.0684 
v -8.04049 3.89554 -36.0285 
v -8.04049 3.89554 -36.0285 
v -8.11208 3.89554 -36.0228 
v -8.10168 3.89554 -36.0939 
v -8.16508 3.89554 -36.096 
v -8.10168 3.89554 -36.0939 
v -8.11208 3.89554 -36.0228 
v -8.11208 3.89554 -36.0228 
v -8.15938 3.89554 -36.0243 
v -8.16508 3.89554 -36.096 
v -8.20497 3.89554 -36.0731 
v -8.16508 3.89554 -36.096 
v -8.15938 3.89554 -36.0243 
v -8.15938 3.89554 -36.0243 
v -8.23047 3.89554 -36.0347 
v -8.20497 3.89554 -36.0731 
v -8.27677 3.89554 -36.0905 
v -8.20497 3.89554 -36.0731 
v -8.23047 3.89554 -36.0347 
v -8.23047 3.89554 -36.0347 
v -8.29907 3.89554 -36.0381 
v -8.27677 3.89554 -36.0905 
v -8.34826 3.89554 -36.099 
v -8.27677 3.89554 -36.0905 
v -8.29907 3.89554 -36.0381 
v -8.29907 3.89554 -36.0381 
v -8.36676 3.89554 -36.0406 
v -8.34826 3.89554 -36.099 
v -8.42416 3.89554 -36.0872 
v -8.34826 3.89554 -36.099 
v -8.36676 3.89554 -36.0406 
v -8.36676 3.89554 -36.0406 
v -8.43496 3.89554 -36.036 
v -8.42416 3.89554 -36.0872 
v -7.90409 3.89554 -36.0253 
v -7.8368 3.89554 -36.0233 
v -7.839 3.89554 -35.9569 
v -7.839 3.89554 -35.9569 
v -7.90629 3.89554 -35.9593 
v -7.90409 3.89554 -36.0253 
v -7.97179 3.89554 -36.0273 
v -7.90409 3.89554 -36.0253 
v -7.90629 3.89554 -35.9593 
v -7.90629 3.89554 -35.9593 
v -7.97389 3.89554 -35.9618 
v -7.97179 3.89554 -36.0273 
v -8.04049 3.89554 -36.0285 
v -7.97179 3.89554 -36.0273 
v -7.97389 3.89554 -35.9618 
v -7.97389 3.89554 -35.9618 
v -8.04259 3.89554 -35.9651 
v -8.04049 3.89554 -36.0285 
v -8.11208 3.89554 -36.0228 
v -8.04049 3.89554 -36.0285 
v -8.04259 3.89554 -35.9651 
v -8.04259 3.89554 -35.9651 
v -8.11368 3.89554 -35.9755 
v -8.11208 3.89554 -36.0228 
v -8.15938 3.89554 -36.0243 
v -8.11208 3.89554 -36.0228 
v -8.11368 3.89554 -35.9755 
v -8.11368 3.89554 -35.9755 
v -8.16088 3.89554 -35.9771 
v -8.15938 3.89554 -36.0243 
v -8.23047 3.89554 -36.0347 
v -8.15938 3.89554 -36.0243 
v -8.16088 3.89554 -35.9771 
v -8.16088 3.89554 -35.9771 
v -8.23257 3.89554 -35.9714 
v -8.23047 3.89554 -36.0347 
v -8.29907 3.89554 -36.0381 
v -8.23047 3.89554 -36.0347 
v -8.23257 3.89554 -35.9714 
v -8.23257 3.89554 -35.9714 
v -8.30127 3.89554 -35.9726 
v -8.29907 3.89554 -36.0381 
v -8.36676 3.89554 -36.0406 
v -8.29907 3.89554 -36.0381 
v -8.30127 3.89554 -35.9726 
v -8.30127 3.89554 -35.9726 
v -8.36886 3.89554 -35.9745 
v -8.36676 3.89554 -36.0406 
v -8.43496 3.89554 -36.036 
v -8.36676 3.89554 -36.0406 
v -8.36886 3.89554 -35.9745 
v -8.36886 3.89554 -35.9745 
v -8.43666 3.89554 -35.9836 
v -8.43496 3.89554 -36.036 
v -7.90629 3.89554 -35.9593 
v -7.839 3.89554 -35.9569 
v -7.8546 3.89554 -35.8955 
v -7.8546 3.89554 -35.8955 
v -7.92479 3.89554 -35.9008 
v -7.90629 3.89554 -35.9593 
v -7.97389 3.89554 -35.9618 
v -7.90629 3.89554 -35.9593 
v -7.92479 3.89554 -35.9008 
v -7.92479 3.89554 -35.9008 
v -7.99619 3.89554 -35.9093 
v -7.97389 3.89554 -35.9618 
v -8.04259 3.89554 -35.9651 
v -7.97389 3.89554 -35.9618 
v -7.99619 3.89554 -35.9093 
v -7.99619 3.89554 -35.9093 
v -8.06808 3.89554 -35.9268 
v -8.04259 3.89554 -35.9651 
v -8.11368 3.89554 -35.9755 
v -8.04259 3.89554 -35.9651 
v -8.06808 3.89554 -35.9268 
v -8.06808 3.89554 -35.9268 
v -8.10798 3.89554 -35.9039 
v -8.11368 3.89554 -35.9755 
v -8.16088 3.89554 -35.9771 
v -8.11368 3.89554 -35.9755 
v -8.10798 3.89554 -35.9039 
v -8.10798 3.89554 -35.9039 
v -8.17128 3.89554 -35.906 
v -8.16088 3.89554 -35.9771 
v -8.23257 3.89554 -35.9714 
v -8.16088 3.89554 -35.9771 
v -8.17128 3.89554 -35.906 
v -8.17128 3.89554 -35.906 
v -8.20967 3.89554 -35.9314 
v -8.23257 3.89554 -35.9714 
v -8.30127 3.89554 -35.9726 
v -8.23257 3.89554 -35.9714 
v -8.20967 3.89554 -35.9314 
v -8.20967 3.89554 -35.9314 
v -8.28247 3.89554 -35.9188 
v -8.30127 3.89554 -35.9726 
v -8.36886 3.89554 -35.9745 
v -8.30127 3.89554 -35.9726 
v -8.28247 3.89554 -35.9188 
v -8.28247 3.89554 -35.9188 
v -8.35426 3.89554 -35.915 
v -8.36886 3.89554 -35.9745 
v -8.43666 3.89554 -35.9836 
v -8.36886 3.89554 -35.9745 
v -8.35426 3.89554 -35.915 
v -8.35426 3.89554 -35.915 
v -8.42926 3.89554 -35.9317 
v -8.43666 3.89554 -35.9836 
v -7.92479 3.89554 -35.9008 
v -7.8546 3.89554 -35.8955 
v -7.8787 3.89554 -35.8454 
v -7.8787 3.89554 -35.8454 
v -7.95089 3.89554 -35.8579 
v -7.92479 3.89554 -35.9008 
v -7.99619 3.89554 -35.9093 
v -7.92479 3.89554 -35.9008 
v -7.95089 3.89554 -35.8579 
v -7.95089 3.89554 -35.8579 
v -8.02239 3.89554 -35.878 
v -7.99619 3.89554 -35.9093 
v -8.06808 3.89554 -35.9268 
v -7.99619 3.89554 -35.9093 
v -8.02239 3.89554 -35.878 
v -8.02239 3.89554 -35.878 
v -8.05538 3.89554 -35.854 
v -8.06808 3.89554 -35.9268 
v -8.10798 3.89554 -35.9039 
v -8.06808 3.89554 -35.9268 
v -8.05538 3.89554 -35.854 
v -8.05538 3.89554 -35.854 
v -8.10918 3.89554 -35.8352 
v -8.10798 3.89554 -35.9039 
v -8.17128 3.89554 -35.906 
v -8.10798 3.89554 -35.9039 
v -8.10918 3.89554 -35.8352 
v -8.10918 3.89554 -35.8352 
v -8.17468 3.89554 -35.8373 
v -8.17128 3.89554 -35.906 
v -8.20967 3.89554 -35.9314 
v -8.17128 3.89554 -35.906 
v -8.17468 3.89554 -35.8373 
v -8.17468 3.89554 -35.8373 
v -8.22707 3.89554 -35.8596 
v -8.20967 3.89554 -35.9314 
v -8.28247 3.89554 -35.9188 
v -8.20967 3.89554 -35.9314 
v -8.22707 3.89554 -35.8596 
v -8.22707 3.89554 -35.8596 
v -8.25837 3.89554 -35.8858 
v -8.28247 3.89554 -35.9188 
v -8.35426 3.89554 -35.915 
v -8.28247 3.89554 -35.9188 
v -8.25837 3.89554 -35.8858 
v -8.25837 3.89554 -35.8858 
v -8.33117 3.89554 -35.8704 
v -8.35426 3.89554 -35.915 
v -8.42926 3.89554 -35.9317 
v -8.35426 3.89554 -35.915 
v -8.33117 3.89554 -35.8704 
v -8.33117 3.89554 -35.8704 
v -8.41296 3.89554 -35.8819 
v -8.42926 3.89554 -35.9317 
v -7.95089 3.89554 -35.8579 
v -7.8787 3.89554 -35.8454 
v -7.90549 3.89554 -35.8077 
v -7.90549 3.89554 -35.8077 
v -7.97669 3.89554 -35.8293 
v -7.95089 3.89554 -35.8579 
v -8.02239 3.89554 -35.878 
v -7.95089 3.89554 -35.8579 
v -7.97669 3.89554 -35.8293 
v -7.97669 3.89554 -35.8293 
v -8.00699 3.89554 -35.8053 
v -8.02239 3.89554 -35.878 
v -8.05538 3.89554 -35.854 
v -8.02239 3.89554 -35.878 
v -8.00699 3.89554 -35.8053 
v -8.00699 3.89554 -35.8053 
v -8.05158 3.89554 -35.7821 
v -8.05538 3.89554 -35.854 
v -8.10918 3.89554 -35.8352 
v -8.05538 3.89554 -35.854 
v -8.05158 3.89554 -35.7821 
v -8.05158 3.89554 -35.7821 
v -8.11108 3.89554 -35.7675 
v -8.10918 3.89554 -35.8352 
v -8.17468 3.89554 -35.8373 
v -8.10918 3.89554 -35.8352 
v -8.11108 3.89554 -35.7675 
v -8.11108 3.89554 -35.7675 
v -8.17718 3.89554 -35.7697 
v -8.17468 3.89554 -35.8373 
v -8.22707 3.89554 -35.8596 
v -8.17468 3.89554 -35.8373 
v -8.17718 3.89554 -35.7697 
v -8.17718 3.89554 -35.7697 
v -8.23567 3.89554 -35.7882 
v -8.22707 3.89554 -35.8596 
v -8.25837 3.89554 -35.8858 
v -8.22707 3.89554 -35.8596 
v -8.23567 3.89554 -35.7882 
v -8.23567 3.89554 -35.7882 
v -8.27857 3.89554 -35.8143 
v -8.25837 3.89554 -35.8858 
v -8.33117 3.89554 -35.8704 
v -8.25837 3.89554 -35.8858 
v -8.27857 3.89554 -35.8143 
v -8.27857 3.89554 -35.8143 
v -8.30717 3.89554 -35.8401 
v -8.33117 3.89554 -35.8704 
v -8.41296 3.89554 -35.8819 
v -8.33117 3.89554 -35.8704 
v -8.30717 3.89554 -35.8401 
v -8.30717 3.89554 -35.8401 
v -8.38826 3.89554 -35.8357 
v -8.41296 3.89554 -35.8819 
v -7.97669 3.89554 -35.8293 
v -7.90549 3.89554 -35.8077 
v -7.93109 3.89554 -35.7805 
v -7.93109 3.89554 -35.7805 
v -7.97229 3.89554 -35.7482 
v -7.97669 3.89554 -35.8293 
v -8.00699 3.89554 -35.8053 
v -7.97669 3.89554 -35.8293 
v -7.97229 3.89554 -35.7482 
v -7.97229 3.89554 -35.7482 
v -8.01849 3.89554 -35.7235 
v -8.00699 3.89554 -35.8053 
v -8.05158 3.89554 -35.7821 
v -8.00699 3.89554 -35.8053 
v -8.01849 3.89554 -35.7235 
v -8.01849 3.89554 -35.7235 
v -8.06828 3.89554 -35.7072 
v -8.05158 3.89554 -35.7821 
v -8.11108 3.89554 -35.7675 
v -8.05158 3.89554 -35.7821 
v -8.06828 3.89554 -35.7072 
v -8.06828 3.89554 -35.7072 
v -8.12018 3.89554 -35.6998 
v -8.11108 3.89554 -35.7675 
v -8.17718 3.89554 -35.7697 
v -8.11108 3.89554 -35.7675 
v -8.12018 3.89554 -35.6998 
v -8.12018 3.89554 -35.6998 
v -8.17258 3.89554 -35.7015 
v -8.17718 3.89554 -35.7697 
v -8.23567 3.89554 -35.7882 
v -8.17718 3.89554 -35.7697 
v -8.17258 3.89554 -35.7015 
v -8.17258 3.89554 -35.7015 
v -8.22387 3.89554 -35.7123 
v -8.23567 3.89554 -35.7882 
v -8.27857 3.89554 -35.8143 
v -8.23567 3.89554 -35.7882 
v -8.22387 3.89554 -35.7123 
v -8.22387 3.89554 -35.7123 
v -8.27247 3.89554 -35.7318 
v -8.27857 3.89554 -35.8143 
v -8.30717 3.89554 -35.8401 
v -8.27857 3.89554 -35.8143 
v -8.27247 3.89554 -35.7318 
v -8.27247 3.89554 -35.7318 
v -8.31697 3.89554 -35.7595 
v -8.30717 3.89554 -35.8401 
v -8.38826 3.89554 -35.8357 
v -8.30717 3.89554 -35.8401 
v -8.31697 3.89554 -35.7595 
v -8.31697 3.89554 -35.7595 
v -8.35596 3.89554 -35.7945 
v -8.38826 3.89554 -35.8357 
v -7.8525 3.91979 -35.6965 
v -7.93109 3.89691 -35.7805 
v -7.90549 3.89691 -35.8077 
v -7.90549 3.89691 -35.8077 
v -7.8041 3.91979 -35.7505 
v -7.8525 3.91979 -35.6965 
v -7.7858 3.98494 -35.6253 
v -7.8525 3.91979 -35.6965 
v -7.8041 3.91979 -35.7505 
v -7.8041 3.91979 -35.7505 
v -7.72611 3.98494 -35.6919 
v -7.7858 3.98494 -35.6253 
v -7.7413 4.08247 -35.5778 
v -7.7858 3.98494 -35.6253 
v -7.72611 3.98494 -35.6919 
v -7.72611 3.98494 -35.6919 
v -7.67401 4.08247 -35.6528 
v -7.7413 4.08247 -35.5778 
v -7.72561 4.19749 -35.5611 
v -7.7413 4.08247 -35.5778 
v -7.67401 4.08247 -35.6528 
v -7.67401 4.08247 -35.6528 
v -7.65571 4.19749 -35.6391 
v -7.72561 4.19749 -35.5611 
v -7.72561 4.79575 -35.5611 
v -7.72561 4.19749 -35.5611 
v -7.65571 4.19749 -35.6391 
v -7.65571 4.19749 -35.6391 
v -7.65571 4.79575 -35.6391 
v -7.72561 4.79575 -35.5611 
v -7.7413 4.91077 -35.5778 
v -7.72561 4.79575 -35.5611 
v -7.65571 4.79575 -35.6391 
v -7.65571 4.79575 -35.6391 
v -7.67401 4.91077 -35.6528 
v -7.7413 4.91077 -35.5778 
v -7.7858 5.00829 -35.6253 
v -7.7413 4.91077 -35.5778 
v -7.67401 4.91077 -35.6528 
v -7.67401 4.91077 -35.6528 
v -7.72611 5.00829 -35.6919 
v -7.7858 5.00829 -35.6253 
v -7.8525 5.07345 -35.6965 
v -7.7858 5.00829 -35.6253 
v -7.72611 5.00829 -35.6919 
v -7.72611 5.00829 -35.6919 
v -7.8041 5.07345 -35.7505 
v -7.8525 5.07345 -35.6965 
v -7.93109 5.09633 -35.7805 
v -7.8525 5.07345 -35.6965 
v -7.8041 5.07345 -35.7505 
v -7.8041 5.07345 -35.7505 
v -7.90549 5.09633 -35.8077 
v -7.93109 5.09633 -35.7805 
v -7.8041 3.91979 -35.7505 
v -7.90549 3.89691 -35.8077 
v -7.8787 3.89691 -35.8454 
v -7.8787 3.89691 -35.8454 
v -7.7658 3.91979 -35.812 
v -7.8041 3.91979 -35.7505 
v -7.72611 3.98494 -35.6919 
v -7.8041 3.91979 -35.7505 
v -7.7658 3.91979 -35.812 
v -7.7658 3.91979 -35.812 
v -7.67881 3.98494 -35.7679 
v -7.72611 3.98494 -35.6919 
v -7.67401 4.08247 -35.6528 
v -7.72611 3.98494 -35.6919 
v -7.67881 3.98494 -35.7679 
v -7.67881 3.98494 -35.7679 
v -7.62071 4.08247 -35.7384 
v -7.67401 4.08247 -35.6528 
v -7.65571 4.19749 -35.6391 
v -7.67401 4.08247 -35.6528 
v -7.62071 4.08247 -35.7384 
v -7.62071 4.08247 -35.7384 
v -7.60031 4.19749 -35.7281 
v -7.65571 4.19749 -35.6391 
v -7.65571 4.79575 -35.6391 
v -7.65571 4.19749 -35.6391 
v -7.60031 4.19749 -35.7281 
v -7.60031 4.19749 -35.7281 
v -7.60031 4.79575 -35.7281 
v -7.65571 4.79575 -35.6391 
v -7.67401 4.91077 -35.6528 
v -7.65571 4.79575 -35.6391 
v -7.60031 4.79575 -35.7281 
v -7.60031 4.79575 -35.7281 
v -7.62071 4.91077 -35.7384 
v -7.67401 4.91077 -35.6528 
v -7.72611 5.00829 -35.6919 
v -7.67401 4.91077 -35.6528 
v -7.62071 4.91077 -35.7384 
v -7.62071 4.91077 -35.7384 
v -7.67881 5.00829 -35.7679 
v -7.72611 5.00829 -35.6919 
v -7.8041 5.07345 -35.7505 
v -7.72611 5.00829 -35.6919 
v -7.67881 5.00829 -35.7679 
v -7.67881 5.00829 -35.7679 
v -7.7658 5.07345 -35.812 
v -7.8041 5.07345 -35.7505 
v -7.90549 5.09633 -35.8077 
v -7.8041 5.07345 -35.7505 
v -7.7658 5.07345 -35.812 
v -7.7658 5.07345 -35.812 
v -7.8787 5.09633 -35.8454 
v -7.90549 5.09633 -35.8077 
v -7.7658 3.91979 -35.812 
v -7.8787 3.89691 -35.8454 
v -7.8546 3.89691 -35.8955 
v -7.8546 3.89691 -35.8955 
v -7.7388 3.91979 -35.8792 
v -7.7658 3.91979 -35.812 
v -7.67881 3.98494 -35.7679 
v -7.7658 3.91979 -35.812 
v -7.7388 3.91979 -35.8792 
v -7.7388 3.91979 -35.8792 
v -7.64551 3.98494 -35.8509 
v -7.67881 3.98494 -35.7679 
v -7.62071 4.08247 -35.7384 
v -7.67881 3.98494 -35.7679 
v -7.64551 3.98494 -35.8509 
v -7.64551 3.98494 -35.8509 
v -7.58312 4.08247 -35.8319 
v -7.62071 4.08247 -35.7384 
v -7.60031 4.19749 -35.7281 
v -7.62071 4.08247 -35.7384 
v -7.58312 4.08247 -35.8319 
v -7.58312 4.08247 -35.8319 
v -7.56122 4.19749 -35.8253 
v -7.60031 4.19749 -35.7281 
v -7.60031 4.79575 -35.7281 
v -7.60031 4.19749 -35.7281 
v -7.56122 4.19749 -35.8253 
v -7.56122 4.19749 -35.8253 
v -7.56122 4.79575 -35.8253 
v -7.60031 4.79575 -35.7281 
v -7.62071 4.91077 -35.7384 
v -7.60031 4.79575 -35.7281 
v -7.56122 4.79575 -35.8253 
v -7.56122 4.79575 -35.8253 
v -7.58312 4.91077 -35.8319 
v -7.62071 4.91077 -35.7384 
v -7.67881 5.00829 -35.7679 
v -7.62071 4.91077 -35.7384 
v -7.58312 4.91077 -35.8319 
v -7.58312 4.91077 -35.8319 
v -7.64551 5.00829 -35.8509 
v -7.67881 5.00829 -35.7679 
v -7.7658 5.07345 -35.812 
v -7.67881 5.00829 -35.7679 
v -7.64551 5.00829 -35.8509 
v -7.64551 5.00829 -35.8509 
v -7.7388 5.07345 -35.8792 
v -7.7658 5.07345 -35.812 
v -7.8787 5.09633 -35.8454 
v -7.7658 5.07345 -35.812 
v -7.7388 5.07345 -35.8792 
v -7.7388 5.07345 -35.8792 
v -7.8546 5.09633 -35.8955 
v -7.8787 5.09633 -35.8454 
v -7.7388 3.91979 -35.8792 
v -7.8546 3.89691 -35.8955 
v -7.839 3.89691 -35.9569 
v -7.839 3.89691 -35.9569 
v -7.7239 3.91979 -35.9501 
v -7.7388 3.91979 -35.8792 
v -7.64551 3.98494 -35.8509 
v -7.7388 3.91979 -35.8792 
v -7.7239 3.91979 -35.9501 
v -7.7239 3.91979 -35.9501 
v -7.62711 3.98494 -35.9384 
v -7.64551 3.98494 -35.8509 
v -7.58312 4.08247 -35.8319 
v -7.64551 3.98494 -35.8509 
v -7.62711 3.98494 -35.9384 
v -7.62711 3.98494 -35.9384 
v -7.56242 4.08247 -35.9306 
v -7.58312 4.08247 -35.8319 
v -7.56122 4.19749 -35.8253 
v -7.58312 4.08247 -35.8319 
v -7.56242 4.08247 -35.9306 
v -7.56242 4.08247 -35.9306 
v -7.53972 4.1975 -35.9278 
v -7.56122 4.19749 -35.8253 
v -7.56122 4.79575 -35.8253 
v -7.56122 4.19749 -35.8253 
v -7.53972 4.1975 -35.9278 
v -7.53972 4.1975 -35.9278 
v -7.53972 4.79575 -35.9278 
v -7.56122 4.79575 -35.8253 
v -7.58312 4.91077 -35.8319 
v -7.56122 4.79575 -35.8253 
v -7.53972 4.79575 -35.9278 
v -7.53972 4.79575 -35.9278 
v -7.56242 4.91077 -35.9306 
v -7.58312 4.91077 -35.8319 
v -7.64551 5.00829 -35.8509 
v -7.58312 4.91077 -35.8319 
v -7.56242 4.91077 -35.9306 
v -7.56242 4.91077 -35.9306 
v -7.62711 5.00829 -35.9384 
v -7.64551 5.00829 -35.8509 
v -7.7388 5.07345 -35.8792 
v -7.64551 5.00829 -35.8509 
v -7.62711 5.00829 -35.9384 
v -7.62711 5.00829 -35.9384 
v -7.7239 5.07345 -35.9501 
v -7.7388 5.07345 -35.8792 
v -7.8546 5.09633 -35.8955 
v -7.7388 5.07345 -35.8792 
v -7.7239 5.07345 -35.9501 
v -7.7239 5.07345 -35.9501 
v -7.839 5.09633 -35.9569 
v -7.8546 5.09633 -35.8955 
v -7.7239 3.91979 -35.9501 
v -7.839 3.89691 -35.9569 
v -7.8368 3.89691 -36.0233 
v -7.8368 3.89691 -36.0233 
v -7.7215 3.91979 -36.0225 
v -7.7239 3.91979 -35.9501 
v -7.62711 3.98494 -35.9384 
v -7.7239 3.91979 -35.9501 
v -7.7215 3.91979 -36.0225 
v -7.7215 3.91979 -36.0225 
v -7.62411 3.98494 -36.0278 
v -7.62711 3.98494 -35.9384 
v -7.56242 4.08247 -35.9306 
v -7.62711 3.98494 -35.9384 
v -7.62411 3.98494 -36.0278 
v -7.62411 3.98494 -36.0278 
v -7.55912 4.08247 -36.0313 
v -7.56242 4.08247 -35.9306 
v -7.53972 4.1975 -35.9278 
v -7.56242 4.08247 -35.9306 
v -7.55912 4.08247 -36.0313 
v -7.55912 4.08247 -36.0313 
v -7.53622 4.1975 -36.0326 
v -7.53972 4.1975 -35.9278 
v -7.53972 4.79575 -35.9278 
v -7.53972 4.1975 -35.9278 
v -7.53622 4.1975 -36.0326 
v -7.53622 4.1975 -36.0326 
v -7.53622 4.79575 -36.0326 
v -7.53972 4.79575 -35.9278 
v -7.56242 4.91077 -35.9306 
v -7.53972 4.79575 -35.9278 
v -7.53622 4.79575 -36.0326 
v -7.53622 4.79575 -36.0326 
v -7.55912 4.91077 -36.0313 
v -7.56242 4.91077 -35.9306 
v -7.62711 5.00829 -35.9384 
v -7.56242 4.91077 -35.9306 
v -7.55912 4.91077 -36.0313 
v -7.55912 4.91077 -36.0313 
v -7.62411 5.00829 -36.0278 
v -7.62711 5.00829 -35.9384 
v -7.7239 5.07345 -35.9501 
v -7.62711 5.00829 -35.9384 
v -7.62411 5.00829 -36.0278 
v -7.62411 5.00829 -36.0278 
v -7.7215 5.07345 -36.0225 
v -7.7239 5.07345 -35.9501 
v -7.839 5.09633 -35.9569 
v -7.7239 5.07345 -35.9501 
v -7.7215 5.07345 -36.0225 
v -7.7215 5.07345 -36.0225 
v -7.8368 5.09633 -36.0233 
v -7.839 5.09633 -35.9569 
v -7.7215 3.91979 -36.0225 
v -7.8368 3.89691 -36.0233 
v -7.8484 3.89691 -36.0855 
v -7.8484 3.89691 -36.0855 
v -7.73171 3.91979 -36.0942 
v -7.7215 3.91979 -36.0225 
v -7.62411 3.98494 -36.0278 
v -7.7215 3.91979 -36.0225 
v -7.73171 3.91979 -36.0942 
v -7.73171 3.91979 -36.0942 
v -7.63671 3.98494 -36.1163 
v -7.62411 3.98494 -36.0278 
v -7.55912 4.08247 -36.0313 
v -7.62411 3.98494 -36.0278 
v -7.63671 3.98494 -36.1163 
v -7.63671 3.98494 -36.1163 
v -7.57332 4.08247 -36.1311 
v -7.55912 4.08247 -36.0313 
v -7.53622 4.1975 -36.0326 
v -7.55912 4.08247 -36.0313 
v -7.57332 4.08247 -36.1311 
v -7.57332 4.08247 -36.1311 
v -7.55102 4.1975 -36.1363 
v -7.53622 4.1975 -36.0326 
v -7.53622 4.79575 -36.0326 
v -7.53622 4.1975 -36.0326 
v -7.55102 4.1975 -36.1363 
v -7.55102 4.1975 -36.1363 
v -7.55102 4.79575 -36.1363 
v -7.53622 4.79575 -36.0326 
v -7.55912 4.91077 -36.0313 
v -7.53622 4.79575 -36.0326 
v -7.55102 4.79575 -36.1363 
v -7.55102 4.79575 -36.1363 
v -7.57332 4.91077 -36.1311 
v -7.55912 4.91077 -36.0313 
v -7.62411 5.00829 -36.0278 
v -7.55912 4.91077 -36.0313 
v -7.57332 4.91077 -36.1311 
v -7.57332 4.91077 -36.1311 
v -7.63671 5.00829 -36.1163 
v -7.62411 5.00829 -36.0278 
v -7.7215 5.07345 -36.0225 
v -7.62411 5.00829 -36.0278 
v -7.63671 5.00829 -36.1163 
v -7.63671 5.00829 -36.1163 
v -7.73171 5.07345 -36.0942 
v -7.7215 5.07345 -36.0225 
v -7.8368 5.09633 -36.0233 
v -7.7215 5.07345 -36.0225 
v -7.73171 5.07345 -36.0942 
v -7.73171 5.07345 -36.0942 
v -7.8484 5.09633 -36.0855 
v -7.8368 5.09633 -36.0233 
v -7.73171 3.91979 -36.0942 
v -7.8484 3.89691 -36.0855 
v -7.8691 3.89691 -36.1372 
v -7.8691 3.89691 -36.1372 
v -7.7543 3.91979 -36.1631 
v -7.73171 3.91979 -36.0942 
v -7.63671 3.98494 -36.1163 
v -7.73171 3.91979 -36.0942 
v -7.7543 3.91979 -36.1631 
v -7.7543 3.91979 -36.1631 
v -7.66461 3.98494 -36.2014 
v -7.63671 3.98494 -36.1163 
v -7.57332 4.08247 -36.1311 
v -7.63671 3.98494 -36.1163 
v -7.66461 3.98494 -36.2014 
v -7.66461 3.98494 -36.2014 
v -7.60461 4.08247 -36.2269 
v -7.57332 4.08247 -36.1311 
v -7.55102 4.1975 -36.1363 
v -7.57332 4.08247 -36.1311 
v -7.60461 4.08247 -36.2269 
v -7.60461 4.08247 -36.2269 
v -7.58362 4.1975 -36.2359 
v -7.55102 4.1975 -36.1363 
v -7.55102 4.79575 -36.1363 
v -7.55102 4.1975 -36.1363 
v -7.58362 4.1975 -36.2359 
v -7.58362 4.1975 -36.2359 
v -7.58362 4.79575 -36.2359 
v -7.55102 4.79575 -36.1363 
v -7.57332 4.91077 -36.1311 
v -7.55102 4.79575 -36.1363 
v -7.58362 4.79575 -36.2359 
v -7.58362 4.79575 -36.2359 
v -7.60461 4.91077 -36.2269 
v -7.57332 4.91077 -36.1311 
v -7.63671 5.00829 -36.1163 
v -7.57332 4.91077 -36.1311 
v -7.60461 4.91077 -36.2269 
v -7.60461 4.91077 -36.2269 
v -7.66461 5.00829 -36.2013 
v -7.63671 5.00829 -36.1163 
v -7.73171 5.07345 -36.0942 
v -7.63671 5.00829 -36.1163 
v -7.66461 5.00829 -36.2013 
v -7.66461 5.00829 -36.2013 
v -7.7543 5.07345 -36.1631 
v -7.73171 5.07345 -36.0942 
v -7.8484 5.09633 -36.0855 
v -7.73171 5.07345 -36.0942 
v -7.7543 5.07345 -36.1631 
v -7.7543 5.07345 -36.1631 
v -7.8691 5.09633 -36.1372 
v -7.8484 5.09633 -36.0855 
v -7.7543 3.91979 -36.1631 
v -7.8691 3.89691 -36.1372 
v -7.89329 3.89691 -36.1766 
v -7.89329 3.89691 -36.1766 
v -7.7884 3.91979 -36.227 
v -7.7543 3.91979 -36.1631 
v -7.66461 3.98494 -36.2014 
v -7.7543 3.91979 -36.1631 
v -7.7884 3.91979 -36.227 
v -7.7884 3.91979 -36.227 
v -7.70671 3.98494 -36.2802 
v -7.66461 3.98494 -36.2014 
v -7.60461 4.08247 -36.2269 
v -7.66461 3.98494 -36.2014 
v -7.70671 3.98494 -36.2802 
v -7.70671 3.98494 -36.2802 
v -7.65211 4.08247 -36.3158 
v -7.60461 4.08247 -36.2269 
v -7.58362 4.1975 -36.2359 
v -7.60461 4.08247 -36.2269 
v -7.65211 4.08247 -36.3158 
v -7.65211 4.08247 -36.3158 
v -7.63301 4.1975 -36.3283 
v -7.58362 4.1975 -36.2359 
v -7.58362 4.79575 -36.2359 
v -7.58362 4.1975 -36.2359 
v -7.63301 4.1975 -36.3283 
v -7.63301 4.1975 -36.3283 
v -7.63301 4.79575 -36.3283 
v -7.58362 4.79575 -36.2359 
v -7.60461 4.91077 -36.2269 
v -7.58362 4.79575 -36.2359 
v -7.63301 4.79575 -36.3283 
v -7.63301 4.79575 -36.3283 
v -7.65211 4.91077 -36.3158 
v -7.60461 4.91077 -36.2269 
v -7.66461 5.00829 -36.2013 
v -7.60461 4.91077 -36.2269 
v -7.65211 4.91077 -36.3158 
v -7.65211 4.91077 -36.3158 
v -7.70671 5.00829 -36.2802 
v -7.66461 5.00829 -36.2013 
v -7.7543 5.07345 -36.1631 
v -7.66461 5.00829 -36.2013 
v -7.70671 5.00829 -36.2802 
v -7.70671 5.00829 -36.2802 
v -7.7884 5.07345 -36.227 
v -7.7543 5.07345 -36.1631 
v -7.8691 5.09633 -36.1372 
v -7.7543 5.07345 -36.1631 
v -7.7884 5.07345 -36.227 
v -7.7884 5.07345 -36.227 
v -7.89329 5.09633 -36.1766 
v -7.8691 5.09633 -36.1372 
v -7.7884 3.91979 -36.227 
v -7.89329 3.89691 -36.1766 
v -7.91709 3.89691 -36.2054 
v -7.91709 3.89691 -36.2054 
v -7.8331 3.91979 -36.284 
v -7.7884 3.91979 -36.227 
v -7.70671 3.98494 -36.2802 
v -7.7884 3.91979 -36.227 
v -7.8331 3.91979 -36.284 
v -7.8331 3.91979 -36.284 
v -7.7619 3.98494 -36.3506 
v -7.70671 3.98494 -36.2802 
v -7.65211 4.08247 -36.3158 
v -7.70671 3.98494 -36.2802 
v -7.7619 3.98494 -36.3506 
v -7.7619 3.98494 -36.3506 
v -7.71431 4.08247 -36.3952 
v -7.65211 4.08247 -36.3158 
v -7.63301 4.1975 -36.3283 
v -7.65211 4.08247 -36.3158 
v -7.71431 4.08247 -36.3952 
v -7.71431 4.08247 -36.3952 
v -7.69761 4.1975 -36.4108 
v -7.63301 4.1975 -36.3283 
v -7.63301 4.79575 -36.3283 
v -7.63301 4.1975 -36.3283 
v -7.69761 4.1975 -36.4108 
v -7.69761 4.1975 -36.4108 
v -7.69761 4.79575 -36.4108 
v -7.63301 4.79575 -36.3283 
v -7.65211 4.91077 -36.3158 
v -7.63301 4.79575 -36.3283 
v -7.69761 4.79575 -36.4108 
v -7.69761 4.79575 -36.4108 
v -7.71431 4.91077 -36.3952 
v -7.65211 4.91077 -36.3158 
v -7.70671 5.00829 -36.2802 
v -7.65211 4.91077 -36.3158 
v -7.71431 4.91077 -36.3952 
v -7.71431 4.91077 -36.3952 
v -7.7619 5.00829 -36.3506 
v -7.70671 5.00829 -36.2802 
v -7.7884 5.07345 -36.227 
v -7.70671 5.00829 -36.2802 
v -7.7619 5.00829 -36.3506 
v -7.7619 5.00829 -36.3506 
v -7.8331 5.07345 -36.284 
v -7.7884 5.07345 -36.227 
v -7.89329 5.09633 -36.1766 
v -7.7884 5.07345 -36.227 
v -7.8331 5.07345 -36.284 
v -7.8331 5.07345 -36.284 
v -7.91709 5.09633 -36.2054 
v -7.89329 5.09633 -36.1766 

vn -0.133858 -0.984252 0.149606 
vn -0.133858 -0.984252 0.149606 
vn -0.133858 -0.984252 0.149606 
vn 0 -1 0 
vn -0.228346 -0.92126 0.307087 
vn -0.275591 -0.92126 0.259843 
vn -0.519685 -0.708661 0.480315 
vn -0.275591 -0.92126 0.259843 
vn -0.228346 -0.92126 0.307087 
vn -0.228346 -0.92126 0.307087 
vn -0.425197 -0.708661 0.566929 
vn -0.519685 -0.708661 0.480315 
vn -0.677165 -0.385827 0.629921 
vn -0.519685 -0.708661 0.480315 
vn -0.425197 -0.708661 0.566929 
vn -0.425197 -0.708661 0.566929 
vn -0.551181 -0.385827 0.740157 
vn -0.677165 -0.385827 0.629921 
vn -0.732283 0 0.685039 
vn -0.677165 -0.385827 0.629921 
vn -0.551181 -0.385827 0.740157 
vn -0.551181 -0.385827 0.740157 
vn -0.598425 0 0.80315 
vn -0.732283 0 0.685039 
vn -0.732283 0 0.685039 
vn -0.732283 0 0.685039 
vn -0.598425 0 0.80315 
vn -0.598425 0 0.80315 
vn -0.598425 0 0.80315 
vn -0.732283 0 0.685039 
vn -0.677165 0.385827 0.629921 
vn -0.732283 0 0.685039 
vn -0.598425 0 0.80315 
vn -0.598425 0 0.80315 
vn -0.551181 0.385827 0.740157 
vn -0.677165 0.385827 0.629921 
vn -0.519685 0.708661 0.480315 
vn -0.677165 0.385827 0.629921 
vn -0.551181 0.385827 0.740157 
vn -0.551181 0.385827 0.740157 
vn -0.425197 0.708661 0.566929 
vn -0.519685 0.708661 0.480315 
vn -0.275591 0.92126 0.259843 
vn -0.519685 0.708661 0.480315 
vn -0.425197 0.708661 0.566929 
vn -0.425197 0.708661 0.566929 
vn -0.228346 0.92126 0.307087 
vn -0.275591 0.92126 0.259843 
vn 0 1 0 
vn -0.275591 0.92126 0.259843 
vn -0.228346 0.92126 0.307087 
vn -0.228346 0.92126 0.307087 
vn 0 1 0 
vn 0 1 0 
vn -0.228346 -0.92126 0.307087 
vn 0 -1 0 
vn 0 -1 0 
vn 0 -1 0 
vn -0.173228 -0.92126 0.338583 
vn -0.228346 -0.92126 0.307087 
vn -0.425197 -0.708661 0.566929 
vn -0.228346 -0.92126 0.307087 
vn -0.173228 -0.92126 0.338583 
vn -0.173228 -0.92126 0.338583 
vn -0.322835 -0.708661 0.629921 
vn -0.425197 -0.708661 0.566929 
vn -0.551181 -0.385827 0.740157 
vn -0.425197 -0.708661 0.566929 
vn -0.322835 -0.708661 0.629921 
vn -0.322835 -0.708661 0.629921 
vn -0.417323 -0.385827 0.826772 
vn -0.551181 -0.385827 0.740157 
vn -0.598425 0 0.80315 
vn -0.551181 -0.385827 0.740157 
vn -0.417323 -0.385827 0.826772 
vn -0.417323 -0.385827 0.826772 
vn -0.448819 0 0.889764 
vn -0.598425 0 0.80315 
vn -0.598425 0 0.80315 
vn -0.598425 0 0.80315 
vn -0.448819 0 0.889764 
vn -0.448819 0 0.889764 
vn -0.448819 0 0.889764 
vn -0.598425 0 0.80315 
vn -0.551181 0.385827 0.740157 
vn -0.598425 0 0.80315 
vn -0.448819 0 0.889764 
vn -0.448819 0 0.889764 
vn -0.417323 0.385827 0.826772 
vn -0.551181 0.385827 0.740157 
vn -0.425197 0.708661 0.566929 
vn -0.551181 0.385827 0.740157 
vn -0.417323 0.385827 0.826772 
vn -0.417323 0.385827 0.826772 
vn -0.322835 0.708661 0.629921 
vn -0.425197 0.708661 0.566929 
vn -0.228346 0.92126 0.307087 
vn -0.425197 0.708661 0.566929 
vn -0.322835 0.708661 0.629921 
vn -0.322835 0.708661 0.629921 
vn -0.173228 0.92126 0.338583 
vn -0.228346 0.92126 0.307087 
vn 0 1 0 
vn -0.228346 0.92126 0.307087 
vn -0.173228 0.92126 0.338583 
vn -0.173228 0.92126 0.338583 
vn 0 1 0 
vn 0 1 0 
vn -0.173228 -0.92126 0.338583 
vn 0 -1 0 
vn 0 -1 0 
vn 0 -1 0 
vn -0.110236 -0.92126 0.370079 
vn -0.173228 -0.92126 0.338583 
vn -0.322835 -0.708661 0.629921 
vn -0.173228 -0.92126 0.338583 
vn -0.110236 -0.92126 0.370079 
vn -0.110236 -0.92126 0.370079 
vn -0.204724 -0.708661 0.677165 
vn -0.322835 -0.708661 0.629921 
vn -0.417323 -0.385827 0.826772 
vn -0.322835 -0.708661 0.629921 
vn -0.204724 -0.708661 0.677165 
vn -0.204724 -0.708661 0.677165 
vn -0.267717 -0.385827 0.88189 
vn -0.417323 -0.385827 0.826772 
vn -0.448819 0 0.889764 
vn -0.417323 -0.385827 0.826772 
vn -0.267717 -0.385827 0.88189 
vn -0.267717 -0.385827 0.88189 
vn -0.291339 0 0.96063 
vn -0.448819 0 0.889764 
vn -0.448819 0 0.889764 
vn -0.448819 0 0.889764 
vn -0.291339 0 0.96063 
vn -0.291339 0 0.96063 
vn -0.291339 0 0.96063 
vn -0.448819 0 0.889764 
vn -0.417323 0.385827 0.826772 
vn -0.448819 0 0.889764 
vn -0.291339 0 0.96063 
vn -0.291339 0 0.96063 
vn -0.267717 0.385827 0.88189 
vn -0.417323 0.385827 0.826772 
vn -0.322835 0.708661 0.629921 
vn -0.417323 0.385827 0.826772 
vn -0.267717 0.385827 0.88189 
vn -0.267717 0.385827 0.88189 
vn -0.204724 0.708661 0.677165 
vn -0.322835 0.708661 0.629921 
vn -0.173228 0.92126 0.338583 
vn -0.322835 0.708661 0.629921 
vn -0.204724 0.708661 0.677165 
vn -0.204724 0.708661 0.677165 
vn -0.110236 0.92126 0.370079 
vn -0.173228 0.92126 0.338583 
vn 0 1 0 
vn -0.173228 0.92126 0.338583 
vn -0.110236 0.92126 0.370079 
vn -0.110236 0.92126 0.370079 
vn 0 1 0 
vn 0 1 0 
vn -0.110236 -0.92126 0.370079 
vn 0 -1 0 
vn 0 -1 0 
vn 0 -1 0 
vn -0.0472441 -0.92126 0.377953 
vn -0.110236 -0.92126 0.370079 
vn -0.204724 -0.708661 0.677165 
vn -0.110236 -0.92126 0.370079 
vn -0.0472441 -0.92126 0.377953 
vn -0.0472441 -0.92126 0.377953 
vn -0.0866142 -0.708661 0.700787 
vn -0.204724 -0.708661 0.677165 
vn -0.267717 -0.385827 0.88189 
vn -0.204724 -0.708661 0.677165 
vn -0.0866142 -0.708661 0.700787 
vn -0.0866142 -0.708661 0.700787 
vn -0.110236 -0.385827 0.913386 
vn -0.267717 -0.385827 0.88189 
vn -0.291339 0 0.96063 
vn -0.267717 -0.385827 0.88189 
vn -0.110236 -0.385827 0.913386 
vn -0.110236 -0.385827 0.913386 
vn -0.11811 0 0.992126 
vn -0.291339 0 0.96063 
vn -0.291339 0 0.96063 
vn -0.291339 0 0.96063 
vn -0.11811 0 0.992126 
vn -0.11811 0 0.992126 
vn -0.11811 0 0.992126 
vn -0.291339 0 0.96063 
vn -0.267717 0.385827 0.88189 
vn -0.291339 0 0.96063 
vn -0.11811 0 0.992126 
vn -0.11811 0 0.992126 
vn -0.110236 0.385827 0.913386 
vn -0.267717 0.385827 0.88189 
vn -0.204724 0.708661 0.677165 
vn -0.267717 0.385827 0.88189 
vn -0.110236 0.385827 0.913386 
vn -0.110236 0.385827 0.913386 
vn -0.0866142 0.708661 0.700787 
vn -0.204724 0.708661 0.677165 
vn -0.110236 0.92126 0.370079 
vn -0.204724 0.708661 0.677165 
vn -0.0866142 0.708661 0.700787 
vn -0.0866142 0.708661 0.700787 
vn -0.0472441 0.92126 0.377953 
vn -0.110236 0.92126 0.370079 
vn 0 1 0 
vn -0.110236 0.92126 0.370079 
vn -0.0472441 0.92126 0.377953 
vn -0.0472441 0.92126 0.377953 
vn 0 1 0 
vn 0 1 0 
vn -0.0472441 -0.92126 0.377953 
vn 0 -1 0 
vn 0 -1 0 
vn 0 -1 0 
vn 0.023622 -0.92126 0.385827 
vn -0.0472441 -0.92126 0.377953 
vn -0.0866142 -0.708661 0.700787 
vn -0.0472441 -0.92126 0.377953 
vn 0.023622 -0.92126 0.385827 
vn 0.023622 -0.92126 0.385827 
vn 0.0393701 -0.708661 0.708661 
vn -0.0866142 -0.708661 0.700787 
vn -0.110236 -0.385827 0.913386 
vn -0.0866142 -0.708661 0.700787 
vn 0.0393701 -0.708661 0.708661 
vn 0.0393701 -0.708661 0.708661 
vn 0.0472441 -0.385827 0.92126 
vn -0.110236 -0.385827 0.913386 
vn -0.11811 0 0.992126 
vn -0.110236 -0.385827 0.913386 
vn 0.0472441 -0.385827 0.92126 
vn 0.0472441 -0.385827 0.92126 
vn 0.0551181 0 1 
vn -0.11811 0 0.992126 
vn -0.11811 0 0.992126 
vn -0.11811 0 0.992126 
vn 0.0551181 0 1 
vn 0.0551181 0 1 
vn 0.0551181 0 1 
vn -0.11811 0 0.992126 
vn -0.110236 0.385827 0.913386 
vn -0.11811 0 0.992126 
vn 0.0551181 0 1 
vn 0.0551181 0 1 
vn 0.0472441 0.385827 0.92126 
vn -0.110236 0.385827 0.913386 
vn -0.0866142 0.708661 0.700787 
vn -0.110236 0.385827 0.913386 
vn 0.0472441 0.385827 0.92126 
vn 0.0472441 0.385827 0.92126 
vn 0.0393701 0.708661 0.708661 
vn -0.0866142 0.708661 0.700787 
vn -0.0472441 0.92126 0.377953 
vn -0.0866142 0.708661 0.700787 
vn 0.0393701 0.708661 0.708661 
vn 0.0393701 0.708661 0.708661 
vn 0.023622 0.92126 0.385827 
vn -0.0472441 0.92126 0.377953 
vn 0 1 0 
vn -0.0472441 0.92126 0.377953 
vn 0.023622 0.92126 0.385827 
vn 0.023622 0.92126 0.385827 
vn 0 1 0 
vn 0 1 0 
vn 0.023622 -0.92126 0.385827 
vn 0 -1 0 
vn 0 -1 0 
vn 0 -1 0 
vn 0.0866142 -0.92126 0.370079 
vn 0.023622 -0.92126 0.385827 
vn 0.0393701 -0.708661 0.708661 
vn 0.023622 -0.92126 0.385827 
vn 0.0866142 -0.92126 0.370079 
vn 0.0866142 -0.92126 0.370079 
vn 0.15748 -0.708661 0.685039 
vn 0.0393701 -0.708661 0.708661 
vn 0.0472441 -0.385827 0.92126 
vn 0.0393701 -0.708661 0.708661 
vn 0.15748 -0.708661 0.685039 
vn 0.15748 -0.708661 0.685039 
vn 0.212598 -0.385827 0.897638 
vn 0.0472441 -0.385827 0.92126 
vn 0.0551181 0 1 
vn 0.0472441 -0.385827 0.92126 
vn 0.212598 -0.385827 0.897638 
vn 0.212598 -0.385827 0.897638 
vn 0.228346 0 0.976378 
vn 0.0551181 0 1 
vn 0.0551181 0 1 
vn 0.0551181 0 1 
vn 0.228346 0 0.976378 
vn 0.228346 0 0.976378 
vn 0.228346 0 0.976378 
vn 0.0551181 0 1 
vn 0.0472441 0.385827 0.92126 
vn 0.0551181 0 1 
vn 0.228346 0 0.976378 
vn 0.228346 0 0.976378 
vn 0.212598 0.385827 0.897638 
vn 0.0472441 0.385827 0.92126 
vn 0.0393701 0.708661 0.708661 
vn 0.0472441 0.385827 0.92126 
vn 0.212598 0.385827 0.897638 
vn 0.212598 0.385827 0.897638 
vn 0.15748 0.708661 0.685039 
vn 0.0393701 0.708661 0.708661 
vn 0.023622 0.92126 0.385827 
vn 0.0393701 0.708661 0.708661 
vn 0.15748 0.708661 0.685039 
vn 0.15748 0.708661 0.685039 
vn 0.0866142 0.92126 0.370079 
vn 0.023622 0.92126 0.385827 
vn 0 1 0 
vn 0.023622 0.92126 0.385827 
vn 0.0866142 0.92126 0.370079 
vn 0.0866142 0.92126 0.370079 
vn 0 1 0 
vn 0 1 0 
vn 0.0866142 -0.92126 0.370079 
vn 0 -1 0 
vn 0 -1 0 
vn 0 -1 0 
vn 0.149606 -0.92126 0.354331 
vn 0.0866142 -0.92126 0.370079 
vn 0.15748 -0.708661 0.685039 
vn 0.0866142 -0.92126 0.370079 
vn 0.149606 -0.92126 0.354331 
vn 0.149606 -0.92126 0.354331 
vn 0.275591 -0.708661 0.653543 
vn 0.15748 -0.708661 0.685039 
vn 0.212598 -0.385827 0.897638 
vn 0.15748 -0.708661 0.685039 
vn 0.275591 -0.708661 0.653543 
vn 0.275591 -0.708661 0.653543 
vn 0.362205 -0.385827 0.850394 
vn 0.212598 -0.385827 0.897638 
vn 0.228346 0 0.976378 
vn 0.212598 -0.385827 0.897638 
vn 0.362205 -0.385827 0.850394 
vn 0.362205 -0.385827 0.850394 
vn 0.393701 0 0.92126 
vn 0.228346 0 0.976378 
vn 0.228346 0 0.976378 
vn 0.228346 0 0.976378 
vn 0.393701 0 0.92126 
vn 0.393701 0 0.92126 
vn 0.393701 0 0.92126 
vn 0.228346 0 0.976378 
vn 0.212598 0.385827 0.897638 
vn 0.228346 0 0.976378 
vn 0.393701 0 0.92126 
vn 0.393701 0 0.92126 
vn 0.362205 0.385827 0.850394 
vn 0.212598 0.385827 0.897638 
vn 0.15748 0.708661 0.685039 
vn 0.212598 0.385827 0.897638 
vn 0.362205 0.385827 0.850394 
vn 0.362205 0.385827 0.850394 
vn 0.275591 0.708661 0.653543 
vn 0.15748 0.708661 0.685039 
vn 0.0866142 0.92126 0.370079 
vn 0.15748 0.708661 0.685039 
vn 0.275591 0.708661 0.653543 
vn 0.275591 0.708661 0.653543 
vn 0.149606 0.92126 0.354331 
vn 0.0866142 0.92126 0.370079 
vn 0 1 0 
vn 0.0866142 0.92126 0.370079 
vn 0.149606 0.92126 0.354331 
vn 0.149606 0.92126 0.354331 
vn 0 1 0 
vn 0 1 0 
vn 0.149606 -0.92126 0.354331 
vn 0 -1 0 
vn 0 -1 0 
vn 0 -1 0 
vn 0.212598 -0.92126 0.322835 
vn 0.149606 -0.92126 0.354331 
vn 0.275591 -0.708661 0.653543 
vn 0.149606 -0.92126 0.354331 
vn 0.212598 -0.92126 0.322835 
vn 0.212598 -0.92126 0.322835 
vn 0.385827 -0.708661 0.590551 
vn 0.275591 -0.708661 0.653543 
vn 0.362205 -0.385827 0.850394 
vn 0.275591 -0.708661 0.653543 
vn 0.385827 -0.708661 0.590551 
vn 0.385827 -0.708661 0.590551 
vn 0.503937 -0.385827 0.771654 
vn 0.362205 -0.385827 0.850394 
vn 0.393701 0 0.92126 
vn 0.362205 -0.385827 0.850394 
vn 0.503937 -0.385827 0.771654 
vn 0.503937 -0.385827 0.771654 
vn 0.543307 0 0.834646 
vn 0.393701 0 0.92126 
vn 0.393701 0 0.92126 
vn 0.393701 0 0.92126 
vn 0.543307 0 0.834646 
vn 0.543307 0 0.834646 
vn 0.543307 0 0.834646 
vn 0.393701 0 0.92126 
vn 0.362205 0.385827 0.850394 
vn 0.393701 0 0.92126 
vn 0.543307 0 0.834646 
vn 0.543307 0 0.834646 
vn 0.503937 0.385827 0.771654 
vn 0.362205 0.385827 0.850394 
vn 0.275591 0.708661 0.653543 
vn 0.362205 0.385827 0.850394 
vn 0.503937 0.385827 0.771654 
vn 0.503937 0.385827 0.771654 
vn 0.385827 0.708661 0.590551 
vn 0.275591 0.708661 0.653543 
vn 0.149606 0.92126 0.354331 
vn 0.275591 0.708661 0.653543 
vn 0.385827 0.708661 0.590551 
vn 0.385827 0.708661 0.590551 
vn 0.212598 0.92126 0.322835 
vn 0.149606 0.92126 0.354331 
vn 0 1 0 
vn 0.149606 0.92126 0.354331 
vn 0.212598 0.92126 0.322835 
vn 0.212598 0.92126 0.322835 
vn 0 1 0 
vn 0 1 0 
vn 0.212598 -0.92126 0.322835 
vn 0 -1 0 
vn 0 -1 0 
vn 0 -1 0 
vn 0.259843 -0.92126 0.275591 
vn 0.212598 -0.92126 0.322835 
vn 0.385827 -0.708661 0.590551 
vn 0.212598 -0.92126 0.322835 
vn 0.259843 -0.92126 0.275591 
vn 0.259843 -0.92126 0.275591 
vn 0.480315 -0.708661 0.519685 
vn 0.385827 -0.708661 0.590551 
vn 0.503937 -0.385827 0.771654 
vn 0.385827 -0.708661 0.590551 
vn 0.480315 -0.708661 0.519685 
vn 0.480315 -0.708661 0.519685 
vn 0.629921 -0.385827 0.677165 
vn 0.503937 -0.385827 0.771654 
vn 0.543307 0 0.834646 
vn 0.503937 -0.385827 0.771654 
vn 0.629921 -0.385827 0.677165 
vn 0.629921 -0.385827 0.677165 
vn 0.685039 0 0.732283 
vn 0.543307 0 0.834646 
vn 0.543307 0 0.834646 
vn 0.543307 0 0.834646 
vn 0.685039 0 0.732283 
vn 0.685039 0 0.732283 
vn 0.685039 0 0.732283 
vn 0.543307 0 0.834646 
vn 0.503937 0.385827 0.771654 
vn 0.543307 0 0.834646 
vn 0.685039 0 0.732283 
vn 0.685039 0 0.732283 
vn 0.629921 0.385827 0.677165 
vn 0.503937 0.385827 0.771654 
vn 0.385827 0.708661 0.590551 
vn 0.503937 0.385827 0.771654 
vn 0.629921 0.385827 0.677165 
vn 0.629921 0.385827 0.677165 
vn 0.480315 0.708661 0.519685 
vn 0.385827 0.708661 0.590551 
vn 0.212598 0.92126 0.322835 
vn 0.385827 0.708661 0.590551 
vn 0.480315 0.708661 0.519685 
vn 0.480315 0.708661 0.519685 
vn 0.259843 0.92126 0.275591 
vn 0.212598 0.92126 0.322835 
vn 0 1 0 
vn 0.212598 0.92126 0.322835 
vn 0.259843 0.92126 0.275591 
vn 0.259843 0.92126 0.275591 
vn 0 1 0 
vn 0 1 0 
vn 0 1 0 
vn 0 1 0 
vn 0 1 0 
vn 0 1 0 
vn 0 1 0 
vn 0 1 0 
vn 0 1 0 
vn 0 1 0 
vn 0 1 0 
vn 0 1 0 
vn 0 1 0 
vn 0 1 0 
vn 0 1 0 
vn 0 1 0 
vn 0 1 0 
vn 0 1 0 
vn 0 1 0 
vn 0 1 0 
vn 0 1 0 
vn 0 1 0 
vn 0 1 0 
vn 0 1 0 
vn 0 1 0 
vn 0 1 0 
vn 0 1 0 
vn 0 1 0 
vn 0 1 0 
vn 0 1 0 
vn 0 1 0 
vn 0 1 0 
vn 0 1 0 
vn 0 1 0 
vn 0 1 0 
vn 0 1 0 
vn 0 1 0 
vn 0 1 0 
vn 0 1 0 
vn 0 1 0 
vn 0 1 0 
vn 0 1 0 
vn 0 1 0 
vn 0 1 0 
vn 0 1 0 
vn 0 1 0 
vn 0 1 0 
vn 0 1 0 
vn 0 1 0 
vn 0 1 0 
vn 0 1 0 
vn 0 1 0 
vn 0 1 0 
vn 0 1 0 
vn 0 1 0 
vn 0 1 0 
vn 0 1 0 
vn 0 1 0 
vn 0 1 0 
vn 0 1 0 
vn 0 1 0 
vn 0 1 0 
vn 0 1 0 
vn 0 1 0 
vn 0 1 0 
vn 0 1 0 
vn 0 1 0 
vn 0 1 0 
vn 0 1 0 
vn 0 1 0 
vn 0 1 0 
vn 0 1 0 
vn 0 1 0 
vn 0 1 0 
vn 0 1 0 
vn 0 1 0 
vn 0 1 0 
vn 0 1 0 
vn 0 1 0 
vn 0 1 0 
vn 0 1 0 
vn 0 1 0 
vn 0 1 0 
vn 0 1 0 
vn 0 1 0 
vn 0 1 0 
vn 0 1 0 
vn 0 1 0 
vn 0 1 0 
vn 0 1 0 
vn 0 1 0 
vn 0 1 0 
vn 0 1 0 
vn 0 1 0 
vn 0 1 0 
vn 0 1 0 
vn 0 1 0 
vn 0 1 0 
vn 0 1 0 
vn 0 1 0 
vn 0 1 0 
vn 0 1 0 
vn 0 1 0 
vn 0 1 0 
vn 0 1 0 
vn 0 1 0 
vn 0 1 0 
vn 0 1 0 
vn 0 1 0 
vn 0 1 0 
vn -0.259843 -0.92126 -0.275591 
vn 0 -1 0 
vn 0 -1 0 
vn 0 -1 0 
vn -0.307087 -0.92126 -0.228346 
vn -0.259843 -0.92126 -0.275591 
vn -0.480315 -0.708661 -0.519685 
vn -0.259843 -0.92126 -0.275591 
vn -0.307087 -0.92126 -0.228346 
vn -0.307087 -0.92126 -0.228346 
vn -0.566929 -0.708661 -0.425197 
vn -0.480315 -0.708661 -0.519685 
vn -0.629921 -0.385827 -0.677165 
vn -0.480315 -0.708661 -0.519685 
vn -0.566929 -0.708661 -0.425197 
vn -0.566929 -0.708661 -0.425197 
vn -0.740157 -0.385827 -0.551181 
vn -0.629921 -0.385827 -0.677165 
vn -0.685039 0 -0.732283 
vn -0.629921 -0.385827 -0.677165 
vn -0.740157 -0.385827 -0.551181 
vn -0.740157 -0.385827 -0.551181 
vn -0.80315 0 -0.598425 
vn -0.685039 0 -0.732283 
vn -0.685039 0 -0.732283 
vn -0.685039 0 -0.732283 
vn -0.80315 0 -0.598425 
vn -0.80315 0 -0.598425 
vn -0.80315 0 -0.598425 
vn -0.685039 0 -0.732283 
vn -0.629921 0.385827 -0.677165 
vn -0.685039 0 -0.732283 
vn -0.80315 0 -0.598425 
vn -0.80315 0 -0.598425 
vn -0.740157 0.385827 -0.551181 
vn -0.629921 0.385827 -0.677165 
vn -0.480315 0.708661 -0.519685 
vn -0.629921 0.385827 -0.677165 
vn -0.740157 0.385827 -0.551181 
vn -0.740157 0.385827 -0.551181 
vn -0.566929 0.708661 -0.425197 
vn -0.480315 0.708661 -0.519685 
vn -0.259843 0.92126 -0.275591 
vn -0.480315 0.708661 -0.519685 
vn -0.566929 0.708661 -0.425197 
vn -0.566929 0.708661 -0.425197 
vn -0.307087 0.92126 -0.228346 
vn -0.259843 0.92126 -0.275591 
vn 0 1 0 
vn -0.259843 0.92126 -0.275591 
vn -0.307087 0.92126 -0.228346 
vn -0.307087 0.92126 -0.228346 
vn 0 1 0 
vn 0 1 0 
vn -0.307087 -0.92126 -0.228346 
vn 0 -1 0 
vn 0 -1 0 
vn 0 -1 0 
vn -0.338583 -0.92126 -0.173228 
vn -0.307087 -0.92126 -0.228346 
vn -0.566929 -0.708661 -0.425197 
vn -0.307087 -0.92126 -0.228346 
vn -0.338583 -0.92126 -0.173228 
vn -0.338583 -0.92126 -0.173228 
vn -0.629921 -0.708661 -0.322835 
vn -0.566929 -0.708661 -0.425197 
vn -0.740157 -0.385827 -0.551181 
vn -0.566929 -0.708661 -0.425197 
vn -0.629921 -0.708661 -0.322835 
vn -0.629921 -0.708661 -0.322835 
vn -0.826772 -0.385827 -0.417323 
vn -0.740157 -0.385827 -0.551181 
vn -0.80315 0 -0.598425 
vn -0.740157 -0.385827 -0.551181 
vn -0.826772 -0.385827 -0.417323 
vn -0.826772 -0.385827 -0.417323 
vn -0.889764 0 -0.448819 
vn -0.80315 0 -0.598425 
vn -0.80315 0 -0.598425 
vn -0.80315 0 -0.598425 
vn -0.889764 0 -0.448819 
vn -0.889764 0 -0.448819 
vn -0.889764 0 -0.448819 
vn -0.80315 0 -0.598425 
vn -0.740157 0.385827 -0.551181 
vn -0.80315 0 -0.598425 
vn -0.889764 0 -0.448819 
vn -0.889764 0 -0.448819 
vn -0.826772 0.385827 -0.417323 
vn -0.740157 0.385827 -0.551181 
vn -0.566929 0.708661 -0.425197 
vn -0.740157 0.385827 -0.551181 
vn -0.826772 0.385827 -0.417323 
vn -0.826772 0.385827 -0.417323 
vn -0.629921 0.708661 -0.322835 
vn -0.566929 0.708661 -0.425197 
vn -0.307087 0.92126 -0.228346 
vn -0.566929 0.708661 -0.425197 
vn -0.629921 0.708661 -0.322835 
vn -0.629921 0.708661 -0.322835 
vn -0.338583 0.92126 -0.173228 
vn -0.307087 0.92126 -0.228346 
vn 0 1 0 
vn -0.307087 0.92126 -0.228346 
vn -0.338583 0.92126 -0.173228 
vn -0.338583 0.92126 -0.173228 
vn 0 1 0 
vn 0 1 0 
vn -0.338583 -0.92126 -0.173228 
vn 0 -1 0 
vn 0 -1 0 
vn 0 -1 0 
vn -0.370079 -0.92126 -0.110236 
vn -0.338583 -0.92126 -0.173228 
vn -0.629921 -0.708661 -0.322835 
vn -0.338583 -0.92126 -0.173228 
vn -0.370079 -0.92126 -0.110236 
vn -0.370079 -0.92126 -0.110236 
vn -0.677165 -0.708661 -0.204724 
vn -0.629921 -0.708661 -0.322835 
vn -0.826772 -0.385827 -0.417323 
vn -0.629921 -0.708661 -0.322835 
vn -0.677165 -0.708661 -0.204724 
vn -0.677165 -0.708661 -0.204724 
vn -0.88189 -0.385827 -0.267717 
vn -0.826772 -0.385827 -0.417323 
vn -0.889764 0 -0.448819 
vn -0.826772 -0.385827 -0.417323 
vn -0.88189 -0.385827 -0.267717 
vn -0.88189 -0.385827 -0.267717 
vn -0.96063 0 -0.291339 
vn -0.889764 0 -0.448819 
vn -0.889764 0 -0.448819 
vn -0.889764 0 -0.448819 
vn -0.96063 0 -0.291339 
vn -0.96063 0 -0.291339 
vn -0.96063 0 -0.291339 
vn -0.889764 0 -0.448819 
vn -0.826772 0.385827 -0.417323 
vn -0.889764 0 -0.448819 
vn -0.96063 0 -0.291339 
vn -0.96063 0 -0.291339 
vn -0.88189 0.385827 -0.267717 
vn -0.826772 0.385827 -0.417323 
vn -0.629921 0.708661 -0.322835 
vn -0.826772 0.385827 -0.417323 
vn -0.88189 0.385827 -0.267717 
vn -0.88189 0.385827 -0.267717 
vn -0.677165 0.708661 -0.204724 
vn -0.629921 0.708661 -0.322835 
vn -0.338583 0.92126 -0.173228 
vn -0.629921 0.708661 -0.322835 
vn -0.677165 0.708661 -0.204724 
vn -0.677165 0.708661 -0.204724 
vn -0.370079 0.92126 -0.110236 
vn -0.338583 0.92126 -0.173228 
vn 0 1 0 
vn -0.338583 0.92126 -0.173228 
vn -0.370079 0.92126 -0.110236 
vn -0.370079 0.92126 -0.110236 
vn 0 1 0 
vn 0 1 0 
vn -0.370079 -0.92126 -0.110236 
vn 0 -1 0 
vn 0 -1 0 
vn 0 -1 0 
vn -0.377953 -0.92126 -0.0472441 
vn -0.370079 -0.92126 -0.110236 
vn -0.677165 -0.708661 -0.204724 
vn -0.370079 -0.92126 -0.110236 
vn -0.377953 -0.92126 -0.0472441 
vn -0.377953 -0.92126 -0.0472441 
vn -0.700787 -0.708661 -0.0866142 
vn -0.677165 -0.708661 -0.204724 
vn -0.88189 -0.385827 -0.267717 
vn -0.677165 -0.708661 -0.204724 
vn -0.700787 -0.708661 -0.0866142 
vn -0.700787 -0.708661 -0.0866142 
vn -0.913386 -0.385827 -0.110236 
vn -0.88189 -0.385827 -0.267717 
vn -0.96063 0 -0.291339 
vn -0.88189 -0.385827 -0.267717 
vn -0.913386 -0.385827 -0.110236 
vn -0.913386 -0.385827 -0.110236 
vn -0.992126 0 -0.11811 
vn -0.96063 0 -0.291339 
vn -0.96063 0 -0.291339 
vn -0.96063 0 -0.291339 
vn -0.992126 0 -0.11811 
vn -0.992126 0 -0.11811 
vn -0.992126 0 -0.11811 
vn -0.96063 0 -0.291339 
vn -0.88189 0.385827 -0.267717 
vn -0.96063 0 -0.291339 
vn -0.992126 0 -0.11811 
vn -0.992126 0 -0.11811 
vn -0.913386 0.385827 -0.110236 
vn -0.88189 0.385827 -0.267717 
vn -0.677165 0.708661 -0.204724 
vn -0.88189 0.385827 -0.267717 
vn -0.913386 0.385827 -0.110236 
vn -0.913386 0.385827 -0.110236 
vn -0.700787 0.708661 -0.0866142 
vn -0.677165 0.708661 -0.204724 
vn -0.370079 0.92126 -0.110236 
vn -0.677165 0.708661 -0.204724 
vn -0.700787 0.708661 -0.0866142 
vn -0.700787 0.708661 -0.0866142 
vn -0.377953 0.92126 -0.0472441 
vn -0.370079 0.92126 -0.110236 
vn 0 1 0 
vn -0.370079 0.92126 -0.110236 
vn -0.377953 0.92126 -0.0472441 
vn -0.377953 0.92126 -0.0472441 
vn 0 1 0 
vn 0 1 0 
vn -0.377953 -0.92126 -0.0472441 
vn 0 -1 0 
vn 0 -1 0 
vn 0 -1 0 
vn -0.385827 -0.92126 0.023622 
vn -0.377953 -0.92126 -0.0472441 
vn -0.700787 -0.708661 -0.0866142 
vn -0.377953 -0.92126 -0.0472441 
vn -0.385827 -0.92126 0.023622 
vn -0.385827 -0.92126 0.023622 
vn -0.708661 -0.708661 0.0393701 
vn -0.700787 -0.708661 -0.0866142 
vn -0.913386 -0.385827 -0.110236 
vn -0.700787 -0.708661 -0.0866142 
vn -0.708661 -0.708661 0.0393701 
vn -0.708661 -0.708661 0.0393701 
vn -0.92126 -0.385827 0.0472441 
vn -0.913386 -0.385827 -0.110236 
vn -0.992126 0 -0.11811 
vn -0.913386 -0.385827 -0.110236 
vn -0.92126 -0.385827 0.0472441 
vn -0.92126 -0.385827 0.0472441 
vn -1 0 0.0551181 
vn -0.992126 0 -0.11811 
vn -0.992126 0 -0.11811 
vn -0.992126 0 -0.11811 
vn -1 0 0.0551181 
vn -1 0 0.0551181 
vn -1 0 0.0551181 
vn -0.992126 0 -0.11811 
vn -0.913386 0.385827 -0.110236 
vn -0.992126 0 -0.11811 
vn -1 0 0.0551181 
vn -1 0 0.0551181 
vn -0.92126 0.385827 0.0472441 
vn -0.913386 0.385827 -0.110236 
vn -0.700787 0.708661 -0.0866142 
vn -0.913386 0.385827 -0.110236 
vn -0.92126 0.385827 0.0472441 
vn -0.92126 0.385827 0.0472441 
vn -0.708661 0.708661 0.0393701 
vn -0.700787 0.708661 -0.0866142 
vn -0.377953 0.92126 -0.0472441 
vn -0.700787 0.708661 -0.0866142 
vn -0.708661 0.708661 0.0393701 
vn -0.708661 0.708661 0.0393701 
vn -0.385827 0.92126 0.023622 
vn -0.377953 0.92126 -0.0472441 
vn 0 1 0 
vn -0.377953 0.92126 -0.0472441 
vn -0.385827 0.92126 0.023622 
vn -0.385827 0.92126 0.023622 
vn 0 1 0 
vn 0 1 0 
vn -0.385827 -0.92126 0.023622 
vn 0 -1 0 
vn 0 -1 0 
vn 0 -1 0 
vn -0.370079 -0.92126 0.0866142 
vn -0.385827 -0.92126 0.023622 
vn -0.708661 -0.708661 0.0393701 
vn -0.385827 -0.92126 0.023622 
vn -0.370079 -0.92126 0.0866142 
vn -0.370079 -0.92126 0.0866142 
vn -0.685039 -0.708661 0.15748 
vn -0.708661 -0.708661 0.0393701 
vn -0.92126 -0.385827 0.0472441 
vn -0.708661 -0.708661 0.0393701 
vn -0.685039 -0.708661 0.15748 
vn -0.685039 -0.708661 0.15748 
vn -0.897638 -0.385827 0.212598 
vn -0.92126 -0.385827 0.0472441 
vn -1 0 0.0551181 
vn -0.92126 -0.385827 0.0472441 
vn -0.897638 -0.385827 0.212598 
vn -0.897638 -0.385827 0.212598 
vn -0.976378 0 0.228346 
vn -1 0 0.0551181 
vn -1 0 0.0551181 
vn -1 0 0.0551181 
vn -0.976378 0 0.228346 
vn -0.976378 0 0.228346 
vn -0.976378 0 0.228346 
vn -1 0 0.0551181 
vn -0.92126 0.385827 0.0472441 
vn -1 0 0.0551181 
vn -0.976378 0 0.228346 
vn -0.976378 0 0.228346 
vn -0.897638 0.385827 0.212598 
vn -0.92126 0.385827 0.0472441 
vn -0.708661 0.708661 0.0393701 
vn -0.92126 0.385827 0.0472441 
vn -0.897638 0.385827 0.212598 
vn -0.897638 0.385827 0.212598 
vn -0.685039 0.708661 0.15748 
vn -0.708661 0.708661 0.0393701 
vn -0.385827 0.92126 0.023622 
vn -0.708661 0.708661 0.0393701 
vn -0.685039 0.708661 0.15748 
vn -0.685039 0.708661 0.15748 
vn -0.370079 0.92126 0.0866142 
vn -0.385827 0.92126 0.023622 
vn 0 1 0 
vn -0.385827 0.92126 0.023622 
vn -0.370079 0.92126 0.0866142 
vn -0.370079 0.92126 0.0866142 
vn 0 1 0 
vn 0 1 0 
vn -0.370079 -0.92126 0.0866142 
vn 0 -1 0 
vn 0 -1 0 
vn 0 -1 0 
vn -0.354331 -0.92126 0.149606 
vn -0.370079 -0.92126 0.0866142 
vn -0.685039 -0.708661 0.15748 
vn -0.370079 -0.92126 0.0866142 
vn -0.354331 -0.92126 0.149606 
vn -0.354331 -0.92126 0.149606 
vn -0.653543 -0.708661 0.275591 
vn -0.685039 -0.708661 0.15748 
vn -0.897638 -0.385827 0.212598 
vn -0.685039 -0.708661 0.15748 
vn -0.653543 -0.708661 0.275591 
vn -0.653543 -0.708661 0.275591 
vn -0.850394 -0.385827 0.362205 
vn -0.897638 -0.385827 0.212598 
vn -0.976378 0 0.228346 
vn -0.897638 -0.385827 0.212598 
vn -0.850394 -0.385827 0.362205 
vn -0.850394 -0.385827 0.362205 
vn -0.92126 0 0.393701 
vn -0.976378 0 0.228346 
vn -0.976378 0 0.228346 
vn -0.976378 0 0.228346 
vn -0.92126 0 0.393701 
vn -0.92126 0 0.393701 
vn -0.92126 0 0.393701 
vn -0.976378 0 0.228346 
vn -0.897638 0.385827 0.212598 
vn -0.976378 0 0.228346 
vn -0.92126 0 0.393701 
vn -0.92126 0 0.393701 
vn -0.850394 0.385827 0.362205 
vn -0.897638 0.385827 0.212598 
vn -0.685039 0.708661 0.15748 
vn -0.897638 0.385827 0.212598 
vn -0.850394 0.385827 0.362205 
vn -0.850394 0.385827 0.362205 
vn -0.653543 0.708661 0.275591 
vn -0.685039 0.708661 0.15748 
vn -0.370079 0.92126 0.0866142 
vn -0.685039 0.708661 0.15748 
vn -0.653543 0.708661 0.275591 
vn -0.653543 0.708661 0.275591 
vn -0.354331 0.92126 0.149606 
vn -0.370079 0.92126 0.0866142 
vn 0 1 0 
vn -0.370079 0.92126 0.0866142 
vn -0.354331 0.92126 0.149606 
vn -0.354331 0.92126 0.149606 
vn 0 1 0 
vn 0 1 0 
vn -0.354331 -0.92126 0.149606 
vn 0 -1 0 
vn 0 -1 0 
vn 0 -1 0 
vn -0.322835 -0.92126 0.212598 
vn -0.354331 -0.92126 0.149606 
vn -0.653543 -0.708661 0.275591 
vn -0.354331 -0.92126 0.149606 
vn -0.322835 -0.92126 0.212598 
vn -0.322835 -0.92126 0.212598 
vn -0.590551 -0.708661 0.385827 
vn -0.653543 -0.708661 0.275591 
vn -0.850394 -0.385827 0.362205 
vn -0.653543 -0.708661 0.275591 
vn -0.590551 -0.708661 0.385827 
vn -0.590551 -0.708661 0.385827 
vn -0.771654 -0.385827 0.503937 
vn -0.850394 -0.385827 0.362205 
vn -0.92126 0 0.393701 
vn -0.850394 -0.385827 0.362205 
vn -0.771654 -0.385827 0.503937 
vn -0.771654 -0.385827 0.503937 
vn -0.834646 0 0.543307 
vn -0.92126 0 0.393701 
vn -0.92126 0 0.393701 
vn -0.92126 0 0.393701 
vn -0.834646 0 0.543307 
vn -0.834646 0 0.543307 
vn -0.834646 0 0.543307 
vn -0.92126 0 0.393701 
vn -0.850394 0.385827 0.362205 
vn -0.92126 0 0.393701 
vn -0.834646 0 0.543307 
vn -0.834646 0 0.543307 
vn -0.771654 0.385827 0.503937 
vn -0.850394 0.385827 0.362205 
vn -0.653543 0.708661 0.275591 
vn -0.850394 0.385827 0.362205 
vn -0.771654 0.385827 0.503937 
vn -0.771654 0.385827 0.503937 
vn -0.590551 0.708661 0.385827 
vn -0.653543 0.708661 0.275591 
vn -0.354331 0.92126 0.149606 
vn -0.653543 0.708661 0.275591 
vn -0.590551 0.708661 0.385827 
vn -0.590551 0.708661 0.385827 
vn -0.322835 0.92126 0.212598 
vn -0.354331 0.92126 0.149606 
vn 0 1 0 
vn -0.354331 0.92126 0.149606 
vn -0.322835 0.92126 0.212598 
vn -0.322835 0.92126 0.212598 
vn 0 1 0 
vn 0 1 0 
vn -0.322835 -0.92126 0.212598 
vn 0 -1 0 
vn 0 -1 0 
vn 0 -1 0 
vn -0.275591 -0.92126 0.259843 
vn -0.322835 -0.92126 0.212598 
vn -0.590551 -0.708661 0.385827 
vn -0.322835 -0.92126 0.212598 
vn -0.275591 -0.92126 0.259843 
vn -0.275591 -0.92126 0.259843 
vn -0.519685 -0.708661 0.480315 
vn -0.590551 -0.708661 0.385827 
vn -0.771654 -0.385827 0.503937 
vn -0.590551 -0.708661 0.385827 
vn -0.519685 -0.708661 0.480315 
vn -0.519685 -0.708661 0.480315 
vn -0.677165 -0.385827 0.629921 
vn -0.771654 -0.385827 0.503937 
vn -0.834646 0 0.543307 
vn -0.771654 -0.385827 0.503937 
vn -0.677165 -0.385827 0.629921 
vn -0.677165 -0.385827 0.629921 
vn -0.732283 0 0.685039 
vn -0.834646 0 0.543307 
vn -0.834646 0 0.543307 
vn -0.834646 0 0.543307 
vn -0.732283 0 0.685039 
vn -0.732283 0 0.685039 
vn -0.732283 0 0.685039 
vn -0.834646 0 0.543307 
vn -0.771654 0.385827 0.503937 
vn -0.834646 0 0.543307 
vn -0.732283 0 0.685039 
vn -0.732283 0 0.685039 
vn -0.677165 0.385827 0.629921 
vn -0.771654 0.385827 0.503937 
vn -0.590551 0.708661 0.385827 
vn -0.771654 0.385827 0.503937 
vn -0.677165 0.385827 0.629921 
vn -0.677165 0.385827 0.629921 
vn -0.519685 0.708661 0.480315 
vn -0.590551 0.708661 0.385827 
vn -0.322835 0.92126 0.212598 
vn -0.590551 0.708661 0.385827 
vn -0.519685 0.708661 0.480315 
vn -0.519685 0.708661 0.480315 
vn -0.275591 0.92126 0.259843 
vn -0.322835 0.92126 0.212598 
vn 0 1 0 
vn -0.322835 0.92126 0.212598 
vn -0.275591 0.92126 0.259843 
vn -0.275591 0.92126 0.259843 
vn 0 1 0 
vn 0 1 0 
vn 0.275591 -0.92126 -0.259843 
vn 0 -1 0 
vn 0 -1 0 
vn 0 -1 0 
vn 0.228346 -0.92126 -0.307087 
vn 0.275591 -0.92126 -0.259843 
vn 0.519685 -0.708661 -0.480315 
vn 0.275591 -0.92126 -0.259843 
vn 0.228346 -0.92126 -0.307087 
vn 0.228346 -0.92126 -0.307087 
vn 0.425197 -0.708661 -0.566929 
vn 0.519685 -0.708661 -0.480315 
vn 0.677165 -0.385827 -0.629921 
vn 0.519685 -0.708661 -0.480315 
vn 0.425197 -0.708661 -0.566929 
vn 0.425197 -0.708661 -0.566929 
vn 0.551181 -0.385827 -0.740157 
vn 0.677165 -0.385827 -0.629921 
vn 0.732283 0 -0.685039 
vn 0.677165 -0.385827 -0.629921 
vn 0.551181 -0.385827 -0.740157 
vn 0.551181 -0.385827 -0.740157 
vn 0.598425 0 -0.80315 
vn 0.732283 0 -0.685039 
vn 0.732283 0 -0.685039 
vn 0.732283 0 -0.685039 
vn 0.598425 0 -0.80315 
vn 0.598425 0 -0.80315 
vn 0.598425 0 -0.80315 
vn 0.732283 0 -0.685039 
vn 0.677165 0.385827 -0.629921 
vn 0.732283 0 -0.685039 
vn 0.598425 0 -0.80315 
vn 0.598425 0 -0.80315 
vn 0.551181 0.385827 -0.740157 
vn 0.677165 0.385827 -0.629921 
vn 0.519685 0.708661 -0.480315 
vn 0.677165 0.385827 -0.629921 
vn 0.551181 0.385827 -0.740157 
vn 0.551181 0.385827 -0.740157 
vn 0.425197 0.708661 -0.566929 
vn 0.519685 0.708661 -0.480315 
vn 0.275591 0.92126 -0.259843 
vn 0.519685 0.708661 -0.480315 
vn 0.425197 0.708661 -0.566929 
vn 0.425197 0.708661 -0.566929 
vn 0.228346 0.92126 -0.307087 
vn 0.275591 0.92126 -0.259843 
vn 0 1 0 
vn 0.275591 0.92126 -0.259843 
vn 0.228346 0.92126 -0.307087 
vn 0.228346 0.92126 -0.307087 
vn 0 1 0 
vn 0 1 0 
vn 0.228346 -0.92126 -0.307087 
vn 0 -1 0 
vn 0 -1 0 
vn 0 -1 0 
vn 0.173228 -0.92126 -0.338583 
vn 0.228346 -0.92126 -0.307087 
vn 0.425197 -0.708661 -0.566929 
vn 0.228346 -0.92126 -0.307087 
vn 0.173228 -0.92126 -0.338583 
vn 0.173228 -0.92126 -0.338583 
vn 0.322835 -0.708661 -0.629921 
vn 0.425197 -0.708661 -0.566929 
vn 0.551181 -0.385827 -0.740157 
vn 0.425197 -0.708661 -0.566929 
vn 0.322835 -0.708661 -0.629921 
vn 0.322835 -0.708661 -0.629921 
vn 0.417323 -0.385827 -0.826772 
vn 0.551181 -0.385827 -0.740157 
vn 0.598425 0 -0.80315 
vn 0.551181 -0.385827 -0.740157 
vn 0.417323 -0.385827 -0.826772 
vn 0.417323 -0.385827 -0.826772 
vn 0.448819 0 -0.889764 
vn 0.598425 0 -0.80315 
vn 0.598425 0 -0.80315 
vn 0.598425 0 -0.80315 
vn 0.448819 0 -0.889764 
vn 0.448819 0 -0.889764 
vn 0.448819 0 -0.889764 
vn 0.598425 0 -0.80315 
vn 0.551181 0.385827 -0.740157 
vn 0.598425 0 -0.80315 
vn 0.448819 0 -0.889764 
vn 0.448819 0 -0.889764 
vn 0.417323 0.385827 -0.826772 
vn 0.551181 0.385827 -0.740157 
vn 0.425197 0.708661 -0.566929 
vn 0.551181 0.385827 -0.740157 
vn 0.417323 0.385827 -0.826772 
vn 0.417323 0.385827 -0.826772 
vn 0.322835 0.708661 -0.629921 
vn 0.425197 0.708661 -0.566929 
vn 0.228346 0.92126 -0.307087 
vn 0.425197 0.708661 -0.566929 
vn 0.322835 0.708661 -0.629921 
vn 0.322835 0.708661 -0.629921 
vn 0.173228 0.92126 -0.338583 
vn 0.228346 0.92126 -0.307087 
vn 0 1 0 
vn 0.228346 0.92126 -0.307087 
vn 0.173228 0.92126 -0.338583 
vn 0.173228 0.92126 -0.338583 
vn 0 1 0 
vn 0 1 0 
vn 0.173228 -0.92126 -0.338583 
vn 0 -1 0 
vn 0 -1 0 
vn 0 -1 0 
vn 0.110236 -0.92126 -0.370079 
vn 0.173228 -0.92126 -0.338583 
vn 0.322835 -0.708661 -0.629921 
vn 0.173228 -0.92126 -0.338583 
vn 0.110236 -0.92126 -0.370079 
vn 0.110236 -0.92126 -0.370079 
vn 0.204724 -0.708661 -0.677165 
vn 0.322835 -0.708661 -0.629921 
vn 0.417323 -0.385827 -0.826772 
vn 0.322835 -0.708661 -0.629921 
vn 0.204724 -0.708661 -0.677165 
vn 0.204724 -0.708661 -0.677165 
vn 0.267717 -0.385827 -0.88189 
vn 0.417323 -0.385827 -0.826772 
vn 0.448819 0 -0.889764 
vn 0.417323 -0.385827 -0.826772 
vn 0.267717 -0.385827 -0.88189 
vn 0.267717 -0.385827 -0.88189 
vn 0.291339 0 -0.96063 
vn 0.448819 0 -0.889764 
vn 0.448819 0 -0.889764 
vn 0.448819 0 -0.889764 
vn 0.291339 0 -0.96063 
vn 0.291339 0 -0.96063 
vn 0.291339 0 -0.96063 
vn 0.448819 0 -0.889764 
vn 0.417323 0.385827 -0.826772 
vn 0.448819 0 -0.889764 
vn 0.291339 0 -0.96063 
vn 0.291339 0 -0.96063 
vn 0.267717 0.385827 -0.88189 
vn 0.417323 0.385827 -0.826772 
vn 0.322835 0.708661 -0.629921 
vn 0.417323 0.385827 -0.826772 
vn 0.267717 0.385827 -0.88189 
vn 0.267717 0.385827 -0.88189 
vn 0.204724 0.708661 -0.677165 
vn 0.322835 0.708661 -0.629921 
vn 0.173228 0.92126 -0.338583 
vn 0.322835 0.708661 -0.629921 
vn 0.204724 0.708661 -0.677165 
vn 0.204724 0.708661 -0.677165 
vn 0.110236 0.92126 -0.370079 
vn 0.173228 0.92126 -0.338583 
vn 0 1 0 
vn 0.173228 0.92126 -0.338583 
vn 0.110236 0.92126 -0.370079 
vn 0.110236 0.92126 -0.370079 
vn 0 1 0 
vn 0 1 0 
vn 0.110236 -0.92126 -0.370079 
vn 0 -1 0 
vn 0 -1 0 
vn 0 -1 0 
vn 0.0472441 -0.92126 -0.377953 
vn 0.110236 -0.92126 -0.370079 
vn 0.204724 -0.708661 -0.677165 
vn 0.110236 -0.92126 -0.370079 
vn 0.0472441 -0.92126 -0.377953 
vn 0.0472441 -0.92126 -0.377953 
vn 0.0866142 -0.708661 -0.700787 
vn 0.204724 -0.708661 -0.677165 
vn 0.267717 -0.385827 -0.88189 
vn 0.204724 -0.708661 -0.677165 
vn 0.0866142 -0.708661 -0.700787 
vn 0.0866142 -0.708661 -0.700787 
vn 0.110236 -0.385827 -0.913386 
vn 0.267717 -0.385827 -0.88189 
vn 0.291339 0 -0.96063 
vn 0.267717 -0.385827 -0.88189 
vn 0.110236 -0.385827 -0.913386 
vn 0.110236 -0.385827 -0.913386 
vn 0.11811 0 -0.992126 
vn 0.291339 0 -0.96063 
vn 0.291339 0 -0.96063 
vn 0.291339 0 -0.96063 
vn 0.11811 0 -0.992126 
vn 0.11811 0 -0.992126 
vn 0.11811 0 -0.992126 
vn 0.291339 0 -0.96063 
vn 0.267717 0.385827 -0.88189 
vn 0.291339 0 -0.96063 
vn 0.11811 0 -0.992126 
vn 0.11811 0 -0.992126 
vn 0.110236 0.385827 -0.913386 
vn 0.267717 0.385827 -0.88189 
vn 0.204724 0.708661 -0.677165 
vn 0.267717 0.385827 -0.88189 
vn 0.110236 0.385827 -0.913386 
vn 0.110236 0.385827 -0.913386 
vn 0.0866142 0.708661 -0.700787 
vn 0.204724 0.708661 -0.677165 
vn 0.110236 0.92126 -0.370079 
vn 0.204724 0.708661 -0.677165 
vn 0.0866142 0.708661 -0.700787 
vn 0.0866142 0.708661 -0.700787 
vn 0.0472441 0.92126 -0.377953 
vn 0.110236 0.92126 -0.370079 
vn 0 1 0 
vn 0.110236 0.92126 -0.370079 
vn 0.0472441 0.92126 -0.377953 
vn 0.0472441 0.92126 -0.377953 
vn 0 1 0 
vn 0 1 0 
vn 0.0472441 -0.92126 -0.377953 
vn 0 -1 0 
vn 0 -1 0 
vn 0 -1 0 
vn -0.023622 -0.92126 -0.385827 
vn 0.0472441 -0.92126 -0.377953 
vn 0.0866142 -0.708661 -0.700787 
vn 0.0472441 -0.92126 -0.377953 
vn -0.023622 -0.92126 -0.385827 
vn -0.023622 -0.92126 -0.385827 
vn -0.0393701 -0.708661 -0.708661 
vn 0.0866142 -0.708661 -0.700787 
vn 0.110236 -0.385827 -0.913386 
vn 0.0866142 -0.708661 -0.700787 
vn -0.0393701 -0.708661 -0.708661 
vn -0.0393701 -0.708661 -0.708661 
vn -0.0472441 -0.385827 -0.92126 
vn 0.110236 -0.385827 -0.913386 
vn 0.11811 0 -0.992126 
vn 0.110236 -0.385827 -0.913386 
vn -0.0472441 -0.385827 -0.92126 
vn -0.0472441 -0.385827 -0.92126 
vn -0.0551181 0 -1 
vn 0.11811 0 -0.992126 
vn 0.11811 0 -0.992126 
vn 0.11811 0 -0.992126 
vn -0.0551181 0 -1 
vn -0.0551181 0 -1 
vn -0.0551181 0 -1 
vn 0.11811 0 -0.992126 
vn 0.110236 0.385827 -0.913386 
vn 0.11811 0 -0.992126 
vn -0.0551181 0 -1 
vn -0.0551181 0 -1 
vn -0.0472441 0.385827 -0.92126 
vn 0.110236 0.385827 -0.913386 
vn 0.0866142 0.708661 -0.700787 
vn 0.110236 0.385827 -0.913386 
vn -0.0472441 0.385827 -0.92126 
vn -0.0472441 0.385827 -0.92126 
vn -0.0393701 0.708661 -0.708661 
vn 0.0866142 0.708661 -0.700787 
vn 0.0472441 0.92126 -0.377953 
vn 0.0866142 0.708661 -0.700787 
vn -0.0393701 0.708661 -0.708661 
vn -0.0393701 0.708661 -0.708661 
vn -0.023622 0.92126 -0.385827 
vn 0.0472441 0.92126 -0.377953 
vn 0 1 0 
vn 0.0472441 0.92126 -0.377953 
vn -0.023622 0.92126 -0.385827 
vn -0.023622 0.92126 -0.385827 
vn 0 1 0 
vn 0 1 0 
vn -0.023622 -0.92126 -0.385827 
vn 0 -1 0 
vn 0 -1 0 
vn 0 -1 0 
vn -0.0866142 -0.92126 -0.370079 
vn -0.023622 -0.92126 -0.385827 
vn -0.0393701 -0.708661 -0.708661 
vn -0.023622 -0.92126 -0.385827 
vn -0.0866142 -0.92126 -0.370079 
vn -0.0866142 -0.92126 -0.370079 
vn -0.15748 -0.708661 -0.685039 
vn -0.0393701 -0.708661 -0.708661 
vn -0.0472441 -0.385827 -0.92126 
vn -0.0393701 -0.708661 -0.708661 
vn -0.15748 -0.708661 -0.685039 
vn -0.15748 -0.708661 -0.685039 
vn -0.212598 -0.385827 -0.897638 
vn -0.0472441 -0.385827 -0.92126 
vn -0.0551181 0 -1 
vn -0.0472441 -0.385827 -0.92126 
vn -0.212598 -0.385827 -0.897638 
vn -0.212598 -0.385827 -0.897638 
vn -0.228346 0 -0.976378 
vn -0.0551181 0 -1 
vn -0.0551181 0 -1 
vn -0.0551181 0 -1 
vn -0.228346 0 -0.976378 
vn -0.228346 0 -0.976378 
vn -0.228346 0 -0.976378 
vn -0.0551181 0 -1 
vn -0.0472441 0.385827 -0.92126 
vn -0.0551181 0 -1 
vn -0.228346 0 -0.976378 
vn -0.228346 0 -0.976378 
vn -0.212598 0.385827 -0.897638 
vn -0.0472441 0.385827 -0.92126 
vn -0.0393701 0.708661 -0.708661 
vn -0.0472441 0.385827 -0.92126 
vn -0.212598 0.385827 -0.897638 
vn -0.212598 0.385827 -0.897638 
vn -0.15748 0.708661 -0.685039 
vn -0.0393701 0.708661 -0.708661 
vn -0.023622 0.92126 -0.385827 
vn -0.0393701 0.708661 -0.708661 
vn -0.15748 0.708661 -0.685039 
vn -0.15748 0.708661 -0.685039 
vn -0.0866142 0.92126 -0.370079 
vn -0.023622 0.92126 -0.385827 
vn 0 1 0 
vn -0.023622 0.92126 -0.385827 
vn -0.0866142 0.92126 -0.370079 
vn -0.0866142 0.92126 -0.370079 
vn 0 1 0 
vn 0 1 0 
vn -0.0866142 -0.92126 -0.370079 
vn 0 -1 0 
vn 0 -1 0 
vn 0 -1 0 
vn -0.149606 -0.92126 -0.354331 
vn -0.0866142 -0.92126 -0.370079 
vn -0.15748 -0.708661 -0.685039 
vn -0.0866142 -0.92126 -0.370079 
vn -0.149606 -0.92126 -0.354331 
vn -0.149606 -0.92126 -0.354331 
vn -0.275591 -0.708661 -0.653543 
vn -0.15748 -0.708661 -0.685039 
vn -0.212598 -0.385827 -0.897638 
vn -0.15748 -0.708661 -0.685039 
vn -0.275591 -0.708661 -0.653543 
vn -0.275591 -0.708661 -0.653543 
vn -0.362205 -0.385827 -0.850394 
vn -0.212598 -0.385827 -0.897638 
vn -0.228346 0 -0.976378 
vn -0.212598 -0.385827 -0.897638 
vn -0.362205 -0.385827 -0.850394 
vn -0.362205 -0.385827 -0.850394 
vn -0.393701 0 -0.92126 
vn -0.228346 0 -0.976378 
vn -0.228346 0 -0.976378 
vn -0.228346 0 -0.976378 
vn -0.393701 0 -0.92126 
vn -0.393701 0 -0.92126 
vn -0.393701 0 -0.92126 
vn -0.228346 0 -0.976378 
vn -0.212598 0.385827 -0.897638 
vn -0.228346 0 -0.976378 
vn -0.393701 0 -0.92126 
vn -0.393701 0 -0.92126 
vn -0.362205 0.385827 -0.850394 
vn -0.212598 0.385827 -0.897638 
vn -0.15748 0.708661 -0.685039 
vn -0.212598 0.385827 -0.897638 
vn -0.362205 0.385827 -0.850394 
vn -0.362205 0.385827 -0.850394 
vn -0.275591 0.708661 -0.653543 
vn -0.15748 0.708661 -0.685039 
vn -0.0866142 0.92126 -0.370079 
vn -0.15748 0.708661 -0.685039 
vn -0.275591 0.708661 -0.653543 
vn -0.275591 0.708661 -0.653543 
vn -0.149606 0.92126 -0.354331 
vn -0.0866142 0.92126 -0.370079 
vn 0 1 0 
vn -0.0866142 0.92126 -0.370079 
vn -0.149606 0.92126 -0.354331 
vn -0.149606 0.92126 -0.354331 
vn 0 1 0 
vn 0 1 0 
vn -0.149606 -0.92126 -0.354331 
vn 0 -1 0 
vn 0 -1 0 
vn 0 -1 0 
vn -0.212598 -0.92126 -0.322835 
vn -0.149606 -0.92126 -0.354331 
vn -0.275591 -0.708661 -0.653543 
vn -0.149606 -0.92126 -0.354331 
vn -0.212598 -0.92126 -0.322835 
vn -0.212598 -0.92126 -0.322835 
vn -0.385827 -0.708661 -0.590551 
vn -0.275591 -0.708661 -0.653543 
vn -0.362205 -0.385827 -0.850394 
vn -0.275591 -0.708661 -0.653543 
vn -0.385827 -0.708661 -0.590551 
vn -0.385827 -0.708661 -0.590551 
vn -0.503937 -0.385827 -0.771654 
vn -0.362205 -0.385827 -0.850394 
vn -0.393701 0 -0.92126 
vn -0.362205 -0.385827 -0.850394 
vn -0.503937 -0.385827 -0.771654 
vn -0.503937 -0.385827 -0.771654 
vn -0.543307 0 -0.834646 
vn -0.393701 0 -0.92126 
vn -0.393701 0 -0.92126 
vn -0.393701 0 -0.92126 
vn -0.543307 0 -0.834646 
vn -0.543307 0 -0.834646 
vn -0.543307 0 -0.834646 
vn -0.393701 0 -0.92126 
vn -0.362205 0.385827 -0.850394 
vn -0.393701 0 -0.92126 
vn -0.543307 0 -0.834646 
vn -0.543307 0 -0.834646 
vn -0.503937 0.385827 -0.771654 
vn -0.362205 0.385827 -0.850394 
vn -0.275591 0.708661 -0.653543 
vn -0.362205 0.385827 -0.850394 
vn -0.503937 0.385827 -0.771654 
vn -0.503937 0.385827 -0.771654 
vn -0.385827 0.708661 -0.590551 
vn -0.275591 0.708661 -0.653543 
vn -0.149606 0.92126 -0.354331 
vn -0.275591 0.708661 -0.653543 
vn -0.385827 0.708661 -0.590551 
vn -0.385827 0.708661 -0.590551 
vn -0.212598 0.92126 -0.322835 
vn -0.149606 0.92126 -0.354331 
vn 0 1 0 
vn -0.149606 0.92126 -0.354331 
vn -0.212598 0.92126 -0.322835 
vn -0.212598 0.92126 -0.322835 
vn 0 1 0 
vn 0 1 0 
vn -0.212598 -0.92126 -0.322835 
vn 0 -1 0 
vn 0 -1 0 
vn 0 -1 0 
vn -0.259843 -0.92126 -0.275591 
vn -0.212598 -0.92126 -0.322835 
vn -0.385827 -0.708661 -0.590551 
vn -0.212598 -0.92126 -0.322835 
vn -0.259843 -0.92126 -0.275591 
vn -0.259843 -0.92126 -0.275591 
vn -0.480315 -0.708661 -0.519685 
vn -0.385827 -0.708661 -0.590551 
vn -0.503937 -0.385827 -0.771654 
vn -0.385827 -0.708661 -0.590551 
vn -0.480315 -0.708661 -0.519685 
vn -0.480315 -0.708661 -0.519685 
vn -0.629921 -0.385827 -0.677165 
vn -0.503937 -0.385827 -0.771654 
vn -0.543307 0 -0.834646 
vn -0.503937 -0.385827 -0.771654 
vn -0.629921 -0.385827 -0.677165 
vn -0.629921 -0.385827 -0.677165 
vn -0.685039 0 -0.732283 
vn -0.543307 0 -0.834646 
vn -0.543307 0 -0.834646 
vn -0.543307 0 -0.834646 
vn -0.685039 0 -0.732283 
vn -0.685039 0 -0.732283 
vn -0.685039 0 -0.732283 
vn -0.543307 0 -0.834646 
vn -0.503937 0.385827 -0.771654 
vn -0.543307 0 -0.834646 
vn -0.685039 0 -0.732283 
vn -0.685039 0 -0.732283 
vn -0.629921 0.385827 -0.677165 
vn -0.503937 0.385827 -0.771654 
vn -0.385827 0.708661 -0.590551 
vn -0.503937 0.385827 -0.771654 
vn -0.629921 0.385827 -0.677165 
vn -0.629921 0.385827 -0.677165 
vn -0.480315 0.708661 -0.519685 
vn -0.385827 0.708661 -0.590551 
vn -0.212598 0.92126 -0.322835 
vn -0.385827 0.708661 -0.590551 
vn -0.480315 0.708661 -0.519685 
vn -0.480315 0.708661 -0.519685 
vn -0.259843 0.92126 -0.275591 
vn -0.212598 0.92126 -0.322835 
vn 0 1 0 
vn -0.212598 0.92126 -0.322835 
vn -0.259843 0.92126 -0.275591 
vn -0.259843 0.92126 -0.275591 
vn 0 1 0 
vn 0 1 0 
vn 0 -1 0 
vn 0 -1 0 
vn 0 -1 0 
vn 0 -1 0 
vn 0 -1 0 
vn 0 -1 0 
vn 0 -1 0 
vn 0 -1 0 
vn 0 -1 0 
vn 0 -1 0 
vn 0 -1 0 
vn 0 -1 0 
vn 0 -1 0 
vn 0 -1 0 
vn 0 -1 0 
vn 0 -1 0 
vn 0 -1 0 
vn 0 -1 0 
vn 0 -1 0 
vn 0 -1 0 
vn 0 -1 0 
vn 0 -1 0 
vn 0 -1 0 
vn 0 -1 0 
vn 0 -1 0 
vn 0 -1 0 
vn 0 -1 0 
vn 0 -1 0 
vn 0 -1 0 
vn 0 -1 0 
vn 0 -1 0 
vn 0 -1 0 
vn 0 -1 0 
vn 0 -1 0 
vn 0 -1 0 
vn 0 -1 0 
vn 0 -1 0 
vn 0 -1 0 
vn 0 -1 0 
vn 0 -1 0 
vn 0 -1 0 
vn 0 -1 0 
vn 0 -1 0 
vn 0 -1 0 
vn 0 -1 0 
vn 0 -1 0 
vn 0 -1 0 
vn 0 -1 0 
vn 0 -1 0 
vn 0 -1 0 
vn 0 -1 0 
vn 0 -1 0 
vn 0 -1 0 
vn 0 -1 0 
vn 0 -1 0 
vn 0 -1 0 
vn 0 -1 0 
vn 0 -1 0 
vn 0 -1 0 
vn 0 -1 0 
vn 0 -1 0 
vn 0 -1 0 
vn 0 -1 0 
vn 0 -1 0 
vn 0 -1 0 
vn 0 -1 0 
vn 0 -1 0 
vn 0 -1 0 
vn 0 -1 0 
vn 0 -1 0 
vn 0 -1 0 
vn 0 -1 0 
vn 0 -1 0 
vn 0 -1 0 
vn 0 -1 0 
vn 0 -1 0 
vn 0 -1 0 
vn 0 -1 0 
vn 0 -1 0 
vn 0 -1 0 
vn 0 -1 0 
vn 0 -1 0 
vn 0 -1 0 
vn 0 -1 0 
vn 0 -1 0 
vn 0 -1 0 
vn 0 -1 0 
vn 0 -1 0 
vn 0 -1 0 
vn 0 -1 0 
vn 0 -1 0 
vn 0 -1 0 
vn 0 -1 0 
vn 0 -1 0 
vn 0 -1 0 
vn 0 -1 0 
vn 0 -1 0 
vn 0 -1 0 
vn 0 -1 0 
vn 0 -1 0 
vn 0 -1 0 
vn 0 -1 0 
vn 0 -1 0 
vn 0 -1 0 
vn 0 -1 0 
vn 0 -1 0 
vn 0 -1 0 
vn 0 -1 0 
vn 0 -1 0 
vn 0 -1 0 
vn 0 -1 0 
vn 0 -1 0 
vn 0 -1 0 
vn 0 -1 0 
vn 0 -1 0 
vn 0 -1 0 
vn 0 -1 0 
vn 0 -1 0 
vn 0 -1 0 
vn 0 -1 0 
vn 0 -1 0 
vn 0 -1 0 
vn 0 -1 0 
vn 0 -1 0 
vn 0 -1 0 
vn 0 -1 0 
vn 0 -1 0 
vn 0 -1 0 
vn 0 -1 0 
vn 0 -1 0 
vn 0 -1 0 
vn 0 -1 0 
vn 0 -1 0 
vn 0 -1 0 
vn 0 -1 0 
vn 0 -1 0 
vn 0 -1 0 
vn 0 -1 0 
vn 0 -1 0 
vn 0 -1 0 
vn 0 -1 0 
vn 0 -1 0 
vn 0 -1 0 
vn 0 -1 0 
vn 0 -1 0 
vn 0 -1 0 
vn 0 -1 0 
vn 0 -1 0 
vn 0 -1 0 
vn 0 -1 0 
vn 0 -1 0 
vn 0 -1 0 
vn 0 -1 0 
vn 0 -1 0 
vn 0 -1 0 
vn 0 -1 0 
vn 0 -1 0 
vn 0 -1 0 
vn 0 -1 0 
vn 0 -1 0 
vn 0 -1 0 
vn 0 -1 0 
vn 0 -1 0 
vn 0 -1 0 
vn 0 -1 0 
vn 0 -1 0 
vn 0 -1 0 
vn 0 -1 0 
vn 0 -1 0 
vn 0 -1 0 
vn 0 -1 0 
vn 0 -1 0 
vn 0 -1 0 
vn 0 -1 0 
vn 0 -1 0 
vn 0 -1 0 
vn 0 -1 0 
vn 0 -1 0 
vn 0 -1 0 
vn 0 -1 0 
vn 0 -1 0 
vn 0 -1 0 
vn 0 -1 0 
vn 0 -1 0 
vn 0 -1 0 
vn 0 -1 0 
vn 0 -1 0 
vn 0 -1 0 
vn 0 -1 0 
vn 0 -1 0 
vn 0 -1 0 
vn 0 -1 0 
vn 0 -1 0 
vn 0 -1 0 
vn 0 -1 0 
vn 0 -1 0 
vn 0 -1 0 
vn 0 -1 0 
vn 0 -1 0 
vn 0 -1 0 
vn 0 -1 0 
vn 0 -1 0 
vn 0 -1 0 
vn 0 -1 0 
vn 0 -1 0 
vn 0 -1 0 
vn 0 -1 0 
vn 0 -1 0 
vn 0 -1 0 
vn 0 -1 0 
vn 0 -1 0 
vn 0 -1 0 
vn 0 -1 0 
vn 0 -1 0 
vn 0 -1 0 
vn 0 -1 0 
vn 0 -1 0 
vn 0 -1 0 
vn 0 -1 0 
vn 0 -1 0 
vn 0 -1 0 
vn 0 -1 0 
vn 0 -1 0 
vn 0 -1 0 
vn 0 -1 0 
vn 0 -1 0 
vn 0 -1 0 
vn 0 -1 0 
vn 0 -1 0 
vn 0 -1 0 
vn 0 -1 0 
vn 0 -1 0 
vn 0 -1 0 
vn 0 -1 0 
vn 0 -1 0 
vn 0 -1 0 
vn 0 -1 0 
vn 0 -1 0 
vn 0 -1 0 
vn 0 -1 0 
vn 0 -1 0 
vn 0 -1 0 
vn 0 -1 0 
vn 0 -1 0 
vn 0 -1 0 
vn 0 -1 0 
vn 0 -1 0 
vn 0 -1 0 
vn 0 -1 0 
vn 0 -1 0 
vn 0 -1 0 
vn 0 -1 0 
vn 0 -1 0 
vn 0 -1 0 
vn 0 -1 0 
vn 0 -1 0 
vn 0 -1 0 
vn 0 -1 0 
vn 0 -1 0 
vn 0 -1 0 
vn 0 -1 0 
vn 0 -1 0 
vn 0 -1 0 
vn 0 -1 0 
vn 0 -1 0 
vn 0 -1 0 
vn 0 -1 0 
vn 0 -1 0 
vn 0 -1 0 
vn 0 -1 0 
vn 0 -1 0 
vn 0 -1 0 
vn 0 -1 0 
vn 0 -1 0 
vn 0 -1 0 
vn 0 -1 0 
vn 0 -1 0 
vn 0 -1 0 
vn 0 -1 0 
vn 0 -1 0 
vn 0 -1 0 
vn 0 -1 0 
vn 0 -1 0 
vn 0 -1 0 
vn 0 -1 0 
vn 0 -1 0 
vn 0 -1 0 
vn 0 -1 0 
vn 0 -1 0 
vn 0 -1 0 
vn 0 -1 0 
vn 0 -1 0 
vn 0 -1 0 
vn 0 -1 0 
vn 0 -1 0 
vn 0 -1 0 
vn 0 -1 0 
vn 0 -1 0 
vn 0 -1 0 
vn 0 -1 0 
vn 0 -1 0 
vn 0 -1 0 
vn 0 -1 0 
vn 0 -1 0 
vn 0 -1 0 
vn 0 -1 0 
vn 0 -1 0 
vn 0 -1 0 
vn 0 -1 0 
vn 0 -1 0 
vn 0 -1 0 
vn 0 -1 0 
vn 0 -1 0 
vn 0 -1 0 
vn 0 -1 0 
vn 0 -1 0 
vn 0 -1 0 
vn 0 -1 0 
vn 0 -1 0 
vn 0 -1 0 
vn 0 -1 0 
vn 0 -1 0 
vn 0 -1 0 
vn 0 -1 0 
vn 0 -1 0 
vn 0 -1 0 
vn 0 -1 0 
vn 0 -1 0 
vn 0 -1 0 
vn 0 -1 0 
vn 0 -1 0 
vn 0 -1 0 
vn 0 -1 0 
vn 0 -1 0 
vn 0 -1 0 
vn 0 -1 0 
vn 0 -1 0 
vn 0 -1 0 
vn 0 -1 0 
vn 0 -1 0 
vn 0 -1 0 
vn 0 -1 0 
vn 0 -1 0 
vn 0 -1 0 
vn 0 -1 0 
vn 0 -1 0 
vn 0 -1 0 
vn 0 -1 0 
vn 0 -1 0 
vn 0 -1 0 
vn 0 -1 0 
vn 0 -1 0 
vn 0 -1 0 
vn 0 -1 0 
vn 0 -1 0 
vn 0 -1 0 
vn 0 -1 0 
vn 0 -1 0 
vn 0 -1 0 
vn 0 -1 0 
vn 0 -1 0 
vn 0 -1 0 
vn 0 -1 0 
vn 0 -1 0 
vn 0 -1 0 
vn 0 -1 0 
vn 0 -1 0 
vn 0 -1 0 
vn 0 -1 0 
vn 0 -1 0 
vn 0 -1 0 
vn 0 -1 0 
vn 0 -1 0 
vn 0 -1 0 
vn 0 -1 0 
vn 0 -1 0 
vn 0 -1 0 
vn 0 -1 0 
vn 0 -1 0 
vn 0 -1 0 
vn 0 -1 0 
vn 0 -1 0 
vn 0 -1 0 
vn 0 -1 0 
vn 0 -1 0 
vn 0 -1 0 
vn 0 -1 0 
vn 0 -1 0 
vn 0 -1 0 
vn 0 -1 0 
vn 0 -1 0 
vn 0 -1 0 
vn 0 -1 0 
vn 0 -1 0 
vn 0 -1 0 
vn 0 -1 0 
vn 0 -1 0 
vn 0 -1 0 
vn 0 -1 0 
vn 0 -1 0 
vn 0 -1 0 
vn 0 -1 0 
vn 0 -1 0 
vn 0 -1 0 
vn 0 -1 0 
vn 0 -1 0 
vn 0 -1 0 
vn 0 -1 0 
vn 0 -1 0 
vn 0 -1 0 
vn 0 -1 0 
vn 0 -1 0 
vn 0 -1 0 
vn 0 -1 0 
vn 0 -1 0 
vn 0 -1 0 
vn 0 -1 0 
vn 0 -1 0 
vn 0 -1 0 
vn 0 -1 0 
vn 0 -1 0 
vn 0 -1 0 
vn 0 -1 0 
vn 0 -1 0 
vn 0 -1 0 
vn 0 -1 0 
vn 0 -1 0 
vn 0 -1 0 
vn 0 -1 0 
vn 0 -1 0 
vn 0 -1 0 
vn 0 -1 0 
vn 0 -1 0 
vn 0 -1 0 
vn 0 -1 0 
vn 0 -1 0 
vn 0 -1 0 
vn 0 -1 0 
vn 0 -1 0 
vn 0 -1 0 
vn 0 -1 0 
vn 0 -1 0 
vn 0 -1 0 
vn 0 -1 0 
vn 0 -1 0 
vn 0 -1 0 
vn 0 -1 0 
vn 0 -1 0 
vn 0 -1 0 
vn 0 -1 0 
vn 0 -1 0 
vn 0 -1 0 
vn 0 -1 0 
vn 0 -1 0 
vn 0 -1 0 
vn 0 -1 0 
vn 0 -1 0 
vn 0 -1 0 
vn 0 -1 0 
vn 0 -1 0 
vn 0 -1 0 
vn 0 -1 0 
vn 0 -1 0 
vn 0 -1 0 
vn 0 -1 0 
vn 0 -1 0 
vn 0 -1 0 
vn 0 -1 0 
vn 0 -1 0 
vn 0 -1 0 
vn 0 -1 0 
vn 0 -1 0 
vn 0 -1 0 
vn 0 -1 0 
vn 0 -1 0 
vn 0 -1 0 
vn 0 -1 0 
vn 0 -1 0 
vn 0 -1 0 
vn 0 -1 0 
vn 0 -1 0 
vn 0 -1 0 
vn 0 -1 0 
vn 0 -1 0 
vn 0 -1 0 
vn 0 -1 0 
vn 0.259843 -0.92126 0.275591 
vn 0 -1 0 
vn 0 -1 0 
vn 0 -1 0 
vn 0.307087 -0.92126 0.228346 
vn 0.259843 -0.92126 0.275591 
vn 0.480315 -0.708661 0.519685 
vn 0.259843 -0.92126 0.275591 
vn 0.307087 -0.92126 0.228346 
vn 0.307087 -0.92126 0.228346 
vn 0.566929 -0.708661 0.425197 
vn 0.480315 -0.708661 0.519685 
vn 0.629921 -0.385827 0.677165 
vn 0.480315 -0.708661 0.519685 
vn 0.566929 -0.708661 0.425197 
vn 0.566929 -0.708661 0.425197 
vn 0.740157 -0.385827 0.551181 
vn 0.629921 -0.385827 0.677165 
vn 0.685039 0 0.732283 
vn 0.629921 -0.385827 0.677165 
vn 0.740157 -0.385827 0.551181 
vn 0.740157 -0.385827 0.551181 
vn 0.80315 0 0.598425 
vn 0.685039 0 0.732283 
vn 0.685039 0 0.732283 
vn 0.685039 0 0.732283 
vn 0.80315 0 0.598425 
vn 0.80315 0 0.598425 
vn 0.80315 0 0.598425 
vn 0.685039 0 0.732283 
vn 0.629921 0.385827 0.677165 
vn 0.685039 0 0.732283 
vn 0.80315 0 0.598425 
vn 0.80315 0 0.598425 
vn 0.740157 0.385827 0.551181 
vn 0.629921 0.385827 0.677165 
vn 0.480315 0.708661 0.519685 
vn 0.629921 0.385827 0.677165 
vn 0.740157 0.385827 0.551181 
vn 0.740157 0.385827 0.551181 
vn 0.566929 0.708661 0.425197 
vn 0.480315 0.708661 0.519685 
vn 0.259843 0.92126 0.275591 
vn 0.480315 0.708661 0.519685 
vn 0.566929 0.708661 0.425197 
vn 0.566929 0.708661 0.425197 
vn 0.307087 0.92126 0.228346 
vn 0.259843 0.92126 0.275591 
vn 0 1 0 
vn 0.259843 0.92126 0.275591 
vn 0.307087 0.92126 0.228346 
vn 0.307087 0.92126 0.228346 
vn 0 1 0 
vn 0 1 0 
vn 0.307087 -0.92126 0.228346 
vn 0 -1 0 
vn 0 -1 0 
vn 0 -1 0 
vn 0.338583 -0.92126 0.173228 
vn 0.307087 -0.92126 0.228346 
vn 0.566929 -0.708661 0.425197 
vn 0.307087 -0.92126 0.228346 
vn 0.338583 -0.92126 0.173228 
vn 0.338583 -0.92126 0.173228 
vn 0.629921 -0.708661 0.322835 
vn 0.566929 -0.708661 0.425197 
vn 0.740157 -0.385827 0.551181 
vn 0.566929 -0.708661 0.425197 
vn 0.629921 -0.708661 0.322835 
vn 0.629921 -0.708661 0.322835 
vn 0.826772 -0.385827 0.417323 
vn 0.740157 -0.385827 0.551181 
vn 0.80315 0 0.598425 
vn 0.740157 -0.385827 0.551181 
vn 0.826772 -0.385827 0.417323 
vn 0.826772 -0.385827 0.417323 
vn 0.889764 0 0.448819 
vn 0.80315 0 0.598425 
vn 0.80315 0 0.598425 
vn 0.80315 0 0.598425 
vn 0.889764 0 0.448819 
vn 0.889764 0 0.448819 
vn 0.889764 0 0.448819 
vn 0.80315 0 0.598425 
vn 0.740157 0.385827 0.551181 
vn 0.80315 0 0.598425 
vn 0.889764 0 0.448819 
vn 0.889764 0 0.448819 
vn 0.826772 0.385827 0.417323 
vn 0.740157 0.385827 0.551181 
vn 0.566929 0.708661 0.425197 
vn 0.740157 0.385827 0.551181 
vn 0.826772 0.385827 0.417323 
vn 0.826772 0.385827 0.417323 
vn 0.629921 0.708661 0.322835 
vn 0.566929 0.708661 0.425197 
vn 0.307087 0.92126 0.228346 
vn 0.566929 0.708661 0.425197 
vn 0.629921 0.708661 0.322835 
vn 0.629921 0.708661 0.322835 
vn 0.338583 0.92126 0.173228 
vn 0.307087 0.92126 0.228346 
vn 0 1 0 
vn 0.307087 0.92126 0.228346 
vn 0.338583 0.92126 0.173228 
vn 0.338583 0.92126 0.173228 
vn 0 1 0 
vn 0 1 0 
vn 0.338583 -0.92126 0.173228 
vn 0 -1 0 
vn 0 -1 0 
vn 0 -1 0 
vn 0.370079 -0.92126 0.110236 
vn 0.338583 -0.92126 0.173228 
vn 0.629921 -0.708661 0.322835 
vn 0.338583 -0.92126 0.173228 
vn 0.370079 -0.92126 0.110236 
vn 0.370079 -0.92126 0.110236 
vn 0.677165 -0.708661 0.204724 
vn 0.629921 -0.708661 0.322835 
vn 0.826772 -0.385827 0.417323 
vn 0.629921 -0.708661 0.322835 
vn 0.677165 -0.708661 0.204724 
vn 0.677165 -0.708661 0.204724 
vn 0.88189 -0.385827 0.267717 
vn 0.826772 -0.385827 0.417323 
vn 0.889764 0 0.448819 
vn 0.826772 -0.385827 0.417323 
vn 0.88189 -0.385827 0.267717 
vn 0.88189 -0.385827 0.267717 
vn 0.96063 0 0.291339 
vn 0.889764 0 0.448819 
vn 0.889764 0 0.448819 
vn 0.889764 0 0.448819 
vn 0.96063 0 0.291339 
vn 0.96063 0 0.291339 
vn 0.96063 0 0.291339 
vn 0.889764 0 0.448819 
vn 0.826772 0.385827 0.417323 
vn 0.889764 0 0.448819 
vn 0.96063 0 0.291339 
vn 0.96063 0 0.291339 
vn 0.88189 0.385827 0.267717 
vn 0.826772 0.385827 0.417323 
vn 0.629921 0.708661 0.322835 
vn 0.826772 0.385827 0.417323 
vn 0.88189 0.385827 0.267717 
vn 0.88189 0.385827 0.267717 
vn 0.677165 0.708661 0.204724 
vn 0.629921 0.708661 0.322835 
vn 0.338583 0.92126 0.173228 
vn 0.629921 0.708661 0.322835 
vn 0.677165 0.708661 0.204724 
vn 0.677165 0.708661 0.204724 
vn 0.370079 0.92126 0.110236 
vn 0.338583 0.92126 0.173228 
vn 0 1 0 
vn 0.338583 0.92126 0.173228 
vn 0.370079 0.92126 0.110236 
vn 0.370079 0.92126 0.110236 
vn 0 1 0 
vn 0 1 0 
vn 0.370079 -0.92126 0.110236 
vn 0 -1 0 
vn 0 -1 0 
vn 0 -1 0 
vn 0.377953 -0.92126 0.0472441 
vn 0.370079 -0.92126 0.110236 
vn 0.677165 -0.708661 0.204724 
vn 0.370079 -0.92126 0.110236 
vn 0.377953 -0.92126 0.0472441 
vn 0.377953 -0.92126 0.0472441 
vn 0.700787 -0.708661 0.0866142 
vn 0.677165 -0.708661 0.204724 
vn 0.88189 -0.385827 0.267717 
vn 0.677165 -0.708661 0.204724 
vn 0.700787 -0.708661 0.0866142 
vn 0.700787 -0.708661 0.0866142 
vn 0.913386 -0.385827 0.110236 
vn 0.88189 -0.385827 0.267717 
vn 0.96063 0 0.291339 
vn 0.88189 -0.385827 0.267717 
vn 0.913386 -0.385827 0.110236 
vn 0.913386 -0.385827 0.110236 
vn 0.992126 0 0.11811 
vn 0.96063 0 0.291339 
vn 0.96063 0 0.291339 
vn 0.96063 0 0.291339 
vn 0.992126 0 0.11811 
vn 0.992126 0 0.11811 
vn 0.992126 0 0.11811 
vn 0.96063 0 0.291339 
vn 0.88189 0.385827 0.267717 
vn 0.96063 0 0.291339 
vn 0.992126 0 0.11811 
vn 0.992126 0 0.11811 
vn 0.913386 0.385827 0.110236 
vn 0.88189 0.385827 0.267717 
vn 0.677165 0.708661 0.204724 
vn 0.88189 0.385827 0.267717 
vn 0.913386 0.385827 0.110236 
vn 0.913386 0.385827 0.110236 
vn 0.700787 0.708661 0.0866142 
vn 0.677165 0.708661 0.204724 
vn 0.370079 0.92126 0.110236 
vn 0.677165 0.708661 0.204724 
vn 0.700787 0.708661 0.0866142 
vn 0.700787 0.708661 0.0866142 
vn 0.377953 0.92126 0.0472441 
vn 0.370079 0.92126 0.110236 
vn 0 1 0 
vn 0.370079 0.92126 0.110236 
vn 0.377953 0.92126 0.0472441 
vn 0.377953 0.92126 0.0472441 
vn 0 1 0 
vn 0 1 0 
vn 0.377953 -0.92126 0.0472441 
vn 0 -1 0 
vn 0 -1 0 
vn 0 -1 0 
vn 0.385827 -0.92126 -0.023622 
vn 0.377953 -0.92126 0.0472441 
vn 0.700787 -0.708661 0.0866142 
vn 0.377953 -0.92126 0.0472441 
vn 0.385827 -0.92126 -0.023622 
vn 0.385827 -0.92126 -0.023622 
vn 0.708661 -0.708661 -0.0393701 
vn 0.700787 -0.708661 0.0866142 
vn 0.913386 -0.385827 0.110236 
vn 0.700787 -0.708661 0.0866142 
vn 0.708661 -0.708661 -0.0393701 
vn 0.708661 -0.708661 -0.0393701 
vn 0.92126 -0.385827 -0.0472441 
vn 0.913386 -0.385827 0.110236 
vn 0.992126 0 0.11811 
vn 0.913386 -0.385827 0.110236 
vn 0.92126 -0.385827 -0.0472441 
vn 0.92126 -0.385827 -0.0472441 
vn 1 0 -0.0551181 
vn 0.992126 0 0.11811 
vn 0.992126 0 0.11811 
vn 0.992126 0 0.11811 
vn 1 0 -0.0551181 
vn 1 0 -0.0551181 
vn 1 0 -0.0551181 
vn 0.992126 0 0.11811 
vn 0.913386 0.385827 0.110236 
vn 0.992126 0 0.11811 
vn 1 0 -0.0551181 
vn 1 0 -0.0551181 
vn 0.92126 0.385827 -0.0472441 
vn 0.913386 0.385827 0.110236 
vn 0.700787 0.708661 0.0866142 
vn 0.913386 0.385827 0.110236 
vn 0.92126 0.385827 -0.0472441 
vn 0.92126 0.385827 -0.0472441 
vn 0.708661 0.708661 -0.0393701 
vn 0.700787 0.708661 0.0866142 
vn 0.377953 0.92126 0.0472441 
vn 0.700787 0.708661 0.0866142 
vn 0.708661 0.708661 -0.0393701 
vn 0.708661 0.708661 -0.0393701 
vn 0.385827 0.92126 -0.023622 
vn 0.377953 0.92126 0.0472441 
vn 0 1 0 
vn 0.377953 0.92126 0.0472441 
vn 0.385827 0.92126 -0.023622 
vn 0.385827 0.92126 -0.023622 
vn 0 1 0 
vn 0 1 0 
vn 0.385827 -0.92126 -0.023622 
vn 0 -1 0 
vn 0 -1 0 
vn 0 -1 0 
vn 0.370079 -0.92126 -0.0866142 
vn 0.385827 -0.92126 -0.023622 
vn 0.708661 -0.708661 -0.0393701 
vn 0.385827 -0.92126 -0.023622 
vn 0.370079 -0.92126 -0.0866142 
vn 0.370079 -0.92126 -0.0866142 
vn 0.685039 -0.708661 -0.15748 
vn 0.708661 -0.708661 -0.0393701 
vn 0.92126 -0.385827 -0.0472441 
vn 0.708661 -0.708661 -0.0393701 
vn 0.685039 -0.708661 -0.15748 
vn 0.685039 -0.708661 -0.15748 
vn 0.897638 -0.385827 -0.212598 
vn 0.92126 -0.385827 -0.0472441 
vn 1 0 -0.0551181 
vn 0.92126 -0.385827 -0.0472441 
vn 0.897638 -0.385827 -0.212598 
vn 0.897638 -0.385827 -0.212598 
vn 0.976378 0 -0.228346 
vn 1 0 -0.0551181 
vn 1 0 -0.0551181 
vn 1 0 -0.0551181 
vn 0.976378 0 -0.228346 
vn 0.976378 0 -0.228346 
vn 0.976378 0 -0.228346 
vn 1 0 -0.0551181 
vn 0.92126 0.385827 -0.0472441 
vn 1 0 -0.0551181 
vn 0.976378 0 -0.228346 
vn 0.976378 0 -0.228346 
vn 0.897638 0.385827 -0.212598 
vn 0.92126 0.385827 -0.0472441 
vn 0.708661 0.708661 -0.0393701 
vn 0.92126 0.385827 -0.0472441 
vn 0.897638 0.385827 -0.212598 
vn 0.897638 0.385827 -0.212598 
vn 0.685039 0.708661 -0.15748 
vn 0.708661 0.708661 -0.0393701 
vn 0.385827 0.92126 -0.023622 
vn 0.708661 0.708661 -0.0393701 
vn 0.685039 0.708661 -0.15748 
vn 0.685039 0.708661 -0.15748 
vn 0.370079 0.92126 -0.0866142 
vn 0.385827 0.92126 -0.023622 
vn 0 1 0 
vn 0.385827 0.92126 -0.023622 
vn 0.370079 0.92126 -0.0866142 
vn 0.370079 0.92126 -0.0866142 
vn 0 1 0 
vn 0 1 0 
vn 0.370079 -0.92126 -0.0866142 
vn 0 -1 0 
vn 0 -1 0 
vn 0 -1 0 
vn 0.354331 -0.92126 -0.149606 
vn 0.370079 -0.92126 -0.0866142 
vn 0.685039 -0.708661 -0.15748 
vn 0.370079 -0.92126 -0.0866142 
vn 0.354331 -0.92126 -0.149606 
vn 0.354331 -0.92126 -0.149606 
vn 0.653543 -0.708661 -0.275591 
vn 0.685039 -0.708661 -0.15748 
vn 0.897638 -0.385827 -0.212598 
vn 0.685039 -0.708661 -0.15748 
vn 0.653543 -0.708661 -0.275591 
vn 0.653543 -0.708661 -0.275591 
vn 0.850394 -0.385827 -0.362205 
vn 0.897638 -0.385827 -0.212598 
vn 0.976378 0 -0.228346 
vn 0.897638 -0.385827 -0.212598 
vn 0.850394 -0.385827 -0.362205 
vn 0.850394 -0.385827 -0.362205 
vn 0.92126 0 -0.393701 
vn 0.976378 0 -0.228346 
vn 0.976378 0 -0.228346 
vn 0.976378 0 -0.228346 
vn 0.92126 0 -0.393701 
vn 0.92126 0 -0.393701 
vn 0.92126 0 -0.393701 
vn 0.976378 0 -0.228346 
vn 0.897638 0.385827 -0.212598 
vn 0.976378 0 -0.228346 
vn 0.92126 0 -0.393701 
vn 0.92126 0 -0.393701 
vn 0.850394 0.385827 -0.362205 
vn 0.897638 0.385827 -0.212598 
vn 0.685039 0.708661 -0.15748 
vn 0.897638 0.385827 -0.212598 
vn 0.850394 0.385827 -0.362205 
vn 0.850394 0.385827 -0.362205 
vn 0.653543 0.708661 -0.275591 
vn 0.685039 0.708661 -0.15748 
vn 0.370079 0.92126 -0.0866142 
vn 0.685039 0.708661 -0.15748 
vn 0.653543 0.708661 -0.275591 
vn 0.653543 0.708661 -0.275591 
vn 0.354331 0.92126 -0.149606 
vn 0.370079 0.92126 -0.0866142 
vn 0 1 0 
vn 0.370079 0.92126 -0.0866142 
vn 0.354331 0.92126 -0.149606 
vn 0.354331 0.92126 -0.149606 
vn 0 1 0 
vn 0 1 0 
vn 0.354331 -0.92126 -0.149606 
vn 0 -1 0 
vn 0 -1 0 
vn 0 -1 0 
vn 0.322835 -0.92126 -0.212598 
vn 0.354331 -0.92126 -0.149606 
vn 0.653543 -0.708661 -0.275591 
vn 0.354331 -0.92126 -0.149606 
vn 0.322835 -0.92126 -0.212598 
vn 0.322835 -0.92126 -0.212598 
vn 0.590551 -0.708661 -0.385827 
vn 0.653543 -0.708661 -0.275591 
vn 0.850394 -0.385827 -0.362205 
vn 0.653543 -0.708661 -0.275591 
vn 0.590551 -0.708661 -0.385827 
vn 0.590551 -0.708661 -0.385827 
vn 0.771654 -0.385827 -0.503937 
vn 0.850394 -0.385827 -0.362205 
vn 0.92126 0 -0.393701 
vn 0.850394 -0.385827 -0.362205 
vn 0.771654 -0.385827 -0.503937 
vn 0.771654 -0.385827 -0.503937 
vn 0.834646 0 -0.543307 
vn 0.92126 0 -0.393701 
vn 0.92126 0 -0.393701 
vn 0.92126 0 -0.393701 
vn 0.834646 0 -0.543307 
vn 0.834646 0 -0.543307 
vn 0.834646 0 -0.543307 
vn 0.92126 0 -0.393701 
vn 0.850394 0.385827 -0.362205 
vn 0.92126 0 -0.393701 
vn 0.834646 0 -0.543307 
vn 0.834646 0 -0.543307 
vn 0.771654 0.385827 -0.503937 
vn 0.850394 0.385827 -0.362205 
vn 0.653543 0.708661 -0.275591 
vn 0.850394 0.385827 -0.362205 
vn 0.771654 0.385827 -0.503937 
vn 0.771654 0.385827 -0.503937 
vn 0.590551 0.708661 -0.385827 
vn 0.653543 0.708661 -0.275591 
vn 0.354331 0.92126 -0.149606 
vn 0.653543 0.708661 -0.275591 
vn 0.590551 0.708661 -0.385827 
vn 0.590551 0.708661 -0.385827 
vn 0.322835 0.92126 -0.212598 
vn 0.354331 0.92126 -0.149606 
vn 0 1 0 
vn 0.354331 0.92126 -0.149606 
vn 0.322835 0.92126 -0.212598 
vn 0.322835 0.92126 -0.212598 
vn 0 1 0 
vn 0 1 0 
vn 0.322835 -0.92126 -0.212598 
vn 0 -1 0 
vn 0 -1 0 
vn 0 -1 0 
vn 0.275591 -0.92126 -0.259843 
vn 0.322835 -0.92126 -0.212598 
vn 0.590551 -0.708661 -0.385827 
vn 0.322835 -0.92126 -0.212598 
vn 0.275591 -0.92126 -0.259843 
vn 0.275591 -0.92126 -0.259843 
vn 0.519685 -0.708661 -0.480315 
vn 0.590551 -0.708661 -0.385827 
vn 0.771654 -0.385827 -0.503937 
vn 0.590551 -0.708661 -0.385827 
vn 0.519685 -0.708661 -0.480315 
vn 0.519685 -0.708661 -0.480315 
vn 0.677165 -0.385827 -0.629921 
vn 0.771654 -0.385827 -0.503937 
vn 0.834646 0 -0.543307 
vn 0.771654 -0.385827 -0.503937 
vn 0.677165 -0.385827 -0.629921 
vn 0.677165 -0.385827 -0.629921 
vn 0.732283 0 -0.685039 
vn 0.834646 0 -0.543307 
vn 0.834646 0 -0.543307 
vn 0.834646 0 -0.543307 
vn 0.732283 0 -0.685039 
vn 0.732283 0 -0.685039 
vn 0.732283 0 -0.685039 
vn 0.834646 0 -0.543307 
vn 0.771654 0.385827 -0.503937 
vn 0.834646 0 -0.543307 
vn 0.732283 0 -0.685039 
vn 0.732283 0 -0.685039 
vn 0.677165 0.385827 -0.629921 
vn 0.771654 0.385827 -0.503937 
vn 0.590551 0.708661 -0.385827 
vn 0.771654 0.385827 -0.503937 
vn 0.677165 0.385827 -0.629921 
vn 0.677165 0.385827 -0.629921 
vn 0.519685 0.708661 -0.480315 
vn 0.590551 0.708661 -0.385827 
vn 0.322835 0.92126 -0.212598 
vn 0.590551 0.708661 -0.385827 
vn 0.519685 0.708661 -0.480315 
vn 0.519685 0.708661 -0.480315 
vn 0.275591 0.92126 -0.259843 
vn 0.322835 0.92126 -0.212598 
vn 0 1 0 
vn 0.322835 0.92126 -0.212598 
vn 0.275591 0.92126 -0.259843 
vn 0.275591 0.92126 -0.259843 
vn 0 1 0 
vn 0 1 0 

vt 0.236328 0.732422 
vt 0.236328 0.732422 
vt 0.236328 0.732422 
vt 0.236328 0.732422 
vt 0.236328 0.732422 
vt 0.236328 0.732422 
vt 0.236328 0.732422 
vt 0.236328 0.732422 
vt 0.236328 0.732422 
vt 0.236328 0.732422 
vt 0.236328 0.732422 
vt 0.236328 0.732422 
vt 0.236328 0.732422 
vt 0.236328 0.732422 
vt 0.236328 0.732422 
vt 0.236328 0.732422 
vt 0.236328 0.732422 
vt 0.236328 0.732422 
vt 0.236328 0.732422 
vt 0.236328 0.732422 
vt 0.236328 0.732422 
vt 0.236328 0.732422 
vt 0.236328 0.732422 
vt 0.236328 0.732422 
vt 0.236328 0.732422 
vt 0.236328 0.732422 
vt 0.236328 0.732422 
vt 0.236328 0.732422 
vt 0.236328 0.732422 
vt 0.236328 0.732422 
vt 0.236328 0.732422 
vt 0.236328 0.732422 
vt 0.236328 0.732422 
vt 0.236328 0.732422 
vt 0.236328 0.732422 
vt 0.236328 0.732422 
vt 0.236328 0.732422 
vt 0.236328 0.732422 
vt 0.236328 0.732422 
vt 0.236328 0.732422 
vt 0.236328 0.732422 
vt 0.236328 0.732422 
vt 0.236328 0.732422 
vt 0.236328 0.732422 
vt 0.236328 0.732422 
vt 0.236328 0.732422 
vt 0.236328 0.732422 
vt 0.236328 0.732422 
vt 0.236328 0.732422 
vt 0.236328 0.732422 
vt 0.236328 0.732422 
vt 0.236328 0.732422 
vt 0.236328 0.732422 
vt 0.236328 0.732422 
vt 0.236328 0.732422 
vt 0.236328 0.732422 
vt 0.236328 0.732422 
vt 0.236328 0.732422 
vt 0.236328 0.732422 
vt 0.236328 0.732422 
vt 0.236328 0.732422 
vt 0.236328 0.732422 
vt 0.236328 0.732422 
vt 0.236328 0.732422 
vt 0.236328 0.732422 
vt 0.236328 0.732422 
vt 0.236328 0.732422 
vt 0.236328 0.732422 
vt 0.236328 0.732422 
vt 0.236328 0.732422 
vt 0.236328 0.732422 
vt 0.236328 0.732422 
vt 0.236328 0.732422 
vt 0.236328 0.732422 
vt 0.236328 0.732422 
vt 0.236328 0.732422 
vt 0.236328 0.732422 
vt 0.236328 0.732422 
vt 0.236328 0.732422 
vt 0.236328 0.732422 
vt 0.236328 0.732422 
vt 0.236328 0.732422 
vt 0.236328 0.732422 
vt 0.236328 0.732422 
vt 0.236328 0.732422 
vt 0.236328 0.732422 
vt 0.236328 0.732422 
vt 0.236328 0.732422 
vt 0.236328 0.732422 
vt 0.236328 0.732422 
vt 0.236328 0.732422 
vt 0.236328 0.732422 
vt 0.236328 0.732422 
vt 0.236328 0.732422 
vt 0.236328 0.732422 
vt 0.236328 0.732422 
vt 0.236328 0.732422 
vt 0.236328 0.732422 
vt 0.236328 0.732422 
vt 0.236328 0.732422 
vt 0.236328 0.732422 
vt 0.236328 0.732422 
vt 0.236328 0.732422 
vt 0.236328 0.732422 
vt 0.236328 0.732422 
vt 0.236328 0.732422 
vt 0.236328 0.732422 
vt 0.236328 0.732422 
vt 0.236328 0.732422 
vt 0.236328 0.732422 
vt 0.236328 0.732422 
vt 0.236328 0.732422 
vt 0.236328 0.732422 
vt 0.236328 0.732422 
vt 0.236328 0.732422 
vt 0.236328 0.732422 
vt 0.236328 0.732422 
vt 0.236328 0.732422 
vt 0.236328 0.732422 
vt 0.236328 0.732422 
vt 0.236328 0.732422 
vt 0.236328 0.732422 
vt 0.236328 0.732422 
vt 0.236328 0.732422 
vt 0.236328 0.732422 
vt 0.236328 0.732422 
vt 0.236328 0.732422 
vt 0.236328 0.732422 
vt 0.236328 0.732422 
vt 0.236328 0.732422 
vt 0.236328 0.732422 
vt 0.236328 0.732422 
vt 0.236328 0.732422 
vt 0.236328 0.732422 
vt 0.236328 0.732422 
vt 0.236328 0.732422 
vt 0.236328 0.732422 
vt 0.236328 0.732422 
vt 0.236328 0.732422 
vt 0.236328 0.732422 
vt 0.236328 0.732422 
vt 0.236328 0.732422 
vt 0.236328 0.732422 
vt 0.236328 0.732422 
vt 0.236328 0.732422 
vt 0.236328 0.732422 
vt 0.236328 0.732422 
vt 0.236328 0.732422 
vt 0.236328 0.732422 
vt 0.236328 0.732422 
vt 0.236328 0.732422 
vt 0.236328 0.732422 
vt 0.236328 0.732422 
vt 0.236328 0.732422 
vt 0.236328 0.732422 
vt 0.236328 0.732422 
vt 0.236328 0.732422 
vt 0.236328 0.732422 
vt 0.236328 0.732422 
vt 0.236328 0.732422 
vt 0.236328 0.732422 
vt 0.236328 0.732422 
vt 0.236328 0.732422 
vt 0.236328 0.732422 
vt 0.236328 0.732422 
vt 0.236328 0.732422 
vt 0.236328 0.732422 
vt 0.236328 0.732422 
vt 0.236328 0.732422 
vt 0.236328 0.732422 
vt 0.236328 0.732422 
vt 0.236328 0.732422 
vt 0.236328 0.732422 
vt 0.236328 0.732422 
vt 0.236328 0.732422 
vt 0.236328 0.732422 
vt 0.236328 0.732422 
vt 0.236328 0.732422 
vt 0.236328 0.732422 
vt 0.236328 0.732422 
vt 0.236328 0.732422 
vt 0.236328 0.732422 
vt 0.236328 0.732422 
vt 0.236328 0.732422 
vt 0.236328 0.732422 
vt 0.236328 0.732422 
vt 0.236328 0.732422 
vt 0.236328 0.732422 
vt 0.236328 0.732422 
vt 0.236328 0.732422 
vt 0.236328 0.732422 
vt 0.236328 0.732422 
vt 0.236328 0.732422 
vt 0.236328 0.732422 
vt 0.236328 0.732422 
vt 0.236328 0.732422 
vt 0.236328 0.732422 
vt 0.236328 0.732422 
vt 0.236328 0.732422 
vt 0.236328 0.732422 
vt 0.236328 0.732422 
vt 0.236328 0.732422 
vt 0.236328 0.732422 
vt 0.236328 0.732422 
vt 0.236328 0.732422 
vt 0.236328 0.732422 
vt 0.236328 0.732422 
vt 0.236328 0.732422 
vt 0.236328 0.732422 
vt 0.236328 0.732422 
vt 0.236328 0.732422 
vt 0.236328 0.732422 
vt 0.236328 0.732422 
vt 0.236328 0.732422 
vt 0.236328 0.732422 
vt 0.236328 0.732422 
vt 0.236328 0.732422 
vt 0.236328 0.732422 
vt 0.236328 0.732422 
vt 0.236328 0.732422 
vt 0.236328 0.732422 
vt 0.236328 0.732422 
vt 0.236328 0.732422 
vt 0.236328 0.732422 
vt 0.236328 0.732422 
vt 0.236328 0.732422 
vt 0.236328 0.732422 
vt 0.236328 0.732422 
vt 0.236328 0.732422 
vt 0.236328 0.732422 
vt 0.236328 0.732422 
vt 0.236328 0.732422 
vt 0.236328 0.732422 
vt 0.236328 0.732422 
vt 0.236328 0.732422 
vt 0.236328 0.732422 
vt 0.236328 0.732422 
vt 0.236328 0.732422 
vt 0.236328 0.732422 
vt 0.236328 0.732422 
vt 0.236328 0.732422 
vt 0.236328 0.732422 
vt 0.236328 0.732422 
vt 0.236328 0.732422 
vt 0.236328 0.732422 
vt 0.236328 0.732422 
vt 0.236328 0.732422 
vt 0.236328 0.732422 
vt 0.236328 0.732422 
vt 0.236328 0.732422 
vt 0.236328 0.732422 
vt 0.236328 0.732422 
vt 0.236328 0.732422 
vt 0.236328 0.732422 
vt 0.236328 0.732422 
vt 0.236328 0.732422 
vt 0.236328 0.732422 
vt 0.236328 0.732422 
vt 0.236328 0.732422 
vt 0.236328 0.732422 
vt 0.236328 0.732422 
vt 0.236328 0.732422 
vt 0.236328 0.732422 
vt 0.236328 0.732422 
vt 0.236328 0.732422 
vt 0.236328 0.732422 
vt 0.236328 0.732422 
vt 0.236328 0.732422 
vt 0.236328 0.732422 
vt 0.236328 0.732422 
vt 0.236328 0.732422 
vt 0.236328 0.732422 
vt 0.236328 0.732422 
vt 0.236328 0.732422 
vt 0.236328 0.732422 
vt 0.236328 0.732422 
vt 0.236328 0.732422 
vt 0.236328 0.732422 
vt 0.236328 0.732422 
vt 0.236328 0.732422 
vt 0.236328 0.732422 
vt 0.236328 0.732422 
vt 0.236328 0.732422 
vt 0.236328 0.732422 
vt 0.236328 0.732422 
vt 0.236328 0.732422 
vt 0.236328 0.732422 
vt 0.236328 0.732422 
vt 0.236328 0.732422 
vt 0.236328 0.732422 
vt 0.236328 0.732422 
vt 0.236328 0.732422 
vt 0.236328 0.732422 
vt 0.236328 0.732422 
vt 0.236328 0.732422 
vt 0.236328 0.732422 
vt 0.236328 0.732422 
vt 0.236328 0.732422 
vt 0.236328 0.732422 
vt 0.236328 0.732422 
vt 0.236328 0.732422 
vt 0.236328 0.732422 
vt 0.236328 0.732422 
vt 0.236328 0.732422 
vt 0.236328 0.732422 
vt 0.236328 0.732422 
vt 0.236328 0.732422 
vt 0.236328 0.732422 
vt 0.236328 0.732422 
vt 0.236328 0.732422 
vt 0.236328 0.732422 
vt 0.236328 0.732422 
vt 0.236328 0.732422 
vt 0.236328 0.732422 
vt 0.236328 0.732422 
vt 0.236328 0.732422 
vt 0.236328 0.732422 
vt 0.236328 0.732422 
vt 0.236328 0.732422 
vt 0.236328 0.732422 
vt 0.236328 0.732422 
vt 0.236328 0.732422 
vt 0.236328 0.732422 
vt 0.236328 0.732422 
vt 0.236328 0.732422 
vt 0.236328 0.732422 
vt 0.236328 0.732422 
vt 0.236328 0.732422 
vt 0.236328 0.732422 
vt 0.236328 0.732422 
vt 0.236328 0.732422 
vt 0.236328 0.732422 
vt 0.236328 0.732422 
vt 0.236328 0.732422 
vt 0.236328 0.732422 
vt 0.236328 0.732422 
vt 0.236328 0.732422 
vt 0.236328 0.732422 
vt 0.236328 0.732422 
vt 0.236328 0.732422 
vt 0.236328 0.732422 
vt 0.236328 0.732422 
vt 0.236328 0.732422 
vt 0.236328 0.732422 
vt 0.236328 0.732422 
vt 0.236328 0.732422 
vt 0.236328 0.732422 
vt 0.236328 0.732422 
vt 0.236328 0.732422 
vt 0.236328 0.732422 
vt 0.236328 0.732422 
vt 0.236328 0.732422 
vt 0.236328 0.732422 
vt 0.236328 0.732422 
vt 0.236328 0.732422 
vt 0.236328 0.732422 
vt 0.236328 0.732422 
vt 0.236328 0.732422 
vt 0.236328 0.732422 
vt 0.236328 0.732422 
vt 0.236328 0.732422 
vt 0.236328 0.732422 
vt 0.236328 0.732422 
vt 0.236328 0.732422 
vt 0.236328 0.732422 
vt 0.236328 0.732422 
vt 0.236328 0.732422 
vt 0.236328 0.732422 
vt 0.236328 0.732422 
vt 0.236328 0.732422 
vt 0.236328 0.732422 
vt 0.236328 0.732422 
vt 0.236328 0.732422 
vt 0.236328 0.732422 
vt 0.236328 0.732422 
vt 0.236328 0.732422 
vt 0.236328 0.732422 
vt 0.236328 0.732422 
vt 0.236328 0.732422 
vt 0.236328 0.732422 
vt 0.236328 0.732422 
vt 0.236328 0.732422 
vt 0.236328 0.732422 
vt 0.236328 0.732422 
vt 0.236328 0.732422 
vt 0.236328 0.732422 
vt 0.236328 0.732422 
vt 0.236328 0.732422 
vt 0.236328 0.732422 
vt 0.236328 0.732422 
vt 0.236328 0.732422 
vt 0.236328 0.732422 
vt 0.236328 0.732422 
vt 0.236328 0.732422 
vt 0.236328 0.732422 
vt 0.236328 0.732422 
vt 0.236328 0.732422 
vt 0.236328 0.732422 
vt 0.236328 0.732422 
vt 0.236328 0.732422 
vt 0.236328 0.732422 
vt 0.236328 0.732422 
vt 0.236328 0.732422 
vt 0.236328 0.732422 
vt 0.236328 0.732422 
vt 0.236328 0.732422 
vt 0.236328 0.732422 
vt 0.236328 0.732422 
vt 0.236328 0.732422 
vt 0.236328 0.732422 
vt 0.236328 0.732422 
vt 0.236328 0.732422 
vt 0.236328 0.732422 
vt 0.236328 0.732422 
vt 0.236328 0.732422 
vt 0.236328 0.732422 
vt 0.236328 0.732422 
vt 0.236328 0.732422 
vt 0.236328 0.732422 
vt 0.236328 0.732422 
vt 0.236328 0.732422 
vt 0.236328 0.732422 
vt 0.236328 0.732422 
vt 0.236328 0.732422 
vt 0.236328 0.732422 
vt 0.236328 0.732422 
vt 0.236328 0.732422 
vt 0.236328 0.732422 
vt 0.236328 0.732422 
vt 0.236328 0.732422 
vt 0.236328 0.732422 
vt 0.236328 0.732422 
vt 0.236328 0.732422 
vt 0.236328 0.732422 
vt 0.236328 0.732422 
vt 0.236328 0.732422 
vt 0.236328 0.732422 
vt 0.236328 0.732422 
vt 0.236328 0.732422 
vt 0.236328 0.732422 
vt 0.236328 0.732422 
vt 0.236328 0.732422 
vt 0.236328 0.732422 
vt 0.236328 0.732422 
vt 0.236328 0.732422 
vt 0.236328 0.732422 
vt 0.236328 0.732422 
vt 0.236328 0.732422 
vt 0.236328 0.732422 
vt 0.236328 0.732422 
vt 0.236328 0.732422 
vt 0.236328 0.732422 
vt 0.236328 0.732422 
vt 0.236328 0.732422 
vt 0.236328 0.732422 
vt 0.236328 0.732422 
vt 0.236328 0.732422 
vt 0.236328 0.732422 
vt 0.236328 0.732422 
vt 0.236328 0.732422 
vt 0.236328 0.732422 
vt 0.236328 0.732422 
vt 0.236328 0.732422 
vt 0.236328 0.732422 
vt 0.236328 0.732422 
vt 0.236328 0.732422 
vt 0.236328 0.732422 
vt 0.236328 0.732422 
vt 0.236328 0.732422 
vt 0.236328 0.732422 
vt 0.236328 0.732422 
vt 0.236328 0.732422 
vt 0.236328 0.732422 
vt 0.236328 0.732422 
vt 0.236328 0.732422 
vt 0.236328 0.732422 
vt 0.236328 0.732422 
vt 0.236328 0.732422 
vt 0.236328 0.732422 
vt 0.236328 0.732422 
vt 0.236328 0.732422 
vt 0.236328 0.732422 
vt 0.236328 0.732422 
vt 0.236328 0.732422 
vt 0.236328 0.732422 
vt 0.236328 0.732422 
vt 0.236328 0.732422 
vt 0.236328 0.732422 
vt 0.236328 0.732422 
vt 0.236328 0.732422 
vt 0.236328 0.732422 
vt 0.236328 0.732422 
vt 0.236328 0.732422 
vt 0.236328 0.732422 
vt 0.236328 0.732422 
vt 0.236328 0.732422 
vt 0.236328 0.732422 
vt 0.236328 0.732422 
vt 0.236328 0.732422 
vt 0.236328 0.732422 
vt 0.236328 0.732422 
vt 0.236328 0.732422 
vt 0.236328 0.732422 
vt 0.236328 0.732422 
vt 0.236328 0.732422 
vt 0.236328 0.732422 
vt 0.236328 0.732422 
vt 0.236328 0.732422 
vt 0.236328 0.732422 
vt 0.236328 0.732422 
vt 0.236328 0.732422 
vt 0.236328 0.732422 
vt 0.236328 0.732422 
vt 0.236328 0.732422 
vt 0.236328 0.732422 
vt 0.236328 0.732422 
vt 0.236328 0.732422 
vt 0.236328 0.732422 
vt 0.236328 0.732422 
vt 0.236328 0.732422 
vt 0.236328 0.732422 
vt 0.236328 0.732422 
vt 0.236328 0.732422 
vt 0.236328 0.732422 
vt 0.236328 0.732422 
vt 0.236328 0.732422 
vt 0.236328 0.732422 
vt 0.236328 0.732422 
vt 0.236328 0.732422 
vt 0.236328 0.732422 
vt 0.236328 0.732422 
vt 0.236328 0.732422 
vt 0.236328 0.732422 
vt 0.236328 0.732422 
vt 0.236328 0.732422 
vt 0.236328 0.732422 
vt 0.236328 0.732422 
vt 0.236328 0.732422 
vt 0.236328 0.732422 
vt 0.236328 0.732422 
vt 0.236328 0.732422 
vt 0.236328 0.732422 
vt 0.236328 0.732422 
vt 0.236328 0.732422 
vt 0.236328 0.732422 
vt 0.236328 0.732422 
vt 0.236328 0.732422 
vt 0.236328 0.732422 
vt 0.236328 0.732422 
vt 0.236328 0.732422 
vt 0.236328 0.732422 
vt 0.236328 0.732422 
vt 0.236328 0.732422 
vt 0.236328 0.732422 
vt 0.236328 0.732422 
vt 0.236328 0.732422 
vt 0.236328 0.732422 
vt 0.236328 0.732422 
vt 0.236328 0.732422 
vt 0.236328 0.732422 
vt 0.236328 0.732422 
vt 0.236328 0.732422 
vt 0.236328 0.732422 
vt 0.236328 0.732422 
vt 0.236328 0.732422 
vt 0.236328 0.732422 
vt 0.236328 0.732422 
vt 0.236328 0.732422 
vt 0.236328 0.732422 
vt 0.236328 0.732422 
vt 0.236328 0.732422 
vt 0.236328 0.732422 
vt 0.236328 0.732422 
vt 0.236328 0.732422 
vt 0.236328 0.732422 
vt 0.236328 0.732422 
vt 0.236328 0.732422 
vt 0.236328 0.732422 
vt 0.236328 0.732422 
vt 0.236328 0.732422 
vt 0.236328 0.732422 
vt 0.236328 0.732422 
vt 0.236328 0.732422 
vt 0.236328 0.732422 
vt 0.236328 0.732422 
vt 0.236328 0.732422 
vt 0.236328 0.732422 
vt 0.236328 0.732422 
vt 0.236328 0.732422 
vt 0.236328 0.732422 
vt 0.236328 0.732422 
vt 0.236328 0.732422 
vt 0.236328 0.732422 
vt 0.236328 0.732422 
vt 0.236328 0.732422 
vt 0.236328 0.732422 
vt 0.236328 0.732422 
vt 0.236328 0.732422 
vt 0.236328 0.732422 
vt 0.236328 0.732422 
vt 0.236328 0.732422 
vt 0.236328 0.732422 
vt 0.236328 0.732422 
vt 0.236328 0.732422 
vt 0.236328 0.732422 
vt 0.236328 0.732422 
vt 0.236328 0.732422 
vt 0.236328 0.732422 
vt 0.236328 0.732422 
vt 0.236328 0.732422 
vt 0.236328 0.732422 
vt 0.236328 0.732422 
vt 0.236328 0.732422 
vt 0.236328 0.732422 
vt 0.236328 0.732422 
vt 0.236328 0.732422 
vt 0.236328 0.732422 
vt 0.236328 0.732422 
vt 0.236328 0.732422 
vt 0.236328 0.732422 
vt 0.236328 0.732422 
vt 0.236328 0.732422 
vt 0.236328 0.732422 
vt 0.236328 0.732422 
vt 0.236328 0.732422 
vt 0.236328 0.732422 
vt 0.236328 0.732422 
vt 0.236328 0.732422 
vt 0.236328 0.732422 
vt 0.236328 0.732422 
vt 0.236328 0.732422 
vt 0.236328 0.732422 
vt 0.236328 0.732422 
vt 0.236328 0.732422 
vt 0.236328 0.732422 
vt 0.236328 0.732422 
vt 0.236328 0.732422 
vt 0.236328 0.732422 
vt 0.236328 0.732422 
vt 0.236328 0.732422 
vt 0.236328 0.732422 
vt 0.236328 0.732422 
vt 0.236328 0.732422 
vt 0.236328 0.732422 
vt 0.236328 0.732422 
vt 0.236328 0.732422 
vt 0.236328 0.732422 
vt 0.236328 0.732422 
vt 0.236328 0.732422 
vt 0.236328 0.732422 
vt 0.236328 0.732422 
vt 0.236328 0.732422 
vt 0.236328 0.732422 
vt 0.236328 0.732422 
vt 0.236328 0.732422 
vt 0.236328 0.732422 
vt 0.236328 0.732422 
vt 0.236328 0.732422 
vt 0.236328 0.732422 
vt 0.236328 0.732422 
vt 0.236328 0.732422 
vt 0.236328 0.732422 
vt 0.236328 0.732422 
vt 0.236328 0.732422 
vt 0.236328 0.732422 
vt 0.236328 0.732422 
vt 0.236328 0.732422 
vt 0.236328 0.732422 
vt 0.236328 0.732422 
vt 0.236328 0.732422 
vt 0.236328 0.732422 
vt 0.236328 0.732422 
vt 0.236328 0.732422 
vt 0.236328 0.732422 
vt 0.236328 0.732422 
vt 0.236328 0.732422 
vt 0.236328 0.732422 
vt 0.236328 0.732422 
vt 0.236328 0.732422 
vt 0.236328 0.732422 
vt 0.236328 0.732422 
vt 0.236328 0.732422 
vt 0.236328 0.732422 
vt 0.236328 0.732422 
vt 0.236328 0.732422 
vt 0.236328 0.732422 
vt 0.236328 0.732422 
vt 0.236328 0.732422 
vt 0.236328 0.732422 
vt 0.236328 0.732422 
vt 0.236328 0.732422 
vt 0.236328 0.732422 
vt 0.236328 0.732422 
vt 0.236328 0.732422 
vt 0.236328 0.732422 
vt 0.236328 0.732422 
vt 0.236328 0.732422 
vt 0.236328 0.732422 
vt 0.236328 0.732422 
vt 0.236328 0.732422 
vt 0.236328 0.732422 
vt 0.236328 0.732422 
vt 0.236328 0.732422 
vt 0.236328 0.732422 
vt 0.236328 0.732422 
vt 0.236328 0.732422 
vt 0.236328 0.732422 
vt 0.236328 0.732422 
vt 0.236328 0.732422 
vt 0.236328 0.732422 
vt 0.236328 0.732422 
vt 0.236328 0.732422 
vt 0.236328 0.732422 
vt 0.236328 0.732422 
vt 0.236328 0.732422 
vt 0.236328 0.732422 
vt 0.236328 0.732422 
vt 0.236328 0.732422 
vt 0.236328 0.732422 
vt 0.236328 0.732422 
vt 0.236328 0.732422 
vt 0.236328 0.732422 
vt 0.236328 0.732422 
vt 0.236328 0.732422 
vt 0.236328 0.732422 
vt 0.236328 0.732422 
vt 0.236328 0.732422 
vt 0.236328 0.732422 
vt 0.236328 0.732422 
vt 0.236328 0.732422 
vt 0.236328 0.732422 
vt 0.236328 0.732422 
vt 0.236328 0.732422 
vt 0.236328 0.732422 
vt 0.236328 0.732422 
vt 0.236328 0.732422 
vt 0.236328 0.732422 
vt 0.236328 0.732422 
vt 0.236328 0.732422 
vt 0.236328 0.732422 
vt 0.236328 0.732422 
vt 0.236328 0.732422 
vt 0.236328 0.732422 
vt 0.236328 0.732422 
vt 0.236328 0.732422 
vt 0.236328 0.732422 
vt 0.236328 0.732422 
vt 0.236328 0.732422 
vt 0.236328 0.732422 
vt 0.236328 0.732422 
vt 0.236328 0.732422 
vt 0.236328 0.732422 
vt 0.236328 0.732422 
vt 0.236328 0.732422 
vt 0.236328 0.732422 
vt 0.236328 0.732422 
vt 0.236328 0.732422 
vt 0.236328 0.732422 
vt 0.236328 0.732422 
vt 0.236328 0.732422 
vt 0.236328 0.732422 
vt 0.236328 0.732422 
vt 0.236328 0.732422 
vt 0.236328 0.732422 
vt 0.236328 0.732422 
vt 0.236328 0.732422 
vt 0.236328 0.732422 
vt 0.236328 0.732422 
vt 0.236328 0.732422 
vt 0.236328 0.732422 
vt 0.236328 0.732422 
vt 0.236328 0.732422 
vt 0.236328 0.732422 
vt 0.236328 0.732422 
vt 0.236328 0.732422 
vt 0.236328 0.732422 
vt 0.236328 0.732422 
vt 0.236328 0.732422 
vt 0.236328 0.732422 
vt 0.236328 0.732422 
vt 0.236328 0.732422 
vt 0.236328 0.732422 
vt 0.236328 0.732422 
vt 0.236328 0.732422 
vt 0.236328 0.732422 
vt 0.236328 0.732422 
vt 0.236328 0.732422 
vt 0.236328 0.732422 
vt 0.236328 0.732422 
vt 0.236328 0.732422 
vt 0.236328 0.732422 
vt 0.236328 0.732422 
vt 0.236328 0.732422 
vt 0.236328 0.732422 
vt 0.236328 0.732422 
vt 0.236328 0.732422 
vt 0.236328 0.732422 
vt 0.236328 0.732422 
vt 0.236328 0.732422 
vt 0.236328 0.732422 
vt 0.236328 0.732422 
vt 0.236328 0.732422 
vt 0.236328 0.732422 
vt 0.236328 0.732422 
vt 0.236328 0.732422 
vt 0.236328 0.732422 
vt 0.236328 0.732422 
vt 0.236328 0.732422 
vt 0.236328 0.732422 
vt 0.236328 0.732422 
vt 0.236328 0.732422 
vt 0.236328 0.732422 
vt 0.236328 0.732422 
vt 0.236328 0.732422 
vt 0.236328 0.732422 
vt 0.236328 0.732422 
vt 0.236328 0.732422 
vt 0.236328 0.732422 
vt 0.236328 0.732422 
vt 0.236328 0.732422 
vt 0.236328 0.732422 
vt 0.236328 0.732422 
vt 0.236328 0.732422 
vt 0.236328 0.732422 
vt 0.236328 0.732422 
vt 0.236328 0.732422 
vt 0.236328 0.732422 
vt 0.236328 0.732422 
vt 0.236328 0.732422 
vt 0.236328 0.732422 
vt 0.236328 0.732422 
vt 0.236328 0.732422 
vt 0.236328 0.732422 
vt 0.236328 0.732422 
vt 0.236328 0.732422 
vt 0.236328 0.732422 
vt 0.236328 0.732422 
vt 0.236328 0.732422 
vt 0.236328 0.732422 
vt 0.236328 0.732422 
vt 0.236328 0.732422 
vt 0.236328 0.732422 
vt 0.236328 0.732422 
vt 0.236328 0.732422 
vt 0.236328 0.732422 
vt 0.236328 0.732422 
vt 0.236328 0.732422 
vt 0.236328 0.732422 
vt 0.236328 0.732422 
vt 0.236328 0.732422 
vt 0.236328 0.732422 
vt 0.236328 0.732422 
vt 0.236328 0.732422 
vt 0.236328 0.732422 
vt 0.236328 0.732422 
vt 0.236328 0.732422 
vt 0.236328 0.732422 
vt 0.236328 0.732422 
vt 0.236328 0.732422 
vt 0.236328 0.732422 
vt 0.236328 0.732422 
vt 0.236328 0.732422 
vt 0.236328 0.732422 
vt 0.236328 0.732422 
vt 0.236328 0.732422 
vt 0.236328 0.732422 
vt 0.236328 0.732422 
vt 0.236328 0.732422 
vt 0.236328 0.732422 
vt 0.236328 0.732422 
vt 0.236328 0.732422 
vt 0.236328 0.732422 
vt 0.236328 0.732422 
vt 0.236328 0.732422 
vt 0.236328 0.732422 
vt 0.236328 0.732422 
vt 0.236328 0.732422 
vt 0.236328 0.732422 
vt 0.236328 0.732422 
vt 0.236328 0.732422 
vt 0.236328 0.732422 
vt 0.236328 0.732422 
vt 0.236328 0.732422 
vt 0.236328 0.732422 
vt 0.236328 0.732422 
vt 0.236328 0.732422 
vt 0.236328 0.732422 
vt 0.236328 0.732422 
vt 0.236328 0.732422 
vt 0.236328 0.732422 
vt 0.236328 0.732422 
vt 0.236328 0.732422 
vt 0.236328 0.732422 
vt 0.236328 0.732422 
vt 0.236328 0.732422 
vt 0.236328 0.732422 
vt 0.236328 0.732422 
vt 0.236328 0.732422 
vt 0.236328 0.732422 
vt 0.236328 0.732422 
vt 0.236328 0.732422 
vt 0.236328 0.732422 
vt 0.236328 0.732422 
vt 0.236328 0.732422 
vt 0.236328 0.732422 
vt 0.236328 0.732422 
vt 0.236328 0.732422 
vt 0.236328 0.732422 
vt 0.236328 0.732422 
vt 0.236328 0.732422 
vt 0.236328 0.732422 
vt 0.236328 0.732422 
vt 0.236328 0.732422 
vt 0.236328 0.732422 
vt 0.236328 0.732422 
vt 0.236328 0.732422 
vt 0.236328 0.732422 
vt 0.236328 0.732422 
vt 0.236328 0.732422 
vt 0.236328 0.732422 
vt 0.236328 0.732422 
vt 0.236328 0.732422 
vt 0.236328 0.732422 
vt 0.236328 0.732422 
vt 0.236328 0.732422 
vt 0.236328 0.732422 
vt 0.236328 0.732422 
vt 0.236328 0.732422 
vt 0.236328 0.732422 
vt 0.236328 0.732422 
vt 0.236328 0.732422 
vt 0.236328 0.732422 
vt 0.236328 0.732422 
vt 0.236328 0.732422 
vt 0.236328 0.732422 
vt 0.236328 0.732422 
vt 0.236328 0.732422 
vt 0.236328 0.732422 
vt 0.236328 0.732422 
vt 0.236328 0.732422 
vt 0.236328 0.732422 
vt 0.236328 0.732422 
vt 0.236328 0.732422 
vt 0.236328 0.732422 
vt 0.236328 0.732422 
vt 0.236328 0.732422 
vt 0.236328 0.732422 
vt 0.236328 0.732422 
vt 0.236328 0.732422 
vt 0.236328 0.732422 
vt 0.236328 0.732422 
vt 0.236328 0.732422 
vt 0.236328 0.732422 
vt 0.236328 0.732422 
vt 0.236328 0.732422 
vt 0.236328 0.732422 
vt 0.236328 0.732422 
vt 0.236328 0.732422 
vt 0.236328 0.732422 
vt 0.236328 0.732422 
vt 0.236328 0.732422 
vt 0.236328 0.732422 
vt 0.236328 0.732422 
vt 0.236328 0.732422 
vt 0.236328 0.732422 
vt 0.236328 0.732422 
vt 0.236328 0.732422 
vt 0.236328 0.732422 
vt 0.236328 0.732422 
vt 0.236328 0.732422 
vt 0.236328 0.732422 
vt 0.236328 0.732422 
vt 0.236328 0.732422 
vt 0.236328 0.732422 
vt 0.236328 0.732422 
vt 0.236328 0.732422 
vt 0.236328 0.732422 
vt 0.236328 0.732422 
vt 0.236328 0.732422 
vt 0.236328 0.732422 
vt 0.236328 0.732422 
vt 0.236328 0.732422 
vt 0.236328 0.732422 
vt 0.236328 0.732422 
vt 0.236328 0.732422 
vt 0.236328 0.732422 
vt 0.236328 0.732422 
vt 0.236328 0.732422 
vt 0.236328 0.732422 
vt 0.236328 0.732422 
vt 0.236328 0.732422 
vt 0.236328 0.732422 
vt 0.236328 0.732422 
vt 0.236328 0.732422 
vt 0.236328 0.732422 
vt 0.236328 0.732422 
vt 0.236328 0.732422 
vt 0.236328 0.732422 
vt 0.236328 0.732422 
vt 0.236328 0.732422 
vt 0.236328 0.732422 
vt 0.236328 0.732422 
vt 0.236328 0.732422 
vt 0.236328 0.732422 
vt 0.236328 0.732422 
vt 0.236328 0.732422 
vt 0.236328 0.732422 
vt 0.236328 0.732422 
vt 0.236328 0.732422 
vt 0.236328 0.732422 
vt 0.236328 0.732422 
vt 0.236328 0.732422 
vt 0.236328 0.732422 
vt 0.236328 0.732422 
vt 0.236328 0.732422 
vt 0.236328 0.732422 
vt 0.236328 0.732422 
vt 0.236328 0.732422 
vt 0.236328 0.732422 
vt 0.236328 0.732422 
vt 0.236328 0.732422 
vt 0.236328 0.732422 
vt 0.236328 0.732422 
vt 0.236328 0.732422 
vt 0.236328 0.732422 
vt 0.236328 0.732422 
vt 0.236328 0.732422 
vt 0.236328 0.732422 
vt 0.236328 0.732422 
vt 0.236328 0.732422 
vt 0.236328 0.732422 
vt 0.236328 0.732422 
vt 0.236328 0.732422 
vt 0.236328 0.732422 
vt 0.236328 0.732422 
vt 0.236328 0.732422 
vt 0.236328 0.732422 
vt 0.236328 0.732422 
vt 0.236328 0.732422 
vt 0.236328 0.732422 
vt 0.236328 0.732422 
vt 0.236328 0.732422 
vt 0.236328 0.732422 
vt 0.236328 0.732422 
vt 0.236328 0.732422 
vt 0.236328 0.732422 
vt 0.236328 0.732422 
vt 0.236328 0.732422 
vt 0.236328 0.732422 
vt 0.236328 0.732422 
vt 0.236328 0.732422 
vt 0.236328 0.732422 
vt 0.236328 0.732422 
vt 0.236328 0.732422 
vt 0.236328 0.732422 
vt 0.236328 0.732422 
vt 0.236328 0.732422 
vt 0.236328 0.732422 
vt 0.236328 0.732422 
vt 0.236328 0.732422 
vt 0.236328 0.732422 
vt 0.236328 0.732422 
vt 0.236328 0.732422 
vt 0.236328 0.732422 
vt 0.236328 0.732422 
vt 0.236328 0.732422 
vt 0.236328 0.732422 
vt 0.236328 0.732422 
vt 0.236328 0.732422 
vt 0.236328 0.732422 
vt 0.236328 0.732422 
vt 0.236328 0.732422 
vt 0.236328 0.732422 
vt 0.236328 0.732422 
vt 0.236328 0.732422 
vt 0.236328 0.732422 
vt 0.236328 0.732422 
vt 0.236328 0.732422 
vt 0.236328 0.732422 
vt 0.236328 0.732422 
vt 0.236328 0.732422 
vt 0.236328 0.732422 
vt 0.236328 0.732422 
vt 0.236328 0.732422 
vt 0.236328 0.732422 
vt 0.236328 0.732422 
vt 0.236328 0.732422 
vt 0.236328 0.732422 
vt 0.236328 0.732422 
vt 0.236328 0.732422 
vt 0.236328 0.732422 
vt 0.236328 0.732422 
vt 0.236328 0.732422 
vt 0.236328 0.732422 
vt 0.236328 0.732422 
vt 0.236328 0.732422 
vt 0.236328 0.732422 
vt 0.236328 0.732422 
vt 0.236328 0.732422 
vt 0.236328 0.732422 
vt 0.236328 0.732422 
vt 0.236328 0.732422 
vt 0.236328 0.732422 
vt 0.236328 0.732422 
vt 0.236328 0.732422 
vt 0.236328 0.732422 
vt 0.236328 0.732422 
vt 0.236328 0.732422 
vt 0.236328 0.732422 
vt 0.236328 0.732422 
vt 0.236328 0.732422 
vt 0.236328 0.732422 
vt 0.236328 0.732422 
vt 0.236328 0.732422 
vt 0.236328 0.732422 
vt 0.236328 0.732422 
vt 0.236328 0.732422 
vt 0.236328 0.732422 
vt 0.236328 0.732422 
vt 0.236328 0.732422 
vt 0.236328 0.732422 
vt 0.236328 0.732422 
vt 0.236328 0.732422 
vt 0.236328 0.732422 
vt 0.236328 0.732422 
vt 0.236328 0.732422 
vt 0.236328 0.732422 
vt 0.236328 0.732422 
vt 0.236328 0.732422 
vt 0.236328 0.732422 
vt 0.236328 0.732422 
vt 0.236328 0.732422 
vt 0.236328 0.732422 
vt 0.236328 0.732422 
vt 0.236328 0.732422 
vt 0.236328 0.732422 
vt 0.236328 0.732422 
vt 0.236328 0.732422 
vt 0.236328 0.732422 
vt 0.236328 0.732422 
vt 0.236328 0.732422 
vt 0.236328 0.732422 
vt 0.236328 0.732422 
vt 0.236328 0.732422 
vt 0.236328 0.732422 
vt 0.236328 0.732422 
vt 0.236328 0.732422 
vt 0.236328 0.732422 
vt 0.236328 0.732422 
vt 0.236328 0.732422 
vt 0.236328 0.732422 
vt 0.236328 0.732422 
vt 0.236328 0.732422 
vt 0.236328 0.732422 
vt 0.236328 0.732422 
vt 0.236328 0.732422 
vt 0.236328 0.732422 
vt 0.236328 0.732422 
vt 0.236328 0.732422 
vt 0.236328 0.732422 
vt 0.236328 0.732422 
vt 0.236328 0.732422 
vt 0.236328 0.732422 
vt 0.236328 0.732422 
vt 0.236328 0.732422 
vt 0.236328 0.732422 
vt 0.236328 0.732422 
vt 0.236328 0.732422 
vt 0.236328 0.732422 
vt 0.236328 0.732422 
vt 0.236328 0.732422 
vt 0.236328 0.732422 
vt 0.236328 0.732422 
vt 0.236328 0.732422 
vt 0.236328 0.732422 
vt 0.236328 0.732422 
vt 0.236328 0.732422 
vt 0.236328 0.732422 
vt 0.236328 0.732422 
vt 0.236328 0.732422 
vt 0.236328 0.732422 
vt 0.236328 0.732422 
vt 0.236328 0.732422 
vt 0.236328 0.732422 
vt 0.236328 0.732422 
vt 0.236328 0.732422 
vt 0.236328 0.732422 
vt 0.236328 0.732422 
vt 0.236328 0.732422 
vt 0.236328 0.732422 
vt 0.236328 0.732422 
vt 0.236328 0.732422 
vt 0.236328 0.732422 
vt 0.236328 0.732422 
vt 0.236328 0.732422 
vt 0.236328 0.732422 
vt 0.236328 0.732422 
vt 0.236328 0.732422 
vt 0.236328 0.732422 
vt 0.236328 0.732422 
vt 0.236328 0.732422 
vt 0.236328 0.732422 
vt 0.236328 0.732422 
vt 0.236328 0.732422 
vt 0.236328 0.732422 
vt 0.236328 0.732422 
vt 0.236328 0.732422 
vt 0.236328 0.732422 
vt 0.236328 0.732422 
vt 0.236328 0.732422 
vt 0.236328 0.732422 
vt 0.236328 0.732422 
vt 0.236328 0.732422 
vt 0.236328 0.732422 
vt 0.236328 0.732422 
vt 0.236328 0.732422 
vt 0.236328 0.732422 
vt 0.236328 0.732422 
vt 0.236328 0.732422 
vt 0.236328 0.732422 
vt 0.236328 0.732422 
vt 0.236328 0.732422 
vt 0.236328 0.732422 
vt 0.236328 0.732422 
vt 0.236328 0.732422 
vt 0.236328 0.732422 
vt 0.236328 0.732422 
vt 0.236328 0.732422 
vt 0.236328 0.732422 
vt 0.236328 0.732422 
vt 0.236328 0.732422 
vt 0.236328 0.732422 
vt 0.236328 0.732422 
vt 0.236328 0.732422 
vt 0.236328 0.732422 
vt 0.236328 0.732422 
vt 0.236328 0.732422 
vt 0.236328 0.732422 
vt 0.236328 0.732422 
vt 0.236328 0.732422 
vt 0.236328 0.732422 
vt 0.236328 0.732422 
vt 0.236328 0.732422 
vt 0.236328 0.732422 
vt 0.236328 0.732422 
vt 0.236328 0.732422 
vt 0.236328 0.732422 
vt 0.236328 0.732422 
vt 0.236328 0.732422 
vt 0.236328 0.732422 
vt 0.236328 0.732422 
vt 0.236328 0.732422 
vt 0.236328 0.732422 
vt 0.236328 0.732422 
vt 0.236328 0.732422 
vt 0.236328 0.732422 
vt 0.236328 0.732422 
vt 0.236328 0.732422 
vt 0.236328 0.732422 
vt 0.236328 0.732422 
vt 0.236328 0.732422 
vt 0.236328 0.732422 
vt 0.236328 0.732422 
vt 0.236328 0.732422 
vt 0.236328 0.732422 
vt 0.236328 0.732422 
vt 0.236328 0.732422 
vt 0.236328 0.732422 
vt 0.236328 0.732422 
vt 0.236328 0.732422 
vt 0.236328 0.732422 
vt 0.236328 0.732422 
vt 0.236328 0.732422 
vt 0.236328 0.732422 
vt 0.236328 0.732422 
vt 0.236328 0.732422 
vt 0.236328 0.732422 
vt 0.236328 0.732422 
vt 0.236328 0.732422 
vt 0.236328 0.732422 
vt 0.236328 0.732422 
vt 0.236328 0.732422 
vt 0.236328 0.732422 
vt 0.236328 0.732422 
vt 0.236328 0.732422 
vt 0.236328 0.732422 
vt 0.236328 0.732422 
vt 0.236328 0.732422 
vt 0.236328 0.732422 
vt 0.236328 0.732422 
vt 0.236328 0.732422 
vt 0.236328 0.732422 
vt 0.236328 0.732422 
vt 0.236328 0.732422 
vt 0.236328 0.732422 
vt 0.236328 0.732422 
vt 0.236328 0.732422 
vt 0.236328 0.732422 
vt 0.236328 0.732422 
vt 0.236328 0.732422 
vt 0.236328 0.732422 
vt 0.236328 0.732422 
vt 0.236328 0.732422 
vt 0.236328 0.732422 
vt 0.236328 0.732422 
vt 0.236328 0.732422 
vt 0.236328 0.732422 
vt 0.236328 0.732422 
vt 0.236328 0.732422 
vt 0.236328 0.732422 
vt 0.236328 0.732422 
vt 0.236328 0.732422 
vt 0.236328 0.732422 
vt 0.236328 0.732422 
vt 0.236328 0.732422 
vt 0.236328 0.732422 
vt 0.236328 0.732422 
vt 0.236328 0.732422 
vt 0.236328 0.732422 
vt 0.236328 0.732422 
vt 0.236328 0.732422 
vt 0.236328 0.732422 
vt 0.236328 0.732422 
vt 0.236328 0.732422 
vt 0.236328 0.732422 
vt 0.236328 0.732422 
vt 0.236328 0.732422 
vt 0.236328 0.732422 
vt 0.236328 0.732422 
vt 0.236328 0.732422 
vt 0.236328 0.732422 
vt 0.236328 0.732422 
vt 0.236328 0.732422 
vt 0.236328 0.732422 
vt 0.236328 0.732422 
vt 0.236328 0.732422 
vt 0.236328 0.732422 
vt 0.236328 0.732422 
vt 0.236328 0.732422 
vt 0.236328 0.732422 
vt 0.236328 0.732422 
vt 0.236328 0.732422 
vt 0.236328 0.732422 
vt 0.236328 0.732422 
vt 0.236328 0.732422 
vt 0.236328 0.732422 
vt 0.236328 0.732422 
vt 0.236328 0.732422 
vt 0.236328 0.732422 
vt 0.236328 0.732422 
vt 0.236328 0.732422 
vt 0.236328 0.732422 
vt 0.236328 0.732422 
vt 0.236328 0.732422 
vt 0.236328 0.732422 
vt 0.236328 0.732422 
vt 0.236328 0.732422 
vt 0.236328 0.732422 
vt 0.236328 0.732422 
vt 0.236328 0.732422 
vt 0.236328 0.732422 
vt 0.236328 0.732422 
vt 0.236328 0.732422 
vt 0.236328 0.732422 
vt 0.236328 0.732422 
vt 0.236328 0.732422 
vt 0.236328 0.732422 
vt 0.236328 0.732422 
vt 0.236328 0.732422 
vt 0.236328 0.732422 
vt 0.236328 0.732422 
vt 0.236328 0.732422 
vt 0.236328 0.732422 
vt 0.236328 0.732422 
vt 0.236328 0.732422 
vt 0.236328 0.732422 
vt 0.236328 0.732422 
vt 0.236328 0.732422 
vt 0.236328 0.732422 
vt 0.236328 0.732422 
vt 0.236328 0.732422 
vt 0.236328 0.732422 
vt 0.236328 0.732422 
vt 0.236328 0.732422 
vt 0.236328 0.732422 
vt 0.236328 0.732422 
vt 0.236328 0.732422 
vt 0.236328 0.732422 
vt 0.236328 0.732422 
vt 0.236328 0.732422 
vt 0.236328 0.732422 
vt 0.236328 0.732422 
vt 0.236328 0.732422 
vt 0.236328 0.732422 
vt 0.236328 0.732422 
vt 0.236328 0.732422 
vt 0.236328 0.732422 
vt 0.236328 0.732422 
vt 0.236328 0.732422 
vt 0.236328 0.732422 
vt 0.236328 0.732422 
vt 0.236328 0.732422 
vt 0.236328 0.732422 
vt 0.236328 0.732422 
vt 0.236328 0.732422 
vt 0.236328 0.732422 
vt 0.236328 0.732422 
vt 0.236328 0.732422 
vt 0.236328 0.732422 
vt 0.236328 0.732422 
vt 0.236328 0.732422 
vt 0.236328 0.732422 
vt 0.236328 0.732422 
vt 0.236328 0.732422 
vt 0.236328 0.732422 
vt 0.236328 0.732422 
vt 0.236328 0.732422 
vt 0.236328 0.732422 
vt 0.236328 0.732422 
vt 0.236328 0.732422 
vt 0.236328 0.732422 
vt 0.236328 0.732422 
vt 0.236328 0.732422 
vt 0.236328 0.732422 
vt 0.236328 0.732422 
vt 0.236328 0.732422 
vt 0.236328 0.732422 
vt 0.236328 0.732422 
vt 0.236328 0.732422 
vt 0.236328 0.732422 
vt 0.236328 0.732422 
vt 0.236328 0.732422 
vt 0.236328 0.732422 
vt 0.236328 0.732422 
vt 0.236328 0.732422 
vt 0.236328 0.732422 
vt 0.236328 0.732422 
vt 0.236328 0.732422 
vt 0.236328 0.732422 
vt 0.236328 0.732422 
vt 0.236328 0.732422 
vt 0.236328 0.732422 
vt 0.236328 0.732422 
vt 0.236328 0.732422 
vt 0.236328 0.732422 
vt 0.236328 0.732422 
vt 0.236328 0.732422 
vt 0.236328 0.732422 
vt 0.236328 0.732422 
vt 0.236328 0.732422 
vt 0.236328 0.732422 
vt 0.236328 0.732422 
vt 0.236328 0.732422 
vt 0.236328 0.732422 
vt 0.236328 0.732422 
vt 0.236328 0.732422 
vt 0.236328 0.732422 
vt 0.236328 0.732422 
vt 0.236328 0.732422 
vt 0.236328 0.732422 
vt 0.236328 0.732422 
vt 0.236328 0.732422 
vt 0.236328 0.732422 
vt 0.236328 0.732422 
vt 0.236328 0.732422 
vt 0.236328 0.732422 
vt 0.236328 0.732422 
vt 0.236328 0.732422 
vt 0.236328 0.732422 
vt 0.236328 0.732422 
vt 0.236328 0.732422 
vt 0.236328 0.732422 
vt 0.236328 0.732422 
vt 0.236328 0.732422 
vt 0.236328 0.732422 
vt 0.236328 0.732422 
vt 0.236328 0.732422 
vt 0.236328 0.732422 
vt 0.236328 0.732422 
vt 0.236328 0.732422 
vt 0.236328 0.732422 
vt 0.236328 0.732422 
vt 0.236328 0.732422 
vt 0.236328 0.732422 
vt 0.236328 0.732422 
vt 0.236328 0.732422 
vt 0.236328 0.732422 
vt 0.236328 0.732422 
vt 0.236328 0.732422 
vt 0.236328 0.732422 
vt 0.236328 0.732422 
vt 0.236328 0.732422 
vt 0.236328 0.732422 
vt 0.236328 0.732422 
vt 0.236328 0.732422 
vt 0.236328 0.732422 
vt 0.236328 0.732422 
vt 0.236328 0.732422 
vt 0.236328 0.732422 
vt 0.236328 0.732422 
vt 0.236328 0.732422 
vt 0.236328 0.732422 
vt 0.236328 0.732422 
vt 0.236328 0.732422 
vt 0.236328 0.732422 
vt 0.236328 0.732422 
vt 0.236328 0.732422 
vt 0.236328 0.732422 
vt 0.236328 0.732422 
vt 0.236328 0.732422 
vt 0.236328 0.732422 
vt 0.236328 0.732422 
vt 0.236328 0.732422 
vt 0.236328 0.732422 
vt 0.236328 0.732422 
vt 0.236328 0.732422 
vt 0.236328 0.732422 
vt 0.236328 0.732422 
vt 0.236328 0.732422 
vt 0.236328 0.732422 
vt 0.236328 0.732422 
vt 0.236328 0.732422 
vt 0.236328 0.732422 
vt 0.236328 0.732422 
vt 0.236328 0.732422 
vt 0.236328 0.732422 
vt 0.236328 0.732422 
vt 0.236328 0.732422 
vt 0.236328 0.732422 
vt 0.236328 0.732422 
vt 0.236328 0.732422 
vt 0.236328 0.732422 
vt 0.236328 0.732422 
vt 0.236328 0.732422 
vt 0.236328 0.732422 
vt 0.236328 0.732422 
vt 0.236328 0.732422 
vt 0.236328 0.732422 
vt 0.236328 0.732422 
vt 0.236328 0.732422 
vt 0.236328 0.732422 
vt 0.236328 0.732422 
vt 0.236328 0.732422 
vt 0.236328 0.732422 
vt 0.236328 0.732422 
vt 0.236328 0.732422 
vt 0.236328 0.732422 
vt 0.236328 0.732422 
vt 0.236328 0.732422 
vt 0.236328 0.732422 
vt 0.236328 0.732422 
vt 0.236328 0.732422 
vt 0.236328 0.732422 
vt 0.236328 0.732422 
vt 0.236328 0.732422 
vt 0.236328 0.732422 
vt 0.236328 0.732422 
vt 0.236328 0.732422 
vt 0.236328 0.732422 
vt 0.236328 0.732422 
vt 0.236328 0.732422 
vt 0.236328 0.732422 
vt 0.236328 0.732422 
vt 0.236328 0.732422 
vt 0.236328 0.732422 
vt 0.236328 0.732422 
vt 0.236328 0.732422 
vt 0.236328 0.732422 
vt 0.236328 0.732422 
vt 0.236328 0.732422 
vt 0.236328 0.732422 
vt 0.236328 0.732422 
vt 0.236328 0.732422 
vt 0.236328 0.732422 
vt 0.236328 0.732422 
vt 0.236328 0.732422 
vt 0.236328 0.732422 
vt 0.236328 0.732422 
vt 0.236328 0.732422 
vt 0.236328 0.732422 
vt 0.236328 0.732422 
vt 0.236328 0.732422 
vt 0.236328 0.732422 
vt 0.236328 0.732422 
vt 0.236328 0.732422 
vt 0.236328 0.732422 
vt 0.236328 0.732422 
vt 0.236328 0.732422 
vt 0.236328 0.732422 
vt 0.236328 0.732422 
vt 0.236328 0.732422 
vt 0.236328 0.732422 
vt 0.236328 0.732422 
vt 0.236328 0.732422 
vt 0.236328 0.732422 
vt 0.236328 0.732422 
vt 0.236328 0.732422 
vt 0.236328 0.732422 
vt 0.236328 0.732422 
vt 0.236328 0.732422 
vt 0.236328 0.732422 
vt 0.236328 0.732422 
vt 0.236328 0.732422 
vt 0.236328 0.732422 
vt 0.236328 0.732422 
vt 0.236328 0.732422 
vt 0.236328 0.732422 
vt 0.236328 0.732422 
vt 0.236328 0.732422 
vt 0.236328 0.732422 
vt 0.236328 0.732422 
vt 0.236328 0.732422 
vt 0.236328 0.732422 
vt 0.236328 0.732422 
vt 0.236328 0.732422 
vt 0.236328 0.732422 
vt 0.236328 0.732422 
vt 0.236328 0.732422 
vt 0.236328 0.732422 
vt 0.236328 0.732422 
vt 0.236328 0.732422 
vt 0.236328 0.732422 
vt 0.236328 0.732422 
vt 0.236328 0.732422 
vt 0.236328 0.732422 
vt 0.236328 0.732422 
vt 0.236328 0.732422 
vt 0.236328 0.732422 
vt 0.236328 0.732422 
vt 0.236328 0.732422 
vt 0.236328 0.732422 
vt 0.236328 0.732422 
vt 0.236328 0.732422 
vt 0.236328 0.732422 
vt 0.236328 0.732422 
vt 0.236328 0.732422 
vt 0.236328 0.732422 
vt 0.236328 0.732422 
vt 0.236328 0.732422 
vt 0.236328 0.732422 
vt 0.236328 0.732422 
vt 0.236328 0.732422 
vt 0.236328 0.732422 
vt 0.236328 0.732422 
vt 0.236328 0.732422 
vt 0.236328 0.732422 
vt 0.236328 0.732422 
vt 0.236328 0.732422 
vt 0.236328 0.732422 
vt 0.236328 0.732422 
vt 0.236328 0.732422 
vt 0.236328 0.732422 
vt 0.236328 0.732422 
vt 0.236328 0.732422 
vt 0.236328 0.732422 
vt 0.236328 0.732422 
vt 0.236328 0.732422 
vt 0.236328 0.732422 
vt 0.236328 0.732422 
vt 0.236328 0.732422 
vt 0.236328 0.732422 
vt 0.236328 0.732422 
vt 0.236328 0.732422 
vt 0.236328 0.732422 
vt 0.236328 0.732422 
vt 0.236328 0.732422 
vt 0.236328 0.732422 
vt 0.236328 0.732422 
vt 0.236328 0.732422 
vt 0.236328 0.732422 
vt 0.236328 0.732422 
vt 0.236328 0.732422 
vt 0.236328 0.732422 
vt 0.236328 0.732422 
vt 0.236328 0.732422 
vt 0.236328 0.732422 
vt 0.236328 0.732422 
vt 0.236328 0.732422 
vt 0.236328 0.732422 
vt 0.236328 0.732422 
vt 0.236328 0.732422 
vt 0.236328 0.732422 
vt 0.236328 0.732422 
vt 0.236328 0.732422 
vt 0.236328 0.732422 
vt 0.236328 0.732422 
vt 0.236328 0.732422 
vt 0.236328 0.732422 
vt 0.236328 0.732422 
vt 0.236328 0.732422 
vt 0.236328 0.732422 
vt 0.236328 0.732422 
vt 0.236328 0.732422 
vt 0.236328 0.732422 
vt 0.236328 0.732422 
vt 0.236328 0.732422 
vt 0.236328 0.732422 
vt 0.236328 0.732422 
vt 0.236328 0.732422 
vt 0.236328 0.732422 
vt 0.236328 0.732422 
vt 0.236328 0.732422 
vt 0.236328 0.732422 
vt 0.236328 0.732422 
vt 0.236328 0.732422 
vt 0.236328 0.732422 
vt 0.236328 0.732422 
vt 0.236328 0.732422 
vt 0.236328 0.732422 
vt 0.236328 0.732422 
vt 0.236328 0.732422 
vt 0.236328 0.732422 
vt 0.236328 0.732422 
vt 0.236328 0.732422 
vt 0.236328 0.732422 
vt 0.236328 0.732422 
vt 0.236328 0.732422 
vt 0.236328 0.732422 
vt 0.236328 0.732422 
vt 0.236328 0.732422 
vt 0.236328 0.732422 
vt 0.236328 0.732422 
vt 0.236328 0.732422 
vt 0.236328 0.732422 
vt 0.236328 0.732422 
vt 0.236328 0.732422 
vt 0.236328 0.732422 
vt 0.236328 0.732422 
vt 0.236328 0.732422 
vt 0.236328 0.732422 
vt 0.236328 0.732422 
vt 0.236328 0.732422 
vt 0.236328 0.732422 
vt 0.236328 0.732422 
vt 0.236328 0.732422 
vt 0.236328 0.732422 
vt 0.236328 0.732422 
vt 0.236328 0.732422 
vt 0.236328 0.732422 
vt 0.236328 0.732422 
vt 0.236328 0.732422 
vt 0.236328 0.732422 
vt 0.236328 0.732422 
vt 0.236328 0.732422 
vt 0.236328 0.732422 
vt 0.236328 0.732422 
vt 0.236328 0.732422 
vt 0.236328 0.732422 
vt 0.236328 0.732422 
vt 0.236328 0.732422 
vt 0.236328 0.732422 
vt 0.236328 0.732422 
vt 0.236328 0.732422 
vt 0.236328 0.732422 
vt 0.236328 0.732422 
vt 0.236328 0.732422 
vt 0.236328 0.732422 
vt 0.236328 0.732422 
vt 0.236328 0.732422 
vt 0.236328 0.732422 
vt 0.236328 0.732422 
vt 0.236328 0.732422 
vt 0.236328 0.732422 
vt 0.236328 0.732422 
vt 0.236328 0.732422 
vt 0.236328 0.732422 
vt 0.236328 0.732422 
vt 0.236328 0.732422 
vt 0.236328 0.732422 
vt 0.236328 0.732422 
vt 0.236328 0.732422 
vt 0.236328 0.732422 
vt 0.236328 0.732422 
vt 0.236328 0.732422 
vt 0.236328 0.732422 
vt 0.236328 0.732422 
vt 0.236328 0.732422 
vt 0.236328 0.732422 
vt 0.236328 0.732422 
vt 0.236328 0.732422 
vt 0.236328 0.732422 
vt 0.236328 0.732422 
vt 0.236328 0.732422 
vt 0.236328 0.732422 
vt 0.236328 0.732422 
vt 0.236328 0.732422 
vt 0.236328 0.732422 
vt 0.236328 0.732422 
vt 0.236328 0.732422 
vt 0.236328 0.732422 
vt 0.236328 0.732422 
vt 0.236328 0.732422 
vt 0.236328 0.732422 
vt 0.236328 0.732422 
vt 0.236328 0.732422 
vt 0.236328 0.732422 
vt 0.236328 0.732422 
vt 0.236328 0.732422 
vt 0.236328 0.732422 
vt 0.236328 0.732422 
vt 0.236328 0.732422 
vt 0.236328 0.732422 
vt 0.236328 0.732422 
vt 0.236328 0.732422 
vt 0.236328 0.732422 
vt 0.236328 0.732422 
vt 0.236328 0.732422 
vt 0.236328 0.732422 
vt 0.236328 0.732422 
vt 0.236328 0.732422 
vt 0.236328 0.732422 
vt 0.236328 0.732422 
vt 0.236328 0.732422 
vt 0.236328 0.732422 
vt 0.236328 0.732422 
vt 0.236328 0.732422 
vt 0.236328 0.732422 
vt 0.236328 0.732422 
vt 0.236328 0.732422 
vt 0.236328 0.732422 
vt 0.236328 0.732422 
vt 0.236328 0.732422 
vt 0.236328 0.732422 
vt 0.236328 0.732422 
vt 0.236328 0.732422 
vt 0.236328 0.732422 
vt 0.236328 0.732422 
vt 0.236328 0.732422 
vt 0.236328 0.732422 
vt 0.236328 0.732422 
vt 0.236328 0.732422 
vt 0.236328 0.732422 
vt 0.236328 0.732422 
vt 0.236328 0.732422 
vt 0.236328 0.732422 
vt 0.236328 0.732422 
vt 0.236328 0.732422 
vt 0.236328 0.732422 
vt 0.236328 0.732422 
vt 0.236328 0.732422 
vt 0.236328 0.732422 
vt 0.236328 0.732422 
vt 0.236328 0.732422 
vt 0.236328 0.732422 
vt 0.236328 0.732422 
vt 0.236328 0.732422 
vt 0.236328 0.732422 
vt 0.236328 0.732422 
vt 0.236328 0.732422 
vt 0.236328 0.732422 
vt 0.236328 0.732422 
vt 0.236328 0.732422 
vt 0.236328 0.732422 
vt 0.236328 0.732422 
vt 0.236328 0.732422 
vt 0.236328 0.732422 
vt 0.236328 0.732422 
vt 0.236328 0.732422 
vt 0.236328 0.732422 
vt 0.236328 0.732422 
vt 0.236328 0.732422 
vt 0.236328 0.732422 
vt 0.236328 0.732422 
vt 0.236328 0.732422 
vt 0.236328 0.732422 
vt 0.236328 0.732422 
vt 0.236328 0.732422 
vt 0.236328 0.732422 
vt 0.236328 0.732422 
vt 0.236328 0.732422 
vt 0.236328 0.732422 
vt 0.236328 0.732422 
vt 0.236328 0.732422 
vt 0.236328 0.732422 
vt 0.236328 0.732422 
vt 0.236328 0.732422 
vt 0.236328 0.732422 
vt 0.236328 0.732422 
vt 0.236328 0.732422 
vt 0.236328 0.732422 
vt 0.236328 0.732422 
vt 0.236328 0.732422 
vt 0.236328 0.732422 
vt 0.236328 0.732422 
vt 0.236328 0.732422 
vt 0.236328 0.732422 
vt 0.236328 0.732422 
vt 0.236328 0.732422 
vt 0.236328 0.732422 
vt 0.236328 0.732422 
vt 0.236328 0.732422 
vt 0.236328 0.732422 
vt 0.236328 0.732422 
vt 0.236328 0.732422 
vt 0.236328 0.732422 
vt 0.236328 0.732422 
vt 0.236328 0.732422 
vt 0.236328 0.732422 
vt 0.236328 0.732422 
vt 0.236328 0.732422 
vt 0.236328 0.732422 
vt 0.236328 0.732422 
vt 0.236328 0.732422 
vt 0.236328 0.732422 
vt 0.236328 0.732422 
vt 0.236328 0.732422 
vt 0.236328 0.732422 
vt 0.236328 0.732422 
vt 0.236328 0.732422 
vt 0.236328 0.732422 
vt 0.236328 0.732422 
vt 0.236328 0.732422 
vt 0.236328 0.732422 
vt 0.236328 0.732422 
vt 0.236328 0.732422 
vt 0.236328 0.732422 
vt 0.236328 0.732422 
vt 0.236328 0.732422 
vt 0.236328 0.732422 
vt 0.236328 0.732422 
vt 0.236328 0.732422 
vt 0.236328 0.732422 
vt 0.236328 0.732422 
vt 0.236328 0.732422 
vt 0.236328 0.732422 
vt 0.236328 0.732422 
vt 0.236328 0.732422 
vt 0.236328 0.732422 
vt 0.236328 0.732422 
vt 0.236328 0.732422 
vt 0.236328 0.732422 
vt 0.236328 0.732422 
vt 0.236328 0.732422 
vt 0.236328 0.732422 
vt 0.236328 0.732422 
vt 0.236328 0.732422 
vt 0.236328 0.732422 
vt 0.236328 0.732422 
vt 0.236328 0.732422 
vt 0.236328 0.732422 
vt 0.236328 0.732422 
vt 0.236328 0.732422 
vt 0.236328 0.732422 
vt 0.236328 0.732422 
vt 0.236328 0.732422 
vt 0.236328 0.732422 
vt 0.236328 0.732422 
vt 0.236328 0.732422 
vt 0.236328 0.732422 
vt 0.236328 0.732422 
vt 0.236328 0.732422 
vt 0.236328 0.732422 
vt 0.236328 0.732422 
vt 0.236328 0.732422 
vt 0.236328 0.732422 
vt 0.236328 0.732422 
vt 0.236328 0.732422 
vt 0.236328 0.732422 
vt 0.236328 0.732422 
vt 0.236328 0.732422 
vt 0.236328 0.732422 
vt 0.236328 0.732422 
vt 0.236328 0.732422 
vt 0.236328 0.732422 
vt 0.236328 0.732422 
vt 0.236328 0.732422 
vt 0.236328 0.732422 
vt 0.236328 0.732422 
vt 0.236328 0.732422 
vt 0.236328 0.732422 
vt 0.236328 0.732422 
vt 0.236328 0.732422 
vt 0.236328 0.732422 
vt 0.236328 0.732422 
vt 0.236328 0.732422 
vt 0.236328 0.732422 
vt 0.236328 0.732422 
vt 0.236328 0.732422 
vt 0.236328 0.732422 
vt 0.236328 0.732422 
vt 0.236328 0.732422 
vt 0.236328 0.732422 
vt 0.236328 0.732422 
vt 0.236328 0.732422 
vt 0.236328 0.732422 
vt 0.236328 0.732422 
vt 0.236328 0.732422 
vt 0.236328 0.732422 
vt 0.236328 0.732422 
vt 0.236328 0.732422 
vt 0.236328 0.732422 
vt 0.236328 0.732422 
vt 0.236328 0.732422 
vt 0.236328 0.732422 
vt 0.236328 0.732422 
vt 0.236328 0.732422 
vt 0.236328 0.732422 
vt 0.236328 0.732422 
vt 0.236328 0.732422 
vt 0.236328 0.732422 
vt 0.236328 0.732422 
vt 0.236328 0.732422 
vt 0.236328 0.732422 
vt 0.236328 0.732422 
vt 0.236328 0.732422 
vt 0.236328 0.732422 
vt 0.236328 0.732422 
vt 0.236328 0.732422 
vt 0.236328 0.732422 
vt 0.236328 0.732422 
vt 0.236328 0.732422 
vt 0.236328 0.732422 
vt 0.236328 0.732422 
vt 0.236328 0.732422 
vt 0.236328 0.732422 
vt 0.236328 0.732422 
vt 0.236328 0.732422 
vt 0.236328 0.732422 
vt 0.236328 0.732422 
vt 0.236328 0.732422 
vt 0.236328 0.732422 
vt 0.236328 0.732422 
vt 0.236328 0.732422 
vt 0.236328 0.732422 
vt 0.236328 0.732422 
vt 0.236328 0.732422 
vt 0.236328 0.732422 
vt 0.236328 0.732422 
vt 0.236328 0.732422 
vt 0.236328 0.732422 
vt 0.236328 0.732422 
vt 0.236328 0.732422 
vt 0.236328 0.732422 
vt 0.236328 0.732422 
vt 0.236328 0.732422 
vt 0.236328 0.732422 
vt 0.236328 0.732422 
vt 0.236328 0.732422 
vt 0.236328 0.732422 
vt 0.236328 0.732422 
vt 0.236328 0.732422 
vt 0.236328 0.732422 
vt 0.236328 0.732422 
vt 0.236328 0.732422 
vt 0.236328 0.732422 
vt 0.236328 0.732422 
vt 0.236328 0.732422 
vt 0.236328 0.732422 
vt 0.236328 0.732422 
vt 0.236328 0.732422 
vt 0.236328 0.732422 
vt 0.236328 0.732422 
vt 0.299223 0.452692 
vt 0.315871 0.447266 
vt 0.324087 0.447266 
vt 0.324087 0.447266 
vt 0.310582 0.452692 
vt 0.299223 0.452692 
vt 0.28511 0.468146 
vt 0.299223 0.452692 
vt 0.310582 0.452692 
vt 0.310582 0.452692 
vt 0.299134 0.468146 
vt 0.28511 0.468146 
vt 0.275679 0.491274 
vt 0.28511 0.468146 
vt 0.299134 0.468146 
vt 0.299134 0.468146 
vt 0.291484 0.491274 
vt 0.275679 0.491274 
vt 0.272368 0.518555 
vt 0.275679 0.491274 
vt 0.291484 0.491274 
vt 0.291484 0.491274 
vt 0.288798 0.518555 
vt 0.272368 0.518555 
vt 0.272368 0.661133 
vt 0.272368 0.518555 
vt 0.288798 0.518555 
vt 0.288798 0.518555 
vt 0.288798 0.661133 
vt 0.272368 0.661133 
vt 0.275679 0.688414 
vt 0.272368 0.661133 
vt 0.288798 0.661133 
vt 0.288798 0.661133 
vt 0.291484 0.688414 
vt 0.275679 0.688414 
vt 0.28511 0.711542 
vt 0.275679 0.688414 
vt 0.291484 0.688414 
vt 0.291484 0.688414 
vt 0.299134 0.711542 
vt 0.28511 0.711542 
vt 0.299223 0.726995 
vt 0.28511 0.711542 
vt 0.299134 0.711542 
vt 0.299134 0.711542 
vt 0.310582 0.726995 
vt 0.299223 0.726995 
vt 0.315871 0.732422 
vt 0.299223 0.726995 
vt 0.310582 0.726995 
vt 0.310582 0.726995 
vt 0.324087 0.732422 
vt 0.315871 0.732422 
vt 0.310582 0.452692 
vt 0.324087 0.447266 
vt 0.333374 0.447266 
vt 0.333374 0.447266 
vt 0.323424 0.452692 
vt 0.310582 0.452692 
vt 0.299134 0.468146 
vt 0.310582 0.452692 
vt 0.323424 0.452692 
vt 0.323424 0.452692 
vt 0.314989 0.468146 
vt 0.299134 0.468146 
vt 0.291484 0.491274 
vt 0.299134 0.468146 
vt 0.314989 0.468146 
vt 0.314989 0.468146 
vt 0.309352 0.491274 
vt 0.291484 0.491274 
vt 0.288798 0.518555 
vt 0.291484 0.491274 
vt 0.309352 0.491274 
vt 0.309352 0.491274 
vt 0.307373 0.518555 
vt 0.288798 0.518555 
vt 0.288798 0.661133 
vt 0.288798 0.518555 
vt 0.307373 0.518555 
vt 0.307373 0.518555 
vt 0.307373 0.661133 
vt 0.288798 0.661133 
vt 0.291484 0.688414 
vt 0.288798 0.661133 
vt 0.307373 0.661133 
vt 0.307373 0.661133 
vt 0.309352 0.688414 
vt 0.291484 0.688414 
vt 0.299134 0.711542 
vt 0.291484 0.688414 
vt 0.309352 0.688414 
vt 0.309352 0.688414 
vt 0.314989 0.711542 
vt 0.299134 0.711542 
vt 0.310582 0.726995 
vt 0.299134 0.711542 
vt 0.314989 0.711542 
vt 0.314989 0.711542 
vt 0.323424 0.726995 
vt 0.310582 0.726995 
vt 0.324087 0.732422 
vt 0.310582 0.726995 
vt 0.323424 0.726995 
vt 0.323424 0.726995 
vt 0.333374 0.732422 
vt 0.324087 0.732422 
vt 0.323424 0.452692 
vt 0.333374 0.447266 
vt 0.343451 0.447266 
vt 0.343451 0.447266 
vt 0.337358 0.452692 
vt 0.323424 0.452692 
vt 0.314989 0.468146 
vt 0.323424 0.452692 
vt 0.337358 0.452692 
vt 0.337358 0.452692 
vt 0.332192 0.468146 
vt 0.314989 0.468146 
vt 0.309352 0.491274 
vt 0.314989 0.468146 
vt 0.332192 0.468146 
vt 0.332192 0.468146 
vt 0.32874 0.491274 
vt 0.309352 0.491274 
vt 0.307373 0.518555 
vt 0.309352 0.491274 
vt 0.32874 0.491274 
vt 0.32874 0.491274 
vt 0.327528 0.518555 
vt 0.307373 0.518555 
vt 0.307373 0.661133 
vt 0.307373 0.518555 
vt 0.327528 0.518555 
vt 0.327528 0.518555 
vt 0.327528 0.661133 
vt 0.307373 0.661133 
vt 0.309352 0.688414 
vt 0.307373 0.661133 
vt 0.327528 0.661133 
vt 0.327528 0.661133 
vt 0.32874 0.688414 
vt 0.309352 0.688414 
vt 0.314989 0.711542 
vt 0.309352 0.688414 
vt 0.32874 0.688414 
vt 0.32874 0.688414 
vt 0.332192 0.711542 
vt 0.314989 0.711542 
vt 0.323424 0.726995 
vt 0.314989 0.711542 
vt 0.332192 0.711542 
vt 0.332192 0.711542 
vt 0.337358 0.726995 
vt 0.323424 0.726995 
vt 0.333374 0.732422 
vt 0.323424 0.726995 
vt 0.337358 0.726995 
vt 0.337358 0.726995 
vt 0.343451 0.732422 
vt 0.333374 0.732422 
vt 0.337358 0.452692 
vt 0.343451 0.447266 
vt 0.354013 0.447266 
vt 0.354013 0.447266 
vt 0.351961 0.452692 
vt 0.337358 0.452692 
vt 0.332192 0.468146 
vt 0.337358 0.452692 
vt 0.351961 0.452692 
vt 0.351961 0.452692 
vt 0.350221 0.468146 
vt 0.332192 0.468146 
vt 0.32874 0.491274 
vt 0.332192 0.468146 
vt 0.350221 0.468146 
vt 0.350221 0.468146 
vt 0.349059 0.491274 
vt 0.32874 0.491274 
vt 0.327528 0.518555 
vt 0.32874 0.491274 
vt 0.349059 0.491274 
vt 0.349059 0.491274 
vt 0.348651 0.518555 
vt 0.327528 0.518555 
vt 0.327528 0.661133 
vt 0.327528 0.518555 
vt 0.348651 0.518555 
vt 0.348651 0.518555 
vt 0.348651 0.661133 
vt 0.327528 0.661133 
vt 0.32874 0.688414 
vt 0.327528 0.661133 
vt 0.348651 0.661133 
vt 0.348651 0.661133 
vt 0.349059 0.688414 
vt 0.32874 0.688414 
vt 0.332192 0.711542 
vt 0.32874 0.688414 
vt 0.349059 0.688414 
vt 0.349059 0.688414 
vt 0.350221 0.711542 
vt 0.332192 0.711542 
vt 0.337358 0.726995 
vt 0.332192 0.711542 
vt 0.350221 0.711542 
vt 0.350221 0.711542 
vt 0.351961 0.726995 
vt 0.337358 0.726995 
vt 0.343451 0.732422 
vt 0.337358 0.726995 
vt 0.351961 0.726995 
vt 0.351961 0.726995 
vt 0.354013 0.732422 
vt 0.343451 0.732422 
vt 0.351961 0.452692 
vt 0.354013 0.447266 
vt 0.364737 0.447266 
vt 0.364737 0.447266 
vt 0.366789 0.452692 
vt 0.351961 0.452692 
vt 0.350221 0.468146 
vt 0.351961 0.452692 
vt 0.366789 0.452692 
vt 0.366789 0.452692 
vt 0.368529 0.468146 
vt 0.350221 0.468146 
vt 0.349059 0.491274 
vt 0.350221 0.468146 
vt 0.368529 0.468146 
vt 0.368529 0.468146 
vt 0.369691 0.491274 
vt 0.349059 0.491274 
vt 0.348651 0.518555 
vt 0.349059 0.491274 
vt 0.369691 0.491274 
vt 0.369691 0.491274 
vt 0.370099 0.518555 
vt 0.348651 0.518555 
vt 0.348651 0.661133 
vt 0.348651 0.518555 
vt 0.370099 0.518555 
vt 0.370099 0.518555 
vt 0.370099 0.661133 
vt 0.348651 0.661133 
vt 0.349059 0.688414 
vt 0.348651 0.661133 
vt 0.370099 0.661133 
vt 0.370099 0.661133 
vt 0.369691 0.688414 
vt 0.349059 0.688414 
vt 0.350221 0.711542 
vt 0.349059 0.688414 
vt 0.369691 0.688414 
vt 0.369691 0.688414 
vt 0.368529 0.711542 
vt 0.350221 0.711542 
vt 0.351961 0.726995 
vt 0.350221 0.711542 
vt 0.368529 0.711542 
vt 0.368529 0.711542 
vt 0.366789 0.726995 
vt 0.351961 0.726995 
vt 0.354013 0.732422 
vt 0.351961 0.726995 
vt 0.366789 0.726995 
vt 0.366789 0.726995 
vt 0.364737 0.732422 
vt 0.354013 0.732422 
vt 0.366789 0.452692 
vt 0.364737 0.447266 
vt 0.375299 0.447266 
vt 0.375299 0.447266 
vt 0.381392 0.452692 
vt 0.366789 0.452692 
vt 0.368529 0.468146 
vt 0.366789 0.452692 
vt 0.381392 0.452692 
vt 0.381392 0.452692 
vt 0.386558 0.468146 
vt 0.368529 0.468146 
vt 0.369691 0.491274 
vt 0.368529 0.468146 
vt 0.386558 0.468146 
vt 0.386558 0.468146 
vt 0.39001 0.491274 
vt 0.369691 0.491274 
vt 0.370099 0.518555 
vt 0.369691 0.491274 
vt 0.39001 0.491274 
vt 0.39001 0.491274 
vt 0.391222 0.518555 
vt 0.370099 0.518555 
vt 0.370099 0.661133 
vt 0.370099 0.518555 
vt 0.391222 0.518555 
vt 0.391222 0.518555 
vt 0.391222 0.661133 
vt 0.370099 0.661133 
vt 0.369691 0.688414 
vt 0.370099 0.661133 
vt 0.391222 0.661133 
vt 0.391222 0.661133 
vt 0.39001 0.688414 
vt 0.369691 0.688414 
vt 0.368529 0.711542 
vt 0.369691 0.688414 
vt 0.39001 0.688414 
vt 0.39001 0.688414 
vt 0.386558 0.711542 
vt 0.368529 0.711542 
vt 0.366789 0.726995 
vt 0.368529 0.711542 
vt 0.386558 0.711542 
vt 0.386558 0.711542 
vt 0.381392 0.726995 
vt 0.366789 0.726995 
vt 0.364737 0.732422 
vt 0.366789 0.726995 
vt 0.381392 0.726995 
vt 0.381392 0.726995 
vt 0.375299 0.732422 
vt 0.364737 0.732422 
vt 0.381392 0.452692 
vt 0.375299 0.447266 
vt 0.385376 0.447266 
vt 0.385376 0.447266 
vt 0.395326 0.452692 
vt 0.381392 0.452692 
vt 0.386558 0.468146 
vt 0.381392 0.452692 
vt 0.395326 0.452692 
vt 0.395326 0.452692 
vt 0.403761 0.468146 
vt 0.386558 0.468146 
vt 0.39001 0.491274 
vt 0.386558 0.468146 
vt 0.403761 0.468146 
vt 0.403761 0.468146 
vt 0.409398 0.491274 
vt 0.39001 0.491274 
vt 0.391222 0.518555 
vt 0.39001 0.491274 
vt 0.409398 0.491274 
vt 0.409398 0.491274 
vt 0.411377 0.518555 
vt 0.391222 0.518555 
vt 0.391222 0.661133 
vt 0.391222 0.518555 
vt 0.411377 0.518555 
vt 0.411377 0.518555 
vt 0.411377 0.661133 
vt 0.391222 0.661133 
vt 0.39001 0.688414 
vt 0.391222 0.661133 
vt 0.411377 0.661133 
vt 0.411377 0.661133 
vt 0.409398 0.688414 
vt 0.39001 0.688414 
vt 0.386558 0.711542 
vt 0.39001 0.688414 
vt 0.409398 0.688414 
vt 0.409398 0.688414 
vt 0.403761 0.711542 
vt 0.386558 0.711542 
vt 0.381392 0.726995 
vt 0.386558 0.711542 
vt 0.403761 0.711542 
vt 0.403761 0.711542 
vt 0.395326 0.726995 
vt 0.381392 0.726995 
vt 0.375299 0.732422 
vt 0.381392 0.726995 
vt 0.395326 0.726995 
vt 0.395326 0.726995 
vt 0.385376 0.732422 
vt 0.375299 0.732422 
vt 0.395326 0.452692 
vt 0.385376 0.447266 
vt 0.394663 0.447266 
vt 0.394663 0.447266 
vt 0.408168 0.452692 
vt 0.395326 0.452692 
vt 0.403761 0.468146 
vt 0.395326 0.452692 
vt 0.408168 0.452692 
vt 0.408168 0.452692 
vt 0.419616 0.468146 
vt 0.403761 0.468146 
vt 0.409398 0.491274 
vt 0.403761 0.468146 
vt 0.419616 0.468146 
vt 0.419616 0.468146 
vt 0.427266 0.491274 
vt 0.409398 0.491274 
vt 0.411377 0.518555 
vt 0.409398 0.491274 
vt 0.427266 0.491274 
vt 0.427266 0.491274 
vt 0.429952 0.518555 
vt 0.411377 0.518555 
vt 0.411377 0.661133 
vt 0.411377 0.518555 
vt 0.429952 0.518555 
vt 0.429952 0.518555 
vt 0.429952 0.661133 
vt 0.411377 0.661133 
vt 0.409398 0.688414 
vt 0.411377 0.661133 
vt 0.429952 0.661133 
vt 0.429952 0.661133 
vt 0.427266 0.688414 
vt 0.409398 0.688414 
vt 0.403761 0.711542 
vt 0.409398 0.688414 
vt 0.427266 0.688414 
vt 0.427266 0.688414 
vt 0.419616 0.711542 
vt 0.403761 0.711542 
vt 0.395326 0.726995 
vt 0.403761 0.711542 
vt 0.419616 0.711542 
vt 0.419616 0.711542 
vt 0.408168 0.726995 
vt 0.395326 0.726995 
vt 0.385376 0.732422 
vt 0.395326 0.726995 
vt 0.408168 0.726995 
vt 0.408168 0.726995 
vt 0.394663 0.732422 
vt 0.385376 0.732422 
vt 0.408168 0.452692 
vt 0.394663 0.447266 
vt 0.402879 0.447266 
vt 0.402879 0.447266 
vt 0.419527 0.452692 
vt 0.408168 0.452692 
vt 0.419616 0.468146 
vt 0.408168 0.452692 
vt 0.419527 0.452692 
vt 0.419527 0.452692 
vt 0.43364 0.468146 
vt 0.419616 0.468146 
vt 0.427266 0.491274 
vt 0.419616 0.468146 
vt 0.43364 0.468146 
vt 0.43364 0.468146 
vt 0.443071 0.491274 
vt 0.427266 0.491274 
vt 0.429952 0.518555 
vt 0.427266 0.491274 
vt 0.443071 0.491274 
vt 0.443071 0.491274 
vt 0.446382 0.518555 
vt 0.429952 0.518555 
vt 0.429952 0.661133 
vt 0.429952 0.518555 
vt 0.446382 0.518555 
vt 0.446382 0.518555 
vt 0.446382 0.661133 
vt 0.429952 0.661133 
vt 0.427266 0.688414 
vt 0.429952 0.661133 
vt 0.446382 0.661133 
vt 0.446382 0.661133 
vt 0.443071 0.688414 
vt 0.427266 0.688414 
vt 0.419616 0.711542 
vt 0.427266 0.688414 
vt 0.443071 0.688414 
vt 0.443071 0.688414 
vt 0.43364 0.711542 
vt 0.419616 0.711542 
vt 0.408168 0.726995 
vt 0.419616 0.711542 
vt 0.43364 0.711542 
vt 0.43364 0.711542 
vt 0.419527 0.726995 
vt 0.408168 0.726995 
vt 0.394663 0.732422 
vt 0.408168 0.726995 
vt 0.419527 0.726995 
vt 0.419527 0.726995 
vt 0.402879 0.732422 
vt 0.394663 0.732422 

usemtl 2Mtl

f 173/173/173 174/174/174 175/175/175 
f 176/176/176 177/177/177 178/178/178 
f 179/179/179 180/180/180 181/181/181 
f 182/182/182 183/183/183 184/184/184 
f 185/185/185 186/186/186 187/187/187 
f 188/188/188 189/189/189 190/190/190 
f 191/191/191 192/192/192 193/193/193 
f 194/194/194 195/195/195 196/196/196 
f 197/197/197 198/198/198 199/199/199 
f 200/200/200 201/201/201 202/202/202 
f 203/203/203 204/204/204 205/205/205 
f 206/206/206 207/207/207 208/208/208 
f 209/209/209 210/210/210 211/211/211 
f 212/212/212 213/213/213 214/214/214 
f 215/215/215 216/216/216 217/217/217 
f 218/218/218 219/219/219 220/220/220 
f 221/221/221 222/222/222 223/223/223 
f 224/224/224 225/225/225 226/226/226 
f 227/227/227 228/228/228 229/229/229 
f 230/230/230 231/231/231 232/232/232 
f 233/233/233 234/234/234 235/235/235 
f 236/236/236 237/237/237 238/238/238 
f 239/239/239 240/240/240 241/241/241 
f 242/242/242 243/243/243 244/244/244 
f 245/245/245 246/246/246 247/247/247 
f 248/248/248 249/249/249 250/250/250 
f 251/251/251 252/252/252 253/253/253 
f 254/254/254 255/255/255 256/256/256 
f 257/257/257 258/258/258 259/259/259 
f 260/260/260 261/261/261 262/262/262 
f 263/263/263 264/264/264 265/265/265 
f 266/266/266 267/267/267 268/268/268 
f 269/269/269 270/270/270 271/271/271 
f 272/272/272 273/273/273 274/274/274 
f 275/275/275 276/276/276 277/277/277 
f 278/278/278 279/279/279 280/280/280 
f 281/281/281 282/282/282 283/283/283 
f 284/284/284 285/285/285 286/286/286 
f 287/287/287 288/288/288 289/289/289 
f 290/290/290 291/291/291 292/292/292 
f 293/293/293 294/294/294 295/295/295 
f 296/296/296 297/297/297 298/298/298 
f 299/299/299 300/300/300 301/301/301 
f 302/302/302 303/303/303 304/304/304 
f 305/305/305 306/306/306 307/307/307 
f 308/308/308 309/309/309 310/310/310 
f 311/311/311 312/312/312 313/313/313 
f 314/314/314 315/315/315 316/316/316 
f 317/317/317 318/318/318 319/319/319 
f 320/320/320 321/321/321 322/322/322 
f 323/323/323 324/324/324 325/325/325 
f 326/326/326 327/327/327 328/328/328 
f 329/329/329 330/330/330 331/331/331 
f 332/332/332 333/333/333 334/334/334 
f 335/335/335 336/336/336 337/337/337 
f 338/338/338 339/339/339 340/340/340 
f 341/341/341 342/342/342 343/343/343 
f 344/344/344 345/345/345 346/346/346 
f 347/347/347 348/348/348 349/349/349 
f 350/350/350 351/351/351 352/352/352 
f 353/353/353 354/354/354 355/355/355 
f 356/356/356 357/357/357 358/358/358 
f 359/359/359 360/360/360 361/361/361 
f 362/362/362 363/363/363 364/364/364 
f 365/365/365 366/366/366 367/367/367 
f 368/368/368 369/369/369 370/370/370 
f 371/371/371 372/372/372 373/373/373 
f 374/374/374 375/375/375 376/376/376 
f 377/377/377 378/378/378 379/379/379 
f 380/380/380 381/381/381 382/382/382 
f 383/383/383 384/384/384 385/385/385 
f 386/386/386 387/387/387 388/388/388 
f 389/389/389 390/390/390 391/391/391 
f 392/392/392 393/393/393 394/394/394 
f 395/395/395 396/396/396 397/397/397 
f 398/398/398 399/399/399 400/400/400 
f 401/401/401 402/402/402 403/403/403 
f 404/404/404 405/405/405 406/406/406 
f 407/407/407 408/408/408 409/409/409 
f 410/410/410 411/411/411 412/412/412 
f 413/413/413 414/414/414 415/415/415 
f 416/416/416 417/417/417 418/418/418 
f 419/419/419 420/420/420 421/421/421 
f 422/422/422 423/423/423 424/424/424 
f 425/425/425 426/426/426 427/427/427 
f 428/428/428 429/429/429 430/430/430 
f 431/431/431 432/432/432 433/433/433 
f 434/434/434 435/435/435 436/436/436 
f 437/437/437 438/438/438 439/439/439 
f 440/440/440 441/441/441 442/442/442 
f 443/443/443 444/444/444 445/445/445 
f 446/446/446 447/447/447 448/448/448 
f 449/449/449 450/450/450 451/451/451 
f 452/452/452 453/453/453 454/454/454 
f 455/455/455 456/456/456 457/457/457 
f 458/458/458 459/459/459 460/460/460 
f 461/461/461 462/462/462 463/463/463 
f 464/464/464 465/465/465 466/466/466 
f 467/467/467 468/468/468 469/469/469 
f 470/470/470 471/471/471 472/472/472 
f 473/473/473 474/474/474 475/475/475 
f 476/476/476 477/477/477 478/478/478 
f 479/479/479 480/480/480 481/481/481 
f 482/482/482 483/483/483 484/484/484 
f 485/485/485 486/486/486 487/487/487 
f 488/488/488 489/489/489 490/490/490 
f 491/491/491 492/492/492 493/493/493 
f 494/494/494 495/495/495 496/496/496 
f 497/497/497 498/498/498 499/499/499 
f 500/500/500 501/501/501 502/502/502 
f 503/503/503 504/504/504 505/505/505 
f 506/506/506 507/507/507 508/508/508 
f 509/509/509 510/510/510 511/511/511 
f 512/512/512 513/513/513 514/514/514 
f 515/515/515 516/516/516 517/517/517 
f 518/518/518 519/519/519 520/520/520 
f 521/521/521 522/522/522 523/523/523 
f 524/524/524 525/525/525 526/526/526 
f 527/527/527 528/528/528 529/529/529 
f 530/530/530 531/531/531 532/532/532 
f 533/533/533 534/534/534 535/535/535 
f 536/536/536 537/537/537 538/538/538 
f 539/539/539 540/540/540 541/541/541 
f 542/542/542 543/543/543 544/544/544 
f 545/545/545 546/546/546 547/547/547 
f 548/548/548 549/549/549 550/550/550 
f 551/551/551 552/552/552 553/553/553 
f 554/554/554 555/555/555 556/556/556 
f 557/557/557 558/558/558 559/559/559 
f 560/560/560 561/561/561 562/562/562 
f 563/563/563 564/564/564 565/565/565 
f 566/566/566 567/567/567 568/568/568 
f 569/569/569 570/570/570 571/571/571 
f 572/572/572 573/573/573 574/574/574 
f 575/575/575 576/576/576 577/577/577 
f 578/578/578 579/579/579 580/580/580 
f 581/581/581 582/582/582 583/583/583 
f 584/584/584 585/585/585 586/586/586 
f 587/587/587 588/588/588 589/589/589 
f 590/590/590 591/591/591 592/592/592 
f 593/593/593 594/594/594 595/595/595 
f 596/596/596 597/597/597 598/598/598 
f 599/599/599 600/600/600 601/601/601 
f 602/602/602 603/603/603 604/604/604 
f 605/605/605 606/606/606 607/607/607 
f 608/608/608 609/609/609 610/610/610 
f 611/611/611 612/612/612 613/613/613 
f 614/614/614 615/615/615 616/616/616 
f 617/617/617 618/618/618 619/619/619 
f 620/620/620 621/621/621 622/622/622 
f 623/623/623 624/624/624 625/625/625 
f 626/626/626 627/627/627 628/628/628 
f 629/629/629 630/630/630 631/631/631 
f 632/632/632 633/633/633 634/634/634 
f 635/635/635 636/636/636 637/637/637 
f 638/638/638 639/639/639 640/640/640 
f 641/641/641 642/642/642 643/643/643 
f 644/644/644 645/645/645 646/646/646 
f 647/647/647 648/648/648 649/649/649 
f 650/650/650 651/651/651 652/652/652 
f 653/653/653 654/654/654 655/655/655 
f 656/656/656 657/657/657 658/658/658 
f 659/659/659 660/660/660 661/661/661 
f 662/662/662 663/663/663 664/664/664 
f 665/665/665 666/666/666 667/667/667 
f 668/668/668 669/669/669 670/670/670 
f 671/671/671 672/672/672 673/673/673 
f 674/674/674 675/675/675 676/676/676 
f 677/677/677 678/678/678 679/679/679 
f 680/680/680 681/681/681 682/682/682 
f 683/683/683 684/684/684 685/685/685 
f 686/686/686 687/687/687 688/688/688 
f 689/689/689 690/690/690 691/691/691 
f 692/692/692 693/693/693 694/694/694 
f 695/695/695 696/696/696 697/697/697 
f 698/698/698 699/699/699 700/700/700 
f 701/701/701 702/702/702 703/703/703 
f 704/704/704 705/705/705 706/706/706 
f 707/707/707 708/708/708 709/709/709 
f 710/710/710 711/711/711 712/712/712 
f 713/713/713 714/714/714 715/715/715 
f 716/716/716 717/717/717 718/718/718 
f 719/719/719 720/720/720 721/721/721 
f 722/722/722 723/723/723 724/724/724 
f 725/725/725 726/726/726 727/727/727 
f 728/728/728 729/729/729 730/730/730 
f 731/731/731 732/732/732 733/733/733 
f 734/734/734 735/735/735 736/736/736 
f 737/737/737 738/738/738 739/739/739 
f 740/740/740 741/741/741 742/742/742 
f 743/743/743 744/744/744 745/745/745 
f 746/746/746 747/747/747 748/748/748 
f 749/749/749 750/750/750 751/751/751 
f 752/752/752 753/753/753 754/754/754 
f 755/755/755 756/756/756 757/757/757 
f 758/758/758 759/759/759 760/760/760 
f 761/761/761 762/762/762 763/763/763 
f 764/764/764 765/765/765 766/766/766 
f 767/767/767 768/768/768 769/769/769 
f 770/770/770 771/771/771 772/772/772 
f 773/773/773 774/774/774 775/775/775 
f 776/776/776 777/777/777 778/778/778 
f 779/779/779 780/780/780 781/781/781 
f 782/782/782 783/783/783 784/784/784 
f 785/785/785 786/786/786 787/787/787 
f 788/788/788 789/789/789 790/790/790 
f 791/791/791 792/792/792 793/793/793 
f 794/794/794 795/795/795 796/796/796 
f 797/797/797 798/798/798 799/799/799 
f 800/800/800 801/801/801 802/802/802 
f 803/803/803 804/804/804 805/805/805 
f 806/806/806 807/807/807 808/808/808 
f 809/809/809 810/810/810 811/811/811 
f 812/812/812 813/813/813 814/814/814 
f 815/815/815 816/816/816 817/817/817 
f 818/818/818 819/819/819 820/820/820 
f 821/821/821 822/822/822 823/823/823 
f 824/824/824 825/825/825 826/826/826 
f 827/827/827 828/828/828 829/829/829 
f 830/830/830 831/831/831 832/832/832 
f 833/833/833 834/834/834 835/835/835 
f 836/836/836 837/837/837 838/838/838 
f 839/839/839 840/840/840 841/841/841 
f 842/842/842 843/843/843 844/844/844 
f 845/845/845 846/846/846 847/847/847 
f 848/848/848 849/849/849 850/850/850 
f 851/851/851 852/852/852 853/853/853 
f 854/854/854 855/855/855 856/856/856 
f 857/857/857 858/858/858 859/859/859 
f 860/860/860 861/861/861 862/862/862 
f 863/863/863 864/864/864 865/865/865 
f 866/866/866 867/867/867 868/868/868 
f 869/869/869 870/870/870 871/871/871 
f 872/872/872 873/873/873 874/874/874 
f 875/875/875 876/876/876 877/877/877 
f 878/878/878 879/879/879 880/880/880 
f 881/881/881 882/882/882 883/883/883 
f 884/884/884 885/885/885 886/886/886 
f 887/887/887 888/888/888 889/889/889 
f 890/890/890 891/891/891 892/892/892 
f 893/893/893 894/894/894 895/895/895 
f 896/896/896 897/897/897 898/898/898 
f 899/899/899 900/900/900 901/901/901 
f 902/902/902 903/903/903 904/904/904 
f 905/905/905 906/906/906 907/907/907 
f 908/908/908 909/909/909 910/910/910 
f 911/911/911 912/912/912 913/913/913 
f 914/914/914 915/915/915 916/916/916 
f 917/917/917 918/918/918 919/919/919 
f 920/920/920 921/921/921 922/922/922 
f 923/923/923 924/924/924 925/925/925 
f 926/926/926 927/927/927 928/928/928 
f 929/929/929 930/930/930 931/931/931 
f 932/932/932 933/933/933 934/934/934 
f 935/935/935 936/936/936 937/937/937 
f 938/938/938 939/939/939 940/940/940 
f 941/941/941 942/942/942 943/943/943 
f 944/944/944 945/945/945 946/946/946 
f 947/947/947 948/948/948 949/949/949 
f 950/950/950 951/951/951 952/952/952 
f 953/953/953 954/954/954 955/955/955 
f 956/956/956 957/957/957 958/958/958 
f 959/959/959 960/960/960 961/961/961 
f 962/962/962 963/963/963 964/964/964 
f 965/965/965 966/966/966 967/967/967 
f 968/968/968 969/969/969 970/970/970 
f 971/971/971 972/972/972 973/973/973 
f 974/974/974 975/975/975 976/976/976 
f 977/977/977 978/978/978 979/979/979 
f 980/980/980 981/981/981 982/982/982 
f 983/983/983 984/984/984 985/985/985 
f 986/986/986 987/987/987 988/988/988 
f 989/989/989 990/990/990 991/991/991 
f 992/992/992 993/993/993 994/994/994 
f 995/995/995 996/996/996 997/997/997 
f 998/998/998 999/999/999 1000/1000/1000 
f 1001/1001/1001 1002/1002/1002 1003/1003/1003 
f 1004/1004/1004 1005/1005/1005 1006/1006/1006 
f 1007/1007/1007 1008/1008/1008 1009/1009/1009 
f 1010/1010/1010 1011/1011/1011 1012/1012/1012 
f 1013/1013/1013 1014/1014/1014 1015/1015/1015 
f 1016/1016/1016 1017/1017/1017 1018/1018/1018 
f 1019/1019/1019 1020/1020/1020 1021/1021/1021 
f 1022/1022/1022 1023/1023/1023 1024/1024/1024 
f 1025/1025/1025 1026/1026/1026 1027/1027/1027 
f 1028/1028/1028 1029/1029/1029 1030/1030/1030 
f 1031/1031/1031 1032/1032/1032 1033/1033/1033 
f 1034/1034/1034 1035/1035/1035 1036/1036/1036 
f 1037/1037/1037 1038/1038/1038 1039/1039/1039 
f 1040/1040/1040 1041/1041/1041 1042/1042/1042 
f 1043/1043/1043 1044/1044/1044 1045/1045/1045 
f 1046/1046/1046 1047/1047/1047 1048/1048/1048 
f 1049/1049/1049 1050/1050/1050 1051/1051/1051 
f 1052/1052/1052 1053/1053/1053 1054/1054/1054 
f 1055/1055/1055 1056/1056/1056 1057/1057/1057 
f 1058/1058/1058 1059/1059/1059 1060/1060/1060 
f 1061/1061/1061 1062/1062/1062 1063/1063/1063 
f 1064/1064/1064 1065/1065/1065 1066/1066/1066 
f 1067/1067/1067 1068/1068/1068 1069/1069/1069 
f 1070/1070/1070 1071/1071/1071 1072/1072/1072 
f 1073/1073/1073 1074/1074/1074 1075/1075/1075 
f 1076/1076/1076 1077/1077/1077 1078/1078/1078 
f 1079/1079/1079 1080/1080/1080 1081/1081/1081 
f 1082/1082/1082 1083/1083/1083 1084/1084/1084 
f 1085/1085/1085 1086/1086/1086 1087/1087/1087 
f 1088/1088/1088 1089/1089/1089 1090/1090/1090 
f 1091/1091/1091 1092/1092/1092 1093/1093/1093 
f 1094/1094/1094 1095/1095/1095 1096/1096/1096 
f 1097/1097/1097 1098/1098/1098 1099/1099/1099 
f 1100/1100/1100 1101/1101/1101 1102/1102/1102 
f 1103/1103/1103 1104/1104/1104 1105/1105/1105 
f 1106/1106/1106 1107/1107/1107 1108/1108/1108 
f 1109/1109/1109 1110/1110/1110 1111/1111/1111 
f 1112/1112/1112 1113/1113/1113 1114/1114/1114 
f 1115/1115/1115 1116/1116/1116 1117/1117/1117 
f 1118/1118/1118 1119/1119/1119 1120/1120/1120 
f 1121/1121/1121 1122/1122/1122 1123/1123/1123 
f 1124/1124/1124 1125/1125/1125 1126/1126/1126 
f 1127/1127/1127 1128/1128/1128 1129/1129/1129 
f 1130/1130/1130 1131/1131/1131 1132/1132/1132 
f 1133/1133/1133 1134/1134/1134 1135/1135/1135 
f 1136/1136/1136 1137/1137/1137 1138/1138/1138 
f 1139/1139/1139 1140/1140/1140 1141/1141/1141 
f 1142/1142/1142 1143/1143/1143 1144/1144/1144 
f 1145/1145/1145 1146/1146/1146 1147/1147/1147 
f 1148/1148/1148 1149/1149/1149 1150/1150/1150 
f 1151/1151/1151 1152/1152/1152 1153/1153/1153 
f 1154/1154/1154 1155/1155/1155 1156/1156/1156 
f 1157/1157/1157 1158/1158/1158 1159/1159/1159 
f 1160/1160/1160 1161/1161/1161 1162/1162/1162 
f 1163/1163/1163 1164/1164/1164 1165/1165/1165 
f 1166/1166/1166 1167/1167/1167 1168/1168/1168 
f 1169/1169/1169 1170/1170/1170 1171/1171/1171 
f 1172/1172/1172 1173/1173/1173 1174/1174/1174 
f 1175/1175/1175 1176/1176/1176 1177/1177/1177 
f 1178/1178/1178 1179/1179/1179 1180/1180/1180 
f 1181/1181/1181 1182/1182/1182 1183/1183/1183 
f 1184/1184/1184 1185/1185/1185 1186/1186/1186 
f 1187/1187/1187 1188/1188/1188 1189/1189/1189 
f 1190/1190/1190 1191/1191/1191 1192/1192/1192 
f 1193/1193/1193 1194/1194/1194 1195/1195/1195 
f 1196/1196/1196 1197/1197/1197 1198/1198/1198 
f 1199/1199/1199 1200/1200/1200 1201/1201/1201 
f 1202/1202/1202 1203/1203/1203 1204/1204/1204 
f 1205/1205/1205 1206/1206/1206 1207/1207/1207 
f 1208/1208/1208 1209/1209/1209 1210/1210/1210 
f 1211/1211/1211 1212/1212/1212 1213/1213/1213 
f 1214/1214/1214 1215/1215/1215 1216/1216/1216 
f 1217/1217/1217 1218/1218/1218 1219/1219/1219 
f 1220/1220/1220 1221/1221/1221 1222/1222/1222 
f 1223/1223/1223 1224/1224/1224 1225/1225/1225 
f 1226/1226/1226 1227/1227/1227 1228/1228/1228 
f 1229/1229/1229 1230/1230/1230 1231/1231/1231 
f 1232/1232/1232 1233/1233/1233 1234/1234/1234 
f 1235/1235/1235 1236/1236/1236 1237/1237/1237 
f 1238/1238/1238 1239/1239/1239 1240/1240/1240 
f 1241/1241/1241 1242/1242/1242 1243/1243/1243 
f 1244/1244/1244 1245/1245/1245 1246/1246/1246 
f 1247/1247/1247 1248/1248/1248 1249/1249/1249 
f 1250/1250/1250 1251/1251/1251 1252/1252/1252 
f 1253/1253/1253 1254/1254/1254 1255/1255/1255 
f 1256/1256/1256 1257/1257/1257 1258/1258/1258 
f 1259/1259/1259 1260/1260/1260 1261/1261/1261 
f 1262/1262/1262 1263/1263/1263 1264/1264/1264 
f 1265/1265/1265 1266/1266/1266 1267/1267/1267 
f 1268/1268/1268 1269/1269/1269 1270/1270/1270 
f 1271/1271/1271 1272/1272/1272 1273/1273/1273 
f 1274/1274/1274 1275/1275/1275 1276/1276/1276 
f 1277/1277/1277 1278/1278/1278 1279/1279/1279 
f 1280/1280/1280 1281/1281/1281 1282/1282/1282 
f 1283/1283/1283 1284/1284/1284 1285/1285/1285 
f 1286/1286/1286 1287/1287/1287 1288/1288/1288 
f 1289/1289/1289 1290/1290/1290 1291/1291/1291 
f 1292/1292/1292 1293/1293/1293 1294/1294/1294 
f 1295/1295/1295 1296/1296/1296 1297/1297/1297 
f 1298/1298/1298 1299/1299/1299 1300/1300/1300 
f 1301/1301/1301 1302/1302/1302 1303/1303/1303 
f 1304/1304/1304 1305/1305/1305 1306/1306/1306 
f 1307/1307/1307 1308/1308/1308 1309/1309/1309 
f 1310/1310/1310 1311/1311/1311 1312/1312/1312 
f 1313/1313/1313 1314/1314/1314 1315/1315/1315 
f 1316/1316/1316 1317/1317/1317 1318/1318/1318 
f 1319/1319/1319 1320/1320/1320 1321/1321/1321 
f 1322/1322/1322 1323/1323/1323 1324/1324/1324 
f 1325/1325/1325 1326/1326/1326 1327/1327/1327 
f 1328/1328/1328 1329/1329/1329 1330/1330/1330 
f 1331/1331/1331 1332/1332/1332 1333/1333/1333 
f 1334/1334/1334 1335/1335/1335 1336/1336/1336 
f 1337/1337/1337 1338/1338/1338 1339/1339/1339 
f 1340/1340/1340 1341/1341/1341 1342/1342/1342 
f 1343/1343/1343 1344/1344/1344 1345/1345/1345 
f 1346/1346/1346 1347/1347/1347 1348/1348/1348 
f 1349/1349/1349 1350/1350/1350 1351/1351/1351 
f 1352/1352/1352 1353/1353/1353 1354/1354/1354 
f 1355/1355/1355 1356/1356/1356 1357/1357/1357 
f 1358/1358/1358 1359/1359/1359 1360/1360/1360 
f 1361/1361/1361 1362/1362/1362 1363/1363/1363 
f 1364/1364/1364 1365/1365/1365 1366/1366/1366 
f 1367/1367/1367 1368/1368/1368 1369/1369/1369 
f 1370/1370/1370 1371/1371/1371 1372/1372/1372 
f 1373/1373/1373 1374/1374/1374 1375/1375/1375 
f 1376/1376/1376 1377/1377/1377 1378/1378/1378 
f 1379/1379/1379 1380/1380/1380 1381/1381/1381 
f 1382/1382/1382 1383/1383/1383 1384/1384/1384 
f 1385/1385/1385 1386/1386/1386 1387/1387/1387 
f 1388/1388/1388 1389/1389/1389 1390/1390/1390 
f 1391/1391/1391 1392/1392/1392 1393/1393/1393 
f 1394/1394/1394 1395/1395/1395 1396/1396/1396 
f 1397/1397/1397 1398/1398/1398 1399/1399/1399 
f 1400/1400/1400 1401/1401/1401 1402/1402/1402 
f 1403/1403/1403 1404/1404/1404 1405/1405/1405 
f 1406/1406/1406 1407/1407/1407 1408/1408/1408 
f 1409/1409/1409 1410/1410/1410 1411/1411/1411 
f 1412/1412/1412 1413/1413/1413 1414/1414/1414 
f 1415/1415/1415 1416/1416/1416 1417/1417/1417 
f 1418/1418/1418 1419/1419/1419 1420/1420/1420 
f 1421/1421/1421 1422/1422/1422 1423/1423/1423 
f 1424/1424/1424 1425/1425/1425 1426/1426/1426 
f 1427/1427/1427 1428/1428/1428 1429/1429/1429 
f 1430/1430/1430 1431/1431/1431 1432/1432/1432 
f 1433/1433/1433 1434/1434/1434 1435/1435/1435 
f 1436/1436/1436 1437/1437/1437 1438/1438/1438 
f 1439/1439/1439 1440/1440/1440 1441/1441/1441 
f 1442/1442/1442 1443/1443/1443 1444/1444/1444 
f 1445/1445/1445 1446/1446/1446 1447/1447/1447 
f 1448/1448/1448 1449/1449/1449 1450/1450/1450 
f 1451/1451/1451 1452/1452/1452 1453/1453/1453 
f 1454/1454/1454 1455/1455/1455 1456/1456/1456 
f 1457/1457/1457 1458/1458/1458 1459/1459/1459 
f 1460/1460/1460 1461/1461/1461 1462/1462/1462 
f 1463/1463/1463 1464/1464/1464 1465/1465/1465 
f 1466/1466/1466 1467/1467/1467 1468/1468/1468 
f 1469/1469/1469 1470/1470/1470 1471/1471/1471 
f 1472/1472/1472 1473/1473/1473 1474/1474/1474 
f 1475/1475/1475 1476/1476/1476 1477/1477/1477 
f 1478/1478/1478 1479/1479/1479 1480/1480/1480 
f 1481/1481/1481 1482/1482/1482 1483/1483/1483 
f 1484/1484/1484 1485/1485/1485 1486/1486/1486 
f 1487/1487/1487 1488/1488/1488 1489/1489/1489 
f 1490/1490/1490 1491/1491/1491 1492/1492/1492 
f 1493/1493/1493 1494/1494/1494 1495/1495/1495 
f 1496/1496/1496 1497/1497/1497 1498/1498/1498 
f 1499/1499/1499 1500/1500/1500 1501/1501/1501 
f 1502/1502/1502 1503/1503/1503 1504/1504/1504 
f 1505/1505/1505 1506/1506/1506 1507/1507/1507 
f 1508/1508/1508 1509/1509/1509 1510/1510/1510 
f 1511/1511/1511 1512/1512/1512 1513/1513/1513 
f 1514/1514/1514 1515/1515/1515 1516/1516/1516 
f 1517/1517/1517 1518/1518/1518 1519/1519/1519 
f 1520/1520/1520 1521/1521/1521 1522/1522/1522 
f 1523/1523/1523 1524/1524/1524 1525/1525/1525 
f 1526/1526/1526 1527/1527/1527 1528/1528/1528 
f 1529/1529/1529 1530/1530/1530 1531/1531/1531 
f 1532/1532/1532 1533/1533/1533 1534/1534/1534 
f 1535/1535/1535 1536/1536/1536 1537/1537/1537 
f 1538/1538/1538 1539/1539/1539 1540/1540/1540 
f 1541/1541/1541 1542/1542/1542 1543/1543/1543 
f 1544/1544/1544 1545/1545/1545 1546/1546/1546 
f 1547/1547/1547 1548/1548/1548 1549/1549/1549 
f 1550/1550/1550 1551/1551/1551 1552/1552/1552 
f 1553/1553/1553 1554/1554/1554 1555/1555/1555 
f 1556/1556/1556 1557/1557/1557 1558/1558/1558 
f 1559/1559/1559 1560/1560/1560 1561/1561/1561 
f 1562/1562/1562 1563/1563/1563 1564/1564/1564 
f 1565/1565/1565 1566/1566/1566 1567/1567/1567 
f 1568/1568/1568 1569/1569/1569 1570/1570/1570 
f 1571/1571/1571 1572/1572/1572 1573/1573/1573 
f 1574/1574/1574 1575/1575/1575 1576/1576/1576 
f 1577/1577/1577 1578/1578/1578 1579/1579/1579 
f 1580/1580/1580 1581/1581/1581 1582/1582/1582 
f 1583/1583/1583 1584/1584/1584 1585/1585/1585 
f 1586/1586/1586 1587/1587/1587 1588/1588/1588 
f 1589/1589/1589 1590/1590/1590 1591/1591/1591 
f 1592/1592/1592 1593/1593/1593 1594/1594/1594 
f 1595/1595/1595 1596/1596/1596 1597/1597/1597 
f 1598/1598/1598 1599/1599/1599 1600/1600/1600 
f 1601/1601/1601 1602/1602/1602 1603/1603/1603 
f 1604/1604/1604 1605/1605/1605 1606/1606/1606 
f 1607/1607/1607 1608/1608/1608 1609/1609/1609 
f 1610/1610/1610 1611/1611/1611 1612/1612/1612 
f 1613/1613/1613 1614/1614/1614 1615/1615/1615 
f 1616/1616/1616 1617/1617/1617 1618/1618/1618 
f 1619/1619/1619 1620/1620/1620 1621/1621/1621 
f 1622/1622/1622 1623/1623/1623 1624/1624/1624 
f 1625/1625/1625 1626/1626/1626 1627/1627/1627 
f 1628/1628/1628 1629/1629/1629 1630/1630/1630 
f 1631/1631/1631 1632/1632/1632 1633/1633/1633 
f 1634/1634/1634 1635/1635/1635 1636/1636/1636 
f 1637/1637/1637 1638/1638/1638 1639/1639/1639 
f 1640/1640/1640 1641/1641/1641 1642/1642/1642 
f 1643/1643/1643 1644/1644/1644 1645/1645/1645 
f 1646/1646/1646 1647/1647/1647 1648/1648/1648 
f 1649/1649/1649 1650/1650/1650 1651/1651/1651 
f 1652/1652/1652 1653/1653/1653 1654/1654/1654 
f 1655/1655/1655 1656/1656/1656 1657/1657/1657 
f 1658/1658/1658 1659/1659/1659 1660/1660/1660 
f 1661/1661/1661 1662/1662/1662 1663/1663/1663 
f 1664/1664/1664 1665/1665/1665 1666/1666/1666 
f 1667/1667/1667 1668/1668/1668 1669/1669/1669 
f 1670/1670/1670 1671/1671/1671 1672/1672/1672 
f 1673/1673/1673 1674/1674/1674 1675/1675/1675 
f 1676/1676/1676 1677/1677/1677 1678/1678/1678 
f 1679/1679/1679 1680/1680/1680 1681/1681/1681 
f 1682/1682/1682 1683/1683/1683 1684/1684/1684 
f 1685/1685/1685 1686/1686/1686 1687/1687/1687 
f 1688/1688/1688 1689/1689/1689 1690/1690/1690 
f 1691/1691/1691 1692/1692/1692 1693/1693/1693 
f 1694/1694/1694 1695/1695/1695 1696/1696/1696 
f 1697/1697/1697 1698/1698/1698 1699/1699/1699 
f 1700/1700/1700 1701/1701/1701 1702/1702/1702 
f 1703/1703/1703 1704/1704/1704 1705/1705/1705 
f 1706/1706/1706 1707/1707/1707 1708/1708/1708 
f 1709/1709/1709 1710/1710/1710 1711/1711/1711 
f 1712/1712/1712 1713/1713/1713 1714/1714/1714 
f 1715/1715/1715 1716/1716/1716 1717/1717/1717 
f 1718/1718/1718 1719/1719/1719 1720/1720/1720 
f 1721/1721/1721 1722/1722/1722 1723/1723/1723 
f 1724/1724/1724 1725/1725/1725 1726/1726/1726 
f 1727/1727/1727 1728/1728/1728 1729/1729/1729 
f 1730/1730/1730 1731/1731/1731 1732/1732/1732 
f 1733/1733/1733 1734/1734/1734 1735/1735/1735 
f 1736/1736/1736 1737/1737/1737 1738/1738/1738 
f 1739/1739/1739 1740/1740/1740 1741/1741/1741 
f 1742/1742/1742 1743/1743/1743 1744/1744/1744 
f 1745/1745/1745 1746/1746/1746 1747/1747/1747 
f 1748/1748/1748 1749/1749/1749 1750/1750/1750 
f 1751/1751/1751 1752/1752/1752 1753/1753/1753 
f 1754/1754/1754 1755/1755/1755 1756/1756/1756 
f 1757/1757/1757 1758/1758/1758 1759/1759/1759 
f 1760/1760/1760 1761/1761/1761 1762/1762/1762 
f 1763/1763/1763 1764/1764/1764 1765/1765/1765 
f 1766/1766/1766 1767/1767/1767 1768/1768/1768 
f 1769/1769/1769 1770/1770/1770 1771/1771/1771 
f 1772/1772/1772 1773/1773/1773 1774/1774/1774 
f 1775/1775/1775 1776/1776/1776 1777/1777/1777 
f 1778/1778/1778 1779/1779/1779 1780/1780/1780 
f 1781/1781/1781 1782/1782/1782 1783/1783/1783 
f 1784/1784/1784 1785/1785/1785 1786/1786/1786 
f 1787/1787/1787 1788/1788/1788 1789/1789/1789 
f 1790/1790/1790 1791/1791/1791 1792/1792/1792 
f 1793/1793/1793 1794/1794/1794 1795/1795/1795 
f 1796/1796/1796 1797/1797/1797 1798/1798/1798 
f 1799/1799/1799 1800/1800/1800 1801/1801/1801 
f 1802/1802/1802 1803/1803/1803 1804/1804/1804 
f 1805/1805/1805 1806/1806/1806 1807/1807/1807 
f 1808/1808/1808 1809/1809/1809 1810/1810/1810 
f 1811/1811/1811 1812/1812/1812 1813/1813/1813 
f 1814/1814/1814 1815/1815/1815 1816/1816/1816 
f 1817/1817/1817 1818/1818/1818 1819/1819/1819 
f 1820/1820/1820 1821/1821/1821 1822/1822/1822 
f 1823/1823/1823 1824/1824/1824 1825/1825/1825 
f 1826/1826/1826 1827/1827/1827 1828/1828/1828 
f 1829/1829/1829 1830/1830/1830 1831/1831/1831 
f 1832/1832/1832 1833/1833/1833 1834/1834/1834 
f 1835/1835/1835 1836/1836/1836 1837/1837/1837 
f 1838/1838/1838 1839/1839/1839 1840/1840/1840 
f 1841/1841/1841 1842/1842/1842 1843/1843/1843 
f 1844/1844/1844 1845/1845/1845 1846/1846/1846 
f 1847/1847/1847 1848/1848/1848 1849/1849/1849 
f 1850/1850/1850 1851/1851/1851 1852/1852/1852 
f 1853/1853/1853 1854/1854/1854 1855/1855/1855 
f 1856/1856/1856 1857/1857/1857 1858/1858/1858 
f 1859/1859/1859 1860/1860/1860 1861/1861/1861 
f 1862/1862/1862 1863/1863/1863 1864/1864/1864 
f 1865/1865/1865 1866/1866/1866 1867/1867/1867 
f 1868/1868/1868 1869/1869/1869 1870/1870/1870 
f 1871/1871/1871 1872/1872/1872 1873/1873/1873 
f 1874/1874/1874 1875/1875/1875 1876/1876/1876 
f 1877/1877/1877 1878/1878/1878 1879/1879/1879 
f 1880/1880/1880 1881/1881/1881 1882/1882/1882 
f 1883/1883/1883 1884/1884/1884 1885/1885/1885 
f 1886/1886/1886 1887/1887/1887 1888/1888/1888 
f 1889/1889/1889 1890/1890/1890 1891/1891/1891 
f 1892/1892/1892 1893/1893/1893 1894/1894/1894 
f 1895/1895/1895 1896/1896/1896 1897/1897/1897 
f 1898/1898/1898 1899/1899/1899 1900/1900/1900 
f 1901/1901/1901 1902/1902/1902 1903/1903/1903 
f 1904/1904/1904 1905/1905/1905 1906/1906/1906 
f 1907/1907/1907 1908/1908/1908 1909/1909/1909 
f 1910/1910/1910 1911/1911/1911 1912/1912/1912 
f 1913/1913/1913 1914/1914/1914 1915/1915/1915 
f 1916/1916/1916 1917/1917/1917 1918/1918/1918 
f 1919/1919/1919 1920/1920/1920 1921/1921/1921 
f 1922/1922/1922 1923/1923/1923 1924/1924/1924 
f 1925/1925/1925 1926/1926/1926 1927/1927/1927 
f 1928/1928/1928 1929/1929/1929 1930/1930/1930 
f 1931/1931/1931 1932/1932/1932 1933/1933/1933 
f 1934/1934/1934 1935/1935/1935 1936/1936/1936 
f 1937/1937/1937 1938/1938/1938 1939/1939/1939 
f 1940/1940/1940 1941/1941/1941 1942/1942/1942 
f 1943/1943/1943 1944/1944/1944 1945/1945/1945 
f 1946/1946/1946 1947/1947/1947 1948/1948/1948 
f 1949/1949/1949 1950/1950/1950 1951/1951/1951 
f 1952/1952/1952 1953/1953/1953 1954/1954/1954 
f 1955/1955/1955 1956/1956/1956 1957/1957/1957 
f 1958/1958/1958 1959/1959/1959 1960/1960/1960 
f 1961/1961/1961 1962/1962/1962 1963/1963/1963 
f 1964/1964/1964 1965/1965/1965 1966/1966/1966 
f 1967/1967/1967 1968/1968/1968 1969/1969/1969 
f 1970/1970/1970 1971/1971/1971 1972/1972/1972 
f 1973/1973/1973 1974/1974/1974 1975/1975/1975 
f 1976/1976/1976 1977/1977/1977 1978/1978/1978 
f 1979/1979/1979 1980/1980/1980 1981/1981/1981 
f 1982/1982/1982 1983/1983/1983 1984/1984/1984 
f 1985/1985/1985 1986/1986/1986 1987/1987/1987 
f 1988/1988/1988 1989/1989/1989 1990/1990/1990 
f 1991/1991/1991 1992/1992/1992 1993/1993/1993 
f 1994/1994/1994 1995/1995/1995 1996/1996/1996 
f 1997/1997/1997 1998/1998/1998 1999/1999/1999 
f 2000/2000/2000 2001/2001/2001 2002/2002/2002 
f 2003/2003/2003 2004/2004/2004 2005/2005/2005 
f 2006/2006/2006 2007/2007/2007 2008/2008/2008 
f 2009/2009/2009 2010/2010/2010 2011/2011/2011 
f 2012/2012/2012 2013/2013/2013 2014/2014/2014 
f 2015/2015/2015 2016/2016/2016 2017/2017/2017 
f 2018/2018/2018 2019/2019/2019 2020/2020/2020 
f 2021/2021/2021 2022/2022/2022 2023/2023/2023 
f 2024/2024/2024 2025/2025/2025 2026/2026/2026 
f 2027/2027/2027 2028/2028/2028 2029/2029/2029 
f 2030/2030/2030 2031/2031/2031 2032/2032/2032 
f 2033/2033/2033 2034/2034/2034 2035/2035/2035 
f 2036/2036/2036 2037/2037/2037 2038/2038/2038 
f 2039/2039/2039 2040/2040/2040 2041/2041/2041 
f 2042/2042/2042 2043/2043/2043 2044/2044/2044 
f 2045/2045/2045 2046/2046/2046 2047/2047/2047 
f 2048/2048/2048 2049/2049/2049 2050/2050/2050 
f 2051/2051/2051 2052/2052/2052 2053/2053/2053 
f 2054/2054/2054 2055/2055/2055 2056/2056/2056 
f 2057/2057/2057 2058/2058/2058 2059/2059/2059 
f 2060/2060/2060 2061/2061/2061 2062/2062/2062 
f 2063/2063/2063 2064/2064/2064 2065/2065/2065 
f 2066/2066/2066 2067/2067/2067 2068/2068/2068 
f 2069/2069/2069 2070/2070/2070 2071/2071/2071 
f 2072/2072/2072 2073/2073/2073 2074/2074/2074 
f 2075/2075/2075 2076/2076/2076 2077/2077/2077 
f 2078/2078/2078 2079/2079/2079 2080/2080/2080 
f 2081/2081/2081 2082/2082/2082 2083/2083/2083 
f 2084/2084/2084 2085/2085/2085 2086/2086/2086 
f 2087/2087/2087 2088/2088/2088 2089/2089/2089 
f 2090/2090/2090 2091/2091/2091 2092/2092/2092 
f 2093/2093/2093 2094/2094/2094 2095/2095/2095 
f 2096/2096/2096 2097/2097/2097 2098/2098/2098 
f 2099/2099/2099 2100/2100/2100 2101/2101/2101 
f 2102/2102/2102 2103/2103/2103 2104/2104/2104 
f 2105/2105/2105 2106/2106/2106 2107/2107/2107 
f 2108/2108/2108 2109/2109/2109 2110/2110/2110 
f 2111/2111/2111 2112/2112/2112 2113/2113/2113 
f 2114/2114/2114 2115/2115/2115 2116/2116/2116 
f 2117/2117/2117 2118/2118/2118 2119/2119/2119 
f 2120/2120/2120 2121/2121/2121 2122/2122/2122 
f 2123/2123/2123 2124/2124/2124 2125/2125/2125 
f 2126/2126/2126 2127/2127/2127 2128/2128/2128 
f 2129/2129/2129 2130/2130/2130 2131/2131/2131 
f 2132/2132/2132 2133/2133/2133 2134/2134/2134 
f 2135/2135/2135 2136/2136/2136 2137/2137/2137 
f 2138/2138/2138 2139/2139/2139 2140/2140/2140 
f 2141/2141/2141 2142/2142/2142 2143/2143/2143 
f 2144/2144/2144 2145/2145/2145 2146/2146/2146 
f 2147/2147/2147 2148/2148/2148 2149/2149/2149 
f 2150/2150/2150 2151/2151/2151 2152/2152/2152 
f 2153/2153/2153 2154/2154/2154 2155/2155/2155 
f 2156/2156/2156 2157/2157/2157 2158/2158/2158 
f 2159/2159/2159 2160/2160/2160 2161/2161/2161 
f 2162/2162/2162 2163/2163/2163 2164/2164/2164 
f 2165/2165/2165 2166/2166/2166 2167/2167/2167 
f 2168/2168/2168 2169/2169/2169 2170/2170/2170 
f 2171/2171/2171 2172/2172/2172 2173/2173/2173 
f 2174/2174/2174 2175/2175/2175 2176/2176/2176 
f 2177/2177/2177 2178/2178/2178 2179/2179/2179 
f 2180/2180/2180 2181/2181/2181 2182/2182/2182 
f 2183/2183/2183 2184/2184/2184 2185/2185/2185 
f 2186/2186/2186 2187/2187/2187 2188/2188/2188 
f 2189/2189/2189 2190/2190/2190 2191/2191/2191 
f 2192/2192/2192 2193/2193/2193 2194/2194/2194 
f 2195/2195/2195 2196/2196/2196 2197/2197/2197 
f 2198/2198/2198 2199/2199/2199 2200/2200/2200 
f 2201/2201/2201 2202/2202/2202 2203/2203/2203 
f 2204/2204/2204 2205/2205/2205 2206/2206/2206 
f 2207/2207/2207 2208/2208/2208 2209/2209/2209 
f 2210/2210/2210 2211/2211/2211 2212/2212/2212 
f 2213/2213/2213 2214/2214/2214 2215/2215/2215 
f 2216/2216/2216 2217/2217/2217 2218/2218/2218 
f 2219/2219/2219 2220/2220/2220 2221/2221/2221 
f 2222/2222/2222 2223/2223/2223 2224/2224/2224 
f 2225/2225/2225 2226/2226/2226 2227/2227/2227 
f 2228/2228/2228 2229/2229/2229 2230/2230/2230 
f 2231/2231/2231 2232/2232/2232 2233/2233/2233 
f 2234/2234/2234 2235/2235/2235 2236/2236/2236 
f 2237/2237/2237 2238/2238/2238 2239/2239/2239 
f 2240/2240/2240 2241/2241/2241 2242/2242/2242 
f 2243/2243/2243 2244/2244/2244 2245/2245/2245 
f 2246/2246/2246 2247/2247/2247 2248/2248/2248 
f 2249/2249/2249 2250/2250/2250 2251/2251/2251 
f 2252/2252/2252 2253/2253/2253 2254/2254/2254 
f 2255/2255/2255 2256/2256/2256 2257/2257/2257 
f 2258/2258/2258 2259/2259/2259 2260/2260/2260 
f 2261/2261/2261 2262/2262/2262 2263/2263/2263 
f 2264/2264/2264 2265/2265/2265 2266/2266/2266 
f 2267/2267/2267 2268/2268/2268 2269/2269/2269 
f 2270/2270/2270 2271/2271/2271 2272/2272/2272 
f 2273/2273/2273 2274/2274/2274 2275/2275/2275 
f 2276/2276/2276 2277/2277/2277 2278/2278/2278 
f 2279/2279/2279 2280/2280/2280 2281/2281/2281 
f 2282/2282/2282 2283/2283/2283 2284/2284/2284 
f 2285/2285/2285 2286/2286/2286 2287/2287/2287 
f 2288/2288/2288 2289/2289/2289 2290/2290/2290 
f 2291/2291/2291 2292/2292/2292 2293/2293/2293 
f 2294/2294/2294 2295/2295/2295 2296/2296/2296 
f 2297/2297/2297 2298/2298/2298 2299/2299/2299 
f 2300/2300/2300 2301/2301/2301 2302/2302/2302 
f 2303/2303/2303 2304/2304/2304 2305/2305/2305 
f 2306/2306/2306 2307/2307/2307 2308/2308/2308 
f 2309/2309/2309 2310/2310/2310 2311/2311/2311 
f 2312/2312/2312 2313/2313/2313 2314/2314/2314 
f 2315/2315/2315 2316/2316/2316 2317/2317/2317 
f 2318/2318/2318 2319/2319/2319 2320/2320/2320 
f 2321/2321/2321 2322/2322/2322 2323/2323/2323 
f 2324/2324/2324 2325/2325/2325 2326/2326/2326 
f 2327/2327/2327 2328/2328/2328 2329/2329/2329 
f 2330/2330/2330 2331/2331/2331 2332/2332/2332 
f 2333/2333/2333 2334/2334/2334 2335/2335/2335 
f 2336/2336/2336 2337/2337/2337 2338/2338/2338 
f 2339/2339/2339 2340/2340/2340 2341/2341/2341 
f 2342/2342/2342 2343/2343/2343 2344/2344/2344 
f 2345/2345/2345 2346/2346/2346 2347/2347/2347 
f 2348/2348/2348 2349/2349/2349 2350/2350/2350 
f 2351/2351/2351 2352/2352/2352 2353/2353/2353 
f 2354/2354/2354 2355/2355/2355 2356/2356/2356 
f 2357/2357/2357 2358/2358/2358 2359/2359/2359 
f 2360/2360/2360 2361/2361/2361 2362/2362/2362 
f 2363/2363/2363 2364/2364/2364 2365/2365/2365 
f 2366/2366/2366 2367/2367/2367 2368/2368/2368 
f 2369/2369/2369 2370/2370/2370 2371/2371/2371 
f 2372/2372/2372 2373/2373/2373 2374/2374/2374 
f 2375/2375/2375 2376/2376/2376 2377/2377/2377 
f 2378/2378/2378 2379/2379/2379 2380/2380/2380 
f 2381/2381/2381 2382/2382/2382 2383/2383/2383 
f 2384/2384/2384 2385/2385/2385 2386/2386/2386 
f 2387/2387/2387 2388/2388/2388 2389/2389/2389 
f 2390/2390/2390 2391/2391/2391 2392/2392/2392 
f 2393/2393/2393 2394/2394/2394 2395/2395/2395 
f 2396/2396/2396 2397/2397/2397 2398/2398/2398 
f 2399/2399/2399 2400/2400/2400 2401/2401/2401 
f 2402/2402/2402 2403/2403/2403 2404/2404/2404 
f 2405/2405/2405 2406/2406/2406 2407/2407/2407 
f 2408/2408/2408 2409/2409/2409 2410/2410/2410 
f 2411/2411/2411 2412/2412/2412 2413/2413/2413 
f 2414/2414/2414 2415/2415/2415 2416/2416/2416 
f 2417/2417/2417 2418/2418/2418 2419/2419/2419 
f 2420/2420/2420 2421/2421/2421 2422/2422/2422 
f 2423/2423/2423 2424/2424/2424 2425/2425/2425 
f 2426/2426/2426 2427/2427/2427 2428/2428/2428 
f 2429/2429/2429 2430/2430/2430 2431/2431/2431 
f 2432/2432/2432 2433/2433/2433 2434/2434/2434 
f 2435/2435/2435 2436/2436/2436 2437/2437/2437 
f 2438/2438/2438 2439/2439/2439 2440/2440/2440 
f 2441/2441/2441 2442/2442/2442 2443/2443/2443 
f 2444/2444/2444 2445/2445/2445 2446/2446/2446 
f 2447/2447/2447 2448/2448/2448 2449/2449/2449 
f 2450/2450/2450 2451/2451/2451 2452/2452/2452 
f 2453/2453/2453 2454/2454/2454 2455/2455/2455 
f 2456/2456/2456 2457/2457/2457 2458/2458/2458 
f 2459/2459/2459 2460/2460/2460 2461/2461/2461 
f 2462/2462/2462 2463/2463/2463 2464/2464/2464 
f 2465/2465/2465 2466/2466/2466 2467/2467/2467 
f 2468/2468/2468 2469/2469/2469 2470/2470/2470 
f 2471/2471/2471 2472/2472/2472 2473/2473/2473 
f 2474/2474/2474 2475/2475/2475 2476/2476/2476 
f 2477/2477/2477 2478/2478/2478 2479/2479/2479 
f 2480/2480/2480 2481/2481/2481 2482/2482/2482 
f 2483/2483/2483 2484/2484/2484 2485/2485/2485 
f 2486/2486/2486 2487/2487/2487 2488/2488/2488 
f 2489/2489/2489 2490/2490/2490 2491/2491/2491 
f 2492/2492/2492 2493/2493/2493 2494/2494/2494 
f 2495/2495/2495 2496/2496/2496 2497/2497/2497 
f 2498/2498/2498 2499/2499/2499 2500/2500/2500 
f 2501/2501/2501 2502/2502/2502 2503/2503/2503 
f 2504/2504/2504 2505/2505/2505 2506/2506/2506 
f 2507/2507/2507 2508/2508/2508 2509/2509/2509 
f 2510/2510/2510 2511/2511/2511 2512/2512/2512 
f 2513/2513/2513 2514/2514/2514 2515/2515/2515 
f 2516/2516/2516 2517/2517/2517 2518/2518/2518 
f 2519/2519/2519 2520/2520/2520 2521/2521/2521 
f 2522/2522/2522 2523/2523/2523 2524/2524/2524 
f 2525/2525/2525 2526/2526/2526 2527/2527/2527 
f 2528/2528/2528 2529/2529/2529 2530/2530/2530 
f 2531/2531/2531 2532/2532/2532 2533/2533/2533 
f 2534/2534/2534 2535/2535/2535 2536/2536/2536 
f 2537/2537/2537 2538/2538/2538 2539/2539/2539 
f 2540/2540/2540 2541/2541/2541 2542/2542/2542 
f 2543/2543/2543 2544/2544/2544 2545/2545/2545 
f 2546/2546/2546 2547/2547/2547 2548/2548/2548 
f 2549/2549/2549 2550/2550/2550 2551/2551/2551 
f 2552/2552/2552 2553/2553/2553 2554/2554/2554 
f 2555/2555/2555 2556/2556/2556 2557/2557/2557 
f 2558/2558/2558 2559/2559/2559 2560/2560/2560 
f 2561/2561/2561 2562/2562/2562 2563/2563/2563 
f 2564/2564/2564 2565/2565/2565 2566/2566/2566 
f 2567/2567/2567 2568/2568/2568 2569/2569/2569 
f 2570/2570/2570 2571/2571/2571 2572/2572/2572 
f 2573/2573/2573 2574/2574/2574 2575/2575/2575 
f 2576/2576/2576 2577/2577/2577 2578/2578/2578 
f 2579/2579/2579 2580/2580/2580 2581/2581/2581 
f 2582/2582/2582 2583/2583/2583 2584/2584/2584 
f 2585/2585/2585 2586/2586/2586 2587/2587/2587 
f 2588/2588/2588 2589/2589/2589 2590/2590/2590 
f 2591/2591/2591 2592/2592/2592 2593/2593/2593 
f 2594/2594/2594 2595/2595/2595 2596/2596/2596 
f 2597/2597/2597 2598/2598/2598 2599/2599/2599 
f 2600/2600/2600 2601/2601/2601 2602/2602/2602 
f 2603/2603/2603 2604/2604/2604 2605/2605/2605 
f 2606/2606/2606 2607/2607/2607 2608/2608/2608 
f 2609/2609/2609 2610/2610/2610 2611/2611/2611 
f 2612/2612/2612 2613/2613/2613 2614/2614/2614 
f 2615/2615/2615 2616/2616/2616 2617/2617/2617 
f 2618/2618/2618 2619/2619/2619 2620/2620/2620 
f 2621/2621/2621 2622/2622/2622 2623/2623/2623 
f 2624/2624/2624 2625/2625/2625 2626/2626/2626 
f 2627/2627/2627 2628/2628/2628 2629/2629/2629 
f 2630/2630/2630 2631/2631/2631 2632/2632/2632 
f 2633/2633/2633 2634/2634/2634 2635/2635/2635 
f 2636/2636/2636 2637/2637/2637 2638/2638/2638 
f 2639/2639/2639 2640/2640/2640 2641/2641/2641 
f 2642/2642/2642 2643/2643/2643 2644/2644/2644 
f 2645/2645/2645 2646/2646/2646 2647/2647/2647 
f 2648/2648/2648 2649/2649/2649 2650/2650/2650 
f 2651/2651/2651 2652/2652/2652 2653/2653/2653 
f 2654/2654/2654 2655/2655/2655 2656/2656/2656 
f 2657/2657/2657 2658/2658/2658 2659/2659/2659 
f 2660/2660/2660 2661/2661/2661 2662/2662/2662 
f 2663/2663/2663 2664/2664/2664 2665/2665/2665 
f 2666/2666/2666 2667/2667/2667 2668/2668/2668 
f 2669/2669/2669 2670/2670/2670 2671/2671/2671 
f 2672/2672/2672 2673/2673/2673 2674/2674/2674 
f 2675/2675/2675 2676/2676/2676 2677/2677/2677 
f 2678/2678/2678 2679/2679/2679 2680/2680/2680 
f 2681/2681/2681 2682/2682/2682 2683/2683/2683 
f 2684/2684/2684 2685/2685/2685 2686/2686/2686 
f 2687/2687/2687 2688/2688/2688 2689/2689/2689 
f 2690/2690/2690 2691/2691/2691 2692/2692/2692 
f 2693/2693/2693 2694/2694/2694 2695/2695/2695 
f 2696/2696/2696 2697/2697/2697 2698/2698/2698 
f 2699/2699/2699 2700/2700/2700 2701/2701/2701 
f 2702/2702/2702 2703/2703/2703 2704/2704/2704 
f 2705/2705/2705 2706/2706/2706 2707/2707/2707 
f 2708/2708/2708 2709/2709/2709 2710/2710/2710 

g Union1

v -7.64051 4.71526 -35.7002 
v -7.64051 4.46554 -35.5339 
v -7.64051 4.50299 -35.4882 
v -7.64051 4.43059 -35.6055 
v -7.34051 4.46554 -35.5339 
v -7.64051 4.54869 -35.4507 
v -7.64051 4.41526 -35.7004 
v -7.34051 4.43059 -35.6055 
v -7.34051 4.50299 -35.4882 
v -7.64051 4.62021 -35.4156 
v -7.64051 4.43071 -35.7952 
v -7.34051 4.41526 -35.7004 
v -7.34051 4.54045 -35.5838 
v -7.34051 4.53696 -35.5909 
v -7.34051 4.51599 -35.6339 
v -7.34051 4.56292 -35.5563 
v -7.34051 4.56667 -35.5518 
v -7.34051 4.54869 -35.4507 
v -7.64051 4.71507 -35.4002 
v -7.64051 4.46574 -35.8667 
v -7.34051 4.43071 -35.7952 
v -7.34051 4.51446 -35.6434 
v -7.34051 4.50526 -35.7003 
v -7.34051 4.59409 -35.5293 
v -7.34051 4.59866 -35.5255 
v -7.34051 4.62021 -35.4156 
v -7.64051 4.80995 -35.4155 
v -7.64051 4.50326 -35.9124 
v -7.34051 4.46574 -35.8667 
v -7.34051 4.5068 -35.7098 
v -7.34051 4.51607 -35.7667 
v -7.34051 4.64157 -35.5045 
v -7.34051 4.64872 -35.501 
v -7.34051 4.71507 -35.4002 
v -7.64051 4.88151 -35.4504 
v -7.64051 4.549 -35.9499 
v -7.34051 4.50326 -35.9124 
v -7.34051 4.51958 -35.7738 
v -7.34051 4.5406 -35.8168 
v -7.34051 4.70564 -35.4917 
v -7.34051 4.71512 -35.4902 
v -7.34051 4.80995 -35.4155 
v -7.64051 4.92726 -35.4879 
v -7.64051 4.62057 -35.9848 
v -7.34051 4.549 -35.9499 
v -7.34051 4.54435 -35.8213 
v -7.34051 4.56686 -35.8488 
v -7.34051 4.77205 -35.4994 
v -7.34051 4.78154 -35.5009 
v -7.34051 4.88151 -35.4504 
v -7.64051 4.96477 -35.5336 
v -7.64051 4.71544 -36.0002 
v -7.34051 4.62056 -35.9848 
v -7.34051 4.57143 -35.8525 
v -7.34051 4.59888 -35.875 
v -7.34051 4.82448 -35.5219 
v -7.34051 4.83163 -35.5254 
v -7.34051 4.92726 -35.4879 
v -7.64051 4.9998 -35.6051 
v -7.64051 4.8103 -35.9847 
v -7.34051 4.71544 -36.0002 
v -7.34051 4.60603 -35.8785 
v -7.34051 4.64897 -35.8994 
v -7.34051 4.85908 -35.5478 
v -7.34051 4.86366 -35.5516 
v -7.34051 4.96477 -35.5336 
v -7.64051 5.01526 -35.7 
v -7.64051 4.88182 -35.9497 
v -7.34051 4.8103 -35.9847 
v -7.34051 4.65846 -35.901 
v -7.34051 4.71539 -35.9102 
v -7.34051 4.88616 -35.579 
v -7.34051 4.88991 -35.5836 
v -7.34051 4.9998 -35.6051 
v -7.64051 4.99992 -35.7949 
v -7.64051 4.92752 -35.9122 
v -7.34051 4.88182 -35.9497 
v -7.34051 4.78179 -35.8993 
v -7.34051 4.72487 -35.9086 
v -7.34051 4.91093 -35.6265 
v -7.34051 4.91444 -35.6336 
v -7.34051 5.01526 -35.7 
v -7.64051 4.96498 -35.8664 
v -7.34051 4.92752 -35.9122 
v -7.34051 4.83185 -35.8748 
v -7.34051 4.78894 -35.8958 
v -7.34051 4.92371 -35.6905 
v -7.34051 4.92526 -35.7 
v -7.34051 4.99992 -35.7949 
v -7.34051 4.96497 -35.8664 
v -7.34051 4.86384 -35.8486 
v -7.34051 4.83642 -35.8711 
v -7.34051 4.91605 -35.757 
v -7.34051 4.91452 -35.7664 
v -7.34051 4.89006 -35.8165 
v -7.34051 4.86759 -35.844 
v -7.34051 4.89355 -35.8094 
v -7.46052 4.54045 -35.5838 
v -7.46052 4.71526 -35.7002 
v -7.46052 4.56667 -35.5518 
v -7.46052 4.51599 -35.6339 
v -7.46052 4.59866 -35.5255 
v -7.46052 4.50526 -35.7003 
v -7.46052 4.64872 -35.501 
v -7.46052 4.51607 -35.7667 
v -7.46052 4.71512 -35.4902 
v -7.46052 4.5406 -35.8168 
v -7.46052 4.78154 -35.5009 
v -7.46052 4.56686 -35.8488 
v -7.46052 4.83163 -35.5254 
v -7.46052 4.59888 -35.875 
v -7.46052 4.86366 -35.5516 
v -7.46052 4.64897 -35.8994 
v -7.46052 4.88991 -35.5836 
v -7.46052 4.71539 -35.9102 
v -7.46052 4.91444 -35.6336 
v -7.46052 4.78179 -35.8993 
v -7.46052 4.92526 -35.7 
v -7.46052 4.83185 -35.8748 
v -7.46052 4.91452 -35.7664 
v -7.46052 4.86384 -35.8486 
v -7.46052 4.89006 -35.8165 
v -7.64051 4.46554 -35.5339 
v -7.64051 4.50299 -35.4882 
v -7.64051 4.50299 -35.4882 
v -7.64051 4.43059 -35.6055 
v -7.34051 4.46554 -35.5339 
v -7.64051 4.54869 -35.4507 
v -7.64051 4.41526 -35.7004 
v -7.34051 4.43059 -35.6055 
v -7.34051 4.50299 -35.4882 
v -7.34051 4.50299 -35.4882 
v -7.64051 4.62021 -35.4156 
v -7.64051 4.43071 -35.7952 
v -7.34051 4.41526 -35.7004 
v -7.34051 4.54045 -35.5838 
v -7.34051 4.53696 -35.5909 
v -7.34051 4.51599 -35.6339 
v -7.34051 4.56292 -35.5563 
v -7.34051 4.56667 -35.5518 
v -7.34051 4.56667 -35.5518 
v -7.34051 4.54869 -35.4507 
v -7.64051 4.71507 -35.4002 
v -7.64051 4.46574 -35.8667 
v -7.34051 4.43071 -35.7952 
v -7.34051 4.51446 -35.6434 
v -7.34051 4.50526 -35.7003 
v -7.34051 4.59409 -35.5293 
v -7.34051 4.59866 -35.5255 
v -7.34051 4.62021 -35.4156 
v -7.64051 4.80995 -35.4155 
v -7.64051 4.50326 -35.9124 
v -7.64051 4.50326 -35.9124 
v -7.34051 4.46574 -35.8667 
v -7.34051 4.5068 -35.7098 
v -7.34051 4.51607 -35.7667 
v -7.34051 4.64157 -35.5045 
v -7.34051 4.64872 -35.501 
v -7.34051 4.71507 -35.4002 
v -7.64051 4.88151 -35.4504 
v -7.64051 4.549 -35.9499 
v -7.34051 4.50326 -35.9124 
v -7.34051 4.50326 -35.9124 
v -7.34051 4.51958 -35.7738 
v -7.34051 4.5406 -35.8168 
v -7.34051 4.70564 -35.4917 
v -7.34051 4.71512 -35.4902 
v -7.34051 4.80995 -35.4155 
v -7.64051 4.92726 -35.4879 
v -7.64051 4.92726 -35.4879 
v -7.64051 4.62057 -35.9848 
v -7.34051 4.549 -35.9499 
v -7.34051 4.54435 -35.8213 
v -7.34051 4.56686 -35.8488 
v -7.34051 4.56686 -35.8488 
v -7.34051 4.77205 -35.4994 
v -7.34051 4.78154 -35.5009 
v -7.34051 4.88151 -35.4504 
v -7.64051 4.96477 -35.5336 
v -7.64051 4.71544 -36.0002 
v -7.34051 4.62056 -35.9848 
v -7.34051 4.57143 -35.8525 
v -7.34051 4.59888 -35.875 
v -7.34051 4.82448 -35.5219 
v -7.34051 4.83163 -35.5254 
v -7.34051 4.92726 -35.4879 
v -7.34051 4.92726 -35.4879 
v -7.64051 4.9998 -35.6051 
v -7.64051 4.8103 -35.9847 
v -7.34051 4.71544 -36.0002 
v -7.34051 4.60603 -35.8785 
v -7.34051 4.64897 -35.8994 
v -7.34051 4.85908 -35.5478 
v -7.34051 4.86366 -35.5516 
v -7.34051 4.86366 -35.5516 
v -7.34051 4.96477 -35.5336 
v -7.64051 5.01526 -35.7 
v -7.64051 4.88182 -35.9497 
v -7.34051 4.8103 -35.9847 
v -7.34051 4.65846 -35.901 
v -7.34051 4.71539 -35.9102 
v -7.34051 4.88616 -35.579 
v -7.34051 4.88991 -35.5836 
v -7.34051 4.9998 -35.6051 
v -7.64051 4.99992 -35.7949 
v -7.64051 4.92752 -35.9122 
v -7.64051 4.92752 -35.9122 
v -7.34051 4.88182 -35.9497 
v -7.34051 4.78179 -35.8993 
v -7.34051 4.72487 -35.9086 
v -7.34051 4.91093 -35.6265 
v -7.34051 4.91444 -35.6336 
v -7.34051 5.01526 -35.7 
v -7.64051 4.96498 -35.8664 
v -7.34051 4.92752 -35.9122 
v -7.34051 4.92752 -35.9122 
v -7.34051 4.83185 -35.8748 
v -7.34051 4.78894 -35.8958 
v -7.34051 4.92371 -35.6905 
v -7.34051 4.92526 -35.7 
v -7.34051 4.99992 -35.7949 
v -7.34051 4.96497 -35.8664 
v -7.34051 4.86384 -35.8486 
v -7.34051 4.86384 -35.8486 
v -7.34051 4.83642 -35.8711 
v -7.34051 4.91605 -35.757 
v -7.34051 4.91452 -35.7664 
v -7.34051 4.89006 -35.8165 
v -7.34051 4.86759 -35.844 
v -7.34051 4.89355 -35.8094 
v -7.46052 4.54045 -35.5838 
v -7.46052 4.56667 -35.5518 
v -7.46052 4.56667 -35.5518 
v -7.46052 4.51599 -35.6339 
v -7.46052 4.59866 -35.5255 
v -7.46052 4.50526 -35.7003 
v -7.46052 4.64872 -35.501 
v -7.46052 4.51607 -35.7667 
v -7.46052 4.71512 -35.4902 
v -7.46052 4.5406 -35.8168 
v -7.46052 4.78154 -35.5009 
v -7.46052 4.56686 -35.8488 
v -7.46052 4.56686 -35.8488 
v -7.46052 4.83163 -35.5254 
v -7.46052 4.59888 -35.875 
v -7.46052 4.86366 -35.5516 
v -7.46052 4.86366 -35.5516 
v -7.46052 4.64897 -35.8994 
v -7.46052 4.88991 -35.5836 
v -7.46052 4.71539 -35.9102 
v -7.46052 4.91444 -35.6336 
v -7.46052 4.78179 -35.8993 
v -7.46052 4.92526 -35.7 
v -7.46052 4.83185 -35.8748 
v -7.46052 4.91452 -35.7664 
v -7.46052 4.86384 -35.8486 
v -7.46052 4.86384 -35.8486 
v -7.46052 4.89006 -35.8165 

vn -1 0 0 
vn -1 0 0 
vn -1 0 0 
vn -1 0 0 
vn 0 -0.826772 0.559055 
vn -1 0 0 
vn -1 0 0 
vn 0 -0.944882 0.338583 
vn 0 -0.685039 0.732283 
vn -1 0 0 
vn -1 0 0 
vn 0 -1 0.0551181 
vn 1 0 0 
vn 1 0 0 
vn 1 0 0 
vn 1 0 0 
vn 1 0 0 
vn 0 -0.496063 0.866142 
vn -1 0 0 
vn -1 0 0 
vn 0 -0.968504 -0.244094 
vn 1 0 0 
vn 1 0 0 
vn 1 0 0 
vn 1 0 0 
vn 0 -0.244094 0.968504 
vn -1 0 0 
vn -1 0 0 
vn 0 -0.866142 -0.496063 
vn 1 0 0 
vn 1 0 0 
vn 1 0 0 
vn 1 0 0 
vn 0 0.0551181 1 
vn -1 0 0 
vn -1 0 0 
vn 0 -0.732283 -0.685039 
vn 1 0 0 
vn 1 0 0 
vn 1 0 0 
vn 1 0 0 
vn 0 0.338583 0.944882 
vn -1 0 0 
vn -1 0 0 
vn 0 -0.559055 -0.826772 
vn 1 0 0 
vn 1 0 0 
vn 1 0 0 
vn 1 0 0 
vn 0 0.559055 0.826772 
vn -1 0 0 
vn -1 0 0 
vn 0 -0.338583 -0.944882 
vn 1 0 0 
vn 1 0 0 
vn 1 0 0 
vn 1 0 0 
vn 0 0.732283 0.685039 
vn -1 0 0 
vn -1 0 0 
vn 0 -0.0551181 -1 
vn 1 0 0 
vn 1 0 0 
vn 1 0 0 
vn 1 0 0 
vn 0 0.866142 0.496063 
vn -1 0 0 
vn -1 0 0 
vn 0 0.244094 -0.968504 
vn 1 0 0 
vn 1 0 0 
vn 1 0 0 
vn 1 0 0 
vn 0 0.968504 0.244094 
vn -1 0 0 
vn -1 0 0 
vn 0 0.496063 -0.866142 
vn 1 0 0 
vn 1 0 0 
vn 1 0 0 
vn 1 0 0 
vn 0 1 -0.0551181 
vn -1 0 0 
vn 0 0.685039 -0.732283 
vn 1 0 0 
vn 1 0 0 
vn 1 0 0 
vn 1 0 0 
vn 0 0.944882 -0.338583 
vn 0 0.826772 -0.559055 
vn 1 0 0 
vn 1 0 0 
vn 1 0 0 
vn 1 0 0 
vn 1 0 0 
vn 1 0 0 
vn 1 0 0 
vn 1 0 0 
vn 1 0 0 
vn 1 0 0 
vn 1 0 0 
vn 1 0 0 
vn 1 0 0 
vn 1 0 0 
vn 1 0 0 
vn 1 0 0 
vn 1 0 0 
vn 1 0 0 
vn 1 0 0 
vn 1 0 0 
vn 1 0 0 
vn 1 0 0 
vn 1 0 0 
vn 1 0 0 
vn 1 0 0 
vn 1 0 0 
vn 1 0 0 
vn 1 0 0 
vn 1 0 0 
vn 1 0 0 
vn 1 0 0 
vn 1 0 0 
vn 0 -0.866142 0.496063 
vn 0 -0.732283 0.685039 
vn 0 -0.732283 0.685039 
vn 0 -0.968504 0.244094 
vn 1 0 0 
vn 0 -0.559055 0.826772 
vn 0 -1 -0.0551181 
vn 1 0 0 
vn 0 -0.685039 0.732283 
vn 1 0 0 
vn 0 -0.338583 0.944882 
vn 0 -0.944882 -0.338583 
vn 1 0 0 
vn 0 0.80315 -0.598425 
vn 0 0.897638 -0.440945 
vn 0 0.92126 -0.393701 
vn 0 0.771654 -0.629921 
vn 0 0.653543 -0.755906 
vn 0 0.653543 -0.755906 
vn 1 0 0 
vn 0 -0.0551181 1 
vn 0 -0.826772 -0.559055 
vn 1 0 0 
vn 0 0.984252 -0.15748 
vn 0 0.992126 -0.11811 
vn 0 0.637795 -0.771654 
vn 0 0.464567 -0.889764 
vn 1 0 0 
vn 0 0.244094 0.968504 
vn 0 -0.685039 -0.732283 
vn 0 -0.685039 -0.732283 
vn 1 0 0 
vn 0 0.984252 0.15748 
vn 0 0.984252 0.19685 
vn 0 0.440945 -0.897638 
vn 0 0.19685 -0.984252 
vn 1 0 0 
vn 0 0.496063 0.866142 
vn 0 -0.496063 -0.866142 
vn 1 0 0 
vn 0 -0.732283 -0.685039 
vn 0 0.897638 0.440945 
vn 0 0.889764 0.464567 
vn 0 0.15748 -0.984252 
vn 0 -0.11811 -0.992126 
vn 1 0 0 
vn 0 0.685039 0.732283 
vn 0 0.685039 0.732283 
vn 0 -0.244094 -0.968504 
vn 1 0 0 
vn 0 0.771654 0.637795 
vn 0 0.755906 0.653543 
vn 0 0.755906 0.653543 
vn 0 -0.15748 -0.984252 
vn 0 -0.393701 -0.92126 
vn 1 0 0 
vn 0 0.826772 0.559055 
vn 0 0.0551181 -1 
vn 1 0 0 
vn 0 0.629921 0.771654 
vn 0 0.598425 0.80315 
vn 0 -0.440945 -0.897638 
vn 0 -0.598425 -0.80315 
vn 0 0.732283 0.685039 
vn 1 0 0 
vn 0 0.944882 0.338583 
vn 0 0.338583 -0.944882 
vn 1 0 0 
vn 0 0.440945 0.897638 
vn 0 0.393701 0.92126 
vn 0 -0.629921 -0.771654 
vn 0 -0.755906 -0.653543 
vn 0 -0.755906 -0.653543 
vn 1 0 0 
vn 0 1 0.0551181 
vn 0 0.559055 -0.826772 
vn 1 0 0 
vn 0 0.15748 0.984252 
vn 0 0.11811 0.992126 
vn 0 -0.771654 -0.637795 
vn 0 -0.889764 -0.464567 
vn 1 0 0 
vn 0 0.968504 -0.244094 
vn 0 0.732283 -0.685039 
vn 0 0.732283 -0.685039 
vn 1 0 0 
vn 0 -0.19685 0.984252 
vn 0 -0.15748 0.984252 
vn 0 -0.897638 -0.440945 
vn 0 -0.984252 -0.19685 
vn 1 0 0 
vn 0 0.866142 -0.496063 
vn 1 0 0 
vn 0 0.685039 -0.732283 
vn 0 -0.464567 0.889764 
vn 0 -0.440945 0.897638 
vn 0 -0.984252 -0.15748 
vn 0 -0.992126 0.11811 
vn 1 0 0 
vn 1 0 0 
vn 0 -0.653543 0.755906 
vn 0 -0.653543 0.755906 
vn 0 -0.637795 0.771654 
vn 0 -0.984252 0.15748 
vn 0 -0.92126 0.393701 
vn 0 -0.80315 0.598425 
vn 0 -0.771654 0.629921 
vn 0 -0.897638 0.440945 
vn 0 0.834646 -0.551181 
vn 0 0.692913 -0.724409 
vn 0 0.692913 -0.724409 
vn 0 0.944882 -0.322835 
vn 0 0.503937 -0.866142 
vn 0 1 -0.0393701 
vn 0 0.259843 -0.968504 
vn 0 0.968504 0.259843 
vn 0 -0.0393701 -1 
vn 0 0.866142 0.503937 
vn 0 -0.322835 -0.944882 
vn 0 0.724409 0.692913 
vn 0 0.724409 0.692913 
vn 0 -0.551181 -0.834646 
vn 0 0.551181 0.834646 
vn 0 -0.724409 -0.692913 
vn 0 -0.724409 -0.692913 
vn 0 0.322835 0.944882 
vn 0 -0.866142 -0.503937 
vn 0 0.0393701 1 
vn 0 -0.968504 -0.259843 
vn 0 -0.259843 0.968504 
vn 0 -1 0.0393701 
vn 0 -0.503937 0.866142 
vn 0 -0.944882 0.322835 
vn 0 -0.692913 0.724409 
vn 0 -0.692913 0.724409 
vn 0 -0.834646 0.551181 

vt -0.747177 1.06755 
vt -0.715975 1.08835 
vt -0.720661 1.09407 
vt -0.711602 1.07941 
vt -0.728427 1.08835 
vt -0.726376 1.09875 
vt -0.709677 1.06755 
vt -0.728427 1.07941 
vt -0.728427 1.09407 
vt -0.735319 1.10313 
vt -0.711602 1.05569 
vt -0.728427 1.06755 
vt -0.769019 1.08211 
vt -0.769456 1.08122 
vt -0.77208 1.07585 
vt -0.766207 1.08554 
vt -0.765739 1.08611 
vt -0.728427 1.04675 
vt -0.747177 1.10505 
vt -0.715975 1.04675 
vt -0.728427 1.05569 
vt -0.772273 1.07466 
vt -0.773427 1.06755 
vt -0.76231 1.08892 
vt -0.761738 1.08939 
vt -0.728427 1.05569 
vt -0.759036 1.10313 
vt -0.720661 1.04103 
vt -0.728427 1.04675 
vt -0.773235 1.06636 
vt -0.77208 1.05925 
vt -0.756373 1.09202 
vt -0.755478 1.09245 
vt -0.728427 1.06755 
vt -0.767978 1.09875 
vt -0.726376 1.03635 
vt -0.728427 1.04103 
vt -0.771643 1.05835 
vt -0.769019 1.05299 
vt -0.748363 1.09361 
vt -0.747177 1.0938 
vt -0.728427 1.07941 
vt -0.773694 1.09407 
vt -0.735319 1.03197 
vt -0.765927 1.04675 
vt -0.76855 1.05242 
vt -0.765739 1.04899 
vt -0.740062 1.09264 
vt -0.738876 1.09245 
vt -0.728427 1.08835 
vt -0.778379 1.08835 
vt -0.747177 1.03005 
vt -0.765927 1.05569 
vt -0.765167 1.04852 
vt -0.761738 1.04571 
vt -0.733511 1.08983 
vt -0.732616 1.08939 
vt -0.728427 1.09407 
vt -0.782753 1.07941 
vt -0.759036 1.03197 
vt -0.765927 1.06755 
vt -0.760844 1.04527 
vt -0.755478 1.04265 
vt -0.729187 1.08658 
vt -0.728616 1.08611 
vt -0.765927 1.08835 
vt -0.784677 1.06755 
vt -0.767978 1.03635 
vt -0.765927 1.07941 
vt -0.754292 1.04245 
vt -0.747177 1.0413 
vt -0.725805 1.08268 
vt -0.725336 1.08211 
vt -0.765927 1.07941 
vt -0.782753 1.05569 
vt -0.773694 1.04103 
vt -0.765927 1.08835 
vt -0.738876 1.04265 
vt -0.745991 1.04149 
vt -0.722712 1.07674 
vt -0.722274 1.07585 
vt -0.765927 1.06755 
vt -0.778379 1.04675 
vt -0.765927 1.09407 
vt -0.732616 1.04571 
vt -0.737982 1.04308 
vt -0.72112 1.06874 
vt -0.720927 1.06755 
vt -0.765927 1.05569 
vt -0.765927 1.04675 
vt -0.728616 1.04899 
vt -0.732045 1.04618 
vt -0.722082 1.06043 
vt -0.722274 1.05925 
vt -0.725336 1.05299 
vt -0.728147 1.04956 
vt -0.724899 1.05388 
vt -0.769019 1.08211 
vt -0.747177 1.06755 
vt -0.765739 1.08611 
vt -0.77208 1.07585 
vt -0.761738 1.08939 
vt -0.773427 1.06755 
vt -0.755478 1.09245 
vt -0.77208 1.05925 
vt -0.747177 1.0938 
vt -0.769019 1.05299 
vt -0.738876 1.09245 
vt -0.765739 1.04899 
vt -0.732616 1.08939 
vt -0.761738 1.04571 
vt -0.728616 1.08611 
vt -0.755478 1.04265 
vt -0.725336 1.08211 
vt -0.747177 1.0413 
vt -0.722274 1.07585 
vt -0.738876 1.04265 
vt -0.720927 1.06755 
vt -0.732616 1.04571 
vt -0.722274 1.05925 
vt -0.728616 1.04899 
vt -0.725336 1.05299 
vt -0.765927 1.08835 
vt -0.765927 1.04103 
vt -0.765927 1.09407 
vt -0.765927 1.07941 
vt -0.778379 1.08835 
vt -0.765927 1.04675 
vt -0.765927 1.06755 
vt -0.782753 1.07941 
vt -0.728427 1.04103 
vt -0.773694 1.09407 
vt -0.765927 1.05569 
vt -0.765927 1.05569 
vt -0.784677 1.06755 
vt -0.765927 1.08211 
vt -0.765927 1.08122 
vt -0.765927 1.07585 
vt -0.765927 1.08554 
vt -0.765927 1.04899 
vt -0.765927 1.08611 
vt -0.767978 1.09875 
vt -0.765927 1.06755 
vt -0.765927 1.04675 
vt -0.782753 1.05569 
vt -0.765927 1.07466 
vt -0.765927 1.06755 
vt -0.765927 1.05242 
vt -0.765927 1.05299 
vt -0.759036 1.10313 
vt -0.765927 1.07941 
vt -0.765927 1.04103 
vt -0.728427 1.04103 
vt -0.778379 1.04675 
vt -0.765927 1.06636 
vt -0.765927 1.05925 
vt -0.765927 1.05835 
vt -0.765927 1.05925 
vt -0.747177 1.10505 
vt -0.765927 1.08835 
vt -0.728427 1.04675 
vt -0.773694 1.04103 
vt -0.765927 1.04103 
vt -0.765927 1.05835 
vt -0.765927 1.05299 
vt -0.765927 1.06636 
vt -0.765927 1.06755 
vt -0.735319 1.10313 
vt -0.728427 1.09407 
vt -0.765927 1.09407 
vt -0.728427 1.05569 
vt -0.767978 1.03635 
vt -0.765927 1.05242 
vt -0.765927 1.04899 
vt -0.728427 1.04899 
vt -0.765927 1.07466 
vt -0.765927 1.07585 
vt -0.726376 1.09875 
vt -0.728427 1.08835 
vt -0.728427 1.06755 
vt -0.759036 1.03197 
vt -0.728427 1.04956 
vt -0.728427 1.05299 
vt -0.765927 1.08122 
vt -0.765927 1.08211 
vt -0.765927 1.09407 
vt -0.720661 1.09407 
vt -0.728427 1.07941 
vt -0.728427 1.07941 
vt -0.747177 1.03005 
vt -0.728427 1.05388 
vt -0.728427 1.05925 
vt -0.765927 1.08554 
vt -0.728427 1.08611 
vt -0.765927 1.08611 
vt -0.715975 1.08835 
vt -0.728427 1.06755 
vt -0.728427 1.08835 
vt -0.735319 1.03197 
vt -0.728427 1.06043 
vt -0.728427 1.06755 
vt -0.728427 1.08268 
vt -0.728427 1.08211 
vt -0.711602 1.07941 
vt -0.728427 1.05569 
vt -0.728427 1.09407 
vt -0.728427 1.04103 
vt -0.726376 1.03635 
vt -0.728427 1.07585 
vt -0.728427 1.06874 
vt -0.728427 1.07674 
vt -0.728427 1.07585 
vt -0.709677 1.06755 
vt -0.728427 1.04675 
vt -0.720661 1.04103 
vt -0.765927 1.04103 
vt -0.728427 1.08211 
vt -0.728427 1.07674 
vt -0.728427 1.06874 
vt -0.728427 1.06755 
vt -0.711602 1.05569 
vt -0.715975 1.04675 
vt -0.728427 1.08611 
vt -0.728427 1.04899 
vt -0.728427 1.08268 
vt -0.728427 1.06043 
vt -0.728427 1.05925 
vt -0.728427 1.05299 
vt -0.728427 1.04956 
vt -0.728427 1.05388 
vt -0.750926 1.08211 
vt -0.750926 1.08611 
vt -0.750926 1.04899 
vt -0.750926 1.07585 
vt -0.750926 1.05299 
vt -0.750926 1.06755 
vt -0.750926 1.05925 
vt -0.750926 1.05925 
vt -0.750926 1.06755 
vt -0.750926 1.05299 
vt -0.750926 1.07585 
vt -0.743428 1.04899 
vt -0.750926 1.04899 
vt -0.750926 1.08211 
vt -0.743428 1.05299 
vt -0.750926 1.08611 
vt -0.743428 1.08611 
vt -0.743428 1.05925 
vt -0.743428 1.08211 
vt -0.743428 1.06755 
vt -0.743428 1.07585 
vt -0.743428 1.07585 
vt -0.743428 1.06755 
vt -0.743428 1.08211 
vt -0.743428 1.05925 
vt -0.743428 1.04899 
vt -0.743428 1.08611 
vt -0.743428 1.05299 

usemtl 1Mtl

f 2711/2711/2711 2712/2712/2712 2713/2713/2713 
f 2712/2712/2712 2711/2711/2711 2714/2714/2714 
f 2835/2835/2835 2833/2833/2833 2715/2715/2715 
f 2711/2711/2711 2713/2713/2713 2716/2716/2716 
f 2714/2714/2714 2711/2711/2711 2717/2717/2717 
f 2833/2833/2833 2836/2836/2836 2718/2718/2718 
f 2715/2715/2715 2833/2833/2833 2718/2718/2718 
f 2835/2835/2835 2715/2715/2715 2719/2719/2719 
f 2838/2838/2838 2834/2834/2834 2841/2841/2841 
f 2711/2711/2711 2716/2716/2716 2720/2720/2720 
f 2717/2717/2717 2711/2711/2711 2721/2721/2721 
f 2836/2836/2836 2839/2839/2839 2722/2722/2722 
f 2718/2718/2718 2836/2836/2836 2722/2722/2722 
f 2723/2723/2723 2837/2837/2837 2724/2724/2724 
f 2724/2724/2724 2840/2840/2840 2725/2725/2725 
f 2840/2840/2840 2724/2724/2724 2837/2837/2837 
f 2842/2842/2842 2837/2837/2837 2726/2726/2726 
f 2726/2726/2726 2727/2727/2727 2842/2842/2842 
f 2723/2723/2723 2726/2726/2726 2837/2837/2837 
f 2838/2838/2838 2841/2841/2841 2728/2728/2728 
f 2843/2843/2843 2838/2838/2838 2728/2728/2728 
f 2711/2711/2711 2720/2720/2720 2729/2729/2729 
f 2721/2721/2721 2711/2711/2711 2730/2730/2730 
f 2839/2839/2839 2844/2844/2844 2731/2731/2731 
f 2722/2722/2722 2839/2839/2839 2731/2731/2731 
f 2725/2725/2725 2840/2840/2840 2732/2732/2732 
f 2732/2732/2732 2845/2845/2845 2733/2733/2733 
f 2845/2845/2845 2732/2732/2732 2840/2840/2840 
f 2852/2852/2852 2842/2842/2842 2734/2734/2734 
f 2852/2852/2852 2734/2734/2734 2735/2735/2735 
f 2734/2734/2734 2842/2842/2842 2727/2727/2727 
f 2843/2843/2843 2728/2728/2728 2736/2736/2736 
f 2853/2853/2853 2843/2843/2843 2736/2736/2736 
f 2711/2711/2711 2729/2729/2729 2737/2737/2737 
f 2730/2730/2730 2711/2711/2711 2738/2738/2738 
f 2844/2844/2844 2854/2854/2854 2739/2739/2739 
f 2731/2731/2731 2844/2844/2844 2739/2739/2739 
f 2733/2733/2733 2845/2845/2845 2740/2740/2740 
f 2740/2740/2740 2855/2855/2855 2741/2741/2741 
f 2855/2855/2855 2740/2740/2740 2845/2845/2845 
f 2860/2860/2860 2852/2852/2852 2742/2742/2742 
f 2860/2860/2860 2742/2742/2742 2743/2743/2743 
f 2742/2742/2742 2852/2852/2852 2735/2735/2735 
f 2853/2853/2853 2736/2736/2736 2744/2744/2744 
f 2861/2861/2861 2853/2853/2853 2744/2744/2744 
f 2711/2711/2711 2737/2737/2737 2745/2745/2745 
f 2738/2738/2738 2711/2711/2711 2746/2746/2746 
f 2854/2854/2854 2862/2862/2862 2747/2747/2747 
f 2739/2739/2739 2854/2854/2854 2747/2747/2747 
f 2748/2748/2748 2741/2741/2741 2855/2855/2855 
f 2864/2864/2864 2749/2749/2749 2748/2748/2748 
f 2864/2864/2864 2748/2748/2748 2855/2855/2855 
f 2869/2869/2869 2860/2860/2860 2750/2750/2750 
f 2869/2869/2869 2750/2750/2750 2751/2751/2751 
f 2750/2750/2750 2860/2860/2860 2743/2743/2743 
f 2861/2861/2861 2744/2744/2744 2752/2752/2752 
f 2870/2870/2870 2861/2861/2861 2752/2752/2752 
f 2711/2711/2711 2745/2745/2745 2753/2753/2753 
f 2746/2746/2746 2711/2711/2711 2754/2754/2754 
f 2863/2863/2863 2871/2871/2871 2755/2755/2755 
f 2873/2873/2873 2863/2863/2863 2755/2755/2755 
f 2756/2756/2756 2749/2749/2749 2864/2864/2864 
f 2756/2756/2756 2872/2872/2872 2757/2757/2757 
f 2872/2872/2872 2756/2756/2756 2864/2864/2864 
f 2878/2878/2878 2869/2869/2869 2758/2758/2758 
f 2758/2758/2758 2759/2759/2759 2878/2878/2878 
f 2751/2751/2751 2758/2758/2758 2869/2869/2869 
f 2870/2870/2870 2752/2752/2752 2760/2760/2760 
f 2880/2880/2880 2870/2870/2870 2760/2760/2760 
f 2711/2711/2711 2753/2753/2753 2761/2761/2761 
f 2754/2754/2754 2711/2711/2711 2762/2762/2762 
f 2871/2871/2871 2881/2881/2881 2763/2763/2763 
f 2755/2755/2755 2871/2871/2871 2763/2763/2763 
f 2764/2764/2764 2757/2757/2757 2872/2872/2872 
f 2764/2764/2764 2882/2882/2882 2765/2765/2765 
f 2882/2882/2882 2764/2764/2764 2872/2872/2872 
f 2888/2888/2888 2878/2878/2878 2766/2766/2766 
f 2766/2766/2766 2767/2767/2767 2888/2888/2888 
f 2759/2759/2759 2766/2766/2766 2878/2878/2878 
f 2880/2880/2880 2760/2760/2760 2768/2768/2768 
f 2889/2889/2889 2879/2879/2879 2896/2896/2896 
f 2711/2711/2711 2761/2761/2761 2769/2769/2769 
f 2762/2762/2762 2711/2711/2711 2770/2770/2770 
f 2881/2881/2881 2890/2890/2890 2771/2771/2771 
f 2763/2763/2763 2881/2881/2881 2771/2771/2771 
f 2772/2772/2772 2765/2765/2765 2882/2882/2882 
f 2772/2772/2772 2891/2891/2891 2773/2773/2773 
f 2891/2891/2891 2772/2772/2772 2882/2882/2882 
f 2897/2897/2897 2888/2888/2888 2774/2774/2774 
f 2774/2774/2774 2775/2775/2775 2897/2897/2897 
f 2767/2767/2767 2774/2774/2774 2888/2888/2888 
f 2889/2889/2889 2896/2896/2896 2776/2776/2776 
f 2898/2898/2898 2889/2889/2889 2776/2776/2776 
f 2711/2711/2711 2769/2769/2769 2777/2777/2777 
f 2770/2770/2770 2711/2711/2711 2778/2778/2778 
f 2890/2890/2890 2899/2899/2899 2779/2779/2779 
f 2771/2771/2771 2890/2890/2890 2779/2779/2779 
f 2780/2780/2780 2773/2773/2773 2891/2891/2891 
f 2780/2780/2780 2900/2900/2900 2781/2781/2781 
f 2900/2900/2900 2780/2780/2780 2891/2891/2891 
f 2906/2906/2906 2897/2897/2897 2782/2782/2782 
f 2782/2782/2782 2783/2783/2783 2906/2906/2906 
f 2782/2782/2782 2897/2897/2897 2775/2775/2775 
f 2898/2898/2898 2776/2776/2776 2784/2784/2784 
f 2907/2907/2907 2898/2898/2898 2784/2784/2784 
f 2711/2711/2711 2777/2777/2777 2785/2785/2785 
f 2778/2778/2778 2711/2711/2711 2786/2786/2786 
f 2899/2899/2899 2908/2908/2908 2787/2787/2787 
f 2779/2779/2779 2899/2899/2899 2787/2787/2787 
f 2788/2788/2788 2789/2789/2789 2909/2909/2909 
f 2900/2900/2900 2909/2909/2909 2789/2789/2789 
f 2900/2900/2900 2789/2789/2789 2781/2781/2781 
f 2906/2906/2906 2783/2783/2783 2790/2790/2790 
f 2914/2914/2914 2790/2790/2790 2791/2791/2791 
f 2790/2790/2790 2914/2914/2914 2906/2906/2906 
f 2907/2907/2907 2784/2784/2784 2792/2792/2792 
f 2915/2915/2915 2907/2907/2907 2792/2792/2792 
f 2711/2711/2711 2785/2785/2785 2793/2793/2793 
f 2786/2786/2786 2711/2711/2711 2793/2793/2793 
f 2908/2908/2908 2916/2916/2916 2794/2794/2794 
f 2787/2787/2787 2908/2908/2908 2794/2794/2794 
f 2795/2795/2795 2796/2796/2796 2918/2918/2918 
f 2909/2909/2909 2918/2918/2918 2796/2796/2796 
f 2909/2909/2909 2796/2796/2796 2788/2788/2788 
f 2914/2914/2914 2791/2791/2791 2797/2797/2797 
f 2797/2797/2797 2798/2798/2798 2923/2923/2923 
f 2797/2797/2797 2923/2923/2923 2914/2914/2914 
f 2915/2915/2915 2792/2792/2792 2799/2799/2799 
f 2924/2924/2924 2915/2915/2915 2799/2799/2799 
f 2917/2917/2917 2924/2924/2924 2800/2800/2800 
f 2926/2926/2926 2917/2917/2917 2800/2800/2800 
f 2801/2801/2801 2802/2802/2802 2925/2925/2925 
f 2918/2918/2918 2925/2925/2925 2802/2802/2802 
f 2918/2918/2918 2802/2802/2802 2795/2795/2795 
f 2923/2923/2923 2798/2798/2798 2803/2803/2803 
f 2803/2803/2803 2804/2804/2804 2931/2931/2931 
f 2803/2803/2803 2931/2931/2931 2923/2923/2923 
f 2924/2924/2924 2799/2799/2799 2800/2800/2800 
f 2805/2805/2805 2806/2806/2806 2932/2932/2932 
f 2925/2925/2925 2932/2932/2932 2806/2806/2806 
f 2925/2925/2925 2806/2806/2806 2801/2801/2801 
f 2931/2931/2931 2804/2804/2804 2807/2807/2807 
f 2807/2807/2807 2805/2805/2805 2932/2932/2932 
f 2807/2807/2807 2932/2932/2932 2931/2931/2931 
f 2808/2808/2808 2809/2809/2809 2810/2810/2810 
f 2809/2809/2809 2808/2808/2808 2811/2811/2811 
f 2810/2810/2810 2809/2809/2809 2812/2812/2812 
f 2809/2809/2809 2811/2811/2811 2813/2813/2813 
f 2812/2812/2812 2809/2809/2809 2814/2814/2814 
f 2809/2809/2809 2813/2813/2813 2815/2815/2815 
f 2814/2814/2814 2809/2809/2809 2816/2816/2816 
f 2809/2809/2809 2815/2815/2815 2817/2817/2817 
f 2816/2816/2816 2809/2809/2809 2818/2818/2818 
f 2809/2809/2809 2817/2817/2817 2819/2819/2819 
f 2818/2818/2818 2809/2809/2809 2820/2820/2820 
f 2809/2809/2809 2819/2819/2819 2821/2821/2821 
f 2820/2820/2820 2809/2809/2809 2822/2822/2822 
f 2809/2809/2809 2821/2821/2821 2823/2823/2823 
f 2822/2822/2822 2809/2809/2809 2824/2824/2824 
f 2809/2809/2809 2823/2823/2823 2825/2825/2825 
f 2824/2824/2824 2809/2809/2809 2826/2826/2826 
f 2809/2809/2809 2825/2825/2825 2827/2827/2827 
f 2826/2826/2826 2809/2809/2809 2828/2828/2828 
f 2809/2809/2809 2827/2827/2827 2829/2829/2829 
f 2828/2828/2828 2809/2809/2809 2830/2830/2830 
f 2809/2809/2809 2829/2829/2829 2831/2831/2831 
f 2830/2830/2830 2809/2809/2809 2832/2832/2832 
f 2809/2809/2809 2831/2831/2831 2832/2832/2832 
f 2849/2849/2849 2846/2846/2846 2941/2941/2941 
f 2849/2849/2849 2941/2941/2941 2942/2942/2942 
f 2847/2847/2847 2848/2848/2848 2944/2944/2944 
f 2847/2847/2847 2944/2944/2944 2941/2941/2941 
f 2846/2846/2846 2847/2847/2847 2941/2941/2941 
f 2851/2851/2851 2849/2849/2849 2942/2942/2942 
f 2858/2858/2858 2850/2850/2850 2943/2943/2943 
f 2858/2858/2858 2943/2943/2943 2945/2945/2945 
f 2856/2856/2856 2857/2857/2857 2946/2946/2946 
f 2856/2856/2856 2946/2946/2946 2944/2944/2944 
f 2848/2848/2848 2856/2856/2856 2944/2944/2944 
f 2859/2859/2859 2858/2858/2858 2945/2945/2945 
f 2867/2867/2867 2859/2859/2859 2945/2945/2945 
f 2867/2867/2867 2945/2945/2945 2947/2947/2947 
f 2865/2865/2865 2866/2866/2866 2948/2948/2948 
f 2865/2865/2865 2948/2948/2948 2946/2946/2946 
f 2857/2857/2857 2865/2865/2865 2946/2946/2946 
f 2868/2868/2868 2867/2867/2867 2947/2947/2947 
f 2876/2876/2876 2868/2868/2868 2947/2947/2947 
f 2876/2876/2876 2947/2947/2947 2949/2949/2949 
f 2874/2874/2874 2875/2875/2875 2950/2950/2950 
f 2874/2874/2874 2950/2950/2950 2948/2948/2948 
f 2866/2866/2866 2874/2874/2874 2948/2948/2948 
f 2877/2877/2877 2876/2876/2876 2949/2949/2949 
f 2886/2886/2886 2877/2877/2877 2949/2949/2949 
f 2886/2886/2886 2949/2949/2949 2951/2951/2951 
f 2883/2883/2883 2884/2884/2884 2953/2953/2953 
f 2883/2883/2883 2953/2953/2953 2950/2950/2950 
f 2875/2875/2875 2883/2883/2883 2950/2950/2950 
f 2887/2887/2887 2886/2886/2886 2951/2951/2951 
f 2894/2894/2894 2887/2887/2887 2951/2951/2951 
f 2894/2894/2894 2951/2951/2951 2954/2954/2954 
f 2892/2892/2892 2893/2893/2893 2955/2955/2955 
f 2892/2892/2892 2955/2955/2955 2952/2952/2952 
f 2885/2885/2885 2892/2892/2892 2952/2952/2952 
f 2895/2895/2895 2894/2894/2894 2954/2954/2954 
f 2903/2903/2903 2895/2895/2895 2954/2954/2954 
f 2903/2903/2903 2954/2954/2954 2956/2956/2956 
f 2901/2901/2901 2902/2902/2902 2958/2958/2958 
f 2901/2901/2901 2958/2958/2958 2955/2955/2955 
f 2893/2893/2893 2901/2901/2901 2955/2955/2955 
f 2905/2905/2905 2903/2903/2903 2956/2956/2956 
f 2912/2912/2912 2904/2904/2904 2957/2957/2957 
f 2912/2912/2912 2957/2957/2957 2959/2959/2959 
f 2910/2910/2910 2911/2911/2911 2960/2960/2960 
f 2910/2910/2910 2960/2960/2960 2958/2958/2958 
f 2902/2902/2902 2910/2910/2910 2958/2958/2958 
f 2913/2913/2913 2912/2912/2912 2959/2959/2959 
f 2921/2921/2921 2913/2913/2913 2959/2959/2959 
f 2921/2921/2921 2959/2959/2959 2961/2961/2961 
f 2920/2920/2920 2919/2919/2919 2962/2962/2962 
f 2920/2920/2920 2962/2962/2962 2960/2960/2960 
f 2911/2911/2911 2920/2920/2920 2960/2960/2960 
f 2922/2922/2922 2921/2921/2921 2961/2961/2961 
f 2929/2929/2929 2922/2922/2922 2961/2961/2961 
f 2929/2929/2929 2961/2961/2961 2963/2963/2963 
f 2928/2928/2928 2927/2927/2927 2964/2964/2964 
f 2928/2928/2928 2964/2964/2964 2962/2962/2962 
f 2919/2919/2919 2928/2928/2928 2962/2962/2962 
f 2930/2930/2930 2929/2929/2929 2963/2963/2963 
f 2936/2936/2936 2930/2930/2930 2963/2963/2963 
f 2936/2936/2936 2963/2963/2963 2965/2965/2965 
f 2935/2935/2935 2933/2933/2933 2967/2967/2967 
f 2935/2935/2935 2967/2967/2967 2964/2964/2964 
f 2927/2927/2927 2935/2935/2935 2964/2964/2964 
f 2937/2937/2937 2936/2936/2936 2965/2965/2965 
f 2940/2940/2940 2937/2937/2937 2965/2965/2965 
f 2940/2940/2940 2965/2965/2965 2968/2968/2968 
f 2939/2939/2939 2938/2938/2938 2968/2968/2968 
f 2939/2939/2939 2968/2968/2968 2966/2966/2966 
f 2934/2934/2934 2939/2939/2939 2966/2966/2966 
f 2938/2938/2938 2940/2940/2940 2968/2968/2968 

g Union2

v -7.44019 4.71524 -36.2501 
v -7.44019 4.6042 -36.0838 
v -7.44019 4.57373 -36.1088 
v -7.44019 4.65188 -36.0604 
v -7.64019 4.6042 -36.0838 
v -7.44019 4.54876 -36.1393 
v -7.44019 4.71512 -36.0501 
v -7.64019 4.65188 -36.0604 
v -7.64019 4.57373 -36.1088 
v -7.44019 4.52547 -36.187 
v -7.44019 4.77837 -36.0603 
v -7.64019 4.71512 -36.0501 
v -7.64019 4.63751 -36.1337 
v -7.64019 4.64228 -36.1313 
v -7.64019 4.67089 -36.1173 
v -7.64019 4.61923 -36.1487 
v -7.64019 4.61618 -36.1512 
v -7.64019 4.54876 -36.1393 
v -7.44019 4.51524 -36.2502 
v -7.44019 4.82608 -36.0836 
v -7.64019 4.77837 -36.0603 
v -7.64019 4.67721 -36.1163 
v -7.64019 4.71515 -36.1101 
v -7.64019 4.6012 -36.1695 
v -7.64019 4.5987 -36.1725 
v -7.64019 4.52546 -36.187 
v -7.44019 4.52554 -36.3135 
v -7.44019 4.85657 -36.1086 
v -7.64019 4.82608 -36.0836 
v -7.64019 4.72148 -36.1111 
v -7.64019 4.75943 -36.1173 
v -7.64019 4.58473 -36.2012 
v -7.64019 4.5824 -36.2059 
v -7.64019 4.51524 -36.2502 
v -7.44019 4.5489 -36.3612 
v -7.44019 4.88158 -36.1391 
v -7.64019 4.85657 -36.1086 
v -7.64019 4.7642 -36.1196 
v -7.64019 4.79283 -36.1336 
v -7.64019 4.57626 -36.2439 
v -7.64019 4.57524 -36.2502 
v -7.64019 4.52554 -36.3135 
v -7.44019 4.57391 -36.3916 
v -7.44019 4.90494 -36.1868 
v -7.64019 4.88158 -36.1391 
v -7.64019 4.79588 -36.1361 
v -7.64019 4.81417 -36.1511 
v -7.64019 4.58142 -36.2882 
v -7.64019 4.58245 -36.2945 
v -7.64019 4.5489 -36.3612 
v -7.44019 4.6044 -36.4166 
v -7.44019 4.91524 -36.25 
v -7.64019 4.90494 -36.1868 
v -7.64019 4.81667 -36.1541 
v -7.64019 4.83168 -36.1724 
v -7.64019 4.59647 -36.3231 
v -7.64019 4.5988 -36.3279 
v -7.64019 4.57391 -36.3916 
v -7.44019 4.65211 -36.4399 
v -7.44019 4.90502 -36.3133 
v -7.64019 4.91524 -36.25 
v -7.64019 4.83401 -36.1772 
v -7.64019 4.84803 -36.2058 
v -7.64019 4.61381 -36.3461 
v -7.64019 4.61631 -36.3492 
v -7.64019 4.6044 -36.4166 
v -7.44019 4.71537 -36.4501 
v -7.44019 4.88172 -36.361 
v -7.64019 4.90502 -36.3132 
v -7.64019 4.84906 -36.2121 
v -7.64019 4.85524 -36.25 
v -7.64019 4.6346 -36.3642 
v -7.64019 4.63765 -36.3667 
v -7.64019 4.65211 -36.4399 
v -7.44019 4.7786 -36.4398 
v -7.44019 4.85675 -36.3915 
v -7.64019 4.88172 -36.361 
v -7.64019 4.84808 -36.2943 
v -7.64019 4.85422 -36.2564 
v -7.64019 4.66628 -36.3806 
v -7.64019 4.67105 -36.383 
v -7.64019 4.71536 -36.4501 
v -7.44019 4.82628 -36.4165 
v -7.64019 4.85675 -36.3915 
v -7.64019 4.83178 -36.3277 
v -7.64019 4.84575 -36.2991 
v -7.64019 4.709 -36.3891 
v -7.64019 4.71533 -36.3901 
v -7.64019 4.7786 -36.4398 
v -7.64019 4.82628 -36.4165 
v -7.64019 4.8143 -36.3491 
v -7.64019 4.82928 -36.3308 
v -7.64019 4.75327 -36.3839 
v -7.64019 4.75959 -36.3829 
v -7.64019 4.79297 -36.3666 
v -7.64019 4.81125 -36.3516 
v -7.64019 4.7882 -36.3689 
v -7.56018 4.63751 -36.1337 
v -7.56019 4.71524 -36.2501 
v -7.56018 4.61618 -36.1512 
v -7.56018 4.67089 -36.1173 
v -7.56018 4.5987 -36.1725 
v -7.56018 4.71515 -36.1101 
v -7.56018 4.5824 -36.2059 
v -7.56018 4.75943 -36.1173 
v -7.56018 4.57524 -36.2502 
v -7.56018 4.79283 -36.1336 
v -7.56019 4.58245 -36.2945 
v -7.56018 4.81417 -36.1511 
v -7.56019 4.5988 -36.3279 
v -7.56019 4.83168 -36.1724 
v -7.56019 4.61631 -36.3492 
v -7.56019 4.84803 -36.2058 
v -7.56019 4.63765 -36.3667 
v -7.56019 4.85524 -36.25 
v -7.56019 4.67105 -36.383 
v -7.56019 4.84808 -36.2943 
v -7.56019 4.71533 -36.3901 
v -7.56019 4.83178 -36.3277 
v -7.56019 4.75959 -36.3829 
v -7.56019 4.8143 -36.3491 
v -7.56019 4.79297 -36.3666 
v -7.44019 4.6042 -36.0838 
v -7.44019 4.57373 -36.1088 
v -7.44019 4.57373 -36.1088 
v -7.44019 4.65188 -36.0604 
v -7.64019 4.6042 -36.0838 
v -7.44019 4.54876 -36.1393 
v -7.44019 4.71512 -36.0501 
v -7.64019 4.65188 -36.0604 
v -7.64019 4.57373 -36.1088 
v -7.64019 4.57373 -36.1088 
v -7.44019 4.52547 -36.187 
v -7.44019 4.77837 -36.0603 
v -7.64019 4.71512 -36.0501 
v -7.64019 4.63751 -36.1337 
v -7.64019 4.64228 -36.1313 
v -7.64019 4.67089 -36.1173 
v -7.64019 4.61923 -36.1487 
v -7.64019 4.61618 -36.1512 
v -7.64019 4.61618 -36.1512 
v -7.64019 4.54876 -36.1393 
v -7.44019 4.51524 -36.2502 
v -7.44019 4.82608 -36.0836 
v -7.64019 4.77837 -36.0603 
v -7.64019 4.67721 -36.1163 
v -7.64019 4.71515 -36.1101 
v -7.64019 4.6012 -36.1695 
v -7.64019 4.5987 -36.1725 
v -7.64019 4.52546 -36.187 
v -7.44019 4.52554 -36.3135 
v -7.44019 4.85657 -36.1086 
v -7.44019 4.85657 -36.1086 
v -7.64019 4.82608 -36.0836 
v -7.64019 4.72148 -36.1111 
v -7.64019 4.75943 -36.1173 
v -7.64019 4.58473 -36.2012 
v -7.64019 4.5824 -36.2059 
v -7.64019 4.51524 -36.2502 
v -7.44019 4.5489 -36.3612 
v -7.44019 4.88158 -36.1391 
v -7.64019 4.85657 -36.1086 
v -7.64019 4.85657 -36.1086 
v -7.64019 4.7642 -36.1196 
v -7.64019 4.79283 -36.1336 
v -7.64019 4.57626 -36.2439 
v -7.64019 4.57524 -36.2502 
v -7.64019 4.52554 -36.3135 
v -7.44019 4.57391 -36.3916 
v -7.44019 4.57391 -36.3916 
v -7.44019 4.90494 -36.1868 
v -7.64019 4.88158 -36.1391 
v -7.64019 4.79588 -36.1361 
v -7.64019 4.81417 -36.1511 
v -7.64019 4.81417 -36.1511 
v -7.64019 4.58142 -36.2882 
v -7.64019 4.58245 -36.2945 
v -7.64019 4.5489 -36.3612 
v -7.44019 4.6044 -36.4166 
v -7.44019 4.91524 -36.25 
v -7.64019 4.90494 -36.1868 
v -7.64019 4.81667 -36.1541 
v -7.64019 4.83168 -36.1724 
v -7.64019 4.59647 -36.3231 
v -7.64019 4.5988 -36.3279 
v -7.64019 4.57391 -36.3916 
v -7.64019 4.57391 -36.3916 
v -7.44019 4.65211 -36.4399 
v -7.44019 4.90502 -36.3133 
v -7.64019 4.91524 -36.25 
v -7.64019 4.83401 -36.1772 
v -7.64019 4.84803 -36.2058 
v -7.64019 4.61381 -36.3461 
v -7.64019 4.61631 -36.3492 
v -7.64019 4.61631 -36.3492 
v -7.64019 4.6044 -36.4166 
v -7.44019 4.71537 -36.4501 
v -7.44019 4.88172 -36.361 
v -7.64019 4.90502 -36.3132 
v -7.64019 4.84906 -36.2121 
v -7.64019 4.85524 -36.25 
v -7.64019 4.6346 -36.3642 
v -7.64019 4.63765 -36.3667 
v -7.64019 4.65211 -36.4399 
v -7.44019 4.7786 -36.4398 
v -7.44019 4.85675 -36.3915 
v -7.44019 4.85675 -36.3915 
v -7.64019 4.88172 -36.361 
v -7.64019 4.84808 -36.2943 
v -7.64019 4.85422 -36.2564 
v -7.64019 4.66628 -36.3806 
v -7.64019 4.67105 -36.383 
v -7.64019 4.71536 -36.4501 
v -7.44019 4.82628 -36.4165 
v -7.64019 4.85675 -36.3915 
v -7.64019 4.85675 -36.3915 
v -7.64019 4.83178 -36.3277 
v -7.64019 4.84575 -36.2991 
v -7.64019 4.709 -36.3891 
v -7.64019 4.71533 -36.3901 
v -7.64019 4.7786 -36.4398 
v -7.64019 4.82628 -36.4165 
v -7.64019 4.8143 -36.3491 
v -7.64019 4.8143 -36.3491 
v -7.64019 4.82928 -36.3308 
v -7.64019 4.75327 -36.3839 
v -7.64019 4.75959 -36.3829 
v -7.64019 4.79297 -36.3666 
v -7.64019 4.81125 -36.3516 
v -7.64019 4.7882 -36.3689 
v -7.56018 4.63751 -36.1337 
v -7.56018 4.61618 -36.1512 
v -7.56018 4.61618 -36.1512 
v -7.56018 4.67089 -36.1173 
v -7.56018 4.5987 -36.1725 
v -7.56018 4.71515 -36.1101 
v -7.56018 4.5824 -36.2059 
v -7.56018 4.75943 -36.1173 
v -7.56018 4.57524 -36.2502 
v -7.56018 4.79283 -36.1336 
v -7.56019 4.58245 -36.2945 
v -7.56018 4.81417 -36.1511 
v -7.56018 4.81417 -36.1511 
v -7.56019 4.5988 -36.3279 
v -7.56019 4.83168 -36.1724 
v -7.56019 4.61631 -36.3492 
v -7.56019 4.61631 -36.3492 
v -7.56019 4.84803 -36.2058 
v -7.56019 4.63765 -36.3667 
v -7.56019 4.85524 -36.25 
v -7.56019 4.67105 -36.383 
v -7.56019 4.84808 -36.2943 
v -7.56019 4.71533 -36.3901 
v -7.56019 4.83178 -36.3277 
v -7.56019 4.75959 -36.3829 
v -7.56019 4.8143 -36.3491 
v -7.56019 4.8143 -36.3491 
v -7.56019 4.79297 -36.3666 

vn 1 0 0 
vn 1 0 0 
vn 1 0 0 
vn 1 0 0 
vn 0 -0.559055 0.826772 
vn 1 0 0 
vn 1 0 0 
vn 0 -0.338583 0.944882 
vn 0 -0.732283 0.685039 
vn 1 0 0 
vn 1 0 0 
vn 0 -0.0551181 1 
vn -1 0 0 
vn -1 0 0 
vn -1 0 0 
vn -1 0 0 
vn -1 0 0 
vn 0 -0.866142 0.496063 
vn 1 0 0 
vn 1 0 0 
vn 0 0.244094 0.968504 
vn -1 0 0 
vn -1 0 0 
vn -1 0 0 
vn -1 0 0 
vn 0 -0.968504 0.244094 
vn 1 0 0 
vn 1 0 0 
vn 0 0.496063 0.866142 
vn -1 0 0 
vn -1 0 0 
vn -1 0 0 
vn -1 0 0 
vn 0 -1 -0.0551181 
vn 1 0 0 
vn 1 0 0 
vn 0 0.685039 0.732283 
vn -1 0 0 
vn -1 0 0 
vn -1 0 0 
vn -1 0 0 
vn 0 -0.944882 -0.338583 
vn 1 0 0 
vn 1 0 0 
vn 0 0.826772 0.559055 
vn -1 0 0 
vn -1 0 0 
vn -1 0 0 
vn -1 0 0 
vn 0 -0.826772 -0.559055 
vn 1 0 0 
vn 1 0 0 
vn 0 0.944882 0.338583 
vn -1 0 0 
vn -1 0 0 
vn -1 0 0 
vn -1 0 0 
vn 0 -0.685039 -0.732283 
vn 1 0 0 
vn 1 0 0 
vn 0 1 0.0551181 
vn -1 0 0 
vn -1 0 0 
vn -1 0 0 
vn -1 0 0 
vn 0 -0.496063 -0.866142 
vn 1 0 0 
vn 1 0 0 
vn 0 0.968504 -0.244094 
vn -1 0 0 
vn -1 0 0 
vn -1 0 0 
vn -1 0 0 
vn 0 -0.244094 -0.968504 
vn 1 0 0 
vn 1 0 0 
vn 0 0.866142 -0.496063 
vn -1 0 0 
vn -1 0 0 
vn -1 0 0 
vn -1 0 0 
vn 0 0.0551181 -1 
vn 1 0 0 
vn 0 0.732283 -0.685039 
vn -1 0 0 
vn -1 0 0 
vn -1 0 0 
vn -1 0 0 
vn 0 0.338583 -0.944882 
vn 0 0.559055 -0.826772 
vn -1 0 0 
vn -1 0 0 
vn -1 0 0 
vn -1 0 0 
vn -1 0 0 
vn -1 0 0 
vn -1 0 0 
vn -1 0 0 
vn -1 0 0 
vn -1 0 0 
vn -1 0 0 
vn -1 0 0 
vn -1 0 0 
vn -1 0 0 
vn -1 0 0 
vn -1 0 0 
vn -1 0 0 
vn -1 0 0 
vn -1 0 0 
vn -1 0 0 
vn -1 0 0 
vn -1 0 0 
vn -1 0 0 
vn -1 0 0 
vn -1 0 0 
vn -1 0 0 
vn -1 0 0 
vn -1 0 0 
vn -1 0 0 
vn -1 0 0 
vn -1 0 0 
vn -1 0 0 
vn 0 -0.496063 0.866142 
vn 0 -0.685039 0.732283 
vn 0 -0.685039 0.732283 
vn 0 -0.244094 0.968504 
vn -1 0 0 
vn 0 -0.826772 0.559055 
vn 0 0.0551181 1 
vn -1 0 0 
vn 0 -0.732283 0.685039 
vn -1 0 0 
vn 0 -0.944882 0.338583 
vn 0 0.338583 0.944882 
vn -1 0 0 
vn 0 0.598425 -0.795276 
vn 0 0.440945 -0.897638 
vn 0 0.393701 -0.92126 
vn 0 0.637795 -0.771654 
vn 0 0.755906 -0.653543 
vn 0 0.755906 -0.653543 
vn -1 0 0 
vn 0 -1 0.0551181 
vn 0 0.559055 0.826772 
vn -1 0 0 
vn 0 0.15748 -0.984252 
vn 0 0.11811 -0.992126 
vn 0 0.771654 -0.629921 
vn 0 0.889764 -0.464567 
vn -1 0 0 
vn 0 -0.968504 -0.244094 
vn 0 0.732283 0.685039 
vn 0 0.732283 0.685039 
vn -1 0 0 
vn 0 -0.15748 -0.984252 
vn 0 -0.19685 -0.984252 
vn 0 0.897638 -0.440945 
vn 0 0.984252 -0.19685 
vn -1 0 0 
vn 0 -0.866142 -0.496063 
vn 0 0.866142 0.496063 
vn -1 0 0 
vn 0 0.685039 0.732283 
vn 0 -0.440945 -0.897638 
vn 0 -0.464567 -0.889764 
vn 0 0.984252 -0.15748 
vn 0 0.992126 0.11811 
vn -1 0 0 
vn 0 -0.732283 -0.685039 
vn 0 -0.732283 -0.685039 
vn 0 0.968504 0.244094 
vn -1 0 0 
vn 0 -0.629921 -0.771654 
vn 0 -0.653543 -0.755906 
vn 0 -0.653543 -0.755906 
vn 0 0.984252 0.15748 
vn 0 0.92126 0.393701 
vn -1 0 0 
vn 0 -0.559055 -0.826772 
vn 0 1 -0.0551181 
vn -1 0 0 
vn 0 -0.771654 -0.637795 
vn 0 -0.795276 -0.598425 
vn 0 0.897638 0.440945 
vn 0 0.795276 0.598425 
vn 0 -0.685039 -0.732283 
vn -1 0 0 
vn 0 -0.338583 -0.944882 
vn 0 0.944882 -0.338583 
vn -1 0 0 
vn 0 -0.897638 -0.440945 
vn 0 -0.92126 -0.393701 
vn 0 0.771654 0.637795 
vn 0 0.653543 0.755906 
vn 0 0.653543 0.755906 
vn -1 0 0 
vn 0 -0.0551181 -1 
vn 0 0.826772 -0.559055 
vn -1 0 0 
vn 0 -0.984252 -0.15748 
vn 0 -0.992126 -0.11811 
vn 0 0.629921 0.771654 
vn 0 0.464567 0.889764 
vn -1 0 0 
vn 0 0.244094 -0.968504 
vn 0 0.685039 -0.732283 
vn 0 0.685039 -0.732283 
vn -1 0 0 
vn 0 -0.984252 0.19685 
vn 0 -0.984252 0.15748 
vn 0 0.440945 0.897638 
vn 0 0.19685 0.984252 
vn -1 0 0 
vn 0 0.496063 -0.866142 
vn -1 0 0 
vn 0 0.732283 -0.685039 
vn 0 -0.889764 0.464567 
vn 0 -0.897638 0.440945 
vn 0 0.15748 0.984252 
vn 0 -0.11811 0.992126 
vn -1 0 0 
vn -1 0 0 
vn 0 -0.755906 0.653543 
vn 0 -0.755906 0.653543 
vn 0 -0.771654 0.629921 
vn 0 -0.15748 0.984252 
vn 0 -0.393701 0.92126 
vn 0 -0.598425 0.795276 
vn 0 -0.637795 0.771654 
vn 0 -0.440945 0.897638 
vn 0 0.551181 -0.834646 
vn 0 0.724409 -0.692913 
vn 0 0.724409 -0.692913 
vn 0 0.322835 -0.944882 
vn 0 0.866142 -0.503937 
vn 0 0.0393701 -1 
vn 0 0.968504 -0.259843 
vn 0 -0.259843 -0.968504 
vn 0 1 0.0393701 
vn 0 -0.503937 -0.866142 
vn 0 0.944882 0.322835 
vn 0 -0.692913 -0.724409 
vn 0 -0.692913 -0.724409 
vn 0 0.834646 0.551181 
vn 0 -0.834646 -0.551181 
vn 0 0.692913 0.724409 
vn 0 0.692913 0.724409 
vn 0 -0.944882 -0.322835 
vn 0 0.503937 0.866142 
vn 0 -1 -0.0393701 
vn 0 0.259843 0.968504 
vn 0 -0.968504 0.259843 
vn 0 -0.0393701 1 
vn 0 -0.866142 0.503937 
vn 0 -0.322835 0.944882 
vn 0 -0.724409 0.692913 
vn 0 -0.724409 0.692913 
vn 0 -0.551181 0.834646 

vt 0.051022 1.4468 
vt 0.0718233 1.46066 
vt 0.0686997 1.46447 
vt 0.0747391 1.4547 
vt 0.063522 1.46066 
vt 0.0648895 1.4676 
vt 0.076022 1.4468 
vt 0.063522 1.4547 
vt 0.063522 1.46447 
vt 0.0589277 1.47051 
vt 0.0747391 1.43889 
vt 0.063522 1.4468 
vt 0.0364611 1.4565 
vt 0.0361695 1.45591 
vt 0.03442 1.45233 
vt 0.0383352 1.45879 
vt 0.0386476 1.45917 
vt 0.063522 1.43293 
vt 0.051022 1.4718 
vt 0.0718233 1.43293 
vt 0.063522 1.43889 
vt 0.0342917 1.45154 
vt 0.033522 1.4468 
vt 0.0409337 1.46105 
vt 0.0413147 1.46136 
vt 0.063522 1.43889 
vt 0.0431163 1.47051 
vt 0.0686997 1.42912 
vt 0.063522 1.43293 
vt 0.0336503 1.44601 
vt 0.03442 1.44126 
vt 0.0448918 1.46311 
vt 0.045488 1.4634 
vt 0.063522 1.4468 
vt 0.0371545 1.4676 
vt 0.0648895 1.426 
vt 0.063522 1.42912 
vt 0.0347116 1.44067 
vt 0.0364611 1.43709 
vt 0.0502314 1.46417 
vt 0.051022 1.4643 
vt 0.063522 1.4547 
vt 0.0333443 1.46447 
vt 0.0589277 1.42308 
vt 0.038522 1.43293 
vt 0.0367735 1.43671 
vt 0.0386476 1.43442 
vt 0.0557653 1.46353 
vt 0.056556 1.4634 
vt 0.063522 1.46066 
vt 0.0302207 1.46066 
vt 0.051022 1.4218 
vt 0.038522 1.43889 
vt 0.0390287 1.43411 
vt 0.0413147 1.43224 
vt 0.060133 1.46165 
vt 0.0607292 1.46136 
vt 0.063522 1.46447 
vt 0.0273049 1.4547 
vt 0.0431163 1.42308 
vt 0.038522 1.4468 
vt 0.041911 1.43194 
vt 0.045488 1.4302 
vt 0.0630153 1.45948 
vt 0.0633964 1.45917 
vt 0.038522 1.46066 
vt 0.026022 1.4468 
vt 0.0371545 1.426 
vt 0.038522 1.4547 
vt 0.0462786 1.43007 
vt 0.051022 1.4293 
vt 0.0652705 1.45689 
vt 0.0655829 1.4565 
vt 0.038522 1.4547 
vt 0.0273049 1.43889 
vt 0.0333443 1.42912 
vt 0.038522 1.46066 
vt 0.056556 1.4302 
vt 0.0518126 1.42943 
vt 0.0673323 1.45293 
vt 0.067624 1.45233 
vt 0.038522 1.4468 
vt 0.0302207 1.43293 
vt 0.038522 1.46447 
vt 0.0607293 1.43224 
vt 0.0571522 1.43049 
vt 0.0683937 1.44759 
vt 0.068522 1.4468 
vt 0.038522 1.43889 
vt 0.038522 1.43293 
vt 0.0633964 1.43442 
vt 0.0611103 1.43255 
vt 0.0677523 1.44205 
vt 0.067624 1.44126 
vt 0.0655829 1.43709 
vt 0.0637087 1.4348 
vt 0.0658745 1.43769 
vt 0.0364611 1.4565 
vt 0.051022 1.4468 
vt 0.0386476 1.45917 
vt 0.03442 1.45233 
vt 0.0413147 1.46136 
vt 0.033522 1.4468 
vt 0.045488 1.4634 
vt 0.03442 1.44126 
vt 0.051022 1.4643 
vt 0.0364611 1.43709 
vt 0.056556 1.4634 
vt 0.0386476 1.43442 
vt 0.0607292 1.46136 
vt 0.0413147 1.43224 
vt 0.0633964 1.45917 
vt 0.045488 1.4302 
vt 0.0655829 1.4565 
vt 0.051022 1.4293 
vt 0.067624 1.45233 
vt 0.056556 1.4302 
vt 0.068522 1.4468 
vt 0.0607293 1.43224 
vt 0.067624 1.44126 
vt 0.0633964 1.43442 
vt 0.0655829 1.43709 
vt 0.038522 1.46066 
vt 0.038522 1.42912 
vt 0.038522 1.46447 
vt 0.038522 1.4547 
vt 0.0302207 1.46066 
vt 0.038522 1.43293 
vt 0.038522 1.4468 
vt 0.0273049 1.4547 
vt 0.063522 1.42912 
vt 0.0333443 1.46447 
vt 0.038522 1.43889 
vt 0.038522 1.43889 
vt 0.026022 1.4468 
vt 0.038522 1.4565 
vt 0.038522 1.45591 
vt 0.038522 1.45233 
vt 0.038522 1.45879 
vt 0.038522 1.43442 
vt 0.038522 1.45917 
vt 0.0371545 1.4676 
vt 0.038522 1.4468 
vt 0.038522 1.43293 
vt 0.0273049 1.43889 
vt 0.038522 1.45154 
vt 0.038522 1.4468 
vt 0.038522 1.43671 
vt 0.038522 1.43709 
vt 0.0431163 1.47051 
vt 0.038522 1.4547 
vt 0.038522 1.42912 
vt 0.063522 1.42912 
vt 0.0302207 1.43293 
vt 0.038522 1.44601 
vt 0.038522 1.44126 
vt 0.038522 1.44067 
vt 0.038522 1.44126 
vt 0.051022 1.4718 
vt 0.038522 1.46066 
vt 0.063522 1.43293 
vt 0.0333443 1.42912 
vt 0.038522 1.42912 
vt 0.038522 1.44067 
vt 0.038522 1.43709 
vt 0.038522 1.44601 
vt 0.038522 1.4468 
vt 0.0589277 1.47051 
vt 0.063522 1.46447 
vt 0.038522 1.46447 
vt 0.063522 1.43889 
vt 0.0371545 1.426 
vt 0.038522 1.43671 
vt 0.038522 1.43442 
vt 0.063522 1.43442 
vt 0.038522 1.45154 
vt 0.038522 1.45233 
vt 0.0648895 1.4676 
vt 0.063522 1.46066 
vt 0.063522 1.4468 
vt 0.0431163 1.42308 
vt 0.063522 1.4348 
vt 0.063522 1.43709 
vt 0.038522 1.45591 
vt 0.038522 1.4565 
vt 0.038522 1.46447 
vt 0.0686997 1.46447 
vt 0.063522 1.4547 
vt 0.063522 1.4547 
vt 0.051022 1.4218 
vt 0.063522 1.43769 
vt 0.063522 1.44126 
vt 0.038522 1.45879 
vt 0.063522 1.45917 
vt 0.038522 1.45917 
vt 0.0718233 1.46066 
vt 0.063522 1.4468 
vt 0.063522 1.46066 
vt 0.0589277 1.42308 
vt 0.063522 1.44205 
vt 0.063522 1.4468 
vt 0.063522 1.45689 
vt 0.063522 1.4565 
vt 0.0747391 1.4547 
vt 0.063522 1.43889 
vt 0.063522 1.46447 
vt 0.063522 1.42912 
vt 0.0648895 1.426 
vt 0.063522 1.45233 
vt 0.063522 1.44759 
vt 0.063522 1.45293 
vt 0.063522 1.45233 
vt 0.076022 1.4468 
vt 0.063522 1.43293 
vt 0.0686997 1.42912 
vt 0.038522 1.42912 
vt 0.063522 1.4565 
vt 0.063522 1.45293 
vt 0.063522 1.44759 
vt 0.063522 1.4468 
vt 0.0747391 1.43889 
vt 0.0718233 1.43293 
vt 0.063522 1.45917 
vt 0.063522 1.43442 
vt 0.063522 1.45689 
vt 0.063522 1.44205 
vt 0.063522 1.44126 
vt 0.063522 1.43709 
vt 0.063522 1.4348 
vt 0.063522 1.43769 
vt 0.0485228 1.4565 
vt 0.0485228 1.45917 
vt 0.0485228 1.43442 
vt 0.0485228 1.45233 
vt 0.0485228 1.43709 
vt 0.0485228 1.4468 
vt 0.0485228 1.44126 
vt 0.0485228 1.44126 
vt 0.0485228 1.4468 
vt 0.0485228 1.43709 
vt 0.0485228 1.45233 
vt 0.0535212 1.43442 
vt 0.0485228 1.43442 
vt 0.0485228 1.4565 
vt 0.0535212 1.43709 
vt 0.0485228 1.45917 
vt 0.0535212 1.45917 
vt 0.0535212 1.44126 
vt 0.0535212 1.4565 
vt 0.0535212 1.4468 
vt 0.0535212 1.45233 
vt 0.0535212 1.45233 
vt 0.0535212 1.4468 
vt 0.0535212 1.4565 
vt 0.0535212 1.44126 
vt 0.0535212 1.43442 
vt 0.0535212 1.45917 
vt 0.0535212 1.43709 

usemtl Union2Mtl

f 2969/2969/2969 2970/2970/2970 2971/2971/2971 
f 2970/2970/2970 2969/2969/2969 2972/2972/2972 
f 3093/3093/3093 3091/3091/3091 2973/2973/2973 
f 2969/2969/2969 2971/2971/2971 2974/2974/2974 
f 2972/2972/2972 2969/2969/2969 2975/2975/2975 
f 3091/3091/3091 3094/3094/3094 2976/2976/2976 
f 2973/2973/2973 3091/3091/3091 2976/2976/2976 
f 3093/3093/3093 2973/2973/2973 2977/2977/2977 
f 3096/3096/3096 3092/3092/3092 3099/3099/3099 
f 2969/2969/2969 2974/2974/2974 2978/2978/2978 
f 2975/2975/2975 2969/2969/2969 2979/2979/2979 
f 3094/3094/3094 3097/3097/3097 2980/2980/2980 
f 2976/2976/2976 3094/3094/3094 2980/2980/2980 
f 2981/2981/2981 3095/3095/3095 2982/2982/2982 
f 2982/2982/2982 3098/3098/3098 2983/2983/2983 
f 3098/3098/3098 2982/2982/2982 3095/3095/3095 
f 3100/3100/3100 3095/3095/3095 2984/2984/2984 
f 2984/2984/2984 2985/2985/2985 3100/3100/3100 
f 2981/2981/2981 2984/2984/2984 3095/3095/3095 
f 3096/3096/3096 3099/3099/3099 2986/2986/2986 
f 3101/3101/3101 3096/3096/3096 2986/2986/2986 
f 2969/2969/2969 2978/2978/2978 2987/2987/2987 
f 2979/2979/2979 2969/2969/2969 2988/2988/2988 
f 3097/3097/3097 3102/3102/3102 2989/2989/2989 
f 2980/2980/2980 3097/3097/3097 2989/2989/2989 
f 2983/2983/2983 3098/3098/3098 2990/2990/2990 
f 2990/2990/2990 3103/3103/3103 2991/2991/2991 
f 3103/3103/3103 2990/2990/2990 3098/3098/3098 
f 3110/3110/3110 3100/3100/3100 2992/2992/2992 
f 3110/3110/3110 2992/2992/2992 2993/2993/2993 
f 2992/2992/2992 3100/3100/3100 2985/2985/2985 
f 3101/3101/3101 2986/2986/2986 2994/2994/2994 
f 3111/3111/3111 3101/3101/3101 2994/2994/2994 
f 2969/2969/2969 2987/2987/2987 2995/2995/2995 
f 2988/2988/2988 2969/2969/2969 2996/2996/2996 
f 3102/3102/3102 3112/3112/3112 2997/2997/2997 
f 2989/2989/2989 3102/3102/3102 2997/2997/2997 
f 2991/2991/2991 3103/3103/3103 2998/2998/2998 
f 2998/2998/2998 3113/3113/3113 2999/2999/2999 
f 3113/3113/3113 2998/2998/2998 3103/3103/3103 
f 3118/3118/3118 3110/3110/3110 3000/3000/3000 
f 3118/3118/3118 3000/3000/3000 3001/3001/3001 
f 3000/3000/3000 3110/3110/3110 2993/2993/2993 
f 3111/3111/3111 2994/2994/2994 3002/3002/3002 
f 3119/3119/3119 3111/3111/3111 3002/3002/3002 
f 2969/2969/2969 2995/2995/2995 3003/3003/3003 
f 2996/2996/2996 2969/2969/2969 3004/3004/3004 
f 3112/3112/3112 3120/3120/3120 3005/3005/3005 
f 2997/2997/2997 3112/3112/3112 3005/3005/3005 
f 3006/3006/3006 2999/2999/2999 3113/3113/3113 
f 3122/3122/3122 3007/3007/3007 3006/3006/3006 
f 3122/3122/3122 3006/3006/3006 3113/3113/3113 
f 3127/3127/3127 3118/3118/3118 3008/3008/3008 
f 3127/3127/3127 3008/3008/3008 3009/3009/3009 
f 3008/3008/3008 3118/3118/3118 3001/3001/3001 
f 3119/3119/3119 3002/3002/3002 3010/3010/3010 
f 3128/3128/3128 3119/3119/3119 3010/3010/3010 
f 2969/2969/2969 3003/3003/3003 3011/3011/3011 
f 3004/3004/3004 2969/2969/2969 3012/3012/3012 
f 3121/3121/3121 3129/3129/3129 3013/3013/3013 
f 3131/3131/3131 3121/3121/3121 3013/3013/3013 
f 3014/3014/3014 3007/3007/3007 3122/3122/3122 
f 3014/3014/3014 3130/3130/3130 3015/3015/3015 
f 3130/3130/3130 3014/3014/3014 3122/3122/3122 
f 3136/3136/3136 3127/3127/3127 3016/3016/3016 
f 3016/3016/3016 3017/3017/3017 3136/3136/3136 
f 3009/3009/3009 3016/3016/3016 3127/3127/3127 
f 3128/3128/3128 3010/3010/3010 3018/3018/3018 
f 3138/3138/3138 3128/3128/3128 3018/3018/3018 
f 2969/2969/2969 3011/3011/3011 3019/3019/3019 
f 3012/3012/3012 2969/2969/2969 3020/3020/3020 
f 3129/3129/3129 3139/3139/3139 3021/3021/3021 
f 3013/3013/3013 3129/3129/3129 3021/3021/3021 
f 3022/3022/3022 3015/3015/3015 3130/3130/3130 
f 3022/3022/3022 3140/3140/3140 3023/3023/3023 
f 3140/3140/3140 3022/3022/3022 3130/3130/3130 
f 3146/3146/3146 3136/3136/3136 3024/3024/3024 
f 3024/3024/3024 3025/3025/3025 3146/3146/3146 
f 3017/3017/3017 3024/3024/3024 3136/3136/3136 
f 3138/3138/3138 3018/3018/3018 3026/3026/3026 
f 3147/3147/3147 3137/3137/3137 3154/3154/3154 
f 2969/2969/2969 3019/3019/3019 3027/3027/3027 
f 3020/3020/3020 2969/2969/2969 3028/3028/3028 
f 3139/3139/3139 3148/3148/3148 3029/3029/3029 
f 3021/3021/3021 3139/3139/3139 3029/3029/3029 
f 3030/3030/3030 3023/3023/3023 3140/3140/3140 
f 3030/3030/3030 3149/3149/3149 3031/3031/3031 
f 3149/3149/3149 3030/3030/3030 3140/3140/3140 
f 3155/3155/3155 3146/3146/3146 3032/3032/3032 
f 3032/3032/3032 3033/3033/3033 3155/3155/3155 
f 3025/3025/3025 3032/3032/3032 3146/3146/3146 
f 3147/3147/3147 3154/3154/3154 3034/3034/3034 
f 3156/3156/3156 3147/3147/3147 3034/3034/3034 
f 2969/2969/2969 3027/3027/3027 3035/3035/3035 
f 3028/3028/3028 2969/2969/2969 3036/3036/3036 
f 3148/3148/3148 3157/3157/3157 3037/3037/3037 
f 3029/3029/3029 3148/3148/3148 3037/3037/3037 
f 3038/3038/3038 3031/3031/3031 3149/3149/3149 
f 3038/3038/3038 3158/3158/3158 3039/3039/3039 
f 3158/3158/3158 3038/3038/3038 3149/3149/3149 
f 3164/3164/3164 3155/3155/3155 3040/3040/3040 
f 3040/3040/3040 3041/3041/3041 3164/3164/3164 
f 3040/3040/3040 3155/3155/3155 3033/3033/3033 
f 3156/3156/3156 3034/3034/3034 3042/3042/3042 
f 3165/3165/3165 3156/3156/3156 3042/3042/3042 
f 2969/2969/2969 3035/3035/3035 3043/3043/3043 
f 3036/3036/3036 2969/2969/2969 3044/3044/3044 
f 3157/3157/3157 3166/3166/3166 3045/3045/3045 
f 3037/3037/3037 3157/3157/3157 3045/3045/3045 
f 3046/3046/3046 3047/3047/3047 3167/3167/3167 
f 3158/3158/3158 3167/3167/3167 3047/3047/3047 
f 3158/3158/3158 3047/3047/3047 3039/3039/3039 
f 3164/3164/3164 3041/3041/3041 3048/3048/3048 
f 3172/3172/3172 3048/3048/3048 3049/3049/3049 
f 3048/3048/3048 3172/3172/3172 3164/3164/3164 
f 3165/3165/3165 3042/3042/3042 3050/3050/3050 
f 3173/3173/3173 3165/3165/3165 3050/3050/3050 
f 2969/2969/2969 3043/3043/3043 3051/3051/3051 
f 3044/3044/3044 2969/2969/2969 3051/3051/3051 
f 3166/3166/3166 3174/3174/3174 3052/3052/3052 
f 3045/3045/3045 3166/3166/3166 3052/3052/3052 
f 3053/3053/3053 3054/3054/3054 3176/3176/3176 
f 3167/3167/3167 3176/3176/3176 3054/3054/3054 
f 3167/3167/3167 3054/3054/3054 3046/3046/3046 
f 3172/3172/3172 3049/3049/3049 3055/3055/3055 
f 3055/3055/3055 3056/3056/3056 3181/3181/3181 
f 3055/3055/3055 3181/3181/3181 3172/3172/3172 
f 3173/3173/3173 3050/3050/3050 3057/3057/3057 
f 3182/3182/3182 3173/3173/3173 3057/3057/3057 
f 3175/3175/3175 3182/3182/3182 3058/3058/3058 
f 3184/3184/3184 3175/3175/3175 3058/3058/3058 
f 3059/3059/3059 3060/3060/3060 3183/3183/3183 
f 3176/3176/3176 3183/3183/3183 3060/3060/3060 
f 3176/3176/3176 3060/3060/3060 3053/3053/3053 
f 3181/3181/3181 3056/3056/3056 3061/3061/3061 
f 3061/3061/3061 3062/3062/3062 3189/3189/3189 
f 3061/3061/3061 3189/3189/3189 3181/3181/3181 
f 3182/3182/3182 3057/3057/3057 3058/3058/3058 
f 3063/3063/3063 3064/3064/3064 3190/3190/3190 
f 3183/3183/3183 3190/3190/3190 3064/3064/3064 
f 3183/3183/3183 3064/3064/3064 3059/3059/3059 
f 3189/3189/3189 3062/3062/3062 3065/3065/3065 
f 3065/3065/3065 3063/3063/3063 3190/3190/3190 
f 3065/3065/3065 3190/3190/3190 3189/3189/3189 
f 3066/3066/3066 3067/3067/3067 3068/3068/3068 
f 3067/3067/3067 3066/3066/3066 3069/3069/3069 
f 3068/3068/3068 3067/3067/3067 3070/3070/3070 
f 3067/3067/3067 3069/3069/3069 3071/3071/3071 
f 3070/3070/3070 3067/3067/3067 3072/3072/3072 
f 3067/3067/3067 3071/3071/3071 3073/3073/3073 
f 3072/3072/3072 3067/3067/3067 3074/3074/3074 
f 3067/3067/3067 3073/3073/3073 3075/3075/3075 
f 3074/3074/3074 3067/3067/3067 3076/3076/3076 
f 3067/3067/3067 3075/3075/3075 3077/3077/3077 
f 3076/3076/3076 3067/3067/3067 3078/3078/3078 
f 3067/3067/3067 3077/3077/3077 3079/3079/3079 
f 3078/3078/3078 3067/3067/3067 3080/3080/3080 
f 3067/3067/3067 3079/3079/3079 3081/3081/3081 
f 3080/3080/3080 3067/3067/3067 3082/3082/3082 
f 3067/3067/3067 3081/3081/3081 3083/3083/3083 
f 3082/3082/3082 3067/3067/3067 3084/3084/3084 
f 3067/3067/3067 3083/3083/3083 3085/3085/3085 
f 3084/3084/3084 3067/3067/3067 3086/3086/3086 
f 3067/3067/3067 3085/3085/3085 3087/3087/3087 
f 3086/3086/3086 3067/3067/3067 3088/3088/3088 
f 3067/3067/3067 3087/3087/3087 3089/3089/3089 
f 3088/3088/3088 3067/3067/3067 3090/3090/3090 
f 3067/3067/3067 3089/3089/3089 3090/3090/3090 
f 3107/3107/3107 3104/3104/3104 3199/3199/3199 
f 3107/3107/3107 3199/3199/3199 3200/3200/3200 
f 3105/3105/3105 3106/3106/3106 3202/3202/3202 
f 3105/3105/3105 3202/3202/3202 3199/3199/3199 
f 3104/3104/3104 3105/3105/3105 3199/3199/3199 
f 3109/3109/3109 3107/3107/3107 3200/3200/3200 
f 3116/3116/3116 3108/3108/3108 3201/3201/3201 
f 3116/3116/3116 3201/3201/3201 3203/3203/3203 
f 3114/3114/3114 3115/3115/3115 3204/3204/3204 
f 3114/3114/3114 3204/3204/3204 3202/3202/3202 
f 3106/3106/3106 3114/3114/3114 3202/3202/3202 
f 3117/3117/3117 3116/3116/3116 3203/3203/3203 
f 3125/3125/3125 3117/3117/3117 3203/3203/3203 
f 3125/3125/3125 3203/3203/3203 3205/3205/3205 
f 3123/3123/3123 3124/3124/3124 3206/3206/3206 
f 3123/3123/3123 3206/3206/3206 3204/3204/3204 
f 3115/3115/3115 3123/3123/3123 3204/3204/3204 
f 3126/3126/3126 3125/3125/3125 3205/3205/3205 
f 3134/3134/3134 3126/3126/3126 3205/3205/3205 
f 3134/3134/3134 3205/3205/3205 3207/3207/3207 
f 3132/3132/3132 3133/3133/3133 3208/3208/3208 
f 3132/3132/3132 3208/3208/3208 3206/3206/3206 
f 3124/3124/3124 3132/3132/3132 3206/3206/3206 
f 3135/3135/3135 3134/3134/3134 3207/3207/3207 
f 3144/3144/3144 3135/3135/3135 3207/3207/3207 
f 3144/3144/3144 3207/3207/3207 3209/3209/3209 
f 3141/3141/3141 3142/3142/3142 3211/3211/3211 
f 3141/3141/3141 3211/3211/3211 3208/3208/3208 
f 3133/3133/3133 3141/3141/3141 3208/3208/3208 
f 3145/3145/3145 3144/3144/3144 3209/3209/3209 
f 3152/3152/3152 3145/3145/3145 3209/3209/3209 
f 3152/3152/3152 3209/3209/3209 3212/3212/3212 
f 3150/3150/3150 3151/3151/3151 3213/3213/3213 
f 3150/3150/3150 3213/3213/3213 3210/3210/3210 
f 3143/3143/3143 3150/3150/3150 3210/3210/3210 
f 3153/3153/3153 3152/3152/3152 3212/3212/3212 
f 3161/3161/3161 3153/3153/3153 3212/3212/3212 
f 3161/3161/3161 3212/3212/3212 3214/3214/3214 
f 3159/3159/3159 3160/3160/3160 3216/3216/3216 
f 3159/3159/3159 3216/3216/3216 3213/3213/3213 
f 3151/3151/3151 3159/3159/3159 3213/3213/3213 
f 3163/3163/3163 3161/3161/3161 3214/3214/3214 
f 3170/3170/3170 3162/3162/3162 3215/3215/3215 
f 3170/3170/3170 3215/3215/3215 3217/3217/3217 
f 3168/3168/3168 3169/3169/3169 3218/3218/3218 
f 3168/3168/3168 3218/3218/3218 3216/3216/3216 
f 3160/3160/3160 3168/3168/3168 3216/3216/3216 
f 3171/3171/3171 3170/3170/3170 3217/3217/3217 
f 3179/3179/3179 3171/3171/3171 3217/3217/3217 
f 3179/3179/3179 3217/3217/3217 3219/3219/3219 
f 3178/3178/3178 3177/3177/3177 3220/3220/3220 
f 3178/3178/3178 3220/3220/3220 3218/3218/3218 
f 3169/3169/3169 3178/3178/3178 3218/3218/3218 
f 3180/3180/3180 3179/3179/3179 3219/3219/3219 
f 3187/3187/3187 3180/3180/3180 3219/3219/3219 
f 3187/3187/3187 3219/3219/3219 3221/3221/3221 
f 3186/3186/3186 3185/3185/3185 3222/3222/3222 
f 3186/3186/3186 3222/3222/3222 3220/3220/3220 
f 3177/3177/3177 3186/3186/3186 3220/3220/3220 
f 3188/3188/3188 3187/3187/3187 3221/3221/3221 
f 3194/3194/3194 3188/3188/3188 3221/3221/3221 
f 3194/3194/3194 3221/3221/3221 3223/3223/3223 
f 3193/3193/3193 3191/3191/3191 3225/3225/3225 
f 3193/3193/3193 3225/3225/3225 3222/3222/3222 
f 3185/3185/3185 3193/3193/3193 3222/3222/3222 
f 3195/3195/3195 3194/3194/3194 3223/3223/3223 
f 3198/3198/3198 3195/3195/3195 3223/3223/3223 
f 3198/3198/3198 3223/3223/3223 3226/3226/3226 
f 3197/3197/3197 3196/3196/3196 3226/3226/3226 
f 3197/3197/3197 3226/3226/3226 3224/3224/3224 
f 3192/3192/3192 3197/3197/3197 3224/3224/3224 
f 3196/3196/3196 3198/3198/3198 3226/3226/3226 

g Union3

v -7.9401 4.71526 -36.2504 
v -7.9401 4.46554 -36.0841 
v -7.9401 4.503 -36.0384 
v -7.9401 4.4306 -36.1557 
v -7.6401 4.46554 -36.0841 
v -7.9401 4.5487 -36.0009 
v -7.9401 4.41526 -36.2506 
v -7.6401 4.4306 -36.1557 
v -7.6401 4.503 -36.0384 
v -7.9401 4.62022 -35.9659 
v -7.9401 4.43072 -36.3454 
v -7.6401 4.41526 -36.2506 
v -7.6401 4.54046 -36.134 
v -7.6401 4.53696 -36.1412 
v -7.6401 4.516 -36.1841 
v -7.6401 4.56293 -36.1066 
v -7.6401 4.56668 -36.102 
v -7.6401 4.5487 -36.0009 
v -7.9401 4.71508 -35.9504 
v -7.9401 4.46575 -36.417 
v -7.6401 4.43072 -36.3454 
v -7.6401 4.51446 -36.1936 
v -7.6401 4.50526 -36.2505 
v -7.6401 4.5941 -36.0795 
v -7.6401 4.59867 -36.0757 
v -7.6401 4.62022 -35.9659 
v -7.9401 4.80995 -35.9657 
v -7.9401 4.50326 -36.4627 
v -7.6401 4.46575 -36.417 
v -7.6401 4.50681 -36.26 
v -7.6401 4.51608 -36.3169 
v -7.6401 4.64158 -36.0547 
v -7.6401 4.64873 -36.0512 
v -7.6401 4.71508 -35.9504 
v -7.9401 4.88152 -36.0007 
v -7.9401 4.54901 -36.5001 
v -7.6401 4.50326 -36.4627 
v -7.6401 4.51958 -36.3241 
v -7.6401 4.54061 -36.367 
v -7.6401 4.70565 -36.0419 
v -7.6401 4.71513 -36.0404 
v -7.6401 4.80995 -35.9657 
v -7.9401 4.92726 -36.0381 
v -7.9401 4.62057 -36.5351 
v -7.6401 4.54901 -36.5001 
v -7.6401 4.54436 -36.3716 
v -7.6401 4.56686 -36.399 
v -7.6401 4.77206 -36.0496 
v -7.6401 4.78155 -36.0511 
v -7.6401 4.88152 -36.0007 
v -7.9401 4.96478 -36.0838 
v -7.9401 4.71545 -36.5504 
v -7.6401 4.62057 -36.5351 
v -7.6401 4.57144 -36.4027 
v -7.6401 4.59889 -36.4252 
v -7.6401 4.82448 -36.0721 
v -7.6401 4.83164 -36.0756 
v -7.6401 4.92726 -36.0381 
v -7.9401 4.99981 -36.1553 
v -7.9401 4.81031 -36.5349 
v -7.6401 4.71545 -36.5504 
v -7.6401 4.60604 -36.4287 
v -7.6401 4.64898 -36.4497 
v -7.6401 4.85909 -36.0981 
v -7.6401 4.86366 -36.1018 
v -7.6401 4.96477 -36.0838 
v -7.9401 5.01526 -36.2502 
v -7.9401 4.88183 -36.4999 
v -7.6401 4.81031 -36.5349 
v -7.6401 4.65847 -36.4512 
v -7.6401 4.71539 -36.4604 
v -7.6401 4.88617 -36.1292 
v -7.6401 4.88992 -36.1338 
v -7.6401 4.99981 -36.1553 
v -7.9401 4.99993 -36.3451 
v -7.9401 4.92753 -36.4624 
v -7.6401 4.88183 -36.4999 
v -7.6401 4.7818 -36.4496 
v -7.6401 4.72488 -36.4589 
v -7.6401 4.91094 -36.1767 
v -7.6401 4.91444 -36.1839 
v -7.6401 5.01526 -36.2502 
v -7.9401 4.96498 -36.4166 
v -7.6401 4.92753 -36.4624 
v -7.6401 4.83186 -36.4251 
v -7.6401 4.78895 -36.4461 
v -7.6401 4.92372 -36.2408 
v -7.6401 4.92526 -36.2503 
v -7.6401 4.99993 -36.3451 
v -7.6401 4.96498 -36.4167 
v -7.6401 4.86385 -36.3988 
v -7.6401 4.83643 -36.4213 
v -7.6401 4.91606 -36.3072 
v -7.6401 4.91453 -36.3167 
v -7.6401 4.89007 -36.3668 
v -7.6401 4.86759 -36.3942 
v -7.6401 4.89356 -36.3596 
v -7.76011 4.54046 -36.134 
v -7.76011 4.71526 -36.2504 
v -7.76011 4.56668 -36.102 
v -7.76011 4.516 -36.1841 
v -7.76011 4.59867 -36.0757 
v -7.76011 4.50526 -36.2505 
v -7.76011 4.64873 -36.0512 
v -7.76011 4.51608 -36.3169 
v -7.76011 4.71513 -36.0404 
v -7.76011 4.54061 -36.367 
v -7.76011 4.78155 -36.0511 
v -7.76011 4.56686 -36.399 
v -7.76011 4.83164 -36.0756 
v -7.76011 4.59889 -36.4252 
v -7.76011 4.86366 -36.1018 
v -7.76011 4.64898 -36.4497 
v -7.76011 4.88992 -36.1338 
v -7.76011 4.71539 -36.4604 
v -7.76011 4.91445 -36.1839 
v -7.76011 4.7818 -36.4496 
v -7.76011 4.92526 -36.2503 
v -7.76011 4.83186 -36.4251 
v -7.76011 4.91453 -36.3167 
v -7.76011 4.86385 -36.3988 
v -7.76011 4.89007 -36.3668 
v -7.9401 4.46554 -36.0841 
v -7.9401 4.503 -36.0384 
v -7.9401 4.503 -36.0384 
v -7.9401 4.4306 -36.1557 
v -7.6401 4.46554 -36.0841 
v -7.9401 4.5487 -36.0009 
v -7.9401 4.41526 -36.2506 
v -7.6401 4.4306 -36.1557 
v -7.6401 4.503 -36.0384 
v -7.6401 4.503 -36.0384 
v -7.9401 4.62022 -35.9659 
v -7.9401 4.43072 -36.3454 
v -7.6401 4.41526 -36.2506 
v -7.6401 4.54046 -36.134 
v -7.6401 4.53696 -36.1412 
v -7.6401 4.516 -36.1841 
v -7.6401 4.56293 -36.1066 
v -7.6401 4.56668 -36.102 
v -7.6401 4.56668 -36.102 
v -7.6401 4.5487 -36.0009 
v -7.9401 4.71508 -35.9504 
v -7.9401 4.46575 -36.417 
v -7.6401 4.43072 -36.3454 
v -7.6401 4.51446 -36.1936 
v -7.6401 4.50526 -36.2505 
v -7.6401 4.5941 -36.0795 
v -7.6401 4.59867 -36.0757 
v -7.6401 4.62022 -35.9659 
v -7.9401 4.80995 -35.9657 
v -7.9401 4.50326 -36.4627 
v -7.9401 4.50326 -36.4627 
v -7.6401 4.46575 -36.417 
v -7.6401 4.50681 -36.26 
v -7.6401 4.51608 -36.3169 
v -7.6401 4.64158 -36.0547 
v -7.6401 4.64873 -36.0512 
v -7.6401 4.71508 -35.9504 
v -7.9401 4.88152 -36.0007 
v -7.9401 4.54901 -36.5001 
v -7.6401 4.50326 -36.4627 
v -7.6401 4.50326 -36.4627 
v -7.6401 4.51958 -36.3241 
v -7.6401 4.54061 -36.367 
v -7.6401 4.70565 -36.0419 
v -7.6401 4.71513 -36.0404 
v -7.6401 4.80995 -35.9657 
v -7.9401 4.92726 -36.0381 
v -7.9401 4.92726 -36.0381 
v -7.9401 4.62057 -36.5351 
v -7.6401 4.54901 -36.5001 
v -7.6401 4.54436 -36.3716 
v -7.6401 4.56686 -36.399 
v -7.6401 4.56686 -36.399 
v -7.6401 4.77206 -36.0496 
v -7.6401 4.78155 -36.0511 
v -7.6401 4.88152 -36.0007 
v -7.9401 4.96478 -36.0838 
v -7.9401 4.71545 -36.5504 
v -7.6401 4.62057 -36.5351 
v -7.6401 4.57144 -36.4027 
v -7.6401 4.59889 -36.4252 
v -7.6401 4.82448 -36.0721 
v -7.6401 4.83164 -36.0756 
v -7.6401 4.92726 -36.0381 
v -7.6401 4.92726 -36.0381 
v -7.9401 4.99981 -36.1553 
v -7.9401 4.81031 -36.5349 
v -7.6401 4.71545 -36.5504 
v -7.6401 4.60604 -36.4287 
v -7.6401 4.64898 -36.4497 
v -7.6401 4.85909 -36.0981 
v -7.6401 4.86366 -36.1018 
v -7.6401 4.86366 -36.1018 
v -7.6401 4.96477 -36.0838 
v -7.9401 5.01526 -36.2502 
v -7.9401 4.88183 -36.4999 
v -7.6401 4.81031 -36.5349 
v -7.6401 4.65847 -36.4512 
v -7.6401 4.71539 -36.4604 
v -7.6401 4.88617 -36.1292 
v -7.6401 4.88992 -36.1338 
v -7.6401 4.99981 -36.1553 
v -7.9401 4.99993 -36.3451 
v -7.9401 4.92753 -36.4624 
v -7.9401 4.92753 -36.4624 
v -7.6401 4.88183 -36.4999 
v -7.6401 4.7818 -36.4496 
v -7.6401 4.72488 -36.4589 
v -7.6401 4.91094 -36.1767 
v -7.6401 4.91444 -36.1839 
v -7.6401 5.01526 -36.2502 
v -7.9401 4.96498 -36.4166 
v -7.6401 4.92753 -36.4624 
v -7.6401 4.92753 -36.4624 
v -7.6401 4.83186 -36.4251 
v -7.6401 4.78895 -36.4461 
v -7.6401 4.92372 -36.2408 
v -7.6401 4.92526 -36.2503 
v -7.6401 4.99993 -36.3451 
v -7.6401 4.96498 -36.4167 
v -7.6401 4.86385 -36.3988 
v -7.6401 4.86385 -36.3988 
v -7.6401 4.83643 -36.4213 
v -7.6401 4.91606 -36.3072 
v -7.6401 4.91453 -36.3167 
v -7.6401 4.89007 -36.3668 
v -7.6401 4.86759 -36.3942 
v -7.6401 4.89356 -36.3596 
v -7.76011 4.54046 -36.134 
v -7.76011 4.56668 -36.102 
v -7.76011 4.56668 -36.102 
v -7.76011 4.516 -36.1841 
v -7.76011 4.59867 -36.0757 
v -7.76011 4.50526 -36.2505 
v -7.76011 4.64873 -36.0512 
v -7.76011 4.51608 -36.3169 
v -7.76011 4.71513 -36.0404 
v -7.76011 4.54061 -36.367 
v -7.76011 4.78155 -36.0511 
v -7.76011 4.56686 -36.399 
v -7.76011 4.56686 -36.399 
v -7.76011 4.83164 -36.0756 
v -7.76011 4.59889 -36.4252 
v -7.76011 4.86366 -36.1018 
v -7.76011 4.86366 -36.1018 
v -7.76011 4.64898 -36.4497 
v -7.76011 4.88992 -36.1338 
v -7.76011 4.71539 -36.4604 
v -7.76011 4.91445 -36.1839 
v -7.76011 4.7818 -36.4496 
v -7.76011 4.92526 -36.2503 
v -7.76011 4.83186 -36.4251 
v -7.76011 4.91453 -36.3167 
v -7.76011 4.86385 -36.3988 
v -7.76011 4.86385 -36.3988 
v -7.76011 4.89007 -36.3668 

vn -1 0 0 
vn -1 0 0 
vn -1 0 0 
vn -1 0 0 
vn 0 -0.826772 0.559055 
vn -1 0 0 
vn -1 0 0 
vn 0 -0.944882 0.338583 
vn 0 -0.685039 0.732283 
vn -1 0 0 
vn -1 0 0 
vn 0 -1 0.0551181 
vn 1 0 0 
vn 1 0 0 
vn 1 0 0 
vn 1 0 0 
vn 1 0 0 
vn 0 -0.496063 0.866142 
vn -1 0 0 
vn -1 0 0 
vn 0 -0.968504 -0.244094 
vn 1 0 0 
vn 1 0 0 
vn 1 0 0 
vn 1 0 0 
vn 0 -0.244094 0.968504 
vn -1 0 0 
vn -1 0 0 
vn 0 -0.866142 -0.496063 
vn 1 0 0 
vn 1 0 0 
vn 1 0 0 
vn 1 0 0 
vn 0 0.0551181 1 
vn -1 0 0 
vn -1 0 0 
vn 0 -0.732283 -0.685039 
vn 1 0 0 
vn 1 0 0 
vn 1 0 0 
vn 1 0 0 
vn 0 0.338583 0.944882 
vn -1 0 0 
vn -1 0 0 
vn 0 -0.559055 -0.826772 
vn 1 0 0 
vn 1 0 0 
vn 1 0 0 
vn 1 0 0 
vn 0 0.559055 0.826772 
vn -1 0 0 
vn -1 0 0 
vn 0 -0.338583 -0.944882 
vn 1 0 0 
vn 1 0 0 
vn 1 0 0 
vn 1 0 0 
vn 0 0.732283 0.685039 
vn -1 0 0 
vn -1 0 0 
vn 0 -0.0551181 -1 
vn 1 0 0 
vn 1 0 0 
vn 1 0 0 
vn 1 0 0 
vn 0 0.866142 0.496063 
vn -1 0 0 
vn -1 0 0 
vn 0 0.244094 -0.968504 
vn 1 0 0 
vn 1 0 0 
vn 1 0 0 
vn 1 0 0 
vn 0 0.968504 0.244094 
vn -1 0 0 
vn -1 0 0 
vn 0 0.496063 -0.866142 
vn 1 0 0 
vn 1 0 0 
vn 1 0 0 
vn 1 0 0 
vn 0 1 -0.0551181 
vn -1 0 0 
vn 0 0.685039 -0.732283 
vn 1 0 0 
vn 1 0 0 
vn 1 0 0 
vn 1 0 0 
vn 0 0.944882 -0.338583 
vn 0 0.826772 -0.559055 
vn 1 0 0 
vn 1 0 0 
vn 1 0 0 
vn 1 0 0 
vn 1 0 0 
vn 1 0 0 
vn 1 0 0 
vn 1 0 0 
vn 1 0 0 
vn 1 0 0 
vn 1 0 0 
vn 1 0 0 
vn 1 0 0 
vn 1 0 0 
vn 1 0 0 
vn 1 0 0 
vn 1 0 0 
vn 1 0 0 
vn 1 0 0 
vn 1 0 0 
vn 1 0 0 
vn 1 0 0 
vn 1 0 0 
vn 1 0 0 
vn 1 0 0 
vn 1 0 0 
vn 1 0 0 
vn 1 0 0 
vn 1 0 0 
vn 1 0 0 
vn 1 0 0 
vn 1 0 0 
vn 0 -0.866142 0.496063 
vn 0 -0.732283 0.685039 
vn 0 -0.732283 0.685039 
vn 0 -0.968504 0.244094 
vn 1 0 0 
vn 0 -0.559055 0.826772 
vn 0 -1 -0.0551181 
vn 1 0 0 
vn 0 -0.685039 0.732283 
vn 1 0 0 
vn 0 -0.338583 0.944882 
vn 0 -0.944882 -0.338583 
vn 1 0 0 
vn 0 0.80315 -0.598425 
vn 0 0.897638 -0.440945 
vn 0 0.92126 -0.393701 
vn 0 0.771654 -0.629921 
vn 0 0.653543 -0.755906 
vn 0 0.653543 -0.755906 
vn 1 0 0 
vn 0 -0.0551181 1 
vn 0 -0.826772 -0.559055 
vn 1 0 0 
vn 0 0.984252 -0.15748 
vn 0 0.992126 -0.11811 
vn 0 0.637795 -0.771654 
vn 0 0.464567 -0.889764 
vn 1 0 0 
vn 0 0.244094 0.968504 
vn 0 -0.685039 -0.732283 
vn 0 -0.685039 -0.732283 
vn 1 0 0 
vn 0 0.984252 0.15748 
vn 0 0.984252 0.19685 
vn 0 0.440945 -0.897638 
vn 0 0.19685 -0.984252 
vn 1 0 0 
vn 0 0.496063 0.866142 
vn 0 -0.496063 -0.866142 
vn 1 0 0 
vn 0 -0.732283 -0.685039 
vn 0 0.897638 0.440945 
vn 0 0.889764 0.464567 
vn 0 0.15748 -0.984252 
vn 0 -0.11811 -0.992126 
vn 1 0 0 
vn 0 0.685039 0.732283 
vn 0 0.685039 0.732283 
vn 0 -0.244094 -0.968504 
vn 1 0 0 
vn 0 0.771654 0.637795 
vn 0 0.755906 0.653543 
vn 0 0.755906 0.653543 
vn 0 -0.15748 -0.984252 
vn 0 -0.393701 -0.92126 
vn 1 0 0 
vn 0 0.826772 0.559055 
vn 0 0.0551181 -1 
vn 1 0 0 
vn 0 0.629921 0.771654 
vn 0 0.598425 0.80315 
vn 0 -0.440945 -0.897638 
vn 0 -0.598425 -0.80315 
vn 0 0.732283 0.685039 
vn 1 0 0 
vn 0 0.944882 0.338583 
vn 0 0.338583 -0.944882 
vn 1 0 0 
vn 0 0.440945 0.897638 
vn 0 0.393701 0.92126 
vn 0 -0.629921 -0.771654 
vn 0 -0.755906 -0.653543 
vn 0 -0.755906 -0.653543 
vn 1 0 0 
vn 0 1 0.0551181 
vn 0 0.559055 -0.826772 
vn 1 0 0 
vn 0 0.15748 0.984252 
vn 0 0.11811 0.992126 
vn 0 -0.771654 -0.637795 
vn 0 -0.889764 -0.464567 
vn 1 0 0 
vn 0 0.968504 -0.244094 
vn 0 0.732283 -0.685039 
vn 0 0.732283 -0.685039 
vn 1 0 0 
vn 0 -0.19685 0.984252 
vn 0 -0.15748 0.984252 
vn 0 -0.897638 -0.440945 
vn 0 -0.984252 -0.19685 
vn 1 0 0 
vn 0 0.866142 -0.496063 
vn 1 0 0 
vn 0 0.685039 -0.732283 
vn 0 -0.464567 0.889764 
vn 0 -0.440945 0.897638 
vn 0 -0.984252 -0.15748 
vn 0 -0.992126 0.11811 
vn 1 0 0 
vn 1 0 0 
vn 0 -0.653543 0.755906 
vn 0 -0.653543 0.755906 
vn 0 -0.637795 0.771654 
vn 0 -0.984252 0.15748 
vn 0 -0.92126 0.393701 
vn 0 -0.80315 0.598425 
vn 0 -0.771654 0.629921 
vn 0 -0.897638 0.440945 
vn 0 0.834646 -0.551181 
vn 0 0.692913 -0.724409 
vn 0 0.692913 -0.724409 
vn 0 0.944882 -0.322835 
vn 0 0.503937 -0.866142 
vn 0 1 -0.0393701 
vn 0 0.259843 -0.968504 
vn 0 0.968504 0.259843 
vn 0 -0.0393701 -1 
vn 0 0.866142 0.503937 
vn 0 -0.322835 -0.944882 
vn 0 0.724409 0.692913 
vn 0 0.724409 0.692913 
vn 0 -0.551181 -0.834646 
vn 0 0.551181 0.834646 
vn 0 -0.724409 -0.692913 
vn 0 -0.724409 -0.692913 
vn 0 0.322835 0.944882 
vn 0 -0.866142 -0.503937 
vn 0 0.0393701 1 
vn 0 -0.968504 -0.259843 
vn 0 -0.259843 0.968504 
vn 0 -1 0.0393701 
vn 0 -0.503937 0.866142 
vn 0 -0.944882 0.322835 
vn 0 -0.692913 0.724409 
vn 0 -0.692913 0.724409 
vn 0 -0.834646 0.551181 

vt -0.193053 1.43858 
vt -0.161851 1.45938 
vt -0.166537 1.4651 
vt -0.157477 1.45044 
vt -0.174303 1.45938 
vt -0.172252 1.46979 
vt -0.155553 1.43858 
vt -0.174303 1.45044 
vt -0.174303 1.4651 
vt -0.181195 1.47416 
vt -0.157477 1.42673 
vt -0.174303 1.43858 
vt -0.214894 1.45314 
vt -0.215332 1.45225 
vt -0.217956 1.44688 
vt -0.212083 1.45657 
vt -0.211615 1.45715 
vt -0.174303 1.41778 
vt -0.193053 1.47608 
vt -0.161851 1.41778 
vt -0.174303 1.42673 
vt -0.218148 1.4457 
vt -0.219303 1.43858 
vt -0.208186 1.45996 
vt -0.207614 1.46042 
vt -0.174303 1.42673 
vt -0.204912 1.47416 
vt -0.166537 1.41207 
vt -0.174303 1.41778 
vt -0.219111 1.4374 
vt -0.217956 1.43028 
vt -0.202248 1.46305 
vt -0.201354 1.46349 
vt -0.174303 1.43858 
vt -0.213854 1.46979 
vt -0.172252 1.40738 
vt -0.174303 1.41207 
vt -0.217519 1.42939 
vt -0.214894 1.42402 
vt -0.194239 1.46464 
vt -0.193053 1.46483 
vt -0.174303 1.45044 
vt -0.21957 1.4651 
vt -0.181195 1.40301 
vt -0.211803 1.41778 
vt -0.214426 1.42345 
vt -0.211615 1.42002 
vt -0.185938 1.46368 
vt -0.184752 1.46349 
vt -0.174303 1.45938 
vt -0.224255 1.45938 
vt -0.193053 1.40108 
vt -0.211803 1.42673 
vt -0.211043 1.41955 
vt -0.207614 1.41674 
vt -0.179387 1.46086 
vt -0.178492 1.46042 
vt -0.174303 1.4651 
vt -0.228629 1.45044 
vt -0.204912 1.40301 
vt -0.211803 1.43858 
vt -0.20672 1.4163 
vt -0.201354 1.41368 
vt -0.175063 1.45761 
vt -0.174492 1.45715 
vt -0.211803 1.45938 
vt -0.230553 1.43858 
vt -0.213854 1.40738 
vt -0.211803 1.45044 
vt -0.200168 1.41349 
vt -0.193053 1.41233 
vt -0.17168 1.45372 
vt -0.171212 1.45314 
vt -0.211803 1.45044 
vt -0.228629 1.42673 
vt -0.21957 1.41207 
vt -0.211803 1.45938 
vt -0.184752 1.41368 
vt -0.191867 1.41253 
vt -0.168588 1.44778 
vt -0.16815 1.44688 
vt -0.211803 1.43858 
vt -0.224255 1.41778 
vt -0.211803 1.4651 
vt -0.178492 1.41674 
vt -0.183858 1.41412 
vt -0.166996 1.43977 
vt -0.166803 1.43858 
vt -0.211803 1.42673 
vt -0.211803 1.41778 
vt -0.174492 1.42002 
vt -0.177921 1.41721 
vt -0.167958 1.43147 
vt -0.16815 1.43028 
vt -0.171212 1.42402 
vt -0.174023 1.42059 
vt -0.170774 1.42492 
vt -0.214894 1.45314 
vt -0.193053 1.43858 
vt -0.211615 1.45715 
vt -0.217956 1.44688 
vt -0.207614 1.46042 
vt -0.219303 1.43858 
vt -0.201354 1.46349 
vt -0.217956 1.43028 
vt -0.193053 1.46483 
vt -0.214894 1.42402 
vt -0.184752 1.46349 
vt -0.211615 1.42002 
vt -0.178492 1.46042 
vt -0.207614 1.41674 
vt -0.174492 1.45715 
vt -0.201354 1.41368 
vt -0.171212 1.45314 
vt -0.193053 1.41233 
vt -0.16815 1.44688 
vt -0.184752 1.41368 
vt -0.166803 1.43858 
vt -0.178492 1.41674 
vt -0.16815 1.43028 
vt -0.174492 1.42002 
vt -0.171212 1.42402 
vt -0.211803 1.45938 
vt -0.211803 1.41207 
vt -0.211803 1.4651 
vt -0.211803 1.45044 
vt -0.224255 1.45938 
vt -0.211803 1.41778 
vt -0.211803 1.43858 
vt -0.228629 1.45044 
vt -0.174303 1.41207 
vt -0.21957 1.4651 
vt -0.211803 1.42673 
vt -0.211803 1.42673 
vt -0.230553 1.43858 
vt -0.211803 1.45314 
vt -0.211803 1.45225 
vt -0.211803 1.44688 
vt -0.211803 1.45657 
vt -0.211803 1.42002 
vt -0.211803 1.45715 
vt -0.213854 1.46979 
vt -0.211803 1.43858 
vt -0.211803 1.41778 
vt -0.228629 1.42673 
vt -0.211803 1.4457 
vt -0.211803 1.43858 
vt -0.211803 1.42345 
vt -0.211803 1.42402 
vt -0.204912 1.47416 
vt -0.211803 1.45044 
vt -0.211803 1.41207 
vt -0.174303 1.41207 
vt -0.224255 1.41778 
vt -0.211803 1.4374 
vt -0.211803 1.43028 
vt -0.211803 1.42939 
vt -0.211803 1.43028 
vt -0.193053 1.47608 
vt -0.211803 1.45938 
vt -0.174303 1.41778 
vt -0.21957 1.41207 
vt -0.211803 1.41207 
vt -0.211803 1.42939 
vt -0.211803 1.42402 
vt -0.211803 1.4374 
vt -0.211803 1.43858 
vt -0.181195 1.47416 
vt -0.174303 1.4651 
vt -0.211803 1.4651 
vt -0.174303 1.42673 
vt -0.213854 1.40738 
vt -0.211803 1.42345 
vt -0.211803 1.42002 
vt -0.174303 1.42002 
vt -0.211803 1.4457 
vt -0.211803 1.44688 
vt -0.172252 1.46979 
vt -0.174303 1.45938 
vt -0.174303 1.43858 
vt -0.204912 1.40301 
vt -0.174303 1.42059 
vt -0.174303 1.42402 
vt -0.211803 1.45225 
vt -0.211803 1.45314 
vt -0.211803 1.4651 
vt -0.166537 1.4651 
vt -0.174303 1.45044 
vt -0.174303 1.45044 
vt -0.193053 1.40108 
vt -0.174303 1.42492 
vt -0.174303 1.43028 
vt -0.211803 1.45657 
vt -0.174303 1.45715 
vt -0.211803 1.45715 
vt -0.161851 1.45938 
vt -0.174303 1.43858 
vt -0.174303 1.45938 
vt -0.181195 1.40301 
vt -0.174303 1.43147 
vt -0.174303 1.43858 
vt -0.174303 1.45372 
vt -0.174303 1.45314 
vt -0.157477 1.45044 
vt -0.174303 1.42673 
vt -0.174303 1.4651 
vt -0.174303 1.41207 
vt -0.172252 1.40738 
vt -0.174303 1.44688 
vt -0.174303 1.43977 
vt -0.174303 1.44778 
vt -0.174303 1.44688 
vt -0.155553 1.43858 
vt -0.174303 1.41778 
vt -0.166537 1.41207 
vt -0.211803 1.41207 
vt -0.174303 1.45314 
vt -0.174303 1.44778 
vt -0.174303 1.43977 
vt -0.174303 1.43858 
vt -0.157477 1.42673 
vt -0.161851 1.41778 
vt -0.174303 1.45715 
vt -0.174303 1.42002 
vt -0.174303 1.45372 
vt -0.174303 1.43147 
vt -0.174303 1.43028 
vt -0.174303 1.42402 
vt -0.174303 1.42059 
vt -0.174303 1.42492 
vt -0.196802 1.45314 
vt -0.196802 1.45715 
vt -0.196802 1.42002 
vt -0.196802 1.44688 
vt -0.196802 1.42402 
vt -0.196802 1.43858 
vt -0.196802 1.43028 
vt -0.196802 1.43028 
vt -0.196802 1.43858 
vt -0.196802 1.42402 
vt -0.196802 1.44688 
vt -0.189304 1.42002 
vt -0.196802 1.42002 
vt -0.196802 1.45314 
vt -0.189304 1.42402 
vt -0.196802 1.45715 
vt -0.189304 1.45715 
vt -0.189304 1.43028 
vt -0.189304 1.45314 
vt -0.189304 1.43858 
vt -0.189304 1.44688 
vt -0.189304 1.44688 
vt -0.189304 1.43858 
vt -0.189304 1.45314 
vt -0.189304 1.43028 
vt -0.189304 1.42002 
vt -0.189304 1.45715 
vt -0.189304 1.42402 

usemtl Union3Mtl

f 3227/3227/3227 3228/3228/3228 3229/3229/3229 
f 3228/3228/3228 3227/3227/3227 3230/3230/3230 
f 3351/3351/3351 3349/3349/3349 3231/3231/3231 
f 3227/3227/3227 3229/3229/3229 3232/3232/3232 
f 3230/3230/3230 3227/3227/3227 3233/3233/3233 
f 3349/3349/3349 3352/3352/3352 3234/3234/3234 
f 3231/3231/3231 3349/3349/3349 3234/3234/3234 
f 3351/3351/3351 3231/3231/3231 3235/3235/3235 
f 3354/3354/3354 3350/3350/3350 3357/3357/3357 
f 3227/3227/3227 3232/3232/3232 3236/3236/3236 
f 3233/3233/3233 3227/3227/3227 3237/3237/3237 
f 3352/3352/3352 3355/3355/3355 3238/3238/3238 
f 3234/3234/3234 3352/3352/3352 3238/3238/3238 
f 3239/3239/3239 3353/3353/3353 3240/3240/3240 
f 3240/3240/3240 3356/3356/3356 3241/3241/3241 
f 3356/3356/3356 3240/3240/3240 3353/3353/3353 
f 3358/3358/3358 3353/3353/3353 3242/3242/3242 
f 3242/3242/3242 3243/3243/3243 3358/3358/3358 
f 3239/3239/3239 3242/3242/3242 3353/3353/3353 
f 3354/3354/3354 3357/3357/3357 3244/3244/3244 
f 3359/3359/3359 3354/3354/3354 3244/3244/3244 
f 3227/3227/3227 3236/3236/3236 3245/3245/3245 
f 3237/3237/3237 3227/3227/3227 3246/3246/3246 
f 3355/3355/3355 3360/3360/3360 3247/3247/3247 
f 3238/3238/3238 3355/3355/3355 3247/3247/3247 
f 3241/3241/3241 3356/3356/3356 3248/3248/3248 
f 3248/3248/3248 3361/3361/3361 3249/3249/3249 
f 3361/3361/3361 3248/3248/3248 3356/3356/3356 
f 3368/3368/3368 3358/3358/3358 3250/3250/3250 
f 3368/3368/3368 3250/3250/3250 3251/3251/3251 
f 3250/3250/3250 3358/3358/3358 3243/3243/3243 
f 3359/3359/3359 3244/3244/3244 3252/3252/3252 
f 3369/3369/3369 3359/3359/3359 3252/3252/3252 
f 3227/3227/3227 3245/3245/3245 3253/3253/3253 
f 3246/3246/3246 3227/3227/3227 3254/3254/3254 
f 3360/3360/3360 3370/3370/3370 3255/3255/3255 
f 3247/3247/3247 3360/3360/3360 3255/3255/3255 
f 3249/3249/3249 3361/3361/3361 3256/3256/3256 
f 3256/3256/3256 3371/3371/3371 3257/3257/3257 
f 3371/3371/3371 3256/3256/3256 3361/3361/3361 
f 3376/3376/3376 3368/3368/3368 3258/3258/3258 
f 3376/3376/3376 3258/3258/3258 3259/3259/3259 
f 3258/3258/3258 3368/3368/3368 3251/3251/3251 
f 3369/3369/3369 3252/3252/3252 3260/3260/3260 
f 3377/3377/3377 3369/3369/3369 3260/3260/3260 
f 3227/3227/3227 3253/3253/3253 3261/3261/3261 
f 3254/3254/3254 3227/3227/3227 3262/3262/3262 
f 3370/3370/3370 3378/3378/3378 3263/3263/3263 
f 3255/3255/3255 3370/3370/3370 3263/3263/3263 
f 3264/3264/3264 3257/3257/3257 3371/3371/3371 
f 3380/3380/3380 3265/3265/3265 3264/3264/3264 
f 3380/3380/3380 3264/3264/3264 3371/3371/3371 
f 3385/3385/3385 3376/3376/3376 3266/3266/3266 
f 3385/3385/3385 3266/3266/3266 3267/3267/3267 
f 3266/3266/3266 3376/3376/3376 3259/3259/3259 
f 3377/3377/3377 3260/3260/3260 3268/3268/3268 
f 3386/3386/3386 3377/3377/3377 3268/3268/3268 
f 3227/3227/3227 3261/3261/3261 3269/3269/3269 
f 3262/3262/3262 3227/3227/3227 3270/3270/3270 
f 3379/3379/3379 3387/3387/3387 3271/3271/3271 
f 3389/3389/3389 3379/3379/3379 3271/3271/3271 
f 3272/3272/3272 3265/3265/3265 3380/3380/3380 
f 3272/3272/3272 3388/3388/3388 3273/3273/3273 
f 3388/3388/3388 3272/3272/3272 3380/3380/3380 
f 3394/3394/3394 3385/3385/3385 3274/3274/3274 
f 3274/3274/3274 3275/3275/3275 3394/3394/3394 
f 3267/3267/3267 3274/3274/3274 3385/3385/3385 
f 3386/3386/3386 3268/3268/3268 3276/3276/3276 
f 3396/3396/3396 3386/3386/3386 3276/3276/3276 
f 3227/3227/3227 3269/3269/3269 3277/3277/3277 
f 3270/3270/3270 3227/3227/3227 3278/3278/3278 
f 3387/3387/3387 3397/3397/3397 3279/3279/3279 
f 3271/3271/3271 3387/3387/3387 3279/3279/3279 
f 3280/3280/3280 3273/3273/3273 3388/3388/3388 
f 3280/3280/3280 3398/3398/3398 3281/3281/3281 
f 3398/3398/3398 3280/3280/3280 3388/3388/3388 
f 3404/3404/3404 3394/3394/3394 3282/3282/3282 
f 3282/3282/3282 3283/3283/3283 3404/3404/3404 
f 3275/3275/3275 3282/3282/3282 3394/3394/3394 
f 3396/3396/3396 3276/3276/3276 3284/3284/3284 
f 3405/3405/3405 3395/3395/3395 3412/3412/3412 
f 3227/3227/3227 3277/3277/3277 3285/3285/3285 
f 3278/3278/3278 3227/3227/3227 3286/3286/3286 
f 3397/3397/3397 3406/3406/3406 3287/3287/3287 
f 3279/3279/3279 3397/3397/3397 3287/3287/3287 
f 3288/3288/3288 3281/3281/3281 3398/3398/3398 
f 3288/3288/3288 3407/3407/3407 3289/3289/3289 
f 3407/3407/3407 3288/3288/3288 3398/3398/3398 
f 3413/3413/3413 3404/3404/3404 3290/3290/3290 
f 3290/3290/3290 3291/3291/3291 3413/3413/3413 
f 3283/3283/3283 3290/3290/3290 3404/3404/3404 
f 3405/3405/3405 3412/3412/3412 3292/3292/3292 
f 3414/3414/3414 3405/3405/3405 3292/3292/3292 
f 3227/3227/3227 3285/3285/3285 3293/3293/3293 
f 3286/3286/3286 3227/3227/3227 3294/3294/3294 
f 3406/3406/3406 3415/3415/3415 3295/3295/3295 
f 3287/3287/3287 3406/3406/3406 3295/3295/3295 
f 3296/3296/3296 3289/3289/3289 3407/3407/3407 
f 3296/3296/3296 3416/3416/3416 3297/3297/3297 
f 3416/3416/3416 3296/3296/3296 3407/3407/3407 
f 3422/3422/3422 3413/3413/3413 3298/3298/3298 
f 3298/3298/3298 3299/3299/3299 3422/3422/3422 
f 3298/3298/3298 3413/3413/3413 3291/3291/3291 
f 3414/3414/3414 3292/3292/3292 3300/3300/3300 
f 3423/3423/3423 3414/3414/3414 3300/3300/3300 
f 3227/3227/3227 3293/3293/3293 3301/3301/3301 
f 3294/3294/3294 3227/3227/3227 3302/3302/3302 
f 3415/3415/3415 3424/3424/3424 3303/3303/3303 
f 3295/3295/3295 3415/3415/3415 3303/3303/3303 
f 3304/3304/3304 3305/3305/3305 3425/3425/3425 
f 3416/3416/3416 3425/3425/3425 3305/3305/3305 
f 3416/3416/3416 3305/3305/3305 3297/3297/3297 
f 3422/3422/3422 3299/3299/3299 3306/3306/3306 
f 3430/3430/3430 3306/3306/3306 3307/3307/3307 
f 3306/3306/3306 3430/3430/3430 3422/3422/3422 
f 3423/3423/3423 3300/3300/3300 3308/3308/3308 
f 3431/3431/3431 3423/3423/3423 3308/3308/3308 
f 3227/3227/3227 3301/3301/3301 3309/3309/3309 
f 3302/3302/3302 3227/3227/3227 3309/3309/3309 
f 3424/3424/3424 3432/3432/3432 3310/3310/3310 
f 3303/3303/3303 3424/3424/3424 3310/3310/3310 
f 3311/3311/3311 3312/3312/3312 3434/3434/3434 
f 3425/3425/3425 3434/3434/3434 3312/3312/3312 
f 3425/3425/3425 3312/3312/3312 3304/3304/3304 
f 3430/3430/3430 3307/3307/3307 3313/3313/3313 
f 3313/3313/3313 3314/3314/3314 3439/3439/3439 
f 3313/3313/3313 3439/3439/3439 3430/3430/3430 
f 3431/3431/3431 3308/3308/3308 3315/3315/3315 
f 3440/3440/3440 3431/3431/3431 3315/3315/3315 
f 3433/3433/3433 3440/3440/3440 3316/3316/3316 
f 3442/3442/3442 3433/3433/3433 3316/3316/3316 
f 3317/3317/3317 3318/3318/3318 3441/3441/3441 
f 3434/3434/3434 3441/3441/3441 3318/3318/3318 
f 3434/3434/3434 3318/3318/3318 3311/3311/3311 
f 3439/3439/3439 3314/3314/3314 3319/3319/3319 
f 3319/3319/3319 3320/3320/3320 3447/3447/3447 
f 3319/3319/3319 3447/3447/3447 3439/3439/3439 
f 3440/3440/3440 3315/3315/3315 3316/3316/3316 
f 3321/3321/3321 3322/3322/3322 3448/3448/3448 
f 3441/3441/3441 3448/3448/3448 3322/3322/3322 
f 3441/3441/3441 3322/3322/3322 3317/3317/3317 
f 3447/3447/3447 3320/3320/3320 3323/3323/3323 
f 3323/3323/3323 3321/3321/3321 3448/3448/3448 
f 3323/3323/3323 3448/3448/3448 3447/3447/3447 
f 3324/3324/3324 3325/3325/3325 3326/3326/3326 
f 3325/3325/3325 3324/3324/3324 3327/3327/3327 
f 3326/3326/3326 3325/3325/3325 3328/3328/3328 
f 3325/3325/3325 3327/3327/3327 3329/3329/3329 
f 3328/3328/3328 3325/3325/3325 3330/3330/3330 
f 3325/3325/3325 3329/3329/3329 3331/3331/3331 
f 3330/3330/3330 3325/3325/3325 3332/3332/3332 
f 3325/3325/3325 3331/3331/3331 3333/3333/3333 
f 3332/3332/3332 3325/3325/3325 3334/3334/3334 
f 3325/3325/3325 3333/3333/3333 3335/3335/3335 
f 3334/3334/3334 3325/3325/3325 3336/3336/3336 
f 3325/3325/3325 3335/3335/3335 3337/3337/3337 
f 3336/3336/3336 3325/3325/3325 3338/3338/3338 
f 3325/3325/3325 3337/3337/3337 3339/3339/3339 
f 3338/3338/3338 3325/3325/3325 3340/3340/3340 
f 3325/3325/3325 3339/3339/3339 3341/3341/3341 
f 3340/3340/3340 3325/3325/3325 3342/3342/3342 
f 3325/3325/3325 3341/3341/3341 3343/3343/3343 
f 3342/3342/3342 3325/3325/3325 3344/3344/3344 
f 3325/3325/3325 3343/3343/3343 3345/3345/3345 
f 3344/3344/3344 3325/3325/3325 3346/3346/3346 
f 3325/3325/3325 3345/3345/3345 3347/3347/3347 
f 3346/3346/3346 3325/3325/3325 3348/3348/3348 
f 3325/3325/3325 3347/3347/3347 3348/3348/3348 
f 3365/3365/3365 3362/3362/3362 3457/3457/3457 
f 3365/3365/3365 3457/3457/3457 3458/3458/3458 
f 3363/3363/3363 3364/3364/3364 3460/3460/3460 
f 3363/3363/3363 3460/3460/3460 3457/3457/3457 
f 3362/3362/3362 3363/3363/3363 3457/3457/3457 
f 3367/3367/3367 3365/3365/3365 3458/3458/3458 
f 3374/3374/3374 3366/3366/3366 3459/3459/3459 
f 3374/3374/3374 3459/3459/3459 3461/3461/3461 
f 3372/3372/3372 3373/3373/3373 3462/3462/3462 
f 3372/3372/3372 3462/3462/3462 3460/3460/3460 
f 3364/3364/3364 3372/3372/3372 3460/3460/3460 
f 3375/3375/3375 3374/3374/3374 3461/3461/3461 
f 3383/3383/3383 3375/3375/3375 3461/3461/3461 
f 3383/3383/3383 3461/3461/3461 3463/3463/3463 
f 3381/3381/3381 3382/3382/3382 3464/3464/3464 
f 3381/3381/3381 3464/3464/3464 3462/3462/3462 
f 3373/3373/3373 3381/3381/3381 3462/3462/3462 
f 3384/3384/3384 3383/3383/3383 3463/3463/3463 
f 3392/3392/3392 3384/3384/3384 3463/3463/3463 
f 3392/3392/3392 3463/3463/3463 3465/3465/3465 
f 3390/3390/3390 3391/3391/3391 3466/3466/3466 
f 3390/3390/3390 3466/3466/3466 3464/3464/3464 
f 3382/3382/3382 3390/3390/3390 3464/3464/3464 
f 3393/3393/3393 3392/3392/3392 3465/3465/3465 
f 3402/3402/3402 3393/3393/3393 3465/3465/3465 
f 3402/3402/3402 3465/3465/3465 3467/3467/3467 
f 3399/3399/3399 3400/3400/3400 3469/3469/3469 
f 3399/3399/3399 3469/3469/3469 3466/3466/3466 
f 3391/3391/3391 3399/3399/3399 3466/3466/3466 
f 3403/3403/3403 3402/3402/3402 3467/3467/3467 
f 3410/3410/3410 3403/3403/3403 3467/3467/3467 
f 3410/3410/3410 3467/3467/3467 3470/3470/3470 
f 3408/3408/3408 3409/3409/3409 3471/3471/3471 
f 3408/3408/3408 3471/3471/3471 3468/3468/3468 
f 3401/3401/3401 3408/3408/3408 3468/3468/3468 
f 3411/3411/3411 3410/3410/3410 3470/3470/3470 
f 3419/3419/3419 3411/3411/3411 3470/3470/3470 
f 3419/3419/3419 3470/3470/3470 3472/3472/3472 
f 3417/3417/3417 3418/3418/3418 3474/3474/3474 
f 3417/3417/3417 3474/3474/3474 3471/3471/3471 
f 3409/3409/3409 3417/3417/3417 3471/3471/3471 
f 3421/3421/3421 3419/3419/3419 3472/3472/3472 
f 3428/3428/3428 3420/3420/3420 3473/3473/3473 
f 3428/3428/3428 3473/3473/3473 3475/3475/3475 
f 3426/3426/3426 3427/3427/3427 3476/3476/3476 
f 3426/3426/3426 3476/3476/3476 3474/3474/3474 
f 3418/3418/3418 3426/3426/3426 3474/3474/3474 
f 3429/3429/3429 3428/3428/3428 3475/3475/3475 
f 3437/3437/3437 3429/3429/3429 3475/3475/3475 
f 3437/3437/3437 3475/3475/3475 3477/3477/3477 
f 3436/3436/3436 3435/3435/3435 3478/3478/3478 
f 3436/3436/3436 3478/3478/3478 3476/3476/3476 
f 3427/3427/3427 3436/3436/3436 3476/3476/3476 
f 3438/3438/3438 3437/3437/3437 3477/3477/3477 
f 3445/3445/3445 3438/3438/3438 3477/3477/3477 
f 3445/3445/3445 3477/3477/3477 3479/3479/3479 
f 3444/3444/3444 3443/3443/3443 3480/3480/3480 
f 3444/3444/3444 3480/3480/3480 3478/3478/3478 
f 3435/3435/3435 3444/3444/3444 3478/3478/3478 
f 3446/3446/3446 3445/3445/3445 3479/3479/3479 
f 3452/3452/3452 3446/3446/3446 3479/3479/3479 
f 3452/3452/3452 3479/3479/3479 3481/3481/3481 
f 3451/3451/3451 3449/3449/3449 3483/3483/3483 
f 3451/3451/3451 3483/3483/3483 3480/3480/3480 
f 3443/3443/3443 3451/3451/3451 3480/3480/3480 
f 3453/3453/3453 3452/3452/3452 3481/3481/3481 
f 3456/3456/3456 3453/3453/3453 3481/3481/3481 
f 3456/3456/3456 3481/3481/3481 3484/3484/3484 
f 3455/3455/3455 3454/3454/3454 3484/3484/3484 
f 3455/3455/3455 3484/3484/3484 3482/3482/3482 
f 3450/3450/3450 3455/3455/3455 3482/3482/3482 
f 3454/3454/3454 3456/3456/3456 3484/3484/3484 

g Union4

v -7.44056 4.71524 -35.7001 
v -7.44056 4.6042 -35.5338 
v -7.44056 4.57373 -35.5588 
v -7.44056 4.65188 -35.5104 
v -7.64055 4.6042 -35.5338 
v -7.44056 4.54876 -35.5893 
v -7.44056 4.71512 -35.5001 
v -7.64055 4.65188 -35.5104 
v -7.64056 4.57373 -35.5588 
v -7.44056 4.52547 -35.637 
v -7.44056 4.77837 -35.5103 
v -7.64056 4.71512 -35.5001 
v -7.64056 4.63751 -35.5837 
v -7.64056 4.64228 -35.5813 
v -7.64056 4.67089 -35.5673 
v -7.64056 4.61923 -35.5987 
v -7.64056 4.61618 -35.6012 
v -7.64056 4.54876 -35.5893 
v -7.44056 4.51524 -35.7002 
v -7.44056 4.82608 -35.5336 
v -7.64056 4.77837 -35.5103 
v -7.64056 4.67721 -35.5663 
v -7.64056 4.71515 -35.5601 
v -7.64056 4.6012 -35.6195 
v -7.64056 4.5987 -35.6225 
v -7.64056 4.52546 -35.637 
v -7.44056 4.52554 -35.7635 
v -7.44056 4.85657 -35.5586 
v -7.64056 4.82608 -35.5336 
v -7.64056 4.72148 -35.5611 
v -7.64056 4.75943 -35.5673 
v -7.64056 4.58473 -35.6512 
v -7.64056 4.5824 -35.6559 
v -7.64056 4.51524 -35.7002 
v -7.44056 4.5489 -35.8112 
v -7.44056 4.88158 -35.5891 
v -7.64056 4.85657 -35.5586 
v -7.64056 4.7642 -35.5696 
v -7.64056 4.79283 -35.5836 
v -7.64056 4.57626 -35.6939 
v -7.64056 4.57524 -35.7002 
v -7.64056 4.52554 -35.7635 
v -7.44056 4.57391 -35.8416 
v -7.44056 4.90494 -35.6368 
v -7.64056 4.88158 -35.5891 
v -7.64056 4.79588 -35.5861 
v -7.64056 4.81417 -35.6011 
v -7.64056 4.58142 -35.7381 
v -7.64056 4.58245 -35.7445 
v -7.64056 4.5489 -35.8112 
v -7.44056 4.6044 -35.8666 
v -7.44056 4.91524 -35.7 
v -7.64056 4.90494 -35.6368 
v -7.64056 4.81667 -35.6041 
v -7.64056 4.83168 -35.6224 
v -7.64056 4.59647 -35.7731 
v -7.64056 4.5988 -35.7778 
v -7.64056 4.57391 -35.8416 
v -7.44056 4.65211 -35.8899 
v -7.44056 4.90502 -35.7632 
v -7.64056 4.91524 -35.7 
v -7.64056 4.83401 -35.6272 
v -7.64056 4.84803 -35.6558 
v -7.64056 4.61381 -35.7961 
v -7.64056 4.61631 -35.7992 
v -7.64056 4.6044 -35.8666 
v -7.44056 4.71537 -35.9001 
v -7.44056 4.88172 -35.811 
v -7.64056 4.90502 -35.7632 
v -7.64056 4.84906 -35.6621 
v -7.64056 4.85524 -35.7 
v -7.64056 4.6346 -35.8142 
v -7.64056 4.63765 -35.8167 
v -7.64056 4.65211 -35.8899 
v -7.44056 4.7786 -35.8898 
v -7.44056 4.85675 -35.8415 
v -7.64056 4.88172 -35.811 
v -7.64056 4.84808 -35.7443 
v -7.64056 4.85422 -35.7064 
v -7.64056 4.66628 -35.8306 
v -7.64056 4.67105 -35.833 
v -7.64056 4.71536 -35.9001 
v -7.44056 4.82628 -35.8665 
v -7.64056 4.85675 -35.8414 
v -7.64056 4.83178 -35.7777 
v -7.64056 4.84575 -35.7491 
v -7.64056 4.709 -35.8391 
v -7.64056 4.71533 -35.8401 
v -7.64056 4.7786 -35.8898 
v -7.64056 4.82628 -35.8665 
v -7.64056 4.8143 -35.799 
v -7.64056 4.82928 -35.7808 
v -7.64056 4.75327 -35.8339 
v -7.64056 4.75959 -35.8329 
v -7.64056 4.79297 -35.8166 
v -7.64056 4.81125 -35.8016 
v -7.64056 4.7882 -35.8189 
v -7.56055 4.63751 -35.5837 
v -7.56055 4.71524 -35.7001 
v -7.56055 4.61618 -35.6012 
v -7.56055 4.67089 -35.5673 
v -7.56055 4.5987 -35.6225 
v -7.56055 4.71515 -35.5601 
v -7.56055 4.5824 -35.6559 
v -7.56055 4.75943 -35.5673 
v -7.56055 4.57524 -35.7002 
v -7.56055 4.79283 -35.5836 
v -7.56055 4.58245 -35.7445 
v -7.56055 4.81417 -35.6011 
v -7.56055 4.5988 -35.7779 
v -7.56055 4.83168 -35.6224 
v -7.56055 4.61631 -35.7992 
v -7.56055 4.84803 -35.6558 
v -7.56055 4.63765 -35.8167 
v -7.56055 4.85524 -35.7 
v -7.56055 4.67105 -35.833 
v -7.56055 4.84808 -35.7443 
v -7.56055 4.71533 -35.8401 
v -7.56055 4.83178 -35.7777 
v -7.56055 4.75959 -35.8329 
v -7.56055 4.8143 -35.7991 
v -7.56055 4.79297 -35.8166 
v -7.44056 4.6042 -35.5338 
v -7.44056 4.57373 -35.5588 
v -7.44056 4.57373 -35.5588 
v -7.44056 4.65188 -35.5104 
v -7.64055 4.6042 -35.5338 
v -7.44056 4.54876 -35.5893 
v -7.44056 4.71512 -35.5001 
v -7.64055 4.65188 -35.5104 
v -7.64056 4.57373 -35.5588 
v -7.64056 4.57373 -35.5588 
v -7.44056 4.52547 -35.637 
v -7.44056 4.77837 -35.5103 
v -7.64056 4.71512 -35.5001 
v -7.64056 4.63751 -35.5837 
v -7.64056 4.64228 -35.5813 
v -7.64056 4.67089 -35.5673 
v -7.64056 4.61923 -35.5987 
v -7.64056 4.61618 -35.6012 
v -7.64056 4.61618 -35.6012 
v -7.64056 4.54876 -35.5893 
v -7.44056 4.51524 -35.7002 
v -7.44056 4.82608 -35.5336 
v -7.64056 4.77837 -35.5103 
v -7.64056 4.67721 -35.5663 
v -7.64056 4.71515 -35.5601 
v -7.64056 4.6012 -35.6195 
v -7.64056 4.5987 -35.6225 
v -7.64056 4.52546 -35.637 
v -7.44056 4.52554 -35.7635 
v -7.44056 4.85657 -35.5586 
v -7.44056 4.85657 -35.5586 
v -7.64056 4.82608 -35.5336 
v -7.64056 4.72148 -35.5611 
v -7.64056 4.75943 -35.5673 
v -7.64056 4.58473 -35.6512 
v -7.64056 4.5824 -35.6559 
v -7.64056 4.51524 -35.7002 
v -7.44056 4.5489 -35.8112 
v -7.44056 4.88158 -35.5891 
v -7.64056 4.85657 -35.5586 
v -7.64056 4.85657 -35.5586 
v -7.64056 4.7642 -35.5696 
v -7.64056 4.79283 -35.5836 
v -7.64056 4.57626 -35.6939 
v -7.64056 4.57524 -35.7002 
v -7.64056 4.52554 -35.7635 
v -7.44056 4.57391 -35.8416 
v -7.44056 4.57391 -35.8416 
v -7.44056 4.90494 -35.6368 
v -7.64056 4.88158 -35.5891 
v -7.64056 4.79588 -35.5861 
v -7.64056 4.81417 -35.6011 
v -7.64056 4.81417 -35.6011 
v -7.64056 4.58142 -35.7381 
v -7.64056 4.58245 -35.7445 
v -7.64056 4.5489 -35.8112 
v -7.44056 4.6044 -35.8666 
v -7.44056 4.91524 -35.7 
v -7.64056 4.90494 -35.6368 
v -7.64056 4.81667 -35.6041 
v -7.64056 4.83168 -35.6224 
v -7.64056 4.59647 -35.7731 
v -7.64056 4.5988 -35.7778 
v -7.64056 4.57391 -35.8416 
v -7.64056 4.57391 -35.8416 
v -7.44056 4.65211 -35.8899 
v -7.44056 4.90502 -35.7632 
v -7.64056 4.91524 -35.7 
v -7.64056 4.83401 -35.6272 
v -7.64056 4.84803 -35.6558 
v -7.64056 4.61381 -35.7961 
v -7.64056 4.61631 -35.7992 
v -7.64056 4.61631 -35.7992 
v -7.64056 4.6044 -35.8666 
v -7.44056 4.71537 -35.9001 
v -7.44056 4.88172 -35.811 
v -7.64056 4.90502 -35.7632 
v -7.64056 4.84906 -35.6621 
v -7.64056 4.85524 -35.7 
v -7.64056 4.6346 -35.8142 
v -7.64056 4.63765 -35.8167 
v -7.64056 4.65211 -35.8899 
v -7.44056 4.7786 -35.8898 
v -7.44056 4.85675 -35.8415 
v -7.44056 4.85675 -35.8415 
v -7.64056 4.88172 -35.811 
v -7.64056 4.84808 -35.7443 
v -7.64056 4.85422 -35.7064 
v -7.64056 4.66628 -35.8306 
v -7.64056 4.67105 -35.833 
v -7.64056 4.71536 -35.9001 
v -7.44056 4.82628 -35.8665 
v -7.64056 4.85675 -35.8414 
v -7.64056 4.85675 -35.8414 
v -7.64056 4.83178 -35.7777 
v -7.64056 4.84575 -35.7491 
v -7.64056 4.709 -35.8391 
v -7.64056 4.71533 -35.8401 
v -7.64056 4.7786 -35.8898 
v -7.64056 4.82628 -35.8665 
v -7.64056 4.8143 -35.799 
v -7.64056 4.8143 -35.799 
v -7.64056 4.82928 -35.7808 
v -7.64056 4.75327 -35.8339 
v -7.64056 4.75959 -35.8329 
v -7.64056 4.79297 -35.8166 
v -7.64056 4.81125 -35.8016 
v -7.64056 4.7882 -35.8189 
v -7.56055 4.63751 -35.5837 
v -7.56055 4.61618 -35.6012 
v -7.56055 4.61618 -35.6012 
v -7.56055 4.67089 -35.5673 
v -7.56055 4.5987 -35.6225 
v -7.56055 4.71515 -35.5601 
v -7.56055 4.5824 -35.6559 
v -7.56055 4.75943 -35.5673 
v -7.56055 4.57524 -35.7002 
v -7.56055 4.79283 -35.5836 
v -7.56055 4.58245 -35.7445 
v -7.56055 4.81417 -35.6011 
v -7.56055 4.81417 -35.6011 
v -7.56055 4.5988 -35.7779 
v -7.56055 4.83168 -35.6224 
v -7.56055 4.61631 -35.7992 
v -7.56055 4.61631 -35.7992 
v -7.56055 4.84803 -35.6558 
v -7.56055 4.63765 -35.8167 
v -7.56055 4.85524 -35.7 
v -7.56055 4.67105 -35.833 
v -7.56055 4.84808 -35.7443 
v -7.56055 4.71533 -35.8401 
v -7.56055 4.83178 -35.7777 
v -7.56055 4.75959 -35.8329 
v -7.56055 4.8143 -35.7991 
v -7.56055 4.8143 -35.7991 
v -7.56055 4.79297 -35.8166 

vn 1 0 0 
vn 1 0 0 
vn 1 0 0 
vn 1 0 0 
vn 0 -0.559055 0.826772 
vn 1 0 0 
vn 1 0 0 
vn 0 -0.338583 0.944882 
vn 0 -0.732283 0.685039 
vn 1 0 0 
vn 1 0 0 
vn 0 -0.0551181 1 
vn -1 0 0 
vn -1 0 0 
vn -1 0 0 
vn -1 0 0 
vn -1 0 0 
vn 0 -0.866142 0.496063 
vn 1 0 0 
vn 1 0 0 
vn 0 0.244094 0.968504 
vn -1 0 0 
vn -1 0 0 
vn -1 0 0 
vn -1 0 0 
vn 0 -0.968504 0.244094 
vn 1 0 0 
vn 1 0 0 
vn 0 0.496063 0.866142 
vn -1 0 0 
vn -1 0 0 
vn -1 0 0 
vn -1 0 0 
vn 0 -1 -0.0551181 
vn 1 0 0 
vn 1 0 0 
vn 0 0.685039 0.732283 
vn -1 0 0 
vn -1 0 0 
vn -1 0 0 
vn -1 0 0 
vn 0 -0.944882 -0.338583 
vn 1 0 0 
vn 1 0 0 
vn 0 0.826772 0.559055 
vn -1 0 0 
vn -1 0 0 
vn -1 0 0 
vn -1 0 0 
vn 0 -0.826772 -0.559055 
vn 1 0 0 
vn 1 0 0 
vn 0 0.944882 0.338583 
vn -1 0 0 
vn -1 0 0 
vn -1 0 0 
vn -1 0 0 
vn 0 -0.685039 -0.732283 
vn 1 0 0 
vn 1 0 0 
vn 0 1 0.0551181 
vn -1 0 0 
vn -1 0 0 
vn -1 0 0 
vn -1 0 0 
vn 0 -0.496063 -0.866142 
vn 1 0 0 
vn 1 0 0 
vn 0 0.968504 -0.244094 
vn -1 0 0 
vn -1 0 0 
vn -1 0 0 
vn -1 0 0 
vn 0 -0.244094 -0.968504 
vn 1 0 0 
vn 1 0 0 
vn 0 0.866142 -0.496063 
vn -1 0 0 
vn -1 0 0 
vn -1 0 0 
vn -1 0 0 
vn 0 0.0551181 -1 
vn 1 0 0 
vn 0 0.732283 -0.685039 
vn -1 0 0 
vn -1 0 0 
vn -1 0 0 
vn -1 0 0 
vn 0 0.338583 -0.944882 
vn 0 0.559055 -0.826772 
vn -1 0 0 
vn -1 0 0 
vn -1 0 0 
vn -1 0 0 
vn -1 0 0 
vn -1 0 0 
vn -1 0 0 
vn -1 0 0 
vn -1 0 0 
vn -1 0 0 
vn -1 0 0 
vn -1 0 0 
vn -1 0 0 
vn -1 0 0 
vn -1 0 0 
vn -1 0 0 
vn -1 0 0 
vn -1 0 0 
vn -1 0 0 
vn -1 0 0 
vn -1 0 0 
vn -1 0 0 
vn -1 0 0 
vn -1 0 0 
vn -1 0 0 
vn -1 0 0 
vn -1 0 0 
vn -1 0 0 
vn -1 0 0 
vn -1 0 0 
vn -1 0 0 
vn -1 0 0 
vn 0 -0.496063 0.866142 
vn 0 -0.685039 0.732283 
vn 0 -0.685039 0.732283 
vn 0 -0.244094 0.968504 
vn -1 0 0 
vn 0 -0.826772 0.559055 
vn 0 0.0551181 1 
vn -1 0 0 
vn 0 -0.732283 0.685039 
vn -1 0 0 
vn 0 -0.944882 0.338583 
vn 0 0.338583 0.944882 
vn -1 0 0 
vn 0 0.598425 -0.795276 
vn 0 0.440945 -0.897638 
vn 0 0.393701 -0.92126 
vn 0 0.637795 -0.771654 
vn 0 0.755906 -0.653543 
vn 0 0.755906 -0.653543 
vn -1 0 0 
vn 0 -1 0.0551181 
vn 0 0.559055 0.826772 
vn -1 0 0 
vn 0 0.15748 -0.984252 
vn 0 0.11811 -0.992126 
vn 0 0.771654 -0.629921 
vn 0 0.889764 -0.464567 
vn -1 0 0 
vn 0 -0.968504 -0.244094 
vn 0 0.732283 0.685039 
vn 0 0.732283 0.685039 
vn -1 0 0 
vn 0 -0.15748 -0.984252 
vn 0 -0.19685 -0.984252 
vn 0 0.897638 -0.440945 
vn 0 0.984252 -0.19685 
vn -1 0 0 
vn 0 -0.866142 -0.496063 
vn 0 0.866142 0.496063 
vn -1 0 0 
vn 0 0.685039 0.732283 
vn 0 -0.440945 -0.897638 
vn 0 -0.464567 -0.889764 
vn 0 0.984252 -0.15748 
vn 0 0.992126 0.11811 
vn -1 0 0 
vn 0 -0.732283 -0.685039 
vn 0 -0.732283 -0.685039 
vn 0 0.968504 0.244094 
vn -1 0 0 
vn 0 -0.629921 -0.771654 
vn 0 -0.653543 -0.755906 
vn 0 -0.653543 -0.755906 
vn 0 0.984252 0.15748 
vn 0 0.92126 0.393701 
vn -1 0 0 
vn 0 -0.559055 -0.826772 
vn 0 1 -0.0551181 
vn -1 0 0 
vn 0 -0.771654 -0.637795 
vn 0 -0.795276 -0.598425 
vn 0 0.897638 0.440945 
vn 0 0.795276 0.598425 
vn 0 -0.685039 -0.732283 
vn -1 0 0 
vn 0 -0.338583 -0.944882 
vn 0 0.944882 -0.338583 
vn -1 0 0 
vn 0 -0.897638 -0.440945 
vn 0 -0.92126 -0.393701 
vn 0 0.771654 0.637795 
vn 0 0.653543 0.755906 
vn 0 0.653543 0.755906 
vn -1 0 0 
vn 0 -0.0551181 -1 
vn 0 0.826772 -0.559055 
vn -1 0 0 
vn 0 -0.984252 -0.15748 
vn 0 -0.992126 -0.11811 
vn 0 0.629921 0.771654 
vn 0 0.464567 0.889764 
vn -1 0 0 
vn 0 0.244094 -0.968504 
vn 0 0.685039 -0.732283 
vn 0 0.685039 -0.732283 
vn -1 0 0 
vn 0 -0.984252 0.19685 
vn 0 -0.984252 0.15748 
vn 0 0.440945 0.897638 
vn 0 0.19685 0.984252 
vn -1 0 0 
vn 0 0.496063 -0.866142 
vn -1 0 0 
vn 0 0.732283 -0.685039 
vn 0 -0.889764 0.464567 
vn 0 -0.897638 0.440945 
vn 0 0.15748 0.984252 
vn 0 -0.11811 0.992126 
vn -1 0 0 
vn -1 0 0 
vn 0 -0.755906 0.653543 
vn 0 -0.755906 0.653543 
vn 0 -0.771654 0.629921 
vn 0 -0.15748 0.984252 
vn 0 -0.393701 0.92126 
vn 0 -0.598425 0.795276 
vn 0 -0.637795 0.771654 
vn 0 -0.440945 0.897638 
vn 0 0.551181 -0.834646 
vn 0 0.724409 -0.692913 
vn 0 0.724409 -0.692913 
vn 0 0.322835 -0.944882 
vn 0 0.866142 -0.503937 
vn 0 0.0393701 -1 
vn 0 0.968504 -0.259843 
vn 0 -0.259843 -0.968504 
vn 0 1 0.0393701 
vn 0 -0.503937 -0.866142 
vn 0 0.944882 0.322835 
vn 0 -0.692913 -0.724409 
vn 0 -0.692913 -0.724409 
vn 0 0.834646 0.551181 
vn 0 -0.834646 -0.551181 
vn 0 0.692913 0.724409 
vn 0 0.692913 0.724409 
vn 0 -0.944882 -0.322835 
vn 0 0.503937 0.866142 
vn 0 -1 -0.0393701 
vn 0 0.259843 0.968504 
vn 0 -0.968504 0.259843 
vn 0 -0.0393701 1 
vn 0 -0.866142 0.503937 
vn 0 -0.322835 0.944882 
vn 0 -0.724409 0.692913 
vn 0 -0.724409 0.692913 
vn 0 -0.551181 0.834646 

vt -0.224322 1.10824 
vt -0.203521 1.12211 
vt -0.206644 1.12592 
vt -0.200605 1.11615 
vt -0.211822 1.12211 
vt -0.210454 1.12904 
vt -0.199322 1.10824 
vt -0.211822 1.11615 
vt -0.211822 1.12592 
vt -0.216416 1.13196 
vt -0.200605 1.10034 
vt -0.211822 1.10824 
vt -0.238883 1.11795 
vt -0.239174 1.11735 
vt -0.240924 1.11378 
vt -0.237009 1.12024 
vt -0.236696 1.12062 
vt -0.211822 1.09437 
vt -0.224322 1.13324 
vt -0.203521 1.09437 
vt -0.211822 1.10034 
vt -0.241052 1.11299 
vt -0.241822 1.10824 
vt -0.23441 1.12249 
vt -0.234029 1.1228 
vt -0.211822 1.10034 
vt -0.232228 1.13196 
vt -0.206644 1.09056 
vt -0.211822 1.09437 
vt -0.241694 1.10745 
vt -0.240924 1.10271 
vt -0.230452 1.12455 
vt -0.229856 1.12484 
vt -0.211822 1.10824 
vt -0.23819 1.12904 
vt -0.210454 1.08744 
vt -0.211822 1.09056 
vt -0.240632 1.10211 
vt -0.238883 1.09853 
vt -0.225113 1.12561 
vt -0.224322 1.12574 
vt -0.211822 1.11615 
vt -0.242 1.12592 
vt -0.216416 1.08452 
vt -0.236822 1.09437 
vt -0.23857 1.09815 
vt -0.236696 1.09587 
vt -0.219579 1.12497 
vt -0.218788 1.12484 
vt -0.211822 1.12211 
vt -0.245123 1.12211 
vt -0.224322 1.08324 
vt -0.236822 1.10034 
vt -0.236315 1.09556 
vt -0.234029 1.09368 
vt -0.215211 1.12309 
vt -0.214615 1.1228 
vt -0.211822 1.12592 
vt -0.248039 1.11615 
vt -0.232228 1.08452 
vt -0.236822 1.10824 
vt -0.233433 1.09339 
vt -0.229856 1.09164 
vt -0.212329 1.12093 
vt -0.211948 1.12062 
vt -0.236822 1.12211 
vt -0.249322 1.10824 
vt -0.23819 1.08744 
vt -0.236822 1.11615 
vt -0.229065 1.09151 
vt -0.224322 1.09074 
vt -0.210073 1.11833 
vt -0.209761 1.11795 
vt -0.236822 1.11615 
vt -0.248039 1.10034 
vt -0.242 1.09056 
vt -0.236822 1.12211 
vt -0.218788 1.09164 
vt -0.223531 1.09087 
vt -0.208012 1.11437 
vt -0.20772 1.11378 
vt -0.236822 1.10824 
vt -0.245123 1.09437 
vt -0.236822 1.12592 
vt -0.214615 1.09368 
vt -0.218192 1.09193 
vt -0.20695 1.10903 
vt -0.206822 1.10824 
vt -0.236822 1.10034 
vt -0.236822 1.09437 
vt -0.211948 1.09587 
vt -0.214234 1.09399 
vt -0.207592 1.1035 
vt -0.20772 1.10271 
vt -0.209761 1.09853 
vt -0.211635 1.09625 
vt -0.209469 1.09913 
vt -0.238883 1.11795 
vt -0.224322 1.10824 
vt -0.236696 1.12062 
vt -0.240924 1.11378 
vt -0.234029 1.1228 
vt -0.241822 1.10824 
vt -0.229856 1.12484 
vt -0.240924 1.10271 
vt -0.224322 1.12574 
vt -0.238883 1.09853 
vt -0.218788 1.12484 
vt -0.236696 1.09587 
vt -0.214615 1.1228 
vt -0.234029 1.09368 
vt -0.211948 1.12062 
vt -0.229856 1.09164 
vt -0.209761 1.11795 
vt -0.224322 1.09074 
vt -0.20772 1.11378 
vt -0.218788 1.09164 
vt -0.206822 1.10824 
vt -0.214615 1.09368 
vt -0.20772 1.10271 
vt -0.211948 1.09587 
vt -0.209761 1.09853 
vt -0.236822 1.12211 
vt -0.236822 1.09056 
vt -0.236822 1.12592 
vt -0.236822 1.11615 
vt -0.245123 1.12211 
vt -0.236822 1.09437 
vt -0.236822 1.10824 
vt -0.248039 1.11615 
vt -0.211822 1.09056 
vt -0.242 1.12592 
vt -0.236822 1.10034 
vt -0.236822 1.10034 
vt -0.249322 1.10824 
vt -0.236822 1.11795 
vt -0.236822 1.11735 
vt -0.236822 1.11378 
vt -0.236822 1.12024 
vt -0.236822 1.09587 
vt -0.236822 1.12062 
vt -0.238189 1.12904 
vt -0.236822 1.10824 
vt -0.236822 1.09437 
vt -0.248039 1.10034 
vt -0.236822 1.11299 
vt -0.236822 1.10824 
vt -0.236822 1.09815 
vt -0.236822 1.09853 
vt -0.232228 1.13196 
vt -0.236822 1.11615 
vt -0.236822 1.09056 
vt -0.211822 1.09056 
vt -0.245123 1.09437 
vt -0.236822 1.10745 
vt -0.236822 1.10271 
vt -0.236822 1.10211 
vt -0.236822 1.10271 
vt -0.224322 1.13324 
vt -0.236822 1.12211 
vt -0.211822 1.09437 
vt -0.242 1.09056 
vt -0.236822 1.09056 
vt -0.236822 1.10211 
vt -0.236822 1.09853 
vt -0.236822 1.10745 
vt -0.236822 1.10824 
vt -0.216416 1.13196 
vt -0.211822 1.12592 
vt -0.236822 1.12592 
vt -0.211822 1.10034 
vt -0.23819 1.08744 
vt -0.236822 1.09815 
vt -0.236822 1.09587 
vt -0.211822 1.09587 
vt -0.236822 1.11299 
vt -0.236822 1.11378 
vt -0.210454 1.12904 
vt -0.211822 1.12211 
vt -0.211822 1.10824 
vt -0.232228 1.08452 
vt -0.211822 1.09625 
vt -0.211822 1.09853 
vt -0.236822 1.11735 
vt -0.236822 1.11795 
vt -0.236822 1.12592 
vt -0.206644 1.12592 
vt -0.211822 1.11615 
vt -0.211822 1.11615 
vt -0.224322 1.08324 
vt -0.211822 1.09913 
vt -0.211822 1.10271 
vt -0.236822 1.12024 
vt -0.211822 1.12062 
vt -0.236822 1.12062 
vt -0.203521 1.12211 
vt -0.211822 1.10824 
vt -0.211822 1.12211 
vt -0.216416 1.08452 
vt -0.211822 1.1035 
vt -0.211822 1.10824 
vt -0.211822 1.11833 
vt -0.211822 1.11795 
vt -0.200605 1.11615 
vt -0.211822 1.10034 
vt -0.211822 1.12592 
vt -0.211822 1.09056 
vt -0.210454 1.08744 
vt -0.211822 1.11378 
vt -0.211822 1.10903 
vt -0.211822 1.11437 
vt -0.211822 1.11378 
vt -0.199322 1.10824 
vt -0.211822 1.09437 
vt -0.206644 1.09056 
vt -0.236822 1.09056 
vt -0.211822 1.11795 
vt -0.211822 1.11437 
vt -0.211822 1.10903 
vt -0.211822 1.10824 
vt -0.200605 1.10034 
vt -0.203521 1.09437 
vt -0.211822 1.12062 
vt -0.211822 1.09587 
vt -0.211822 1.11833 
vt -0.211822 1.1035 
vt -0.211822 1.10271 
vt -0.211822 1.09853 
vt -0.211822 1.09625 
vt -0.211822 1.09913 
vt -0.226821 1.11795 
vt -0.226821 1.12062 
vt -0.226821 1.09587 
vt -0.226821 1.11378 
vt -0.226821 1.09853 
vt -0.226821 1.10824 
vt -0.226821 1.10271 
vt -0.226821 1.10271 
vt -0.226821 1.10824 
vt -0.226821 1.09853 
vt -0.226821 1.11378 
vt -0.221823 1.09587 
vt -0.226821 1.09587 
vt -0.226821 1.11795 
vt -0.221823 1.09853 
vt -0.226821 1.12062 
vt -0.221823 1.12062 
vt -0.221823 1.10271 
vt -0.221823 1.11795 
vt -0.221823 1.10824 
vt -0.221823 1.11378 
vt -0.221823 1.11378 
vt -0.221823 1.10824 
vt -0.221823 1.11795 
vt -0.221823 1.10271 
vt -0.221823 1.09587 
vt -0.221823 1.12062 
vt -0.221823 1.09853 

usemtl Union2Mtl

f 3485/3485/3485 3486/3486/3486 3487/3487/3487 
f 3486/3486/3486 3485/3485/3485 3488/3488/3488 
f 3609/3609/3609 3607/3607/3607 3489/3489/3489 
f 3485/3485/3485 3487/3487/3487 3490/3490/3490 
f 3488/3488/3488 3485/3485/3485 3491/3491/3491 
f 3607/3607/3607 3610/3610/3610 3492/3492/3492 
f 3489/3489/3489 3607/3607/3607 3492/3492/3492 
f 3609/3609/3609 3489/3489/3489 3493/3493/3493 
f 3612/3612/3612 3608/3608/3608 3615/3615/3615 
f 3485/3485/3485 3490/3490/3490 3494/3494/3494 
f 3491/3491/3491 3485/3485/3485 3495/3495/3495 
f 3610/3610/3610 3613/3613/3613 3496/3496/3496 
f 3492/3492/3492 3610/3610/3610 3496/3496/3496 
f 3497/3497/3497 3611/3611/3611 3498/3498/3498 
f 3498/3498/3498 3614/3614/3614 3499/3499/3499 
f 3614/3614/3614 3498/3498/3498 3611/3611/3611 
f 3616/3616/3616 3611/3611/3611 3500/3500/3500 
f 3500/3500/3500 3501/3501/3501 3616/3616/3616 
f 3497/3497/3497 3500/3500/3500 3611/3611/3611 
f 3612/3612/3612 3615/3615/3615 3502/3502/3502 
f 3617/3617/3617 3612/3612/3612 3502/3502/3502 
f 3485/3485/3485 3494/3494/3494 3503/3503/3503 
f 3495/3495/3495 3485/3485/3485 3504/3504/3504 
f 3613/3613/3613 3618/3618/3618 3505/3505/3505 
f 3496/3496/3496 3613/3613/3613 3505/3505/3505 
f 3499/3499/3499 3614/3614/3614 3506/3506/3506 
f 3506/3506/3506 3619/3619/3619 3507/3507/3507 
f 3619/3619/3619 3506/3506/3506 3614/3614/3614 
f 3626/3626/3626 3616/3616/3616 3508/3508/3508 
f 3626/3626/3626 3508/3508/3508 3509/3509/3509 
f 3508/3508/3508 3616/3616/3616 3501/3501/3501 
f 3617/3617/3617 3502/3502/3502 3510/3510/3510 
f 3627/3627/3627 3617/3617/3617 3510/3510/3510 
f 3485/3485/3485 3503/3503/3503 3511/3511/3511 
f 3504/3504/3504 3485/3485/3485 3512/3512/3512 
f 3618/3618/3618 3628/3628/3628 3513/3513/3513 
f 3505/3505/3505 3618/3618/3618 3513/3513/3513 
f 3507/3507/3507 3619/3619/3619 3514/3514/3514 
f 3514/3514/3514 3629/3629/3629 3515/3515/3515 
f 3629/3629/3629 3514/3514/3514 3619/3619/3619 
f 3634/3634/3634 3626/3626/3626 3516/3516/3516 
f 3634/3634/3634 3516/3516/3516 3517/3517/3517 
f 3516/3516/3516 3626/3626/3626 3509/3509/3509 
f 3627/3627/3627 3510/3510/3510 3518/3518/3518 
f 3635/3635/3635 3627/3627/3627 3518/3518/3518 
f 3485/3485/3485 3511/3511/3511 3519/3519/3519 
f 3512/3512/3512 3485/3485/3485 3520/3520/3520 
f 3628/3628/3628 3636/3636/3636 3521/3521/3521 
f 3513/3513/3513 3628/3628/3628 3521/3521/3521 
f 3522/3522/3522 3515/3515/3515 3629/3629/3629 
f 3638/3638/3638 3523/3523/3523 3522/3522/3522 
f 3638/3638/3638 3522/3522/3522 3629/3629/3629 
f 3643/3643/3643 3634/3634/3634 3524/3524/3524 
f 3643/3643/3643 3524/3524/3524 3525/3525/3525 
f 3524/3524/3524 3634/3634/3634 3517/3517/3517 
f 3635/3635/3635 3518/3518/3518 3526/3526/3526 
f 3644/3644/3644 3635/3635/3635 3526/3526/3526 
f 3485/3485/3485 3519/3519/3519 3527/3527/3527 
f 3520/3520/3520 3485/3485/3485 3528/3528/3528 
f 3637/3637/3637 3645/3645/3645 3529/3529/3529 
f 3647/3647/3647 3637/3637/3637 3529/3529/3529 
f 3530/3530/3530 3523/3523/3523 3638/3638/3638 
f 3530/3530/3530 3646/3646/3646 3531/3531/3531 
f 3646/3646/3646 3530/3530/3530 3638/3638/3638 
f 3652/3652/3652 3643/3643/3643 3532/3532/3532 
f 3532/3532/3532 3533/3533/3533 3652/3652/3652 
f 3525/3525/3525 3532/3532/3532 3643/3643/3643 
f 3644/3644/3644 3526/3526/3526 3534/3534/3534 
f 3654/3654/3654 3644/3644/3644 3534/3534/3534 
f 3485/3485/3485 3527/3527/3527 3535/3535/3535 
f 3528/3528/3528 3485/3485/3485 3536/3536/3536 
f 3645/3645/3645 3655/3655/3655 3537/3537/3537 
f 3529/3529/3529 3645/3645/3645 3537/3537/3537 
f 3538/3538/3538 3531/3531/3531 3646/3646/3646 
f 3538/3538/3538 3656/3656/3656 3539/3539/3539 
f 3656/3656/3656 3538/3538/3538 3646/3646/3646 
f 3662/3662/3662 3652/3652/3652 3540/3540/3540 
f 3540/3540/3540 3541/3541/3541 3662/3662/3662 
f 3533/3533/3533 3540/3540/3540 3652/3652/3652 
f 3654/3654/3654 3534/3534/3534 3542/3542/3542 
f 3663/3663/3663 3653/3653/3653 3670/3670/3670 
f 3485/3485/3485 3535/3535/3535 3543/3543/3543 
f 3536/3536/3536 3485/3485/3485 3544/3544/3544 
f 3655/3655/3655 3664/3664/3664 3545/3545/3545 
f 3537/3537/3537 3655/3655/3655 3545/3545/3545 
f 3546/3546/3546 3539/3539/3539 3656/3656/3656 
f 3546/3546/3546 3665/3665/3665 3547/3547/3547 
f 3665/3665/3665 3546/3546/3546 3656/3656/3656 
f 3671/3671/3671 3662/3662/3662 3548/3548/3548 
f 3548/3548/3548 3549/3549/3549 3671/3671/3671 
f 3541/3541/3541 3548/3548/3548 3662/3662/3662 
f 3663/3663/3663 3670/3670/3670 3550/3550/3550 
f 3672/3672/3672 3663/3663/3663 3550/3550/3550 
f 3485/3485/3485 3543/3543/3543 3551/3551/3551 
f 3544/3544/3544 3485/3485/3485 3552/3552/3552 
f 3664/3664/3664 3673/3673/3673 3553/3553/3553 
f 3545/3545/3545 3664/3664/3664 3553/3553/3553 
f 3554/3554/3554 3547/3547/3547 3665/3665/3665 
f 3554/3554/3554 3674/3674/3674 3555/3555/3555 
f 3674/3674/3674 3554/3554/3554 3665/3665/3665 
f 3680/3680/3680 3671/3671/3671 3556/3556/3556 
f 3556/3556/3556 3557/3557/3557 3680/3680/3680 
f 3556/3556/3556 3671/3671/3671 3549/3549/3549 
f 3672/3672/3672 3550/3550/3550 3558/3558/3558 
f 3681/3681/3681 3672/3672/3672 3558/3558/3558 
f 3485/3485/3485 3551/3551/3551 3559/3559/3559 
f 3552/3552/3552 3485/3485/3485 3560/3560/3560 
f 3673/3673/3673 3682/3682/3682 3561/3561/3561 
f 3553/3553/3553 3673/3673/3673 3561/3561/3561 
f 3562/3562/3562 3563/3563/3563 3683/3683/3683 
f 3674/3674/3674 3683/3683/3683 3563/3563/3563 
f 3674/3674/3674 3563/3563/3563 3555/3555/3555 
f 3680/3680/3680 3557/3557/3557 3564/3564/3564 
f 3688/3688/3688 3564/3564/3564 3565/3565/3565 
f 3564/3564/3564 3688/3688/3688 3680/3680/3680 
f 3681/3681/3681 3558/3558/3558 3566/3566/3566 
f 3689/3689/3689 3681/3681/3681 3566/3566/3566 
f 3485/3485/3485 3559/3559/3559 3567/3567/3567 
f 3560/3560/3560 3485/3485/3485 3567/3567/3567 
f 3682/3682/3682 3690/3690/3690 3568/3568/3568 
f 3561/3561/3561 3682/3682/3682 3568/3568/3568 
f 3569/3569/3569 3570/3570/3570 3692/3692/3692 
f 3683/3683/3683 3692/3692/3692 3570/3570/3570 
f 3683/3683/3683 3570/3570/3570 3562/3562/3562 
f 3688/3688/3688 3565/3565/3565 3571/3571/3571 
f 3571/3571/3571 3572/3572/3572 3697/3697/3697 
f 3571/3571/3571 3697/3697/3697 3688/3688/3688 
f 3689/3689/3689 3566/3566/3566 3573/3573/3573 
f 3698/3698/3698 3689/3689/3689 3573/3573/3573 
f 3691/3691/3691 3698/3698/3698 3574/3574/3574 
f 3700/3700/3700 3691/3691/3691 3574/3574/3574 
f 3575/3575/3575 3576/3576/3576 3699/3699/3699 
f 3692/3692/3692 3699/3699/3699 3576/3576/3576 
f 3692/3692/3692 3576/3576/3576 3569/3569/3569 
f 3697/3697/3697 3572/3572/3572 3577/3577/3577 
f 3577/3577/3577 3578/3578/3578 3705/3705/3705 
f 3577/3577/3577 3705/3705/3705 3697/3697/3697 
f 3698/3698/3698 3573/3573/3573 3574/3574/3574 
f 3579/3579/3579 3580/3580/3580 3706/3706/3706 
f 3699/3699/3699 3706/3706/3706 3580/3580/3580 
f 3699/3699/3699 3580/3580/3580 3575/3575/3575 
f 3705/3705/3705 3578/3578/3578 3581/3581/3581 
f 3581/3581/3581 3579/3579/3579 3706/3706/3706 
f 3581/3581/3581 3706/3706/3706 3705/3705/3705 
f 3582/3582/3582 3583/3583/3583 3584/3584/3584 
f 3583/3583/3583 3582/3582/3582 3585/3585/3585 
f 3584/3584/3584 3583/3583/3583 3586/3586/3586 
f 3583/3583/3583 3585/3585/3585 3587/3587/3587 
f 3586/3586/3586 3583/3583/3583 3588/3588/3588 
f 3583/3583/3583 3587/3587/3587 3589/3589/3589 
f 3588/3588/3588 3583/3583/3583 3590/3590/3590 
f 3583/3583/3583 3589/3589/3589 3591/3591/3591 
f 3590/3590/3590 3583/3583/3583 3592/3592/3592 
f 3583/3583/3583 3591/3591/3591 3593/3593/3593 
f 3592/3592/3592 3583/3583/3583 3594/3594/3594 
f 3583/3583/3583 3593/3593/3593 3595/3595/3595 
f 3594/3594/3594 3583/3583/3583 3596/3596/3596 
f 3583/3583/3583 3595/3595/3595 3597/3597/3597 
f 3596/3596/3596 3583/3583/3583 3598/3598/3598 
f 3583/3583/3583 3597/3597/3597 3599/3599/3599 
f 3598/3598/3598 3583/3583/3583 3600/3600/3600 
f 3583/3583/3583 3599/3599/3599 3601/3601/3601 
f 3600/3600/3600 3583/3583/3583 3602/3602/3602 
f 3583/3583/3583 3601/3601/3601 3603/3603/3603 
f 3602/3602/3602 3583/3583/3583 3604/3604/3604 
f 3583/3583/3583 3603/3603/3603 3605/3605/3605 
f 3604/3604/3604 3583/3583/3583 3606/3606/3606 
f 3583/3583/3583 3605/3605/3605 3606/3606/3606 
f 3623/3623/3623 3620/3620/3620 3715/3715/3715 
f 3623/3623/3623 3715/3715/3715 3716/3716/3716 
f 3621/3621/3621 3622/3622/3622 3718/3718/3718 
f 3621/3621/3621 3718/3718/3718 3715/3715/3715 
f 3620/3620/3620 3621/3621/3621 3715/3715/3715 
f 3625/3625/3625 3623/3623/3623 3716/3716/3716 
f 3632/3632/3632 3624/3624/3624 3717/3717/3717 
f 3632/3632/3632 3717/3717/3717 3719/3719/3719 
f 3630/3630/3630 3631/3631/3631 3720/3720/3720 
f 3630/3630/3630 3720/3720/3720 3718/3718/3718 
f 3622/3622/3622 3630/3630/3630 3718/3718/3718 
f 3633/3633/3633 3632/3632/3632 3719/3719/3719 
f 3641/3641/3641 3633/3633/3633 3719/3719/3719 
f 3641/3641/3641 3719/3719/3719 3721/3721/3721 
f 3639/3639/3639 3640/3640/3640 3722/3722/3722 
f 3639/3639/3639 3722/3722/3722 3720/3720/3720 
f 3631/3631/3631 3639/3639/3639 3720/3720/3720 
f 3642/3642/3642 3641/3641/3641 3721/3721/3721 
f 3650/3650/3650 3642/3642/3642 3721/3721/3721 
f 3650/3650/3650 3721/3721/3721 3723/3723/3723 
f 3648/3648/3648 3649/3649/3649 3724/3724/3724 
f 3648/3648/3648 3724/3724/3724 3722/3722/3722 
f 3640/3640/3640 3648/3648/3648 3722/3722/3722 
f 3651/3651/3651 3650/3650/3650 3723/3723/3723 
f 3660/3660/3660 3651/3651/3651 3723/3723/3723 
f 3660/3660/3660 3723/3723/3723 3725/3725/3725 
f 3657/3657/3657 3658/3658/3658 3727/3727/3727 
f 3657/3657/3657 3727/3727/3727 3724/3724/3724 
f 3649/3649/3649 3657/3657/3657 3724/3724/3724 
f 3661/3661/3661 3660/3660/3660 3725/3725/3725 
f 3668/3668/3668 3661/3661/3661 3725/3725/3725 
f 3668/3668/3668 3725/3725/3725 3728/3728/3728 
f 3666/3666/3666 3667/3667/3667 3729/3729/3729 
f 3666/3666/3666 3729/3729/3729 3726/3726/3726 
f 3659/3659/3659 3666/3666/3666 3726/3726/3726 
f 3669/3669/3669 3668/3668/3668 3728/3728/3728 
f 3677/3677/3677 3669/3669/3669 3728/3728/3728 
f 3677/3677/3677 3728/3728/3728 3730/3730/3730 
f 3675/3675/3675 3676/3676/3676 3732/3732/3732 
f 3675/3675/3675 3732/3732/3732 3729/3729/3729 
f 3667/3667/3667 3675/3675/3675 3729/3729/3729 
f 3679/3679/3679 3677/3677/3677 3730/3730/3730 
f 3686/3686/3686 3678/3678/3678 3731/3731/3731 
f 3686/3686/3686 3731/3731/3731 3733/3733/3733 
f 3684/3684/3684 3685/3685/3685 3734/3734/3734 
f 3684/3684/3684 3734/3734/3734 3732/3732/3732 
f 3676/3676/3676 3684/3684/3684 3732/3732/3732 
f 3687/3687/3687 3686/3686/3686 3733/3733/3733 
f 3695/3695/3695 3687/3687/3687 3733/3733/3733 
f 3695/3695/3695 3733/3733/3733 3735/3735/3735 
f 3694/3694/3694 3693/3693/3693 3736/3736/3736 
f 3694/3694/3694 3736/3736/3736 3734/3734/3734 
f 3685/3685/3685 3694/3694/3694 3734/3734/3734 
f 3696/3696/3696 3695/3695/3695 3735/3735/3735 
f 3703/3703/3703 3696/3696/3696 3735/3735/3735 
f 3703/3703/3703 3735/3735/3735 3737/3737/3737 
f 3702/3702/3702 3701/3701/3701 3738/3738/3738 
f 3702/3702/3702 3738/3738/3738 3736/3736/3736 
f 3693/3693/3693 3702/3702/3702 3736/3736/3736 
f 3704/3704/3704 3703/3703/3703 3737/3737/3737 
f 3710/3710/3710 3704/3704/3704 3737/3737/3737 
f 3710/3710/3710 3737/3737/3737 3739/3739/3739 
f 3709/3709/3709 3707/3707/3707 3741/3741/3741 
f 3709/3709/3709 3741/3741/3741 3738/3738/3738 
f 3701/3701/3701 3709/3709/3709 3738/3738/3738 
f 3711/3711/3711 3710/3710/3710 3739/3739/3739 
f 3714/3714/3714 3711/3711/3711 3739/3739/3739 
f 3714/3714/3714 3739/3739/3739 3742/3742/3742 
f 3713/3713/3713 3712/3712/3712 3742/3742/3742 
f 3713/3713/3713 3742/3742/3742 3740/3740/3740 
f 3708/3708/3708 3713/3713/3713 3740/3740/3740 
f 3712/3712/3712 3714/3714/3714 3742/3742/3742 

g Union5

v -7.94047 4.71526 -35.7004 
v -7.94047 4.46554 -35.5342 
v -7.94047 4.503 -35.4884 
v -7.94047 4.4306 -35.6057 
v -7.64047 4.46554 -35.5342 
v -7.94047 4.5487 -35.4509 
v -7.94047 4.41526 -35.7006 
v -7.64047 4.4306 -35.6057 
v -7.64047 4.503 -35.4884 
v -7.94047 4.62022 -35.4159 
v -7.94047 4.43072 -35.7955 
v -7.64047 4.41526 -35.7006 
v -7.64047 4.54046 -35.584 
v -7.64047 4.53696 -35.5912 
v -7.64047 4.516 -35.6341 
v -7.64047 4.56293 -35.5566 
v -7.64047 4.56668 -35.552 
v -7.64047 4.5487 -35.4509 
v -7.94047 4.71508 -35.4004 
v -7.94047 4.46575 -35.867 
v -7.64047 4.43072 -35.7955 
v -7.64047 4.51446 -35.6436 
v -7.64047 4.50526 -35.7005 
v -7.64047 4.5941 -35.5295 
v -7.64047 4.59867 -35.5258 
v -7.64047 4.62022 -35.4159 
v -7.94047 4.80995 -35.4157 
v -7.94047 4.50326 -35.9127 
v -7.64047 4.46575 -35.867 
v -7.64047 4.50681 -35.71 
v -7.64047 4.51608 -35.7669 
v -7.64047 4.64158 -35.5047 
v -7.64047 4.64873 -35.5012 
v -7.64047 4.71508 -35.4004 
v -7.94046 4.88152 -35.4507 
v -7.94047 4.54901 -35.9501 
v -7.64047 4.50326 -35.9127 
v -7.64047 4.51958 -35.7741 
v -7.64047 4.54061 -35.817 
v -7.64047 4.70565 -35.492 
v -7.64047 4.71513 -35.4904 
v -7.64047 4.80995 -35.4157 
v -7.94046 4.92726 -35.4881 
v -7.94047 4.62057 -35.9851 
v -7.64047 4.54901 -35.9501 
v -7.64047 4.54436 -35.8216 
v -7.64047 4.56686 -35.849 
v -7.64047 4.77206 -35.4996 
v -7.64047 4.78155 -35.5011 
v -7.64047 4.88152 -35.4507 
v -7.94046 4.96478 -35.5338 
v -7.94047 4.71545 -36.0004 
v -7.64047 4.62057 -35.9851 
v -7.64047 4.57144 -35.8527 
v -7.64047 4.59889 -35.8752 
v -7.64047 4.82448 -35.5221 
v -7.64047 4.83164 -35.5256 
v -7.64047 4.92726 -35.4881 
v -7.94047 4.99981 -35.6054 
v -7.94047 4.81031 -35.985 
v -7.64047 4.71545 -36.0004 
v -7.64047 4.60604 -35.8787 
v -7.64047 4.64898 -35.8997 
v -7.64047 4.85909 -35.5481 
v -7.64047 4.86366 -35.5518 
v -7.64047 4.96477 -35.5338 
v -7.94047 5.01526 -35.7002 
v -7.94047 4.88183 -35.9499 
v -7.64047 4.81031 -35.985 
v -7.64047 4.65847 -35.9012 
v -7.64047 4.71539 -35.9104 
v -7.64047 4.88617 -35.5792 
v -7.64047 4.88992 -35.5838 
v -7.64047 4.99981 -35.6054 
v -7.94047 4.99993 -35.7951 
v -7.94047 4.92753 -35.9124 
v -7.64047 4.88183 -35.9499 
v -7.64047 4.7818 -35.8996 
v -7.64047 4.72488 -35.9089 
v -7.64047 4.91094 -35.6267 
v -7.64047 4.91444 -35.6339 
v -7.64047 5.01526 -35.7002 
v -7.94047 4.96498 -35.8667 
v -7.64047 4.92753 -35.9124 
v -7.64047 4.83186 -35.8751 
v -7.64047 4.78895 -35.8961 
v -7.64047 4.92372 -35.6908 
v -7.64047 4.92526 -35.7003 
v -7.64047 4.99993 -35.7951 
v -7.64047 4.96498 -35.8667 
v -7.64047 4.86385 -35.8488 
v -7.64047 4.83643 -35.8713 
v -7.64047 4.91606 -35.7572 
v -7.64047 4.91453 -35.7667 
v -7.64047 4.89007 -35.8168 
v -7.64047 4.86759 -35.8442 
v -7.64047 4.89356 -35.8096 
v -7.76048 4.54046 -35.584 
v -7.76048 4.71526 -35.7004 
v -7.76048 4.56668 -35.552 
v -7.76048 4.516 -35.6341 
v -7.76048 4.59867 -35.5257 
v -7.76048 4.50526 -35.7005 
v -7.76048 4.64873 -35.5012 
v -7.76048 4.51608 -35.7669 
v -7.76047 4.71513 -35.4904 
v -7.76048 4.54061 -35.817 
v -7.76047 4.78155 -35.5011 
v -7.76048 4.56686 -35.849 
v -7.76047 4.83164 -35.5256 
v -7.76048 4.59889 -35.8752 
v -7.76047 4.86366 -35.5518 
v -7.76048 4.64898 -35.8997 
v -7.76047 4.88992 -35.5838 
v -7.76048 4.71539 -35.9104 
v -7.76047 4.91445 -35.6339 
v -7.76048 4.7818 -35.8996 
v -7.76047 4.92526 -35.7003 
v -7.76048 4.83186 -35.8751 
v -7.76048 4.91453 -35.7667 
v -7.76048 4.86385 -35.8488 
v -7.76048 4.89007 -35.8168 
v -7.94047 4.46554 -35.5342 
v -7.94047 4.503 -35.4884 
v -7.94047 4.503 -35.4884 
v -7.94047 4.4306 -35.6057 
v -7.64047 4.46554 -35.5342 
v -7.94047 4.5487 -35.4509 
v -7.94047 4.41526 -35.7006 
v -7.64047 4.4306 -35.6057 
v -7.64047 4.503 -35.4884 
v -7.64047 4.503 -35.4884 
v -7.94047 4.62022 -35.4159 
v -7.94047 4.43072 -35.7955 
v -7.64047 4.41526 -35.7006 
v -7.64047 4.54046 -35.584 
v -7.64047 4.53696 -35.5912 
v -7.64047 4.516 -35.6341 
v -7.64047 4.56293 -35.5566 
v -7.64047 4.56668 -35.552 
v -7.64047 4.56668 -35.552 
v -7.64047 4.5487 -35.4509 
v -7.94047 4.71508 -35.4004 
v -7.94047 4.46575 -35.867 
v -7.64047 4.43072 -35.7955 
v -7.64047 4.51446 -35.6436 
v -7.64047 4.50526 -35.7005 
v -7.64047 4.5941 -35.5295 
v -7.64047 4.59867 -35.5258 
v -7.64047 4.62022 -35.4159 
v -7.94047 4.80995 -35.4157 
v -7.94047 4.50326 -35.9127 
v -7.94047 4.50326 -35.9127 
v -7.64047 4.46575 -35.867 
v -7.64047 4.50681 -35.71 
v -7.64047 4.51608 -35.7669 
v -7.64047 4.64158 -35.5047 
v -7.64047 4.64873 -35.5012 
v -7.64047 4.71508 -35.4004 
v -7.94046 4.88152 -35.4507 
v -7.94047 4.54901 -35.9501 
v -7.64047 4.50326 -35.9127 
v -7.64047 4.50326 -35.9127 
v -7.64047 4.51958 -35.7741 
v -7.64047 4.54061 -35.817 
v -7.64047 4.70565 -35.492 
v -7.64047 4.71513 -35.4904 
v -7.64047 4.80995 -35.4157 
v -7.94046 4.92726 -35.4881 
v -7.94046 4.92726 -35.4881 
v -7.94047 4.62057 -35.9851 
v -7.64047 4.54901 -35.9501 
v -7.64047 4.54436 -35.8216 
v -7.64047 4.56686 -35.849 
v -7.64047 4.56686 -35.849 
v -7.64047 4.77206 -35.4996 
v -7.64047 4.78155 -35.5011 
v -7.64047 4.88152 -35.4507 
v -7.94046 4.96478 -35.5338 
v -7.94047 4.71545 -36.0004 
v -7.64047 4.62057 -35.9851 
v -7.64047 4.57144 -35.8527 
v -7.64047 4.59889 -35.8752 
v -7.64047 4.82448 -35.5221 
v -7.64047 4.83164 -35.5256 
v -7.64047 4.92726 -35.4881 
v -7.64047 4.92726 -35.4881 
v -7.94047 4.99981 -35.6054 
v -7.94047 4.81031 -35.985 
v -7.64047 4.71545 -36.0004 
v -7.64047 4.60604 -35.8787 
v -7.64047 4.64898 -35.8997 
v -7.64047 4.85909 -35.5481 
v -7.64047 4.86366 -35.5518 
v -7.64047 4.86366 -35.5518 
v -7.64047 4.96477 -35.5338 
v -7.94047 5.01526 -35.7002 
v -7.94047 4.88183 -35.9499 
v -7.64047 4.81031 -35.985 
v -7.64047 4.65847 -35.9012 
v -7.64047 4.71539 -35.9104 
v -7.64047 4.88617 -35.5792 
v -7.64047 4.88992 -35.5838 
v -7.64047 4.99981 -35.6054 
v -7.94047 4.99993 -35.7951 
v -7.94047 4.92753 -35.9124 
v -7.94047 4.92753 -35.9124 
v -7.64047 4.88183 -35.9499 
v -7.64047 4.7818 -35.8996 
v -7.64047 4.72488 -35.9089 
v -7.64047 4.91094 -35.6267 
v -7.64047 4.91444 -35.6339 
v -7.64047 5.01526 -35.7002 
v -7.94047 4.96498 -35.8667 
v -7.64047 4.92753 -35.9124 
v -7.64047 4.92753 -35.9124 
v -7.64047 4.83186 -35.8751 
v -7.64047 4.78895 -35.8961 
v -7.64047 4.92372 -35.6908 
v -7.64047 4.92526 -35.7003 
v -7.64047 4.99993 -35.7951 
v -7.64047 4.96498 -35.8667 
v -7.64047 4.86385 -35.8488 
v -7.64047 4.86385 -35.8488 
v -7.64047 4.83643 -35.8713 
v -7.64047 4.91606 -35.7572 
v -7.64047 4.91453 -35.7667 
v -7.64047 4.89007 -35.8168 
v -7.64047 4.86759 -35.8442 
v -7.64047 4.89356 -35.8096 
v -7.76048 4.54046 -35.584 
v -7.76048 4.56668 -35.552 
v -7.76048 4.56668 -35.552 
v -7.76048 4.516 -35.6341 
v -7.76048 4.59867 -35.5257 
v -7.76048 4.50526 -35.7005 
v -7.76048 4.64873 -35.5012 
v -7.76048 4.51608 -35.7669 
v -7.76047 4.71513 -35.4904 
v -7.76048 4.54061 -35.817 
v -7.76047 4.78155 -35.5011 
v -7.76048 4.56686 -35.849 
v -7.76048 4.56686 -35.849 
v -7.76047 4.83164 -35.5256 
v -7.76048 4.59889 -35.8752 
v -7.76047 4.86366 -35.5518 
v -7.76047 4.86366 -35.5518 
v -7.76048 4.64898 -35.8997 
v -7.76047 4.88992 -35.5838 
v -7.76048 4.71539 -35.9104 
v -7.76047 4.91445 -35.6339 
v -7.76048 4.7818 -35.8996 
v -7.76047 4.92526 -35.7003 
v -7.76048 4.83186 -35.8751 
v -7.76048 4.91453 -35.7667 
v -7.76048 4.86385 -35.8488 
v -7.76048 4.86385 -35.8488 
v -7.76048 4.89007 -35.8168 

vn -1 0 0 
vn -1 0 0 
vn -1 0 0 
vn -1 0 0 
vn 0 -0.826772 0.559055 
vn -1 0 0 
vn -1 0 0 
vn 0 -0.944882 0.338583 
vn 0 -0.685039 0.732283 
vn -1 0 0 
vn -1 0 0 
vn 0 -1 0.0551181 
vn 1 0 0 
vn 1 0 0 
vn 1 0 0 
vn 1 0 0 
vn 1 0 0 
vn 0 -0.496063 0.866142 
vn -1 0 0 
vn -1 0 0 
vn 0 -0.968504 -0.244094 
vn 1 0 0 
vn 1 0 0 
vn 1 0 0 
vn 1 0 0 
vn 0 -0.244094 0.968504 
vn -1 0 0 
vn -1 0 0 
vn 0 -0.866142 -0.496063 
vn 1 0 0 
vn 1 0 0 
vn 1 0 0 
vn 1 0 0 
vn 0 0.0551181 1 
vn -1 0 0 
vn -1 0 0 
vn 0 -0.732283 -0.685039 
vn 1 0 0 
vn 1 0 0 
vn 1 0 0 
vn 1 0 0 
vn 0 0.338583 0.944882 
vn -1 0 0 
vn -1 0 0 
vn 0 -0.559055 -0.826772 
vn 1 0 0 
vn 1 0 0 
vn 1 0 0 
vn 1 0 0 
vn 0 0.559055 0.826772 
vn -1 0 0 
vn -1 0 0 
vn 0 -0.338583 -0.944882 
vn 1 0 0 
vn 1 0 0 
vn 1 0 0 
vn 1 0 0 
vn 0 0.732283 0.685039 
vn -1 0 0 
vn -1 0 0 
vn 0 -0.0551181 -1 
vn 1 0 0 
vn 1 0 0 
vn 1 0 0 
vn 1 0 0 
vn 0 0.866142 0.496063 
vn -1 0 0 
vn -1 0 0 
vn 0 0.244094 -0.968504 
vn 1 0 0 
vn 1 0 0 
vn 1 0 0 
vn 1 0 0 
vn 0 0.968504 0.244094 
vn -1 0 0 
vn -1 0 0 
vn 0 0.496063 -0.866142 
vn 1 0 0 
vn 1 0 0 
vn 1 0 0 
vn 1 0 0 
vn 0 1 -0.0551181 
vn -1 0 0 
vn 0 0.685039 -0.732283 
vn 1 0 0 
vn 1 0 0 
vn 1 0 0 
vn 1 0 0 
vn 0 0.944882 -0.338583 
vn 0 0.826772 -0.559055 
vn 1 0 0 
vn 1 0 0 
vn 1 0 0 
vn 1 0 0 
vn 1 0 0 
vn 1 0 0 
vn 1 0 0 
vn 1 0 0 
vn 1 0 0 
vn 1 0 0 
vn 1 0 0 
vn 1 0 0 
vn 1 0 0 
vn 1 0 0 
vn 1 0 0 
vn 1 0 0 
vn 1 0 0 
vn 1 0 0 
vn 1 0 0 
vn 1 0 0 
vn 1 0 0 
vn 1 0 0 
vn 1 0 0 
vn 1 0 0 
vn 1 0 0 
vn 1 0 0 
vn 1 0 0 
vn 1 0 0 
vn 1 0 0 
vn 1 0 0 
vn 1 0 0 
vn 1 0 0 
vn 0 -0.866142 0.496063 
vn 0 -0.732283 0.685039 
vn 0 -0.732283 0.685039 
vn 0 -0.968504 0.244094 
vn 1 0 0 
vn 0 -0.559055 0.826772 
vn 0 -1 -0.0551181 
vn 1 0 0 
vn 0 -0.685039 0.732283 
vn 1 0 0 
vn 0 -0.338583 0.944882 
vn 0 -0.944882 -0.338583 
vn 1 0 0 
vn 0 0.80315 -0.598425 
vn 0 0.897638 -0.440945 
vn 0 0.92126 -0.393701 
vn 0 0.771654 -0.629921 
vn 0 0.653543 -0.755906 
vn 0 0.653543 -0.755906 
vn 1 0 0 
vn 0 -0.0551181 1 
vn 0 -0.826772 -0.559055 
vn 1 0 0 
vn 0 0.984252 -0.15748 
vn 0 0.992126 -0.11811 
vn 0 0.637795 -0.771654 
vn 0 0.464567 -0.889764 
vn 1 0 0 
vn 0 0.244094 0.968504 
vn 0 -0.685039 -0.732283 
vn 0 -0.685039 -0.732283 
vn 1 0 0 
vn 0 0.984252 0.15748 
vn 0 0.984252 0.19685 
vn 0 0.440945 -0.897638 
vn 0 0.19685 -0.984252 
vn 1 0 0 
vn 0 0.496063 0.866142 
vn 0 -0.496063 -0.866142 
vn 1 0 0 
vn 0 -0.732283 -0.685039 
vn 0 0.897638 0.440945 
vn 0 0.889764 0.464567 
vn 0 0.15748 -0.984252 
vn 0 -0.11811 -0.992126 
vn 1 0 0 
vn 0 0.685039 0.732283 
vn 0 0.685039 0.732283 
vn 0 -0.244094 -0.968504 
vn 1 0 0 
vn 0 0.771654 0.637795 
vn 0 0.755906 0.653543 
vn 0 0.755906 0.653543 
vn 0 -0.15748 -0.984252 
vn 0 -0.393701 -0.92126 
vn 1 0 0 
vn 0 0.826772 0.559055 
vn 0 0.0551181 -1 
vn 1 0 0 
vn 0 0.629921 0.771654 
vn 0 0.598425 0.80315 
vn 0 -0.440945 -0.897638 
vn 0 -0.598425 -0.80315 
vn 0 0.732283 0.685039 
vn 1 0 0 
vn 0 0.944882 0.338583 
vn 0 0.338583 -0.944882 
vn 1 0 0 
vn 0 0.440945 0.897638 
vn 0 0.393701 0.92126 
vn 0 -0.629921 -0.771654 
vn 0 -0.755906 -0.653543 
vn 0 -0.755906 -0.653543 
vn 1 0 0 
vn 0 1 0.0551181 
vn 0 0.559055 -0.826772 
vn 1 0 0 
vn 0 0.15748 0.984252 
vn 0 0.11811 0.992126 
vn 0 -0.771654 -0.637795 
vn 0 -0.889764 -0.464567 
vn 1 0 0 
vn 0 0.968504 -0.244094 
vn 0 0.732283 -0.685039 
vn 0 0.732283 -0.685039 
vn 1 0 0 
vn 0 -0.19685 0.984252 
vn 0 -0.15748 0.984252 
vn 0 -0.897638 -0.440945 
vn 0 -0.984252 -0.19685 
vn 1 0 0 
vn 0 0.866142 -0.496063 
vn 1 0 0 
vn 0 0.685039 -0.732283 
vn 0 -0.464567 0.889764 
vn 0 -0.440945 0.897638 
vn 0 -0.984252 -0.15748 
vn 0 -0.992126 0.11811 
vn 1 0 0 
vn 1 0 0 
vn 0 -0.653543 0.755906 
vn 0 -0.653543 0.755906 
vn 0 -0.637795 0.771654 
vn 0 -0.984252 0.15748 
vn 0 -0.92126 0.393701 
vn 0 -0.80315 0.598425 
vn 0 -0.771654 0.629921 
vn 0 -0.897638 0.440945 
vn 0 0.834646 -0.551181 
vn 0 0.692913 -0.724409 
vn 0 0.692913 -0.724409 
vn 0 0.944882 -0.322835 
vn 0 0.503937 -0.866142 
vn 0 1 -0.0393701 
vn 0 0.259843 -0.968504 
vn 0 0.968504 0.259843 
vn 0 -0.0393701 -1 
vn 0 0.866142 0.503937 
vn 0 -0.322835 -0.944882 
vn 0 0.724409 0.692913 
vn 0 0.724409 0.692913 
vn 0 -0.551181 -0.834646 
vn 0 0.551181 0.834646 
vn 0 -0.724409 -0.692913 
vn 0 -0.724409 -0.692913 
vn 0 0.322835 0.944882 
vn 0 -0.866142 -0.503937 
vn 0 0.0393701 1 
vn 0 -0.968504 -0.259843 
vn 0 -0.259843 0.968504 
vn 0 -1 0.0393701 
vn 0 -0.503937 0.866142 
vn 0 -0.944882 0.322835 
vn 0 -0.692913 0.724409 
vn 0 -0.692913 0.724409 
vn 0 -0.834646 0.551181 

vt -0.202152 1.24095 
vt -0.17095 1.26175 
vt -0.175636 1.26746 
vt -0.166576 1.2528 
vt -0.183402 1.26175 
vt -0.181351 1.27215 
vt -0.164652 1.24095 
vt -0.183402 1.2528 
vt -0.183402 1.26746 
vt -0.190294 1.27652 
vt -0.166576 1.22909 
vt -0.183402 1.24095 
vt -0.223993 1.25551 
vt -0.224431 1.25461 
vt -0.227055 1.24925 
vt -0.221182 1.25893 
vt -0.220714 1.25951 
vt -0.183402 1.22014 
vt -0.202152 1.27845 
vt -0.17095 1.22014 
vt -0.183402 1.22909 
vt -0.227247 1.24806 
vt -0.228402 1.24095 
vt -0.217285 1.26232 
vt -0.216713 1.26279 
vt -0.183402 1.22909 
vt -0.214011 1.27652 
vt -0.175636 1.21443 
vt -0.183402 1.22014 
vt -0.22821 1.23976 
vt -0.227055 1.23264 
vt -0.211347 1.26541 
vt -0.210453 1.26585 
vt -0.183402 1.24095 
vt -0.222953 1.27215 
vt -0.181351 1.20974 
vt -0.183402 1.21443 
vt -0.226618 1.23175 
vt -0.223993 1.22638 
vt -0.203338 1.267 
vt -0.202152 1.26719 
vt -0.183402 1.2528 
vt -0.228669 1.26746 
vt -0.190294 1.20537 
vt -0.220902 1.22014 
vt -0.223525 1.22581 
vt -0.220714 1.22238 
vt -0.195037 1.26604 
vt -0.193851 1.26585 
vt -0.183402 1.26175 
vt -0.233354 1.26175 
vt -0.202152 1.20345 
vt -0.220902 1.22909 
vt -0.220142 1.22191 
vt -0.216713 1.2191 
vt -0.188486 1.26322 
vt -0.187591 1.26279 
vt -0.183402 1.26746 
vt -0.237728 1.2528 
vt -0.214011 1.20537 
vt -0.220902 1.24095 
vt -0.215819 1.21867 
vt -0.210453 1.21604 
vt -0.184162 1.25998 
vt -0.183591 1.25951 
vt -0.220902 1.26175 
vt -0.239652 1.24095 
vt -0.222953 1.20974 
vt -0.220902 1.2528 
vt -0.209267 1.21585 
vt -0.202152 1.21469 
vt -0.180779 1.25608 
vt -0.180311 1.25551 
vt -0.220902 1.2528 
vt -0.237728 1.22909 
vt -0.228669 1.21443 
vt -0.220902 1.26175 
vt -0.193851 1.21604 
vt -0.200966 1.21489 
vt -0.177687 1.25014 
vt -0.177249 1.24925 
vt -0.220902 1.24095 
vt -0.233354 1.22014 
vt -0.220902 1.26746 
vt -0.187591 1.2191 
vt -0.192957 1.21648 
vt -0.176095 1.24213 
vt -0.175902 1.24095 
vt -0.220902 1.22909 
vt -0.220902 1.22014 
vt -0.183591 1.22238 
vt -0.18702 1.21957 
vt -0.177057 1.23383 
vt -0.177249 1.23264 
vt -0.180311 1.22638 
vt -0.183122 1.22296 
vt -0.179873 1.22728 
vt -0.223993 1.25551 
vt -0.202152 1.24095 
vt -0.220714 1.25951 
vt -0.227055 1.24925 
vt -0.216713 1.26279 
vt -0.228402 1.24095 
vt -0.210453 1.26585 
vt -0.227055 1.23264 
vt -0.202152 1.26719 
vt -0.223993 1.22638 
vt -0.193851 1.26585 
vt -0.220714 1.22238 
vt -0.187591 1.26279 
vt -0.216713 1.2191 
vt -0.183591 1.25951 
vt -0.210453 1.21604 
vt -0.180311 1.25551 
vt -0.202152 1.21469 
vt -0.177249 1.24925 
vt -0.193851 1.21604 
vt -0.175902 1.24095 
vt -0.187591 1.2191 
vt -0.177249 1.23264 
vt -0.183591 1.22238 
vt -0.180311 1.22638 
vt -0.220902 1.26175 
vt -0.220902 1.21443 
vt -0.220902 1.26746 
vt -0.220902 1.2528 
vt -0.233354 1.26175 
vt -0.220902 1.22014 
vt -0.220902 1.24095 
vt -0.237728 1.2528 
vt -0.183402 1.21443 
vt -0.228669 1.26746 
vt -0.220902 1.22909 
vt -0.220902 1.22909 
vt -0.239652 1.24095 
vt -0.220902 1.25551 
vt -0.220902 1.25461 
vt -0.220902 1.24925 
vt -0.220902 1.25893 
vt -0.220902 1.22238 
vt -0.220902 1.25951 
vt -0.222953 1.27215 
vt -0.220902 1.24095 
vt -0.220902 1.22014 
vt -0.237728 1.22909 
vt -0.220902 1.24806 
vt -0.220902 1.24095 
vt -0.220902 1.22581 
vt -0.220902 1.22638 
vt -0.214011 1.27652 
vt -0.220902 1.2528 
vt -0.220902 1.21443 
vt -0.183402 1.21443 
vt -0.233354 1.22014 
vt -0.220902 1.23976 
vt -0.220902 1.23264 
vt -0.220902 1.23175 
vt -0.220902 1.23264 
vt -0.202152 1.27845 
vt -0.220902 1.26175 
vt -0.183402 1.22014 
vt -0.228669 1.21443 
vt -0.220902 1.21443 
vt -0.220902 1.23175 
vt -0.220902 1.22638 
vt -0.220902 1.23976 
vt -0.220902 1.24095 
vt -0.190294 1.27652 
vt -0.183402 1.26746 
vt -0.220902 1.26746 
vt -0.183402 1.22909 
vt -0.222953 1.20974 
vt -0.220902 1.22581 
vt -0.220902 1.22238 
vt -0.183402 1.22238 
vt -0.220902 1.24806 
vt -0.220902 1.24925 
vt -0.181351 1.27215 
vt -0.183402 1.26175 
vt -0.183402 1.24095 
vt -0.214011 1.20537 
vt -0.183402 1.22296 
vt -0.183402 1.22638 
vt -0.220902 1.25461 
vt -0.220902 1.25551 
vt -0.220902 1.26746 
vt -0.175636 1.26746 
vt -0.183402 1.2528 
vt -0.183402 1.2528 
vt -0.202152 1.20345 
vt -0.183402 1.22728 
vt -0.183402 1.23264 
vt -0.220902 1.25893 
vt -0.183402 1.25951 
vt -0.220902 1.25951 
vt -0.17095 1.26175 
vt -0.183402 1.24095 
vt -0.183402 1.26175 
vt -0.190294 1.20537 
vt -0.183402 1.23383 
vt -0.183402 1.24095 
vt -0.183402 1.25608 
vt -0.183402 1.25551 
vt -0.166576 1.2528 
vt -0.183402 1.22909 
vt -0.183402 1.26746 
vt -0.183402 1.21443 
vt -0.181351 1.20974 
vt -0.183402 1.24925 
vt -0.183402 1.24213 
vt -0.183402 1.25014 
vt -0.183402 1.24925 
vt -0.164652 1.24095 
vt -0.183402 1.22014 
vt -0.175636 1.21443 
vt -0.220902 1.21443 
vt -0.183402 1.25551 
vt -0.183402 1.25014 
vt -0.183402 1.24213 
vt -0.183402 1.24095 
vt -0.166576 1.22909 
vt -0.17095 1.22014 
vt -0.183402 1.25951 
vt -0.183402 1.22238 
vt -0.183402 1.25608 
vt -0.183402 1.23383 
vt -0.183402 1.23264 
vt -0.183402 1.22638 
vt -0.183402 1.22296 
vt -0.183402 1.22728 
vt -0.205901 1.25551 
vt -0.205901 1.25951 
vt -0.205901 1.22238 
vt -0.205901 1.24925 
vt -0.205901 1.22638 
vt -0.205901 1.24095 
vt -0.205901 1.23264 
vt -0.205901 1.23264 
vt -0.205901 1.24095 
vt -0.205901 1.22638 
vt -0.205901 1.24925 
vt -0.198403 1.22238 
vt -0.205901 1.22238 
vt -0.205901 1.25551 
vt -0.198403 1.22638 
vt -0.205901 1.25951 
vt -0.198403 1.25951 
vt -0.198403 1.23264 
vt -0.198403 1.25551 
vt -0.198403 1.24095 
vt -0.198403 1.24925 
vt -0.198403 1.24925 
vt -0.198403 1.24095 
vt -0.198403 1.25551 
vt -0.198403 1.23264 
vt -0.198403 1.22238 
vt -0.198403 1.25951 
vt -0.198403 1.22638 

usemtl Union3Mtl

f 3743/3743/3743 3744/3744/3744 3745/3745/3745 
f 3744/3744/3744 3743/3743/3743 3746/3746/3746 
f 3867/3867/3867 3865/3865/3865 3747/3747/3747 
f 3743/3743/3743 3745/3745/3745 3748/3748/3748 
f 3746/3746/3746 3743/3743/3743 3749/3749/3749 
f 3865/3865/3865 3868/3868/3868 3750/3750/3750 
f 3747/3747/3747 3865/3865/3865 3750/3750/3750 
f 3867/3867/3867 3747/3747/3747 3751/3751/3751 
f 3870/3870/3870 3866/3866/3866 3873/3873/3873 
f 3743/3743/3743 3748/3748/3748 3752/3752/3752 
f 3749/3749/3749 3743/3743/3743 3753/3753/3753 
f 3868/3868/3868 3871/3871/3871 3754/3754/3754 
f 3750/3750/3750 3868/3868/3868 3754/3754/3754 
f 3755/3755/3755 3869/3869/3869 3756/3756/3756 
f 3756/3756/3756 3872/3872/3872 3757/3757/3757 
f 3872/3872/3872 3756/3756/3756 3869/3869/3869 
f 3874/3874/3874 3869/3869/3869 3758/3758/3758 
f 3758/3758/3758 3759/3759/3759 3874/3874/3874 
f 3755/3755/3755 3758/3758/3758 3869/3869/3869 
f 3870/3870/3870 3873/3873/3873 3760/3760/3760 
f 3875/3875/3875 3870/3870/3870 3760/3760/3760 
f 3743/3743/3743 3752/3752/3752 3761/3761/3761 
f 3753/3753/3753 3743/3743/3743 3762/3762/3762 
f 3871/3871/3871 3876/3876/3876 3763/3763/3763 
f 3754/3754/3754 3871/3871/3871 3763/3763/3763 
f 3757/3757/3757 3872/3872/3872 3764/3764/3764 
f 3764/3764/3764 3877/3877/3877 3765/3765/3765 
f 3877/3877/3877 3764/3764/3764 3872/3872/3872 
f 3884/3884/3884 3874/3874/3874 3766/3766/3766 
f 3884/3884/3884 3766/3766/3766 3767/3767/3767 
f 3766/3766/3766 3874/3874/3874 3759/3759/3759 
f 3875/3875/3875 3760/3760/3760 3768/3768/3768 
f 3885/3885/3885 3875/3875/3875 3768/3768/3768 
f 3743/3743/3743 3761/3761/3761 3769/3769/3769 
f 3762/3762/3762 3743/3743/3743 3770/3770/3770 
f 3876/3876/3876 3886/3886/3886 3771/3771/3771 
f 3763/3763/3763 3876/3876/3876 3771/3771/3771 
f 3765/3765/3765 3877/3877/3877 3772/3772/3772 
f 3772/3772/3772 3887/3887/3887 3773/3773/3773 
f 3887/3887/3887 3772/3772/3772 3877/3877/3877 
f 3892/3892/3892 3884/3884/3884 3774/3774/3774 
f 3892/3892/3892 3774/3774/3774 3775/3775/3775 
f 3774/3774/3774 3884/3884/3884 3767/3767/3767 
f 3885/3885/3885 3768/3768/3768 3776/3776/3776 
f 3893/3893/3893 3885/3885/3885 3776/3776/3776 
f 3743/3743/3743 3769/3769/3769 3777/3777/3777 
f 3770/3770/3770 3743/3743/3743 3778/3778/3778 
f 3886/3886/3886 3894/3894/3894 3779/3779/3779 
f 3771/3771/3771 3886/3886/3886 3779/3779/3779 
f 3780/3780/3780 3773/3773/3773 3887/3887/3887 
f 3896/3896/3896 3781/3781/3781 3780/3780/3780 
f 3896/3896/3896 3780/3780/3780 3887/3887/3887 
f 3901/3901/3901 3892/3892/3892 3782/3782/3782 
f 3901/3901/3901 3782/3782/3782 3783/3783/3783 
f 3782/3782/3782 3892/3892/3892 3775/3775/3775 
f 3893/3893/3893 3776/3776/3776 3784/3784/3784 
f 3902/3902/3902 3893/3893/3893 3784/3784/3784 
f 3743/3743/3743 3777/3777/3777 3785/3785/3785 
f 3778/3778/3778 3743/3743/3743 3786/3786/3786 
f 3895/3895/3895 3903/3903/3903 3787/3787/3787 
f 3905/3905/3905 3895/3895/3895 3787/3787/3787 
f 3788/3788/3788 3781/3781/3781 3896/3896/3896 
f 3788/3788/3788 3904/3904/3904 3789/3789/3789 
f 3904/3904/3904 3788/3788/3788 3896/3896/3896 
f 3910/3910/3910 3901/3901/3901 3790/3790/3790 
f 3790/3790/3790 3791/3791/3791 3910/3910/3910 
f 3783/3783/3783 3790/3790/3790 3901/3901/3901 
f 3902/3902/3902 3784/3784/3784 3792/3792/3792 
f 3912/3912/3912 3902/3902/3902 3792/3792/3792 
f 3743/3743/3743 3785/3785/3785 3793/3793/3793 
f 3786/3786/3786 3743/3743/3743 3794/3794/3794 
f 3903/3903/3903 3913/3913/3913 3795/3795/3795 
f 3787/3787/3787 3903/3903/3903 3795/3795/3795 
f 3796/3796/3796 3789/3789/3789 3904/3904/3904 
f 3796/3796/3796 3914/3914/3914 3797/3797/3797 
f 3914/3914/3914 3796/3796/3796 3904/3904/3904 
f 3920/3920/3920 3910/3910/3910 3798/3798/3798 
f 3798/3798/3798 3799/3799/3799 3920/3920/3920 
f 3791/3791/3791 3798/3798/3798 3910/3910/3910 
f 3912/3912/3912 3792/3792/3792 3800/3800/3800 
f 3921/3921/3921 3911/3911/3911 3928/3928/3928 
f 3743/3743/3743 3793/3793/3793 3801/3801/3801 
f 3794/3794/3794 3743/3743/3743 3802/3802/3802 
f 3913/3913/3913 3922/3922/3922 3803/3803/3803 
f 3795/3795/3795 3913/3913/3913 3803/3803/3803 
f 3804/3804/3804 3797/3797/3797 3914/3914/3914 
f 3804/3804/3804 3923/3923/3923 3805/3805/3805 
f 3923/3923/3923 3804/3804/3804 3914/3914/3914 
f 3929/3929/3929 3920/3920/3920 3806/3806/3806 
f 3806/3806/3806 3807/3807/3807 3929/3929/3929 
f 3799/3799/3799 3806/3806/3806 3920/3920/3920 
f 3921/3921/3921 3928/3928/3928 3808/3808/3808 
f 3930/3930/3930 3921/3921/3921 3808/3808/3808 
f 3743/3743/3743 3801/3801/3801 3809/3809/3809 
f 3802/3802/3802 3743/3743/3743 3810/3810/3810 
f 3922/3922/3922 3931/3931/3931 3811/3811/3811 
f 3803/3803/3803 3922/3922/3922 3811/3811/3811 
f 3812/3812/3812 3805/3805/3805 3923/3923/3923 
f 3812/3812/3812 3932/3932/3932 3813/3813/3813 
f 3932/3932/3932 3812/3812/3812 3923/3923/3923 
f 3938/3938/3938 3929/3929/3929 3814/3814/3814 
f 3814/3814/3814 3815/3815/3815 3938/3938/3938 
f 3814/3814/3814 3929/3929/3929 3807/3807/3807 
f 3930/3930/3930 3808/3808/3808 3816/3816/3816 
f 3939/3939/3939 3930/3930/3930 3816/3816/3816 
f 3743/3743/3743 3809/3809/3809 3817/3817/3817 
f 3810/3810/3810 3743/3743/3743 3818/3818/3818 
f 3931/3931/3931 3940/3940/3940 3819/3819/3819 
f 3811/3811/3811 3931/3931/3931 3819/3819/3819 
f 3820/3820/3820 3821/3821/3821 3941/3941/3941 
f 3932/3932/3932 3941/3941/3941 3821/3821/3821 
f 3932/3932/3932 3821/3821/3821 3813/3813/3813 
f 3938/3938/3938 3815/3815/3815 3822/3822/3822 
f 3946/3946/3946 3822/3822/3822 3823/3823/3823 
f 3822/3822/3822 3946/3946/3946 3938/3938/3938 
f 3939/3939/3939 3816/3816/3816 3824/3824/3824 
f 3947/3947/3947 3939/3939/3939 3824/3824/3824 
f 3743/3743/3743 3817/3817/3817 3825/3825/3825 
f 3818/3818/3818 3743/3743/3743 3825/3825/3825 
f 3940/3940/3940 3948/3948/3948 3826/3826/3826 
f 3819/3819/3819 3940/3940/3940 3826/3826/3826 
f 3827/3827/3827 3828/3828/3828 3950/3950/3950 
f 3941/3941/3941 3950/3950/3950 3828/3828/3828 
f 3941/3941/3941 3828/3828/3828 3820/3820/3820 
f 3946/3946/3946 3823/3823/3823 3829/3829/3829 
f 3829/3829/3829 3830/3830/3830 3955/3955/3955 
f 3829/3829/3829 3955/3955/3955 3946/3946/3946 
f 3947/3947/3947 3824/3824/3824 3831/3831/3831 
f 3956/3956/3956 3947/3947/3947 3831/3831/3831 
f 3949/3949/3949 3956/3956/3956 3832/3832/3832 
f 3958/3958/3958 3949/3949/3949 3832/3832/3832 
f 3833/3833/3833 3834/3834/3834 3957/3957/3957 
f 3950/3950/3950 3957/3957/3957 3834/3834/3834 
f 3950/3950/3950 3834/3834/3834 3827/3827/3827 
f 3955/3955/3955 3830/3830/3830 3835/3835/3835 
f 3835/3835/3835 3836/3836/3836 3963/3963/3963 
f 3835/3835/3835 3963/3963/3963 3955/3955/3955 
f 3956/3956/3956 3831/3831/3831 3832/3832/3832 
f 3837/3837/3837 3838/3838/3838 3964/3964/3964 
f 3957/3957/3957 3964/3964/3964 3838/3838/3838 
f 3957/3957/3957 3838/3838/3838 3833/3833/3833 
f 3963/3963/3963 3836/3836/3836 3839/3839/3839 
f 3839/3839/3839 3837/3837/3837 3964/3964/3964 
f 3839/3839/3839 3964/3964/3964 3963/3963/3963 
f 3840/3840/3840 3841/3841/3841 3842/3842/3842 
f 3841/3841/3841 3840/3840/3840 3843/3843/3843 
f 3842/3842/3842 3841/3841/3841 3844/3844/3844 
f 3841/3841/3841 3843/3843/3843 3845/3845/3845 
f 3844/3844/3844 3841/3841/3841 3846/3846/3846 
f 3841/3841/3841 3845/3845/3845 3847/3847/3847 
f 3846/3846/3846 3841/3841/3841 3848/3848/3848 
f 3841/3841/3841 3847/3847/3847 3849/3849/3849 
f 3848/3848/3848 3841/3841/3841 3850/3850/3850 
f 3841/3841/3841 3849/3849/3849 3851/3851/3851 
f 3850/3850/3850 3841/3841/3841 3852/3852/3852 
f 3841/3841/3841 3851/3851/3851 3853/3853/3853 
f 3852/3852/3852 3841/3841/3841 3854/3854/3854 
f 3841/3841/3841 3853/3853/3853 3855/3855/3855 
f 3854/3854/3854 3841/3841/3841 3856/3856/3856 
f 3841/3841/3841 3855/3855/3855 3857/3857/3857 
f 3856/3856/3856 3841/3841/3841 3858/3858/3858 
f 3841/3841/3841 3857/3857/3857 3859/3859/3859 
f 3858/3858/3858 3841/3841/3841 3860/3860/3860 
f 3841/3841/3841 3859/3859/3859 3861/3861/3861 
f 3860/3860/3860 3841/3841/3841 3862/3862/3862 
f 3841/3841/3841 3861/3861/3861 3863/3863/3863 
f 3862/3862/3862 3841/3841/3841 3864/3864/3864 
f 3841/3841/3841 3863/3863/3863 3864/3864/3864 
f 3881/3881/3881 3878/3878/3878 3973/3973/3973 
f 3881/3881/3881 3973/3973/3973 3974/3974/3974 
f 3879/3879/3879 3880/3880/3880 3976/3976/3976 
f 3879/3879/3879 3976/3976/3976 3973/3973/3973 
f 3878/3878/3878 3879/3879/3879 3973/3973/3973 
f 3883/3883/3883 3881/3881/3881 3974/3974/3974 
f 3890/3890/3890 3882/3882/3882 3975/3975/3975 
f 3890/3890/3890 3975/3975/3975 3977/3977/3977 
f 3888/3888/3888 3889/3889/3889 3978/3978/3978 
f 3888/3888/3888 3978/3978/3978 3976/3976/3976 
f 3880/3880/3880 3888/3888/3888 3976/3976/3976 
f 3891/3891/3891 3890/3890/3890 3977/3977/3977 
f 3899/3899/3899 3891/3891/3891 3977/3977/3977 
f 3899/3899/3899 3977/3977/3977 3979/3979/3979 
f 3897/3897/3897 3898/3898/3898 3980/3980/3980 
f 3897/3897/3897 3980/3980/3980 3978/3978/3978 
f 3889/3889/3889 3897/3897/3897 3978/3978/3978 
f 3900/3900/3900 3899/3899/3899 3979/3979/3979 
f 3908/3908/3908 3900/3900/3900 3979/3979/3979 
f 3908/3908/3908 3979/3979/3979 3981/3981/3981 
f 3906/3906/3906 3907/3907/3907 3982/3982/3982 
f 3906/3906/3906 3982/3982/3982 3980/3980/3980 
f 3898/3898/3898 3906/3906/3906 3980/3980/3980 
f 3909/3909/3909 3908/3908/3908 3981/3981/3981 
f 3918/3918/3918 3909/3909/3909 3981/3981/3981 
f 3918/3918/3918 3981/3981/3981 3983/3983/3983 
f 3915/3915/3915 3916/3916/3916 3985/3985/3985 
f 3915/3915/3915 3985/3985/3985 3982/3982/3982 
f 3907/3907/3907 3915/3915/3915 3982/3982/3982 
f 3919/3919/3919 3918/3918/3918 3983/3983/3983 
f 3926/3926/3926 3919/3919/3919 3983/3983/3983 
f 3926/3926/3926 3983/3983/3983 3986/3986/3986 
f 3924/3924/3924 3925/3925/3925 3987/3987/3987 
f 3924/3924/3924 3987/3987/3987 3984/3984/3984 
f 3917/3917/3917 3924/3924/3924 3984/3984/3984 
f 3927/3927/3927 3926/3926/3926 3986/3986/3986 
f 3935/3935/3935 3927/3927/3927 3986/3986/3986 
f 3935/3935/3935 3986/3986/3986 3988/3988/3988 
f 3933/3933/3933 3934/3934/3934 3990/3990/3990 
f 3933/3933/3933 3990/3990/3990 3987/3987/3987 
f 3925/3925/3925 3933/3933/3933 3987/3987/3987 
f 3937/3937/3937 3935/3935/3935 3988/3988/3988 
f 3944/3944/3944 3936/3936/3936 3989/3989/3989 
f 3944/3944/3944 3989/3989/3989 3991/3991/3991 
f 3942/3942/3942 3943/3943/3943 3992/3992/3992 
f 3942/3942/3942 3992/3992/3992 3990/3990/3990 
f 3934/3934/3934 3942/3942/3942 3990/3990/3990 
f 3945/3945/3945 3944/3944/3944 3991/3991/3991 
f 3953/3953/3953 3945/3945/3945 3991/3991/3991 
f 3953/3953/3953 3991/3991/3991 3993/3993/3993 
f 3952/3952/3952 3951/3951/3951 3994/3994/3994 
f 3952/3952/3952 3994/3994/3994 3992/3992/3992 
f 3943/3943/3943 3952/3952/3952 3992/3992/3992 
f 3954/3954/3954 3953/3953/3953 3993/3993/3993 
f 3961/3961/3961 3954/3954/3954 3993/3993/3993 
f 3961/3961/3961 3993/3993/3993 3995/3995/3995 
f 3960/3960/3960 3959/3959/3959 3996/3996/3996 
f 3960/3960/3960 3996/3996/3996 3994/3994/3994 
f 3951/3951/3951 3960/3960/3960 3994/3994/3994 
f 3962/3962/3962 3961/3961/3961 3995/3995/3995 
f 3968/3968/3968 3962/3962/3962 3995/3995/3995 
f 3968/3968/3968 3995/3995/3995 3997/3997/3997 
f 3967/3967/3967 3965/3965/3965 3999/3999/3999 
f 3967/3967/3967 3999/3999/3999 3996/3996/3996 
f 3959/3959/3959 3967/3967/3967 3996/3996/3996 
f 3969/3969/3969 3968/3968/3968 3997/3997/3997 
f 3972/3972/3972 3969/3969/3969 3997/3997/3997 
f 3972/3972/3972 3997/3997/3997 4000/4000/4000 
f 3971/3971/3971 3970/3970/3970 4000/4000/4000 
f 3971/3971/3971 4000/4000/4000 3998/3998/3998 
f 3966/3966/3966 3971/3971/3971 3998/3998/3998 
f 3970/3970/3970 3972/3972/3972 4000/4000/4000 

g Union6

v -7.64008 4.71526 -36.2502 
v -7.64008 4.46554 -36.0839 
v -7.64008 4.50299 -36.0382 
v -7.64008 4.43059 -36.1555 
v -7.34008 4.46554 -36.0839 
v -7.64008 4.54869 -36.0007 
v -7.64008 4.41526 -36.2504 
v -7.34008 4.43059 -36.1555 
v -7.34008 4.50299 -36.0382 
v -7.64008 4.62021 -35.9656 
v -7.64008 4.43071 -36.3452 
v -7.34008 4.41526 -36.2504 
v -7.34008 4.54045 -36.1338 
v -7.34008 4.53696 -36.1409 
v -7.34008 4.51599 -36.1839 
v -7.34008 4.56292 -36.1063 
v -7.34008 4.56667 -36.1018 
v -7.34008 4.54869 -36.0007 
v -7.64008 4.71507 -35.9502 
v -7.64008 4.46574 -36.4167 
v -7.34008 4.43071 -36.3452 
v -7.34008 4.51446 -36.1934 
v -7.34008 4.50526 -36.2503 
v -7.34008 4.59409 -36.0793 
v -7.34008 4.59866 -36.0755 
v -7.34008 4.62021 -35.9656 
v -7.64008 4.80995 -35.9655 
v -7.64008 4.50326 -36.4624 
v -7.34008 4.46574 -36.4167 
v -7.34008 4.5068 -36.2598 
v -7.34008 4.51607 -36.3167 
v -7.34008 4.64157 -36.0545 
v -7.34008 4.64872 -36.051 
v -7.34008 4.71507 -35.9502 
v -7.64008 4.88151 -36.0005 
v -7.64008 4.549 -36.4999 
v -7.34008 4.50326 -36.4624 
v -7.34008 4.51958 -36.3239 
v -7.34008 4.5406 -36.3668 
v -7.34008 4.70564 -36.0417 
v -7.34008 4.71512 -36.0402 
v -7.34008 4.80995 -35.9655 
v -7.64008 4.92726 -36.0379 
v -7.64008 4.62057 -36.5348 
v -7.34008 4.549 -36.4999 
v -7.34008 4.54435 -36.3713 
v -7.34008 4.56686 -36.3988 
v -7.34008 4.77205 -36.0494 
v -7.34008 4.78154 -36.0509 
v -7.34008 4.88151 -36.0005 
v -7.64008 4.96477 -36.0836 
v -7.64008 4.71544 -36.5502 
v -7.34008 4.62056 -36.5348 
v -7.34008 4.57143 -36.4025 
v -7.34008 4.59888 -36.425 
v -7.34008 4.82448 -36.0719 
v -7.34008 4.83163 -36.0754 
v -7.34008 4.92726 -36.0379 
v -7.64008 4.9998 -36.1551 
v -7.64008 4.8103 -36.5347 
v -7.34008 4.71544 -36.5502 
v -7.34008 4.60603 -36.4285 
v -7.34008 4.64897 -36.4494 
v -7.34008 4.85908 -36.0978 
v -7.34008 4.86366 -36.1016 
v -7.34008 4.96477 -36.0836 
v -7.64008 5.01526 -36.25 
v -7.64008 4.88182 -36.4997 
v -7.34008 4.8103 -36.5347 
v -7.34008 4.65846 -36.451 
v -7.34008 4.71539 -36.4602 
v -7.34008 4.88616 -36.129 
v -7.34008 4.88991 -36.1336 
v -7.34008 4.9998 -36.1551 
v -7.64008 4.99992 -36.3449 
v -7.64008 4.92752 -36.4622 
v -7.34008 4.88182 -36.4997 
v -7.34008 4.78179 -36.4494 
v -7.34008 4.72487 -36.4586 
v -7.34008 4.91093 -36.1765 
v -7.34008 4.91444 -36.1836 
v -7.34008 5.01526 -36.25 
v -7.64008 4.96498 -36.4164 
v -7.34008 4.92752 -36.4622 
v -7.34008 4.83185 -36.4248 
v -7.34008 4.78894 -36.4458 
v -7.34008 4.92371 -36.2406 
v -7.34008 4.92526 -36.25 
v -7.34008 4.99992 -36.3449 
v -7.34008 4.96497 -36.4164 
v -7.34008 4.86384 -36.3986 
v -7.34008 4.83642 -36.4211 
v -7.34008 4.91605 -36.307 
v -7.34008 4.91452 -36.3165 
v -7.34008 4.89006 -36.3665 
v -7.34008 4.86759 -36.394 
v -7.34008 4.89355 -36.3594 
v -7.46009 4.54045 -36.1338 
v -7.46009 4.71526 -36.2502 
v -7.46009 4.56667 -36.1018 
v -7.46009 4.51599 -36.1839 
v -7.46009 4.59866 -36.0755 
v -7.46009 4.50526 -36.2503 
v -7.46009 4.64872 -36.051 
v -7.46009 4.51607 -36.3167 
v -7.46009 4.71512 -36.0402 
v -7.46009 4.5406 -36.3668 
v -7.46009 4.78154 -36.0509 
v -7.46009 4.56686 -36.3988 
v -7.46009 4.83163 -36.0754 
v -7.46009 4.59888 -36.425 
v -7.46009 4.86366 -36.1016 
v -7.46009 4.64897 -36.4494 
v -7.46009 4.88991 -36.1336 
v -7.46009 4.71539 -36.4602 
v -7.46009 4.91444 -36.1836 
v -7.46009 4.78179 -36.4493 
v -7.46009 4.92526 -36.25 
v -7.46009 4.83185 -36.4248 
v -7.46009 4.91452 -36.3165 
v -7.46009 4.86384 -36.3986 
v -7.46009 4.89006 -36.3665 
v -7.64008 4.46554 -36.0839 
v -7.64008 4.50299 -36.0382 
v -7.64008 4.50299 -36.0382 
v -7.64008 4.43059 -36.1555 
v -7.34008 4.46554 -36.0839 
v -7.64008 4.54869 -36.0007 
v -7.64008 4.41526 -36.2504 
v -7.34008 4.43059 -36.1555 
v -7.34008 4.50299 -36.0382 
v -7.34008 4.50299 -36.0382 
v -7.64008 4.62021 -35.9656 
v -7.64008 4.43071 -36.3452 
v -7.34008 4.41526 -36.2504 
v -7.34008 4.54045 -36.1338 
v -7.34008 4.53696 -36.1409 
v -7.34008 4.51599 -36.1839 
v -7.34008 4.56292 -36.1063 
v -7.34008 4.56667 -36.1018 
v -7.34008 4.56667 -36.1018 
v -7.34008 4.54869 -36.0007 
v -7.64008 4.71507 -35.9502 
v -7.64008 4.46574 -36.4167 
v -7.34008 4.43071 -36.3452 
v -7.34008 4.51446 -36.1934 
v -7.34008 4.50526 -36.2503 
v -7.34008 4.59409 -36.0793 
v -7.34008 4.59866 -36.0755 
v -7.34008 4.62021 -35.9656 
v -7.64008 4.80995 -35.9655 
v -7.64008 4.50326 -36.4624 
v -7.64008 4.50326 -36.4624 
v -7.34008 4.46574 -36.4167 
v -7.34008 4.5068 -36.2598 
v -7.34008 4.51607 -36.3167 
v -7.34008 4.64157 -36.0545 
v -7.34008 4.64872 -36.051 
v -7.34008 4.71507 -35.9502 
v -7.64008 4.88151 -36.0005 
v -7.64008 4.549 -36.4999 
v -7.34008 4.50326 -36.4624 
v -7.34008 4.50326 -36.4624 
v -7.34008 4.51958 -36.3239 
v -7.34008 4.5406 -36.3668 
v -7.34008 4.70564 -36.0417 
v -7.34008 4.71512 -36.0402 
v -7.34008 4.80995 -35.9655 
v -7.64008 4.92726 -36.0379 
v -7.64008 4.92726 -36.0379 
v -7.64008 4.62057 -36.5348 
v -7.34008 4.549 -36.4999 
v -7.34008 4.54435 -36.3713 
v -7.34008 4.56686 -36.3988 
v -7.34008 4.56686 -36.3988 
v -7.34008 4.77205 -36.0494 
v -7.34008 4.78154 -36.0509 
v -7.34008 4.88151 -36.0005 
v -7.64008 4.96477 -36.0836 
v -7.64008 4.71544 -36.5502 
v -7.34008 4.62056 -36.5348 
v -7.34008 4.57143 -36.4025 
v -7.34008 4.59888 -36.425 
v -7.34008 4.82448 -36.0719 
v -7.34008 4.83163 -36.0754 
v -7.34008 4.92726 -36.0379 
v -7.34008 4.92726 -36.0379 
v -7.64008 4.9998 -36.1551 
v -7.64008 4.8103 -36.5347 
v -7.34008 4.71544 -36.5502 
v -7.34008 4.60603 -36.4285 
v -7.34008 4.64897 -36.4494 
v -7.34008 4.85908 -36.0978 
v -7.34008 4.86366 -36.1016 
v -7.34008 4.86366 -36.1016 
v -7.34008 4.96477 -36.0836 
v -7.64008 5.01526 -36.25 
v -7.64008 4.88182 -36.4997 
v -7.34008 4.8103 -36.5347 
v -7.34008 4.65846 -36.451 
v -7.34008 4.71539 -36.4602 
v -7.34008 4.88616 -36.129 
v -7.34008 4.88991 -36.1336 
v -7.34008 4.9998 -36.1551 
v -7.64008 4.99992 -36.3449 
v -7.64008 4.92752 -36.4622 
v -7.64008 4.92752 -36.4622 
v -7.34008 4.88182 -36.4997 
v -7.34008 4.78179 -36.4494 
v -7.34008 4.72487 -36.4586 
v -7.34008 4.91093 -36.1765 
v -7.34008 4.91444 -36.1836 
v -7.34008 5.01526 -36.25 
v -7.64008 4.96498 -36.4164 
v -7.34008 4.92752 -36.4622 
v -7.34008 4.92752 -36.4622 
v -7.34008 4.83185 -36.4248 
v -7.34008 4.78894 -36.4458 
v -7.34008 4.92371 -36.2406 
v -7.34008 4.92526 -36.25 
v -7.34008 4.99992 -36.3449 
v -7.34008 4.96497 -36.4164 
v -7.34008 4.86384 -36.3986 
v -7.34008 4.86384 -36.3986 
v -7.34008 4.83642 -36.4211 
v -7.34008 4.91605 -36.307 
v -7.34008 4.91452 -36.3165 
v -7.34008 4.89006 -36.3665 
v -7.34008 4.86759 -36.394 
v -7.34008 4.89355 -36.3594 
v -7.46009 4.54045 -36.1338 
v -7.46009 4.56667 -36.1018 
v -7.46009 4.56667 -36.1018 
v -7.46009 4.51599 -36.1839 
v -7.46009 4.59866 -36.0755 
v -7.46009 4.50526 -36.2503 
v -7.46009 4.64872 -36.051 
v -7.46009 4.51607 -36.3167 
v -7.46009 4.71512 -36.0402 
v -7.46009 4.5406 -36.3668 
v -7.46009 4.78154 -36.0509 
v -7.46009 4.56686 -36.3988 
v -7.46009 4.56686 -36.3988 
v -7.46009 4.83163 -36.0754 
v -7.46009 4.59888 -36.425 
v -7.46009 4.86366 -36.1016 
v -7.46009 4.86366 -36.1016 
v -7.46009 4.64897 -36.4494 
v -7.46009 4.88991 -36.1336 
v -7.46009 4.71539 -36.4602 
v -7.46009 4.91444 -36.1836 
v -7.46009 4.78179 -36.4493 
v -7.46009 4.92526 -36.25 
v -7.46009 4.83185 -36.4248 
v -7.46009 4.91452 -36.3165 
v -7.46009 4.86384 -36.3986 
v -7.46009 4.86384 -36.3986 
v -7.46009 4.89006 -36.3665 

vn -1 0 0 
vn -1 0 0 
vn -1 0 0 
vn -1 0 0 
vn 0 -0.826772 0.559055 
vn -1 0 0 
vn -1 0 0 
vn 0 -0.944882 0.338583 
vn 0 -0.685039 0.732283 
vn -1 0 0 
vn -1 0 0 
vn 0 -1 0.0551181 
vn 1 0 0 
vn 1 0 0 
vn 1 0 0 
vn 1 0 0 
vn 1 0 0 
vn 0 -0.496063 0.866142 
vn -1 0 0 
vn -1 0 0 
vn 0 -0.968504 -0.244094 
vn 1 0 0 
vn 1 0 0 
vn 1 0 0 
vn 1 0 0 
vn 0 -0.244094 0.968504 
vn -1 0 0 
vn -1 0 0 
vn 0 -0.866142 -0.496063 
vn 1 0 0 
vn 1 0 0 
vn 1 0 0 
vn 1 0 0 
vn 0 0.0551181 1 
vn -1 0 0 
vn -1 0 0 
vn 0 -0.732283 -0.685039 
vn 1 0 0 
vn 1 0 0 
vn 1 0 0 
vn 1 0 0 
vn 0 0.338583 0.944882 
vn -1 0 0 
vn -1 0 0 
vn 0 -0.559055 -0.826772 
vn 1 0 0 
vn 1 0 0 
vn 1 0 0 
vn 1 0 0 
vn 0 0.559055 0.826772 
vn -1 0 0 
vn -1 0 0 
vn 0 -0.338583 -0.944882 
vn 1 0 0 
vn 1 0 0 
vn 1 0 0 
vn 1 0 0 
vn 0 0.732283 0.685039 
vn -1 0 0 
vn -1 0 0 
vn 0 -0.0551181 -1 
vn 1 0 0 
vn 1 0 0 
vn 1 0 0 
vn 1 0 0 
vn 0 0.866142 0.496063 
vn -1 0 0 
vn -1 0 0 
vn 0 0.244094 -0.968504 
vn 1 0 0 
vn 1 0 0 
vn 1 0 0 
vn 1 0 0 
vn 0 0.968504 0.244094 
vn -1 0 0 
vn -1 0 0 
vn 0 0.496063 -0.866142 
vn 1 0 0 
vn 1 0 0 
vn 1 0 0 
vn 1 0 0 
vn 0 1 -0.0551181 
vn -1 0 0 
vn 0 0.685039 -0.732283 
vn 1 0 0 
vn 1 0 0 
vn 1 0 0 
vn 1 0 0 
vn 0 0.944882 -0.338583 
vn 0 0.826772 -0.559055 
vn 1 0 0 
vn 1 0 0 
vn 1 0 0 
vn 1 0 0 
vn 1 0 0 
vn 1 0 0 
vn 1 0 0 
vn 1 0 0 
vn 1 0 0 
vn 1 0 0 
vn 1 0 0 
vn 1 0 0 
vn 1 0 0 
vn 1 0 0 
vn 1 0 0 
vn 1 0 0 
vn 1 0 0 
vn 1 0 0 
vn 1 0 0 
vn 1 0 0 
vn 1 0 0 
vn 1 0 0 
vn 1 0 0 
vn 1 0 0 
vn 1 0 0 
vn 1 0 0 
vn 1 0 0 
vn 1 0 0 
vn 1 0 0 
vn 1 0 0 
vn 1 0 0 
vn 1 0 0 
vn 0 -0.866142 0.496063 
vn 0 -0.732283 0.685039 
vn 0 -0.732283 0.685039 
vn 0 -0.968504 0.244094 
vn 1 0 0 
vn 0 -0.559055 0.826772 
vn 0 -1 -0.0551181 
vn 1 0 0 
vn 0 -0.685039 0.732283 
vn 1 0 0 
vn 0 -0.338583 0.944882 
vn 0 -0.944882 -0.338583 
vn 1 0 0 
vn 0 0.80315 -0.598425 
vn 0 0.897638 -0.440945 
vn 0 0.92126 -0.393701 
vn 0 0.771654 -0.629921 
vn 0 0.653543 -0.755906 
vn 0 0.653543 -0.755906 
vn 1 0 0 
vn 0 -0.0551181 1 
vn 0 -0.826772 -0.559055 
vn 1 0 0 
vn 0 0.984252 -0.15748 
vn 0 0.992126 -0.11811 
vn 0 0.637795 -0.771654 
vn 0 0.464567 -0.889764 
vn 1 0 0 
vn 0 0.244094 0.968504 
vn 0 -0.685039 -0.732283 
vn 0 -0.685039 -0.732283 
vn 1 0 0 
vn 0 0.984252 0.15748 
vn 0 0.984252 0.19685 
vn 0 0.440945 -0.897638 
vn 0 0.19685 -0.984252 
vn 1 0 0 
vn 0 0.496063 0.866142 
vn 0 -0.496063 -0.866142 
vn 1 0 0 
vn 0 -0.732283 -0.685039 
vn 0 0.897638 0.440945 
vn 0 0.889764 0.464567 
vn 0 0.15748 -0.984252 
vn 0 -0.11811 -0.992126 
vn 1 0 0 
vn 0 0.685039 0.732283 
vn 0 0.685039 0.732283 
vn 0 -0.244094 -0.968504 
vn 1 0 0 
vn 0 0.771654 0.637795 
vn 0 0.755906 0.653543 
vn 0 0.755906 0.653543 
vn 0 -0.15748 -0.984252 
vn 0 -0.393701 -0.92126 
vn 1 0 0 
vn 0 0.826772 0.559055 
vn 0 0.0551181 -1 
vn 1 0 0 
vn 0 0.629921 0.771654 
vn 0 0.598425 0.80315 
vn 0 -0.440945 -0.897638 
vn 0 -0.598425 -0.80315 
vn 0 0.732283 0.685039 
vn 1 0 0 
vn 0 0.944882 0.338583 
vn 0 0.338583 -0.944882 
vn 1 0 0 
vn 0 0.440945 0.897638 
vn 0 0.393701 0.92126 
vn 0 -0.629921 -0.771654 
vn 0 -0.755906 -0.653543 
vn 0 -0.755906 -0.653543 
vn 1 0 0 
vn 0 1 0.0551181 
vn 0 0.559055 -0.826772 
vn 1 0 0 
vn 0 0.15748 0.984252 
vn 0 0.11811 0.992126 
vn 0 -0.771654 -0.637795 
vn 0 -0.889764 -0.464567 
vn 1 0 0 
vn 0 0.968504 -0.244094 
vn 0 0.732283 -0.685039 
vn 0 0.732283 -0.685039 
vn 1 0 0 
vn 0 -0.19685 0.984252 
vn 0 -0.15748 0.984252 
vn 0 -0.897638 -0.440945 
vn 0 -0.984252 -0.19685 
vn 1 0 0 
vn 0 0.866142 -0.496063 
vn 1 0 0 
vn 0 0.685039 -0.732283 
vn 0 -0.464567 0.889764 
vn 0 -0.440945 0.897638 
vn 0 -0.984252 -0.15748 
vn 0 -0.992126 0.11811 
vn 1 0 0 
vn 1 0 0 
vn 0 -0.653543 0.755906 
vn 0 -0.653543 0.755906 
vn 0 -0.637795 0.771654 
vn 0 -0.984252 0.15748 
vn 0 -0.92126 0.393701 
vn 0 -0.80315 0.598425 
vn 0 -0.771654 0.629921 
vn 0 -0.897638 0.440945 
vn 0 0.834646 -0.551181 
vn 0 0.692913 -0.724409 
vn 0 0.692913 -0.724409 
vn 0 0.944882 -0.322835 
vn 0 0.503937 -0.866142 
vn 0 1 -0.0393701 
vn 0 0.259843 -0.968504 
vn 0 0.968504 0.259843 
vn 0 -0.0393701 -1 
vn 0 0.866142 0.503937 
vn 0 -0.322835 -0.944882 
vn 0 0.724409 0.692913 
vn 0 0.724409 0.692913 
vn 0 -0.551181 -0.834646 
vn 0 0.551181 0.834646 
vn 0 -0.724409 -0.692913 
vn 0 -0.724409 -0.692913 
vn 0 0.322835 0.944882 
vn 0 -0.866142 -0.503937 
vn 0 0.0393701 1 
vn 0 -0.968504 -0.259843 
vn 0 -0.259843 0.968504 
vn 0 -1 0.0393701 
vn 0 -0.503937 0.866142 
vn 0 -0.944882 0.322835 
vn 0 -0.692913 0.724409 
vn 0 -0.692913 0.724409 
vn 0 -0.834646 0.551181 

vt -0.108027 0.477932 
vt -0.0768251 0.498734 
vt -0.0815105 0.504449 
vt -0.0724514 0.489791 
vt -0.089277 0.498734 
vt -0.0872258 0.509134 
vt -0.070527 0.477932 
vt -0.089277 0.489791 
vt -0.089277 0.504449 
vt -0.0961685 0.513508 
vt -0.0724514 0.466074 
vt -0.089277 0.477932 
vt -0.129868 0.492493 
vt -0.130306 0.491599 
vt -0.13293 0.486233 
vt -0.127057 0.495922 
vt -0.126589 0.496494 
vt -0.089277 0.457131 
vt -0.108027 0.515432 
vt -0.0768251 0.457131 
vt -0.089277 0.466074 
vt -0.133122 0.485047 
vt -0.134277 0.477932 
vt -0.123159 0.499305 
vt -0.122588 0.499774 
vt -0.089277 0.466074 
vt -0.119886 0.513508 
vt -0.0815105 0.451416 
vt -0.089277 0.457131 
vt -0.134085 0.476746 
vt -0.13293 0.469631 
vt -0.117222 0.502398 
vt -0.116328 0.502835 
vt -0.089277 0.477932 
vt -0.128828 0.509134 
vt -0.0872258 0.44673 
vt -0.089277 0.451416 
vt -0.132493 0.468737 
vt -0.129868 0.463371 
vt -0.109213 0.50399 
vt -0.108027 0.504182 
vt -0.089277 0.489791 
vt -0.134544 0.504449 
vt -0.0961685 0.442357 
vt -0.126777 0.457131 
vt -0.1294 0.4628 
vt -0.126589 0.459371 
vt -0.100912 0.503028 
vt -0.0997261 0.502835 
vt -0.089277 0.498734 
vt -0.139229 0.498734 
vt -0.108027 0.440432 
vt -0.126777 0.466074 
vt -0.126017 0.458902 
vt -0.122588 0.456091 
vt -0.0943605 0.500211 
vt -0.0934661 0.499774 
vt -0.089277 0.504449 
vt -0.143603 0.489791 
vt -0.119886 0.442357 
vt -0.126777 0.477932 
vt -0.121694 0.455654 
vt -0.116328 0.453029 
vt -0.090037 0.496962 
vt -0.0894655 0.496494 
vt -0.126777 0.498734 
vt -0.145527 0.477932 
vt -0.128828 0.44673 
vt -0.126777 0.489791 
vt -0.115142 0.452837 
vt -0.108027 0.451682 
vt -0.0866543 0.493065 
vt -0.0861857 0.492493 
vt -0.126777 0.489791 
vt -0.143603 0.466074 
vt -0.134544 0.451416 
vt -0.126777 0.498734 
vt -0.0997261 0.453029 
vt -0.106841 0.451875 
vt -0.0835615 0.487128 
vt -0.0831241 0.486233 
vt -0.126777 0.477932 
vt -0.139229 0.457131 
vt -0.126777 0.504449 
vt -0.0934661 0.456091 
vt -0.0988317 0.453467 
vt -0.0819695 0.479118 
vt -0.081777 0.477932 
vt -0.126777 0.466074 
vt -0.126777 0.457131 
vt -0.0894655 0.459371 
vt -0.0928946 0.45656 
vt -0.0829316 0.470817 
vt -0.0831241 0.469631 
vt -0.0861857 0.463371 
vt -0.0889969 0.459942 
vt -0.0857483 0.464266 
vt -0.129868 0.492493 
vt -0.108027 0.477932 
vt -0.126589 0.496494 
vt -0.13293 0.486233 
vt -0.122588 0.499774 
vt -0.134277 0.477932 
vt -0.116328 0.502835 
vt -0.13293 0.469631 
vt -0.108027 0.504182 
vt -0.129868 0.463371 
vt -0.0997261 0.502835 
vt -0.126589 0.459371 
vt -0.0934661 0.499774 
vt -0.122588 0.456091 
vt -0.0894655 0.496494 
vt -0.116328 0.453029 
vt -0.0861857 0.492493 
vt -0.108027 0.451682 
vt -0.0831241 0.486233 
vt -0.0997261 0.453029 
vt -0.081777 0.477932 
vt -0.0934661 0.456091 
vt -0.0831241 0.469631 
vt -0.0894655 0.459371 
vt -0.0861857 0.463371 
vt -0.126777 0.498734 
vt -0.126777 0.451416 
vt -0.126777 0.504449 
vt -0.126777 0.489791 
vt -0.139229 0.498734 
vt -0.126777 0.457131 
vt -0.126777 0.477932 
vt -0.143603 0.489791 
vt -0.089277 0.451416 
vt -0.134544 0.504449 
vt -0.126777 0.466074 
vt -0.126777 0.466074 
vt -0.145527 0.477932 
vt -0.126777 0.492493 
vt -0.126777 0.491599 
vt -0.126777 0.486233 
vt -0.126777 0.495922 
vt -0.126777 0.459371 
vt -0.126777 0.496494 
vt -0.128828 0.509134 
vt -0.126777 0.477932 
vt -0.126777 0.457131 
vt -0.143603 0.466074 
vt -0.126777 0.485047 
vt -0.126777 0.477932 
vt -0.126777 0.4628 
vt -0.126777 0.463371 
vt -0.119886 0.513508 
vt -0.126777 0.489791 
vt -0.126777 0.451416 
vt -0.089277 0.451416 
vt -0.139229 0.457131 
vt -0.126777 0.476746 
vt -0.126777 0.469631 
vt -0.126777 0.468737 
vt -0.126777 0.469631 
vt -0.108027 0.515432 
vt -0.126777 0.498734 
vt -0.089277 0.457131 
vt -0.134544 0.451416 
vt -0.126777 0.451416 
vt -0.126777 0.468737 
vt -0.126777 0.463371 
vt -0.126777 0.476746 
vt -0.126777 0.477932 
vt -0.0961685 0.513508 
vt -0.089277 0.504449 
vt -0.126777 0.504449 
vt -0.089277 0.466074 
vt -0.128828 0.44673 
vt -0.126777 0.4628 
vt -0.126777 0.459371 
vt -0.089277 0.459371 
vt -0.126777 0.485047 
vt -0.126777 0.486233 
vt -0.0872258 0.509134 
vt -0.089277 0.498734 
vt -0.089277 0.477932 
vt -0.119886 0.442357 
vt -0.089277 0.459942 
vt -0.089277 0.463371 
vt -0.126777 0.491599 
vt -0.126777 0.492493 
vt -0.126777 0.504449 
vt -0.0815105 0.504449 
vt -0.089277 0.489791 
vt -0.089277 0.489791 
vt -0.108027 0.440432 
vt -0.089277 0.464266 
vt -0.089277 0.469631 
vt -0.126777 0.495922 
vt -0.089277 0.496494 
vt -0.126777 0.496494 
vt -0.0768251 0.498734 
vt -0.089277 0.477932 
vt -0.089277 0.498734 
vt -0.0961685 0.442357 
vt -0.089277 0.470817 
vt -0.089277 0.477932 
vt -0.089277 0.493065 
vt -0.089277 0.492493 
vt -0.0724514 0.489791 
vt -0.089277 0.466074 
vt -0.089277 0.504449 
vt -0.089277 0.451416 
vt -0.0872258 0.44673 
vt -0.089277 0.486233 
vt -0.089277 0.479118 
vt -0.089277 0.487128 
vt -0.089277 0.486233 
vt -0.070527 0.477932 
vt -0.089277 0.457131 
vt -0.0815105 0.451416 
vt -0.126777 0.451416 
vt -0.089277 0.492493 
vt -0.089277 0.487128 
vt -0.089277 0.479118 
vt -0.089277 0.477932 
vt -0.0724514 0.466074 
vt -0.0768251 0.457131 
vt -0.089277 0.496494 
vt -0.089277 0.459371 
vt -0.089277 0.493065 
vt -0.089277 0.470817 
vt -0.089277 0.469631 
vt -0.089277 0.463371 
vt -0.089277 0.459942 
vt -0.089277 0.464266 
vt -0.111776 0.492493 
vt -0.111776 0.496494 
vt -0.111776 0.459371 
vt -0.111776 0.486233 
vt -0.111776 0.463371 
vt -0.111776 0.477932 
vt -0.111776 0.469631 
vt -0.111776 0.469631 
vt -0.111776 0.477932 
vt -0.111776 0.463371 
vt -0.111776 0.486233 
vt -0.104278 0.459371 
vt -0.111776 0.459371 
vt -0.111776 0.492493 
vt -0.104278 0.463371 
vt -0.111776 0.496494 
vt -0.104278 0.496494 
vt -0.104278 0.469631 
vt -0.104278 0.492493 
vt -0.104278 0.477932 
vt -0.104278 0.486233 
vt -0.104278 0.486233 
vt -0.104278 0.477932 
vt -0.104278 0.492493 
vt -0.104278 0.469631 
vt -0.104278 0.459371 
vt -0.104278 0.496494 
vt -0.104278 0.463371 

usemtl 1Mtl

f 4001/4001/4001 4002/4002/4002 4003/4003/4003 
f 4002/4002/4002 4001/4001/4001 4004/4004/4004 
f 4125/4125/4125 4123/4123/4123 4005/4005/4005 
f 4001/4001/4001 4003/4003/4003 4006/4006/4006 
f 4004/4004/4004 4001/4001/4001 4007/4007/4007 
f 4123/4123/4123 4126/4126/4126 4008/4008/4008 
f 4005/4005/4005 4123/4123/4123 4008/4008/4008 
f 4125/4125/4125 4005/4005/4005 4009/4009/4009 
f 4128/4128/4128 4124/4124/4124 4131/4131/4131 
f 4001/4001/4001 4006/4006/4006 4010/4010/4010 
f 4007/4007/4007 4001/4001/4001 4011/4011/4011 
f 4126/4126/4126 4129/4129/4129 4012/4012/4012 
f 4008/4008/4008 4126/4126/4126 4012/4012/4012 
f 4013/4013/4013 4127/4127/4127 4014/4014/4014 
f 4014/4014/4014 4130/4130/4130 4015/4015/4015 
f 4130/4130/4130 4014/4014/4014 4127/4127/4127 
f 4132/4132/4132 4127/4127/4127 4016/4016/4016 
f 4016/4016/4016 4017/4017/4017 4132/4132/4132 
f 4013/4013/4013 4016/4016/4016 4127/4127/4127 
f 4128/4128/4128 4131/4131/4131 4018/4018/4018 
f 4133/4133/4133 4128/4128/4128 4018/4018/4018 
f 4001/4001/4001 4010/4010/4010 4019/4019/4019 
f 4011/4011/4011 4001/4001/4001 4020/4020/4020 
f 4129/4129/4129 4134/4134/4134 4021/4021/4021 
f 4012/4012/4012 4129/4129/4129 4021/4021/4021 
f 4015/4015/4015 4130/4130/4130 4022/4022/4022 
f 4022/4022/4022 4135/4135/4135 4023/4023/4023 
f 4135/4135/4135 4022/4022/4022 4130/4130/4130 
f 4142/4142/4142 4132/4132/4132 4024/4024/4024 
f 4142/4142/4142 4024/4024/4024 4025/4025/4025 
f 4024/4024/4024 4132/4132/4132 4017/4017/4017 
f 4133/4133/4133 4018/4018/4018 4026/4026/4026 
f 4143/4143/4143 4133/4133/4133 4026/4026/4026 
f 4001/4001/4001 4019/4019/4019 4027/4027/4027 
f 4020/4020/4020 4001/4001/4001 4028/4028/4028 
f 4134/4134/4134 4144/4144/4144 4029/4029/4029 
f 4021/4021/4021 4134/4134/4134 4029/4029/4029 
f 4023/4023/4023 4135/4135/4135 4030/4030/4030 
f 4030/4030/4030 4145/4145/4145 4031/4031/4031 
f 4145/4145/4145 4030/4030/4030 4135/4135/4135 
f 4150/4150/4150 4142/4142/4142 4032/4032/4032 
f 4150/4150/4150 4032/4032/4032 4033/4033/4033 
f 4032/4032/4032 4142/4142/4142 4025/4025/4025 
f 4143/4143/4143 4026/4026/4026 4034/4034/4034 
f 4151/4151/4151 4143/4143/4143 4034/4034/4034 
f 4001/4001/4001 4027/4027/4027 4035/4035/4035 
f 4028/4028/4028 4001/4001/4001 4036/4036/4036 
f 4144/4144/4144 4152/4152/4152 4037/4037/4037 
f 4029/4029/4029 4144/4144/4144 4037/4037/4037 
f 4038/4038/4038 4031/4031/4031 4145/4145/4145 
f 4154/4154/4154 4039/4039/4039 4038/4038/4038 
f 4154/4154/4154 4038/4038/4038 4145/4145/4145 
f 4159/4159/4159 4150/4150/4150 4040/4040/4040 
f 4159/4159/4159 4040/4040/4040 4041/4041/4041 
f 4040/4040/4040 4150/4150/4150 4033/4033/4033 
f 4151/4151/4151 4034/4034/4034 4042/4042/4042 
f 4160/4160/4160 4151/4151/4151 4042/4042/4042 
f 4001/4001/4001 4035/4035/4035 4043/4043/4043 
f 4036/4036/4036 4001/4001/4001 4044/4044/4044 
f 4153/4153/4153 4161/4161/4161 4045/4045/4045 
f 4163/4163/4163 4153/4153/4153 4045/4045/4045 
f 4046/4046/4046 4039/4039/4039 4154/4154/4154 
f 4046/4046/4046 4162/4162/4162 4047/4047/4047 
f 4162/4162/4162 4046/4046/4046 4154/4154/4154 
f 4168/4168/4168 4159/4159/4159 4048/4048/4048 
f 4048/4048/4048 4049/4049/4049 4168/4168/4168 
f 4041/4041/4041 4048/4048/4048 4159/4159/4159 
f 4160/4160/4160 4042/4042/4042 4050/4050/4050 
f 4170/4170/4170 4160/4160/4160 4050/4050/4050 
f 4001/4001/4001 4043/4043/4043 4051/4051/4051 
f 4044/4044/4044 4001/4001/4001 4052/4052/4052 
f 4161/4161/4161 4171/4171/4171 4053/4053/4053 
f 4045/4045/4045 4161/4161/4161 4053/4053/4053 
f 4054/4054/4054 4047/4047/4047 4162/4162/4162 
f 4054/4054/4054 4172/4172/4172 4055/4055/4055 
f 4172/4172/4172 4054/4054/4054 4162/4162/4162 
f 4178/4178/4178 4168/4168/4168 4056/4056/4056 
f 4056/4056/4056 4057/4057/4057 4178/4178/4178 
f 4049/4049/4049 4056/4056/4056 4168/4168/4168 
f 4170/4170/4170 4050/4050/4050 4058/4058/4058 
f 4179/4179/4179 4169/4169/4169 4186/4186/4186 
f 4001/4001/4001 4051/4051/4051 4059/4059/4059 
f 4052/4052/4052 4001/4001/4001 4060/4060/4060 
f 4171/4171/4171 4180/4180/4180 4061/4061/4061 
f 4053/4053/4053 4171/4171/4171 4061/4061/4061 
f 4062/4062/4062 4055/4055/4055 4172/4172/4172 
f 4062/4062/4062 4181/4181/4181 4063/4063/4063 
f 4181/4181/4181 4062/4062/4062 4172/4172/4172 
f 4187/4187/4187 4178/4178/4178 4064/4064/4064 
f 4064/4064/4064 4065/4065/4065 4187/4187/4187 
f 4057/4057/4057 4064/4064/4064 4178/4178/4178 
f 4179/4179/4179 4186/4186/4186 4066/4066/4066 
f 4188/4188/4188 4179/4179/4179 4066/4066/4066 
f 4001/4001/4001 4059/4059/4059 4067/4067/4067 
f 4060/4060/4060 4001/4001/4001 4068/4068/4068 
f 4180/4180/4180 4189/4189/4189 4069/4069/4069 
f 4061/4061/4061 4180/4180/4180 4069/4069/4069 
f 4070/4070/4070 4063/4063/4063 4181/4181/4181 
f 4070/4070/4070 4190/4190/4190 4071/4071/4071 
f 4190/4190/4190 4070/4070/4070 4181/4181/4181 
f 4196/4196/4196 4187/4187/4187 4072/4072/4072 
f 4072/4072/4072 4073/4073/4073 4196/4196/4196 
f 4072/4072/4072 4187/4187/4187 4065/4065/4065 
f 4188/4188/4188 4066/4066/4066 4074/4074/4074 
f 4197/4197/4197 4188/4188/4188 4074/4074/4074 
f 4001/4001/4001 4067/4067/4067 4075/4075/4075 
f 4068/4068/4068 4001/4001/4001 4076/4076/4076 
f 4189/4189/4189 4198/4198/4198 4077/4077/4077 
f 4069/4069/4069 4189/4189/4189 4077/4077/4077 
f 4078/4078/4078 4079/4079/4079 4199/4199/4199 
f 4190/4190/4190 4199/4199/4199 4079/4079/4079 
f 4190/4190/4190 4079/4079/4079 4071/4071/4071 
f 4196/4196/4196 4073/4073/4073 4080/4080/4080 
f 4204/4204/4204 4080/4080/4080 4081/4081/4081 
f 4080/4080/4080 4204/4204/4204 4196/4196/4196 
f 4197/4197/4197 4074/4074/4074 4082/4082/4082 
f 4205/4205/4205 4197/4197/4197 4082/4082/4082 
f 4001/4001/4001 4075/4075/4075 4083/4083/4083 
f 4076/4076/4076 4001/4001/4001 4083/4083/4083 
f 4198/4198/4198 4206/4206/4206 4084/4084/4084 
f 4077/4077/4077 4198/4198/4198 4084/4084/4084 
f 4085/4085/4085 4086/4086/4086 4208/4208/4208 
f 4199/4199/4199 4208/4208/4208 4086/4086/4086 
f 4199/4199/4199 4086/4086/4086 4078/4078/4078 
f 4204/4204/4204 4081/4081/4081 4087/4087/4087 
f 4087/4087/4087 4088/4088/4088 4213/4213/4213 
f 4087/4087/4087 4213/4213/4213 4204/4204/4204 
f 4205/4205/4205 4082/4082/4082 4089/4089/4089 
f 4214/4214/4214 4205/4205/4205 4089/4089/4089 
f 4207/4207/4207 4214/4214/4214 4090/4090/4090 
f 4216/4216/4216 4207/4207/4207 4090/4090/4090 
f 4091/4091/4091 4092/4092/4092 4215/4215/4215 
f 4208/4208/4208 4215/4215/4215 4092/4092/4092 
f 4208/4208/4208 4092/4092/4092 4085/4085/4085 
f 4213/4213/4213 4088/4088/4088 4093/4093/4093 
f 4093/4093/4093 4094/4094/4094 4221/4221/4221 
f 4093/4093/4093 4221/4221/4221 4213/4213/4213 
f 4214/4214/4214 4089/4089/4089 4090/4090/4090 
f 4095/4095/4095 4096/4096/4096 4222/4222/4222 
f 4215/4215/4215 4222/4222/4222 4096/4096/4096 
f 4215/4215/4215 4096/4096/4096 4091/4091/4091 
f 4221/4221/4221 4094/4094/4094 4097/4097/4097 
f 4097/4097/4097 4095/4095/4095 4222/4222/4222 
f 4097/4097/4097 4222/4222/4222 4221/4221/4221 
f 4098/4098/4098 4099/4099/4099 4100/4100/4100 
f 4099/4099/4099 4098/4098/4098 4101/4101/4101 
f 4100/4100/4100 4099/4099/4099 4102/4102/4102 
f 4099/4099/4099 4101/4101/4101 4103/4103/4103 
f 4102/4102/4102 4099/4099/4099 4104/4104/4104 
f 4099/4099/4099 4103/4103/4103 4105/4105/4105 
f 4104/4104/4104 4099/4099/4099 4106/4106/4106 
f 4099/4099/4099 4105/4105/4105 4107/4107/4107 
f 4106/4106/4106 4099/4099/4099 4108/4108/4108 
f 4099/4099/4099 4107/4107/4107 4109/4109/4109 
f 4108/4108/4108 4099/4099/4099 4110/4110/4110 
f 4099/4099/4099 4109/4109/4109 4111/4111/4111 
f 4110/4110/4110 4099/4099/4099 4112/4112/4112 
f 4099/4099/4099 4111/4111/4111 4113/4113/4113 
f 4112/4112/4112 4099/4099/4099 4114/4114/4114 
f 4099/4099/4099 4113/4113/4113 4115/4115/4115 
f 4114/4114/4114 4099/4099/4099 4116/4116/4116 
f 4099/4099/4099 4115/4115/4115 4117/4117/4117 
f 4116/4116/4116 4099/4099/4099 4118/4118/4118 
f 4099/4099/4099 4117/4117/4117 4119/4119/4119 
f 4118/4118/4118 4099/4099/4099 4120/4120/4120 
f 4099/4099/4099 4119/4119/4119 4121/4121/4121 
f 4120/4120/4120 4099/4099/4099 4122/4122/4122 
f 4099/4099/4099 4121/4121/4121 4122/4122/4122 
f 4139/4139/4139 4136/4136/4136 4231/4231/4231 
f 4139/4139/4139 4231/4231/4231 4232/4232/4232 
f 4137/4137/4137 4138/4138/4138 4234/4234/4234 
f 4137/4137/4137 4234/4234/4234 4231/4231/4231 
f 4136/4136/4136 4137/4137/4137 4231/4231/4231 
f 4141/4141/4141 4139/4139/4139 4232/4232/4232 
f 4148/4148/4148 4140/4140/4140 4233/4233/4233 
f 4148/4148/4148 4233/4233/4233 4235/4235/4235 
f 4146/4146/4146 4147/4147/4147 4236/4236/4236 
f 4146/4146/4146 4236/4236/4236 4234/4234/4234 
f 4138/4138/4138 4146/4146/4146 4234/4234/4234 
f 4149/4149/4149 4148/4148/4148 4235/4235/4235 
f 4157/4157/4157 4149/4149/4149 4235/4235/4235 
f 4157/4157/4157 4235/4235/4235 4237/4237/4237 
f 4155/4155/4155 4156/4156/4156 4238/4238/4238 
f 4155/4155/4155 4238/4238/4238 4236/4236/4236 
f 4147/4147/4147 4155/4155/4155 4236/4236/4236 
f 4158/4158/4158 4157/4157/4157 4237/4237/4237 
f 4166/4166/4166 4158/4158/4158 4237/4237/4237 
f 4166/4166/4166 4237/4237/4237 4239/4239/4239 
f 4164/4164/4164 4165/4165/4165 4240/4240/4240 
f 4164/4164/4164 4240/4240/4240 4238/4238/4238 
f 4156/4156/4156 4164/4164/4164 4238/4238/4238 
f 4167/4167/4167 4166/4166/4166 4239/4239/4239 
f 4176/4176/4176 4167/4167/4167 4239/4239/4239 
f 4176/4176/4176 4239/4239/4239 4241/4241/4241 
f 4173/4173/4173 4174/4174/4174 4243/4243/4243 
f 4173/4173/4173 4243/4243/4243 4240/4240/4240 
f 4165/4165/4165 4173/4173/4173 4240/4240/4240 
f 4177/4177/4177 4176/4176/4176 4241/4241/4241 
f 4184/4184/4184 4177/4177/4177 4241/4241/4241 
f 4184/4184/4184 4241/4241/4241 4244/4244/4244 
f 4182/4182/4182 4183/4183/4183 4245/4245/4245 
f 4182/4182/4182 4245/4245/4245 4242/4242/4242 
f 4175/4175/4175 4182/4182/4182 4242/4242/4242 
f 4185/4185/4185 4184/4184/4184 4244/4244/4244 
f 4193/4193/4193 4185/4185/4185 4244/4244/4244 
f 4193/4193/4193 4244/4244/4244 4246/4246/4246 
f 4191/4191/4191 4192/4192/4192 4248/4248/4248 
f 4191/4191/4191 4248/4248/4248 4245/4245/4245 
f 4183/4183/4183 4191/4191/4191 4245/4245/4245 
f 4195/4195/4195 4193/4193/4193 4246/4246/4246 
f 4202/4202/4202 4194/4194/4194 4247/4247/4247 
f 4202/4202/4202 4247/4247/4247 4249/4249/4249 
f 4200/4200/4200 4201/4201/4201 4250/4250/4250 
f 4200/4200/4200 4250/4250/4250 4248/4248/4248 
f 4192/4192/4192 4200/4200/4200 4248/4248/4248 
f 4203/4203/4203 4202/4202/4202 4249/4249/4249 
f 4211/4211/4211 4203/4203/4203 4249/4249/4249 
f 4211/4211/4211 4249/4249/4249 4251/4251/4251 
f 4210/4210/4210 4209/4209/4209 4252/4252/4252 
f 4210/4210/4210 4252/4252/4252 4250/4250/4250 
f 4201/4201/4201 4210/4210/4210 4250/4250/4250 
f 4212/4212/4212 4211/4211/4211 4251/4251/4251 
f 4219/4219/4219 4212/4212/4212 4251/4251/4251 
f 4219/4219/4219 4251/4251/4251 4253/4253/4253 
f 4218/4218/4218 4217/4217/4217 4254/4254/4254 
f 4218/4218/4218 4254/4254/4254 4252/4252/4252 
f 4209/4209/4209 4218/4218/4218 4252/4252/4252 
f 4220/4220/4220 4219/4219/4219 4253/4253/4253 
f 4226/4226/4226 4220/4220/4220 4253/4253/4253 
f 4226/4226/4226 4253/4253/4253 4255/4255/4255 
f 4225/4225/4225 4223/4223/4223 4257/4257/4257 
f 4225/4225/4225 4257/4257/4257 4254/4254/4254 
f 4217/4217/4217 4225/4225/4225 4254/4254/4254 
f 4227/4227/4227 4226/4226/4226 4255/4255/4255 
f 4230/4230/4230 4227/4227/4227 4255/4255/4255 
f 4230/4230/4230 4255/4255/4255 4258/4258/4258 
f 4229/4229/4229 4228/4228/4228 4258/4258/4258 
f 4229/4229/4229 4258/4258/4258 4256/4256/4256 
f 4224/4224/4224 4229/4229/4229 4256/4256/4256 
f 4228/4228/4228 4230/4230/4230 4258/4258/4258 

g 3

v -8.61063 3.92597 -35.0002 
v -8.61063 2.46058 -35.0002 
v -7.71189 2.46058 -35.0002 
v -7.71189 3.92597 -35.0002 
v -7.68563 2.46058 -35.0308 
v -7.68563 3.92596 -35.0308 
v -8.6599 2.46058 -35.0614 
v -8.59197 2.39299 -35.0638 
v -7.72594 2.39298 -35.0638 
v -7.71189 2.46058 -35.0002 
v -8.61063 2.46058 -35.0002 
v -7.72594 3.99388 -35.0638 
v -8.59197 3.99388 -35.0638 
v -8.61063 3.92597 -35.0002 
v -7.71189 3.92597 -35.0002 
v -8.61063 3.92597 -35.0002 
v -7.68563 3.92596 -35.0308 
v -7.65937 3.92596 -36.9392 
v -7.65937 3.92597 -35.0614 
v -7.72594 3.99388 -35.0638 
v -7.68563 3.92596 -35.0308 
v -8.61063 3.92597 -35.0002 
v -8.59197 3.99388 -35.0638 
v -8.6599 3.92597 -35.0614 
v -8.59197 3.99388 -35.0638 
v -8.15758 3.99388 -36.0019 
v -8.59197 3.99388 -36.9407 
v -8.6599 3.92597 -36.9392 
v -8.59197 3.99388 -36.9407 
v -8.6599 3.92597 -36.9392 
v -8.6599 3.92597 -35.0614 
v -8.59197 3.99388 -35.0638 
v -8.15758 3.99388 -36.0019 
v -7.72594 3.99388 -36.9407 
v -8.59197 3.99388 -36.9407 
v -8.15758 3.99388 -36.0019 
v -8.59197 3.99388 -35.0638 
v -7.72594 3.99388 -35.0638 
v -7.72594 3.99388 -36.9407 
v -8.15758 3.99388 -36.0019 
v -7.72594 3.99388 -35.0638 
v -7.72594 3.99388 -35.0638 
v -7.71189 3.92597 -35.0002 
v -7.68563 3.92596 -35.0308 
v -8.61063 3.92597 -35.0002 
v -8.61063 2.46054 -37.0005 
v -8.6599 2.46058 -35.0614 
v -8.6599 2.46054 -36.9392 
v -8.61063 2.46054 -37.0005 
v -8.59197 2.39295 -36.9407 
v -8.6599 2.46058 -35.0614 
v -8.61063 2.46058 -35.0002 
v -8.61063 3.92597 -35.0002 
v -8.6599 3.92597 -35.0614 
v -8.6599 3.92597 -36.9392 
v -8.6599 2.46054 -36.9392 
v -8.6599 2.46058 -35.0614 
v -8.6599 3.92597 -35.0614 
v -8.61063 2.46054 -37.0005 
v -8.6599 2.46054 -36.9392 
v -8.6599 3.92597 -36.9392 
v -8.61063 3.92597 -37.0005 
v -8.59197 3.99388 -36.9407 
v -8.61063 3.92597 -37.0005 
v -8.6599 3.92597 -36.9392 
v -7.71189 3.92597 -37.0005 
v -7.71189 2.46054 -37.0005 
v -8.61063 2.46054 -37.0005 
v -8.61063 3.92597 -37.0005 
v -7.65937 3.92596 -36.9392 
v -7.72594 2.39295 -36.9407 
v -8.61063 2.46054 -37.0005 
v -7.71189 2.46054 -37.0005 
v -7.72594 2.39295 -36.9407 
v -8.59197 2.39295 -36.9407 
v -8.6599 3.92597 -36.9392 
v -7.71189 3.92597 -37.0005 
v -8.61063 3.92597 -37.0005 
v -8.59197 3.99388 -36.9407 
v -7.72594 3.99388 -36.9407 
v -8.61063 2.46054 -37.0005 
v -7.68563 2.46058 -35.0308 
v -7.72594 2.39298 -35.0638 
v -7.65937 2.46058 -35.0614 
v -7.68563 2.46058 -35.0308 
v -7.72594 2.39295 -36.9407 
v -8.6599 2.46058 -35.0614 
v -8.59197 2.39299 -35.0638 
v -8.61063 2.46058 -35.0002 
v -8.59197 2.39295 -36.9407 
v -8.59197 2.39299 -35.0638 
v -8.6599 2.46058 -35.0614 
v -8.6599 2.46054 -36.9392 
v -8.15758 2.39321 -36.0019 
v -7.72594 2.39295 -36.9407 
v -7.72594 2.39298 -35.0638 
v -8.59197 2.39299 -35.0638 
v -8.15758 2.39321 -36.0019 
v -7.72594 2.39298 -35.0638 
v -8.15758 2.39321 -36.0019 
v -8.59197 2.39299 -35.0638 
v -8.59197 2.39295 -36.9407 
v -7.72594 2.39295 -36.9407 
v -8.15758 2.39321 -36.0019 
v -8.59197 2.39295 -36.9407 
v -7.68563 2.46058 -35.0308 
v -7.71189 2.46058 -35.0002 
v -7.72594 2.39298 -35.0638 
v -7.68563 2.46058 -35.0308 
v -7.65937 2.46058 -35.0614 
v -7.65937 3.92597 -35.0614 
v -7.68563 3.92596 -35.0308 
v -7.65937 2.46058 -35.0614 
v -7.65937 2.46054 -36.9392 
v -7.65937 3.92596 -36.9392 
v -7.65937 3.92597 -35.0614 
v -7.71189 2.46054 -37.0005 
v -7.71189 3.92597 -37.0005 
v -7.65937 3.92596 -36.9392 
v -7.65937 2.46054 -36.9392 
v -7.65937 2.46054 -36.9392 
v -7.65937 2.46058 -35.0614 
v -7.72594 2.39298 -35.0638 
v -7.72594 2.39295 -36.9407 
v -7.72594 2.39295 -36.9407 
v -7.71189 2.46054 -37.0005 
v -7.65937 2.46054 -36.9392 
v -7.72594 3.99388 -35.0638 
v -7.65937 3.92597 -35.0614 
v -7.65937 3.92596 -36.9392 
v -7.72594 3.99388 -36.9407 
v -7.65937 3.92596 -36.9392 
v -7.71189 3.92597 -37.0005 
v -7.72594 3.99388 -36.9407 
v -7.68563 3.92596 -35.0308 
v -7.71189 3.92597 -35.0002 
v -7.71189 2.46058 -35.0002 
v -7.68563 2.46058 -35.0308 

vn 0 0 1 
vn 0 0 1 
vn 0 0 1 
vn 0 0 1 
vn 0.755906 0 0.653543 
vn 0.755906 0 0.653543 
vn -0.606299 -0.629921 0.488189 
vn 0 -0.685039 0.724409 
vn 0 -0.685039 0.724409 
vn 0 -0.685039 0.724409 
vn 0 -0.685039 0.724409 
vn 0 0.685039 0.732283 
vn 0 0.685039 0.732283 
vn 0 0.685039 0.732283 
vn 0 0.685039 0.732283 
vn 0 0 1 
vn 0.755906 0 0.653543 
vn 1 0 0 
vn 0.598425 0.606299 0.519685 
vn 0.598425 0.606299 0.519685 
vn 0.598425 0.606299 0.519685 
vn -0.606299 0.622047 0.488189 
vn -0.606299 0.622047 0.488189 
vn -0.606299 0.622047 0.488189 
vn 0 1 0 
vn 0 1 0 
vn 0 1 0 
vn -1 0 0 
vn -0.708661 0.708661 0 
vn -0.708661 0.708661 0 
vn -0.708661 0.708661 0 
vn -0.708661 0.708661 0 
vn 0 1 0 
vn 0 1 0 
vn 0 1 0 
vn 0 1 0 
vn 0 1 0 
vn 0 1 0 
vn 0 1 0 
vn 0 1 0 
vn 0 1 0 
vn 0.598425 0.606299 0.519685 
vn 0.598425 0.606299 0.519685 
vn 0.598425 0.606299 0.519685 
vn 0 0 1 
vn 0 0 -1 
vn -0.606299 -0.629921 0.488189 
vn -0.614173 -0.606299 -0.496063 
vn -0.614173 -0.606299 -0.496063 
vn -0.614173 -0.606299 -0.496063 
vn -0.779528 0 0.629921 
vn -0.779528 0 0.629921 
vn -0.779528 0 0.629921 
vn -0.779528 0 0.629921 
vn -1 0 0 
vn -1 0 0 
vn -1 0 0 
vn -1 0 0 
vn -0.779528 0 -0.629921 
vn -0.779528 0 -0.629921 
vn -0.779528 0 -0.629921 
vn -0.779528 0 -0.629921 
vn -0.622047 0.606299 -0.496063 
vn -0.622047 0.606299 -0.496063 
vn -0.622047 0.606299 -0.496063 
vn 0 0 -1 
vn 0 0 -1 
vn 0 0 -1 
vn 0 0 -1 
vn 1 0 0 
vn 0.708661 -0.700787 0 
vn 0 -0.661417 -0.748031 
vn 0 -0.661417 -0.748031 
vn 0 -0.661417 -0.748031 
vn 0 -0.661417 -0.748031 
vn -1 0 0 
vn 0 0.661417 -0.748031 
vn 0 0.661417 -0.748031 
vn 0 0.661417 -0.748031 
vn 0 0.661417 -0.748031 
vn 0 0 -1 
vn 0.755906 0 0.653543 
vn 0.598425 -0.614173 0.511811 
vn 0.598425 -0.614173 0.511811 
vn 0.598425 -0.614173 0.511811 
vn 0.708661 -0.700787 0 
vn -0.606299 -0.629921 0.488189 
vn -0.606299 -0.629921 0.488189 
vn -0.606299 -0.629921 0.488189 
vn -0.708661 -0.708661 0 
vn -0.708661 -0.708661 0 
vn -0.708661 -0.708661 0 
vn -0.708661 -0.708661 0 
vn 0 -1 0 
vn 0 -1 0 
vn 0 -1 0 
vn 0 -1 0 
vn 0 -1 0 
vn 0 -1 0 
vn 0 -1 0 
vn 0 -1 0 
vn 0 -1 0 
vn 0 -1 0 
vn 0 -1 0 
vn 0 -1 0 
vn 0.598425 -0.614173 0.511811 
vn 0.598425 -0.614173 0.511811 
vn 0.598425 -0.614173 0.511811 
vn 0.755906 0 0.653543 
vn 0.755906 0 0.653543 
vn 0.755906 0 0.653543 
vn 0.755906 0 0.653543 
vn 1 0 0 
vn 1 0 0 
vn 1 0 0 
vn 1 0 0 
vn 0.755906 0 -0.653543 
vn 0.755906 0 -0.653543 
vn 0.755906 0 -0.653543 
vn 0.755906 0 -0.653543 
vn 0.708661 -0.700787 0 
vn 0.708661 -0.700787 0 
vn 0.708661 -0.700787 0 
vn 0.708661 -0.700787 0 
vn 0.614173 -0.590551 -0.527559 
vn 0.614173 -0.590551 -0.527559 
vn 0.614173 -0.590551 -0.527559 
vn 0.716535 0.700787 0 
vn 0.716535 0.700787 0 
vn 0.716535 0.700787 0 
vn 0.716535 0.700787 0 
vn 0.614173 0.590551 -0.527559 
vn 0.614173 0.590551 -0.527559 
vn 0.614173 0.590551 -0.527559 
vn 0.755906 0 0.653543 
vn 0.755906 0 0.653543 
vn 0.755906 0 0.653543 
vn 0.755906 0 0.653543 

vt -1.85865 2.46592 
vt -1.85865 2.28274 
vt -1.74631 2.28274 
vt -1.74631 2.46592 
vt -1.74303 2.28274 
vt -1.74303 2.46592 
vt -1.86481 2.28274 
vt -1.85632 2.27429 
vt -1.74807 2.27429 
vt -1.74631 2.28274 
vt -1.85865 2.28274 
vt -1.74807 2.47441 
vt -1.85632 2.47441 
vt -1.85865 2.46592 
vt -1.74631 2.46592 
vt -1.9273 2.43072 
vt -1.92347 2.3151 
vt -1.68492 2.31182 
vt -1.91965 2.31182 
vt -1.91935 2.32014 
vt -1.92347 2.3151 
vt -1.9273 2.43072 
vt -1.91935 2.42839 
vt -1.91965 2.43688 
vt -1.91935 2.42839 
vt -1.80208 2.37409 
vt -1.68473 2.42839 
vt -1.68492 2.43688 
vt -1.68473 2.42839 
vt -1.68492 2.43688 
vt -1.91965 2.43688 
vt -1.91935 2.42839 
vt -1.80208 2.37409 
vt -1.68473 2.32014 
vt -1.68473 2.42839 
vt -1.80208 2.37409 
vt -1.91935 2.42839 
vt -1.91935 2.32014 
vt -1.68473 2.32014 
vt -1.80208 2.37409 
vt -1.91935 2.32014 
vt -1.91935 2.32014 
vt -1.9273 2.31838 
vt -1.92347 2.3151 
vt -1.67726 2.46592 
vt -1.9273 2.28274 
vt -1.68492 2.28274 
vt -1.91964 2.28274 
vt -1.9273 2.28274 
vt -1.91983 2.27429 
vt -1.68492 2.28274 
vt -1.67726 2.28274 
vt -1.67726 2.46592 
vt -1.68491 2.46592 
vt -1.91964 2.46592 
vt -1.91964 2.28274 
vt -1.68492 2.28274 
vt -1.68491 2.46592 
vt -1.9273 2.28274 
vt -1.91964 2.28274 
vt -1.91964 2.46592 
vt -1.9273 2.46592 
vt -1.91983 2.47441 
vt -1.9273 2.46592 
vt -1.91964 2.46592 
vt -1.85825 2.46592 
vt -1.85825 2.28274 
vt -1.74591 2.28274 
vt -1.74591 2.46592 
vt -1.86481 2.46592 
vt -1.85649 2.27429 
vt -1.74591 2.28274 
vt -1.85825 2.28274 
vt -1.85649 2.27429 
vt -1.74824 2.27429 
vt -1.73975 2.46592 
vt -1.85825 2.46592 
vt -1.74591 2.46592 
vt -1.74824 2.47441 
vt -1.85649 2.47441 
vt -1.9273 2.43072 
vt -1.68109 2.3151 
vt -1.68522 2.32014 
vt -1.68492 2.31182 
vt -1.68109 2.3151 
vt -1.91983 2.32014 
vt -1.68492 2.43688 
vt -1.68522 2.42839 
vt -1.67726 2.43072 
vt -1.91983 2.42839 
vt -1.68522 2.42839 
vt -1.68492 2.43688 
vt -1.91964 2.43688 
vt -1.80248 2.37409 
vt -1.91983 2.32014 
vt -1.68522 2.32014 
vt -1.68522 2.42839 
vt -1.80248 2.37409 
vt -1.68522 2.32014 
vt -1.80248 2.37409 
vt -1.68522 2.42839 
vt -1.91983 2.42839 
vt -1.91983 2.32014 
vt -1.80248 2.37409 
vt -1.91983 2.42839 
vt -1.68109 2.3151 
vt -1.67726 2.31838 
vt -1.68522 2.32014 
vt -1.92347 2.28274 
vt -1.91964 2.28274 
vt -1.91965 2.46592 
vt -1.92347 2.46592 
vt -1.91964 2.28274 
vt -1.68492 2.28274 
vt -1.68492 2.46592 
vt -1.91965 2.46592 
vt -1.67726 2.28274 
vt -1.67726 2.46592 
vt -1.68492 2.46592 
vt -1.68492 2.28274 
vt -1.68492 2.28274 
vt -1.91964 2.28274 
vt -1.91934 2.27429 
vt -1.68473 2.27429 
vt -1.68473 2.27429 
vt -1.67726 2.28274 
vt -1.68492 2.28274 
vt -1.91935 2.47441 
vt -1.91965 2.46592 
vt -1.68492 2.46592 
vt -1.68473 2.47441 
vt -1.68492 2.46592 
vt -1.67726 2.46592 
vt -1.68473 2.47441 
vt -1.92347 2.46592 
vt -1.9273 2.46592 
vt -1.9273 2.28274 
vt -1.92347 2.28274 

usemtl 1Mtl

f 4259/4259/4259 4260/4260/4260 4261/4261/4261 
f 4259/4259/4259 4261/4261/4261 4262/4262/4262 
f 4266/4266/4266 4267/4267/4267 4268/4268/4268 
f 4266/4266/4266 4268/4268/4268 4269/4269/4269 
f 4270/4270/4270 4271/4271/4271 4272/4272/4272 
f 4270/4270/4270 4272/4272/4272 4273/4273/4273 
f 4277/4277/4277 4278/4278/4278 4279/4279/4279 
f 4280/4280/4280 4281/4281/4281 4282/4282/4282 
f 4283/4283/4283 4284/4284/4284 4285/4285/4285 
f 4287/4287/4287 4288/4288/4288 4289/4289/4289 
f 4287/4287/4287 4289/4289/4289 4290/4290/4290 
f 4291/4291/4291 4292/4292/4292 4293/4293/4293 
f 4294/4294/4294 4295/4295/4295 4296/4296/4296 
f 4297/4297/4297 4298/4298/4298 4299/4299/4299 
f 4300/4300/4300 4301/4301/4301 4302/4302/4302 
f 4306/4306/4306 4307/4307/4307 4308/4308/4308 
f 4309/4309/4309 4310/4310/4310 4311/4311/4311 
f 4309/4309/4309 4311/4311/4311 4312/4312/4312 
f 4313/4313/4313 4314/4314/4314 4315/4315/4315 
f 4313/4313/4313 4315/4315/4315 4316/4316/4316 
f 4317/4317/4317 4318/4318/4318 4319/4319/4319 
f 4317/4317/4317 4319/4319/4319 4320/4320/4320 
f 4321/4321/4321 4322/4322/4322 4323/4323/4323 
f 4324/4324/4324 4325/4325/4325 4326/4326/4326 
f 4324/4324/4324 4326/4326/4326 4327/4327/4327 
f 4330/4330/4330 4331/4331/4331 4332/4332/4332 
f 4330/4330/4330 4332/4332/4332 4333/4333/4333 
f 4335/4335/4335 4336/4336/4336 4337/4337/4337 
f 4335/4335/4335 4337/4337/4337 4338/4338/4338 
f 4341/4341/4341 4342/4342/4342 4343/4343/4343 
f 4345/4345/4345 4346/4346/4346 4347/4347/4347 
f 4348/4348/4348 4349/4349/4349 4350/4350/4350 
f 4348/4348/4348 4350/4350/4350 4351/4351/4351 
f 4352/4352/4352 4353/4353/4353 4354/4354/4354 
f 4355/4355/4355 4356/4356/4356 4357/4357/4357 
f 4358/4358/4358 4359/4359/4359 4360/4360/4360 
f 4361/4361/4361 4362/4362/4362 4363/4363/4363 
f 4364/4364/4364 4365/4365/4365 4366/4366/4366 
f 4367/4367/4367 4368/4368/4368 4369/4369/4369 
f 4367/4367/4367 4369/4369/4369 4370/4370/4370 
f 4371/4371/4371 4372/4372/4372 4373/4373/4373 
f 4371/4371/4371 4373/4373/4373 4374/4374/4374 
f 4375/4375/4375 4376/4376/4376 4377/4377/4377 
f 4375/4375/4375 4377/4377/4377 4378/4378/4378 
f 4379/4379/4379 4380/4380/4380 4381/4381/4381 
f 4379/4379/4379 4381/4381/4381 4382/4382/4382 
f 4383/4383/4383 4384/4384/4384 4385/4385/4385 
f 4386/4386/4386 4387/4387/4387 4388/4388/4388 
f 4386/4386/4386 4388/4388/4388 4389/4389/4389 
f 4390/4390/4390 4391/4391/4391 4392/4392/4392 
f 4393/4393/4393 4394/4394/4394 4395/4395/4395 
f 4393/4393/4393 4395/4395/4395 4396/4396/4396 

g 4

v -8.31616 2.20831 -35.0657 
v -8.45537 2.13736 -35.0657 
v -8.43549 2.11 -35.0323 
v -8.30571 2.17615 -35.0323 
v -8.29525 2.14399 -34.9989 
v -8.1561 2.16514 -34.9989 
v -8.1561 2.19895 -35.0323 
v -8.30571 2.17615 -35.0323 
v -8.45537 2.13736 -35.0657 
v -8.56584 2.02686 -35.0657 
v -8.53848 2.00699 -35.0323 
v -8.43549 2.11 -35.0323 
v -8.56584 2.02686 -35.0657 
v -8.63676 1.88764 -35.0657 
v -8.60466 1.87706 -35.0323 
v -8.53848 2.00699 -35.0323 
v -8.63676 1.88764 -35.0657 
v -8.65935 1.75228 -35.0657 
v -8.62595 1.74951 -35.0323 
v -8.60466 1.87706 -35.0323 
v -8.63666 1.04152 -35.0711 
v -8.56571 0.902315 -35.0711 
v -8.53836 0.922194 -35.0382 
v -8.60457 1.05211 -35.0382 
v -8.57248 1.06269 -35.0052 
v -8.59249 1.18242 -34.9989 
v -8.62589 1.17965 -35.0323 
v -8.60457 1.05211 -35.0382 
v -8.56571 0.902315 -35.0711 
v -8.45522 0.791844 -35.0711 
v -8.43534 0.819204 -35.0382 
v -8.53836 0.922194 -35.0382 
v -8.45522 0.791844 -35.0711 
v -8.31599 0.720926 -35.0711 
v -8.30555 0.753087 -35.0382 
v -8.43534 0.819204 -35.0382 
v -8.31599 0.720926 -35.0711 
v -8.15593 0.696501 -35.0711 
v -8.15594 0.730316 -35.0382 
v -8.30555 0.753087 -35.0382 
v -8.15593 0.696501 -35.0711 
v -8.00161 0.720961 -35.0711 
v -8.01207 0.75312 -35.0382 
v -8.15594 0.730316 -35.0382 
v -8.00161 0.720961 -35.0711 
v -7.8624 0.79191 -35.0711 
v -7.88228 0.819265 -35.0382 
v -8.01207 0.75312 -35.0382 
v -7.8624 0.79191 -35.0711 
v -7.75193 0.902406 -35.0711 
v -7.77929 0.922279 -35.0382 
v -7.88228 0.819265 -35.0382 
v -7.75193 0.902406 -35.0711 
v -7.68102 1.04163 -35.0711 
v -7.71311 1.0522 -35.0382 
v -7.77929 0.922279 -35.0382 
v -7.68102 1.04163 -35.0711 
v -7.65842 1.17699 -35.0657 
v -7.69182 1.17975 -35.0323 
v -7.71311 1.0522 -35.0382 
v -7.68111 1.88774 -35.0657 
v -7.75206 2.02695 -35.0657 
v -7.77941 2.00707 -35.0323 
v -7.7132 1.87716 -35.0323 
v -7.7453 1.86658 -34.9989 
v -7.72528 1.74684 -34.9989 
v -7.69188 1.74962 -35.0323 
v -7.7132 1.87716 -35.0323 
v -7.75206 2.02695 -35.0657 
v -7.86255 2.13742 -35.0657 
v -7.88243 2.11006 -35.0323 
v -7.77941 2.00707 -35.0323 
v -7.86255 2.13742 -35.0657 
v -8.00178 2.20834 -35.0657 
v -8.01222 2.17618 -35.0323 
v -7.88243 2.11006 -35.0323 
v -8.00178 2.20834 -35.0657 
v -8.1561 2.23277 -35.0657 
v -8.1561 2.19895 -35.0323 
v -8.01222 2.17618 -35.0323 
v -8.59249 1.18242 -34.9989 
v -8.59255 1.74675 -34.9989 
v -8.62595 1.74951 -35.0323 
v -7.72528 1.74684 -34.9989 
v -7.69182 1.17975 -35.0323 
v -7.69188 1.74962 -35.0323 
v -8.59249 1.18242 -34.9989 
v -8.15599 1.17693 -34.9989 
v -8.15605 1.75233 -34.9989 
v -8.59255 1.74675 -34.9989 
v -7.72528 1.74684 -34.9989 
v -8.15605 1.75233 -34.9989 
v -8.15599 1.17693 -34.9989 
v -7.72522 1.18252 -34.9989 
v -8.41561 2.08265 -34.9989 
v -8.15605 1.75233 -34.9989 
v -8.29525 2.14399 -34.9989 
v -8.51112 1.98712 -34.9989 
v -8.15605 1.75233 -34.9989 
v -8.41561 2.08265 -34.9989 
v -8.57257 1.86649 -34.9989 
v -8.15605 1.75233 -34.9989 
v -8.51112 1.98712 -34.9989 
v -8.59255 1.74675 -34.9989 
v -8.15605 1.75233 -34.9989 
v -8.57257 1.86649 -34.9989 
v -8.57248 1.06269 -35.0052 
v -8.15599 1.17693 -34.9989 
v -8.59249 1.18242 -34.9989 
v -8.511 0.942073 -35.0052 
v -8.15599 1.17693 -34.9989 
v -8.57248 1.06269 -35.0052 
v -8.41547 0.846563 -35.0052 
v -8.15599 1.17693 -34.9989 
v -8.511 0.942073 -35.0052 
v -8.2951 0.785248 -35.0052 
v -8.15599 1.17693 -34.9989 
v -8.41547 0.846563 -35.0052 
v -8.15594 0.764131 -35.0052 
v -8.15599 1.17693 -34.9989 
v -8.2951 0.785248 -35.0052 
v -8.02252 0.785278 -35.0052 
v -8.15599 1.17693 -34.9989 
v -8.15594 0.764131 -35.0052 
v -7.90216 0.84662 -35.0052 
v -8.15599 1.17693 -34.9989 
v -8.02252 0.785278 -35.0052 
v -7.80665 0.942151 -35.0052 
v -8.15599 1.17693 -34.9989 
v -7.90216 0.84662 -35.0052 
v -7.74521 1.06278 -35.0052 
v -8.15599 1.17693 -34.9989 
v -7.80665 0.942151 -35.0052 
v -7.72522 1.18252 -34.9989 
v -8.15599 1.17693 -34.9989 
v -7.74521 1.06278 -35.0052 
v -7.7453 1.86658 -34.9989 
v -8.15605 1.75233 -34.9989 
v -7.72528 1.74684 -34.9989 
v -7.80677 1.98719 -34.9989 
v -8.15605 1.75233 -34.9989 
v -7.7453 1.86658 -34.9989 
v -7.9023 2.0827 -34.9989 
v -8.15605 1.75233 -34.9989 
v -7.80677 1.98719 -34.9989 
v -8.02267 2.14402 -34.9989 
v -8.15605 1.75233 -34.9989 
v -7.9023 2.0827 -34.9989 
v -8.1561 2.16514 -34.9989 
v -8.15605 1.75233 -34.9989 
v -8.02267 2.14402 -34.9989 
v -8.29525 2.14399 -34.9989 
v -8.15605 1.75233 -34.9989 
v -8.1561 2.16514 -34.9989 
v -8.43549 2.11 -35.0323 
v -8.41561 2.08265 -34.9989 
v -8.29525 2.14399 -34.9989 
v -8.30571 2.17615 -35.0323 
v -8.1561 2.19895 -35.0323 
v -8.1561 2.23277 -35.0657 
v -8.31616 2.20831 -35.0657 
v -8.30571 2.17615 -35.0323 
v -8.53848 2.00699 -35.0323 
v -8.51112 1.98712 -34.9989 
v -8.41561 2.08265 -34.9989 
v -8.43549 2.11 -35.0323 
v -8.60466 1.87706 -35.0323 
v -8.57257 1.86649 -34.9989 
v -8.51112 1.98712 -34.9989 
v -8.53848 2.00699 -35.0323 
v -8.62595 1.74951 -35.0323 
v -8.59255 1.74675 -34.9989 
v -8.57257 1.86649 -34.9989 
v -8.60466 1.87706 -35.0323 
v -8.53836 0.922194 -35.0382 
v -8.511 0.942073 -35.0052 
v -8.57248 1.06269 -35.0052 
v -8.60457 1.05211 -35.0382 
v -8.62589 1.17965 -35.0323 
v -8.65929 1.17688 -35.0657 
v -8.63666 1.04152 -35.0711 
v -8.60457 1.05211 -35.0382 
v -8.43534 0.819204 -35.0382 
v -8.41547 0.846563 -35.0052 
v -8.511 0.942073 -35.0052 
v -8.53836 0.922194 -35.0382 
v -8.30555 0.753087 -35.0382 
v -8.2951 0.785248 -35.0052 
v -8.41547 0.846563 -35.0052 
v -8.43534 0.819204 -35.0382 
v -8.15594 0.730316 -35.0382 
v -8.15594 0.764131 -35.0052 
v -8.2951 0.785248 -35.0052 
v -8.30555 0.753087 -35.0382 
v -8.01207 0.75312 -35.0382 
v -8.02252 0.785278 -35.0052 
v -8.15594 0.764131 -35.0052 
v -8.15594 0.730316 -35.0382 
v -7.88228 0.819265 -35.0382 
v -7.90216 0.84662 -35.0052 
v -8.02252 0.785278 -35.0052 
v -8.01207 0.75312 -35.0382 
v -7.77929 0.922279 -35.0382 
v -7.80665 0.942151 -35.0052 
v -7.90216 0.84662 -35.0052 
v -7.88228 0.819265 -35.0382 
v -7.71311 1.0522 -35.0382 
v -7.74521 1.06278 -35.0052 
v -7.80665 0.942151 -35.0052 
v -7.77929 0.922279 -35.0382 
v -7.69182 1.17975 -35.0323 
v -7.72522 1.18252 -34.9989 
v -7.74521 1.06278 -35.0052 
v -7.71311 1.0522 -35.0382 
v -7.77941 2.00707 -35.0323 
v -7.80677 1.98719 -34.9989 
v -7.7453 1.86658 -34.9989 
v -7.7132 1.87716 -35.0323 
v -7.69188 1.74962 -35.0323 
v -7.65848 1.75239 -35.0657 
v -7.68111 1.88774 -35.0657 
v -7.7132 1.87716 -35.0323 
v -7.88243 2.11006 -35.0323 
v -7.9023 2.0827 -34.9989 
v -7.80677 1.98719 -34.9989 
v -7.77941 2.00707 -35.0323 
v -8.01222 2.17618 -35.0323 
v -8.02267 2.14402 -34.9989 
v -7.9023 2.0827 -34.9989 
v -7.88243 2.11006 -35.0323 
v -8.1561 2.19895 -35.0323 
v -8.1561 2.16514 -34.9989 
v -8.02267 2.14402 -34.9989 
v -8.01222 2.17618 -35.0323 
v -8.62595 1.74951 -35.0323 
v -8.65935 1.75228 -35.0657 
v -8.65929 1.17688 -35.0657 
v -8.31616 2.20831 -35.0657 
v -8.45537 2.13736 -35.0657 
v -8.30571 2.17615 -35.0323 
v -8.63676 1.88764 -35.0657 
v -7.75206 2.02695 -35.0657 
v -7.86255 2.13742 -35.0657 
v -8.00178 2.20834 -35.0657 
v -8.01222 2.17618 -35.0323 
v -8.1561 2.23277 -35.9324 
v -8.1561 2.19895 -35.9657 
v -8.01222 2.17618 -35.9657 
v -8.31616 2.20831 -35.0657 
v -8.31616 2.20831 -35.9324 
v -8.45537 2.13736 -35.9324 
v -8.45537 2.13736 -35.0657 
v -8.56584 2.02686 -35.9324 
v -7.75206 2.02695 -35.9324 
v -7.75206 2.02695 -35.0657 
v -7.75206 2.02695 -35.9324 
v -7.86255 2.13742 -35.9324 
v -7.86255 2.13742 -35.0657 
v -7.86255 2.13742 -35.0657 
v -7.86255 2.13742 -35.9324 
v -8.00178 2.20834 -35.9324 
v -8.00178 2.20834 -35.0657 
v -8.00178 2.20834 -35.0657 
v -8.00178 2.20834 -35.9324 
v -8.1561 2.23277 -35.9324 
v -8.1561 2.23277 -35.0657 
v -8.1561 2.23277 -35.0657 
v -8.1561 2.23277 -35.9324 
v -8.31616 2.20831 -35.9324 
v -8.31616 2.20831 -35.0657 
v -8.45537 2.13736 -35.0657 
v -8.56584 2.02686 -35.0657 
v -8.63676 1.88764 -35.0657 
v -8.60466 1.87706 -35.0323 
v -8.62595 1.74951 -35.0323 
v -8.56571 0.902315 -35.0711 
v -8.60457 1.05211 -35.0382 
v -8.62589 1.17965 -35.0323 
v -8.45522 0.791844 -35.0711 
v -8.60466 1.87706 -35.9657 
v -8.59255 1.74675 -35.9991 
v -8.62595 1.74951 -35.9657 
v -8.63666 1.04152 -35.9269 
v -8.62589 1.17965 -35.9657 
v -8.60457 1.05211 -35.9599 
v -8.59249 1.18242 -34.9989 
v -8.62595 1.74951 -35.0323 
v -8.62589 1.17965 -35.0323 
v -8.45537 2.13736 -35.9324 
v -8.45537 2.13736 -35.0657 
v -8.45537 2.13736 -35.9324 
v -8.56584 2.02686 -35.9324 
v -8.56584 2.02686 -35.0657 
v -8.56584 2.02686 -35.0657 
v -8.56584 2.02686 -35.9324 
v -8.63676 1.88764 -35.9324 
v -8.63676 1.88764 -35.0657 
v -8.63666 1.04152 -35.0711 
v -8.63666 1.04152 -35.9269 
v -8.56571 0.902316 -35.9269 
v -8.56571 0.902315 -35.0711 
v -8.45522 0.791844 -35.9269 
v -8.65935 1.75228 -35.0657 
v -8.65935 1.75228 -35.9324 
v -8.65929 1.17688 -35.9324 
v -8.65929 1.17688 -35.0657 
v -8.63676 1.88764 -35.0657 
v -8.63676 1.88764 -35.9324 
v -8.65935 1.75228 -35.9324 
v -8.65935 1.75228 -35.0657 
v -8.65929 1.17688 -35.0657 
v -8.65929 1.17688 -35.9324 
v -8.63666 1.04152 -35.9269 
v -8.63666 1.04152 -35.0711 
v -8.62595 1.74951 -35.0323 
v -8.65929 1.17688 -35.0657 
v -8.62589 1.17965 -35.0323 
v -8.31616 2.20831 -35.9324 
v -8.1561 2.23277 -35.9324 
v -8.1561 2.19895 -35.9657 
v -8.30571 2.17615 -35.9657 
v -8.29525 2.14399 -35.9991 
v -8.41561 2.08265 -35.9991 
v -8.43549 2.11 -35.9657 
v -8.30571 2.17615 -35.9657 
v -8.41561 2.08265 -35.9991 
v -8.51112 1.98712 -35.9991 
v -8.53848 2.00699 -35.9657 
v -8.43549 2.11 -35.9657 
v -8.51112 1.98712 -35.9991 
v -8.57257 1.86649 -35.9991 
v -8.60466 1.87706 -35.9657 
v -8.53848 2.00699 -35.9657 
v -8.57257 1.86649 -35.9991 
v -8.59255 1.74675 -35.9991 
v -8.62595 1.74951 -35.9657 
v -8.60466 1.87706 -35.9657 
v -8.63666 1.04152 -35.9269 
v -8.65929 1.17688 -35.9324 
v -8.62589 1.17965 -35.9657 
v -8.60457 1.05211 -35.9599 
v -8.57248 1.06269 -35.9928 
v -8.511 0.942073 -35.9928 
v -8.53836 0.922194 -35.9599 
v -8.60457 1.05211 -35.9599 
v -8.511 0.942073 -35.9928 
v -8.41547 0.846563 -35.9928 
v -8.43534 0.819203 -35.9599 
v -8.53836 0.922194 -35.9599 
v -8.41547 0.846563 -35.9928 
v -8.2951 0.785248 -35.9928 
v -8.30555 0.753087 -35.9599 
v -8.43534 0.819203 -35.9599 
v -8.2951 0.785248 -35.9928 
v -8.15594 0.764131 -35.9928 
v -8.15594 0.730316 -35.9599 
v -8.30555 0.753087 -35.9599 
v -8.15594 0.764131 -35.9928 
v -8.02252 0.785278 -35.9928 
v -8.01207 0.75312 -35.9599 
v -8.15594 0.730316 -35.9599 
v -8.02252 0.785278 -35.9928 
v -7.90216 0.84662 -35.9928 
v -7.88228 0.819265 -35.9599 
v -8.01207 0.75312 -35.9599 
v -7.90216 0.84662 -35.9928 
v -7.80665 0.942151 -35.9928 
v -7.77929 0.922279 -35.9599 
v -7.88228 0.819265 -35.9599 
v -7.80665 0.942151 -35.9928 
v -7.74521 1.06278 -35.9928 
v -7.71311 1.0522 -35.9599 
v -7.77929 0.922279 -35.9599 
v -7.74521 1.06278 -35.9928 
v -7.72522 1.18252 -35.9991 
v -7.69182 1.17975 -35.9657 
v -7.71311 1.0522 -35.9599 
v -7.68111 1.88774 -35.9324 
v -7.65848 1.75239 -35.9324 
v -7.69188 1.74962 -35.9657 
v -7.7132 1.87716 -35.9657 
v -7.7453 1.86658 -35.9991 
v -7.80677 1.98719 -35.9991 
v -7.77941 2.00707 -35.9657 
v -7.7132 1.87716 -35.9657 
v -7.80677 1.98719 -35.9991 
v -7.9023 2.0827 -35.9991 
v -7.88243 2.11006 -35.9657 
v -7.77941 2.00707 -35.9657 
v -7.9023 2.0827 -35.9991 
v -8.02267 2.14402 -35.9991 
v -8.01222 2.17618 -35.9657 
v -7.88243 2.11006 -35.9657 
v -8.02267 2.14402 -35.9991 
v -8.1561 2.16514 -35.9991 
v -8.1561 2.19895 -35.9657 
v -8.01222 2.17618 -35.9657 
v -8.59255 1.74675 -35.9991 
v -8.59249 1.18242 -35.9991 
v -8.62589 1.17965 -35.9657 
v -8.62595 1.74951 -35.9657 
v -7.72522 1.18252 -35.9991 
v -7.72528 1.74684 -35.9991 
v -7.69188 1.74962 -35.9657 
v -8.45537 2.13736 -35.9324 
v -8.56584 2.02686 -35.9324 
v -8.56571 0.902316 -35.9269 
v -8.45522 0.791844 -35.9269 
v -8.31599 0.720926 -35.9269 
v -8.00161 0.720961 -35.9269 
v -7.8624 0.79191 -35.9269 
v -7.75193 0.902406 -35.9269 
v -7.75206 2.02695 -35.9324 
v -7.86255 2.13742 -35.9324 
v -8.59255 1.74675 -35.9991 
v -8.15605 1.75233 -35.9991 
v -8.15599 1.17693 -35.9991 
v -8.59249 1.18242 -35.9991 
v -7.72522 1.18252 -35.9991 
v -8.15599 1.17693 -35.9991 
v -8.15605 1.75233 -35.9991 
v -7.72528 1.74684 -35.9991 
v -8.29525 2.14399 -35.9991 
v -8.15605 1.75233 -35.9991 
v -8.41561 2.08265 -35.9991 
v -8.41561 2.08265 -35.9991 
v -8.15605 1.75233 -35.9991 
v -8.51112 1.98712 -35.9991 
v -8.51112 1.98712 -35.9991 
v -8.15605 1.75233 -35.9991 
v -8.57257 1.86649 -35.9991 
v -8.57257 1.86649 -35.9991 
v -8.15605 1.75233 -35.9991 
v -8.59255 1.74675 -35.9991 
v -8.59249 1.18242 -35.9991 
v -8.15599 1.17693 -35.9991 
v -8.57248 1.06269 -35.9928 
v -8.511 0.942073 -35.9928 
v -8.15599 1.17693 -35.9991 
v -8.41547 0.846563 -35.9928 
v -8.41547 0.846563 -35.9928 
v -8.15599 1.17693 -35.9991 
v -8.2951 0.785248 -35.9928 
v -8.2951 0.785248 -35.9928 
v -8.15599 1.17693 -35.9991 
v -8.15594 0.764131 -35.9928 
v -8.15594 0.764131 -35.9928 
v -8.15599 1.17693 -35.9991 
v -8.02252 0.785278 -35.9928 
v -8.02252 0.785278 -35.9928 
v -8.15599 1.17693 -35.9991 
v -7.90216 0.84662 -35.9928 
v -7.90216 0.84662 -35.9928 
v -8.15599 1.17693 -35.9991 
v -7.80665 0.942151 -35.9928 
v -7.80665 0.942151 -35.9928 
v -8.15599 1.17693 -35.9991 
v -7.74521 1.06278 -35.9928 
v -7.74521 1.06278 -35.9928 
v -8.15599 1.17693 -35.9991 
v -7.72522 1.18252 -35.9991 
v -7.72528 1.74684 -35.9991 
v -8.15605 1.75233 -35.9991 
v -7.7453 1.86658 -35.9991 
v -7.7453 1.86658 -35.9991 
v -8.15605 1.75233 -35.9991 
v -7.80677 1.98719 -35.9991 
v -7.80677 1.98719 -35.9991 
v -8.15605 1.75233 -35.9991 
v -7.9023 2.0827 -35.9991 
v -7.9023 2.0827 -35.9991 
v -8.15605 1.75233 -35.9991 
v -8.02267 2.14402 -35.9991 
v -8.02267 2.14402 -35.9991 
v -8.15605 1.75233 -35.9991 
v -8.1561 2.16514 -35.9991 
v -8.1561 2.16514 -35.9991 
v -8.15605 1.75233 -35.9991 
v -8.29525 2.14399 -35.9991 
v -8.1561 2.19895 -35.9657 
v -8.1561 2.16514 -35.9991 
v -8.29525 2.14399 -35.9991 
v -8.30571 2.17615 -35.9657 
v -8.43549 2.11 -35.9657 
v -8.45537 2.13736 -35.9324 
v -8.31616 2.20831 -35.9324 
v -8.30571 2.17615 -35.9657 
v -8.53848 2.00699 -35.9657 
v -8.56584 2.02686 -35.9324 
v -8.45537 2.13736 -35.9324 
v -8.43549 2.11 -35.9657 
v -8.60466 1.87706 -35.9657 
v -8.63676 1.88764 -35.9324 
v -8.56584 2.02686 -35.9324 
v -8.53848 2.00699 -35.9657 
v -8.62595 1.74951 -35.9657 
v -8.65935 1.75228 -35.9324 
v -8.63676 1.88764 -35.9324 
v -8.60466 1.87706 -35.9657 
v -8.62589 1.17965 -35.9657 
v -8.59249 1.18242 -35.9991 
v -8.57248 1.06269 -35.9928 
v -8.60457 1.05211 -35.9599 
v -8.53836 0.922194 -35.9599 
v -8.56571 0.902316 -35.9269 
v -8.63666 1.04152 -35.9269 
v -8.60457 1.05211 -35.9599 
v -8.43534 0.819203 -35.9599 
v -8.45522 0.791844 -35.9269 
v -8.56571 0.902316 -35.9269 
v -8.53836 0.922194 -35.9599 
v -8.30555 0.753087 -35.9599 
v -8.31599 0.720926 -35.9269 
v -8.45522 0.791844 -35.9269 
v -8.43534 0.819203 -35.9599 
v -8.15594 0.730316 -35.9599 
v -8.15593 0.696501 -35.9269 
v -8.31599 0.720926 -35.9269 
v -8.30555 0.753087 -35.9599 
v -8.01207 0.75312 -35.9599 
v -8.00161 0.720961 -35.9269 
v -8.15593 0.696501 -35.9269 
v -8.15594 0.730316 -35.9599 
v -7.88228 0.819265 -35.9599 
v -7.8624 0.79191 -35.9269 
v -8.00161 0.720961 -35.9269 
v -8.01207 0.75312 -35.9599 
v -7.77929 0.922279 -35.9599 
v -7.75193 0.902406 -35.9269 
v -7.8624 0.79191 -35.9269 
v -7.88228 0.819265 -35.9599 
v -7.71311 1.0522 -35.9599 
v -7.68102 1.04163 -35.9269 
v -7.75193 0.902406 -35.9269 
v -7.77929 0.922279 -35.9599 
v -7.69182 1.17975 -35.9657 
v -7.65842 1.17699 -35.9324 
v -7.68102 1.04163 -35.9269 
v -7.71311 1.0522 -35.9599 
v -7.69188 1.74962 -35.9657 
v -7.72528 1.74684 -35.9991 
v -7.7453 1.86658 -35.9991 
v -7.7132 1.87716 -35.9657 
v -7.77941 2.00707 -35.9657 
v -7.75206 2.02695 -35.9324 
v -7.68111 1.88774 -35.9324 
v -7.7132 1.87716 -35.9657 
v -7.88243 2.11006 -35.9657 
v -7.86255 2.13742 -35.9324 
v -7.75206 2.02695 -35.9324 
v -7.77941 2.00707 -35.9657 
v -8.01222 2.17618 -35.9657 
v -8.00178 2.20834 -35.9324 
v -7.86255 2.13742 -35.9324 
v -7.88243 2.11006 -35.9657 
v -8.1561 2.19895 -35.9657 
v -8.1561 2.23277 -35.9324 
v -8.00178 2.20834 -35.9324 
v -8.01222 2.17618 -35.9657 
v -8.62589 1.17965 -35.9657 
v -8.65929 1.17688 -35.9324 
v -8.65935 1.75228 -35.9324 
v -8.62595 1.74951 -35.9657 
v -7.69188 1.74962 -35.9657 
v -7.65842 1.17699 -35.9324 
v -7.69182 1.17975 -35.9657 
v -8.15599 1.17693 -35.9991 
v -8.511 0.942073 -35.9928 
v -8.57248 1.06269 -35.9928 
v -8.56571 0.902315 -35.0711 
v -8.45522 0.791844 -35.0711 
v -8.15593 0.696501 -35.0711 
v -8.15594 0.730316 -35.0382 
v -8.01207 0.75312 -35.0382 
v -7.8624 0.79191 -35.0711 
v -7.75193 0.902406 -35.0711 
v -8.63666 1.04152 -35.9269 
v -8.30555 0.753087 -35.9599 
v -8.01207 0.75312 -35.9599 
v -8.56571 0.902316 -35.9269 
v -8.56571 0.902315 -35.0711 
v -8.56571 0.902316 -35.9269 
v -8.45522 0.791844 -35.9269 
v -8.45522 0.791844 -35.0711 
v -8.45522 0.791844 -35.0711 
v -8.45522 0.791844 -35.9269 
v -8.31599 0.720926 -35.9269 
v -8.31599 0.720926 -35.0711 
v -8.31599 0.720926 -35.0711 
v -8.31599 0.720926 -35.9269 
v -8.15593 0.696501 -35.9269 
v -8.15593 0.696501 -35.0711 
v -8.15593 0.696501 -35.0711 
v -8.15593 0.696501 -35.9269 
v -8.00161 0.720961 -35.9269 
v -8.00161 0.720961 -35.0711 
v -8.00161 0.720961 -35.0711 
v -8.00161 0.720961 -35.9269 
v -7.8624 0.79191 -35.9269 
v -7.8624 0.79191 -35.0711 
v -7.8624 0.79191 -35.0711 
v -7.75193 0.902406 -35.0711 
v -7.68102 1.04163 -35.0711 
v -7.71311 1.0522 -35.0382 
v -7.69182 1.17975 -35.0323 
v -7.75206 2.02695 -35.0657 
v -7.7132 1.87716 -35.0323 
v -7.69188 1.74962 -35.0323 
v -7.86255 2.13742 -35.0657 
v -7.71311 1.0522 -35.9599 
v -7.69182 1.17975 -35.9657 
v -7.68111 1.88774 -35.9324 
v -7.69188 1.74962 -35.9657 
v -7.7132 1.87716 -35.9657 
v -7.72528 1.74684 -34.9989 
v -7.72522 1.18252 -34.9989 
v -7.69182 1.17975 -35.0323 
v -7.72522 1.18252 -35.9991 
v -7.69188 1.74962 -35.9657 
v -7.69182 1.17975 -35.9657 
v -7.8624 0.79191 -35.9269 
v -7.8624 0.79191 -35.0711 
v -7.8624 0.79191 -35.9269 
v -7.75193 0.902406 -35.9269 
v -7.75193 0.902406 -35.0711 
v -7.75193 0.902406 -35.0711 
v -7.75193 0.902406 -35.9269 
v -7.68102 1.04163 -35.9269 
v -7.68102 1.04163 -35.0711 
v -7.68111 1.88774 -35.0657 
v -7.68111 1.88774 -35.9324 
v -7.75206 2.02695 -35.9324 
v -7.75206 2.02695 -35.0657 
v -7.86255 2.13742 -35.9324 
v -7.65842 1.17699 -35.0657 
v -7.65842 1.17699 -35.9324 
v -7.65848 1.75239 -35.9324 
v -7.65848 1.75239 -35.0657 
v -7.68102 1.04163 -35.0711 
v -7.68102 1.04163 -35.9269 
v -7.65842 1.17699 -35.9324 
v -7.65842 1.17699 -35.0657 
v -7.65848 1.75239 -35.0657 
v -7.65848 1.75239 -35.9324 
v -7.68111 1.88774 -35.9324 
v -7.68111 1.88774 -35.0657 
v -7.69182 1.17975 -35.0323 
v -7.65842 1.17699 -35.0657 
v -7.65848 1.75239 -35.0657 
v -7.69188 1.74962 -35.0323 
v -7.69188 1.74962 -35.9657 
v -7.65848 1.75239 -35.9324 
v -7.65842 1.17699 -35.9324 

vn -0.212598 0.669291 0.708661 
vn -0.409449 0.566929 0.708661 
vn -0.409449 0.566929 0.708661 
vn -0.212598 0.669291 0.708661 
vn -0.212598 0.669291 0.708661 
vn 0 0.700787 0.708661 
vn 0 0.700787 0.708661 
vn -0.212598 0.669291 0.708661 
vn -0.409449 0.566929 0.708661 
vn -0.566929 0.409449 0.708661 
vn -0.566929 0.409449 0.708661 
vn -0.409449 0.566929 0.708661 
vn -0.566929 0.409449 0.708661 
vn -0.669291 0.220472 0.708661 
vn -0.669291 0.220472 0.708661 
vn -0.566929 0.409449 0.708661 
vn -0.669291 0.220472 0.708661 
vn -0.700787 0.0551181 0.708661 
vn -0.700787 0.0551181 0.708661 
vn -0.669291 0.220472 0.708661 
vn -0.661417 -0.23622 0.716535 
vn -0.566929 -0.409449 0.716535 
vn -0.566929 -0.409449 0.716535 
vn -0.661417 -0.23622 0.716535 
vn -0.661417 -0.23622 0.716535 
vn -0.700787 -0.0708661 0.708661 
vn -0.700787 -0.0708661 0.708661 
vn -0.661417 -0.23622 0.716535 
vn -0.566929 -0.409449 0.716535 
vn -0.409449 -0.566929 0.716535 
vn -0.409449 -0.566929 0.716535 
vn -0.566929 -0.409449 0.716535 
vn -0.409449 -0.566929 0.716535 
vn -0.212598 -0.661417 0.716535 
vn -0.212598 -0.661417 0.716535 
vn -0.409449 -0.566929 0.716535 
vn -0.212598 -0.661417 0.716535 
vn 0 -0.700787 0.716535 
vn 0 -0.700787 0.716535 
vn -0.212598 -0.661417 0.716535 
vn 0 -0.700787 0.716535 
vn 0.212598 -0.661417 0.716535 
vn 0.212598 -0.661417 0.716535 
vn 0 -0.700787 0.716535 
vn 0.212598 -0.661417 0.716535 
vn 0.409449 -0.566929 0.716535 
vn 0.409449 -0.566929 0.716535 
vn 0.212598 -0.661417 0.716535 
vn 0.409449 -0.566929 0.716535 
vn 0.566929 -0.409449 0.716535 
vn 0.566929 -0.409449 0.716535 
vn 0.409449 -0.566929 0.716535 
vn 0.566929 -0.409449 0.716535 
vn 0.661417 -0.23622 0.716535 
vn 0.661417 -0.23622 0.716535 
vn 0.566929 -0.409449 0.716535 
vn 0.661417 -0.23622 0.716535 
vn 0.700787 -0.0708661 0.708661 
vn 0.700787 -0.0708661 0.708661 
vn 0.661417 -0.23622 0.716535 
vn 0.669291 0.220472 0.708661 
vn 0.566929 0.409449 0.708661 
vn 0.566929 0.409449 0.708661 
vn 0.669291 0.220472 0.708661 
vn 0.669291 0.220472 0.708661 
vn 0.700787 0.0551181 0.708661 
vn 0.700787 0.0551181 0.708661 
vn 0.669291 0.220472 0.708661 
vn 0.566929 0.409449 0.708661 
vn 0.409449 0.566929 0.708661 
vn 0.409449 0.566929 0.708661 
vn 0.566929 0.409449 0.708661 
vn 0.409449 0.566929 0.708661 
vn 0.220472 0.669291 0.708661 
vn 0.220472 0.669291 0.708661 
vn 0.409449 0.566929 0.708661 
vn 0.220472 0.669291 0.708661 
vn 0 0.700787 0.708661 
vn 0 0.700787 0.708661 
vn 0.220472 0.669291 0.708661 
vn -0.700787 -0.0708661 0.708661 
vn -0.700787 0.0551181 0.708661 
vn -0.700787 0.0551181 0.708661 
vn 0.700787 0.0551181 0.708661 
vn 0.700787 -0.0708661 0.708661 
vn 0.700787 0.0551181 0.708661 
vn 0 -0.023622 1 
vn 0 -0.00787402 1 
vn 0 0 1 
vn 0 0 1 
vn 0 0 1 
vn 0 0 1 
vn 0 -0.00787402 1 
vn 0 -0.023622 1 
vn 0 0 1 
vn 0 0 1 
vn 0 0 1 
vn 0 0 1 
vn 0 0 1 
vn 0 0 1 
vn 0 0 1 
vn 0 0 1 
vn 0 0 1 
vn 0 0 1 
vn 0 0 1 
vn 0 0 1 
vn -0.00787402 -0.0314961 1 
vn 0 -0.00787402 1 
vn 0 -0.023622 1 
vn -0.015748 -0.00787402 1 
vn 0 -0.00787402 1 
vn -0.00787402 -0.0314961 1 
vn -0.00787402 -0.015748 1 
vn 0 -0.00787402 1 
vn -0.015748 -0.00787402 1 
vn -0.00787402 -0.015748 1 
vn 0 -0.00787402 1 
vn -0.00787402 -0.015748 1 
vn 0 -0.015748 1 
vn 0 -0.00787402 1 
vn -0.00787402 -0.015748 1 
vn 0.00787402 -0.015748 1 
vn 0 -0.00787402 1 
vn 0 -0.015748 1 
vn 0.00787402 -0.015748 1 
vn 0 -0.00787402 1 
vn 0.00787402 -0.015748 1 
vn 0.015748 -0.00787402 1 
vn 0 -0.00787402 1 
vn 0.00787402 -0.015748 1 
vn 0.00787402 -0.0314961 1 
vn 0 -0.00787402 1 
vn 0.015748 -0.00787402 1 
vn 0 -0.023622 1 
vn 0 -0.00787402 1 
vn 0.00787402 -0.0314961 1 
vn 0 0 1 
vn 0 0 1 
vn 0 0 1 
vn 0 0 1 
vn 0 0 1 
vn 0 0 1 
vn 0 0 1 
vn 0 0 1 
vn 0 0 1 
vn 0 0 1 
vn 0 0 1 
vn 0 0 1 
vn 0 0 1 
vn 0 0 1 
vn 0 0 1 
vn 0 0 1 
vn 0 0 1 
vn 0 0 1 
vn -0.409449 0.566929 0.708661 
vn -0.409449 0.566929 0.708661 
vn -0.212598 0.669291 0.708661 
vn -0.212598 0.669291 0.708661 
vn 0 0.700787 0.708661 
vn 0 0.700787 0.708661 
vn -0.212598 0.669291 0.708661 
vn -0.212598 0.669291 0.708661 
vn -0.566929 0.409449 0.708661 
vn -0.566929 0.409449 0.708661 
vn -0.409449 0.566929 0.708661 
vn -0.409449 0.566929 0.708661 
vn -0.669291 0.220472 0.708661 
vn -0.669291 0.220472 0.708661 
vn -0.566929 0.409449 0.708661 
vn -0.566929 0.409449 0.708661 
vn -0.700787 0.0551181 0.708661 
vn -0.700787 0.0551181 0.708661 
vn -0.669291 0.220472 0.708661 
vn -0.669291 0.220472 0.708661 
vn -0.566929 -0.409449 0.716535 
vn -0.566929 -0.409449 0.716535 
vn -0.661417 -0.23622 0.716535 
vn -0.661417 -0.23622 0.716535 
vn -0.700787 -0.0708661 0.708661 
vn -0.700787 -0.0708661 0.708661 
vn -0.661417 -0.23622 0.716535 
vn -0.661417 -0.23622 0.716535 
vn -0.409449 -0.566929 0.716535 
vn -0.409449 -0.566929 0.716535 
vn -0.566929 -0.409449 0.716535 
vn -0.566929 -0.409449 0.716535 
vn -0.212598 -0.661417 0.716535 
vn -0.212598 -0.661417 0.716535 
vn -0.409449 -0.566929 0.716535 
vn -0.409449 -0.566929 0.716535 
vn 0 -0.700787 0.716535 
vn 0 -0.700787 0.716535 
vn -0.212598 -0.661417 0.716535 
vn -0.212598 -0.661417 0.716535 
vn 0.212598 -0.661417 0.716535 
vn 0.212598 -0.661417 0.716535 
vn 0 -0.700787 0.716535 
vn 0 -0.700787 0.716535 
vn 0.409449 -0.566929 0.716535 
vn 0.409449 -0.566929 0.716535 
vn 0.212598 -0.661417 0.716535 
vn 0.212598 -0.661417 0.716535 
vn 0.566929 -0.409449 0.716535 
vn 0.566929 -0.409449 0.716535 
vn 0.409449 -0.566929 0.716535 
vn 0.409449 -0.566929 0.716535 
vn 0.661417 -0.23622 0.716535 
vn 0.661417 -0.23622 0.716535 
vn 0.566929 -0.409449 0.716535 
vn 0.566929 -0.409449 0.716535 
vn 0.700787 -0.0708661 0.708661 
vn 0.700787 -0.0708661 0.708661 
vn 0.661417 -0.23622 0.716535 
vn 0.661417 -0.23622 0.716535 
vn 0.566929 0.409449 0.708661 
vn 0.566929 0.409449 0.708661 
vn 0.669291 0.220472 0.708661 
vn 0.669291 0.220472 0.708661 
vn 0.700787 0.0551181 0.708661 
vn 0.700787 0.0551181 0.708661 
vn 0.669291 0.220472 0.708661 
vn 0.669291 0.220472 0.708661 
vn 0.409449 0.566929 0.708661 
vn 0.409449 0.566929 0.708661 
vn 0.566929 0.409449 0.708661 
vn 0.566929 0.409449 0.708661 
vn 0.220472 0.669291 0.708661 
vn 0.220472 0.669291 0.708661 
vn 0.409449 0.566929 0.708661 
vn 0.409449 0.566929 0.708661 
vn 0 0.700787 0.708661 
vn 0 0.700787 0.708661 
vn 0.220472 0.669291 0.708661 
vn 0.220472 0.669291 0.708661 
vn -0.700787 0.0551181 0.708661 
vn -0.700787 0.0551181 0.708661 
vn -0.700787 -0.0708661 0.708661 
vn -0.212598 0.669291 0.708661 
vn -0.409449 0.566929 0.708661 
vn -0.212598 0.669291 0.708661 
vn -0.669291 0.220472 0.708661 
vn 0.566929 0.409449 0.708661 
vn 0.409449 0.566929 0.708661 
vn 0.220472 0.669291 0.708661 
vn 0.220472 0.669291 0.708661 
vn 0 0.700787 -0.708661 
vn 0 0.700787 -0.708661 
vn 0.220472 0.669291 -0.708661 
vn -0.307087 0.952756 0 
vn -0.307087 0.952756 0 
vn -0.590551 0.811024 0 
vn -0.590551 0.811024 0 
vn -0.811024 0.590551 0 
vn 0.811024 0.590551 0 
vn 0.811024 0.590551 0 
vn 0.811024 0.590551 0 
vn 0.590551 0.811024 0 
vn 0.590551 0.811024 0 
vn 0.590551 0.811024 0 
vn 0.590551 0.811024 0 
vn 0.307087 0.952756 0 
vn 0.307087 0.952756 0 
vn 0.307087 0.952756 0 
vn 0.307087 0.952756 0 
vn 0 1 0 
vn 0 1 0 
vn 0 1 0 
vn 0 1 0 
vn -0.307087 0.952756 0 
vn -0.307087 0.952756 0 
vn -0.409449 0.566929 0.708661 
vn -0.566929 0.409449 0.708661 
vn -0.669291 0.220472 0.708661 
vn -0.669291 0.220472 0.708661 
vn -0.700787 0.0551181 0.708661 
vn -0.566929 -0.409449 0.716535 
vn -0.661417 -0.23622 0.716535 
vn -0.700787 -0.0708661 0.708661 
vn -0.409449 -0.566929 0.716535 
vn -0.669291 0.220472 -0.708661 
vn -0.700787 0.0551181 -0.708661 
vn -0.700787 0.0551181 -0.708661 
vn -0.661417 -0.23622 -0.716535 
vn -0.700787 -0.0708661 -0.708661 
vn -0.661417 -0.23622 -0.716535 
vn -0.700787 -0.0708661 0.708661 
vn -0.700787 0.0551181 0.708661 
vn -0.700787 -0.0708661 0.708661 
vn -0.590551 0.811024 0 
vn -0.590551 0.811024 0 
vn -0.590551 0.811024 0 
vn -0.811024 0.590551 0 
vn -0.811024 0.590551 0 
vn -0.811024 0.590551 0 
vn -0.811024 0.590551 0 
vn -0.952756 0.314961 0 
vn -0.952756 0.314961 0 
vn -0.952756 -0.314961 0 
vn -0.952756 -0.314961 0 
vn -0.811024 -0.590551 0 
vn -0.811024 -0.590551 0 
vn -0.590551 -0.811024 0 
vn -1 0.0787402 0 
vn -1 0.0787402 0 
vn -1 -0.0787402 0 
vn -1 -0.0787402 0 
vn -0.952756 0.314961 0 
vn -0.952756 0.314961 0 
vn -1 0.0787402 0 
vn -1 0.0787402 0 
vn -1 -0.0787402 0 
vn -1 -0.0787402 0 
vn -0.952756 -0.314961 0 
vn -0.952756 -0.314961 0 
vn -0.700787 0.0551181 0.708661 
vn -0.700787 -0.0708661 0.708661 
vn -0.700787 -0.0708661 0.708661 
vn -0.212598 0.669291 -0.708661 
vn 0 0.700787 -0.708661 
vn 0 0.700787 -0.708661 
vn -0.212598 0.669291 -0.708661 
vn -0.212598 0.669291 -0.708661 
vn -0.409449 0.566929 -0.708661 
vn -0.409449 0.566929 -0.708661 
vn -0.212598 0.669291 -0.708661 
vn -0.409449 0.566929 -0.708661 
vn -0.566929 0.409449 -0.708661 
vn -0.566929 0.409449 -0.708661 
vn -0.409449 0.566929 -0.708661 
vn -0.566929 0.409449 -0.708661 
vn -0.669291 0.220472 -0.708661 
vn -0.669291 0.220472 -0.708661 
vn -0.566929 0.409449 -0.708661 
vn -0.669291 0.220472 -0.708661 
vn -0.700787 0.0551181 -0.708661 
vn -0.700787 0.0551181 -0.708661 
vn -0.669291 0.220472 -0.708661 
vn -0.661417 -0.23622 -0.716535 
vn -0.700787 -0.0708661 -0.708661 
vn -0.700787 -0.0708661 -0.708661 
vn -0.661417 -0.23622 -0.716535 
vn -0.661417 -0.23622 -0.716535 
vn -0.566929 -0.409449 -0.716535 
vn -0.566929 -0.409449 -0.716535 
vn -0.661417 -0.23622 -0.716535 
vn -0.566929 -0.409449 -0.716535 
vn -0.409449 -0.566929 -0.716535 
vn -0.409449 -0.566929 -0.716535 
vn -0.566929 -0.409449 -0.716535 
vn -0.409449 -0.566929 -0.716535 
vn -0.212598 -0.661417 -0.716535 
vn -0.212598 -0.661417 -0.716535 
vn -0.409449 -0.566929 -0.716535 
vn -0.212598 -0.661417 -0.716535 
vn 0 -0.700787 -0.716535 
vn 0 -0.700787 -0.716535 
vn -0.212598 -0.661417 -0.716535 
vn 0 -0.700787 -0.716535 
vn 0.212598 -0.661417 -0.716535 
vn 0.212598 -0.661417 -0.716535 
vn 0 -0.700787 -0.716535 
vn 0.212598 -0.661417 -0.716535 
vn 0.409449 -0.566929 -0.716535 
vn 0.409449 -0.566929 -0.716535 
vn 0.212598 -0.661417 -0.716535 
vn 0.409449 -0.566929 -0.716535 
vn 0.566929 -0.409449 -0.716535 
vn 0.566929 -0.409449 -0.716535 
vn 0.409449 -0.566929 -0.716535 
vn 0.566929 -0.409449 -0.716535 
vn 0.661417 -0.23622 -0.716535 
vn 0.661417 -0.23622 -0.716535 
vn 0.566929 -0.409449 -0.716535 
vn 0.661417 -0.23622 -0.716535 
vn 0.700787 -0.0708661 -0.708661 
vn 0.700787 -0.0708661 -0.708661 
vn 0.661417 -0.23622 -0.716535 
vn 0.669291 0.220472 -0.708661 
vn 0.700787 0.0551181 -0.708661 
vn 0.700787 0.0551181 -0.708661 
vn 0.669291 0.220472 -0.708661 
vn 0.669291 0.220472 -0.708661 
vn 0.566929 0.409449 -0.708661 
vn 0.566929 0.409449 -0.708661 
vn 0.669291 0.220472 -0.708661 
vn 0.566929 0.409449 -0.708661 
vn 0.409449 0.566929 -0.708661 
vn 0.409449 0.566929 -0.708661 
vn 0.566929 0.409449 -0.708661 
vn 0.409449 0.566929 -0.708661 
vn 0.220472 0.669291 -0.708661 
vn 0.220472 0.669291 -0.708661 
vn 0.409449 0.566929 -0.708661 
vn 0.220472 0.669291 -0.708661 
vn 0 0.700787 -0.708661 
vn 0 0.700787 -0.708661 
vn 0.220472 0.669291 -0.708661 
vn -0.700787 0.0551181 -0.708661 
vn -0.700787 -0.0708661 -0.708661 
vn -0.700787 -0.0708661 -0.708661 
vn -0.700787 0.0551181 -0.708661 
vn 0.700787 -0.0708661 -0.708661 
vn 0.700787 0.0551181 -0.708661 
vn 0.700787 0.0551181 -0.708661 
vn -0.590551 0.811024 0 
vn -0.811024 0.590551 0 
vn -0.811024 -0.590551 0 
vn -0.590551 -0.811024 0 
vn -0.307087 -0.952756 0 
vn 0.307087 -0.952756 0 
vn 0.590551 -0.811024 0 
vn 0.811024 -0.590551 0 
vn 0.811024 0.590551 0 
vn 0.590551 0.811024 0 
vn 0 0 -1 
vn 0 0 -1 
vn 0 -0.00787402 -1 
vn 0 -0.023622 -1 
vn 0 -0.023622 -1 
vn 0 -0.00787402 -1 
vn 0 0 -1 
vn 0 0 -1 
vn 0 0 -1 
vn 0 0 -1 
vn 0 0 -1 
vn 0 0 -1 
vn 0 0 -1 
vn 0 0 -1 
vn 0 0 -1 
vn 0 0 -1 
vn 0 0 -1 
vn 0 0 -1 
vn 0 0 -1 
vn 0 0 -1 
vn 0 -0.023622 -1 
vn 0 -0.00787402 -1 
vn -0.00787402 -0.0314961 -1 
vn -0.015748 -0.00787402 -1 
vn 0 -0.00787402 -1 
vn -0.00787402 -0.015748 -1 
vn -0.00787402 -0.015748 -1 
vn 0 -0.00787402 -1 
vn -0.00787402 -0.015748 -1 
vn -0.00787402 -0.015748 -1 
vn 0 -0.00787402 -1 
vn 0 -0.015748 -1 
vn 0 -0.015748 -1 
vn 0 -0.00787402 -1 
vn 0.00787402 -0.015748 -1 
vn 0.00787402 -0.015748 -1 
vn 0 -0.00787402 -1 
vn 0.00787402 -0.015748 -1 
vn 0.00787402 -0.015748 -1 
vn 0 -0.00787402 -1 
vn 0.015748 -0.00787402 -1 
vn 0.015748 -0.00787402 -1 
vn 0 -0.00787402 -1 
vn 0.00787402 -0.0314961 -1 
vn 0.00787402 -0.0314961 -1 
vn 0 -0.00787402 -1 
vn 0 -0.023622 -1 
vn 0 0 -1 
vn 0 0 -1 
vn 0 0 -1 
vn 0 0 -1 
vn 0 0 -1 
vn 0 0 -1 
vn 0 0 -1 
vn 0 0 -1 
vn 0 0 -1 
vn 0 0 -1 
vn 0 0 -1 
vn 0 0 -1 
vn 0 0 -1 
vn 0 0 -1 
vn 0 0 -1 
vn 0 0 -1 
vn 0 0 -1 
vn 0 0 -1 
vn 0 0.700787 -0.708661 
vn 0 0.700787 -0.708661 
vn -0.212598 0.669291 -0.708661 
vn -0.212598 0.669291 -0.708661 
vn -0.409449 0.566929 -0.708661 
vn -0.409449 0.566929 -0.708661 
vn -0.212598 0.669291 -0.708661 
vn -0.212598 0.669291 -0.708661 
vn -0.566929 0.409449 -0.708661 
vn -0.566929 0.409449 -0.708661 
vn -0.409449 0.566929 -0.708661 
vn -0.409449 0.566929 -0.708661 
vn -0.669291 0.220472 -0.708661 
vn -0.669291 0.220472 -0.708661 
vn -0.566929 0.409449 -0.708661 
vn -0.566929 0.409449 -0.708661 
vn -0.700787 0.0551181 -0.708661 
vn -0.700787 0.0551181 -0.708661 
vn -0.669291 0.220472 -0.708661 
vn -0.669291 0.220472 -0.708661 
vn -0.700787 -0.0708661 -0.708661 
vn -0.700787 -0.0708661 -0.708661 
vn -0.661417 -0.23622 -0.716535 
vn -0.661417 -0.23622 -0.716535 
vn -0.566929 -0.409449 -0.716535 
vn -0.566929 -0.409449 -0.716535 
vn -0.661417 -0.23622 -0.716535 
vn -0.661417 -0.23622 -0.716535 
vn -0.409449 -0.566929 -0.716535 
vn -0.409449 -0.566929 -0.716535 
vn -0.566929 -0.409449 -0.716535 
vn -0.566929 -0.409449 -0.716535 
vn -0.212598 -0.661417 -0.716535 
vn -0.212598 -0.661417 -0.716535 
vn -0.409449 -0.566929 -0.716535 
vn -0.409449 -0.566929 -0.716535 
vn 0 -0.700787 -0.716535 
vn 0 -0.700787 -0.716535 
vn -0.212598 -0.661417 -0.716535 
vn -0.212598 -0.661417 -0.716535 
vn 0.212598 -0.661417 -0.716535 
vn 0.212598 -0.661417 -0.716535 
vn 0 -0.700787 -0.716535 
vn 0 -0.700787 -0.716535 
vn 0.409449 -0.566929 -0.716535 
vn 0.409449 -0.566929 -0.716535 
vn 0.212598 -0.661417 -0.716535 
vn 0.212598 -0.661417 -0.716535 
vn 0.566929 -0.409449 -0.716535 
vn 0.566929 -0.409449 -0.716535 
vn 0.409449 -0.566929 -0.716535 
vn 0.409449 -0.566929 -0.716535 
vn 0.661417 -0.23622 -0.716535 
vn 0.661417 -0.23622 -0.716535 
vn 0.566929 -0.409449 -0.716535 
vn 0.566929 -0.409449 -0.716535 
vn 0.700787 -0.0708661 -0.708661 
vn 0.700787 -0.0708661 -0.708661 
vn 0.661417 -0.23622 -0.716535 
vn 0.661417 -0.23622 -0.716535 
vn 0.700787 0.0551181 -0.708661 
vn 0.700787 0.0551181 -0.708661 
vn 0.669291 0.220472 -0.708661 
vn 0.669291 0.220472 -0.708661 
vn 0.566929 0.409449 -0.708661 
vn 0.566929 0.409449 -0.708661 
vn 0.669291 0.220472 -0.708661 
vn 0.669291 0.220472 -0.708661 
vn 0.409449 0.566929 -0.708661 
vn 0.409449 0.566929 -0.708661 
vn 0.566929 0.409449 -0.708661 
vn 0.566929 0.409449 -0.708661 
vn 0.220472 0.669291 -0.708661 
vn 0.220472 0.669291 -0.708661 
vn 0.409449 0.566929 -0.708661 
vn 0.409449 0.566929 -0.708661 
vn 0 0.700787 -0.708661 
vn 0 0.700787 -0.708661 
vn 0.220472 0.669291 -0.708661 
vn 0.220472 0.669291 -0.708661 
vn -0.700787 -0.0708661 -0.708661 
vn -0.700787 -0.0708661 -0.708661 
vn -0.700787 0.0551181 -0.708661 
vn -0.700787 0.0551181 -0.708661 
vn 0.700787 0.0551181 -0.708661 
vn 0.700787 -0.0708661 -0.708661 
vn 0.700787 -0.0708661 -0.708661 
vn -0.015748 -0.00787402 -1 
vn -0.015748 -0.00787402 -1 
vn -0.015748 -0.00787402 -1 
vn -0.566929 -0.409449 0.716535 
vn -0.409449 -0.566929 0.716535 
vn 0 -0.700787 0.716535 
vn 0 -0.700787 0.716535 
vn 0.212598 -0.661417 0.716535 
vn 0.409449 -0.566929 0.716535 
vn 0.566929 -0.409449 0.716535 
vn -0.661417 -0.23622 -0.716535 
vn -0.212598 -0.661417 -0.716535 
vn 0.212598 -0.661417 -0.716535 
vn -0.811024 -0.590551 0 
vn -0.811024 -0.590551 0 
vn -0.811024 -0.590551 0 
vn -0.590551 -0.811024 0 
vn -0.590551 -0.811024 0 
vn -0.590551 -0.811024 0 
vn -0.590551 -0.811024 0 
vn -0.307087 -0.952756 0 
vn -0.307087 -0.952756 0 
vn -0.307087 -0.952756 0 
vn -0.307087 -0.952756 0 
vn 0 -1 0 
vn 0 -1 0 
vn 0 -1 0 
vn 0 -1 0 
vn 0.307087 -0.952756 0 
vn 0.307087 -0.952756 0 
vn 0.307087 -0.952756 0 
vn 0.307087 -0.952756 0 
vn 0.590551 -0.811024 0 
vn 0.590551 -0.811024 0 
vn 0.409449 -0.566929 0.716535 
vn 0.566929 -0.409449 0.716535 
vn 0.661417 -0.23622 0.716535 
vn 0.661417 -0.23622 0.716535 
vn 0.700787 -0.0708661 0.708661 
vn 0.566929 0.409449 0.708661 
vn 0.669291 0.220472 0.708661 
vn 0.700787 0.0551181 0.708661 
vn 0.409449 0.566929 0.708661 
vn 0.661417 -0.23622 -0.716535 
vn 0.700787 -0.0708661 -0.708661 
vn 0.669291 0.220472 -0.708661 
vn 0.700787 0.0551181 -0.708661 
vn 0.669291 0.220472 -0.708661 
vn 0.700787 0.0551181 0.708661 
vn 0.700787 -0.0708661 0.708661 
vn 0.700787 -0.0708661 0.708661 
vn 0.700787 -0.0708661 -0.708661 
vn 0.700787 0.0551181 -0.708661 
vn 0.700787 -0.0708661 -0.708661 
vn 0.590551 -0.811024 0 
vn 0.590551 -0.811024 0 
vn 0.590551 -0.811024 0 
vn 0.811024 -0.590551 0 
vn 0.811024 -0.590551 0 
vn 0.811024 -0.590551 0 
vn 0.811024 -0.590551 0 
vn 0.952756 -0.314961 0 
vn 0.952756 -0.314961 0 
vn 0.952756 0.314961 0 
vn 0.952756 0.314961 0 
vn 0.811024 0.590551 0 
vn 0.811024 0.590551 0 
vn 0.590551 0.811024 0 
vn 1 -0.0787402 0 
vn 1 -0.0787402 0 
vn 1 0.0866142 0 
vn 1 0.0866142 0 
vn 0.952756 -0.314961 0 
vn 0.952756 -0.314961 0 
vn 1 -0.0787402 0 
vn 1 -0.0787402 0 
vn 1 0.0866142 0 
vn 1 0.0866142 0 
vn 0.952756 0.314961 0 
vn 0.952756 0.314961 0 
vn 0.700787 -0.0708661 0.708661 
vn 0.700787 -0.0708661 0.708661 
vn 0.700787 0.0551181 0.708661 
vn 0.700787 0.0551181 0.708661 
vn 0.700787 0.0551181 -0.708661 
vn 0.700787 0.0551181 -0.708661 
vn 0.700787 -0.0708661 -0.708661 

vt -1.17931 0.413103 
vt -1.19671 0.404235 
vt -1.19422 0.400815 
vt -1.178 0.409084 
vt -1.1767 0.405064 
vt -1.1593 0.407707 
vt -1.1593 0.411934 
vt -1.178 0.409084 
vt -1.19671 0.404235 
vt -1.21052 0.390423 
vt -1.2071 0.387939 
vt -1.19422 0.400815 
vt -1.21052 0.390423 
vt -1.21938 0.37302 
vt -1.21537 0.371698 
vt -1.2071 0.387939 
vt -1.21938 0.37302 
vt -1.22221 0.3561 
vt -1.21803 0.355754 
vt -1.21537 0.371698 
vt -1.21937 0.267256 
vt -1.2105 0.249855 
vt -1.20708 0.252339 
vt -1.21536 0.268578 
vt -1.21135 0.269901 
vt -1.21385 0.284868 
vt -1.21802 0.284521 
vt -1.21536 0.268578 
vt -1.2105 0.249855 
vt -1.19669 0.236046 
vt -1.19421 0.239466 
vt -1.20708 0.252339 
vt -1.19669 0.236046 
vt -1.17929 0.227181 
vt -1.17798 0.231201 
vt -1.19421 0.239466 
vt -1.17929 0.227181 
vt -1.15928 0.224128 
vt -1.15928 0.228355 
vt -1.17798 0.231201 
vt -1.15928 0.224128 
vt -1.13999 0.227185 
vt -1.1413 0.231205 
vt -1.15928 0.228355 
vt -1.13999 0.227185 
vt -1.12259 0.236054 
vt -1.12507 0.239473 
vt -1.1413 0.231205 
vt -1.12259 0.236054 
vt -1.10878 0.249866 
vt -1.1122 0.25235 
vt -1.12507 0.239473 
vt -1.10878 0.249866 
vt -1.09992 0.267269 
vt -1.10393 0.268591 
vt -1.1122 0.25235 
vt -1.09992 0.267269 
vt -1.09709 0.284189 
vt -1.10127 0.284534 
vt -1.10393 0.268591 
vt -1.09993 0.373033 
vt -1.1088 0.390434 
vt -1.11222 0.387949 
vt -1.10394 0.37171 
vt -1.10795 0.370388 
vt -1.10545 0.35542 
vt -1.10127 0.355767 
vt -1.10394 0.37171 
vt -1.1088 0.390434 
vt -1.12261 0.404243 
vt -1.12509 0.400823 
vt -1.11222 0.387949 
vt -1.12261 0.404243 
vt -1.14001 0.413108 
vt -1.14132 0.409088 
vt -1.12509 0.400823 
vt -1.14001 0.413108 
vt -1.1593 0.416161 
vt -1.1593 0.411934 
vt -1.14132 0.409088 
vt -1.21385 0.284868 
vt -1.21386 0.355408 
vt -1.21803 0.355754 
vt -1.10545 0.35542 
vt -1.10127 0.284534 
vt -1.10127 0.355767 
vt -1.21385 0.284868 
vt -1.15929 0.284182 
vt -1.1593 0.356107 
vt -1.21386 0.355408 
vt -1.10545 0.35542 
vt -1.1593 0.356107 
vt -1.15929 0.284182 
vt -1.10544 0.28488 
vt -1.19174 0.397396 
vt -1.1593 0.356107 
vt -1.1767 0.405064 
vt -1.20368 0.385455 
vt -1.1593 0.356107 
vt -1.19174 0.397396 
vt -1.21136 0.370376 
vt -1.1593 0.356107 
vt -1.20368 0.385455 
vt -1.21386 0.355408 
vt -1.1593 0.356107 
vt -1.21136 0.370376 
vt -1.21135 0.269901 
vt -1.15929 0.284182 
vt -1.21385 0.284868 
vt -1.20366 0.254824 
vt -1.15929 0.284182 
vt -1.21135 0.269901 
vt -1.19172 0.242885 
vt -1.15929 0.284182 
vt -1.20366 0.254824 
vt -1.17668 0.235221 
vt -1.15929 0.284182 
vt -1.19172 0.242885 
vt -1.15928 0.232581 
vt -1.15929 0.284182 
vt -1.17668 0.235221 
vt -1.1426 0.235225 
vt -1.15929 0.284182 
vt -1.15928 0.232581 
vt -1.12756 0.242893 
vt -1.15929 0.284182 
vt -1.1426 0.235225 
vt -1.11562 0.254834 
vt -1.15929 0.284182 
vt -1.12756 0.242893 
vt -1.10794 0.269912 
vt -1.15929 0.284182 
vt -1.11562 0.254834 
vt -1.10544 0.28488 
vt -1.15929 0.284182 
vt -1.10794 0.269912 
vt -1.10795 0.370388 
vt -1.1593 0.356107 
vt -1.10545 0.35542 
vt -1.11564 0.385464 
vt -1.1593 0.356107 
vt -1.10795 0.370388 
vt -1.12758 0.397403 
vt -1.1593 0.356107 
vt -1.11564 0.385464 
vt -1.14262 0.405067 
vt -1.1593 0.356107 
vt -1.12758 0.397403 
vt -1.1593 0.407707 
vt -1.1593 0.356107 
vt -1.14262 0.405067 
vt -1.1767 0.405064 
vt -1.1593 0.356107 
vt -1.1593 0.407707 
vt -1.19422 0.400815 
vt -1.19174 0.397396 
vt -1.1767 0.405064 
vt -1.178 0.409084 
vt -1.1593 0.411934 
vt -1.1593 0.416161 
vt -1.17931 0.413103 
vt -1.178 0.409084 
vt -1.2071 0.387939 
vt -1.20368 0.385455 
vt -1.19174 0.397396 
vt -1.19422 0.400815 
vt -1.21537 0.371698 
vt -1.21136 0.370376 
vt -1.20368 0.385455 
vt -1.2071 0.387939 
vt -1.21803 0.355754 
vt -1.21386 0.355408 
vt -1.21136 0.370376 
vt -1.21537 0.371698 
vt -1.20708 0.252339 
vt -1.20366 0.254824 
vt -1.21135 0.269901 
vt -1.21536 0.268578 
vt -1.21802 0.284521 
vt -1.2222 0.284175 
vt -1.21937 0.267256 
vt -1.21536 0.268578 
vt -1.19421 0.239466 
vt -1.19172 0.242885 
vt -1.20366 0.254824 
vt -1.20708 0.252339 
vt -1.17798 0.231201 
vt -1.17668 0.235221 
vt -1.19172 0.242885 
vt -1.19421 0.239466 
vt -1.15928 0.228355 
vt -1.15928 0.232581 
vt -1.17668 0.235221 
vt -1.17798 0.231201 
vt -1.1413 0.231205 
vt -1.1426 0.235225 
vt -1.15928 0.232581 
vt -1.15928 0.228355 
vt -1.12507 0.239473 
vt -1.12756 0.242893 
vt -1.1426 0.235225 
vt -1.1413 0.231205 
vt -1.1122 0.25235 
vt -1.11562 0.254834 
vt -1.12756 0.242893 
vt -1.12507 0.239473 
vt -1.10393 0.268591 
vt -1.10794 0.269912 
vt -1.11562 0.254834 
vt -1.1122 0.25235 
vt -1.10127 0.284534 
vt -1.10544 0.28488 
vt -1.10794 0.269912 
vt -1.10393 0.268591 
vt -1.11222 0.387949 
vt -1.11564 0.385464 
vt -1.10795 0.370388 
vt -1.10394 0.37171 
vt -1.10127 0.355767 
vt -1.0971 0.356114 
vt -1.09993 0.373033 
vt -1.10394 0.37171 
vt -1.12509 0.400823 
vt -1.12758 0.397403 
vt -1.11564 0.385464 
vt -1.11222 0.387949 
vt -1.14132 0.409088 
vt -1.14262 0.405067 
vt -1.12758 0.397403 
vt -1.12509 0.400823 
vt -1.1593 0.411934 
vt -1.1593 0.407707 
vt -1.14262 0.405067 
vt -1.14132 0.409088 
vt -1.21803 0.355754 
vt -1.22221 0.3561 
vt -1.2222 0.284175 
vt -1.21382 0.339803 
vt -1.21382 0.357204 
vt -1.21799 0.338497 
vt -1.21382 0.379878 
vt -1.21382 0.269291 
vt -1.21382 0.283103 
vt -1.21382 0.300506 
vt -1.21799 0.301812 
vt -1.10548 0.319797 
vt -1.10131 0.319796 
vt -1.10131 0.301812 
vt -1.21382 0.339803 
vt -1.10548 0.339803 
vt -1.10548 0.357204 
vt -1.21382 0.357204 
vt -1.10548 0.371013 
vt -1.10548 0.269291 
vt -1.21382 0.269291 
vt -1.10548 0.269291 
vt -1.10548 0.283103 
vt -1.21382 0.283103 
vt -1.21382 0.283103 
vt -1.10548 0.283103 
vt -1.10548 0.300506 
vt -1.21382 0.300506 
vt -1.21382 0.300506 
vt -1.10548 0.300506 
vt -1.10548 0.319797 
vt -1.21382 0.319797 
vt -1.21382 0.319797 
vt -1.10548 0.319797 
vt -1.10548 0.339803 
vt -1.21382 0.339803 
vt -1.10548 0.404235 
vt -1.10548 0.390423 
vt -1.10548 0.37302 
vt -1.10131 0.371698 
vt -1.10131 0.355754 
vt -1.10616 0.249855 
vt -1.10204 0.268578 
vt -1.10131 0.284521 
vt -1.10616 0.236046 
vt -1.21799 0.371698 
vt -1.22217 0.355408 
vt -1.21799 0.355754 
vt -1.21313 0.267256 
vt -1.21799 0.284521 
vt -1.21726 0.268578 
vt -1.09713 0.284868 
vt -1.10131 0.355754 
vt -1.10131 0.284521 
vt -1.21382 0.404235 
vt -1.10548 0.404235 
vt -1.21382 0.404235 
vt -1.21382 0.390423 
vt -1.10548 0.390423 
vt -1.10548 0.390423 
vt -1.21382 0.390423 
vt -1.21382 0.37302 
vt -1.10548 0.37302 
vt -1.10616 0.267256 
vt -1.21313 0.267256 
vt -1.21313 0.249855 
vt -1.10616 0.249855 
vt -1.21313 0.236046 
vt -1.10548 0.3561 
vt -1.21382 0.3561 
vt -1.21382 0.284175 
vt -1.10548 0.284175 
vt -1.10548 0.37302 
vt -1.21382 0.37302 
vt -1.21382 0.3561 
vt -1.10548 0.3561 
vt -1.10548 0.284175 
vt -1.21382 0.284175 
vt -1.21313 0.267256 
vt -1.10616 0.267256 
vt -1.10131 0.355754 
vt -1.10548 0.284175 
vt -1.10131 0.284521 
vt -1.13999 0.413103 
vt -1.16 0.416161 
vt -1.16 0.411934 
vt -1.1413 0.409084 
vt -1.1426 0.405064 
vt -1.12756 0.397396 
vt -1.12507 0.400815 
vt -1.1413 0.409084 
vt -1.12756 0.397396 
vt -1.11562 0.385455 
vt -1.1122 0.387939 
vt -1.12507 0.400815 
vt -1.11562 0.385455 
vt -1.10794 0.370376 
vt -1.10393 0.371698 
vt -1.1122 0.387939 
vt -1.10794 0.370376 
vt -1.10544 0.355408 
vt -1.10127 0.355754 
vt -1.10393 0.371698 
vt -1.09993 0.267256 
vt -1.0971 0.284175 
vt -1.10127 0.284521 
vt -1.10394 0.268578 
vt -1.10795 0.269901 
vt -1.11564 0.254824 
vt -1.11222 0.252339 
vt -1.10394 0.268578 
vt -1.11564 0.254824 
vt -1.12758 0.242885 
vt -1.12509 0.239466 
vt -1.11222 0.252339 
vt -1.12758 0.242885 
vt -1.14262 0.235221 
vt -1.14132 0.231201 
vt -1.12509 0.239466 
vt -1.14262 0.235221 
vt -1.16002 0.232581 
vt -1.16002 0.228355 
vt -1.14132 0.231201 
vt -1.16002 0.232581 
vt -1.1767 0.235225 
vt -1.178 0.231205 
vt -1.16002 0.228355 
vt -1.1767 0.235225 
vt -1.19174 0.242893 
vt -1.19422 0.239473 
vt -1.178 0.231205 
vt -1.19174 0.242893 
vt -1.20368 0.254834 
vt -1.2071 0.25235 
vt -1.19422 0.239473 
vt -1.20368 0.254834 
vt -1.21136 0.269912 
vt -1.21537 0.268591 
vt -1.2071 0.25235 
vt -1.21136 0.269912 
vt -1.21386 0.28488 
vt -1.21803 0.284534 
vt -1.21537 0.268591 
vt -1.21937 0.373033 
vt -1.2222 0.356114 
vt -1.21803 0.355767 
vt -1.21536 0.37171 
vt -1.21135 0.370388 
vt -1.20366 0.385464 
vt -1.20708 0.387949 
vt -1.21536 0.37171 
vt -1.20366 0.385464 
vt -1.19172 0.397403 
vt -1.19421 0.400823 
vt -1.20708 0.387949 
vt -1.19172 0.397403 
vt -1.17668 0.405067 
vt -1.17798 0.409088 
vt -1.19421 0.400823 
vt -1.17668 0.405067 
vt -1.16 0.407707 
vt -1.16 0.411934 
vt -1.17798 0.409088 
vt -1.10544 0.355408 
vt -1.10545 0.284868 
vt -1.10127 0.284521 
vt -1.10127 0.355754 
vt -1.21386 0.28488 
vt -1.21385 0.35542 
vt -1.21803 0.355767 
vt -1.12259 0.404235 
vt -1.10878 0.390423 
vt -1.1088 0.249855 
vt -1.12261 0.236046 
vt -1.14001 0.227181 
vt -1.17931 0.227185 
vt -1.19671 0.236054 
vt -1.21052 0.249866 
vt -1.2105 0.390434 
vt -1.19669 0.404243 
vt -1.10544 0.355408 
vt -1.16 0.356107 
vt -1.16001 0.284182 
vt -1.10545 0.284868 
vt -1.21386 0.28488 
vt -1.16001 0.284182 
vt -1.16 0.356107 
vt -1.21385 0.35542 
vt -1.1426 0.405064 
vt -1.16 0.356107 
vt -1.12756 0.397396 
vt -1.12756 0.397396 
vt -1.16 0.356107 
vt -1.11562 0.385455 
vt -1.11562 0.385455 
vt -1.16 0.356107 
vt -1.10794 0.370376 
vt -1.10794 0.370376 
vt -1.16 0.356107 
vt -1.10544 0.355408 
vt -1.10545 0.284868 
vt -1.16001 0.284182 
vt -1.10795 0.269901 
vt -1.11564 0.254824 
vt -1.16001 0.284182 
vt -1.12758 0.242885 
vt -1.12758 0.242885 
vt -1.16001 0.284182 
vt -1.14262 0.235221 
vt -1.14262 0.235221 
vt -1.16001 0.284182 
vt -1.16002 0.232581 
vt -1.16002 0.232581 
vt -1.16001 0.284182 
vt -1.1767 0.235225 
vt -1.1767 0.235225 
vt -1.16001 0.284182 
vt -1.19174 0.242893 
vt -1.19174 0.242893 
vt -1.16001 0.284182 
vt -1.20368 0.254834 
vt -1.20368 0.254834 
vt -1.16001 0.284182 
vt -1.21136 0.269912 
vt -1.21136 0.269912 
vt -1.16001 0.284182 
vt -1.21386 0.28488 
vt -1.21385 0.35542 
vt -1.16 0.356107 
vt -1.21135 0.370388 
vt -1.21135 0.370388 
vt -1.16 0.356107 
vt -1.20366 0.385464 
vt -1.20366 0.385464 
vt -1.16 0.356107 
vt -1.19172 0.397403 
vt -1.19172 0.397403 
vt -1.16 0.356107 
vt -1.17668 0.405067 
vt -1.17668 0.405067 
vt -1.16 0.356107 
vt -1.16 0.407707 
vt -1.16 0.407707 
vt -1.16 0.356107 
vt -1.1426 0.405064 
vt -1.16 0.411934 
vt -1.16 0.407707 
vt -1.1426 0.405064 
vt -1.1413 0.409084 
vt -1.12507 0.400815 
vt -1.12259 0.404235 
vt -1.13999 0.413103 
vt -1.1413 0.409084 
vt -1.1122 0.387939 
vt -1.10878 0.390423 
vt -1.12259 0.404235 
vt -1.12507 0.400815 
vt -1.10393 0.371698 
vt -1.09992 0.37302 
vt -1.10878 0.390423 
vt -1.1122 0.387939 
vt -1.10127 0.355754 
vt -1.09709 0.3561 
vt -1.09992 0.37302 
vt -1.10393 0.371698 
vt -1.10127 0.284521 
vt -1.10545 0.284868 
vt -1.10795 0.269901 
vt -1.10394 0.268578 
vt -1.11222 0.252339 
vt -1.1088 0.249855 
vt -1.09993 0.267256 
vt -1.10394 0.268578 
vt -1.12509 0.239466 
vt -1.12261 0.236046 
vt -1.1088 0.249855 
vt -1.11222 0.252339 
vt -1.14132 0.231201 
vt -1.14001 0.227181 
vt -1.12261 0.236046 
vt -1.12509 0.239466 
vt -1.16002 0.228355 
vt -1.16002 0.224128 
vt -1.14001 0.227181 
vt -1.14132 0.231201 
vt -1.178 0.231205 
vt -1.17931 0.227185 
vt -1.16002 0.224128 
vt -1.16002 0.228355 
vt -1.19422 0.239473 
vt -1.19671 0.236054 
vt -1.17931 0.227185 
vt -1.178 0.231205 
vt -1.2071 0.25235 
vt -1.21052 0.249866 
vt -1.19671 0.236054 
vt -1.19422 0.239473 
vt -1.21537 0.268591 
vt -1.21938 0.267269 
vt -1.21052 0.249866 
vt -1.2071 0.25235 
vt -1.21803 0.284534 
vt -1.22221 0.284189 
vt -1.21938 0.267269 
vt -1.21537 0.268591 
vt -1.21803 0.355767 
vt -1.21385 0.35542 
vt -1.21135 0.370388 
vt -1.21536 0.37171 
vt -1.20708 0.387949 
vt -1.2105 0.390434 
vt -1.21937 0.373033 
vt -1.21536 0.37171 
vt -1.19421 0.400823 
vt -1.19669 0.404243 
vt -1.2105 0.390434 
vt -1.20708 0.387949 
vt -1.17798 0.409088 
vt -1.17929 0.413108 
vt -1.19669 0.404243 
vt -1.19421 0.400823 
vt -1.16 0.411934 
vt -1.16 0.416161 
vt -1.17929 0.413108 
vt -1.17798 0.409088 
vt -1.10127 0.284521 
vt -1.0971 0.284175 
vt -1.09709 0.3561 
vt -1.10127 0.355754 
vt -1.21803 0.355767 
vt -1.22221 0.284189 
vt -1.21803 0.284534 
vt -1.16001 0.284182 
vt -1.11564 0.254824 
vt -1.10795 0.269901 
vt -1.10616 0.370998 
vt -1.10616 0.357186 
vt -1.10616 0.319775 
vt -1.10204 0.319776 
vt -1.10204 0.301792 
vt -1.10616 0.283084 
vt -1.10616 0.269275 
vt -1.21313 0.379866 
vt -1.21726 0.338477 
vt -1.21726 0.301792 
vt -1.21313 0.370998 
vt -1.10616 0.370998 
vt -1.21313 0.370998 
vt -1.21313 0.357186 
vt -1.10616 0.357186 
vt -1.10616 0.357186 
vt -1.21313 0.357186 
vt -1.21313 0.339783 
vt -1.10616 0.339783 
vt -1.10616 0.339783 
vt -1.21313 0.339783 
vt -1.21313 0.319775 
vt -1.10616 0.319775 
vt -1.10616 0.319775 
vt -1.21313 0.319775 
vt -1.21313 0.300485 
vt -1.10616 0.300485 
vt -1.10616 0.300485 
vt -1.21313 0.300485 
vt -1.21313 0.283084 
vt -1.10616 0.283084 
vt -1.21313 0.236054 
vt -1.21313 0.249866 
vt -1.21313 0.267269 
vt -1.21726 0.268591 
vt -1.21799 0.284534 
vt -1.21382 0.390434 
vt -1.21799 0.37171 
vt -1.21799 0.355767 
vt -1.21382 0.404243 
vt -1.10204 0.268591 
vt -1.10131 0.284534 
vt -1.10548 0.373033 
vt -1.10131 0.355767 
vt -1.10131 0.37171 
vt -1.22217 0.35542 
vt -1.22217 0.28488 
vt -1.21799 0.284534 
vt -1.09713 0.28488 
vt -1.10131 0.355767 
vt -1.10131 0.284534 
vt -1.10616 0.236054 
vt -1.21313 0.236054 
vt -1.10616 0.236054 
vt -1.10616 0.249866 
vt -1.21313 0.249866 
vt -1.21313 0.249866 
vt -1.10616 0.249866 
vt -1.10616 0.267269 
vt -1.21313 0.267269 
vt -1.21382 0.373033 
vt -1.10548 0.373033 
vt -1.10548 0.390434 
vt -1.21382 0.390434 
vt -1.10548 0.404243 
vt -1.21382 0.284189 
vt -1.10548 0.284189 
vt -1.10548 0.356114 
vt -1.21382 0.356114 
vt -1.21313 0.267269 
vt -1.10616 0.267269 
vt -1.10548 0.284189 
vt -1.21382 0.284189 
vt -1.21382 0.356114 
vt -1.10548 0.356114 
vt -1.10548 0.373033 
vt -1.21382 0.373033 
vt -1.21799 0.284534 
vt -1.21382 0.284189 
vt -1.21382 0.356114 
vt -1.21799 0.355767 
vt -1.10131 0.355767 
vt -1.10548 0.356114 
vt -1.10548 0.284189 

usemtl 1Mtl

f 4397/4397/4397 4398/4398/4398 4399/4399/4399 
f 4397/4397/4397 4399/4399/4399 4400/4400/4400 
f 4401/4401/4401 4402/4402/4402 4403/4403/4403 
f 4401/4401/4401 4403/4403/4403 4404/4404/4404 
f 4405/4405/4405 4406/4406/4406 4407/4407/4407 
f 4405/4405/4405 4407/4407/4407 4408/4408/4408 
f 4409/4409/4409 4410/4410/4410 4411/4411/4411 
f 4409/4409/4409 4411/4411/4411 4412/4412/4412 
f 4413/4413/4413 4414/4414/4414 4415/4415/4415 
f 4413/4413/4413 4415/4415/4415 4416/4416/4416 
f 4417/4417/4417 4418/4418/4418 4419/4419/4419 
f 4417/4417/4417 4419/4419/4419 4420/4420/4420 
f 4421/4421/4421 4422/4422/4422 4423/4423/4423 
f 4421/4421/4421 4423/4423/4423 4424/4424/4424 
f 4425/4425/4425 4426/4426/4426 4427/4427/4427 
f 4425/4425/4425 4427/4427/4427 4428/4428/4428 
f 4429/4429/4429 4430/4430/4430 4431/4431/4431 
f 4429/4429/4429 4431/4431/4431 4432/4432/4432 
f 4433/4433/4433 4434/4434/4434 4435/4435/4435 
f 4433/4433/4433 4435/4435/4435 4436/4436/4436 
f 4437/4437/4437 4438/4438/4438 4439/4439/4439 
f 4437/4437/4437 4439/4439/4439 4440/4440/4440 
f 4441/4441/4441 4442/4442/4442 4443/4443/4443 
f 4441/4441/4441 4443/4443/4443 4444/4444/4444 
f 4445/4445/4445 4446/4446/4446 4447/4447/4447 
f 4445/4445/4445 4447/4447/4447 4448/4448/4448 
f 4449/4449/4449 4450/4450/4450 4451/4451/4451 
f 4449/4449/4449 4451/4451/4451 4452/4452/4452 
f 4453/4453/4453 4454/4454/4454 4455/4455/4455 
f 4453/4453/4453 4455/4455/4455 4456/4456/4456 
f 4457/4457/4457 4458/4458/4458 4459/4459/4459 
f 4457/4457/4457 4459/4459/4459 4460/4460/4460 
f 4461/4461/4461 4462/4462/4462 4463/4463/4463 
f 4461/4461/4461 4463/4463/4463 4464/4464/4464 
f 4465/4465/4465 4466/4466/4466 4467/4467/4467 
f 4465/4465/4465 4467/4467/4467 4468/4468/4468 
f 4469/4469/4469 4470/4470/4470 4471/4471/4471 
f 4469/4469/4469 4471/4471/4471 4472/4472/4472 
f 4473/4473/4473 4474/4474/4474 4475/4475/4475 
f 4473/4473/4473 4475/4475/4475 4476/4476/4476 
f 4477/4477/4477 4478/4478/4478 4479/4479/4479 
f 4480/4480/4480 4481/4481/4481 4482/4482/4482 
f 4483/4483/4483 4484/4484/4484 4485/4485/4485 
f 4483/4483/4483 4485/4485/4485 4486/4486/4486 
f 4487/4487/4487 4488/4488/4488 4489/4489/4489 
f 4487/4487/4487 4489/4489/4489 4490/4490/4490 
f 4491/4491/4491 4492/4492/4492 4493/4493/4493 
f 4494/4494/4494 4495/4495/4495 4496/4496/4496 
f 4497/4497/4497 4498/4498/4498 4499/4499/4499 
f 4500/4500/4500 4501/4501/4501 4502/4502/4502 
f 4503/4503/4503 4504/4504/4504 4505/4505/4505 
f 4506/4506/4506 4507/4507/4507 4508/4508/4508 
f 4509/4509/4509 4510/4510/4510 4511/4511/4511 
f 4512/4512/4512 4513/4513/4513 4514/4514/4514 
f 4515/4515/4515 4516/4516/4516 4517/4517/4517 
f 4518/4518/4518 4519/4519/4519 4520/4520/4520 
f 4521/4521/4521 4522/4522/4522 4523/4523/4523 
f 4524/4524/4524 4525/4525/4525 4526/4526/4526 
f 4527/4527/4527 4528/4528/4528 4529/4529/4529 
f 4530/4530/4530 4531/4531/4531 4532/4532/4532 
f 4533/4533/4533 4534/4534/4534 4535/4535/4535 
f 4536/4536/4536 4537/4537/4537 4538/4538/4538 
f 4539/4539/4539 4540/4540/4540 4541/4541/4541 
f 4542/4542/4542 4543/4543/4543 4544/4544/4544 
f 4545/4545/4545 4546/4546/4546 4547/4547/4547 
f 4548/4548/4548 4549/4549/4549 4550/4550/4550 
f 4551/4551/4551 4552/4552/4552 4553/4553/4553 
f 4551/4551/4551 4553/4553/4553 4554/4554/4554 
f 4555/4555/4555 4556/4556/4556 4557/4557/4557 
f 4555/4555/4555 4557/4557/4557 4558/4558/4558 
f 4559/4559/4559 4560/4560/4560 4561/4561/4561 
f 4559/4559/4559 4561/4561/4561 4562/4562/4562 
f 4563/4563/4563 4564/4564/4564 4565/4565/4565 
f 4563/4563/4563 4565/4565/4565 4566/4566/4566 
f 4567/4567/4567 4568/4568/4568 4569/4569/4569 
f 4567/4567/4567 4569/4569/4569 4570/4570/4570 
f 4571/4571/4571 4572/4572/4572 4573/4573/4573 
f 4571/4571/4571 4573/4573/4573 4574/4574/4574 
f 4575/4575/4575 4576/4576/4576 4577/4577/4577 
f 4575/4575/4575 4577/4577/4577 4578/4578/4578 
f 4579/4579/4579 4580/4580/4580 4581/4581/4581 
f 4579/4579/4579 4581/4581/4581 4582/4582/4582 
f 4583/4583/4583 4584/4584/4584 4585/4585/4585 
f 4583/4583/4583 4585/4585/4585 4586/4586/4586 
f 4587/4587/4587 4588/4588/4588 4589/4589/4589 
f 4587/4587/4587 4589/4589/4589 4590/4590/4590 
f 4591/4591/4591 4592/4592/4592 4593/4593/4593 
f 4591/4591/4591 4593/4593/4593 4594/4594/4594 
f 4595/4595/4595 4596/4596/4596 4597/4597/4597 
f 4595/4595/4595 4597/4597/4597 4598/4598/4598 
f 4599/4599/4599 4600/4600/4600 4601/4601/4601 
f 4599/4599/4599 4601/4601/4601 4602/4602/4602 
f 4603/4603/4603 4604/4604/4604 4605/4605/4605 
f 4603/4603/4603 4605/4605/4605 4606/4606/4606 
f 4607/4607/4607 4608/4608/4608 4609/4609/4609 
f 4607/4607/4607 4609/4609/4609 4610/4610/4610 
f 4611/4611/4611 4612/4612/4612 4613/4613/4613 
f 4611/4611/4611 4613/4613/4613 4614/4614/4614 
f 4615/4615/4615 4616/4616/4616 4617/4617/4617 
f 4615/4615/4615 4617/4617/4617 4618/4618/4618 
f 4619/4619/4619 4620/4620/4620 4621/4621/4621 
f 4619/4619/4619 4621/4621/4621 4622/4622/4622 
f 4623/4623/4623 4624/4624/4624 4625/4625/4625 
f 4623/4623/4623 4625/4625/4625 4626/4626/4626 
f 4627/4627/4627 4628/4628/4628 4629/4629/4629 
f 4627/4627/4627 4629/4629/4629 4630/4630/4630 
f 4631/4631/4631 4632/4632/4632 4633/4633/4633 
f 4645/4645/4645 4646/4646/4646 4647/4647/4647 
f 4645/4645/4645 4647/4647/4647 4648/4648/4648 
f 4651/4651/4651 4652/4652/4652 4653/4653/4653 
f 4651/4651/4651 4653/4653/4653 4654/4654/4654 
f 4655/4655/4655 4656/4656/4656 4657/4657/4657 
f 4655/4655/4655 4657/4657/4657 4658/4658/4658 
f 4659/4659/4659 4660/4660/4660 4661/4661/4661 
f 4659/4659/4659 4661/4661/4661 4662/4662/4662 
f 4663/4663/4663 4664/4664/4664 4665/4665/4665 
f 4663/4663/4663 4665/4665/4665 4666/4666/4666 
f 4682/4682/4682 4683/4683/4683 4684/4684/4684 
f 4686/4686/4686 4687/4687/4687 4688/4688/4688 
f 4686/4686/4686 4688/4688/4688 4689/4689/4689 
f 4690/4690/4690 4691/4691/4691 4692/4692/4692 
f 4690/4690/4690 4692/4692/4692 4693/4693/4693 
f 4694/4694/4694 4695/4695/4695 4696/4696/4696 
f 4694/4694/4694 4696/4696/4696 4697/4697/4697 
f 4699/4699/4699 4700/4700/4700 4701/4701/4701 
f 4699/4699/4699 4701/4701/4701 4702/4702/4702 
f 4703/4703/4703 4704/4704/4704 4705/4705/4705 
f 4703/4703/4703 4705/4705/4705 4706/4706/4706 
f 4707/4707/4707 4708/4708/4708 4709/4709/4709 
f 4707/4707/4707 4709/4709/4709 4710/4710/4710 
f 4711/4711/4711 4712/4712/4712 4713/4713/4713 
f 4714/4714/4714 4715/4715/4715 4716/4716/4716 
f 4714/4714/4714 4716/4716/4716 4717/4717/4717 
f 4718/4718/4718 4719/4719/4719 4720/4720/4720 
f 4718/4718/4718 4720/4720/4720 4721/4721/4721 
f 4722/4722/4722 4723/4723/4723 4724/4724/4724 
f 4722/4722/4722 4724/4724/4724 4725/4725/4725 
f 4726/4726/4726 4727/4727/4727 4728/4728/4728 
f 4726/4726/4726 4728/4728/4728 4729/4729/4729 
f 4730/4730/4730 4731/4731/4731 4732/4732/4732 
f 4730/4730/4730 4732/4732/4732 4733/4733/4733 
f 4734/4734/4734 4735/4735/4735 4736/4736/4736 
f 4734/4734/4734 4736/4736/4736 4737/4737/4737 
f 4738/4738/4738 4739/4739/4739 4740/4740/4740 
f 4738/4738/4738 4740/4740/4740 4741/4741/4741 
f 4742/4742/4742 4743/4743/4743 4744/4744/4744 
f 4742/4742/4742 4744/4744/4744 4745/4745/4745 
f 4746/4746/4746 4747/4747/4747 4748/4748/4748 
f 4746/4746/4746 4748/4748/4748 4749/4749/4749 
f 4750/4750/4750 4751/4751/4751 4752/4752/4752 
f 4750/4750/4750 4752/4752/4752 4753/4753/4753 
f 4754/4754/4754 4755/4755/4755 4756/4756/4756 
f 4754/4754/4754 4756/4756/4756 4757/4757/4757 
f 4758/4758/4758 4759/4759/4759 4760/4760/4760 
f 4758/4758/4758 4760/4760/4760 4761/4761/4761 
f 4762/4762/4762 4763/4763/4763 4764/4764/4764 
f 4762/4762/4762 4764/4764/4764 4765/4765/4765 
f 4766/4766/4766 4767/4767/4767 4768/4768/4768 
f 4766/4766/4766 4768/4768/4768 4769/4769/4769 
f 4770/4770/4770 4771/4771/4771 4772/4772/4772 
f 4770/4770/4770 4772/4772/4772 4773/4773/4773 
f 4774/4774/4774 4775/4775/4775 4776/4776/4776 
f 4774/4774/4774 4776/4776/4776 4777/4777/4777 
f 4778/4778/4778 4779/4779/4779 4780/4780/4780 
f 4778/4778/4778 4780/4780/4780 4781/4781/4781 
f 4782/4782/4782 4783/4783/4783 4784/4784/4784 
f 4782/4782/4782 4784/4784/4784 4785/4785/4785 
f 4786/4786/4786 4787/4787/4787 4788/4788/4788 
f 4786/4786/4786 4788/4788/4788 4789/4789/4789 
f 4790/4790/4790 4791/4791/4791 4792/4792/4792 
f 4790/4790/4790 4792/4792/4792 4793/4793/4793 
f 4794/4794/4794 4795/4795/4795 4796/4796/4796 
f 4794/4794/4794 4796/4796/4796 4797/4797/4797 
f 4798/4798/4798 4799/4799/4799 4800/4800/4800 
f 4811/4811/4811 4812/4812/4812 4813/4813/4813 
f 4811/4811/4811 4813/4813/4813 4814/4814/4814 
f 4815/4815/4815 4816/4816/4816 4817/4817/4817 
f 4815/4815/4815 4817/4817/4817 4818/4818/4818 
f 4819/4819/4819 4820/4820/4820 4821/4821/4821 
f 4822/4822/4822 4823/4823/4823 4824/4824/4824 
f 4825/4825/4825 4826/4826/4826 4827/4827/4827 
f 4828/4828/4828 4829/4829/4829 4830/4830/4830 
f 4831/4831/4831 4832/4832/4832 4833/4833/4833 
f 4834/4834/4834 4835/4835/4835 4836/4836/4836 
f 4837/4837/4837 4838/4838/4838 4839/4839/4839 
f 4840/4840/4840 4841/4841/4841 4842/4842/4842 
f 4843/4843/4843 4844/4844/4844 4845/4845/4845 
f 4846/4846/4846 4847/4847/4847 4848/4848/4848 
f 4849/4849/4849 4850/4850/4850 4851/4851/4851 
f 4852/4852/4852 4853/4853/4853 4854/4854/4854 
f 4855/4855/4855 4856/4856/4856 4857/4857/4857 
f 4858/4858/4858 4859/4859/4859 4860/4860/4860 
f 4861/4861/4861 4862/4862/4862 4863/4863/4863 
f 4864/4864/4864 4865/4865/4865 4866/4866/4866 
f 4867/4867/4867 4868/4868/4868 4869/4869/4869 
f 4870/4870/4870 4871/4871/4871 4872/4872/4872 
f 4873/4873/4873 4874/4874/4874 4875/4875/4875 
f 4876/4876/4876 4877/4877/4877 4878/4878/4878 
f 4876/4876/4876 4878/4878/4878 4879/4879/4879 
f 4880/4880/4880 4881/4881/4881 4882/4882/4882 
f 4880/4880/4880 4882/4882/4882 4883/4883/4883 
f 4884/4884/4884 4885/4885/4885 4886/4886/4886 
f 4884/4884/4884 4886/4886/4886 4887/4887/4887 
f 4888/4888/4888 4889/4889/4889 4890/4890/4890 
f 4888/4888/4888 4890/4890/4890 4891/4891/4891 
f 4892/4892/4892 4893/4893/4893 4894/4894/4894 
f 4892/4892/4892 4894/4894/4894 4895/4895/4895 
f 4896/4896/4896 4897/4897/4897 4898/4898/4898 
f 4896/4896/4896 4898/4898/4898 4899/4899/4899 
f 4900/4900/4900 4901/4901/4901 4902/4902/4902 
f 4900/4900/4900 4902/4902/4902 4903/4903/4903 
f 4904/4904/4904 4905/4905/4905 4906/4906/4906 
f 4904/4904/4904 4906/4906/4906 4907/4907/4907 
f 4908/4908/4908 4909/4909/4909 4910/4910/4910 
f 4908/4908/4908 4910/4910/4910 4911/4911/4911 
f 4912/4912/4912 4913/4913/4913 4914/4914/4914 
f 4912/4912/4912 4914/4914/4914 4915/4915/4915 
f 4916/4916/4916 4917/4917/4917 4918/4918/4918 
f 4916/4916/4916 4918/4918/4918 4919/4919/4919 
f 4920/4920/4920 4921/4921/4921 4922/4922/4922 
f 4920/4920/4920 4922/4922/4922 4923/4923/4923 
f 4924/4924/4924 4925/4925/4925 4926/4926/4926 
f 4924/4924/4924 4926/4926/4926 4927/4927/4927 
f 4928/4928/4928 4929/4929/4929 4930/4930/4930 
f 4928/4928/4928 4930/4930/4930 4931/4931/4931 
f 4932/4932/4932 4933/4933/4933 4934/4934/4934 
f 4932/4932/4932 4934/4934/4934 4935/4935/4935 
f 4936/4936/4936 4937/4937/4937 4938/4938/4938 
f 4936/4936/4936 4938/4938/4938 4939/4939/4939 
f 4940/4940/4940 4941/4941/4941 4942/4942/4942 
f 4940/4940/4940 4942/4942/4942 4943/4943/4943 
f 4944/4944/4944 4945/4945/4945 4946/4946/4946 
f 4944/4944/4944 4946/4946/4946 4947/4947/4947 
f 4948/4948/4948 4949/4949/4949 4950/4950/4950 
f 4948/4948/4948 4950/4950/4950 4951/4951/4951 
f 4952/4952/4952 4953/4953/4953 4954/4954/4954 
f 4952/4952/4952 4954/4954/4954 4955/4955/4955 
f 4956/4956/4956 4957/4957/4957 4958/4958/4958 
f 4956/4956/4956 4958/4958/4958 4959/4959/4959 
f 4960/4960/4960 4961/4961/4961 4962/4962/4962 
f 4963/4963/4963 4964/4964/4964 4965/4965/4965 
f 4977/4977/4977 4978/4978/4978 4979/4979/4979 
f 4977/4977/4977 4979/4979/4979 4980/4980/4980 
f 4981/4981/4981 4982/4982/4982 4983/4983/4983 
f 4981/4981/4981 4983/4983/4983 4984/4984/4984 
f 4985/4985/4985 4986/4986/4986 4987/4987/4987 
f 4985/4985/4985 4987/4987/4987 4988/4988/4988 
f 4989/4989/4989 4990/4990/4990 4991/4991/4991 
f 4989/4989/4989 4991/4991/4991 4992/4992/4992 
f 4993/4993/4993 4994/4994/4994 4995/4995/4995 
f 4993/4993/4993 4995/4995/4995 4996/4996/4996 
f 5011/5011/5011 5012/5012/5012 5013/5013/5013 
f 5014/5014/5014 5015/5015/5015 5016/5016/5016 
f 5018/5018/5018 5019/5019/5019 5020/5020/5020 
f 5018/5018/5018 5020/5020/5020 5021/5021/5021 
f 5022/5022/5022 5023/5023/5023 5024/5024/5024 
f 5022/5022/5022 5024/5024/5024 5025/5025/5025 
f 5026/5026/5026 5027/5027/5027 5028/5028/5028 
f 5026/5026/5026 5028/5028/5028 5029/5029/5029 
f 5031/5031/5031 5032/5032/5032 5033/5033/5033 
f 5031/5031/5031 5033/5033/5033 5034/5034/5034 
f 5035/5035/5035 5036/5036/5036 5037/5037/5037 
f 5035/5035/5035 5037/5037/5037 5038/5038/5038 
f 5039/5039/5039 5040/5040/5040 5041/5041/5041 
f 5039/5039/5039 5041/5041/5041 5042/5042/5042 
f 5043/5043/5043 5044/5044/5044 5045/5045/5045 
f 5043/5043/5043 5045/5045/5045 5046/5046/5046 
f 5047/5047/5047 5048/5048/5048 5049/5049/5049 

g 5

v -8.63103 2.93492 -34.0823 
v -8.59894 2.9455 -34.052 
v -8.62024 3.05905 -34.0354 
v -8.56684 2.95608 -34.0217 
v -8.59894 2.9455 -34.052 
v -8.53274 2.81558 -34.052 
v -8.50538 2.83546 -34.0217 
v -8.50538 2.83546 -34.0217 
v -8.53274 2.81558 -34.052 
v -8.42974 2.71258 -34.052 
v -8.40986 2.73994 -34.0217 
v -8.40986 2.73994 -34.0217 
v -8.42974 2.71258 -34.052 
v -8.29995 2.64645 -34.052 
v -8.2895 2.67861 -34.0217 
v -8.58684 3.92024 -34.002 
v -8.62024 3.92028 -34.0354 
v -8.62024 3.05905 -34.0354 
v -8.58684 3.05905 -34.002 
v -8.56009 2.79571 -34.0823 
v -8.44961 2.68522 -34.0823 
v -8.3104 2.61429 -34.0823 
v -8.57771 3.99085 -34.0781 
v -8.58684 3.92024 -34.002 
v -8.15607 3.9205 -34.002 
v -8.15607 3.99086 -34.0478 
v -8.54738 3.99085 -34.0478 
v -8.15607 3.9205 -34.002 
v -7.72018 3.92024 -34.002 
v -7.75965 3.99085 -34.0478 
v -8.15607 3.99086 -34.0478 
v -7.65339 3.92033 -34.0688 
v -7.69897 3.99086 -34.1085 
v -8.15607 2.62485 -34.0969 
v -8.15607 2.67126 -34.0548 
v -8.18943 2.66276 -34.0217 
v -8.15607 3.0264 -34.0345 
v -8.1886 3.05905 -34.002 
v -7.72018 3.0264 -34.0376 
v -7.72018 3.0264 -34.0376 
v -8.1886 3.05905 -34.002 
v -8.15607 3.0264 -34.0345 
v -8.2895 2.67861 -34.0217 
v -8.29995 2.64645 -34.052 
v -8.19004 2.62904 -34.052 
v -8.18943 2.66276 -34.0217 
v -7.72018 3.05908 -34.002 
v -7.65339 3.05908 -34.0688 
v -7.65339 3.92033 -34.0688 
v -7.72018 3.05908 -34.002 
v -7.72018 3.92024 -34.002 
v -8.15607 3.9205 -34.002 
v -8.1886 3.05905 -34.002 
v -8.58684 3.92024 -34.002 
v -8.58684 3.05905 -34.002 
v -8.1886 3.05905 -34.002 
v -8.15607 3.9205 -34.002 
v -8.58684 3.05905 -34.002 
v -8.56684 2.95608 -34.0217 
v -8.1886 3.05905 -34.002 
v -8.56684 2.95608 -34.0217 
v -8.50538 2.83546 -34.0217 
v -8.1886 3.05905 -34.002 
v -8.50538 2.83546 -34.0217 
v -8.40986 2.73994 -34.0217 
v -8.1886 3.05905 -34.002 
v -8.40986 2.73994 -34.0217 
v -8.2895 2.67861 -34.0217 
v -8.1886 3.05905 -34.002 
v -8.2895 2.67861 -34.0217 
v -8.18943 2.66276 -34.0217 
v -8.1886 3.05905 -34.002 
v -8.59894 2.9455 -34.052 
v -8.56684 2.95608 -34.0217 
v -8.58684 3.05905 -34.002 
v -8.59894 2.9455 -34.052 
v -8.63103 2.93492 -34.0823 
v -8.56009 2.79571 -34.0823 
v -8.53274 2.81558 -34.052 
v -8.53274 2.81558 -34.052 
v -8.56009 2.79571 -34.0823 
v -8.44961 2.68522 -34.0823 
v -8.42974 2.71258 -34.052 
v -8.42974 2.71258 -34.052 
v -8.44961 2.68522 -34.0823 
v -8.3104 2.61429 -34.0823 
v -8.29995 2.64645 -34.052 
v -8.62024 3.92028 -34.0354 
v -8.65364 3.92033 -34.0688 
v -8.65364 3.05905 -34.0688 
v -8.29995 2.64645 -34.052 
v -8.3104 2.61429 -34.0823 
v -8.19065 2.59532 -34.0823 
v -8.19004 2.62904 -34.052 
v -8.62024 3.92028 -34.9689 
v -8.54738 3.99085 -34.9564 
v -8.57771 3.99085 -34.9261 
v -8.54955 3.99086 -34.8958 
v -7.72018 3.92024 -35.0023 
v -8.15607 3.9205 -35.0023 
v -7.75965 3.99085 -34.9564 
v -8.58684 3.92024 -35.0023 
v -8.62024 3.92028 -34.9689 
v -8.57771 3.99085 -34.9261 
v -8.54738 3.99085 -34.9564 
v -8.60805 3.99086 -34.8958 
v -8.65364 3.92033 -34.0688 
v -8.62024 3.92028 -34.0354 
v -8.57771 3.99085 -34.0781 
v -8.60805 3.99086 -34.1085 
v -8.15607 3.9205 -34.002 
v -7.72018 3.92024 -34.002 
v -7.75965 3.99085 -34.0478 
v -7.72018 3.92024 -34.002 
v -7.65339 3.92033 -34.0688 
v -7.69897 3.99086 -34.1085 
v -7.75965 3.99085 -34.0478 
v -7.69897 3.99086 -34.8958 
v -7.65339 3.92033 -34.9355 
v -7.72018 3.92024 -35.0023 
v -7.75965 3.99085 -34.9564 
v -7.69897 3.99086 -34.8958 
v -7.65339 3.05908 -34.9355 
v -7.68703 3.0264 -34.9214 
v -7.72018 3.0264 -34.0376 
v -8.60805 3.99086 -34.1085 
v -8.54753 3.99085 -34.1082 
v -8.54955 3.99086 -34.8958 
v -8.60805 3.99086 -34.8958 
v -7.69897 3.99086 -34.8958 
v -7.75767 3.99086 -34.8958 
v -7.75951 3.99085 -34.1082 
v -7.69897 3.99086 -34.1085 
v -7.75965 3.99085 -34.9564 
v -7.75767 3.99086 -34.8958 
v -7.69897 3.99086 -34.8958 
v -7.75965 3.99085 -34.9564 
v -8.15607 3.99086 -34.9564 
v -7.75767 3.99086 -34.8958 
v -8.54753 3.99085 -34.1082 
v -7.75951 3.99085 -34.1082 
v -7.75767 3.99086 -34.8958 
v -8.54955 3.99086 -34.8958 
v -8.54753 3.99085 -34.1082 
v -8.60805 3.99086 -34.1085 
v -8.57771 3.99085 -34.0781 
v -7.75965 3.99085 -34.0478 
v -7.75951 3.99085 -34.1082 
v -8.15607 3.99086 -34.0478 
v -7.69897 3.99086 -34.1085 
v -7.75951 3.99085 -34.1082 
v -7.75965 3.99085 -34.0478 
v -8.54955 3.99086 -34.8958 
v -8.15607 3.99086 -34.9564 
v -8.54738 3.99085 -34.9564 
v -7.75767 3.99086 -34.8958 
v -8.15607 3.99086 -34.9564 
v -8.54955 3.99086 -34.8958 
v -8.15607 3.99086 -34.0478 
v -8.54753 3.99085 -34.1082 
v -8.54738 3.99085 -34.0478 
v -8.15607 3.99086 -34.0478 
v -7.75951 3.99085 -34.1082 
v -8.54753 3.99085 -34.1082 
v -8.62024 3.92028 -34.0354 
v -8.58684 3.92024 -34.002 
v -8.54738 3.99085 -34.0478 
v -8.57771 3.99085 -34.0781 
v -8.57771 3.99085 -34.0781 
v -8.54738 3.99085 -34.0478 
v -8.54753 3.99085 -34.1082 
v -8.62024 3.92028 -34.9689 
v -8.65364 3.92033 -34.9355 
v -8.60805 3.99086 -34.8958 
v -8.57771 3.99085 -34.9261 
v -8.57771 3.99085 -34.9261 
v -8.60805 3.99086 -34.8958 
v -8.54955 3.99086 -34.8958 
v -8.63103 2.93492 -34.9176 
v -8.59894 2.9455 -34.9505 
v -8.56009 2.79571 -34.9176 
v -8.56684 2.95608 -34.9835 
v -8.62024 3.05905 -34.9689 
v -8.58684 3.05905 -35.0023 
v -8.44961 2.68522 -34.9176 
v -8.3104 2.61429 -34.9176 
v -8.63103 2.93492 -34.0823 
v -8.62024 3.05905 -34.0354 
v -8.65364 3.05905 -34.0688 
v -8.50538 2.83546 -34.0217 
v -8.62024 3.92028 -34.9689 
v -8.63103 2.93492 -34.9176 
v -8.56009 2.79571 -34.9176 
v -8.56009 2.79571 -34.0823 
v -8.63103 2.93492 -34.0823 
v -8.56009 2.79571 -34.9176 
v -8.44961 2.68522 -34.9176 
v -8.44961 2.68522 -34.0823 
v -8.56009 2.79571 -34.0823 
v -8.3104 2.61429 -34.0823 
v -8.65364 3.92033 -34.9355 
v -8.65364 3.05905 -34.9355 
v -8.65364 3.05905 -34.0688 
v -8.65364 3.92033 -34.0688 
v -8.65364 3.05905 -34.9355 
v -8.63103 2.93492 -34.9176 
v -8.63103 2.93492 -34.0823 
v -8.65364 3.05905 -34.0688 
v -8.65364 3.92033 -34.9355 
v -8.65364 3.92033 -34.0688 
v -8.60805 3.99086 -34.1085 
v -8.60805 3.99086 -34.8958 
v -8.57771 3.99085 -34.0781 
v -8.59894 2.9455 -34.052 
v -8.58684 3.05905 -34.002 
v -8.62024 3.05905 -34.0354 
v -8.62024 3.92028 -34.0354 
v -8.65364 3.05905 -34.0688 
v -8.62024 3.05905 -34.0354 
v -8.59894 2.9455 -34.9505 
v -8.65364 3.05905 -34.9355 
v -8.62024 3.05905 -34.9689 
v -8.63103 2.93492 -34.9176 
v -8.59894 2.9455 -34.9505 
v -8.53274 2.81558 -34.9505 
v -8.56009 2.79571 -34.9176 
v -8.56684 2.95608 -34.9835 
v -8.59894 2.9455 -34.9505 
v -8.62024 3.05905 -34.9689 
v -8.56009 2.79571 -34.9176 
v -8.53274 2.81558 -34.9505 
v -8.42974 2.71258 -34.9505 
v -8.44961 2.68522 -34.9176 
v -8.44961 2.68522 -34.9176 
v -8.42974 2.71258 -34.9505 
v -8.29995 2.64645 -34.9505 
v -8.3104 2.61429 -34.9176 
v -8.50538 2.83546 -34.0217 
v -8.58684 3.05905 -35.0023 
v -8.62024 3.05905 -34.9689 
v -8.62024 3.92028 -34.9689 
v -8.58684 3.92024 -35.0023 
v -7.72018 3.92024 -35.0023 
v -8.15607 3.9205 -35.0023 
v -8.15607 3.99086 -34.9564 
v -7.75965 3.99085 -34.9564 
v -8.15607 3.9205 -35.0023 
v -8.58684 3.92024 -35.0023 
v -8.54738 3.99085 -34.9564 
v -8.15607 3.99086 -34.9564 
v -8.15607 2.67126 -34.9562 
v -8.18943 2.66276 -34.9835 
v -8.1886 3.05905 -35.0023 
v -8.15607 3.0264 -34.9697 
v -7.72018 3.05908 -35.0023 
v -8.15607 3.0264 -34.9697 
v -8.1886 3.05905 -35.0023 
v -7.65339 3.05908 -34.9355 
v -8.15607 3.0264 -34.0345 
v -7.72018 3.0264 -34.0376 
v -8.3104 2.61429 -34.9176 
v -8.29995 2.64645 -34.9505 
v -8.19004 2.62904 -34.9532 
v -8.19065 2.59532 -34.9229 
v -7.72018 3.92024 -35.0023 
v -7.65339 3.92033 -34.9355 
v -7.65339 3.05908 -34.9355 
v -7.72018 3.92024 -35.0023 
v -7.72018 3.05908 -35.0023 
v -8.1886 3.05905 -35.0023 
v -8.15607 3.9205 -35.0023 
v -8.58684 3.05905 -35.0023 
v -8.58684 3.92024 -35.0023 
v -8.15607 3.9205 -35.0023 
v -8.1886 3.05905 -35.0023 
v -8.56684 2.95608 -34.9835 
v -8.58684 3.05905 -35.0023 
v -8.1886 3.05905 -35.0023 
v -8.50538 2.83546 -34.9835 
v -8.56684 2.95608 -34.9835 
v -8.1886 3.05905 -35.0023 
v -8.40986 2.73994 -34.9835 
v -8.50538 2.83546 -34.9835 
v -8.1886 3.05905 -35.0023 
v -8.2895 2.67861 -34.9835 
v -8.40986 2.73994 -34.9835 
v -8.1886 3.05905 -35.0023 
v -8.18943 2.66276 -34.9835 
v -8.2895 2.67861 -34.9835 
v -8.1886 3.05905 -35.0023 
v -8.59894 2.9455 -34.9505 
v -8.56684 2.95608 -34.9835 
v -8.50538 2.83546 -34.9835 
v -8.53274 2.81558 -34.9505 
v -8.59894 2.9455 -34.9505 
v -8.63103 2.93492 -34.9176 
v -8.65364 3.05905 -34.9355 
v -8.53274 2.81558 -34.9505 
v -8.50538 2.83546 -34.9835 
v -8.40986 2.73994 -34.9835 
v -8.42974 2.71258 -34.9505 
v -8.42974 2.71258 -34.9505 
v -8.40986 2.73994 -34.9835 
v -8.2895 2.67861 -34.9835 
v -8.29995 2.64645 -34.9505 
v -8.62024 3.05905 -34.9689 
v -8.65364 3.05905 -34.9355 
v -8.65364 3.92033 -34.9355 
v -8.62024 3.92028 -34.9689 
v -8.29995 2.64645 -34.9505 
v -8.2895 2.67861 -34.9835 
v -8.18943 2.66276 -34.9835 
v -8.19004 2.62904 -34.9532 
v -8.56009 2.79571 -34.9176 
v -8.44961 2.68522 -34.9176 
v -8.29995 2.64645 -34.9505 
v -8.3104 2.61429 -34.9176 
v -8.63103 2.93492 -34.0823 
v -8.44961 2.68522 -34.0823 
v -8.44961 2.68522 -34.9176 
v -8.3104 2.61429 -34.9176 
v -8.3104 2.61429 -34.0823 
v -8.44961 2.68522 -34.0823 
v -8.19065 2.59532 -34.9229 
v -8.15607 2.62485 -34.9083 
v -8.15607 2.62485 -34.0969 
v -8.19065 2.59532 -34.0823 
v -8.15607 2.67126 -34.9562 
v -8.1886 3.05905 -35.0023 
v -8.15607 3.0264 -34.9697 
v -7.72018 3.05908 -35.0023 
v -7.72018 3.0264 -34.9667 
v -8.15607 3.0264 -34.9697 
v -7.72018 3.0264 -34.9667 
v -7.72018 3.05908 -35.0023 
v -7.65339 3.05908 -34.9355 
v -7.68703 3.0264 -34.9214 
v -7.68703 3.0264 -34.9214 
v -7.65339 3.05908 -34.9355 
v -7.65339 3.05908 -34.0688 
v -7.68703 3.0264 -34.0828 
v -8.15607 2.67126 -34.0548 
v -8.15607 3.0264 -34.0345 
v -8.1886 3.05905 -34.002 
v -7.68703 3.0264 -34.0828 
v -7.65339 3.05908 -34.0688 
v -7.72018 3.05908 -34.002 
v -7.72018 3.0264 -34.0376 
v -7.72018 3.0264 -34.0376 
v -7.72018 3.05908 -34.002 
v -8.1886 3.05905 -34.002 
v -8.3104 2.61429 -34.9176 
v -8.19065 2.59532 -34.9229 
v -8.19065 2.59532 -34.0823 
v -8.3104 2.61429 -34.0823 
v -8.2895 2.67861 -34.9835 
v -7.72018 3.0264 -34.9667 
v -7.68703 3.0264 -34.9214 
v -7.68703 3.0264 -34.0828 
v -7.72018 3.0264 -34.0376 
v -7.72018 3.0264 -34.9667 
v -8.15607 3.0264 -34.0345 
v -8.15607 3.0264 -34.9697 
v -7.72018 3.0264 -34.0376 
v -8.15607 3.0264 -34.0345 
v -7.72018 3.0264 -34.9667 
v -7.72018 3.92024 -35.0023 
v -7.75965 3.99085 -34.9564 
v -7.72018 3.92024 -34.002 
v -7.65339 3.92033 -34.0688 
v -7.69897 3.99086 -34.1085 
v -7.65339 3.92033 -34.0688 
v -7.65339 3.92033 -34.9355 
v -7.69897 3.99086 -34.8958 
v -7.69897 3.99086 -34.1085 
v -8.15607 2.62485 -34.9083 
v -8.15607 2.62485 -34.0969 
v -8.15607 2.62485 -34.9083 
v -8.19065 2.59532 -34.9229 
v -8.19004 2.62904 -34.9532 
v -8.15607 2.67126 -34.9562 
v -8.1886 3.05905 -35.0023 
v -8.15607 3.0264 -34.9697 
v -7.65339 3.05908 -34.9355 
v -8.15607 2.62485 -34.0969 
v -8.15607 2.67126 -34.0548 
v -8.18943 2.66276 -34.0217 
v -8.19004 2.62904 -34.052 
v -8.18943 2.66276 -34.0217 
v -8.15607 2.67126 -34.0548 
v -8.15607 3.0264 -34.0345 
v -8.1886 3.05905 -34.002 
v -7.68703 3.0264 -34.0828 
v -7.72018 3.05908 -34.002 
v -7.72018 3.0264 -34.0376 
v -7.72018 3.92024 -35.0023 
v -7.65339 3.05908 -34.9355 
v -7.72018 3.05908 -35.0023 
v -7.72018 3.05908 -34.002 
v -7.65339 3.92033 -34.0688 
v -7.72018 3.92024 -34.002 
v -7.65339 3.05908 -34.9355 
v -7.65339 3.92033 -34.9355 
v -7.65339 3.92033 -34.0688 
v -7.65339 3.05908 -34.0688 
v -8.15607 2.62485 -34.9083 
v -8.15607 2.67126 -34.9562 
v -8.15607 2.67126 -34.0548 
v -8.15607 2.62485 -34.0969 
v -8.15607 3.0264 -34.0345 
v -8.15607 2.67126 -34.0548 
v -8.15607 2.67126 -34.9562 
v -8.15607 3.0264 -34.0345 
v -8.15607 2.67126 -34.9562 
v -8.15607 3.0264 -34.9697 
v -8.19004 2.62904 -34.052 
v -8.19065 2.59532 -34.0823 
v -8.15607 2.62485 -34.0969 
v -8.19004 2.62904 -34.9532 
v -8.18943 2.66276 -34.9835 
v -8.15607 2.67126 -34.9562 
v -8.15607 2.62485 -34.9083 

vn -0.629921 -0.259843 0.732283 
vn -0.629921 -0.267717 0.732283 
vn -0.685039 -0.11811 0.716535 
vn -0.629921 -0.275591 0.724409 
vn -0.629921 -0.267717 0.732283 
vn -0.543307 -0.393701 0.748031 
vn -0.543307 -0.393701 0.748031 
vn -0.543307 -0.393701 0.748031 
vn -0.543307 -0.393701 0.748031 
vn -0.393701 -0.543307 0.748031 
vn -0.393701 -0.543307 0.748031 
vn -0.393701 -0.543307 0.748031 
vn -0.393701 -0.543307 0.748031 
vn -0.204724 -0.637795 0.748031 
vn -0.204724 -0.637795 0.748031 
vn -0.708661 0 0.708661 
vn -0.708661 0 0.708661 
vn -0.685039 -0.11811 0.716535 
vn -0.685039 -0.125984 0.716535 
vn -0.811024 -0.590551 0 
vn -0.590551 -0.811024 0 
vn -0.307087 -0.952756 0 
vn -0.535433 0.653543 0.535433 
vn 0 0.543307 0.834646 
vn 0 0.543307 0.834646 
vn 0 0.543307 0.834646 
vn 0 0.543307 0.834646 
vn 0 0.543307 0.834646 
vn 0 0.543307 0.834646 
vn 0 0.543307 0.834646 
vn 0 0.543307 0.834646 
vn 0.535433 0.653543 0.535433 
vn 0.535433 0.653543 0.535433 
vn 0.645669 -0.76378 0 
vn 0.669291 -0.503937 0.551181 
vn 0.700787 -0.0393701 0.716535 
vn 0.700787 -0.0393701 0.716535 
vn 0.700787 -0.0393701 0.716535 
vn 0.559055 -0.661417 0.496063 
vn 0 -0.724409 0.692913 
vn 0 -0.724409 0.692913 
vn 0 -0.724409 0.692913 
vn -0.204724 -0.637795 0.748031 
vn -0.204724 -0.637795 0.748031 
vn -0.102362 -0.661417 0.740157 
vn -0.102362 -0.661417 0.740157 
vn 0.708661 0 0.708661 
vn 0.708661 0 0.708661 
vn 0.708661 0 0.708661 
vn 0 0 1 
vn 0 0 1 
vn 0 0 1 
vn -0.00787402 -0.023622 1 
vn 0 0 1 
vn 0 -0.0866142 1 
vn -0.00787402 -0.023622 1 
vn 0 0 1 
vn 0 -0.0866142 1 
vn -0.023622 -0.110236 0.992126 
vn -0.00787402 -0.023622 1 
vn -0.023622 -0.110236 0.992126 
vn -0.0393701 -0.0314961 1 
vn -0.00787402 -0.023622 1 
vn -0.0393701 -0.0314961 1 
vn -0.0314961 -0.0393701 1 
vn -0.00787402 -0.023622 1 
vn -0.0314961 -0.0393701 1 
vn -0.015748 -0.0472441 1 
vn -0.00787402 -0.023622 1 
vn -0.015748 -0.0472441 1 
vn -0.00787402 -0.0472441 1 
vn -0.00787402 -0.023622 1 
vn -0.629921 -0.267717 0.732283 
vn -0.629921 -0.275591 0.724409 
vn -0.685039 -0.125984 0.716535 
vn -0.629921 -0.267717 0.732283 
vn -0.629921 -0.259843 0.732283 
vn -0.543307 -0.393701 0.748031 
vn -0.543307 -0.393701 0.748031 
vn -0.543307 -0.393701 0.748031 
vn -0.543307 -0.393701 0.748031 
vn -0.393701 -0.543307 0.748031 
vn -0.393701 -0.543307 0.748031 
vn -0.393701 -0.543307 0.748031 
vn -0.393701 -0.543307 0.748031 
vn -0.204724 -0.637795 0.748031 
vn -0.204724 -0.637795 0.748031 
vn -0.708661 0 0.708661 
vn -0.708661 0 0.708661 
vn -0.692913 -0.102362 0.716535 
vn -0.204724 -0.637795 0.748031 
vn -0.204724 -0.637795 0.748031 
vn -0.102362 -0.661417 0.740157 
vn -0.102362 -0.661417 0.740157 
vn -0.708661 0 -0.708661 
vn 0 1 0 
vn 0 1 0 
vn 0 1 0 
vn 0 0.543307 -0.834646 
vn 0 0.543307 -0.834646 
vn 0 0.543307 -0.834646 
vn -0.535433 0.645669 -0.535433 
vn -0.535433 0.645669 -0.535433 
vn -0.535433 0.645669 -0.535433 
vn -0.535433 0.645669 -0.535433 
vn -0.84252 0.543307 0 
vn -0.535433 0.653543 0.535433 
vn -0.535433 0.653543 0.535433 
vn -0.535433 0.653543 0.535433 
vn -0.535433 0.653543 0.535433 
vn 0 0.543307 0.834646 
vn 0 0.543307 0.834646 
vn 0 0.543307 0.834646 
vn 0.535433 0.653543 0.535433 
vn 0.535433 0.653543 0.535433 
vn 0.535433 0.653543 0.535433 
vn 0.535433 0.653543 0.535433 
vn 0.84252 0.543307 0 
vn 0.535433 0.653543 -0.535433 
vn 0.535433 0.653543 -0.535433 
vn 0.535433 0.653543 -0.535433 
vn 0.535433 0.653543 -0.535433 
vn 0.559055 -0.661417 -0.496063 
vn 0.559055 -0.661417 -0.496063 
vn 0.559055 -0.661417 0.496063 
vn 0 1 0 
vn 0 1 0 
vn 0 1 0 
vn 0 1 0 
vn 0 1 0 
vn 0 1 0 
vn 0 1 0 
vn 0 1 0 
vn 0 1 0 
vn 0 1 0 
vn 0 1 0 
vn 0 1 0 
vn 0 1 0 
vn 0 1 0 
vn 0 1 0 
vn 0 1 0 
vn 0 1 0 
vn 0 1 0 
vn 0 1 0 
vn 0 1 0 
vn 0 1 0 
vn 0 1 0 
vn 0 1 0 
vn 0 1 0 
vn 0 1 0 
vn 0 1 0 
vn 0 1 0 
vn 0 1 0 
vn 0 1 0 
vn 0 1 0 
vn 0 1 0 
vn 0 1 0 
vn 0 1 0 
vn 0 1 0 
vn 0 1 0 
vn 0 1 0 
vn 0 1 0 
vn 0 1 0 
vn 0 1 0 
vn -0.535433 0.645669 0.535433 
vn -0.535433 0.645669 0.535433 
vn -0.535433 0.645669 0.535433 
vn -0.535433 0.645669 0.535433 
vn 0 1 0 
vn 0 1 0 
vn 0 1 0 
vn -0.535433 0.653543 -0.535433 
vn -0.535433 0.653543 -0.535433 
vn -0.535433 0.653543 -0.535433 
vn -0.535433 0.653543 -0.535433 
vn 0 1 0 
vn 0 1 0 
vn 0 1 0 
vn -0.653543 -0.275591 -0.708661 
vn -0.653543 -0.275591 -0.708661 
vn -0.566929 -0.409449 -0.716535 
vn -0.645669 -0.283465 -0.708661 
vn -0.692913 -0.11811 -0.708661 
vn -0.692913 -0.125984 -0.708661 
vn -0.409449 -0.566929 -0.716535 
vn -0.228346 -0.653543 -0.724409 
vn -0.629921 -0.259843 0.732283 
vn -0.685039 -0.11811 0.716535 
vn -0.692913 -0.102362 0.716535 
vn -0.543307 -0.393701 0.748031 
vn -0.708661 0 -0.708661 
vn -0.952756 -0.314961 0 
vn -0.811024 -0.590551 0 
vn -0.811024 -0.590551 0 
vn -0.952756 -0.314961 0 
vn -0.811024 -0.590551 0 
vn -0.590551 -0.811024 0 
vn -0.590551 -0.811024 0 
vn -0.811024 -0.590551 0 
vn -0.307087 -0.952756 0 
vn -1 0 0 
vn -1 -0.0866142 0 
vn -1 -0.0866142 0 
vn -1 0 0 
vn -1 -0.0866142 0 
vn -0.952756 -0.314961 0 
vn -0.952756 -0.314961 0 
vn -1 -0.0866142 0 
vn -0.84252 0.543307 0 
vn -0.84252 0.543307 0 
vn -0.84252 0.543307 0 
vn -0.84252 0.543307 0 
vn -0.535433 0.653543 0.535433 
vn -0.629921 -0.267717 0.732283 
vn -0.685039 -0.125984 0.716535 
vn -0.685039 -0.11811 0.716535 
vn -0.708661 0 0.708661 
vn -0.692913 -0.102362 0.716535 
vn -0.685039 -0.11811 0.716535 
vn -0.653543 -0.275591 -0.708661 
vn -0.692913 -0.11811 -0.708661 
vn -0.692913 -0.11811 -0.708661 
vn -0.653543 -0.275591 -0.708661 
vn -0.653543 -0.275591 -0.708661 
vn -0.566929 -0.409449 -0.716535 
vn -0.566929 -0.409449 -0.716535 
vn -0.645669 -0.283465 -0.708661 
vn -0.653543 -0.275591 -0.708661 
vn -0.692913 -0.11811 -0.708661 
vn -0.566929 -0.409449 -0.716535 
vn -0.566929 -0.409449 -0.716535 
vn -0.409449 -0.566929 -0.716535 
vn -0.409449 -0.566929 -0.716535 
vn -0.409449 -0.566929 -0.716535 
vn -0.409449 -0.566929 -0.716535 
vn -0.220472 -0.653543 -0.724409 
vn -0.228346 -0.653543 -0.724409 
vn -0.543307 -0.393701 0.748031 
vn -0.692913 -0.125984 -0.708661 
vn -0.692913 -0.11811 -0.708661 
vn -0.708661 0 -0.708661 
vn -0.708661 0 -0.708661 
vn 0 0.543307 -0.834646 
vn 0 0.543307 -0.834646 
vn 0 0.543307 -0.834646 
vn 0 0.543307 -0.834646 
vn 0 0.543307 -0.834646 
vn 0 0.543307 -0.834646 
vn 0 0.543307 -0.834646 
vn 0 0.543307 -0.834646 
vn 0.669291 -0.0314961 -0.748031 
vn 0.669291 -0.0314961 -0.748031 
vn 0.669291 -0.0314961 -0.748031 
vn 0.669291 -0.0314961 -0.748031 
vn 0 -0.724409 -0.692913 
vn 0 -0.724409 -0.692913 
vn 0 -0.724409 -0.692913 
vn 0.559055 -0.661417 -0.496063 
vn 0.700787 -0.0393701 0.716535 
vn 0.559055 -0.661417 0.496063 
vn -0.228346 -0.653543 -0.724409 
vn -0.220472 -0.653543 -0.724409 
vn -0.125984 -0.677165 -0.724409 
vn -0.133858 -0.677165 -0.724409 
vn 0.708661 0 -0.708661 
vn 0.708661 0 -0.708661 
vn 0.708661 0 -0.708661 
vn 0 0 -1 
vn 0 0 -1 
vn -0.00787402 -0.023622 -1 
vn 0 0 -1 
vn 0 -0.0866142 -1 
vn 0 0 -1 
vn 0 0 -1 
vn -0.00787402 -0.023622 -1 
vn -0.023622 -0.102362 -0.992126 
vn 0 -0.0866142 -1 
vn -0.00787402 -0.023622 -1 
vn -0.0393701 -0.0314961 -1 
vn -0.023622 -0.102362 -0.992126 
vn -0.00787402 -0.023622 -1 
vn -0.0314961 -0.0393701 -1 
vn -0.0393701 -0.0314961 -1 
vn -0.00787402 -0.023622 -1 
vn -0.015748 -0.0472441 -1 
vn -0.0314961 -0.0393701 -1 
vn -0.00787402 -0.023622 -1 
vn -0.00787402 -0.0472441 -1 
vn -0.015748 -0.0472441 -1 
vn -0.00787402 -0.023622 -1 
vn -0.653543 -0.275591 -0.708661 
vn -0.645669 -0.283465 -0.708661 
vn -0.566929 -0.409449 -0.716535 
vn -0.566929 -0.409449 -0.716535 
vn -0.653543 -0.275591 -0.708661 
vn -0.653543 -0.275591 -0.708661 
vn -0.692913 -0.11811 -0.708661 
vn -0.566929 -0.409449 -0.716535 
vn -0.566929 -0.409449 -0.716535 
vn -0.409449 -0.566929 -0.716535 
vn -0.409449 -0.566929 -0.716535 
vn -0.409449 -0.566929 -0.716535 
vn -0.409449 -0.566929 -0.716535 
vn -0.220472 -0.653543 -0.724409 
vn -0.220472 -0.653543 -0.724409 
vn -0.692913 -0.11811 -0.708661 
vn -0.692913 -0.11811 -0.708661 
vn -0.708661 0 -0.708661 
vn -0.708661 0 -0.708661 
vn -0.220472 -0.653543 -0.724409 
vn -0.220472 -0.653543 -0.724409 
vn -0.11811 -0.677165 -0.724409 
vn -0.125984 -0.677165 -0.724409 
vn -0.566929 -0.409449 -0.716535 
vn -0.409449 -0.566929 -0.716535 
vn -0.220472 -0.653543 -0.724409 
vn -0.228346 -0.653543 -0.724409 
vn -0.629921 -0.259843 0.732283 
vn -0.590551 -0.811024 0 
vn -0.590551 -0.811024 0 
vn -0.307087 -0.952756 0 
vn -0.307087 -0.952756 0 
vn -0.590551 -0.811024 0 
vn 0.645669 -0.76378 0 
vn 0.645669 -0.76378 0 
vn 0.645669 -0.76378 0 
vn 0.645669 -0.76378 0 
vn 0.669291 -0.0314961 -0.748031 
vn 0.669291 -0.0314961 -0.748031 
vn 0.669291 -0.0314961 -0.748031 
vn 0 -0.724409 -0.692913 
vn 0 -0.724409 -0.692913 
vn 0 -0.724409 -0.692913 
vn 0.559055 -0.661417 -0.496063 
vn 0.559055 -0.661417 -0.496063 
vn 0.559055 -0.661417 -0.496063 
vn 0.559055 -0.661417 -0.496063 
vn 0.692913 -0.716535 0 
vn 0.692913 -0.716535 0 
vn 0.692913 -0.716535 0 
vn 0.692913 -0.716535 0 
vn 0.669291 -0.503937 0.551181 
vn 0.700787 -0.0393701 0.716535 
vn 0.700787 -0.0393701 0.716535 
vn 0.559055 -0.661417 0.496063 
vn 0.559055 -0.661417 0.496063 
vn 0.559055 -0.661417 0.496063 
vn 0.559055 -0.661417 0.496063 
vn 0 -0.724409 0.692913 
vn 0 -0.724409 0.692913 
vn 0 -0.724409 0.692913 
vn -0.307087 -0.952756 0 
vn -0.15748 -0.984252 0 
vn -0.15748 -0.984252 0 
vn -0.307087 -0.952756 0 
vn -0.015748 -0.0472441 -1 
vn 0 -1 0 
vn 0 -1 0 
vn 0 -1 0 
vn 0 -1 0 
vn 0 -1 0 
vn 0 -1 0 
vn 0 -1 0 
vn 0 -1 0 
vn 0 -1 0 
vn 0 -1 0 
vn 0 0.543307 -0.834646 
vn 0 0.543307 -0.834646 
vn 0 0.543307 0.834646 
vn 0.535433 0.653543 0.535433 
vn 0.535433 0.653543 0.535433 
vn 0.84252 0.543307 0 
vn 0.84252 0.543307 0 
vn 0.84252 0.543307 0 
vn 0.84252 0.543307 0 
vn 0.645669 -0.76378 0 
vn 0.645669 -0.76378 0 
vn 0.661417 -0.503937 -0.551181 
vn 0.661417 -0.503937 -0.551181 
vn 0.661417 -0.503937 -0.551181 
vn 0.669291 -0.0314961 -0.748031 
vn 0.669291 -0.0314961 -0.748031 
vn 0.669291 -0.0314961 -0.748031 
vn 0.559055 -0.661417 -0.496063 
vn 0.669291 -0.503937 0.551181 
vn 0.669291 -0.503937 0.551181 
vn 0.669291 -0.503937 0.551181 
vn 0.669291 -0.503937 0.551181 
vn 0.700787 -0.0393701 0.716535 
vn 0.700787 -0.0393701 0.716535 
vn 0.700787 -0.0393701 0.716535 
vn 0.700787 -0.0393701 0.716535 
vn 0.559055 -0.661417 0.496063 
vn 0.559055 -0.661417 0.496063 
vn 0.559055 -0.661417 0.496063 
vn 0.708661 0 -0.708661 
vn 0.708661 0 -0.708661 
vn 0.708661 0 -0.708661 
vn 0.708661 0 0.708661 
vn 0.708661 0 0.708661 
vn 0.708661 0 0.708661 
vn 1 0 0 
vn 1 0 0 
vn 1 0 0 
vn 1 0 0 
vn 1 0 0 
vn 1 0 0 
vn 1 0 0 
vn 1 0 0 
vn 1 0 0 
vn 1 0 0 
vn 1 0 0 
vn 1 0 0 
vn 1 0 0 
vn 1 0 0 
vn 0.661417 -0.503937 0.551181 
vn 0.661417 -0.503937 0.551181 
vn 0.661417 -0.503937 0.551181 
vn 0.629921 -0.543307 -0.551181 
vn 0.629921 -0.543307 -0.551181 
vn 0.629921 -0.543307 -0.551181 
vn 0.629921 -0.543307 -0.551181 

vt 0.639292 -0.0808265 
vt 0.643304 -0.0795043 
vt 0.640641 -0.0653108 
vt 0.647316 -0.078182 
vt 0.643304 -0.0795043 
vt 0.651579 -0.095744 
vt 0.654998 -0.0932596 
vt 0.654998 -0.0932596 
vt 0.651579 -0.095744 
vt 0.664454 -0.108619 
vt 0.666938 -0.1052 
vt 0.666938 -0.1052 
vt 0.664454 -0.108619 
vt 0.680678 -0.116886 
vt 0.681984 -0.112866 
vt 0.644816 0.042338 
vt 0.640641 0.0423435 
vt 0.640641 -0.0653108 
vt 0.644816 -0.065311 
vt 0.648159 -0.0982286 
vt 0.661969 -0.112039 
vt 0.679372 -0.120906 
vt 0.645957 0.0511649 
vt 0.644816 0.042338 
vt 0.698662 0.0423712 
vt 0.698662 0.051166 
vt 0.649749 0.0511639 
vt 0.698662 0.0423712 
vt 0.753148 0.0423379 
vt 0.748215 0.0511639 
vt 0.698662 0.051166 
vt 0.761498 0.042349 
vt 0.755799 0.051166 
vt 0.698662 -0.119585 
vt 0.698662 -0.113785 
vt 0.694493 -0.114847 
vt 0.698662 -0.0693922 
vt 0.694596 -0.0653108 
vt 0.753148 -0.0693922 
vt 0.753148 -0.0693922 
vt 0.694596 -0.0653108 
vt 0.698662 -0.0693922 
vt 0.681984 -0.112866 
vt 0.680678 -0.116886 
vt 0.694416 -0.119062 
vt 0.694493 -0.114847 
vt 0.753148 -0.0653073 
vt 0.761498 -0.0653073 
vt 0.761498 0.042349 
vt 0.753148 -0.0653073 
vt 0.753148 0.0423379 
vt 0.698662 0.0423712 
vt 0.694596 -0.0653108 
vt 0.644816 0.042338 
vt 0.644816 -0.065311 
vt 0.694596 -0.0653108 
vt 0.698662 0.0423712 
vt 0.644816 -0.065311 
vt 0.647316 -0.078182 
vt 0.694596 -0.0653108 
vt 0.647316 -0.078182 
vt 0.654998 -0.0932596 
vt 0.694596 -0.0653108 
vt 0.654998 -0.0932596 
vt 0.666938 -0.1052 
vt 0.694596 -0.0653108 
vt 0.666938 -0.1052 
vt 0.681984 -0.112866 
vt 0.694596 -0.0653108 
vt 0.681984 -0.112866 
vt 0.694493 -0.114847 
vt 0.694596 -0.0653108 
vt 0.643304 -0.0795043 
vt 0.647316 -0.078182 
vt 0.644816 -0.065311 
vt 0.643304 -0.0795043 
vt 0.639292 -0.0808265 
vt 0.648159 -0.0982286 
vt 0.651579 -0.095744 
vt 0.651579 -0.095744 
vt 0.648159 -0.0982286 
vt 0.661969 -0.112039 
vt 0.664454 -0.108619 
vt 0.664454 -0.108619 
vt 0.661969 -0.112039 
vt 0.679372 -0.120906 
vt 0.680678 -0.116886 
vt 0.640641 0.0423435 
vt 0.636466 0.0423491 
vt 0.636466 -0.0653106 
vt 0.680678 -0.116886 
vt 0.679372 -0.120906 
vt 0.69434 -0.123276 
vt 0.694416 -0.119062 
vt 0.757324 0.0222856 
vt 0.755772 0.0131776 
vt 0.751979 0.01697 
vt 0.748187 0.0134492 
vt 0.761499 -0.0902213 
vt 0.761499 -0.0357352 
vt 0.755772 -0.085288 
vt 0.761499 0.0181108 
vt 0.757324 0.0222856 
vt 0.751979 0.01697 
vt 0.755772 0.0131776 
vt 0.748187 0.0207624 
vt 0.644814 0.0264605 
vt 0.64064 0.0222856 
vt 0.645985 0.01697 
vt 0.649777 0.0207624 
vt 0.636465 -0.0357352 
vt 0.636465 -0.0902213 
vt 0.642192 -0.0852882 
vt 0.636465 -0.0902213 
vt 0.644814 -0.0985709 
vt 0.649777 -0.0928727 
vt 0.642192 -0.0852882 
vt 0.748187 -0.0928727 
vt 0.75315 -0.0985709 
vt 0.761499 -0.0902213 
vt 0.755772 -0.085288 
vt 0.748187 -0.0928727 
vt 0.753149 -0.0985708 
vt 0.751397 -0.0943658 
vt 0.640914 -0.0902212 
vt 0.649777 0.0207624 
vt 0.649737 0.0131969 
vt 0.748187 0.0134492 
vt 0.748187 0.0207624 
vt 0.748187 -0.0928727 
vt 0.748187 -0.0855361 
vt 0.649737 -0.0853058 
vt 0.649777 -0.0928727 
vt 0.755772 -0.085288 
vt 0.748187 -0.0855361 
vt 0.748187 -0.0928727 
vt 0.755772 -0.085288 
vt 0.755772 -0.0357352 
vt 0.748187 -0.0855361 
vt 0.649737 0.0131969 
vt 0.649737 -0.0853058 
vt 0.748187 -0.0855361 
vt 0.748187 0.0134492 
vt 0.649737 0.0131969 
vt 0.649777 0.0207624 
vt 0.645985 0.01697 
vt 0.642192 -0.0852882 
vt 0.649737 -0.0853058 
vt 0.642192 -0.0357352 
vt 0.649777 -0.0928727 
vt 0.649737 -0.0853058 
vt 0.642192 -0.0852882 
vt 0.748187 0.0134492 
vt 0.755772 -0.0357352 
vt 0.755772 0.0131776 
vt 0.748187 -0.0855361 
vt 0.755772 -0.0357352 
vt 0.748187 0.0134492 
vt 0.642192 -0.0357352 
vt 0.649737 0.0131969 
vt 0.642192 0.0131776 
vt 0.642192 -0.0357352 
vt 0.649737 -0.0853058 
vt 0.649737 0.0131969 
vt 0.64064 0.0222856 
vt 0.636465 0.0181108 
vt 0.642192 0.0131776 
vt 0.645985 0.01697 
vt 0.645985 0.01697 
vt 0.642192 0.0131776 
vt 0.649737 0.0131969 
vt 0.757324 0.0222856 
vt 0.75315 0.0264605 
vt 0.748187 0.0207624 
vt 0.751979 0.01697 
vt 0.751979 0.01697 
vt 0.748187 0.0207624 
vt 0.748187 0.0134492 
vt 0.647053 -0.0808265 
vt 0.64293 -0.0795043 
vt 0.647053 -0.0982286 
vt 0.638807 -0.078182 
vt 0.64064 -0.0653108 
vt 0.636465 -0.065311 
vt 0.647053 -0.112039 
vt 0.647053 -0.120906 
vt 0.751465 -0.0808265 
vt 0.757324 -0.0653108 
vt 0.75315 -0.0653106 
vt 0.759038 -0.0932596 
vt 0.640639 0.0423436 
vt 0.647053 -0.0808265 
vt 0.647053 -0.0982286 
vt 0.751465 -0.0982286 
vt 0.751465 -0.0808265 
vt 0.647053 -0.0982286 
vt 0.647053 -0.112039 
vt 0.751465 -0.112039 
vt 0.751465 -0.0982286 
vt 0.751465 -0.120906 
vt 0.644814 0.0423491 
vt 0.644814 -0.0653106 
vt 0.75315 -0.0653106 
vt 0.753149 0.0423491 
vt 0.644814 -0.0653106 
vt 0.647053 -0.0808265 
vt 0.751465 -0.0808265 
vt 0.75315 -0.0653106 
vt 0.644814 0.0423491 
vt 0.753149 0.0423491 
vt 0.748187 0.0511661 
vt 0.649777 0.0511661 
vt 0.751979 0.0511649 
vt 0.755251 -0.0795043 
vt 0.761499 -0.065311 
vt 0.757324 -0.0653108 
vt 0.757324 0.0423435 
vt 0.75315 -0.0653106 
vt 0.757324 -0.0653108 
vt 0.64293 -0.0795043 
vt 0.644814 -0.0653106 
vt 0.64064 -0.0653108 
vt 0.758671 -0.0808265 
vt 0.75466 -0.0795043 
vt 0.746385 -0.095744 
vt 0.749805 -0.0982286 
vt 0.750648 -0.078182 
vt 0.75466 -0.0795043 
vt 0.757323 -0.0653108 
vt 0.749805 -0.0982286 
vt 0.746385 -0.095744 
vt 0.73351 -0.108619 
vt 0.735994 -0.112039 
vt 0.735994 -0.112039 
vt 0.73351 -0.108619 
vt 0.717286 -0.116886 
vt 0.718592 -0.120906 
vt 0.742965 -0.0932596 
vt 0.753148 -0.065311 
vt 0.757323 -0.0653108 
vt 0.757323 0.0423436 
vt 0.753148 0.0423381 
vt 0.644816 0.0423381 
vt 0.699302 0.0423711 
vt 0.699302 0.051166 
vt 0.649749 0.0511638 
vt 0.699302 0.0423711 
vt 0.753148 0.0423381 
vt 0.748215 0.0511639 
vt 0.699302 0.051166 
vt 0.699302 -0.113785 
vt 0.703471 -0.114847 
vt 0.703368 -0.0653108 
vt 0.699302 -0.0693922 
vt 0.644816 -0.0653073 
vt 0.699302 -0.0693922 
vt 0.703368 -0.0653108 
vt 0.636466 -0.0653073 
vt 0.699302 -0.0693922 
vt 0.644816 -0.0693922 
vt 0.718592 -0.120906 
vt 0.717286 -0.116886 
vt 0.703547 -0.119062 
vt 0.703624 -0.123276 
vt 0.644816 0.0423381 
vt 0.636466 0.0423491 
vt 0.636466 -0.0653073 
vt 0.644816 0.0423381 
vt 0.644816 -0.0653073 
vt 0.703368 -0.0653108 
vt 0.699302 0.0423711 
vt 0.753148 -0.065311 
vt 0.753148 0.0423381 
vt 0.699302 0.0423711 
vt 0.703368 -0.0653108 
vt 0.750648 -0.078182 
vt 0.753148 -0.065311 
vt 0.703368 -0.0653108 
vt 0.742965 -0.0932596 
vt 0.750648 -0.078182 
vt 0.703368 -0.0653108 
vt 0.731025 -0.1052 
vt 0.742965 -0.0932596 
vt 0.703368 -0.0653108 
vt 0.71598 -0.112866 
vt 0.731025 -0.1052 
vt 0.703368 -0.0653108 
vt 0.703471 -0.114847 
vt 0.71598 -0.112866 
vt 0.703368 -0.0653108 
vt 0.75466 -0.0795043 
vt 0.750648 -0.078182 
vt 0.742965 -0.0932596 
vt 0.746385 -0.095744 
vt 0.75466 -0.0795043 
vt 0.758671 -0.0808265 
vt 0.761498 -0.0653106 
vt 0.746385 -0.095744 
vt 0.742965 -0.0932596 
vt 0.731025 -0.1052 
vt 0.73351 -0.108619 
vt 0.73351 -0.108619 
vt 0.731025 -0.1052 
vt 0.71598 -0.112866 
vt 0.717286 -0.116886 
vt 0.757323 -0.0653108 
vt 0.761498 -0.0653106 
vt 0.761498 0.0423491 
vt 0.757323 0.0423436 
vt 0.717286 -0.116886 
vt 0.71598 -0.112866 
vt 0.703471 -0.114847 
vt 0.703547 -0.119062 
vt 0.647053 0.0147675 
vt 0.647053 0.000957191 
vt 0.64293 -0.0177511 
vt 0.647053 -0.0164449 
vt 0.751465 0.0236343 
vt 0.751465 0.000957191 
vt 0.647053 0.000957191 
vt 0.647053 -0.0164449 
vt 0.751465 -0.0164449 
vt 0.751465 0.000957191 
vt 0.64638 -0.0314133 
vt 0.648209 -0.0357352 
vt 0.749637 -0.0357352 
vt 0.751465 -0.0314133 
vt 0.642225 -0.0357352 
vt 0.636465 -0.0316694 
vt 0.640531 -0.0357352 
vt 0.636465 -0.0902212 
vt 0.640914 -0.0902212 
vt 0.640531 -0.0357352 
vt 0.640914 -0.0902212 
vt 0.636465 -0.0902212 
vt 0.644814 -0.0985708 
vt 0.646566 -0.0943658 
vt 0.646566 -0.0943658 
vt 0.644814 -0.0985708 
vt 0.75315 -0.0985708 
vt 0.751397 -0.0943658 
vt 0.754895 -0.0357352 
vt 0.757433 -0.0357352 
vt 0.761499 -0.0316694 
vt 0.751397 -0.0943658 
vt 0.75315 -0.0985708 
vt 0.761499 -0.0902212 
vt 0.75705 -0.0902212 
vt 0.75705 -0.0902212 
vt 0.761499 -0.0902212 
vt 0.761499 -0.0316694 
vt 0.647053 -0.0164449 
vt 0.64638 -0.0314133 
vt 0.751465 -0.0314133 
vt 0.751465 -0.0164449 
vt 0.638807 -0.0190573 
vt 0.640914 -0.0902212 
vt 0.646566 -0.0943658 
vt 0.751397 -0.0943658 
vt 0.75705 -0.0902212 
vt 0.640914 -0.0902212 
vt 0.757433 -0.0357352 
vt 0.640531 -0.0357352 
vt 0.75705 -0.0902212 
vt 0.757433 -0.0357352 
vt 0.640914 -0.0902212 
vt 0.761499 0.0423381 
vt 0.755772 0.0511638 
vt 0.636465 0.0423379 
vt 0.644814 0.042349 
vt 0.649777 0.051166 
vt 0.644814 0.042349 
vt 0.75315 0.0423491 
vt 0.748187 0.051166 
vt 0.649777 0.051166 
vt 0.749755 -0.119585 
vt 0.648327 -0.119585 
vt 0.749755 -0.119585 
vt 0.751583 -0.123276 
vt 0.75537 -0.119062 
vt 0.755738 -0.113785 
vt 0.761499 -0.0653108 
vt 0.757433 -0.0693922 
vt 0.753149 -0.0653073 
vt 0.648327 -0.119585 
vt 0.643069 -0.113785 
vt 0.638926 -0.114847 
vt 0.642712 -0.119062 
vt 0.638926 -0.114847 
vt 0.643069 -0.113785 
vt 0.64053 -0.0693922 
vt 0.636465 -0.0653108 
vt 0.646566 -0.0693922 
vt 0.636465 -0.0653073 
vt 0.640914 -0.0693922 
vt 0.761499 0.0423381 
vt 0.753149 -0.0653073 
vt 0.761499 -0.0653073 
vt 0.636465 -0.0653073 
vt 0.644814 0.042349 
vt 0.636465 0.0423379 
vt 0.753149 -0.0653073 
vt 0.75315 0.0423491 
vt 0.644814 0.042349 
vt 0.644814 -0.0653073 
vt 0.749755 -0.119585 
vt 0.755738 -0.113785 
vt 0.643069 -0.113785 
vt 0.648327 -0.119585 
vt 0.64053 -0.0693922 
vt 0.643069 -0.113785 
vt 0.755738 -0.113785 
vt 0.64053 -0.0693922 
vt 0.755738 -0.113785 
vt 0.757433 -0.0693922 
vt 0.642712 -0.119062 
vt 0.646499 -0.123276 
vt 0.648327 -0.119585 
vt 0.75537 -0.119062 
vt 0.759156 -0.114847 
vt 0.755738 -0.113785 
vt 0.749755 -0.119585 

usemtl 1Mtl

f 5050/5050/5050 5051/5051/5051 5052/5052/5052 
f 5053/5053/5053 5054/5054/5054 5055/5055/5055 
f 5053/5053/5053 5055/5055/5055 5056/5056/5056 
f 5057/5057/5057 5058/5058/5058 5059/5059/5059 
f 5057/5057/5057 5059/5059/5059 5060/5060/5060 
f 5061/5061/5061 5062/5062/5062 5063/5063/5063 
f 5061/5061/5061 5063/5063/5063 5064/5064/5064 
f 5065/5065/5065 5066/5066/5066 5067/5067/5067 
f 5065/5065/5065 5067/5067/5067 5068/5068/5068 
f 5073/5073/5073 5074/5074/5074 5075/5075/5075 
f 5073/5073/5073 5075/5075/5075 5076/5076/5076 
f 5077/5077/5077 5078/5078/5078 5079/5079/5079 
f 5077/5077/5077 5079/5079/5079 5080/5080/5080 
f 5085/5085/5085 5086/5086/5086 5087/5087/5087 
f 5089/5089/5089 5090/5090/5090 5091/5091/5091 
f 5092/5092/5092 5093/5093/5093 5094/5094/5094 
f 5092/5092/5092 5094/5094/5094 5095/5095/5095 
f 5096/5096/5096 5097/5097/5097 5098/5098/5098 
f 5099/5099/5099 5100/5100/5100 5101/5101/5101 
f 5099/5099/5099 5101/5101/5101 5102/5102/5102 
f 5103/5103/5103 5104/5104/5104 5105/5105/5105 
f 5103/5103/5103 5105/5105/5105 5106/5106/5106 
f 5107/5107/5107 5108/5108/5108 5109/5109/5109 
f 5110/5110/5110 5111/5111/5111 5112/5112/5112 
f 5113/5113/5113 5114/5114/5114 5115/5115/5115 
f 5116/5116/5116 5117/5117/5117 5118/5118/5118 
f 5119/5119/5119 5120/5120/5120 5121/5121/5121 
f 5122/5122/5122 5123/5123/5123 5124/5124/5124 
f 5125/5125/5125 5126/5126/5126 5127/5127/5127 
f 5125/5125/5125 5127/5127/5127 5128/5128/5128 
f 5129/5129/5129 5130/5130/5130 5131/5131/5131 
f 5129/5129/5129 5131/5131/5131 5132/5132/5132 
f 5133/5133/5133 5134/5134/5134 5135/5135/5135 
f 5133/5133/5133 5135/5135/5135 5136/5136/5136 
f 5137/5137/5137 5138/5138/5138 5139/5139/5139 
f 5140/5140/5140 5141/5141/5141 5142/5142/5142 
f 5140/5140/5140 5142/5142/5142 5143/5143/5143 
f 5145/5145/5145 5146/5146/5146 5147/5147/5147 
f 5151/5151/5151 5152/5152/5152 5153/5153/5153 
f 5151/5151/5151 5153/5153/5153 5154/5154/5154 
f 5156/5156/5156 5157/5157/5157 5158/5158/5158 
f 5156/5156/5156 5158/5158/5158 5159/5159/5159 
f 5163/5163/5163 5164/5164/5164 5165/5165/5165 
f 5163/5163/5163 5165/5165/5165 5166/5166/5166 
f 5168/5168/5168 5169/5169/5169 5170/5170/5170 
f 5168/5168/5168 5170/5170/5170 5171/5171/5171 
f 5175/5175/5175 5176/5176/5176 5177/5177/5177 
f 5175/5175/5175 5177/5177/5177 5178/5178/5178 
f 5179/5179/5179 5180/5180/5180 5181/5181/5181 
f 5179/5179/5179 5181/5181/5181 5182/5182/5182 
f 5183/5183/5183 5184/5184/5184 5185/5185/5185 
f 5186/5186/5186 5187/5187/5187 5188/5188/5188 
f 5189/5189/5189 5190/5190/5190 5191/5191/5191 
f 5189/5189/5189 5191/5191/5191 5192/5192/5192 
f 5193/5193/5193 5194/5194/5194 5195/5195/5195 
f 5196/5196/5196 5197/5197/5197 5198/5198/5198 
f 5199/5199/5199 5200/5200/5200 5201/5201/5201 
f 5202/5202/5202 5203/5203/5203 5204/5204/5204 
f 5205/5205/5205 5206/5206/5206 5207/5207/5207 
f 5208/5208/5208 5209/5209/5209 5210/5210/5210 
f 5211/5211/5211 5212/5212/5212 5213/5213/5213 
f 5214/5214/5214 5215/5215/5215 5216/5216/5216 
f 5214/5214/5214 5216/5216/5216 5217/5217/5217 
f 5218/5218/5218 5219/5219/5219 5220/5220/5220 
f 5221/5221/5221 5222/5222/5222 5223/5223/5223 
f 5221/5221/5221 5223/5223/5223 5224/5224/5224 
f 5225/5225/5225 5226/5226/5226 5227/5227/5227 
f 5231/5231/5231 5232/5232/5232 5233/5233/5233 
f 5236/5236/5236 5237/5237/5237 5238/5238/5238 
f 5241/5241/5241 5242/5242/5242 5243/5243/5243 
f 5241/5241/5241 5243/5243/5243 5244/5244/5244 
f 5245/5245/5245 5246/5246/5246 5247/5247/5247 
f 5245/5245/5245 5247/5247/5247 5248/5248/5248 
f 5250/5250/5250 5251/5251/5251 5252/5252/5252 
f 5250/5250/5250 5252/5252/5252 5253/5253/5253 
f 5254/5254/5254 5255/5255/5255 5256/5256/5256 
f 5254/5254/5254 5256/5256/5256 5257/5257/5257 
f 5258/5258/5258 5259/5259/5259 5260/5260/5260 
f 5258/5258/5258 5260/5260/5260 5261/5261/5261 
f 5263/5263/5263 5264/5264/5264 5265/5265/5265 
f 5266/5266/5266 5267/5267/5267 5268/5268/5268 
f 5269/5269/5269 5270/5270/5270 5271/5271/5271 
f 5272/5272/5272 5273/5273/5273 5274/5274/5274 
f 5272/5272/5272 5274/5274/5274 5275/5275/5275 
f 5276/5276/5276 5277/5277/5277 5278/5278/5278 
f 5279/5279/5279 5280/5280/5280 5281/5281/5281 
f 5279/5279/5279 5281/5281/5281 5282/5282/5282 
f 5283/5283/5283 5284/5284/5284 5285/5285/5285 
f 5283/5283/5283 5285/5285/5285 5286/5286/5286 
f 5288/5288/5288 5289/5289/5289 5290/5290/5290 
f 5288/5288/5288 5290/5290/5290 5291/5291/5291 
f 5292/5292/5292 5293/5293/5293 5294/5294/5294 
f 5292/5292/5292 5294/5294/5294 5295/5295/5295 
f 5296/5296/5296 5297/5297/5297 5298/5298/5298 
f 5296/5296/5296 5298/5298/5298 5299/5299/5299 
f 5300/5300/5300 5301/5301/5301 5302/5302/5302 
f 5300/5300/5300 5302/5302/5302 5303/5303/5303 
f 5304/5304/5304 5305/5305/5305 5306/5306/5306 
f 5310/5310/5310 5311/5311/5311 5312/5312/5312 
f 5310/5310/5310 5312/5312/5312 5313/5313/5313 
f 5314/5314/5314 5315/5315/5315 5316/5316/5316 
f 5317/5317/5317 5318/5318/5318 5319/5319/5319 
f 5317/5317/5317 5319/5319/5319 5320/5320/5320 
f 5321/5321/5321 5322/5322/5322 5323/5323/5323 
f 5321/5321/5321 5323/5323/5323 5324/5324/5324 
f 5325/5325/5325 5326/5326/5326 5327/5327/5327 
f 5328/5328/5328 5329/5329/5329 5330/5330/5330 
f 5331/5331/5331 5332/5332/5332 5333/5333/5333 
f 5334/5334/5334 5335/5335/5335 5336/5336/5336 
f 5337/5337/5337 5338/5338/5338 5339/5339/5339 
f 5340/5340/5340 5341/5341/5341 5342/5342/5342 
f 5340/5340/5340 5342/5342/5342 5343/5343/5343 
f 5344/5344/5344 5345/5345/5345 5346/5346/5346 
f 5347/5347/5347 5348/5348/5348 5349/5349/5349 
f 5347/5347/5347 5349/5349/5349 5350/5350/5350 
f 5351/5351/5351 5352/5352/5352 5353/5353/5353 
f 5351/5351/5351 5353/5353/5353 5354/5354/5354 
f 5355/5355/5355 5356/5356/5356 5357/5357/5357 
f 5355/5355/5355 5357/5357/5357 5358/5358/5358 
f 5359/5359/5359 5360/5360/5360 5361/5361/5361 
f 5359/5359/5359 5361/5361/5361 5362/5362/5362 
f 5369/5369/5369 5370/5370/5370 5371/5371/5371 
f 5369/5369/5369 5371/5371/5371 5372/5372/5372 
f 5373/5373/5373 5374/5374/5374 5375/5375/5375 
f 5373/5373/5373 5375/5375/5375 5376/5376/5376 
f 5380/5380/5380 5381/5381/5381 5382/5382/5382 
f 5383/5383/5383 5384/5384/5384 5385/5385/5385 
f 5383/5383/5383 5385/5385/5385 5386/5386/5386 
f 5387/5387/5387 5388/5388/5388 5389/5389/5389 
f 5387/5387/5387 5389/5389/5389 5390/5390/5390 
f 5394/5394/5394 5395/5395/5395 5396/5396/5396 
f 5398/5398/5398 5399/5399/5399 5400/5400/5400 
f 5401/5401/5401 5402/5402/5402 5403/5403/5403 
f 5401/5401/5401 5403/5403/5403 5404/5404/5404 
f 5406/5406/5406 5407/5407/5407 5408/5408/5408 
f 5406/5406/5406 5408/5408/5408 5409/5409/5409 
f 5410/5410/5410 5411/5411/5411 5412/5412/5412 
f 5413/5413/5413 5414/5414/5414 5415/5415/5415 
f 5421/5421/5421 5422/5422/5422 5423/5423/5423 
f 5421/5421/5421 5423/5423/5423 5424/5424/5424 
f 5427/5427/5427 5428/5428/5428 5429/5429/5429 
f 5434/5434/5434 5435/5435/5435 5436/5436/5436 
f 5434/5434/5434 5436/5436/5436 5437/5437/5437 
f 5438/5438/5438 5439/5439/5439 5440/5440/5440 
f 5442/5442/5442 5443/5443/5443 5444/5444/5444 
f 5445/5445/5445 5446/5446/5446 5447/5447/5447 
f 5448/5448/5448 5449/5449/5449 5450/5450/5450 
f 5451/5451/5451 5452/5452/5452 5453/5453/5453 
f 5451/5451/5451 5453/5453/5453 5454/5454/5454 
f 5455/5455/5455 5456/5456/5456 5457/5457/5457 
f 5455/5455/5455 5457/5457/5457 5458/5458/5458 
f 5459/5459/5459 5460/5460/5460 5461/5461/5461 
f 5462/5462/5462 5463/5463/5463 5464/5464/5464 
f 5465/5465/5465 5466/5466/5466 5467/5467/5467 
f 5468/5468/5468 5469/5469/5469 5470/5470/5470 
f 5468/5468/5468 5470/5470/5470 5471/5471/5471 

g 6

v -8.31597 1.63067 -35.0755 
v -8.4552 1.55975 -35.0755 
v -8.43532 1.53239 -35.0429 
v -8.30553 1.59851 -35.0429 
v -8.29508 1.56635 -35.0102 
v -8.15653 1.58747 -35.0102 
v -8.15653 1.62129 -35.0429 
v -8.30553 1.59851 -35.0429 
v -8.4552 1.55975 -35.0755 
v -8.56569 1.44928 -35.0755 
v -8.53833 1.4294 -35.0429 
v -8.43532 1.53239 -35.0429 
v -8.56569 1.44928 -35.0755 
v -8.63663 1.31007 -35.0755 
v -8.60454 1.29949 -35.0429 
v -8.53833 1.4294 -35.0429 
v -8.63663 1.31007 -35.0755 
v -8.65925 1.17471 -35.0657 
v -8.62586 1.17194 -35.0323 
v -8.60454 1.29949 -35.0429 
v -7.6816 1.30999 -35.0755 
v -7.75252 1.44921 -35.0755 
v -7.77988 1.42933 -35.0429 
v -7.7137 1.29941 -35.0429 
v -7.74579 1.28884 -35.0102 
v -7.7258 1.16909 -34.9989 
v -7.6924 1.17186 -35.0323 
v -7.7137 1.29941 -35.0429 
v -7.75252 1.44921 -35.0755 
v -7.863 1.5597 -35.0755 
v -7.88288 1.53235 -35.0429 
v -7.77988 1.42933 -35.0429 
v -7.863 1.5597 -35.0755 
v -8.00221 1.63065 -35.0755 
v -8.01266 1.59849 -35.0429 
v -7.88288 1.53235 -35.0429 
v -8.00221 1.63065 -35.0755 
v -8.15653 1.6551 -35.0755 
v -8.15653 1.62129 -35.0429 
v -8.01266 1.59849 -35.0429 
v -8.59253 0.243704 -34.9989 
v -8.62586 1.17194 -35.0323 
v -8.62593 0.240937 -35.0323 
v -7.7258 1.16909 -34.9989 
v -7.69248 0.240859 -35.0323 
v -7.6924 1.17186 -35.0323 
v -8.59253 0.243704 -34.9989 
v -8.15665 0.238127 -34.9989 
v -8.15657 1.17467 -34.9989 
v -8.59246 1.16917 -34.9989 
v -7.7258 1.16909 -34.9989 
v -8.15657 1.17467 -34.9989 
v -8.15665 0.238127 -34.9989 
v -7.72588 0.243632 -34.9989 
v -8.41545 1.50503 -35.0102 
v -8.15657 1.17467 -34.9989 
v -8.29508 1.56635 -35.0102 
v -8.51098 1.40952 -35.0102 
v -8.15657 1.17467 -34.9989 
v -8.41545 1.50503 -35.0102 
v -8.57245 1.2889 -35.0102 
v -8.15657 1.17467 -34.9989 
v -8.51098 1.40952 -35.0102 
v -8.59246 1.16917 -34.9989 
v -8.15657 1.17467 -34.9989 
v -8.57245 1.2889 -35.0102 
v -7.74579 1.28884 -35.0102 
v -8.15657 1.17467 -34.9989 
v -7.7258 1.16909 -34.9989 
v -7.80724 1.40946 -35.0102 
v -8.15657 1.17467 -34.9989 
v -7.74579 1.28884 -35.0102 
v -7.90275 1.50499 -35.0102 
v -8.15657 1.17467 -34.9989 
v -7.80724 1.40946 -35.0102 
v -8.02311 1.56633 -35.0102 
v -8.15657 1.17467 -34.9989 
v -7.90275 1.50499 -35.0102 
v -8.15653 1.58747 -35.0102 
v -8.15657 1.17467 -34.9989 
v -8.02311 1.56633 -35.0102 
v -8.29508 1.56635 -35.0102 
v -8.15657 1.17467 -34.9989 
v -8.15653 1.58747 -35.0102 
v -7.76446 0.16579 -35.1054 
v -8.55321 0.170193 -35.1065 
v -8.59253 0.243704 -34.9989 
v -8.55307 0.17056 -35.0447 
v -8.15665 0.165494 -35.0447 
v -8.15665 0.238127 -34.9989 
v -8.15665 0.238127 -34.9989 
v -8.15665 0.165494 -35.0447 
v -7.76535 0.170494 -35.0447 
v -7.72588 0.243632 -34.9989 
v -7.70467 0.165456 -35.1054 
v -8.61375 0.165531 -35.1054 
v -8.43532 1.53239 -35.0429 
v -8.41545 1.50503 -35.0102 
v -8.29508 1.56635 -35.0102 
v -8.30553 1.59851 -35.0429 
v -8.15653 1.62129 -35.0429 
v -8.15653 1.6551 -35.0755 
v -8.31597 1.63067 -35.0755 
v -8.30553 1.59851 -35.0429 
v -8.53833 1.4294 -35.0429 
v -8.51098 1.40952 -35.0102 
v -8.41545 1.50503 -35.0102 
v -8.43532 1.53239 -35.0429 
v -8.60454 1.29949 -35.0429 
v -8.57245 1.2889 -35.0102 
v -8.51098 1.40952 -35.0102 
v -8.53833 1.4294 -35.0429 
v -8.62586 1.17194 -35.0323 
v -8.59246 1.16917 -34.9989 
v -8.57245 1.2889 -35.0102 
v -8.60454 1.29949 -35.0429 
v -7.77988 1.42933 -35.0429 
v -7.80724 1.40946 -35.0102 
v -7.74579 1.28884 -35.0102 
v -7.7137 1.29941 -35.0429 
v -7.6924 1.17186 -35.0323 
v -7.659 1.17463 -35.0657 
v -7.6816 1.30999 -35.0755 
v -7.7137 1.29941 -35.0429 
v -7.88288 1.53235 -35.0429 
v -7.90275 1.50499 -35.0102 
v -7.80724 1.40946 -35.0102 
v -7.77988 1.42933 -35.0429 
v -8.01266 1.59849 -35.0429 
v -8.02311 1.56633 -35.0102 
v -7.90275 1.50499 -35.0102 
v -7.88288 1.53235 -35.0429 
v -8.15653 1.62129 -35.0429 
v -8.15653 1.58747 -35.0102 
v -8.02311 1.56633 -35.0102 
v -8.01266 1.59849 -35.0429 
v -7.69248 0.240859 -35.0323 
v -7.659 1.17463 -35.0657 
v -7.6924 1.17186 -35.0323 
v -8.31597 1.63067 -35.0755 
v -8.15653 1.62129 -35.0429 
v -8.56569 1.44928 -35.0755 
v -8.63663 1.31007 -35.0755 
v -7.863 1.5597 -35.0755 
v -8.00221 1.63065 -35.0755 
v -8.15653 1.6551 -35.0755 
v -8.31597 1.63067 -35.9225 
v -8.15653 1.6551 -35.9225 
v -8.15653 1.62129 -35.9552 
v -8.31597 1.63067 -35.0755 
v -8.31597 1.63067 -35.9225 
v -8.4552 1.55975 -35.9225 
v -8.4552 1.55975 -35.0755 
v -8.4552 1.55975 -35.0755 
v -8.4552 1.55975 -35.9225 
v -8.56569 1.44928 -35.9225 
v -8.56569 1.44928 -35.0755 
v -7.75252 1.44921 -35.9225 
v -7.863 1.5597 -35.9225 
v -7.863 1.5597 -35.0755 
v -7.863 1.5597 -35.9225 
v -8.00221 1.63065 -35.9225 
v -8.00221 1.63065 -35.0755 
v -8.00221 1.63065 -35.0755 
v -8.00221 1.63065 -35.9225 
v -8.15653 1.6551 -35.9225 
v -8.15653 1.6551 -35.0755 
v -8.15653 1.6551 -35.0755 
v -8.15653 1.6551 -35.9225 
v -8.31597 1.63067 -35.9225 
v -8.31597 1.63067 -35.0755 
v -8.56569 1.44928 -35.0755 
v -8.63663 1.31007 -35.0755 
v -8.60454 1.29949 -35.0429 
v -8.65925 1.17471 -35.0657 
v -8.62586 1.17194 -35.0323 
v -8.60454 1.29949 -35.9552 
v -8.62586 1.17194 -35.9657 
v -8.59253 0.243704 -34.9989 
v -8.59246 1.16917 -34.9989 
v -8.62586 1.17194 -35.0323 
v -8.62593 0.240937 -35.0323 
v -8.59246 1.16917 -35.9991 
v -8.62593 0.240937 -35.9657 
v -8.62586 1.17194 -35.9657 
v -8.4552 1.55975 -35.9225 
v -8.56569 1.44928 -35.9225 
v -8.56569 1.44928 -35.0755 
v -8.56569 1.44928 -35.9225 
v -8.63663 1.31007 -35.9225 
v -8.63663 1.31007 -35.0755 
v -8.65925 1.17471 -35.0657 
v -8.65925 1.17471 -35.9324 
v -8.65933 0.238169 -35.9324 
v -8.65933 0.238169 -35.0657 
v -8.63663 1.31007 -35.0755 
v -8.63663 1.31007 -35.9225 
v -8.65925 1.17471 -35.9324 
v -8.65925 1.17471 -35.0657 
v -8.65933 0.238169 -35.9324 
v -8.61375 0.165531 -35.8926 
v -8.61375 0.165531 -35.1054 
v -8.65933 0.238169 -35.0657 
v -8.62586 1.17194 -35.0323 
v -8.65925 1.17471 -35.0657 
v -8.65933 0.238169 -35.0657 
v -8.62593 0.240937 -35.0323 
v -8.62593 0.240937 -35.9657 
v -8.65933 0.238169 -35.9324 
v -8.65925 1.17471 -35.9324 
v -8.62586 1.17194 -35.9657 
v -8.31597 1.63067 -35.9225 
v -8.15653 1.6551 -35.9225 
v -8.15653 1.62129 -35.9552 
v -8.30553 1.59851 -35.9552 
v -8.29508 1.56635 -35.9878 
v -8.41545 1.50503 -35.9878 
v -8.43532 1.53239 -35.9552 
v -8.30553 1.59851 -35.9552 
v -8.41545 1.50503 -35.9878 
v -8.51098 1.40952 -35.9878 
v -8.53833 1.4294 -35.9552 
v -8.43532 1.53239 -35.9552 
v -8.51098 1.40952 -35.9878 
v -8.57245 1.2889 -35.9878 
v -8.60454 1.29949 -35.9552 
v -8.53833 1.4294 -35.9552 
v -8.57245 1.2889 -35.9878 
v -8.59246 1.16917 -35.9991 
v -8.62586 1.17194 -35.9657 
v -8.60454 1.29949 -35.9552 
v -7.6816 1.30999 -35.9225 
v -7.659 1.17463 -35.9324 
v -7.6924 1.17186 -35.9657 
v -7.7137 1.29941 -35.9552 
v -7.74579 1.28884 -35.9878 
v -7.80724 1.40946 -35.9878 
v -7.77988 1.42933 -35.9552 
v -7.7137 1.29941 -35.9552 
v -7.80724 1.40946 -35.9878 
v -7.90275 1.50499 -35.9878 
v -7.88288 1.53235 -35.9552 
v -7.77988 1.42933 -35.9552 
v -7.90275 1.50499 -35.9878 
v -8.02311 1.56633 -35.9878 
v -8.01266 1.59849 -35.9552 
v -7.88288 1.53235 -35.9552 
v -8.02311 1.56633 -35.9878 
v -8.15653 1.58747 -35.9878 
v -8.15653 1.62129 -35.9552 
v -8.01266 1.59849 -35.9552 
v -8.59246 1.16917 -35.9991 
v -8.59253 0.243704 -35.9991 
v -8.62593 0.240937 -35.9657 
v -7.72588 0.243632 -35.9991 
v -7.7258 1.16909 -35.9991 
v -7.6924 1.17186 -35.9657 
v -7.69248 0.240859 -35.9657 
v -8.4552 1.55975 -35.9225 
v -8.56569 1.44928 -35.9225 
v -7.75252 1.44921 -35.9225 
v -7.863 1.5597 -35.9225 
v -8.00221 1.63065 -35.9225 
v -8.59246 1.16917 -35.9991 
v -8.15657 1.17467 -35.9991 
v -8.15665 0.238128 -35.9991 
v -8.59253 0.243704 -35.9991 
v -7.72588 0.243632 -35.9991 
v -8.15665 0.238128 -35.9991 
v -8.15657 1.17467 -35.9991 
v -7.7258 1.16909 -35.9991 
v -8.29508 1.56635 -35.9878 
v -8.15657 1.17467 -35.9991 
v -8.41545 1.50503 -35.9878 
v -8.41545 1.50503 -35.9878 
v -8.15657 1.17467 -35.9991 
v -8.51098 1.40952 -35.9878 
v -8.51098 1.40952 -35.9878 
v -8.15657 1.17467 -35.9991 
v -8.57245 1.2889 -35.9878 
v -8.57245 1.2889 -35.9878 
v -8.15657 1.17467 -35.9991 
v -8.59246 1.16917 -35.9991 
v -7.7258 1.16909 -35.9991 
v -8.15657 1.17467 -35.9991 
v -7.74579 1.28884 -35.9878 
v -7.74579 1.28884 -35.9878 
v -8.15657 1.17467 -35.9991 
v -7.80724 1.40946 -35.9878 
v -7.80724 1.40946 -35.9878 
v -8.15657 1.17467 -35.9991 
v -7.90275 1.50499 -35.9878 
v -7.90275 1.50499 -35.9878 
v -8.15657 1.17467 -35.9991 
v -8.02311 1.56633 -35.9878 
v -8.02311 1.56633 -35.9878 
v -8.15657 1.17467 -35.9991 
v -8.15653 1.58747 -35.9878 
v -8.15653 1.58747 -35.9878 
v -8.15657 1.17467 -35.9991 
v -8.29508 1.56635 -35.9878 
v -8.55495 0.165527 -35.8926 
v -7.70467 0.165456 -35.8926 
v -7.72588 0.243632 -35.9991 
v -7.76535 0.170494 -35.9533 
v -8.15665 0.165494 -35.9533 
v -8.15665 0.238128 -35.9991 
v -8.15665 0.238128 -35.9991 
v -8.15665 0.165494 -35.9533 
v -8.55307 0.17056 -35.9533 
v -8.59253 0.243704 -35.9991 
v -8.61375 0.165531 -35.8926 
v -7.7644 0.165461 -35.8926 
v -8.15653 1.62129 -35.9552 
v -8.15653 1.58747 -35.9878 
v -8.29508 1.56635 -35.9878 
v -8.30553 1.59851 -35.9552 
v -8.43532 1.53239 -35.9552 
v -8.4552 1.55975 -35.9225 
v -8.31597 1.63067 -35.9225 
v -8.30553 1.59851 -35.9552 
v -8.53833 1.4294 -35.9552 
v -8.56569 1.44928 -35.9225 
v -8.4552 1.55975 -35.9225 
v -8.43532 1.53239 -35.9552 
v -8.60454 1.29949 -35.9552 
v -8.63663 1.31007 -35.9225 
v -8.56569 1.44928 -35.9225 
v -8.53833 1.4294 -35.9552 
v -8.62586 1.17194 -35.9657 
v -8.65925 1.17471 -35.9324 
v -8.63663 1.31007 -35.9225 
v -8.60454 1.29949 -35.9552 
v -7.6924 1.17186 -35.9657 
v -7.7258 1.16909 -35.9991 
v -7.74579 1.28884 -35.9878 
v -7.7137 1.29941 -35.9552 
v -7.77988 1.42933 -35.9552 
v -7.75252 1.44921 -35.9225 
v -7.6816 1.30999 -35.9225 
v -7.7137 1.29941 -35.9552 
v -7.88288 1.53235 -35.9552 
v -7.863 1.5597 -35.9225 
v -7.75252 1.44921 -35.9225 
v -7.77988 1.42933 -35.9552 
v -8.01266 1.59849 -35.9552 
v -8.00221 1.63065 -35.9225 
v -7.863 1.5597 -35.9225 
v -7.88288 1.53235 -35.9552 
v -8.15653 1.62129 -35.9552 
v -8.15653 1.6551 -35.9225 
v -8.00221 1.63065 -35.9225 
v -8.01266 1.59849 -35.9552 
v -7.6924 1.17186 -35.9657 
v -7.659 1.17463 -35.9324 
v -7.65908 0.238086 -35.9324 
v -8.62593 0.240937 -35.0323 
v -8.62593 0.240937 -35.9657 
v -7.69248 0.240859 -35.0323 
v -7.69248 0.240859 -35.9657 
v -8.15665 0.238127 -34.9989 
v -8.15665 0.238128 -35.9991 
v -8.55495 0.165527 -35.8926 
v -7.76446 0.16579 -35.1054 
v -8.55321 0.170193 -35.1065 
v -8.55307 0.17056 -35.0447 
v -7.76535 0.170494 -35.0447 
v -7.72588 0.243632 -34.9989 
v -7.76535 0.170494 -35.0447 
v -7.73501 0.167975 -35.075 
v -7.69248 0.240859 -35.0323 
v -7.70467 0.165456 -35.1054 
v -7.70467 0.165456 -35.8926 
v -7.65908 0.238086 -35.9324 
v -7.70467 0.165456 -35.8926 
v -7.73501 0.167975 -35.923 
v -7.69248 0.240859 -35.9657 
v -7.76535 0.170494 -35.9533 
v -8.55307 0.17056 -35.9533 
v -8.59253 0.243704 -35.9991 
v -8.55307 0.17056 -35.9533 
v -8.58341 0.168045 -35.923 
v -8.62593 0.240937 -35.9657 
v -8.61375 0.165531 -35.8926 
v -8.61375 0.165531 -35.1054 
v -8.65933 0.238169 -35.0657 
v -8.61375 0.165531 -35.1054 
v -8.58341 0.168045 -35.075 
v -8.62593 0.240937 -35.0323 
v -8.15665 0.165494 -35.9533 
v -7.7644 0.165461 -35.8926 
v -8.55495 0.165527 -35.8926 
v -8.55321 0.170193 -35.1065 
v -8.61375 0.165531 -35.1054 
v -8.61375 0.165531 -35.8926 
v -8.55495 0.165527 -35.8926 
v -8.55495 0.165527 -35.8926 
v -8.61375 0.165531 -35.8926 
v -8.58341 0.168045 -35.923 
v -8.55307 0.17056 -35.0447 
v -8.55321 0.170193 -35.1065 
v -8.15665 0.165494 -35.0447 
v -8.55307 0.17056 -35.0447 
v -8.58341 0.168045 -35.075 
v -8.55321 0.170193 -35.1065 
v -7.7644 0.165461 -35.8926 
v -7.76535 0.170494 -35.9533 
v -7.73501 0.167975 -35.923 
v -7.70467 0.165456 -35.1054 
v -7.76446 0.16579 -35.1054 
v -7.7644 0.165461 -35.8926 
v -7.70467 0.165456 -35.8926 
v -7.76446 0.16579 -35.1054 
v -7.70467 0.165456 -35.1054 
v -7.73501 0.167975 -35.075 
v -8.15665 0.165494 -35.9533 
v -8.55495 0.165527 -35.8926 
v -8.55307 0.17056 -35.9533 
v -7.76535 0.170494 -35.9533 
v -7.7644 0.165461 -35.8926 
v -8.15665 0.165494 -35.9533 
v -8.15665 0.165494 -35.0447 
v -7.76446 0.16579 -35.1054 
v -7.76535 0.170494 -35.0447 
v -8.15665 0.165494 -35.0447 
v -8.55321 0.170193 -35.1065 
v -7.76446 0.16579 -35.1054 
v -7.7644 0.165461 -35.8926 
v -7.76446 0.16579 -35.1054 
v -8.55495 0.165527 -35.8926 
v -7.73501 0.167975 -35.075 
v -7.70467 0.165456 -35.1054 
v -7.65908 0.238086 -35.0657 
v -7.69248 0.240859 -35.0323 
v -8.58341 0.168045 -35.075 
v -8.55307 0.17056 -35.0447 
v -8.59253 0.243704 -34.9989 
v -8.62593 0.240937 -35.0323 
v -8.58341 0.168045 -35.075 
v -8.61375 0.165531 -35.1054 
v -8.55321 0.170193 -35.1065 
v -7.73501 0.167975 -35.075 
v -7.76535 0.170494 -35.0447 
v -7.76446 0.16579 -35.1054 
v -7.73501 0.167975 -35.923 
v -7.76535 0.170494 -35.9533 
v -7.72588 0.243632 -35.9991 
v -7.69248 0.240859 -35.9657 
v -8.58341 0.168045 -35.923 
v -8.61375 0.165531 -35.8926 
v -8.65933 0.238169 -35.9324 
v -8.62593 0.240937 -35.9657 
v -7.73501 0.167975 -35.923 
v -7.70467 0.165456 -35.8926 
v -7.7644 0.165461 -35.8926 
v -8.58341 0.168045 -35.923 
v -8.55307 0.17056 -35.9533 
v -8.55495 0.165527 -35.8926 
v -7.6816 1.30999 -35.0755 
v -7.6924 1.17186 -35.0323 
v -7.863 1.5597 -35.0755 
v -7.6816 1.30999 -35.9225 
v -7.659 1.17463 -35.9324 
v -7.6924 1.17186 -35.9657 
v -7.7258 1.16909 -34.9989 
v -7.72588 0.243632 -34.9989 
v -7.69248 0.240859 -35.0323 
v -7.72588 0.243632 -35.9991 
v -7.6924 1.17186 -35.9657 
v -7.69248 0.240859 -35.9657 
v -7.6816 1.30999 -35.0755 
v -7.6816 1.30999 -35.9225 
v -7.75252 1.44921 -35.9225 
v -7.75252 1.44921 -35.0755 
v -7.75252 1.44921 -35.0755 
v -7.75252 1.44921 -35.9225 
v -7.863 1.5597 -35.9225 
v -7.863 1.5597 -35.0755 
v -7.65908 0.238086 -35.0657 
v -7.65908 0.238086 -35.9324 
v -7.659 1.17463 -35.9324 
v -7.659 1.17463 -35.0657 
v -7.659 1.17463 -35.0657 
v -7.659 1.17463 -35.9324 
v -7.6816 1.30999 -35.9225 
v -7.6816 1.30999 -35.0755 
v -7.65908 0.238086 -35.0657 
v -7.70467 0.165456 -35.1054 
v -7.70467 0.165456 -35.8926 
v -7.65908 0.238086 -35.9324 
v -7.69248 0.240859 -35.0323 
v -7.65908 0.238086 -35.0657 
v -7.659 1.17463 -35.0657 
v -7.6924 1.17186 -35.9657 
v -7.65908 0.238086 -35.9324 
v -7.69248 0.240859 -35.9657 

vn -0.212598 0.661417 0.716535 
vn -0.409449 0.559055 0.716535 
vn -0.409449 0.559055 0.716535 
vn -0.212598 0.661417 0.716535 
vn -0.212598 0.661417 0.716535 
vn 0 0.692913 0.716535 
vn 0 0.692913 0.716535 
vn -0.212598 0.661417 0.716535 
vn -0.409449 0.559055 0.716535 
vn -0.559055 0.409449 0.716535 
vn -0.559055 0.409449 0.716535 
vn -0.409449 0.559055 0.716535 
vn -0.559055 0.409449 0.716535 
vn -0.653543 0.244094 0.716535 
vn -0.653543 0.244094 0.716535 
vn -0.559055 0.409449 0.716535 
vn -0.653543 0.244094 0.716535 
vn -0.700787 0.0866142 0.708661 
vn -0.700787 0.0866142 0.708661 
vn -0.653543 0.244094 0.716535 
vn 0.653543 0.244094 0.716535 
vn 0.559055 0.409449 0.716535 
vn 0.559055 0.409449 0.716535 
vn 0.653543 0.244094 0.716535 
vn 0.653543 0.244094 0.716535 
vn 0.700787 0.0866142 0.708661 
vn 0.700787 0.0866142 0.708661 
vn 0.653543 0.244094 0.716535 
vn 0.559055 0.409449 0.716535 
vn 0.409449 0.559055 0.716535 
vn 0.409449 0.559055 0.716535 
vn 0.559055 0.409449 0.716535 
vn 0.409449 0.559055 0.716535 
vn 0.212598 0.661417 0.716535 
vn 0.212598 0.661417 0.716535 
vn 0.409449 0.559055 0.716535 
vn 0.212598 0.661417 0.716535 
vn 0 0.692913 0.716535 
vn 0 0.692913 0.716535 
vn 0.212598 0.661417 0.716535 
vn -0.708661 0 0.708661 
vn -0.700787 0.0866142 0.708661 
vn -0.708661 0 0.708661 
vn 0.700787 0.0866142 0.708661 
vn 0.708661 0 0.708661 
vn 0.700787 0.0866142 0.708661 
vn 0 0 1 
vn 0 0 1 
vn 0 0.015748 1 
vn 0 0.0472441 1 
vn 0 0.0472441 1 
vn 0 0.015748 1 
vn 0 0 1 
vn 0 0 1 
vn -0.015748 0.023622 1 
vn 0 0.015748 1 
vn -0.00787402 0.023622 1 
vn -0.023622 0.015748 1 
vn 0 0.015748 1 
vn -0.015748 0.023622 1 
vn -0.015748 0.0551181 1 
vn 0 0.015748 1 
vn -0.023622 0.015748 1 
vn 0 0.0472441 1 
vn 0 0.015748 1 
vn -0.015748 0.0551181 1 
vn 0.015748 0.0551181 1 
vn 0 0.015748 1 
vn 0 0.0472441 1 
vn 0.023622 0.015748 1 
vn 0 0.015748 1 
vn 0.015748 0.0551181 1 
vn 0.015748 0.023622 1 
vn 0 0.015748 1 
vn 0.023622 0.015748 1 
vn 0.00787402 0.023622 1 
vn 0 0.015748 1 
vn 0.015748 0.023622 1 
vn 0 0.023622 1 
vn 0 0.015748 1 
vn 0.00787402 0.023622 1 
vn -0.00787402 0.023622 1 
vn 0 0.015748 1 
vn 0 0.023622 1 
vn -0.00787402 -1 0.00787402 
vn -0.00787402 -1 0.00787402 
vn -0.00787402 -0.535433 0.84252 
vn -0.00787402 -0.535433 0.84252 
vn -0.00787402 -0.535433 0.84252 
vn -0.00787402 -0.535433 0.84252 
vn 0.00787402 -0.535433 0.84252 
vn 0.00787402 -0.535433 0.84252 
vn 0.00787402 -0.535433 0.84252 
vn 0.00787402 -0.535433 0.84252 
vn 0.850394 -0.535433 0 
vn -0.850394 -0.535433 0 
vn -0.409449 0.559055 0.716535 
vn -0.409449 0.559055 0.716535 
vn -0.212598 0.661417 0.716535 
vn -0.212598 0.661417 0.716535 
vn 0 0.692913 0.716535 
vn 0 0.692913 0.716535 
vn -0.212598 0.661417 0.716535 
vn -0.212598 0.661417 0.716535 
vn -0.559055 0.409449 0.716535 
vn -0.559055 0.409449 0.716535 
vn -0.409449 0.559055 0.716535 
vn -0.409449 0.559055 0.716535 
vn -0.653543 0.244094 0.716535 
vn -0.653543 0.244094 0.716535 
vn -0.559055 0.409449 0.716535 
vn -0.559055 0.409449 0.716535 
vn -0.700787 0.0866142 0.708661 
vn -0.700787 0.0866142 0.708661 
vn -0.653543 0.244094 0.716535 
vn -0.653543 0.244094 0.716535 
vn 0.559055 0.409449 0.716535 
vn 0.559055 0.409449 0.716535 
vn 0.653543 0.244094 0.716535 
vn 0.653543 0.244094 0.716535 
vn 0.700787 0.0866142 0.708661 
vn 0.700787 0.0866142 0.708661 
vn 0.653543 0.244094 0.716535 
vn 0.653543 0.244094 0.716535 
vn 0.409449 0.559055 0.716535 
vn 0.409449 0.559055 0.716535 
vn 0.559055 0.409449 0.716535 
vn 0.559055 0.409449 0.716535 
vn 0.212598 0.661417 0.716535 
vn 0.212598 0.661417 0.716535 
vn 0.409449 0.559055 0.716535 
vn 0.409449 0.559055 0.716535 
vn 0 0.692913 0.716535 
vn 0 0.692913 0.716535 
vn 0.212598 0.661417 0.716535 
vn 0.212598 0.661417 0.716535 
vn 0.708661 0 0.708661 
vn 0.700787 0.0866142 0.708661 
vn 0.700787 0.0866142 0.708661 
vn -0.212598 0.661417 0.716535 
vn 0 0.692913 0.716535 
vn -0.559055 0.409449 0.716535 
vn -0.653543 0.244094 0.716535 
vn 0.409449 0.559055 0.716535 
vn 0.212598 0.661417 0.716535 
vn 0 0.692913 0.716535 
vn -0.212598 0.661417 -0.716535 
vn 0 0.692913 -0.716535 
vn 0 0.692913 -0.716535 
vn -0.307087 0.952756 0 
vn -0.307087 0.952756 0 
vn -0.590551 0.811024 0 
vn -0.590551 0.811024 0 
vn -0.590551 0.811024 0 
vn -0.590551 0.811024 0 
vn -0.811024 0.590551 0 
vn -0.811024 0.590551 0 
vn 0.811024 0.590551 0 
vn 0.590551 0.811024 0 
vn 0.590551 0.811024 0 
vn 0.590551 0.811024 0 
vn 0.307087 0.952756 0 
vn 0.307087 0.952756 0 
vn 0.307087 0.952756 0 
vn 0.307087 0.952756 0 
vn 0 1 0 
vn 0 1 0 
vn 0 1 0 
vn 0 1 0 
vn -0.307087 0.952756 0 
vn -0.307087 0.952756 0 
vn -0.559055 0.409449 0.716535 
vn -0.653543 0.244094 0.716535 
vn -0.653543 0.244094 0.716535 
vn -0.700787 0.0866142 0.708661 
vn -0.700787 0.0866142 0.708661 
vn -0.653543 0.244094 -0.716535 
vn -0.700787 0.0866142 -0.708661 
vn -0.708661 0 0.708661 
vn -0.700787 0.0866142 0.708661 
vn -0.700787 0.0866142 0.708661 
vn -0.708661 0 0.708661 
vn -0.700787 0.0866142 -0.708661 
vn -0.708661 0 -0.708661 
vn -0.700787 0.0866142 -0.708661 
vn -0.590551 0.811024 0 
vn -0.811024 0.590551 0 
vn -0.811024 0.590551 0 
vn -0.811024 0.590551 0 
vn -0.952756 0.307087 0 
vn -0.952756 0.307087 0 
vn -1 0.0787402 0 
vn -1 0.0787402 0 
vn -1 0 0 
vn -1 0 0 
vn -0.952756 0.307087 0 
vn -0.952756 0.307087 0 
vn -1 0.0787402 0 
vn -1 0.0787402 0 
vn -0.850394 -0.535433 0 
vn -0.850394 -0.535433 0 
vn -0.850394 -0.535433 0 
vn -0.850394 -0.535433 0 
vn -0.700787 0.0866142 0.708661 
vn -0.700787 0.0866142 0.708661 
vn -0.708661 0 0.708661 
vn -0.708661 0 0.708661 
vn -0.708661 0 -0.708661 
vn -0.708661 0 -0.708661 
vn -0.700787 0.0866142 -0.708661 
vn -0.700787 0.0866142 -0.708661 
vn -0.212598 0.661417 -0.716535 
vn 0 0.692913 -0.716535 
vn 0 0.692913 -0.716535 
vn -0.212598 0.661417 -0.716535 
vn -0.212598 0.661417 -0.716535 
vn -0.409449 0.559055 -0.716535 
vn -0.409449 0.559055 -0.716535 
vn -0.212598 0.661417 -0.716535 
vn -0.409449 0.559055 -0.716535 
vn -0.559055 0.409449 -0.716535 
vn -0.559055 0.409449 -0.716535 
vn -0.409449 0.559055 -0.716535 
vn -0.559055 0.409449 -0.716535 
vn -0.653543 0.244094 -0.716535 
vn -0.653543 0.244094 -0.716535 
vn -0.559055 0.409449 -0.716535 
vn -0.653543 0.244094 -0.716535 
vn -0.700787 0.0866142 -0.708661 
vn -0.700787 0.0866142 -0.708661 
vn -0.653543 0.244094 -0.716535 
vn 0.653543 0.244094 -0.716535 
vn 0.700787 0.0866142 -0.708661 
vn 0.700787 0.0866142 -0.708661 
vn 0.653543 0.244094 -0.716535 
vn 0.653543 0.244094 -0.716535 
vn 0.559055 0.409449 -0.716535 
vn 0.559055 0.409449 -0.716535 
vn 0.653543 0.244094 -0.716535 
vn 0.559055 0.409449 -0.716535 
vn 0.409449 0.559055 -0.716535 
vn 0.409449 0.559055 -0.716535 
vn 0.559055 0.409449 -0.716535 
vn 0.409449 0.559055 -0.716535 
vn 0.212598 0.661417 -0.716535 
vn 0.212598 0.661417 -0.716535 
vn 0.409449 0.559055 -0.716535 
vn 0.212598 0.661417 -0.716535 
vn 0 0.692913 -0.716535 
vn 0 0.692913 -0.716535 
vn 0.212598 0.661417 -0.716535 
vn -0.700787 0.0866142 -0.708661 
vn -0.708661 0 -0.708661 
vn -0.708661 0 -0.708661 
vn 0.708661 0 -0.708661 
vn 0.700787 0.0866142 -0.708661 
vn 0.700787 0.0866142 -0.708661 
vn 0.708661 0 -0.708661 
vn -0.590551 0.811024 0 
vn -0.811024 0.590551 0 
vn 0.811024 0.590551 0 
vn 0.590551 0.811024 0 
vn 0.307087 0.952756 0 
vn 0 0.0472441 -1 
vn 0 0.015748 -1 
vn 0 0 -1 
vn 0 0 -1 
vn 0 0 -1 
vn 0 0 -1 
vn 0 0.015748 -1 
vn 0 0.0472441 -1 
vn -0.00787402 0.023622 -1 
vn 0 0.015748 -1 
vn -0.015748 0.023622 -1 
vn -0.015748 0.023622 -1 
vn 0 0.015748 -1 
vn -0.023622 0.015748 -1 
vn -0.023622 0.015748 -1 
vn 0 0.015748 -1 
vn -0.015748 0.0551181 -1 
vn -0.015748 0.0551181 -1 
vn 0 0.015748 -1 
vn 0 0.0472441 -1 
vn 0 0.0472441 -1 
vn 0 0.015748 -1 
vn 0.015748 0.0551181 -1 
vn 0.015748 0.0551181 -1 
vn 0 0.015748 -1 
vn 0.023622 0.015748 -1 
vn 0.023622 0.015748 -1 
vn 0 0.015748 -1 
vn 0.015748 0.023622 -1 
vn 0.015748 0.023622 -1 
vn 0 0.015748 -1 
vn 0.00787402 0.023622 -1 
vn 0.00787402 0.023622 -1 
vn 0 0.015748 -1 
vn 0 0.023622 -1 
vn 0 0.023622 -1 
vn 0 0.015748 -1 
vn -0.00787402 0.023622 -1 
vn -0.00787402 -1 0.00787402 
vn 0.850394 -0.535433 0 
vn 0.00787402 -0.535433 -0.84252 
vn 0.00787402 -0.535433 -0.84252 
vn 0.00787402 -0.535433 -0.84252 
vn 0.00787402 -0.535433 -0.84252 
vn -0.00787402 -0.535433 -0.84252 
vn -0.00787402 -0.535433 -0.84252 
vn -0.00787402 -0.535433 -0.84252 
vn -0.00787402 -0.535433 -0.84252 
vn -0.850394 -0.535433 0 
vn 0 -1 0 
vn 0 0.692913 -0.716535 
vn 0 0.692913 -0.716535 
vn -0.212598 0.661417 -0.716535 
vn -0.212598 0.661417 -0.716535 
vn -0.409449 0.559055 -0.716535 
vn -0.409449 0.559055 -0.716535 
vn -0.212598 0.661417 -0.716535 
vn -0.212598 0.661417 -0.716535 
vn -0.559055 0.409449 -0.716535 
vn -0.559055 0.409449 -0.716535 
vn -0.409449 0.559055 -0.716535 
vn -0.409449 0.559055 -0.716535 
vn -0.653543 0.244094 -0.716535 
vn -0.653543 0.244094 -0.716535 
vn -0.559055 0.409449 -0.716535 
vn -0.559055 0.409449 -0.716535 
vn -0.700787 0.0866142 -0.708661 
vn -0.700787 0.0866142 -0.708661 
vn -0.653543 0.244094 -0.716535 
vn -0.653543 0.244094 -0.716535 
vn 0.700787 0.0866142 -0.708661 
vn 0.700787 0.0866142 -0.708661 
vn 0.653543 0.244094 -0.716535 
vn 0.653543 0.244094 -0.716535 
vn 0.559055 0.409449 -0.716535 
vn 0.559055 0.409449 -0.716535 
vn 0.653543 0.244094 -0.716535 
vn 0.653543 0.244094 -0.716535 
vn 0.409449 0.559055 -0.716535 
vn 0.409449 0.559055 -0.716535 
vn 0.559055 0.409449 -0.716535 
vn 0.559055 0.409449 -0.716535 
vn 0.212598 0.661417 -0.716535 
vn 0.212598 0.661417 -0.716535 
vn 0.409449 0.559055 -0.716535 
vn 0.409449 0.559055 -0.716535 
vn 0 0.692913 -0.716535 
vn 0 0.692913 -0.716535 
vn 0.212598 0.661417 -0.716535 
vn 0.212598 0.661417 -0.716535 
vn 0.700787 0.0866142 -0.708661 
vn 0.700787 0.0866142 -0.708661 
vn 0.708661 0 -0.708661 
vn -0.708661 0 0.708661 
vn -0.708661 0 -0.708661 
vn 0.708661 0 0.708661 
vn 0.708661 0 -0.708661 
vn 0 0 1 
vn 0 0 -1 
vn -0.00787402 -1 0.00787402 
vn -0.00787402 -1 0.00787402 
vn -0.00787402 -1 0.00787402 
vn -0.00787402 -0.535433 0.84252 
vn 0.00787402 -0.535433 0.84252 
vn 0.519685 -0.637795 0.566929 
vn 0.519685 -0.637795 0.566929 
vn 0.519685 -0.637795 0.566929 
vn 0.519685 -0.637795 0.566929 
vn 0.850394 -0.535433 0 
vn 0.850394 -0.535433 0 
vn 0.519685 -0.637795 -0.566929 
vn 0.519685 -0.637795 -0.566929 
vn 0.519685 -0.637795 -0.566929 
vn 0.519685 -0.637795 -0.566929 
vn 0.00787402 -0.535433 -0.84252 
vn -0.00787402 -0.535433 -0.84252 
vn -0.519685 -0.637795 -0.566929 
vn -0.519685 -0.637795 -0.566929 
vn -0.519685 -0.637795 -0.566929 
vn -0.519685 -0.637795 -0.566929 
vn -0.850394 -0.535433 0 
vn -0.850394 -0.535433 0 
vn -0.519685 -0.637795 0.566929 
vn -0.519685 -0.637795 0.566929 
vn -0.519685 -0.637795 0.566929 
vn -0.519685 -0.637795 0.566929 
vn 0 -1 0 
vn 0 -1 0 
vn 0 -1 0 
vn 0.0393701 -1 0 
vn 0.0393701 -1 0 
vn 0.0393701 -1 0 
vn 0.0393701 -1 0 
vn 0 -1 -0.0787402 
vn 0 -1 -0.0787402 
vn 0 -1 -0.0787402 
vn -0.015748 -1 0.00787402 
vn -0.015748 -1 0.00787402 
vn -0.015748 -1 0.00787402 
vn 0.0787402 -1 0.00787402 
vn 0.0787402 -1 0.00787402 
vn 0.0787402 -1 0.00787402 
vn 0 -1 -0.0787402 
vn 0 -1 -0.0787402 
vn 0 -1 -0.0787402 
vn 0 -1 0 
vn 0 -1 0 
vn 0 -1 0 
vn 0 -1 0 
vn -0.00787402 -1 0.0787402 
vn -0.00787402 -1 0.0787402 
vn -0.00787402 -1 0.0787402 
vn -0.015748 -1 -0.0866142 
vn -0.015748 -1 -0.0866142 
vn -0.015748 -1 -0.0866142 
vn 0.015748 -1 -0.0866142 
vn 0.015748 -1 -0.0866142 
vn 0.015748 -1 -0.0866142 
vn 0.015748 -1 0.0787402 
vn 0.015748 -1 0.0787402 
vn 0.015748 -1 0.0787402 
vn -0.00787402 -1 -0.0393701 
vn -0.00787402 -1 -0.0393701 
vn -0.00787402 -1 -0.0393701 
vn 0 -1 0 
vn 0 -1 0 
vn 0 -1 0 
vn 0.519685 -0.637795 0.566929 
vn 0.519685 -0.637795 0.566929 
vn 0.519685 -0.637795 0.566929 
vn 0.519685 -0.637795 0.566929 
vn -0.519685 -0.637795 0.566929 
vn -0.519685 -0.637795 0.566929 
vn -0.519685 -0.637795 0.566929 
vn -0.519685 -0.637795 0.566929 
vn 0.0787402 -1 0.00787402 
vn 0.0787402 -1 0.00787402 
vn 0.0787402 -1 0.00787402 
vn -0.00787402 -1 0.0787402 
vn -0.00787402 -1 0.0787402 
vn -0.00787402 -1 0.0787402 
vn 0.519685 -0.637795 -0.566929 
vn 0.519685 -0.637795 -0.566929 
vn 0.519685 -0.637795 -0.566929 
vn 0.519685 -0.637795 -0.566929 
vn -0.519685 -0.637795 -0.566929 
vn -0.519685 -0.637795 -0.566929 
vn -0.519685 -0.637795 -0.566929 
vn -0.519685 -0.637795 -0.566929 
vn 0 -1 -0.0787402 
vn 0 -1 -0.0787402 
vn 0 -1 -0.0787402 
vn 0 -1 -0.0787402 
vn 0 -1 -0.0787402 
vn 0 -1 -0.0787402 
vn 0.653543 0.244094 0.716535 
vn 0.700787 0.0866142 0.708661 
vn 0.409449 0.559055 0.716535 
vn 0.653543 0.244094 -0.716535 
vn 0.700787 0.0866142 -0.708661 
vn 0.700787 0.0866142 -0.708661 
vn 0.700787 0.0866142 0.708661 
vn 0.708661 0 0.708661 
vn 0.708661 0 0.708661 
vn 0.708661 0 -0.708661 
vn 0.700787 0.0866142 -0.708661 
vn 0.708661 0 -0.708661 
vn 0.952756 0.307087 0 
vn 0.952756 0.307087 0 
vn 0.811024 0.590551 0 
vn 0.811024 0.590551 0 
vn 0.811024 0.590551 0 
vn 0.811024 0.590551 0 
vn 0.590551 0.811024 0 
vn 0.590551 0.811024 0 
vn 1 0 0 
vn 1 0 0 
vn 1 0.0787402 0 
vn 1 0.0787402 0 
vn 1 0.0787402 0 
vn 1 0.0787402 0 
vn 0.952756 0.307087 0 
vn 0.952756 0.307087 0 
vn 0.850394 -0.535433 0 
vn 0.850394 -0.535433 0 
vn 0.850394 -0.535433 0 
vn 0.850394 -0.535433 0 
vn 0.708661 0 0.708661 
vn 0.708661 0 0.708661 
vn 0.700787 0.0866142 0.708661 
vn 0.700787 0.0866142 -0.708661 
vn 0.708661 0 -0.708661 
vn 0.708661 0 -0.708661 

vt -1.06199 1.70296 
vt -1.07939 1.6941 
vt -1.07691 1.69068 
vt -1.06068 1.69894 
vt -1.05938 1.69492 
vt -1.04206 1.69756 
vt -1.04206 1.70179 
vt -1.06068 1.69894 
vt -1.07939 1.6941 
vt -1.0932 1.68029 
vt -1.08978 1.6778 
vt -1.07691 1.69068 
vt -1.0932 1.68029 
vt -1.10207 1.66289 
vt -1.09806 1.66156 
vt -1.08978 1.6778 
vt -1.10207 1.66289 
vt -1.1049 1.64597 
vt -1.10072 1.64562 
vt -1.09806 1.66156 
vt -0.982692 1.66288 
vt -0.991557 1.68028 
vt -0.994977 1.67779 
vt -0.986704 1.66155 
vt -0.990716 1.66023 
vt -0.988217 1.64526 
vt -0.984042 1.64561 
vt -0.986704 1.66155 
vt -0.991557 1.68028 
vt -1.00537 1.69409 
vt -1.00785 1.69067 
vt -0.994977 1.67779 
vt -1.00537 1.69409 
vt -1.02277 1.70296 
vt -1.02407 1.69894 
vt -1.00785 1.69067 
vt -1.02277 1.70296 
vt -1.04206 1.70602 
vt -1.04206 1.70179 
vt -1.02407 1.69894 
vt -1.09656 1.52959 
vt -1.10072 1.64562 
vt -1.10073 1.52924 
vt -0.988217 1.64526 
vt -0.984051 1.52923 
vt -0.984042 1.64561 
vt -1.09656 1.52959 
vt -1.04207 1.52889 
vt -1.04206 1.64596 
vt -1.09655 1.64527 
vt -0.988217 1.64526 
vt -1.04206 1.64596 
vt -1.04207 1.52889 
vt -0.988226 1.52958 
vt -1.07442 1.68726 
vt -1.04206 1.64596 
vt -1.05938 1.69492 
vt -1.08636 1.67532 
vt -1.04206 1.64596 
vt -1.07442 1.68726 
vt -1.09405 1.66024 
vt -1.04206 1.64596 
vt -1.08636 1.67532 
vt -1.09655 1.64527 
vt -1.04206 1.64596 
vt -1.09405 1.66024 
vt -0.990716 1.66023 
vt -1.04206 1.64596 
vt -0.988217 1.64526 
vt -0.998397 1.67531 
vt -1.04206 1.64596 
vt -0.990716 1.66023 
vt -1.01034 1.68725 
vt -1.04206 1.64596 
vt -0.998397 1.67531 
vt -1.02538 1.69492 
vt -1.04206 1.64596 
vt -1.01034 1.68725 
vt -1.04206 1.69756 
vt -1.04206 1.64596 
vt -1.02538 1.69492 
vt -1.05938 1.69492 
vt -1.04206 1.64596 
vt -1.04206 1.69756 
vt -0.99305 1.51985 
vt -1.09164 1.5204 
vt -1.09656 1.52959 
vt -1.09163 1.52045 
vt -1.04207 1.51981 
vt -1.04207 1.52889 
vt -1.04207 1.52889 
vt -1.04207 1.51981 
vt -0.99316 1.52044 
vt -0.988226 1.52958 
vt -0.985576 1.51981 
vt -1.09921 1.51982 
vt -1.07691 1.69068 
vt -1.07442 1.68726 
vt -1.05938 1.69492 
vt -1.06068 1.69894 
vt -1.04206 1.70179 
vt -1.04206 1.70602 
vt -1.06199 1.70296 
vt -1.06068 1.69894 
vt -1.08978 1.6778 
vt -1.08636 1.67532 
vt -1.07442 1.68726 
vt -1.07691 1.69068 
vt -1.09806 1.66156 
vt -1.09405 1.66024 
vt -1.08636 1.67532 
vt -1.08978 1.6778 
vt -1.10072 1.64562 
vt -1.09655 1.64527 
vt -1.09405 1.66024 
vt -1.09806 1.66156 
vt -0.994977 1.67779 
vt -0.998397 1.67531 
vt -0.990716 1.66023 
vt -0.986704 1.66155 
vt -0.984042 1.64561 
vt -0.979867 1.64596 
vt -0.982692 1.66288 
vt -0.986704 1.66155 
vt -1.00785 1.69067 
vt -1.01034 1.68725 
vt -0.998397 1.67531 
vt -0.994977 1.67779 
vt -1.02407 1.69894 
vt -1.02538 1.69492 
vt -1.01034 1.68725 
vt -1.00785 1.69067 
vt -1.04206 1.70179 
vt -1.04206 1.69756 
vt -1.02538 1.69492 
vt -1.02407 1.69894 
vt -0.984051 1.52923 
vt -0.979867 1.64596 
vt -0.984042 1.64561 
vt -1.09533 1.63251 
vt -1.09941 1.61258 
vt -1.09533 1.66373 
vt -1.09533 1.6726 
vt -1.09533 1.57589 
vt -1.09533 1.59329 
vt -1.09533 1.61258 
vt -0.989448 1.63251 
vt -0.989448 1.61258 
vt -0.985368 1.61258 
vt -1.09533 1.63251 
vt -0.989448 1.63251 
vt -0.989448 1.64992 
vt -1.09533 1.64992 
vt -1.09533 1.64992 
vt -0.989448 1.64992 
vt -0.989448 1.66373 
vt -1.09533 1.66373 
vt -0.989448 1.56208 
vt -0.989448 1.57589 
vt -1.09533 1.57589 
vt -0.989448 1.57589 
vt -0.989448 1.59329 
vt -1.09533 1.59329 
vt -1.09533 1.59329 
vt -0.989448 1.59329 
vt -0.989448 1.61258 
vt -1.09533 1.61258 
vt -1.09533 1.61258 
vt -0.989448 1.61258 
vt -0.989448 1.63251 
vt -1.09533 1.63251 
vt -0.989448 1.68029 
vt -0.989448 1.66289 
vt -0.985368 1.66156 
vt -0.98822 1.64597 
vt -0.984045 1.64562 
vt -1.09941 1.66156 
vt -1.10073 1.64562 
vt -0.97987 1.52959 
vt -0.97987 1.64527 
vt -0.984045 1.64562 
vt -0.984045 1.52924 
vt -1.1049 1.64527 
vt -1.10073 1.52924 
vt -1.10073 1.64562 
vt -1.09533 1.6941 
vt -1.09533 1.68029 
vt -0.989448 1.68029 
vt -1.09533 1.68029 
vt -1.09533 1.66289 
vt -0.989448 1.66289 
vt -0.98822 1.64597 
vt -1.09656 1.64597 
vt -1.09655 1.5289 
vt -0.98822 1.5289 
vt -0.989448 1.66289 
vt -1.09533 1.66289 
vt -1.09656 1.64597 
vt -0.98822 1.64597 
vt -1.09655 1.5289 
vt -1.09159 1.51982 
vt -0.993182 1.51982 
vt -0.98822 1.5289 
vt -0.984045 1.64562 
vt -0.98822 1.64597 
vt -0.98822 1.5289 
vt -0.984045 1.52924 
vt -1.10073 1.52924 
vt -1.09655 1.5289 
vt -1.09656 1.64597 
vt -1.10073 1.64562 
vt -1.02279 1.70296 
vt -1.04272 1.70602 
vt -1.04272 1.70179 
vt -1.02409 1.69894 
vt -1.0254 1.69492 
vt -1.01035 1.68726 
vt -1.00787 1.69068 
vt -1.02409 1.69894 
vt -1.01035 1.68726 
vt -0.998411 1.67532 
vt -0.994992 1.6778 
vt -1.00787 1.69068 
vt -0.998411 1.67532 
vt -0.990728 1.66024 
vt -0.986716 1.66156 
vt -0.994992 1.6778 
vt -0.990728 1.66024 
vt -0.988226 1.64527 
vt -0.984051 1.64562 
vt -0.986716 1.66156 
vt -1.10208 1.66288 
vt -1.10491 1.64596 
vt -1.10073 1.64561 
vt -1.09807 1.66155 
vt -1.09406 1.66023 
vt -1.08638 1.67531 
vt -1.0898 1.67779 
vt -1.09807 1.66155 
vt -1.08638 1.67531 
vt -1.07444 1.68725 
vt -1.07692 1.69067 
vt -1.0898 1.67779 
vt -1.07444 1.68725 
vt -1.05939 1.69492 
vt -1.0607 1.69894 
vt -1.07692 1.69067 
vt -1.05939 1.69492 
vt -1.04272 1.69756 
vt -1.04272 1.70179 
vt -1.0607 1.69894 
vt -0.988226 1.64527 
vt -0.988217 1.52959 
vt -0.984042 1.52924 
vt -1.09655 1.52958 
vt -1.09656 1.64526 
vt -1.10073 1.64561 
vt -1.10072 1.52923 
vt -1.00538 1.6941 
vt -0.991572 1.68029 
vt -1.09322 1.68028 
vt -1.07941 1.69409 
vt -1.06201 1.70296 
vt -0.988226 1.64527 
vt -1.04271 1.64596 
vt -1.0427 1.52889 
vt -0.988217 1.52959 
vt -1.09655 1.52958 
vt -1.0427 1.52889 
vt -1.04271 1.64596 
vt -1.09656 1.64526 
vt -1.0254 1.69492 
vt -1.04271 1.64596 
vt -1.01035 1.68726 
vt -1.01035 1.68726 
vt -1.04271 1.64596 
vt -0.998411 1.67532 
vt -0.998411 1.67532 
vt -1.04271 1.64596 
vt -0.990728 1.66024 
vt -0.990728 1.66024 
vt -1.04271 1.64596 
vt -0.988226 1.64527 
vt -1.09656 1.64526 
vt -1.04271 1.64596 
vt -1.09406 1.66023 
vt -1.09406 1.66023 
vt -1.04271 1.64596 
vt -1.08638 1.67531 
vt -1.08638 1.67531 
vt -1.04271 1.64596 
vt -1.07444 1.68725 
vt -1.07444 1.68725 
vt -1.04271 1.64596 
vt -1.05939 1.69492 
vt -1.05939 1.69492 
vt -1.04271 1.64596 
vt -1.04272 1.69756 
vt -1.04272 1.69756 
vt -1.04271 1.64596 
vt -1.0254 1.69492 
vt -0.992914 1.51982 
vt -1.0992 1.51981 
vt -1.09655 1.52958 
vt -1.09161 1.52044 
vt -1.0427 1.51981 
vt -1.0427 1.52889 
vt -1.0427 1.52889 
vt -1.0427 1.51981 
vt -0.993149 1.52045 
vt -0.988217 1.52959 
vt -0.985564 1.51982 
vt -1.09173 1.51981 
vt -1.04272 1.70179 
vt -1.04272 1.69756 
vt -1.0254 1.69492 
vt -1.02409 1.69894 
vt -1.00787 1.69068 
vt -1.00538 1.6941 
vt -1.02279 1.70296 
vt -1.02409 1.69894 
vt -0.994992 1.6778 
vt -0.991572 1.68029 
vt -1.00538 1.6941 
vt -1.00787 1.69068 
vt -0.986716 1.66156 
vt -0.982704 1.66289 
vt -0.991572 1.68029 
vt -0.994992 1.6778 
vt -0.984051 1.64562 
vt -0.979877 1.64597 
vt -0.982704 1.66289 
vt -0.986716 1.66156 
vt -1.10073 1.64561 
vt -1.09656 1.64526 
vt -1.09406 1.66023 
vt -1.09807 1.66155 
vt -1.0898 1.67779 
vt -1.09322 1.68028 
vt -1.10208 1.66288 
vt -1.09807 1.66155 
vt -1.07692 1.69067 
vt -1.07941 1.69409 
vt -1.09322 1.68028 
vt -1.0898 1.67779 
vt -1.0607 1.69894 
vt -1.06201 1.70296 
vt -1.07941 1.69409 
vt -1.07692 1.69067 
vt -1.04272 1.70179 
vt -1.04272 1.70602 
vt -1.06201 1.70296 
vt -1.0607 1.69894 
vt -1.10073 1.64561 
vt -1.10491 1.64596 
vt -1.1049 1.52889 
vt -0.984045 1.67126 
vt -1.10073 1.67126 
vt -0.984045 1.55458 
vt -1.10073 1.55458 
vt -0.97987 1.6126 
vt -1.1049 1.6126 
vt -1.09159 1.66239 
vt -0.993192 1.56357 
vt -0.993321 1.66217 
vt -0.985598 1.66215 
vt -0.985598 1.56368 
vt -0.97987 1.55875 
vt -0.985598 1.56368 
vt -0.98939 1.55989 
vt -0.984045 1.55458 
vt -0.993182 1.5561 
vt -1.09159 1.5561 
vt -1.09655 1.5504 
vt -1.09159 1.5561 
vt -1.09538 1.55989 
vt -1.10073 1.55458 
vt -1.09918 1.56368 
vt -1.09918 1.66215 
vt -1.1049 1.66708 
vt -1.09918 1.66215 
vt -1.09538 1.66594 
vt -1.10073 1.67126 
vt -1.09159 1.66974 
vt -0.993182 1.66974 
vt -0.98822 1.67543 
vt -0.993182 1.66974 
vt -0.98939 1.66594 
vt -0.984045 1.67126 
vt -1.09918 1.6126 
vt -1.09159 1.56357 
vt -1.09159 1.66239 
vt -0.993321 1.66217 
vt -0.993182 1.66974 
vt -1.09159 1.66974 
vt -1.09159 1.66239 
vt -1.09159 1.66239 
vt -1.09159 1.66974 
vt -1.09538 1.66594 
vt -0.985598 1.66215 
vt -0.993321 1.66217 
vt -0.985598 1.6126 
vt -0.985598 1.66215 
vt -0.98939 1.66594 
vt -0.993321 1.66217 
vt -1.09159 1.56357 
vt -1.09918 1.56368 
vt -1.09538 1.55989 
vt -0.993182 1.5561 
vt -0.993192 1.56357 
vt -1.09159 1.56357 
vt -1.09159 1.5561 
vt -0.993192 1.56357 
vt -0.993182 1.5561 
vt -0.98939 1.55989 
vt -1.09918 1.6126 
vt -1.09159 1.66239 
vt -1.09918 1.66215 
vt -1.09918 1.56368 
vt -1.09159 1.56357 
vt -1.09918 1.6126 
vt -0.985598 1.6126 
vt -0.993192 1.56357 
vt -0.985598 1.56368 
vt -0.985598 1.6126 
vt -0.993321 1.66217 
vt -0.993192 1.56357 
vt -1.09159 1.56357 
vt -0.993192 1.56357 
vt -1.09159 1.66239 
vt -0.98939 1.55989 
vt -0.993182 1.5561 
vt -0.98822 1.5504 
vt -0.984045 1.55458 
vt -0.98939 1.66594 
vt -0.985598 1.66215 
vt -0.97987 1.66708 
vt -0.984045 1.67126 
vt -0.98939 1.66594 
vt -0.993182 1.66974 
vt -0.993321 1.66217 
vt -0.98939 1.55989 
vt -0.985598 1.56368 
vt -0.993192 1.56357 
vt -1.09538 1.55989 
vt -1.09918 1.56368 
vt -1.1049 1.55875 
vt -1.10073 1.55458 
vt -1.09538 1.66594 
vt -1.09159 1.66974 
vt -1.09655 1.67543 
vt -1.10073 1.67126 
vt -1.09538 1.55989 
vt -1.09159 1.5561 
vt -1.09159 1.56357 
vt -1.09538 1.66594 
vt -1.09918 1.66215 
vt -1.09159 1.66239 
vt -1.09533 1.66288 
vt -1.10073 1.64561 
vt -1.09533 1.69409 
vt -0.989448 1.66288 
vt -0.98822 1.64596 
vt -0.984045 1.64561 
vt -1.1049 1.64526 
vt -1.1049 1.52958 
vt -1.10073 1.52923 
vt -0.97987 1.52958 
vt -0.984045 1.64561 
vt -0.984045 1.52923 
vt -1.09533 1.66288 
vt -0.989448 1.66288 
vt -0.989448 1.68028 
vt -1.09533 1.68028 
vt -1.09533 1.68028 
vt -0.989448 1.68028 
vt -0.989448 1.69409 
vt -1.09533 1.69409 
vt -1.09656 1.52889 
vt -0.98822 1.52889 
vt -0.98822 1.64596 
vt -1.09655 1.64596 
vt -1.09655 1.64596 
vt -0.98822 1.64596 
vt -0.989448 1.66288 
vt -1.09533 1.66288 
vt -1.09656 1.52889 
vt -1.09159 1.51981 
vt -0.993183 1.51981 
vt -0.98822 1.52889 
vt -1.10073 1.52923 
vt -1.09656 1.52889 
vt -1.09655 1.64596 
vt -0.984045 1.64561 
vt -0.98822 1.52889 
vt -0.984045 1.52923 

usemtl Union3Mtl

f 5472/5472/5472 5473/5473/5473 5474/5474/5474 
f 5472/5472/5472 5474/5474/5474 5475/5475/5475 
f 5476/5476/5476 5477/5477/5477 5478/5478/5478 
f 5476/5476/5476 5478/5478/5478 5479/5479/5479 
f 5480/5480/5480 5481/5481/5481 5482/5482/5482 
f 5480/5480/5480 5482/5482/5482 5483/5483/5483 
f 5484/5484/5484 5485/5485/5485 5486/5486/5486 
f 5484/5484/5484 5486/5486/5486 5487/5487/5487 
f 5488/5488/5488 5489/5489/5489 5490/5490/5490 
f 5488/5488/5488 5490/5490/5490 5491/5491/5491 
f 5492/5492/5492 5493/5493/5493 5494/5494/5494 
f 5492/5492/5492 5494/5494/5494 5495/5495/5495 
f 5496/5496/5496 5497/5497/5497 5498/5498/5498 
f 5496/5496/5496 5498/5498/5498 5499/5499/5499 
f 5500/5500/5500 5501/5501/5501 5502/5502/5502 
f 5500/5500/5500 5502/5502/5502 5503/5503/5503 
f 5504/5504/5504 5505/5505/5505 5506/5506/5506 
f 5504/5504/5504 5506/5506/5506 5507/5507/5507 
f 5508/5508/5508 5509/5509/5509 5510/5510/5510 
f 5508/5508/5508 5510/5510/5510 5511/5511/5511 
f 5512/5512/5512 5513/5513/5513 5514/5514/5514 
f 5515/5515/5515 5516/5516/5516 5517/5517/5517 
f 5518/5518/5518 5519/5519/5519 5520/5520/5520 
f 5518/5518/5518 5520/5520/5520 5521/5521/5521 
f 5522/5522/5522 5523/5523/5523 5524/5524/5524 
f 5522/5522/5522 5524/5524/5524 5525/5525/5525 
f 5526/5526/5526 5527/5527/5527 5528/5528/5528 
f 5529/5529/5529 5530/5530/5530 5531/5531/5531 
f 5532/5532/5532 5533/5533/5533 5534/5534/5534 
f 5535/5535/5535 5536/5536/5536 5537/5537/5537 
f 5538/5538/5538 5539/5539/5539 5540/5540/5540 
f 5541/5541/5541 5542/5542/5542 5543/5543/5543 
f 5544/5544/5544 5545/5545/5545 5546/5546/5546 
f 5547/5547/5547 5548/5548/5548 5549/5549/5549 
f 5550/5550/5550 5551/5551/5551 5552/5552/5552 
f 5553/5553/5553 5554/5554/5554 5555/5555/5555 
f 5558/5558/5558 5559/5559/5559 5560/5560/5560 
f 5558/5558/5558 5560/5560/5560 5561/5561/5561 
f 5562/5562/5562 5563/5563/5563 5564/5564/5564 
f 5562/5562/5562 5564/5564/5564 5565/5565/5565 
f 5568/5568/5568 5569/5569/5569 5570/5570/5570 
f 5568/5568/5568 5570/5570/5570 5571/5571/5571 
f 5572/5572/5572 5573/5573/5573 5574/5574/5574 
f 5572/5572/5572 5574/5574/5574 5575/5575/5575 
f 5576/5576/5576 5577/5577/5577 5578/5578/5578 
f 5576/5576/5576 5578/5578/5578 5579/5579/5579 
f 5580/5580/5580 5581/5581/5581 5582/5582/5582 
f 5580/5580/5580 5582/5582/5582 5583/5583/5583 
f 5584/5584/5584 5585/5585/5585 5586/5586/5586 
f 5584/5584/5584 5586/5586/5586 5587/5587/5587 
f 5588/5588/5588 5589/5589/5589 5590/5590/5590 
f 5588/5588/5588 5590/5590/5590 5591/5591/5591 
f 5592/5592/5592 5593/5593/5593 5594/5594/5594 
f 5592/5592/5592 5594/5594/5594 5595/5595/5595 
f 5596/5596/5596 5597/5597/5597 5598/5598/5598 
f 5596/5596/5596 5598/5598/5598 5599/5599/5599 
f 5600/5600/5600 5601/5601/5601 5602/5602/5602 
f 5600/5600/5600 5602/5602/5602 5603/5603/5603 
f 5604/5604/5604 5605/5605/5605 5606/5606/5606 
f 5604/5604/5604 5606/5606/5606 5607/5607/5607 
f 5608/5608/5608 5609/5609/5609 5610/5610/5610 
f 5621/5621/5621 5622/5622/5622 5623/5623/5623 
f 5621/5621/5621 5623/5623/5623 5624/5624/5624 
f 5625/5625/5625 5626/5626/5626 5627/5627/5627 
f 5625/5625/5625 5627/5627/5627 5628/5628/5628 
f 5631/5631/5631 5632/5632/5632 5633/5633/5633 
f 5631/5631/5631 5633/5633/5633 5634/5634/5634 
f 5635/5635/5635 5636/5636/5636 5637/5637/5637 
f 5635/5635/5635 5637/5637/5637 5638/5638/5638 
f 5639/5639/5639 5640/5640/5640 5641/5641/5641 
f 5639/5639/5639 5641/5641/5641 5642/5642/5642 
f 5650/5650/5650 5651/5651/5651 5652/5652/5652 
f 5654/5654/5654 5655/5655/5655 5656/5656/5656 
f 5659/5659/5659 5660/5660/5660 5661/5661/5661 
f 5659/5659/5659 5661/5661/5661 5662/5662/5662 
f 5663/5663/5663 5664/5664/5664 5665/5665/5665 
f 5663/5663/5663 5665/5665/5665 5666/5666/5666 
f 5667/5667/5667 5668/5668/5668 5669/5669/5669 
f 5667/5667/5667 5669/5669/5669 5670/5670/5670 
f 5671/5671/5671 5672/5672/5672 5673/5673/5673 
f 5671/5671/5671 5673/5673/5673 5674/5674/5674 
f 5675/5675/5675 5676/5676/5676 5677/5677/5677 
f 5675/5675/5675 5677/5677/5677 5678/5678/5678 
f 5679/5679/5679 5680/5680/5680 5681/5681/5681 
f 5679/5679/5679 5681/5681/5681 5682/5682/5682 
f 5683/5683/5683 5684/5684/5684 5685/5685/5685 
f 5683/5683/5683 5685/5685/5685 5686/5686/5686 
f 5687/5687/5687 5688/5688/5688 5689/5689/5689 
f 5687/5687/5687 5689/5689/5689 5690/5690/5690 
f 5691/5691/5691 5692/5692/5692 5693/5693/5693 
f 5691/5691/5691 5693/5693/5693 5694/5694/5694 
f 5695/5695/5695 5696/5696/5696 5697/5697/5697 
f 5695/5695/5695 5697/5697/5697 5698/5698/5698 
f 5699/5699/5699 5700/5700/5700 5701/5701/5701 
f 5699/5699/5699 5701/5701/5701 5702/5702/5702 
f 5703/5703/5703 5704/5704/5704 5705/5705/5705 
f 5703/5703/5703 5705/5705/5705 5706/5706/5706 
f 5707/5707/5707 5708/5708/5708 5709/5709/5709 
f 5707/5707/5707 5709/5709/5709 5710/5710/5710 
f 5711/5711/5711 5712/5712/5712 5713/5713/5713 
f 5711/5711/5711 5713/5713/5713 5714/5714/5714 
f 5715/5715/5715 5716/5716/5716 5717/5717/5717 
f 5715/5715/5715 5717/5717/5717 5718/5718/5718 
f 5719/5719/5719 5720/5720/5720 5721/5721/5721 
f 5719/5719/5719 5721/5721/5721 5722/5722/5722 
f 5723/5723/5723 5724/5724/5724 5725/5725/5725 
f 5726/5726/5726 5727/5727/5727 5728/5728/5728 
f 5735/5735/5735 5736/5736/5736 5737/5737/5737 
f 5735/5735/5735 5737/5737/5737 5738/5738/5738 
f 5739/5739/5739 5740/5740/5740 5741/5741/5741 
f 5739/5739/5739 5741/5741/5741 5742/5742/5742 
f 5743/5743/5743 5744/5744/5744 5745/5745/5745 
f 5746/5746/5746 5747/5747/5747 5748/5748/5748 
f 5749/5749/5749 5750/5750/5750 5751/5751/5751 
f 5752/5752/5752 5753/5753/5753 5754/5754/5754 
f 5755/5755/5755 5756/5756/5756 5757/5757/5757 
f 5758/5758/5758 5759/5759/5759 5760/5760/5760 
f 5761/5761/5761 5762/5762/5762 5763/5763/5763 
f 5764/5764/5764 5765/5765/5765 5766/5766/5766 
f 5767/5767/5767 5768/5768/5768 5769/5769/5769 
f 5770/5770/5770 5771/5771/5771 5772/5772/5772 
f 5775/5775/5775 5776/5776/5776 5777/5777/5777 
f 5775/5775/5775 5777/5777/5777 5778/5778/5778 
f 5779/5779/5779 5780/5780/5780 5781/5781/5781 
f 5779/5779/5779 5781/5781/5781 5782/5782/5782 
f 5785/5785/5785 5786/5786/5786 5787/5787/5787 
f 5785/5785/5785 5787/5787/5787 5788/5788/5788 
f 5789/5789/5789 5790/5790/5790 5791/5791/5791 
f 5789/5789/5789 5791/5791/5791 5792/5792/5792 
f 5793/5793/5793 5794/5794/5794 5795/5795/5795 
f 5793/5793/5793 5795/5795/5795 5796/5796/5796 
f 5797/5797/5797 5798/5798/5798 5799/5799/5799 
f 5797/5797/5797 5799/5799/5799 5800/5800/5800 
f 5801/5801/5801 5802/5802/5802 5803/5803/5803 
f 5801/5801/5801 5803/5803/5803 5804/5804/5804 
f 5805/5805/5805 5806/5806/5806 5807/5807/5807 
f 5805/5805/5805 5807/5807/5807 5808/5808/5808 
f 5809/5809/5809 5810/5810/5810 5811/5811/5811 
f 5809/5809/5809 5811/5811/5811 5812/5812/5812 
f 5813/5813/5813 5814/5814/5814 5815/5815/5815 
f 5813/5813/5813 5815/5815/5815 5816/5816/5816 
f 5817/5817/5817 5818/5818/5818 5819/5819/5819 
f 5817/5817/5817 5819/5819/5819 5820/5820/5820 
f 5821/5821/5821 5822/5822/5822 5823/5823/5823 
f 5821/5821/5821 5823/5823/5823 5824/5824/5824 
f 5825/5825/5825 5826/5826/5826 5827/5827/5827 
f 5834/5834/5834 5835/5835/5835 5836/5836/5836 
f 5839/5839/5839 5840/5840/5840 5841/5841/5841 
f 5839/5839/5839 5841/5841/5841 5842/5842/5842 
f 5845/5845/5845 5846/5846/5846 5847/5847/5847 
f 5845/5845/5845 5847/5847/5847 5848/5848/5848 
f 5851/5851/5851 5852/5852/5852 5853/5853/5853 
f 5851/5851/5851 5853/5853/5853 5854/5854/5854 
f 5857/5857/5857 5858/5858/5858 5859/5859/5859 
f 5857/5857/5857 5859/5859/5859 5860/5860/5860 
f 5861/5861/5861 5862/5862/5862 5863/5863/5863 
f 5864/5864/5864 5865/5865/5865 5866/5866/5866 
f 5864/5864/5864 5866/5866/5866 5867/5867/5867 
f 5868/5868/5868 5869/5869/5869 5870/5870/5870 
f 5871/5871/5871 5872/5872/5872 5873/5873/5873 
f 5874/5874/5874 5875/5875/5875 5876/5876/5876 
f 5877/5877/5877 5878/5878/5878 5879/5879/5879 
f 5880/5880/5880 5881/5881/5881 5882/5882/5882 
f 5880/5880/5880 5882/5882/5882 5883/5883/5883 
f 5884/5884/5884 5885/5885/5885 5886/5886/5886 
f 5887/5887/5887 5888/5888/5888 5889/5889/5889 
f 5890/5890/5890 5891/5891/5891 5892/5892/5892 
f 5893/5893/5893 5894/5894/5894 5895/5895/5895 
f 5896/5896/5896 5897/5897/5897 5898/5898/5898 
f 5899/5899/5899 5900/5900/5900 5901/5901/5901 
f 5902/5902/5902 5903/5903/5903 5904/5904/5904 
f 5902/5902/5902 5904/5904/5904 5905/5905/5905 
f 5906/5906/5906 5907/5907/5907 5908/5908/5908 
f 5906/5906/5906 5908/5908/5908 5909/5909/5909 
f 5910/5910/5910 5911/5911/5911 5912/5912/5912 
f 5913/5913/5913 5914/5914/5914 5915/5915/5915 
f 5916/5916/5916 5917/5917/5917 5918/5918/5918 
f 5916/5916/5916 5918/5918/5918 5919/5919/5919 
f 5920/5920/5920 5921/5921/5921 5922/5922/5922 
f 5920/5920/5920 5922/5922/5922 5923/5923/5923 
f 5924/5924/5924 5925/5925/5925 5926/5926/5926 
f 5927/5927/5927 5928/5928/5928 5929/5929/5929 
f 5936/5936/5936 5937/5937/5937 5938/5938/5938 
f 5939/5939/5939 5940/5940/5940 5941/5941/5941 
f 5942/5942/5942 5943/5943/5943 5944/5944/5944 
f 5942/5942/5942 5944/5944/5944 5945/5945/5945 
f 5946/5946/5946 5947/5947/5947 5948/5948/5948 
f 5946/5946/5946 5948/5948/5948 5949/5949/5949 
f 5950/5950/5950 5951/5951/5951 5952/5952/5952 
f 5950/5950/5950 5952/5952/5952 5953/5953/5953 
f 5954/5954/5954 5955/5955/5955 5956/5956/5956 
f 5954/5954/5954 5956/5956/5956 5957/5957/5957 
f 5958/5958/5958 5959/5959/5959 5960/5960/5960 
f 5958/5958/5958 5960/5960/5960 5961/5961/5961 
f 5962/5962/5962 5963/5963/5963 5964/5964/5964 
f 5965/5965/5965 5966/5966/5966 5967/5967/5967 

g 7

v -8.28995 3.45657 -34.0176 
v -8.3004 3.48873 -34.0512 
v -8.43019 3.4226 -34.0512 
v -8.41032 3.39525 -34.0176 
v -8.41032 3.39525 -34.0176 
v -8.43019 3.4226 -34.0512 
v -8.53319 3.3196 -34.0512 
v -8.50584 3.29973 -34.0176 
v -8.50584 3.29973 -34.0176 
v -8.53319 3.3196 -34.0512 
v -8.59939 3.18968 -34.0512 
v -8.5673 3.17911 -34.0176 
v -8.5673 3.17911 -34.0176 
v -8.59939 3.18968 -34.0512 
v -8.6207 3.05937 -34.0354 
v -8.6207 2.34718 -34.0354 
v -8.31085 3.52089 -34.0848 
v -8.56055 3.33948 -34.0848 
v -7.76011 2.27431 -34.0478 
v -7.72064 2.34718 -34.002 
v -8.15141 2.34717 -34.002 
v -8.15141 2.27417 -34.0478 
v -7.76011 2.27431 -34.0478 
v -8.15141 2.34717 -34.002 
v -8.5873 2.34718 -34.002 
v -8.54783 2.27431 -34.0478 
v -8.15141 2.27417 -34.0478 
v -8.15141 3.50906 -34.0979 
v -7.65384 3.05906 -34.0688 
v -8.15141 3.46341 -34.0489 
v -8.18604 3.47241 -34.0176 
v -8.18521 3.05906 -34.002 
v -8.15141 3.09444 -34.0358 
v -7.72064 3.05906 -34.002 
v -7.72064 3.09444 -34.039 
v -8.15141 3.09444 -34.0358 
v -8.18521 3.05906 -34.002 
v -8.31085 3.52089 -34.0848 
v -8.3004 3.48873 -34.0512 
v -8.18666 3.50612 -34.0512 
v -8.18727 3.53984 -34.0848 
v -7.72064 2.34718 -34.002 
v -7.65384 3.05906 -34.0688 
v -7.72064 3.05906 -34.002 
v -8.5873 3.05937 -34.002 
v -8.5873 2.34718 -34.002 
v -8.15141 2.34717 -34.002 
v -8.18521 3.05906 -34.002 
v -7.72064 2.34718 -34.002 
v -7.72064 3.05906 -34.002 
v -8.18521 3.05906 -34.002 
v -8.15141 2.34717 -34.002 
v -8.28995 3.45657 -34.0176 
v -8.41032 3.39525 -34.0176 
v -8.18521 3.05906 -34.002 
v -8.41032 3.39525 -34.0176 
v -8.50584 3.29973 -34.0176 
v -8.18521 3.05906 -34.002 
v -8.50584 3.29973 -34.0176 
v -8.5673 3.17911 -34.0176 
v -8.18521 3.05906 -34.002 
v -8.5673 3.17911 -34.0176 
v -8.5873 3.05937 -34.002 
v -8.18521 3.05906 -34.002 
v -8.18604 3.47241 -34.0176 
v -8.28995 3.45657 -34.0176 
v -8.18521 3.05906 -34.002 
v -8.3004 3.48873 -34.0512 
v -8.31085 3.52089 -34.0848 
v -8.45007 3.44996 -34.0848 
v -8.43019 3.4226 -34.0512 
v -8.43019 3.4226 -34.0512 
v -8.45007 3.44996 -34.0848 
v -8.56055 3.33948 -34.0848 
v -8.53319 3.3196 -34.0512 
v -8.53319 3.3196 -34.0512 
v -8.56055 3.33948 -34.0848 
v -8.63148 3.20026 -34.0848 
v -8.59939 3.18968 -34.0512 
v -8.59939 3.18968 -34.0512 
v -8.63148 3.20026 -34.0848 
v -8.65409 3.05937 -34.0688 
v -8.3004 3.48873 -34.0512 
v -8.28995 3.45657 -34.0176 
v -8.18604 3.47241 -34.0176 
v -8.18666 3.50612 -34.0512 
v -8.45007 3.44996 -34.9196 
v -8.56055 3.33948 -34.9196 
v -8.31085 3.52089 -34.9196 
v -8.45007 3.44996 -34.9196 
v -8.45007 3.44996 -34.0848 
v -8.31085 3.52089 -34.0848 
v -8.45007 3.44996 -34.9196 
v -8.56055 3.33948 -34.9196 
v -8.56055 3.33948 -34.0848 
v -8.45007 3.44996 -34.0848 
v -8.15141 3.50906 -34.9097 
v -8.18727 3.53984 -34.9196 
v -8.18727 3.53984 -34.0848 
v -8.15141 3.50906 -34.0979 
v -8.15141 3.09444 -34.9685 
v -8.18521 3.05906 -35.0023 
v -7.65384 3.05906 -34.0688 
v -7.6888 3.09444 -34.9209 
v -7.65384 3.05906 -34.9355 
v -7.72064 3.05906 -35.0023 
v -7.72064 3.09444 -34.9653 
v -7.72064 3.09444 -34.9653 
v -7.72064 3.05906 -35.0023 
v -8.18521 3.05906 -35.0023 
v -8.18521 3.05906 -34.002 
v -7.72064 3.05906 -34.002 
v -7.72064 3.09444 -34.039 
v -8.15141 3.09444 -34.0358 
v -7.72064 3.09444 -34.039 
v -7.72064 3.05906 -34.002 
v -7.65384 3.05906 -34.0688 
v -7.6888 3.09444 -34.0833 
v -8.18727 3.53984 -34.9196 
v -8.31085 3.52089 -34.9196 
v -8.31085 3.52089 -34.0848 
v -8.18727 3.53984 -34.0848 
v -7.6888 3.09444 -34.9209 
v -7.72064 3.09444 -34.9653 
v -7.72064 3.09444 -34.039 
v -7.6888 3.09444 -34.0833 
v -7.72064 3.09444 -34.039 
v -8.15141 3.09444 -34.9685 
v -8.15141 3.09444 -34.0358 
v -7.72064 3.09444 -34.9653 
v -8.15141 3.09444 -34.9685 
v -7.72064 3.09444 -34.039 
v -8.45007 3.44996 -34.9196 
v -8.56055 3.33948 -34.9196 
v -8.63148 3.20026 -34.9196 
v -8.63148 3.20026 -34.9196 
v -8.6207 3.05937 -34.9689 
v -8.65409 3.05937 -34.9355 
v -8.5673 3.17911 -34.0176 
v -8.6207 3.05937 -34.0354 
v -8.5873 3.05937 -34.002 
v -8.5873 2.34718 -35.0023 
v -8.6207 2.34718 -34.9689 
v -8.6207 3.05937 -34.9689 
v -8.5873 3.05937 -35.0023 
v -8.5873 3.05937 -34.002 
v -8.6207 3.05937 -34.0354 
v -8.6207 2.34718 -34.0354 
v -8.5873 2.34718 -34.002 
v -8.56055 3.33948 -34.0848 
v -8.56055 3.33948 -34.9196 
v -8.63148 3.20026 -34.9196 
v -8.63148 3.20026 -34.0848 
v -8.56055 3.33948 -34.0848 
v -8.65409 3.05937 -34.9355 
v -8.65409 2.34717 -34.9355 
v -8.65409 2.34717 -34.0688 
v -8.65409 3.05937 -34.0688 
v -8.63148 3.20026 -34.9196 
v -8.65409 3.05937 -34.9355 
v -8.65409 3.05937 -34.0688 
v -8.63148 3.20026 -34.0848 
v -8.65409 2.34717 -34.0688 
v -8.65409 2.34717 -34.9355 
v -8.60851 2.27427 -34.8958 
v -8.60851 2.27427 -34.1085 
v -8.57817 2.27436 -34.9261 
v -8.50584 3.29973 -34.9866 
v -8.59939 3.18968 -34.0512 
v -8.65409 3.05937 -34.0688 
v -8.6207 3.05937 -34.0354 
v -8.6207 3.05937 -34.0354 
v -8.65409 3.05937 -34.0688 
v -8.65409 2.34717 -34.0688 
v -8.6207 2.34718 -34.0354 
v -8.59939 3.18968 -34.9531 
v -8.5873 3.05937 -35.0023 
v -8.6207 3.05937 -34.9689 
v -8.6207 2.34718 -34.9689 
v -8.65409 2.34717 -34.9355 
v -8.65409 3.05937 -34.9355 
v -8.6207 3.05937 -34.9689 
v -8.31085 3.52089 -34.9196 
v -8.3004 3.48873 -34.9531 
v -8.43019 3.4226 -34.9531 
v -8.45007 3.44996 -34.9196 
v -8.45007 3.44996 -34.9196 
v -8.43019 3.4226 -34.9531 
v -8.53319 3.3196 -34.9531 
v -8.56055 3.33948 -34.9196 
v -8.56055 3.33948 -34.9196 
v -8.53319 3.3196 -34.9531 
v -8.59939 3.18968 -34.9531 
v -8.63148 3.20026 -34.9196 
v -8.63148 3.20026 -34.9196 
v -8.59939 3.18968 -34.9531 
v -8.6207 3.05937 -34.9689 
v -8.15141 2.27431 -34.9564 
v -7.76011 2.27445 -34.9564 
v -8.5873 2.34718 -35.0023 
v -8.15141 2.34717 -35.0023 
v -8.15141 2.27431 -34.9564 
v -8.54783 2.27445 -34.9564 
v -8.15141 2.34717 -35.0023 
v -7.72064 2.34718 -35.0023 
v -7.76011 2.27445 -34.9564 
v -8.15141 2.27431 -34.9564 
v -7.69943 2.27427 -34.8958 
v -8.57817 2.27436 -34.9261 
v -8.15141 3.50906 -34.9097 
v -8.18604 3.47241 -34.9866 
v -8.15141 3.46341 -34.9558 
v -8.15141 3.09444 -34.9685 
v -8.18521 3.05906 -35.0023 
v -7.72064 3.09444 -34.9653 
v -7.72064 3.09444 -34.9653 
v -8.18521 3.05906 -35.0023 
v -8.15141 3.09444 -34.9685 
v -8.28995 3.45657 -34.9866 
v -8.3004 3.48873 -34.9531 
v -8.18666 3.50612 -34.9531 
v -8.18604 3.47241 -34.9866 
v -7.72064 3.05906 -35.0023 
v -7.65384 3.05906 -34.9355 
v -7.65384 2.34717 -34.9355 
v -8.5873 2.34718 -35.0023 
v -8.5873 3.05937 -35.0023 
v -8.18521 3.05906 -35.0023 
v -8.15141 2.34717 -35.0023 
v -7.72064 3.05906 -35.0023 
v -7.72064 2.34718 -35.0023 
v -8.15141 2.34717 -35.0023 
v -8.18521 3.05906 -35.0023 
v -8.41032 3.39525 -34.9866 
v -8.28995 3.45657 -34.9866 
v -8.18521 3.05906 -35.0023 
v -8.50584 3.29973 -34.9866 
v -8.41032 3.39525 -34.9866 
v -8.18521 3.05906 -35.0023 
v -8.5673 3.17911 -34.9866 
v -8.50584 3.29973 -34.9866 
v -8.18521 3.05906 -35.0023 
v -8.5873 3.05937 -35.0023 
v -8.5673 3.17911 -34.9866 
v -8.18521 3.05906 -35.0023 
v -8.28995 3.45657 -34.9866 
v -8.18604 3.47241 -34.9866 
v -8.18521 3.05906 -35.0023 
v -8.3004 3.48873 -34.9531 
v -8.28995 3.45657 -34.9866 
v -8.41032 3.39525 -34.9866 
v -8.43019 3.4226 -34.9531 
v -8.43019 3.4226 -34.9531 
v -8.41032 3.39525 -34.9866 
v -8.50584 3.29973 -34.9866 
v -8.53319 3.3196 -34.9531 
v -8.53319 3.3196 -34.9531 
v -8.50584 3.29973 -34.9866 
v -8.5673 3.17911 -34.9866 
v -8.59939 3.18968 -34.9531 
v -8.59939 3.18968 -34.9531 
v -8.5673 3.17911 -34.9866 
v -8.5873 3.05937 -35.0023 
v -8.3004 3.48873 -34.9531 
v -8.31085 3.52089 -34.9196 
v -8.18727 3.53984 -34.9196 
v -8.18666 3.50612 -34.9531 
v -8.50584 3.29973 -34.0176 
v -8.6207 2.34718 -34.0354 
v -8.56055 3.33948 -34.0848 
v -8.15141 2.27431 -34.9564 
v -7.76011 2.27445 -34.9564 
v -7.76088 2.2744 -34.8941 
v -8.15142 2.27434 -34.8949 
v -7.72064 2.34718 -35.0023 
v -7.65384 2.34717 -34.9355 
v -7.69943 2.27427 -34.8958 
v -7.76011 2.27445 -34.9564 
v -7.65384 2.34717 -34.0688 
v -7.72064 2.34718 -34.002 
v -7.76011 2.27431 -34.0478 
v -7.69943 2.27427 -34.1085 
v -8.15141 2.27417 -34.0478 
v -8.5873 2.34718 -34.002 
v -8.6207 2.34718 -34.0354 
v -8.57817 2.27429 -34.0781 
v -8.54783 2.27431 -34.0478 
v -8.65409 2.34717 -34.9355 
v -8.6207 2.34718 -34.9689 
v -8.57817 2.27436 -34.9261 
v -8.60851 2.27427 -34.8958 
v -8.18521 3.05906 -34.002 
v -8.15143 2.27427 -34.1085 
v -7.77062 2.27427 -34.1085 
v -7.76011 2.27431 -34.0478 
v -8.15141 2.27417 -34.0478 
v -7.69943 2.27427 -34.8958 
v -7.76088 2.2744 -34.8941 
v -7.76011 2.27445 -34.9564 
v -7.76011 2.27431 -34.0478 
v -7.77062 2.27427 -34.1085 
v -7.69943 2.27427 -34.1085 
v -7.77062 2.27427 -34.1085 
v -7.76088 2.2744 -34.8941 
v -7.69943 2.27427 -34.8958 
v -7.69943 2.27427 -34.1085 
v -8.15142 2.27434 -34.8949 
v -7.76088 2.2744 -34.8941 
v -7.77062 2.27427 -34.1085 
v -8.15143 2.27427 -34.1085 
v -8.54962 2.27427 -34.1085 
v -8.54783 2.27431 -34.0478 
v -8.57817 2.27429 -34.0781 
v -8.60851 2.27427 -34.8958 
v -8.54951 2.27428 -34.8956 
v -8.54962 2.27427 -34.1085 
v -8.60851 2.27427 -34.1085 
v -8.54951 2.27428 -34.8956 
v -8.60851 2.27427 -34.8958 
v -8.57817 2.27436 -34.9261 
v -8.15141 2.27417 -34.0478 
v -8.54783 2.27431 -34.0478 
v -8.54962 2.27427 -34.1085 
v -8.15143 2.27427 -34.1085 
v -8.15143 2.27427 -34.1085 
v -8.54962 2.27427 -34.1085 
v -8.54951 2.27428 -34.8956 
v -8.15142 2.27434 -34.8949 
v -8.15142 2.27434 -34.8949 
v -8.54951 2.27428 -34.8956 
v -8.54783 2.27445 -34.9564 
v -8.15141 2.27431 -34.9564 
v -8.6207 2.34718 -34.0354 
v -8.65409 2.34717 -34.0688 
v -8.60851 2.27427 -34.1085 
v -8.57817 2.27429 -34.0781 
v -8.57817 2.27429 -34.0781 
v -8.60851 2.27427 -34.1085 
v -8.54962 2.27427 -34.1085 
v -8.6207 2.34718 -34.9689 
v -8.5873 2.34718 -35.0023 
v -8.54783 2.27445 -34.9564 
v -8.57817 2.27436 -34.9261 
v -8.57817 2.27436 -34.9261 
v -8.54783 2.27445 -34.9564 
v -8.54951 2.27428 -34.8956 
v -7.76011 2.27445 -34.9564 
v -7.69943 2.27427 -34.8958 
v -7.65384 2.34717 -34.9355 
v -7.65384 2.34717 -34.0688 
v -7.69943 2.27427 -34.1085 
v -7.69943 2.27427 -34.8958 
v -7.76011 2.27431 -34.0478 
v -8.15141 3.50906 -34.9097 
v -8.15141 3.50906 -34.0979 
v -8.15141 3.50906 -34.9097 
v -8.15141 3.46341 -34.9558 
v -8.18604 3.47241 -34.9866 
v -8.18666 3.50612 -34.9531 
v -8.15141 3.09444 -34.9685 
v -8.18521 3.05906 -35.0023 
v -7.65384 3.05906 -34.9355 
v -7.6888 3.09444 -34.9209 
v -7.6888 3.09444 -34.0833 
v -7.65384 3.05906 -34.0688 
v -7.6888 3.09444 -34.9209 
v -7.72064 3.05906 -35.0023 
v -7.72064 3.09444 -34.9653 
v -8.18727 3.53984 -34.0848 
v -8.18666 3.50612 -34.0512 
v -8.15141 3.50906 -34.0979 
v -8.18521 3.05906 -34.002 
v -7.72064 3.09444 -34.039 
v -7.72064 3.05906 -35.0023 
v -7.65384 2.34717 -34.9355 
v -7.72064 2.34718 -35.0023 
v -7.72064 2.34718 -34.002 
v -7.65384 2.34717 -34.0688 
v -7.65384 3.05906 -34.0688 
v -7.65384 2.34717 -34.9355 
v -7.65384 3.05906 -34.9355 
v -7.65384 3.05906 -34.0688 
v -7.65384 2.34717 -34.0688 
v -8.15141 3.46341 -34.9558 
v -8.15141 3.50906 -34.9097 
v -8.15141 3.50906 -34.0979 
v -8.15141 3.46341 -34.0489 
v -8.15141 3.09444 -34.9685 
v -8.15141 3.46341 -34.0489 
v -8.15141 3.09444 -34.0358 
v -8.15141 3.09444 -34.9685 
v -8.15141 3.46341 -34.9558 
v -8.15141 3.46341 -34.0489 
v -8.18666 3.50612 -34.0512 
v -8.18604 3.47241 -34.0176 
v -8.15141 3.46341 -34.0489 
v -8.15141 3.50906 -34.0979 
v -8.18666 3.50612 -34.9531 
v -8.18727 3.53984 -34.9196 
v -8.15141 3.50906 -34.9097 

vn -0.212598 0.669291 0.708661 
vn -0.212598 0.669291 0.708661 
vn -0.417323 0.566929 0.708661 
vn -0.417323 0.566929 0.708661 
vn -0.417323 0.566929 0.708661 
vn -0.417323 0.566929 0.708661 
vn -0.566929 0.417323 0.708661 
vn -0.566929 0.417323 0.708661 
vn -0.566929 0.417323 0.708661 
vn -0.566929 0.417323 0.708661 
vn -0.661417 0.259843 0.708661 
vn -0.661417 0.259843 0.700787 
vn -0.661417 0.259843 0.700787 
vn -0.661417 0.259843 0.708661 
vn -0.700787 0.102362 0.708661 
vn -0.708661 0 0.708661 
vn -0.307087 0.952756 0 
vn -0.811024 0.590551 0 
vn 0.543307 -0.637795 0.543307 
vn 0 -0.535433 0.850394 
vn 0 -0.535433 0.850394 
vn 0 -0.535433 0.850394 
vn 0 -0.535433 0.850394 
vn 0 -0.535433 0.850394 
vn 0 -0.535433 0.850394 
vn 0 -0.535433 0.850394 
vn 0 -0.535433 0.850394 
vn 0.653543 0.755906 0 
vn 0.708661 0.700787 0 
vn 0.685039 0.023622 0.732283 
vn 0.685039 0.023622 0.732283 
vn 0.685039 0.023622 0.732283 
vn 0.685039 0.023622 0.732283 
vn 0 0.708661 0.708661 
vn 0 0.708661 0.708661 
vn 0 0.708661 0.708661 
vn 0 0.708661 0.708661 
vn -0.212598 0.669291 0.708661 
vn -0.212598 0.669291 0.708661 
vn -0.110236 0.700787 0.708661 
vn -0.110236 0.700787 0.708661 
vn 0.708661 0 0.708661 
vn 0.708661 0 0.708661 
vn 0.708661 0 0.708661 
vn 0 0.0629921 1 
vn 0 0 1 
vn 0 0 1 
vn -0.00787402 0.015748 1 
vn 0 0 1 
vn 0 0 1 
vn -0.00787402 0.015748 1 
vn 0 0 1 
vn -0.00787402 0.0393701 1 
vn -0.023622 0.0314961 1 
vn -0.00787402 0.015748 1 
vn -0.023622 0.0314961 1 
vn -0.0314961 0.023622 1 
vn -0.00787402 0.015748 1 
vn -0.0314961 0.023622 1 
vn -0.015748 0.0708661 1 
vn -0.00787402 0.015748 1 
vn -0.015748 0.0708661 1 
vn 0 0.0629921 1 
vn -0.00787402 0.015748 1 
vn -0.00787402 0.0393701 1 
vn -0.00787402 0.0393701 1 
vn -0.00787402 0.015748 1 
vn -0.212598 0.669291 0.708661 
vn -0.212598 0.669291 0.708661 
vn -0.417323 0.566929 0.708661 
vn -0.417323 0.566929 0.708661 
vn -0.417323 0.566929 0.708661 
vn -0.417323 0.566929 0.708661 
vn -0.566929 0.417323 0.708661 
vn -0.566929 0.417323 0.708661 
vn -0.566929 0.417323 0.708661 
vn -0.566929 0.417323 0.708661 
vn -0.661417 0.259843 0.708661 
vn -0.661417 0.259843 0.708661 
vn -0.661417 0.259843 0.708661 
vn -0.661417 0.259843 0.708661 
vn -0.700787 0.0944882 0.708661 
vn -0.212598 0.669291 0.708661 
vn -0.212598 0.669291 0.708661 
vn -0.110236 0.700787 0.708661 
vn -0.110236 0.700787 0.708661 
vn -0.417323 0.566929 -0.708661 
vn -0.566929 0.417323 -0.708661 
vn -0.307087 0.952756 0 
vn -0.590551 0.811024 0 
vn -0.590551 0.811024 0 
vn -0.307087 0.952756 0 
vn -0.590551 0.811024 0 
vn -0.811024 0.590551 0 
vn -0.811024 0.590551 0 
vn -0.590551 0.811024 0 
vn 0.653543 0.755906 0 
vn 0.653543 0.755906 0 
vn 0.653543 0.755906 0 
vn 0.653543 0.755906 0 
vn 0.677165 0.023622 -0.732283 
vn 0.677165 0.023622 -0.732283 
vn 0.708661 0.700787 0 
vn 0.566929 0.645669 -0.503937 
vn 0.566929 0.645669 -0.503937 
vn 0.566929 0.645669 -0.503937 
vn 0.566929 0.645669 -0.503937 
vn 0 0.708661 -0.708661 
vn 0 0.708661 -0.708661 
vn 0 0.708661 -0.708661 
vn 0.685039 0.023622 0.732283 
vn 0 0.708661 0.708661 
vn 0 0.708661 0.708661 
vn 0 0.708661 0.708661 
vn 0.566929 0.645669 0.503937 
vn 0.566929 0.645669 0.503937 
vn 0.566929 0.645669 0.503937 
vn 0.566929 0.645669 0.503937 
vn -0.149606 0.992126 0 
vn -0.307087 0.952756 0 
vn -0.307087 0.952756 0 
vn -0.149606 0.992126 0 
vn 0 1 0 
vn 0 1 0 
vn 0 1 0 
vn 0 1 0 
vn 0 1 0 
vn 0 1 0 
vn 0 1 0 
vn 0 1 0 
vn 0 1 0 
vn 0 1 0 
vn -0.417323 0.566929 -0.708661 
vn -0.566929 0.417323 -0.708661 
vn -0.661417 0.259843 -0.708661 
vn -0.661417 0.259843 -0.708661 
vn -0.700787 0.102362 -0.708661 
vn -0.700787 0.0944882 -0.708661 
vn -0.661417 0.259843 0.700787 
vn -0.700787 0.102362 0.708661 
vn -0.700787 0.102362 0.708661 
vn -0.708661 0 -0.708661 
vn -0.708661 0 -0.708661 
vn -0.700787 0.102362 -0.708661 
vn -0.700787 0.102362 -0.708661 
vn -0.700787 0.102362 0.708661 
vn -0.700787 0.102362 0.708661 
vn -0.708661 0 0.708661 
vn -0.708661 0 0.708661 
vn -0.811024 0.590551 0 
vn -0.811024 0.590551 0 
vn -0.952756 0.307087 0 
vn -0.952756 0.307087 0 
vn -0.811024 0.590551 0 
vn -1 0.0787402 0 
vn -1 0 0 
vn -1 0 0 
vn -1 0.0787402 0 
vn -0.952756 0.307087 0 
vn -1 0.0787402 0 
vn -1 0.0787402 0 
vn -0.952756 0.307087 0 
vn -0.850394 -0.527559 0 
vn -0.850394 -0.527559 0 
vn -0.850394 -0.527559 0 
vn -0.850394 -0.527559 0 
vn -0.543307 -0.637795 -0.543307 
vn -0.0314961 0.023622 -1 
vn -0.661417 0.259843 0.708661 
vn -0.700787 0.0944882 0.708661 
vn -0.700787 0.102362 0.708661 
vn -0.700787 0.102362 0.708661 
vn -0.700787 0.0944882 0.708661 
vn -0.708661 0 0.708661 
vn -0.708661 0 0.708661 
vn -0.661417 0.259843 -0.708661 
vn -0.700787 0.102362 -0.708661 
vn -0.700787 0.102362 -0.708661 
vn -0.708661 0 -0.708661 
vn -0.708661 0 -0.708661 
vn -0.700787 0.0944882 -0.708661 
vn -0.700787 0.102362 -0.708661 
vn -0.212598 0.669291 -0.708661 
vn -0.212598 0.669291 -0.708661 
vn -0.417323 0.566929 -0.708661 
vn -0.417323 0.566929 -0.708661 
vn -0.417323 0.566929 -0.708661 
vn -0.417323 0.566929 -0.708661 
vn -0.566929 0.417323 -0.708661 
vn -0.566929 0.417323 -0.708661 
vn -0.566929 0.417323 -0.708661 
vn -0.566929 0.417323 -0.708661 
vn -0.661417 0.259843 -0.708661 
vn -0.661417 0.259843 -0.708661 
vn -0.661417 0.259843 -0.708661 
vn -0.661417 0.259843 -0.708661 
vn -0.700787 0.102362 -0.708661 
vn 0 -1 0 
vn 0 -1 0 
vn 0 -0.535433 -0.84252 
vn 0 -0.535433 -0.84252 
vn 0 -0.535433 -0.84252 
vn 0 -0.535433 -0.84252 
vn 0 -0.535433 -0.84252 
vn 0 -0.535433 -0.84252 
vn 0 -0.535433 -0.84252 
vn 0 -0.535433 -0.84252 
vn 0.543307 -0.637795 -0.543307 
vn -0.543307 -0.637795 -0.543307 
vn 0.653543 0.755906 0 
vn 0.677165 0.023622 -0.732283 
vn 0.677165 0.023622 -0.732283 
vn 0.677165 0.023622 -0.732283 
vn 0.677165 0.023622 -0.732283 
vn 0.566929 0.645669 -0.503937 
vn 0 0.708661 -0.708661 
vn 0 0.708661 -0.708661 
vn 0 0.708661 -0.708661 
vn -0.212598 0.669291 -0.708661 
vn -0.212598 0.669291 -0.708661 
vn -0.110236 0.700787 -0.708661 
vn -0.110236 0.700787 -0.708661 
vn 0.708661 0 -0.708661 
vn 0.708661 0 -0.708661 
vn 0.708661 0 -0.708661 
vn 0 0 -1 
vn 0 0.0629921 -1 
vn -0.00787402 0.015748 -1 
vn 0 0 -1 
vn 0 0 -1 
vn 0 0 -1 
vn 0 0 -1 
vn -0.00787402 0.015748 -1 
vn -0.023622 0.0314961 -1 
vn -0.00787402 0.0393701 -1 
vn -0.00787402 0.015748 -1 
vn -0.0314961 0.023622 -1 
vn -0.023622 0.0314961 -1 
vn -0.00787402 0.015748 -1 
vn -0.015748 0.0708661 -1 
vn -0.0314961 0.023622 -1 
vn -0.00787402 0.015748 -1 
vn 0 0.0629921 -1 
vn -0.015748 0.0708661 -1 
vn -0.00787402 0.015748 -1 
vn -0.00787402 0.0393701 -1 
vn -0.00787402 0.0393701 -1 
vn -0.00787402 0.015748 -1 
vn -0.212598 0.669291 -0.708661 
vn -0.212598 0.669291 -0.708661 
vn -0.417323 0.566929 -0.708661 
vn -0.417323 0.566929 -0.708661 
vn -0.417323 0.566929 -0.708661 
vn -0.417323 0.566929 -0.708661 
vn -0.566929 0.417323 -0.708661 
vn -0.566929 0.417323 -0.708661 
vn -0.566929 0.417323 -0.708661 
vn -0.566929 0.417323 -0.708661 
vn -0.661417 0.259843 -0.708661 
vn -0.661417 0.259843 -0.708661 
vn -0.661417 0.259843 -0.708661 
vn -0.661417 0.259843 -0.708661 
vn -0.700787 0.102362 -0.708661 
vn -0.212598 0.669291 -0.708661 
vn -0.212598 0.669291 -0.708661 
vn -0.110236 0.700787 -0.708661 
vn -0.110236 0.700787 -0.708661 
vn -0.566929 0.417323 0.708661 
vn -0.708661 0 0.708661 
vn -0.811024 0.590551 0 
vn 0 -1 0 
vn 0 -1 0 
vn 0 -1 0 
vn 0 -1 0 
vn 0.543307 -0.637795 -0.543307 
vn 0.543307 -0.637795 -0.543307 
vn 0.543307 -0.637795 -0.543307 
vn 0.543307 -0.637795 -0.543307 
vn 0.543307 -0.637795 0.543307 
vn 0.543307 -0.637795 0.543307 
vn 0.543307 -0.637795 0.543307 
vn 0.543307 -0.637795 0.543307 
vn 0 -0.535433 0.850394 
vn -0.543307 -0.637795 0.543307 
vn -0.543307 -0.637795 0.543307 
vn -0.543307 -0.637795 0.543307 
vn -0.543307 -0.637795 0.543307 
vn -0.543307 -0.637795 -0.543307 
vn -0.543307 -0.637795 -0.543307 
vn -0.543307 -0.637795 -0.543307 
vn -0.543307 -0.637795 -0.543307 
vn 0.685039 0.023622 0.732283 
vn 0 -1 0 
vn 0 -1 0 
vn 0 -1 0 
vn 0 -1 0 
vn 0 -1 0 
vn 0 -1 0 
vn 0 -1 0 
vn 0 -1 0 
vn 0 -1 0 
vn 0 -1 0 
vn 0 -1 0 
vn 0 -1 0 
vn 0 -1 0 
vn 0 -1 0 
vn 0 -1 0 
vn 0 -1 0 
vn 0 -1 0 
vn 0 -1 0 
vn 0 -1 0 
vn 0 -1 0 
vn 0 -1 0 
vn 0 -1 0 
vn 0 -1 0 
vn 0 -1 0 
vn 0 -1 0 
vn 0 -1 0 
vn 0 -1 0 
vn 0 -1 0 
vn 0 -1 0 
vn 0 -1 0 
vn 0 -1 0 
vn 0 -1 0 
vn 0 -1 0 
vn 0 -1 0 
vn 0 -1 0 
vn 0 -1 0 
vn 0 -1 0 
vn 0 -1 0 
vn 0 -1 0 
vn 0 -1 0 
vn -0.543307 -0.637795 0.543307 
vn -0.543307 -0.637795 0.543307 
vn -0.543307 -0.637795 0.543307 
vn -0.543307 -0.637795 0.543307 
vn 0 -1 0 
vn 0 -1 0 
vn 0 -1 0 
vn -0.543307 -0.637795 -0.543307 
vn -0.543307 -0.637795 -0.543307 
vn -0.543307 -0.637795 -0.543307 
vn -0.543307 -0.637795 -0.543307 
vn 0 -1 0 
vn 0 -1 0 
vn 0 -1 0 
vn 0 -1 0 
vn 0.543307 -0.637795 -0.543307 
vn 0.850394 -0.527559 0 
vn 0.850394 -0.527559 0 
vn 0.850394 -0.527559 0 
vn 0.850394 -0.527559 0 
vn 0.543307 -0.637795 0.543307 
vn 0.653543 0.755906 0 
vn 0.653543 0.755906 0 
vn 0.629921 0.551181 -0.543307 
vn 0.629921 0.551181 -0.543307 
vn 0.629921 0.551181 -0.543307 
vn 0.629921 0.551181 -0.543307 
vn 0.677165 0.023622 -0.732283 
vn 0.677165 0.023622 -0.732283 
vn 0.708661 0.700787 0 
vn 0.708661 0.700787 0 
vn 0.708661 0.700787 0 
vn 0.708661 0.700787 0 
vn 0.566929 0.645669 -0.503937 
vn 0.566929 0.645669 -0.503937 
vn 0.566929 0.645669 -0.503937 
vn 0.653543 0.535433 0.527559 
vn 0.653543 0.535433 0.527559 
vn 0.653543 0.535433 0.527559 
vn 0.685039 0.023622 0.732283 
vn 0 0.708661 0.708661 
vn 0.708661 0 -0.708661 
vn 0.708661 0 -0.708661 
vn 0.708661 0 -0.708661 
vn 0.708661 0 0.708661 
vn 0.708661 0 0.708661 
vn 0.708661 0 0.708661 
vn 1 0 0 
vn 1 0 0 
vn 1 0 0 
vn 1 0 0 
vn 1 0 0 
vn 1 0 0 
vn 1 0 0 
vn 1 0 0 
vn 1 0 0 
vn 1 0 0 
vn 1 0 0 
vn 1 0 0 
vn 1 0 0 
vn 1 0 0 
vn 0.637795 0.559055 0.527559 
vn 0.637795 0.559055 0.527559 
vn 0.637795 0.559055 0.527559 
vn 0.637795 0.559055 0.527559 
vn 0.629921 0.559055 -0.543307 
vn 0.629921 0.559055 -0.543307 
vn 0.629921 0.559055 -0.543307 

vt -0.640352 1.47312 
vt -0.641658 1.47714 
vt -0.657882 1.46888 
vt -0.655398 1.46546 
vt -0.655398 1.46546 
vt -0.657882 1.46888 
vt -0.670757 1.456 
vt -0.667338 1.45352 
vt -0.667338 1.45352 
vt -0.670757 1.456 
vt -0.679032 1.43976 
vt -0.67502 1.43844 
vt -0.67502 1.43844 
vt -0.679032 1.43976 
vt -0.681695 1.42347 
vt -0.681695 1.33445 
vt -0.642964 1.48116 
vt -0.674177 1.45849 
vt -0.574121 1.32534 
vt -0.569188 1.33445 
vt -0.623034 1.33445 
vt -0.623034 1.32532 
vt -0.574121 1.32534 
vt -0.623034 1.33445 
vt -0.67752 1.33445 
vt -0.672587 1.32534 
vt -0.623034 1.32532 
vt -0.623034 1.47968 
vt -0.560838 1.42343 
vt -0.623034 1.47398 
vt -0.627363 1.4751 
vt -0.627259 1.42343 
vt -0.623034 1.42786 
vt -0.569188 1.42343 
vt -0.569188 1.42786 
vt -0.623034 1.42786 
vt -0.627259 1.42343 
vt -0.642964 1.48116 
vt -0.641658 1.47714 
vt -0.62744 1.47932 
vt -0.627517 1.48353 
vt -0.569188 1.33445 
vt -0.560838 1.42343 
vt -0.569188 1.42343 
vt -0.67752 1.42347 
vt -0.67752 1.33445 
vt -0.623034 1.33445 
vt -0.627259 1.42343 
vt -0.569188 1.33445 
vt -0.569188 1.42343 
vt -0.627259 1.42343 
vt -0.623034 1.33445 
vt -0.640352 1.47312 
vt -0.655398 1.46546 
vt -0.627259 1.42343 
vt -0.655398 1.46546 
vt -0.667338 1.45352 
vt -0.627259 1.42343 
vt -0.667338 1.45352 
vt -0.67502 1.43844 
vt -0.627259 1.42343 
vt -0.67502 1.43844 
vt -0.67752 1.42347 
vt -0.627259 1.42343 
vt -0.627363 1.4751 
vt -0.640352 1.47312 
vt -0.627259 1.42343 
vt -0.641658 1.47714 
vt -0.642964 1.48116 
vt -0.660366 1.4723 
vt -0.657882 1.46888 
vt -0.657882 1.46888 
vt -0.660366 1.4723 
vt -0.674177 1.45849 
vt -0.670757 1.456 
vt -0.670757 1.456 
vt -0.674177 1.45849 
vt -0.683044 1.44108 
vt -0.679032 1.43976 
vt -0.679032 1.43976 
vt -0.683044 1.44108 
vt -0.68587 1.42347 
vt -0.641658 1.47714 
vt -0.640352 1.47312 
vt -0.627363 1.4751 
vt -0.62744 1.47932 
vt -0.571176 1.44144 
vt -0.571176 1.45525 
vt -0.571176 1.42404 
vt -0.571176 1.44144 
vt -0.675525 1.44144 
vt -0.675525 1.42404 
vt -0.571176 1.44144 
vt -0.571176 1.45525 
vt -0.675525 1.45525 
vt -0.675525 1.44144 
vt -0.57241 1.40411 
vt -0.571176 1.40859 
vt -0.675525 1.40859 
vt -0.673878 1.40411 
vt -0.565062 1.40411 
vt -0.560837 1.40833 
vt -0.677522 1.34191 
vt -0.571007 1.34628 
vt -0.569187 1.34191 
vt -0.560837 1.35026 
vt -0.56546 1.35026 
vt -0.56546 1.35026 
vt -0.560837 1.35026 
vt -0.560837 1.40833 
vt -0.685871 1.40833 
vt -0.685871 1.35026 
vt -0.681248 1.35026 
vt -0.681647 1.40411 
vt -0.681248 1.35026 
vt -0.685871 1.35026 
vt -0.677522 1.34191 
vt -0.675701 1.34628 
vt -0.571176 1.40859 
vt -0.571176 1.42404 
vt -0.675525 1.42404 
vt -0.675525 1.40859 
vt -0.571007 1.34628 
vt -0.56546 1.35026 
vt -0.681248 1.35026 
vt -0.675701 1.34628 
vt -0.681248 1.35026 
vt -0.565062 1.40411 
vt -0.681647 1.40411 
vt -0.56546 1.35026 
vt -0.565062 1.40411 
vt -0.681248 1.35026 
vt -0.675533 1.4723 
vt -0.675533 1.45849 
vt -0.675533 1.44108 
vt -0.675533 1.44108 
vt -0.681696 1.42347 
vt -0.677522 1.42347 
vt -0.56279 1.43844 
vt -0.565012 1.42347 
vt -0.560837 1.42347 
vt -0.685871 1.33445 
vt -0.681697 1.33445 
vt -0.681696 1.42347 
vt -0.685871 1.42347 
vt -0.560837 1.42347 
vt -0.565012 1.42347 
vt -0.565012 1.33445 
vt -0.560837 1.33445 
vt -0.571183 1.45849 
vt -0.675533 1.45849 
vt -0.675533 1.44108 
vt -0.571183 1.44108 
vt -0.571183 1.45849 
vt -0.677522 1.42347 
vt -0.677522 1.33445 
vt -0.569187 1.33445 
vt -0.569187 1.42347 
vt -0.675533 1.44108 
vt -0.677522 1.42347 
vt -0.569187 1.42347 
vt -0.571183 1.44108 
vt -0.569187 1.33445 
vt -0.677522 1.33445 
vt -0.672559 1.32534 
vt -0.574149 1.32534 
vt -0.676352 1.32535 
vt -0.683918 1.45352 
vt -0.566987 1.43976 
vt -0.569187 1.42347 
vt -0.565012 1.42347 
vt -0.565012 1.42347 
vt -0.569187 1.42347 
vt -0.569187 1.33445 
vt -0.565012 1.33445 
vt -0.679725 1.43976 
vt -0.685871 1.42347 
vt -0.681696 1.42347 
vt -0.681697 1.33445 
vt -0.677522 1.33445 
vt -0.677522 1.42347 
vt -0.681696 1.42347 
vt -0.603744 1.48116 
vt -0.60505 1.47714 
vt -0.588826 1.46888 
vt -0.586342 1.4723 
vt -0.586342 1.4723 
vt -0.588826 1.46888 
vt -0.575951 1.456 
vt -0.572531 1.45849 
vt -0.572531 1.45849 
vt -0.575951 1.456 
vt -0.567676 1.43976 
vt -0.563665 1.44108 
vt -0.563665 1.44108 
vt -0.567676 1.43976 
vt -0.565013 1.42347 
vt -0.623674 1.32534 
vt -0.672587 1.32536 
vt -0.569188 1.33445 
vt -0.623674 1.33445 
vt -0.623674 1.32534 
vt -0.574121 1.32536 
vt -0.623674 1.33445 
vt -0.67752 1.33445 
vt -0.672587 1.32536 
vt -0.623674 1.32534 
vt -0.680172 1.32534 
vt -0.570329 1.32535 
vt -0.623674 1.47968 
vt -0.619345 1.4751 
vt -0.623674 1.47398 
vt -0.623674 1.42786 
vt -0.619449 1.42343 
vt -0.67752 1.42786 
vt -0.67752 1.42786 
vt -0.619449 1.42343 
vt -0.623674 1.42786 
vt -0.606356 1.47312 
vt -0.60505 1.47714 
vt -0.619268 1.47932 
vt -0.619345 1.4751 
vt -0.67752 1.42343 
vt -0.68587 1.42343 
vt -0.68587 1.33445 
vt -0.569188 1.33445 
vt -0.569188 1.42347 
vt -0.619449 1.42343 
vt -0.623674 1.33445 
vt -0.67752 1.42343 
vt -0.67752 1.33445 
vt -0.623674 1.33445 
vt -0.619449 1.42343 
vt -0.591311 1.46546 
vt -0.606356 1.47312 
vt -0.619449 1.42343 
vt -0.579371 1.45352 
vt -0.591311 1.46546 
vt -0.619449 1.42343 
vt -0.571688 1.43844 
vt -0.579371 1.45352 
vt -0.619449 1.42343 
vt -0.569188 1.42347 
vt -0.571688 1.43844 
vt -0.619449 1.42343 
vt -0.606356 1.47312 
vt -0.619345 1.4751 
vt -0.619449 1.42343 
vt -0.60505 1.47714 
vt -0.606356 1.47312 
vt -0.591311 1.46546 
vt -0.588826 1.46888 
vt -0.588826 1.46888 
vt -0.591311 1.46546 
vt -0.579371 1.45352 
vt -0.575951 1.456 
vt -0.575951 1.456 
vt -0.579371 1.45352 
vt -0.571688 1.43844 
vt -0.567676 1.43976 
vt -0.567676 1.43976 
vt -0.571688 1.43844 
vt -0.569188 1.42347 
vt -0.60505 1.47714 
vt -0.603744 1.48116 
vt -0.619191 1.48353 
vt -0.619268 1.47932 
vt -0.56279 1.44841 
vt -0.565012 1.46277 
vt -0.571183 1.45525 
vt -0.680144 1.40411 
vt -0.680144 1.35519 
vt -0.672348 1.35529 
vt -0.672445 1.40411 
vt -0.685871 1.35026 
vt -0.677522 1.34191 
vt -0.672559 1.34761 
vt -0.680144 1.35519 
vt -0.569187 1.34191 
vt -0.560837 1.35026 
vt -0.566565 1.35519 
vt -0.574149 1.34761 
vt -0.566565 1.40411 
vt -0.560837 1.45859 
vt -0.565012 1.46277 
vt -0.570357 1.45745 
vt -0.566565 1.45366 
vt -0.677522 1.46694 
vt -0.681697 1.46277 
vt -0.676352 1.45745 
vt -0.672559 1.46124 
vt -0.560837 1.40833 
vt -0.574149 1.40411 
vt -0.574149 1.35651 
vt -0.566565 1.35519 
vt -0.566565 1.40411 
vt -0.672559 1.34761 
vt -0.672348 1.35529 
vt -0.680144 1.35519 
vt -0.566565 1.35519 
vt -0.574149 1.35651 
vt -0.574149 1.34761 
vt -0.574149 1.35651 
vt -0.672348 1.35529 
vt -0.672559 1.34761 
vt -0.574149 1.34761 
vt -0.672445 1.40411 
vt -0.672348 1.35529 
vt -0.574149 1.35651 
vt -0.574149 1.40411 
vt -0.574149 1.45388 
vt -0.566565 1.45366 
vt -0.570357 1.45745 
vt -0.672559 1.46124 
vt -0.672544 1.45387 
vt -0.574149 1.45388 
vt -0.574149 1.46124 
vt -0.672544 1.45387 
vt -0.672559 1.46124 
vt -0.676352 1.45745 
vt -0.566565 1.40411 
vt -0.566565 1.45366 
vt -0.574149 1.45388 
vt -0.574149 1.40411 
vt -0.574149 1.40411 
vt -0.574149 1.45388 
vt -0.672544 1.45387 
vt -0.672445 1.40411 
vt -0.672445 1.40411 
vt -0.672544 1.45387 
vt -0.680144 1.45366 
vt -0.680144 1.40411 
vt -0.565012 1.46277 
vt -0.569187 1.46694 
vt -0.574149 1.46124 
vt -0.570357 1.45745 
vt -0.570357 1.45745 
vt -0.574149 1.46124 
vt -0.574149 1.45388 
vt -0.681697 1.46277 
vt -0.685871 1.45859 
vt -0.680144 1.45366 
vt -0.676352 1.45745 
vt -0.676352 1.45745 
vt -0.680144 1.45366 
vt -0.672544 1.45387 
vt -0.566564 1.32536 
vt -0.574149 1.32534 
vt -0.569187 1.33445 
vt -0.677522 1.33445 
vt -0.672559 1.32534 
vt -0.574149 1.32534 
vt -0.680144 1.32534 
vt -0.57241 1.47968 
vt -0.673878 1.47968 
vt -0.57241 1.47968 
vt -0.566642 1.47398 
vt -0.56279 1.4751 
vt -0.566983 1.47932 
vt -0.565062 1.42786 
vt -0.560837 1.42343 
vt -0.569187 1.42343 
vt -0.571007 1.42786 
vt -0.675701 1.42786 
vt -0.677522 1.42343 
vt -0.571007 1.42786 
vt -0.560837 1.42343 
vt -0.56546 1.42786 
vt -0.675525 1.48353 
vt -0.679722 1.47932 
vt -0.673878 1.47968 
vt -0.685871 1.42343 
vt -0.681248 1.42786 
vt -0.560837 1.42343 
vt -0.569187 1.33445 
vt -0.560837 1.33445 
vt -0.685871 1.33445 
vt -0.677522 1.33445 
vt -0.677522 1.42343 
vt -0.569187 1.33445 
vt -0.569187 1.42343 
vt -0.677522 1.42343 
vt -0.677522 1.33445 
vt -0.566642 1.47398 
vt -0.57241 1.47968 
vt -0.673878 1.47968 
vt -0.680006 1.47398 
vt -0.565062 1.42786 
vt -0.680006 1.47398 
vt -0.681647 1.42786 
vt -0.565062 1.42786 
vt -0.566642 1.47398 
vt -0.680006 1.47398 
vt -0.679722 1.47932 
vt -0.683918 1.4751 
vt -0.680006 1.47398 
vt -0.673878 1.47968 
vt -0.566983 1.47932 
vt -0.571176 1.48353 
vt -0.57241 1.47968 

usemtl Union3Mtl

f 5968/5968/5968 5969/5969/5969 5970/5970/5970 
f 5968/5968/5968 5970/5970/5970 5971/5971/5971 
f 5972/5972/5972 5973/5973/5973 5974/5974/5974 
f 5972/5972/5972 5974/5974/5974 5975/5975/5975 
f 5976/5976/5976 5977/5977/5977 5978/5978/5978 
f 5976/5976/5976 5978/5978/5978 5979/5979/5979 
f 5980/5980/5980 5981/5981/5981 5982/5982/5982 
f 5987/5987/5987 5988/5988/5988 5989/5989/5989 
f 5987/5987/5987 5989/5989/5989 5990/5990/5990 
f 5991/5991/5991 5992/5992/5992 5993/5993/5993 
f 5991/5991/5991 5993/5993/5993 5994/5994/5994 
f 5997/5997/5997 5998/5998/5998 5999/5999/5999 
f 5997/5997/5997 5999/5999/5999 6000/6000/6000 
f 6001/6001/6001 6003/6003/6003 6004/6004/6004 
f 6005/6005/6005 6006/6006/6006 6007/6007/6007 
f 6005/6005/6005 6007/6007/6007 6008/6008/6008 
f 6009/6009/6009 6010/6010/6010 6011/6011/6011 
f 6012/6012/6012 6013/6013/6013 6014/6014/6014 
f 6012/6012/6012 6014/6014/6014 6015/6015/6015 
f 6016/6016/6016 6017/6017/6017 6018/6018/6018 
f 6016/6016/6016 6018/6018/6018 6019/6019/6019 
f 6020/6020/6020 6021/6021/6021 6022/6022/6022 
f 6023/6023/6023 6024/6024/6024 6025/6025/6025 
f 6026/6026/6026 6027/6027/6027 6028/6028/6028 
f 6029/6029/6029 6030/6030/6030 6031/6031/6031 
f 6032/6032/6032 6033/6033/6033 6034/6034/6034 
f 6035/6035/6035 6036/6036/6036 6037/6037/6037 
f 6035/6035/6035 6037/6037/6037 6038/6038/6038 
f 6039/6039/6039 6040/6040/6040 6041/6041/6041 
f 6039/6039/6039 6041/6041/6041 6042/6042/6042 
f 6043/6043/6043 6044/6044/6044 6045/6045/6045 
f 6043/6043/6043 6045/6045/6045 6046/6046/6046 
f 6047/6047/6047 6048/6048/6048 6049/6049/6049 
f 6050/6050/6050 6051/6051/6051 6052/6052/6052 
f 6050/6050/6050 6052/6052/6052 6053/6053/6053 
f 6056/6056/6056 6057/6057/6057 6058/6058/6058 
f 6056/6056/6056 6058/6058/6058 6059/6059/6059 
f 6060/6060/6060 6061/6061/6061 6062/6062/6062 
f 6060/6060/6060 6062/6062/6062 6063/6063/6063 
f 6064/6064/6064 6065/6065/6065 6066/6066/6066 
f 6064/6064/6064 6066/6066/6066 6067/6067/6067 
f 6071/6071/6071 6072/6072/6072 6073/6073/6073 
f 6075/6075/6075 6076/6076/6076 6077/6077/6077 
f 6079/6079/6079 6080/6080/6080 6081/6081/6081 
f 6082/6082/6082 6083/6083/6083 6084/6084/6084 
f 6082/6082/6082 6084/6084/6084 6085/6085/6085 
f 6086/6086/6086 6087/6087/6087 6088/6088/6088 
f 6086/6086/6086 6088/6088/6088 6089/6089/6089 
f 6090/6090/6090 6091/6091/6091 6092/6092/6092 
f 6090/6090/6090 6092/6092/6092 6093/6093/6093 
f 6094/6094/6094 6095/6095/6095 6096/6096/6096 
f 6097/6097/6097 6098/6098/6098 6099/6099/6099 
f 6103/6103/6103 6104/6104/6104 6105/6105/6105 
f 6106/6106/6106 6107/6107/6107 6108/6108/6108 
f 6109/6109/6109 6110/6110/6110 6111/6111/6111 
f 6109/6109/6109 6111/6111/6111 6112/6112/6112 
f 6113/6113/6113 6114/6114/6114 6115/6115/6115 
f 6113/6113/6113 6115/6115/6115 6116/6116/6116 
f 6118/6118/6118 6119/6119/6119 6120/6120/6120 
f 6118/6118/6118 6120/6120/6120 6121/6121/6121 
f 6122/6122/6122 6123/6123/6123 6124/6124/6124 
f 6122/6122/6122 6124/6124/6124 6125/6125/6125 
f 6126/6126/6126 6127/6127/6127 6128/6128/6128 
f 6126/6126/6126 6128/6128/6128 6129/6129/6129 
f 6130/6130/6130 6131/6131/6131 6132/6132/6132 
f 6130/6130/6130 6132/6132/6132 6133/6133/6133 
f 6136/6136/6136 6137/6137/6137 6138/6138/6138 
f 6139/6139/6139 6140/6140/6140 6141/6141/6141 
f 6139/6139/6139 6141/6141/6141 6142/6142/6142 
f 6143/6143/6143 6144/6144/6144 6145/6145/6145 
f 6146/6146/6146 6147/6147/6147 6148/6148/6148 
f 6146/6146/6146 6148/6148/6148 6149/6149/6149 
f 6150/6150/6150 6151/6151/6151 6152/6152/6152 
f 6150/6150/6150 6152/6152/6152 6153/6153/6153 
f 6154/6154/6154 6155/6155/6155 6156/6156/6156 
f 6154/6154/6154 6156/6156/6156 6157/6157/6157 
f 6158/6158/6158 6159/6159/6159 6160/6160/6160 
f 6158/6158/6158 6160/6160/6160 6161/6161/6161 
f 6162/6162/6162 6163/6163/6163 6164/6164/6164 
f 6167/6167/6167 6168/6168/6168 6169/6169/6169 
f 6167/6167/6167 6169/6169/6169 6170/6170/6170 
f 6171/6171/6171 6172/6172/6172 6173/6173/6173 
f 6171/6171/6171 6173/6173/6173 6174/6174/6174 
f 6178/6178/6178 6179/6179/6179 6180/6180/6180 
f 6178/6178/6178 6180/6180/6180 6181/6181/6181 
f 6183/6183/6183 6184/6184/6184 6185/6185/6185 
f 6186/6186/6186 6187/6187/6187 6188/6188/6188 
f 6186/6186/6186 6188/6188/6188 6189/6189/6189 
f 6190/6190/6190 6191/6191/6191 6192/6192/6192 
f 6193/6193/6193 6194/6194/6194 6195/6195/6195 
f 6193/6193/6193 6195/6195/6195 6196/6196/6196 
f 6197/6197/6197 6198/6198/6198 6199/6199/6199 
f 6197/6197/6197 6199/6199/6199 6200/6200/6200 
f 6201/6201/6201 6202/6202/6202 6203/6203/6203 
f 6204/6204/6204 6205/6205/6205 6206/6206/6206 
f 6207/6207/6207 6208/6208/6208 6209/6209/6209 
f 6210/6210/6210 6211/6211/6211 6212/6212/6212 
f 6213/6213/6213 6214/6214/6214 6215/6215/6215 
f 6216/6216/6216 6217/6217/6217 6218/6218/6218 
f 6216/6216/6216 6218/6218/6218 6219/6219/6219 
f 6220/6220/6220 6221/6221/6221 6222/6222/6222 
f 6220/6220/6220 6222/6222/6222 6223/6223/6223 
f 6224/6224/6224 6225/6225/6225 6226/6226/6226 
f 6224/6224/6224 6226/6226/6226 6227/6227/6227 
f 6228/6228/6228 6229/6229/6229 6230/6230/6230 
f 6231/6231/6231 6232/6232/6232 6233/6233/6233 
f 6231/6231/6231 6233/6233/6233 6234/6234/6234 
f 6238/6238/6238 6239/6239/6239 6240/6240/6240 
f 6238/6238/6238 6240/6240/6240 6241/6241/6241 
f 6242/6242/6242 6243/6243/6243 6244/6244/6244 
f 6242/6242/6242 6244/6244/6244 6245/6245/6245 
f 6246/6246/6246 6247/6247/6247 6248/6248/6248 
f 6246/6246/6246 6248/6248/6248 6249/6249/6249 
f 6251/6251/6251 6252/6252/6252 6253/6253/6253 
f 6251/6251/6251 6253/6253/6253 6254/6254/6254 
f 6255/6255/6255 6256/6256/6256 6257/6257/6257 
f 6255/6255/6255 6257/6257/6257 6258/6258/6258 
f 6260/6260/6260 6261/6261/6261 6262/6262/6262 
f 6260/6260/6260 6262/6262/6262 6263/6263/6263 
f 6264/6264/6264 6265/6265/6265 6266/6266/6266 
f 6267/6267/6267 6268/6268/6268 6269/6269/6269 
f 6270/6270/6270 6271/6271/6271 6272/6272/6272 
f 6270/6270/6270 6272/6272/6272 6273/6273/6273 
f 6274/6274/6274 6275/6275/6275 6276/6276/6276 
f 6274/6274/6274 6276/6276/6276 6277/6277/6277 
f 6278/6278/6278 6279/6279/6279 6280/6280/6280 
f 6281/6281/6281 6282/6282/6282 6283/6283/6283 
f 6281/6281/6281 6283/6283/6283 6284/6284/6284 
f 6285/6285/6285 6286/6286/6286 6287/6287/6287 
f 6288/6288/6288 6289/6289/6289 6290/6290/6290 
f 6288/6288/6288 6290/6290/6290 6291/6291/6291 
f 6292/6292/6292 6293/6293/6293 6294/6294/6294 
f 6292/6292/6292 6294/6294/6294 6295/6295/6295 
f 6296/6296/6296 6297/6297/6297 6298/6298/6298 
f 6296/6296/6296 6298/6298/6298 6299/6299/6299 
f 6300/6300/6300 6301/6301/6301 6302/6302/6302 
f 6300/6300/6300 6302/6302/6302 6303/6303/6303 
f 6304/6304/6304 6305/6305/6305 6306/6306/6306 
f 6307/6307/6307 6308/6308/6308 6309/6309/6309 
f 6307/6307/6307 6309/6309/6309 6310/6310/6310 
f 6311/6311/6311 6312/6312/6312 6313/6313/6313 
f 6316/6316/6316 6317/6317/6317 6318/6318/6318 
f 6316/6316/6316 6318/6318/6318 6319/6319/6319 
f 6323/6323/6323 6324/6324/6324 6325/6325/6325 
f 6323/6323/6323 6325/6325/6325 6326/6326/6326 
f 6329/6329/6329 6330/6330/6330 6331/6331/6331 
f 6329/6329/6329 6331/6331/6331 6332/6332/6332 
f 6333/6333/6333 6334/6334/6334 6335/6335/6335 
f 6336/6336/6336 6337/6337/6337 6338/6338/6338 
f 6341/6341/6341 6342/6342/6342 6343/6343/6343 
f 6344/6344/6344 6345/6345/6345 6346/6346/6346 
f 6347/6347/6347 6348/6348/6348 6349/6349/6349 
f 6347/6347/6347 6349/6349/6349 6350/6350/6350 
f 6351/6351/6351 6352/6352/6352 6353/6353/6353 
f 6351/6351/6351 6353/6353/6353 6354/6354/6354 
f 6355/6355/6355 6356/6356/6356 6357/6357/6357 
f 6358/6358/6358 6359/6359/6359 6360/6360/6360 
f 6361/6361/6361 6362/6362/6362 6363/6363/6363 
f 6361/6361/6361 6363/6363/6363 6364/6364/6364 
f 6365/6365/6365 6366/6366/6366 6367/6367/6367 

g 8

v -7.65936 2.23199 -34.0709 
v -7.72467 2.04023 -34.0012 
v -8.59669 2.23199 -34.0012 
v -8.59666 2.04023 -34.0012 
v -7.72467 2.04023 -34.0012 
v -7.72471 2.23199 -34.0012 
v -7.65936 2.23199 -34.0709 
v -7.72471 2.27312 -34.0709 
v -7.72471 2.27312 -34.9345 
v -7.88033 2.33447 -34.7822 
v -7.88033 2.33447 -34.2252 
v -7.88033 2.33447 -34.2252 
v -8.43807 2.33447 -34.2252 
v -8.59669 2.27312 -34.0709 
v -7.72471 2.27312 -34.0709 
v -8.59669 2.23199 -34.0012 
v -7.72471 2.23199 -34.0012 
v -7.72471 2.27312 -34.0709 
v -8.59669 2.27312 -34.0709 
v -8.62817 2.23199 -34.036 
v -8.65966 2.23199 -34.0709 
v -8.62817 2.23199 -34.036 
v -8.59669 2.27312 -34.0709 
v -8.65966 2.23199 -34.9348 
v -8.65966 2.23199 -34.0709 
v -8.59669 2.27312 -34.0709 
v -8.59669 2.27312 -34.9348 
v -8.43807 2.33447 -34.2252 
v -8.43807 2.33447 -34.7822 
v -8.59669 2.27312 -34.9348 
v -8.59669 2.27312 -34.0709 
v -8.59669 2.27312 -34.9348 
v -8.62817 2.23199 -34.9676 
v -8.65966 2.23199 -34.9348 
v -7.72471 2.23199 -34.0012 
v -7.65936 2.23199 -34.0709 
v -7.72471 2.27312 -34.0709 
v -7.65936 2.23199 -34.0709 
v -7.65936 2.23199 -34.9345 
v -7.72471 2.27312 -34.9345 
v -7.72471 2.27312 -34.0709 
v -7.65936 2.23199 -34.9345 
v -7.72471 2.23199 -35.0005 
v -7.72471 2.27312 -34.9345 
v -7.72471 2.27312 -34.9345 
v -7.72471 2.23199 -35.0005 
v -8.59669 2.23199 -35.0005 
v -8.59669 2.27312 -34.9348 
v -7.72471 2.27312 -34.9345 
v -8.59669 2.27312 -34.9348 
v -8.43807 2.33447 -34.7822 
v -7.88033 2.33447 -34.7822 
v -8.43807 2.33447 -34.2252 
v -7.88033 2.33447 -34.2252 
v -8.15859 2.33423 -34.5037 
v -8.15859 2.33423 -34.5037 
v -7.88033 2.33447 -34.7822 
v -8.43807 2.33447 -34.7822 
v -8.15859 2.33423 -34.5037 
v -7.88033 2.33447 -34.2252 
v -7.88033 2.33447 -34.7822 
v -8.43807 2.33447 -34.2252 
v -8.15859 2.33423 -34.5037 
v -8.43807 2.33447 -34.7822 
v -8.62817 2.23199 -34.9676 
v -8.59669 2.27312 -34.9348 
v -8.59669 2.23199 -35.0005 
v -8.59669 2.27312 -34.0709 
v -8.62817 2.23199 -34.036 
v -8.59669 2.23199 -34.0012 
v -8.65966 2.04023 -34.9348 
v -8.65966 2.04023 -34.0709 
v -8.65966 2.23199 -34.0709 
v -8.65966 2.23199 -34.9348 
v -8.62816 2.04023 -34.036 
v -8.62816 2.04023 -34.036 
v -8.62817 2.23199 -34.036 
v -8.65966 2.23199 -34.0709 
v -8.65966 2.04023 -34.0709 
v -8.62817 2.23199 -34.9676 
v -8.65966 2.04023 -34.9348 
v -8.65966 2.23199 -34.9348 
v -8.62817 2.23199 -34.9676 
v -8.62817 2.04023 -34.9676 
v -8.62817 2.04023 -34.9676 
v -8.62817 2.23199 -34.9676 
v -8.59669 2.23199 -35.0005 
v -8.59669 2.04023 -35.0005 
v -8.62817 2.23199 -34.036 
v -8.62816 2.04023 -34.036 
v -8.59666 2.04023 -34.0012 
v -8.59669 2.23199 -34.0012 
v -7.72471 1.99922 -34.9348 
v -8.62817 2.23199 -34.9676 
v -8.62817 2.04023 -34.9676 
v -7.72471 2.23199 -35.0005 
v -7.72471 2.23199 -35.0005 
v -7.72471 2.04023 -35.0005 
v -8.59669 2.04023 -35.0005 
v -8.59669 2.23199 -35.0005 
v -8.15951 1.99922 -34.5036 
v -7.72471 1.99922 -34.9348 
v -7.72467 1.99928 -34.0709 
v -8.59666 1.99928 -34.0709 
v -8.59669 1.99922 -34.9348 
v -8.15951 1.99922 -34.5036 
v -7.72467 1.99928 -34.0709 
v -8.59666 1.99928 -34.0709 
v -8.15951 1.99922 -34.5036 
v -7.72471 1.99922 -34.9348 
v -8.15951 1.99922 -34.5036 
v -8.59669 1.99922 -34.9348 
v -8.65966 2.04023 -34.0709 
v -8.65966 2.04023 -34.9348 
v -8.59669 1.99922 -34.9348 
v -8.59666 1.99928 -34.0709 
v -7.65936 2.04023 -34.9345 
v -7.65936 2.04023 -34.0709 
v -7.72467 1.99928 -34.0709 
v -7.72471 1.99922 -34.9348 
v -7.72467 2.04023 -34.0012 
v -8.59666 2.04023 -34.0012 
v -8.59666 1.99928 -34.0709 
v -7.72467 1.99928 -34.0709 
v -8.59666 1.99928 -34.0709 
v -8.62816 2.04023 -34.036 
v -8.65966 2.04023 -34.0709 
v -8.62817 2.04023 -34.9676 
v -7.65936 2.04023 -34.0709 
v -7.72467 2.04023 -34.0012 
v -7.72467 1.99928 -34.0709 
v -7.72471 2.04023 -35.0005 
v -7.65936 2.04023 -34.9345 
v -7.72471 1.99922 -34.9348 
v -8.59669 2.04023 -35.0005 
v -7.72471 2.04023 -35.0005 
v -7.72471 1.99922 -34.9348 
v -8.59669 1.99922 -34.9348 
v -8.59669 1.99922 -34.9348 
v -8.62817 2.04023 -34.9676 
v -8.59669 2.04023 -35.0005 
v -8.62817 2.04023 -34.9676 
v -8.59669 1.99922 -34.9348 
v -8.65966 2.04023 -34.9348 
v -8.62816 2.04023 -34.036 
v -8.59666 1.99928 -34.0709 
v -8.59666 2.04023 -34.0012 
v -7.65936 2.23199 -34.9345 
v -7.65936 2.23199 -34.0709 
v -7.65936 2.04023 -34.0709 
v -7.65936 2.04023 -34.9345 
v -7.72471 1.99922 -34.9348 
v -7.72467 2.04023 -34.0012 
v -7.65936 2.04023 -34.0709 
v -7.65936 2.23199 -34.0709 
v -7.72471 2.23199 -34.0012 
v -7.72467 2.04023 -34.0012 
v -7.72471 2.23199 -35.0005 
v -7.65936 2.23199 -34.9345 
v -7.65936 2.04023 -34.9345 
v -7.72471 2.04023 -35.0005 
v -7.72471 2.23199 -35.0005 

vn 1 0 0 
vn 0 -0.866142 0.503937 
vn 0 0 1 
vn 0 0 1 
vn 0 0 1 
vn 0 0 1 
vn 1 0 0 
vn 0.188976 0.96063 0.188976 
vn 0.188976 0.96063 -0.188976 
vn 0.141732 0.976378 -0.141732 
vn 0.141732 0.976378 0.141732 
vn 0.141732 0.976378 0.141732 
vn -0.141732 0.976378 0.141732 
vn -0.188976 0.96063 0.188976 
vn 0.188976 0.96063 0.188976 
vn 0 0.858268 0.511811 
vn 0 0.858268 0.511811 
vn 0 0.858268 0.511811 
vn 0 0.858268 0.511811 
vn -0.740157 0 0.669291 
vn -0.488189 0.748031 0.440945 
vn -0.488189 0.748031 0.440945 
vn -0.488189 0.748031 0.440945 
vn -0.543307 0.834646 0 
vn -0.543307 0.834646 0 
vn -0.543307 0.834646 0 
vn -0.543307 0.834646 0 
vn -0.141732 0.976378 0.141732 
vn -0.141732 0.976378 -0.141732 
vn -0.188976 0.96063 -0.188976 
vn -0.188976 0.96063 0.188976 
vn -0.488189 0.740157 -0.464567 
vn -0.488189 0.740157 -0.464567 
vn -0.488189 0.740157 -0.464567 
vn 0.480315 0.755906 0.448819 
vn 0.480315 0.755906 0.448819 
vn 0.480315 0.755906 0.448819 
vn 0.535433 0.84252 0 
vn 0.535433 0.84252 0 
vn 0.535433 0.84252 0 
vn 0.535433 0.84252 0 
vn 0.472441 0.748031 -0.464567 
vn 0.472441 0.748031 -0.464567 
vn 0.472441 0.748031 -0.464567 
vn 0 0.850394 -0.527559 
vn 0 0.850394 -0.527559 
vn 0 0.850394 -0.527559 
vn 0 0.850394 -0.527559 
vn 0.188976 0.96063 -0.188976 
vn -0.188976 0.96063 -0.188976 
vn -0.141732 0.976378 -0.141732 
vn 0.141732 0.976378 -0.141732 
vn -0.141732 0.976378 0.141732 
vn 0.141732 0.976378 0.141732 
vn 0 1 0 
vn 0 1 0 
vn 0.141732 0.976378 -0.141732 
vn -0.141732 0.976378 -0.141732 
vn 0 1 0 
vn 0.141732 0.976378 0.141732 
vn 0.141732 0.976378 -0.141732 
vn -0.141732 0.976378 0.141732 
vn 0 1 0 
vn -0.141732 0.976378 -0.141732 
vn -0.488189 0.740157 -0.464567 
vn -0.488189 0.740157 -0.464567 
vn -0.488189 0.740157 -0.464567 
vn -0.488189 0.748031 0.440945 
vn -0.488189 0.748031 0.440945 
vn -0.488189 0.748031 0.440945 
vn -1 0 0 
vn -1 0 0 
vn -1 0 0 
vn -1 0 0 
vn -0.488189 -0.755906 0.440945 
vn -0.740157 0 0.669291 
vn -0.740157 0 0.669291 
vn -0.740157 0 0.669291 
vn -0.740157 0 0.669291 
vn -0.488189 0.740157 -0.464567 
vn -0.724409 0 -0.692913 
vn -0.724409 0 -0.692913 
vn -0.724409 0 -0.692913 
vn -0.724409 0 -0.692913 
vn -0.724409 0 -0.692913 
vn -0.724409 0 -0.692913 
vn -0.724409 0 -0.692913 
vn -0.724409 0 -0.692913 
vn -0.740157 0 0.669291 
vn -0.740157 0 0.669291 
vn -0.740157 0 0.669291 
vn -0.740157 0 0.669291 
vn 0 -1 0 
vn -0.488189 0.740157 -0.464567 
vn -0.724409 0 -0.692913 
vn 0.472441 0.748031 -0.464567 
vn 0 0 -1 
vn 0 0 -1 
vn 0 0 -1 
vn 0 0 -1 
vn 0 -1 0 
vn 0 -1 0 
vn 0 -1 0 
vn 0 -1 0 
vn 0 -1 0 
vn 0 -1 0 
vn 0 -1 0 
vn 0 -1 0 
vn 0 -1 0 
vn 0 -1 0 
vn 0 -1 0 
vn 0 -1 0 
vn -0.543307 -0.834646 0 
vn -0.543307 -0.834646 0 
vn -0.543307 -0.834646 0 
vn -0.543307 -0.834646 0 
vn 0.527559 -0.850394 0 
vn 0.527559 -0.850394 0 
vn 0.527559 -0.850394 0 
vn 0.527559 -0.850394 0 
vn 0 -0.866142 0.503937 
vn 0 -0.866142 0.503937 
vn 0 -0.866142 0.503937 
vn 0 -0.866142 0.503937 
vn -0.488189 -0.755906 0.440945 
vn -0.488189 -0.755906 0.440945 
vn -0.488189 -0.755906 0.440945 
vn -0.724409 0 -0.692913 
vn 0.472441 -0.755906 0.448819 
vn 0.472441 -0.755906 0.448819 
vn 0.472441 -0.755906 0.448819 
vn 0.472441 -0.748031 -0.464567 
vn 0.472441 -0.748031 -0.464567 
vn 0.472441 -0.748031 -0.464567 
vn 0 -0.850394 -0.527559 
vn 0 -0.850394 -0.527559 
vn 0 -0.850394 -0.527559 
vn 0 -0.850394 -0.527559 
vn -0.480315 -0.740157 -0.464567 
vn -0.480315 -0.740157 -0.464567 
vn -0.480315 -0.740157 -0.464567 
vn -0.480315 -0.740157 -0.464567 
vn -0.480315 -0.740157 -0.464567 
vn -0.480315 -0.740157 -0.464567 
vn -0.488189 -0.755906 0.440945 
vn -0.488189 -0.755906 0.440945 
vn -0.488189 -0.755906 0.440945 
vn 1 0 0 
vn 1 0 0 
vn 1 0 0 
vn 1 0 0 
vn 0 -1 0 
vn 0 -0.866142 0.503937 
vn 0.732283 0 0.685039 
vn 0.732283 0 0.685039 
vn 0.732283 0 0.685039 
vn 0.732283 0 0.685039 
vn 0.472441 0.748031 -0.464567 
vn 0.708661 0 -0.700787 
vn 0.708661 0 -0.700787 
vn 0.708661 0 -0.700787 
vn 0.708661 0 -0.700787 

vt 0.873018 0.660367 
vt 0.864855 0.636396 
vt 0.755852 0.660367 
vt 0.755857 0.636396 
vt 0.864855 0.636396 
vt 0.86485 0.660367 
vt 0.756755 0.589705 
vt 0.756755 0.597874 
vt 0.864708 0.597874 
vt 0.845668 0.617326 
vt 0.776041 0.617326 
vt 0.776041 0.617326 
vt 0.776041 0.687044 
vt 0.756762 0.706871 
vt 0.756755 0.597874 
vt 0.748043 0.706871 
vt 0.748043 0.597874 
vt 0.756755 0.597874 
vt 0.756762 0.706871 
vt 0.752399 0.710807 
vt 0.756755 0.714742 
vt 0.752399 0.710807 
vt 0.756762 0.706871 
vt 0.864739 0.714742 
vt 0.756755 0.714742 
vt 0.756762 0.706871 
vt 0.864741 0.706871 
vt 0.776041 0.687044 
vt 0.845668 0.687044 
vt 0.864741 0.706871 
vt 0.756762 0.706871 
vt 0.864741 0.706871 
vt 0.868847 0.710807 
vt 0.864739 0.714742 
vt 0.748043 0.597874 
vt 0.756755 0.589705 
vt 0.756755 0.597874 
vt 0.756755 0.589705 
vt 0.864707 0.589705 
vt 0.864708 0.597874 
vt 0.756755 0.597874 
vt 0.864707 0.589705 
vt 0.872956 0.597874 
vt 0.864708 0.597874 
vt 0.864708 0.597874 
vt 0.872956 0.597874 
vt 0.872956 0.706871 
vt 0.864741 0.706871 
vt 0.864708 0.597874 
vt 0.864741 0.706871 
vt 0.845668 0.687044 
vt 0.845668 0.617326 
vt 0.776041 0.687044 
vt 0.776041 0.617326 
vt 0.810855 0.652109 
vt 0.810855 0.652109 
vt 0.845668 0.617326 
vt 0.845668 0.687044 
vt 0.810855 0.652109 
vt 0.776041 0.617326 
vt 0.845668 0.617326 
vt 0.776041 0.687044 
vt 0.810855 0.652109 
vt 0.845668 0.687044 
vt 0.868847 0.710807 
vt 0.864741 0.706871 
vt 0.872956 0.706871 
vt 0.756762 0.706871 
vt 0.752399 0.710807 
vt 0.748043 0.706871 
vt 0.756255 0.636396 
vt 0.864244 0.636396 
vt 0.864244 0.660367 
vt 0.75626 0.660367 
vt 0.8686 0.636396 
vt 0.8686 0.636396 
vt 0.8686 0.660367 
vt 0.864244 0.660367 
vt 0.864244 0.636396 
vt 0.752152 0.660367 
vt 0.756255 0.636396 
vt 0.75626 0.660367 
vt 0.752152 0.660367 
vt 0.752149 0.636396 
vt 0.752149 0.636396 
vt 0.752152 0.660367 
vt 0.748043 0.660367 
vt 0.748043 0.636396 
vt 0.8686 0.660367 
vt 0.8686 0.636396 
vt 0.872956 0.636396 
vt 0.872956 0.660367 
vt 0.756149 0.63127 
vt 0.869082 0.660367 
vt 0.869082 0.636396 
vt 0.756149 0.660367 
vt 0.756149 0.660367 
vt 0.756149 0.636396 
vt 0.865147 0.636396 
vt 0.865147 0.660367 
vt 0.810161 0.652224 
vt 0.756255 0.597874 
vt 0.864241 0.597868 
vt 0.864247 0.706867 
vt 0.756259 0.706871 
vt 0.810161 0.652224 
vt 0.864241 0.597868 
vt 0.864247 0.706867 
vt 0.810161 0.652224 
vt 0.756255 0.597874 
vt 0.810161 0.652224 
vt 0.756259 0.706871 
vt 0.864244 0.714742 
vt 0.756255 0.714742 
vt 0.756259 0.706871 
vt 0.864247 0.706867 
vt 0.756288 0.589705 
vt 0.864244 0.589705 
vt 0.864241 0.597868 
vt 0.756255 0.597874 
vt 0.872956 0.597868 
vt 0.872956 0.706867 
vt 0.864247 0.706867 
vt 0.864241 0.597868 
vt 0.864247 0.706867 
vt 0.8686 0.710805 
vt 0.864244 0.714742 
vt 0.752149 0.710807 
vt 0.864244 0.589705 
vt 0.872956 0.597868 
vt 0.864241 0.597868 
vt 0.748043 0.597874 
vt 0.756288 0.589705 
vt 0.756255 0.597874 
vt 0.748043 0.706871 
vt 0.748043 0.597874 
vt 0.756255 0.597874 
vt 0.756259 0.706871 
vt 0.756259 0.706871 
vt 0.752149 0.710807 
vt 0.748043 0.706871 
vt 0.752149 0.710807 
vt 0.756259 0.706871 
vt 0.756255 0.714742 
vt 0.8686 0.710805 
vt 0.864247 0.706867 
vt 0.872956 0.706867 
vt 0.864707 0.660367 
vt 0.756755 0.660367 
vt 0.756755 0.636396 
vt 0.864711 0.636396 
vt 0.864744 0.63127 
vt 0.748043 0.636396 
vt 0.756755 0.636396 
vt 0.756755 0.660367 
vt 0.748043 0.660367 
vt 0.748043 0.636396 
vt 0.872956 0.660367 
vt 0.864707 0.660367 
vt 0.864711 0.636396 
vt 0.872956 0.636396 
vt 0.872956 0.660367 

usemtl 1Mtl

f 6370/6370/6370 6371/6371/6371 6372/6372/6372 
f 6370/6370/6370 6372/6372/6372 6373/6373/6373 
f 6375/6375/6375 6376/6376/6376 6377/6377/6377 
f 6375/6375/6375 6377/6377/6377 6378/6378/6378 
f 6379/6379/6379 6380/6380/6380 6381/6381/6381 
f 6379/6379/6379 6381/6381/6381 6382/6382/6382 
f 6383/6383/6383 6384/6384/6384 6385/6385/6385 
f 6383/6383/6383 6385/6385/6385 6386/6386/6386 
f 6388/6388/6388 6389/6389/6389 6390/6390/6390 
f 6391/6391/6391 6392/6392/6392 6393/6393/6393 
f 6391/6391/6391 6393/6393/6393 6394/6394/6394 
f 6395/6395/6395 6396/6396/6396 6397/6397/6397 
f 6395/6395/6395 6397/6397/6397 6398/6398/6398 
f 6399/6399/6399 6400/6400/6400 6401/6401/6401 
f 6402/6402/6402 6403/6403/6403 6404/6404/6404 
f 6405/6405/6405 6406/6406/6406 6407/6407/6407 
f 6405/6405/6405 6407/6407/6407 6408/6408/6408 
f 6409/6409/6409 6410/6410/6410 6411/6411/6411 
f 6412/6412/6412 6413/6413/6413 6414/6414/6414 
f 6412/6412/6412 6414/6414/6414 6415/6415/6415 
f 6416/6416/6416 6417/6417/6417 6418/6418/6418 
f 6416/6416/6416 6418/6418/6418 6419/6419/6419 
f 6420/6420/6420 6421/6421/6421 6422/6422/6422 
f 6423/6423/6423 6424/6424/6424 6425/6425/6425 
f 6426/6426/6426 6427/6427/6427 6428/6428/6428 
f 6429/6429/6429 6430/6430/6430 6431/6431/6431 
f 6432/6432/6432 6433/6433/6433 6434/6434/6434 
f 6435/6435/6435 6436/6436/6436 6437/6437/6437 
f 6438/6438/6438 6439/6439/6439 6440/6440/6440 
f 6438/6438/6438 6440/6440/6440 6441/6441/6441 
f 6443/6443/6443 6444/6444/6444 6445/6445/6445 
f 6443/6443/6443 6445/6445/6445 6446/6446/6446 
f 6448/6448/6448 6449/6449/6449 6450/6450/6450 
f 6448/6448/6448 6450/6450/6450 6451/6451/6451 
f 6452/6452/6452 6453/6453/6453 6454/6454/6454 
f 6452/6452/6452 6454/6454/6454 6455/6455/6455 
f 6456/6456/6456 6457/6457/6457 6458/6458/6458 
f 6456/6456/6456 6458/6458/6458 6459/6459/6459 
f 6464/6464/6464 6465/6465/6465 6466/6466/6466 
f 6464/6464/6464 6466/6466/6466 6467/6467/6467 
f 6468/6468/6468 6469/6469/6469 6470/6470/6470 
f 6471/6471/6471 6472/6472/6472 6473/6473/6473 
f 6474/6474/6474 6475/6475/6475 6476/6476/6476 
f 6477/6477/6477 6478/6478/6478 6479/6479/6479 
f 6480/6480/6480 6481/6481/6481 6482/6482/6482 
f 6480/6480/6480 6482/6482/6482 6483/6483/6483 
f 6484/6484/6484 6485/6485/6485 6486/6486/6486 
f 6484/6484/6484 6486/6486/6486 6487/6487/6487 
f 6488/6488/6488 6489/6489/6489 6490/6490/6490 
f 6488/6488/6488 6490/6490/6490 6491/6491/6491 
f 6492/6492/6492 6493/6493/6493 6494/6494/6494 
f 6496/6496/6496 6497/6497/6497 6498/6498/6498 
f 6499/6499/6499 6500/6500/6500 6501/6501/6501 
f 6502/6502/6502 6503/6503/6503 6504/6504/6504 
f 6502/6502/6502 6504/6504/6504 6505/6505/6505 
f 6506/6506/6506 6507/6507/6507 6508/6508/6508 
f 6509/6509/6509 6510/6510/6510 6511/6511/6511 
f 6512/6512/6512 6513/6513/6513 6514/6514/6514 
f 6515/6515/6515 6516/6516/6516 6517/6517/6517 
f 6515/6515/6515 6517/6517/6517 6518/6518/6518 
f 6521/6521/6521 6522/6522/6522 6523/6523/6523 
f 6521/6521/6521 6523/6523/6523 6524/6524/6524 
f 6526/6526/6526 6527/6527/6527 6528/6528/6528 
f 6526/6526/6526 6528/6528/6528 6529/6529/6529 

g 9

v -7.65919 8.34465e-07 -35.0655 
v -7.71171 8.34465e-07 -35.0039 
v -7.71028 0.285859 -35.0655 
v -8.60877 0.285859 -35.0655 
v -7.71028 0.285859 -35.0655 
v -8.60877 0.285859 -35.0655 
v -8.61013 0.199769 -35.0047 
v -7.71171 0.199769 -35.0039 
v -8.61013 8.34465e-07 -35.0047 
v -8.61013 8.34465e-07 -35.0047 
v -7.71171 8.34465e-07 -35.0039 
v -7.71171 0.199769 -35.0039 
v -8.61013 0.199769 -35.0047 
v -8.63476 0.199769 -35.0351 
v -7.71169 0.199769 -36.0045 
v -7.71171 0.199769 -35.0039 
v -7.71028 0.285859 -35.0655 
v -8.60877 0.285859 -35.0655 
v -8.60876 0.28593 -35.9402 
v -8.6341 0.199769 -35.9723 
v -7.71028 0.285979 -35.9403 
v -8.15728 0.334844 -35.511 
v -7.83832 0.335408 -35.7987 
v -8.47738 0.335408 -35.7987 
v -8.60877 0.285859 -35.0655 
v -7.71028 0.285859 -35.0655 
v -7.83832 0.335408 -35.2234 
v -8.47738 0.335408 -35.2234 
v -8.60876 0.28593 -35.9402 
v -8.60877 0.285859 -35.0655 
v -8.47738 0.335408 -35.2234 
v -8.47738 0.335408 -35.7987 
v -7.83832 0.335408 -35.7987 
v -7.83832 0.335408 -35.2234 
v -7.71028 0.285859 -35.0655 
v -7.71028 0.285979 -35.9403 
v -8.60876 0.28593 -35.9402 
v -8.47738 0.335408 -35.7987 
v -7.83832 0.335408 -35.7987 
v -7.71028 0.285979 -35.9403 
v -7.83832 0.335408 -35.2234 
v -7.83832 0.335408 -35.7987 
v -8.15728 0.334844 -35.511 
v -8.15728 0.334844 -35.511 
v -8.47738 0.335408 -35.2234 
v -7.83832 0.335408 -35.2234 
v -8.47738 0.335408 -35.7987 
v -8.47738 0.335408 -35.2234 
v -8.15728 0.334844 -35.511 
v -8.6341 8.34465e-07 -35.9723 
v -8.6088 8.34465e-07 -36.0045 
v -8.63476 1.07288e-06 -35.0351 
v -8.63476 0.199769 -35.0351 
v -8.65939 0.199769 -35.0655 
v -8.65939 8.34465e-07 -35.0655 
v -8.65939 0.199769 -35.0655 
v -8.6594 0.199769 -35.9402 
v -8.6594 8.34465e-07 -35.9402 
v -8.65939 8.34465e-07 -35.0655 
v -8.60877 0.285859 -35.0655 
v -8.60876 0.28593 -35.9402 
v -8.6594 0.199769 -35.9402 
v -8.65939 0.199769 -35.0655 
v -8.6594 0.199769 -35.9402 
v -8.6341 0.199769 -35.9723 
v -8.6341 8.34465e-07 -35.9723 
v -8.6594 8.34465e-07 -35.9402 
v -8.6088 0.199769 -36.0045 
v -8.61013 8.34465e-07 -35.0047 
v -8.60876 0.28593 -35.9402 
v -8.6341 0.199769 -35.9723 
v -8.6594 0.199769 -35.9402 
v -8.60877 0.285859 -35.0655 
v -8.65939 0.199769 -35.0655 
v -8.63476 0.199769 -35.0351 
v -8.61013 8.34465e-07 -35.0047 
v -8.63476 1.07288e-06 -35.0351 
v -8.65939 8.34465e-07 -35.0655 
v -8.6341 8.34465e-07 -35.9723 
v -8.6341 0.199769 -35.9723 
v -8.6088 0.199769 -36.0045 
v -8.6088 8.34465e-07 -36.0045 
v -8.6341 0.199769 -35.9723 
v -8.60876 0.28593 -35.9402 
v -8.6088 0.199769 -36.0045 
v -8.60877 0.285859 -35.0655 
v -8.63476 0.199769 -35.0351 
v -8.61013 0.199769 -35.0047 
v -8.63476 0.199769 -35.0351 
v -8.63476 1.07288e-06 -35.0351 
v -8.61013 8.34465e-07 -35.0047 
v -8.61013 0.199769 -35.0047 
v -8.6341 8.34465e-07 -35.9723 
v -8.6088 8.34465e-07 -36.0045 
v -7.71169 0.199769 -36.0045 
v -7.71169 5.96046e-07 -36.0045 
v -8.60876 0.28593 -35.9402 
v -7.71169 5.96046e-07 -36.0045 
v -8.6088 8.34465e-07 -36.0045 
v -8.6088 0.199769 -36.0045 
v -7.71169 0.199769 -36.0045 
v -7.71028 0.285979 -35.9403 
v -8.60876 0.28593 -35.9402 
v -7.71028 0.285979 -35.9403 
v -7.71169 0.199769 -36.0045 
v -8.6088 0.199769 -36.0045 
v -8.6088 8.34465e-07 -35.9402 
v -8.6341 8.34465e-07 -35.9723 
v -8.6088 8.34465e-07 -36.0045 
v -8.63476 0.199769 -35.0351 
v -7.71169 0.199769 -36.0045 
v -7.65919 8.34465e-07 -35.9402 
v -7.71169 5.96046e-07 -36.0045 
v -7.65919 8.34465e-07 -35.0655 
v -7.71171 8.34465e-07 -35.0039 
v -7.71027 8.34465e-07 -35.0655 
v -8.6594 8.34465e-07 -35.9402 
v -7.71171 0.199769 -35.0039 
v -7.65919 8.34465e-07 -35.9402 
v -7.65919 8.34465e-07 -35.0655 
v -7.71027 8.34465e-07 -35.0655 
v -7.71027 8.34465e-07 -35.9402 
v -8.6341 0.199769 -35.9723 
v -7.71169 5.96046e-07 -36.0045 
v -7.65919 8.34465e-07 -35.9402 
v -7.71027 8.34465e-07 -35.9402 
v -7.71171 8.34465e-07 -35.0039 
v -8.61013 8.34465e-07 -35.0047 
v -8.6088 8.34465e-07 -35.0655 
v -7.71027 8.34465e-07 -35.0655 
v -7.71027 8.34465e-07 -35.0655 
v -8.6088 8.34465e-07 -35.0655 
v -8.6088 8.34465e-07 -35.9402 
v -7.71027 8.34465e-07 -35.9402 
v -8.6088 8.34465e-07 -36.0045 
v -7.71169 5.96046e-07 -36.0045 
v -7.71027 8.34465e-07 -35.9402 
v -8.6088 8.34465e-07 -35.9402 
v -8.61013 8.34465e-07 -35.0047 
v -8.65939 8.34465e-07 -35.0655 
v -8.6088 8.34465e-07 -35.0655 
v -8.6088 8.34465e-07 -35.0655 
v -8.65939 8.34465e-07 -35.0655 
v -8.6594 8.34465e-07 -35.9402 
v -8.6088 8.34465e-07 -35.9402 
v -8.6341 8.34465e-07 -35.9723 
v -8.6088 8.34465e-07 -35.9402 
v -8.6594 8.34465e-07 -35.9402 
v -7.71169 0.199769 -36.0045 
v -7.65919 0.199769 -35.9402 
v -7.65919 8.34465e-07 -35.9402 
v -7.71169 5.96046e-07 -36.0045 
v -7.65919 8.34465e-07 -35.0655 
v -7.71171 8.34465e-07 -35.0039 
v -7.65919 0.199769 -35.0655 
v -7.71171 0.199769 -35.0039 
v -7.71171 8.34465e-07 -35.0039 
v -7.65919 8.34465e-07 -35.0655 
v -7.71028 0.285859 -35.0655 
v -7.71171 0.199769 -35.0039 
v -7.65919 0.199769 -35.0655 
v -7.65919 0.199769 -35.9402 
v -7.65919 0.199769 -35.0655 
v -7.65919 8.34465e-07 -35.0655 
v -7.65919 8.34465e-07 -35.9402 
v -7.71028 0.285979 -35.9403 
v -7.65919 0.199769 -35.9402 
v -7.71169 0.199769 -36.0045 
v -7.71028 0.285859 -35.0655 
v -7.65919 0.199769 -35.0655 
v -7.65919 0.199769 -35.9402 
v -7.71028 0.285979 -35.9403 

vn 0 -1 0 
vn 0 -1 0 
vn 0.692913 0.409449 0.590551 
vn -0.858268 0.503937 0 
vn 0 0.582677 0.811024 
vn 0 0.582677 0.811024 
vn 0 0.582677 0.811024 
vn 0 0.582677 0.811024 
vn 0 -1 0 
vn 0 0 1 
vn 0 0 1 
vn 0 0 1 
vn 0 0 1 
vn -0.779528 0 0.629921 
vn 0.771654 0 -0.629921 
vn 0.76378 0 0.645669 
vn 0.692913 0.409449 0.590551 
vn -0.858268 0.503937 0 
vn -0.858268 0.503937 0 
vn -0.787402 0 -0.622047 
vn 0.700787 0.417323 -0.574803 
vn 0 1 0 
vn 0 1 0 
vn 0 1 0 
vn 0 0.952756 0.299213 
vn 0 0.952756 0.299213 
vn 0 0.952756 0.299213 
vn 0 0.952756 0.299213 
vn -0.354331 0.937008 0 
vn -0.354331 0.937008 0 
vn -0.354331 0.937008 0 
vn -0.354331 0.937008 0 
vn 0.362205 0.929134 0 
vn 0.362205 0.929134 0 
vn 0.362205 0.929134 0 
vn 0.362205 0.929134 0 
vn 0 0.944882 -0.330709 
vn 0 0.944882 -0.330709 
vn 0 0.944882 -0.330709 
vn 0 0.944882 -0.330709 
vn 0 1 0 
vn 0 1 0 
vn 0 1 0 
vn 0 1 0 
vn 0 1 0 
vn 0 1 0 
vn 0 1 0 
vn 0 1 0 
vn 0 1 0 
vn 0 -1 0 
vn 0 -1 0 
vn -0.779528 0 0.629921 
vn -0.779528 0 0.629921 
vn -0.779528 0 0.629921 
vn -0.779528 0 0.629921 
vn -1 0 0 
vn -1 0 0 
vn -1 0 0 
vn -1 0 0 
vn -0.858268 0.503937 0 
vn -0.858268 0.503937 0 
vn -0.858268 0.503937 0 
vn -0.858268 0.503937 0 
vn -0.787402 0 -0.622047 
vn -0.787402 0 -0.622047 
vn -0.787402 0 -0.622047 
vn -0.787402 0 -0.622047 
vn 0 0 -1 
vn 0 -1 0 
vn -0.716535 0.417323 -0.559055 
vn -0.716535 0.417323 -0.559055 
vn -0.716535 0.417323 -0.559055 
vn -0.708661 0.417323 0.574803 
vn -0.708661 0.417323 0.574803 
vn -0.708661 0.417323 0.574803 
vn 0 -1 0 
vn 0 -1 0 
vn 0 -1 0 
vn -0.787402 0 -0.622047 
vn -0.787402 0 -0.622047 
vn -0.787402 0 -0.622047 
vn -0.787402 0 -0.622047 
vn -0.716535 0.417323 -0.559055 
vn -0.716535 0.417323 -0.559055 
vn -0.716535 0.417323 -0.559055 
vn -0.708661 0.417323 0.574803 
vn -0.708661 0.417323 0.574803 
vn -0.708661 0.417323 0.574803 
vn -0.779528 0 0.629921 
vn -0.779528 0 0.629921 
vn -0.779528 0 0.629921 
vn -0.779528 0 0.629921 
vn 0 -1 0 
vn 0 -1 0 
vn 0.771654 0 -0.629921 
vn 0.771654 0 -0.629921 
vn -0.858268 0.503937 0 
vn 0 0 -1 
vn 0 0 -1 
vn 0 0 -1 
vn 0 0 -1 
vn 0.700787 0.417323 -0.574803 
vn 0 0.598425 -0.80315 
vn 0 0.598425 -0.80315 
vn 0 0.598425 -0.80315 
vn 0 0.598425 -0.80315 
vn 0 -1 0 
vn 0 -1 0 
vn 0 -1 0 
vn -0.779528 0 0.629921 
vn 0.771654 0 -0.629921 
vn 0.771654 0 -0.629921 
vn 0.771654 0 -0.629921 
vn 0 -1 0 
vn 0 -1 0 
vn 0 -1 0 
vn -1 0 0 
vn 0.76378 0 0.645669 
vn 0 -1 0 
vn 0 -1 0 
vn 0 -1 0 
vn 0 -1 0 
vn -0.787402 0 -0.622047 
vn 0 -1 0 
vn 0 -1 0 
vn 0 -1 0 
vn 0 -1 0 
vn 0 -1 0 
vn 0 -1 0 
vn 0 -1 0 
vn 0 -1 0 
vn 0 -1 0 
vn 0 -1 0 
vn 0 -1 0 
vn 0 -1 0 
vn 0 -1 0 
vn 0 -1 0 
vn 0 -1 0 
vn 0 -1 0 
vn 0 -1 0 
vn 0 -1 0 
vn 0 -1 0 
vn 0 -1 0 
vn 0 -1 0 
vn 0 -1 0 
vn 0 -1 0 
vn 0 -1 0 
vn 0 -1 0 
vn 0.771654 0 -0.629921 
vn 0.771654 0 -0.629921 
vn 0.771654 0 -0.629921 
vn 0.771654 0 -0.629921 
vn 0 -1 0 
vn 0 -1 0 
vn 0.76378 0 0.645669 
vn 0.76378 0 0.645669 
vn 0.76378 0 0.645669 
vn 0.76378 0 0.645669 
vn 0.692913 0.409449 0.590551 
vn 0.692913 0.409449 0.590551 
vn 0.692913 0.409449 0.590551 
vn 1 0 0 
vn 1 0 0 
vn 1 0 0 
vn 1 0 0 
vn 0.700787 0.417323 -0.574803 
vn 0.700787 0.417323 -0.574803 
vn 0.700787 0.417323 -0.574803 
vn 0.858268 0.511811 0 
vn 0.858268 0.511811 0 
vn 0.858268 0.511811 0 
vn 0.858268 0.511811 0 

vt 0.757711 -0.0982651 
vt 0.751146 -0.0982651 
vt 0.751325 -0.0625328 
vt 0.639014 -0.0625328 
vt 0.751325 -0.0625328 
vt 0.639014 -0.0625328 
vt 0.638844 -0.073294 
vt 0.751146 -0.073294 
vt 0.638844 -0.0982651 
vt 0.638844 -0.0982651 
vt 0.751146 -0.0982651 
vt 0.751146 -0.073294 
vt 0.638844 -0.073294 
vt 0.636561 -0.017869 
vt 0.757737 -0.133253 
vt 0.632658 -0.13325 
vt 0.640364 -0.133429 
vt 0.640364 -0.0211183 
vt 0.749697 -0.0211191 
vt 0.753716 -0.0179516 
vt 0.749705 -0.133429 
vt 0.696054 -0.0775534 
vt 0.732011 -0.117424 
vt 0.732011 -0.0375416 
vt 0.640364 -0.0211183 
vt 0.640364 -0.133429 
vt 0.660097 -0.117424 
vt 0.660097 -0.0375416 
vt 0.749697 -0.0211191 
vt 0.640364 -0.0211183 
vt 0.660097 -0.0375416 
vt 0.732011 -0.0375416 
vt 0.732011 -0.117424 
vt 0.660097 -0.117424 
vt 0.640364 -0.133429 
vt 0.749705 -0.133429 
vt 0.749697 -0.0211191 
vt 0.732011 -0.0375416 
vt 0.732011 -0.117424 
vt 0.749705 -0.133429 
vt 0.660097 -0.117424 
vt 0.732011 -0.117424 
vt 0.696054 -0.0775534 
vt 0.696054 -0.0775534 
vt 0.660097 -0.0375416 
vt 0.660097 -0.117424 
vt 0.732011 -0.0375416 
vt 0.660097 -0.0375416 
vt 0.696054 -0.0775534 
vt 0.636679 -0.0982651 
vt 0.632658 -0.0982651 
vt 0.753835 -0.0982649 
vt 0.753835 -0.073294 
vt 0.750033 -0.073294 
vt 0.750033 -0.0982651 
vt 0.750033 -0.073294 
vt 0.6407 -0.073294 
vt 0.6407 -0.0982651 
vt 0.750033 -0.0982651 
vt 0.750032 -0.0625328 
vt 0.640699 -0.0625238 
vt 0.6407 -0.073294 
vt 0.750033 -0.073294 
vt 0.6407 -0.073294 
vt 0.636679 -0.073294 
vt 0.636679 -0.0982651 
vt 0.6407 -0.0982651 
vt 0.632658 -0.073294 
vt 0.757637 -0.0982651 
vt 0.640699 -0.0625238 
vt 0.636679 -0.073294 
vt 0.6407 -0.073294 
vt 0.750032 -0.0625328 
vt 0.750033 -0.073294 
vt 0.753835 -0.073294 
vt 0.757637 -0.0982651 
vt 0.753835 -0.0982649 
vt 0.750033 -0.0982651 
vt 0.636679 -0.0982651 
vt 0.636679 -0.073294 
vt 0.632658 -0.073294 
vt 0.632658 -0.0982651 
vt 0.636679 -0.073294 
vt 0.640699 -0.0625238 
vt 0.632658 -0.073294 
vt 0.750032 -0.0625328 
vt 0.753835 -0.073294 
vt 0.757637 -0.073294 
vt 0.753835 -0.073294 
vt 0.753835 -0.0982649 
vt 0.757637 -0.0982651 
vt 0.757637 -0.073294 
vt 0.754548 -0.0982651 
vt 0.751386 -0.0982651 
vt 0.639247 -0.073294 
vt 0.639247 -0.0982651 
vt 0.751381 -0.0625238 
vt 0.639247 -0.0982651 
vt 0.751386 -0.0982651 
vt 0.751386 -0.073294 
vt 0.639247 -0.073294 
vt 0.639071 -0.0625178 
vt 0.751381 -0.0625238 
vt 0.639071 -0.0625178 
vt 0.639247 -0.073294 
vt 0.751386 -0.073294 
vt 0.6407 -0.0211138 
vt 0.636679 -0.0179516 
vt 0.632658 -0.0211138 
vt 0.753835 -0.017869 
vt 0.632659 -0.133253 
vt 0.6407 -0.139815 
vt 0.632659 -0.133253 
vt 0.750033 -0.139815 
vt 0.757737 -0.13325 
vt 0.750033 -0.13343 
vt 0.6407 -0.0147893 
vt 0.757737 -0.13325 
vt 0.6407 -0.139815 
vt 0.750033 -0.139815 
vt 0.750033 -0.13343 
vt 0.6407 -0.13343 
vt 0.636679 -0.0179516 
vt 0.632659 -0.133253 
vt 0.6407 -0.139815 
vt 0.6407 -0.13343 
vt 0.757737 -0.13325 
vt 0.757637 -0.0209479 
vt 0.750033 -0.0211138 
vt 0.750033 -0.13343 
vt 0.750033 -0.13343 
vt 0.750033 -0.0211138 
vt 0.6407 -0.0211138 
vt 0.6407 -0.13343 
vt 0.632658 -0.0211138 
vt 0.632659 -0.133253 
vt 0.6407 -0.13343 
vt 0.6407 -0.0211138 
vt 0.757637 -0.0209479 
vt 0.750033 -0.0147901 
vt 0.750033 -0.0211138 
vt 0.750033 -0.0211138 
vt 0.750033 -0.0147901 
vt 0.6407 -0.0147893 
vt 0.6407 -0.0211138 
vt 0.636679 -0.0179516 
vt 0.6407 -0.0211138 
vt 0.6407 -0.0147893 
vt 0.757737 -0.073294 
vt 0.749696 -0.073294 
vt 0.749696 -0.0982651 
vt 0.757737 -0.0982651 
vt 0.640363 -0.0982651 
vt 0.632658 -0.0982651 
vt 0.640363 -0.073294 
vt 0.632658 -0.073294 
vt 0.632658 -0.0982651 
vt 0.640363 -0.0982651 
vt 0.640364 -0.0625328 
vt 0.632658 -0.073294 
vt 0.640363 -0.073294 
vt 0.749696 -0.073294 
vt 0.640363 -0.073294 
vt 0.640363 -0.0982651 
vt 0.749696 -0.0982651 
vt 0.749705 -0.0625178 
vt 0.749696 -0.073294 
vt 0.757737 -0.073294 
vt 0.640364 -0.0625328 
vt 0.640363 -0.073294 
vt 0.749696 -0.073294 
vt 0.749705 -0.0625178 

usemtl 1Mtl

f 6534/6534/6534 6535/6535/6535 6536/6536/6536 
f 6534/6534/6534 6536/6536/6536 6537/6537/6537 
f 6539/6539/6539 6540/6540/6540 6541/6541/6541 
f 6539/6539/6539 6541/6541/6541 6542/6542/6542 
f 6551/6551/6551 6552/6552/6552 6553/6553/6553 
f 6554/6554/6554 6555/6555/6555 6556/6556/6556 
f 6554/6554/6554 6556/6556/6556 6557/6557/6557 
f 6558/6558/6558 6559/6559/6559 6560/6560/6560 
f 6558/6558/6558 6560/6560/6560 6561/6561/6561 
f 6562/6562/6562 6563/6563/6563 6564/6564/6564 
f 6562/6562/6562 6564/6564/6564 6565/6565/6565 
f 6566/6566/6566 6567/6567/6567 6568/6568/6568 
f 6566/6566/6566 6568/6568/6568 6569/6569/6569 
f 6570/6570/6570 6571/6571/6571 6572/6572/6572 
f 6573/6573/6573 6574/6574/6574 6575/6575/6575 
f 6576/6576/6576 6577/6577/6577 6578/6578/6578 
f 6581/6581/6581 6582/6582/6582 6583/6583/6583 
f 6581/6581/6581 6583/6583/6583 6584/6584/6584 
f 6585/6585/6585 6586/6586/6586 6587/6587/6587 
f 6585/6585/6585 6587/6587/6587 6588/6588/6588 
f 6589/6589/6589 6590/6590/6590 6591/6591/6591 
f 6589/6589/6589 6591/6591/6591 6592/6592/6592 
f 6593/6593/6593 6594/6594/6594 6595/6595/6595 
f 6593/6593/6593 6595/6595/6595 6596/6596/6596 
f 6599/6599/6599 6600/6600/6600 6601/6601/6601 
f 6602/6602/6602 6603/6603/6603 6604/6604/6604 
f 6605/6605/6605 6606/6606/6606 6607/6607/6607 
f 6608/6608/6608 6609/6609/6609 6610/6610/6610 
f 6608/6608/6608 6610/6610/6610 6611/6611/6611 
f 6612/6612/6612 6613/6613/6613 6614/6614/6614 
f 6615/6615/6615 6616/6616/6616 6617/6617/6617 
f 6618/6618/6618 6619/6619/6619 6620/6620/6620 
f 6618/6618/6618 6620/6620/6620 6621/6621/6621 
f 6627/6627/6627 6628/6628/6628 6629/6629/6629 
f 6627/6627/6627 6629/6629/6629 6630/6630/6630 
f 6632/6632/6632 6633/6633/6633 6634/6634/6634 
f 6632/6632/6632 6634/6634/6634 6635/6635/6635 
f 6636/6636/6636 6637/6637/6637 6638/6638/6638 
f 6643/6643/6643 6644/6644/6644 6645/6645/6645 
f 6648/6648/6648 6649/6649/6649 6650/6650/6650 
f 6648/6648/6648 6650/6650/6650 6651/6651/6651 
f 6653/6653/6653 6654/6654/6654 6655/6655/6655 
f 6656/6656/6656 6657/6657/6657 6658/6658/6658 
f 6656/6656/6656 6658/6658/6658 6659/6659/6659 
f 6660/6660/6660 6661/6661/6661 6662/6662/6662 
f 6660/6660/6660 6662/6662/6662 6663/6663/6663 
f 6664/6664/6664 6665/6665/6665 6666/6666/6666 
f 6664/6664/6664 6666/6666/6666 6667/6667/6667 
f 6668/6668/6668 6669/6669/6669 6670/6670/6670 
f 6671/6671/6671 6672/6672/6672 6673/6673/6673 
f 6671/6671/6671 6673/6673/6673 6674/6674/6674 
f 6675/6675/6675 6676/6676/6676 6677/6677/6677 
f 6678/6678/6678 6679/6679/6679 6680/6680/6680 
f 6678/6678/6678 6680/6680/6680 6681/6681/6681 
f 6684/6684/6684 6685/6685/6685 6686/6686/6686 
f 6684/6684/6684 6686/6686/6686 6687/6687/6687 
f 6688/6688/6688 6689/6689/6689 6690/6690/6690 
f 6691/6691/6691 6692/6692/6692 6693/6693/6693 
f 6691/6691/6691 6693/6693/6693 6694/6694/6694 
f 6695/6695/6695 6696/6696/6696 6697/6697/6697 
f 6698/6698/6698 6699/6699/6699 6700/6700/6700 
f 6698/6698/6698 6700/6700/6700 6701/6701/6701 

g 10

v -8.65845 2.03912 -35.0615 
v -7.6845 2.35647 -35.0308 
v -8.60917 2.35647 -35.0002 
v -7.6845 2.03913 -35.0308 
v -7.71076 2.03913 -35.0002 
v -7.71076 2.35647 -35.0002 
v -8.60917 2.35647 -35.0002 
v -8.60917 2.03913 -35.0002 
v -8.65845 2.35643 -36.9391 
v -8.65845 2.35647 -35.0614 
v -7.65824 2.35647 -35.0614 
v -7.72482 2.39283 -35.0638 
v -7.6845 2.35647 -35.0308 
v -7.72482 2.39283 -35.0638 
v -7.65824 2.35647 -35.0614 
v -7.65824 2.35643 -36.9391 
v -7.72482 2.39279 -36.9406 
v -8.60917 2.35647 -35.0002 
v -8.59052 2.39283 -35.0638 
v -8.65845 2.35647 -35.0614 
v -7.72482 2.39283 -35.0638 
v -8.59052 2.39283 -35.0638 
v -8.60917 2.35647 -35.0002 
v -7.71076 2.35647 -35.0002 
v -7.71076 2.35643 -37.0003 
v -7.72482 2.39279 -36.9406 
v -7.65824 2.35643 -36.9391 
v -8.59052 2.39279 -36.9406 
v -8.65845 2.35643 -36.9391 
v -8.65845 2.35647 -35.0614 
v -8.59052 2.39283 -35.0638 
v -8.15823 2.39282 -36.0019 
v -7.72482 2.39283 -35.0638 
v -7.72482 2.39279 -36.9406 
v -8.60917 2.35643 -37.0004 
v -8.65845 2.35643 -36.9391 
v -8.59052 2.39279 -36.9406 
v -7.72482 2.39279 -36.9406 
v -7.71076 2.35643 -37.0003 
v -8.60917 2.35643 -37.0004 
v -8.59052 2.39279 -36.9406 
v -8.59052 2.39279 -36.9406 
v -8.15823 2.39282 -36.0019 
v -7.72482 2.39279 -36.9406 
v -8.15823 2.39282 -36.0019 
v -8.59052 2.39279 -36.9406 
v -8.59052 2.39283 -35.0638 
v -7.72482 2.39283 -35.0638 
v -8.15823 2.39282 -36.0019 
v -8.59052 2.39283 -35.0638 
v -7.72482 2.39283 -35.0638 
v -7.71076 2.35647 -35.0002 
v -7.6845 2.35647 -35.0308 
v -8.65845 2.35643 -36.9391 
v -8.65845 2.03902 -36.9391 
v -8.65845 2.03912 -35.0615 
v -8.65845 2.35647 -35.0614 
v -8.60917 2.35647 -35.0002 
v -8.60917 2.35643 -37.0004 
v -8.65845 2.03912 -35.0615 
v -8.60917 2.03913 -35.0002 
v -8.60917 2.35647 -35.0002 
v -8.65845 2.35647 -35.0614 
v -8.60917 2.03902 -37.0004 
v -8.65845 2.03902 -36.9391 
v -8.65845 2.35643 -36.9391 
v -8.60917 2.35643 -37.0004 
v -8.65845 2.35643 -36.9391 
v -8.65845 2.03902 -36.9391 
v -7.65824 2.35643 -36.9391 
v -8.60917 2.35643 -37.0004 
v -7.65824 2.03902 -36.9391 
v -8.59052 1.9928 -36.9406 
v -8.60917 2.35643 -37.0004 
v -7.71076 2.35643 -37.0003 
v -7.71076 2.03902 -37.0004 
v -8.60917 2.03902 -37.0004 
v -8.65845 2.03902 -36.9391 
v -8.65845 2.03912 -35.0615 
v -7.65824 2.03902 -36.9391 
v -7.6845 2.03913 -35.0308 
v -8.65845 2.03912 -35.0615 
v -8.59052 1.9929 -35.0639 
v -8.60917 2.03913 -35.0002 
v -7.72482 1.9928 -36.9406 
v -7.65824 2.03902 -36.9391 
v -7.65824 2.03912 -35.0615 
v -7.72482 1.9929 -35.0639 
v -7.65824 2.03902 -36.9391 
v -7.72482 1.9928 -36.9406 
v -7.71076 2.03902 -37.0004 
v -7.72482 1.9929 -35.0639 
v -7.71076 2.03913 -35.0002 
v -8.60917 2.03913 -35.0002 
v -8.59052 1.9929 -35.0639 
v -8.65845 2.03912 -35.0615 
v -8.65845 2.03902 -36.9391 
v -8.59052 1.9928 -36.9406 
v -8.59052 1.9929 -35.0639 
v -8.15823 1.99279 -36.002 
v -8.59052 1.9928 -36.9406 
v -7.72482 1.9928 -36.9406 
v -7.72482 1.9929 -35.0639 
v -7.65824 2.03912 -35.0615 
v -7.6845 2.03913 -35.0308 
v -8.65845 2.03902 -36.9391 
v -8.60917 2.03902 -37.0004 
v -8.59052 1.9928 -36.9406 
v -7.72482 1.9928 -36.9406 
v -8.59052 1.9928 -36.9406 
v -8.60917 2.03902 -37.0004 
v -7.71076 2.03902 -37.0004 
v -7.72482 1.9929 -35.0639 
v -8.15823 1.99279 -36.002 
v -7.72482 1.9928 -36.9406 
v -8.15823 1.99279 -36.002 
v -7.72482 1.9929 -35.0639 
v -8.59052 1.9929 -35.0639 
v -8.59052 1.9928 -36.9406 
v -8.15823 1.99279 -36.002 
v -8.59052 1.9929 -35.0639 
v -7.6845 2.03913 -35.0308 
v -7.71076 2.03913 -35.0002 
v -7.72482 1.9929 -35.0639 
v -7.6845 2.35647 -35.0308 
v -7.65824 2.35643 -36.9391 
v -7.65824 2.03902 -36.9391 
v -7.65824 2.35643 -36.9391 
v -7.65824 2.35647 -35.0614 
v -7.65824 2.03912 -35.0615 
v -7.6845 2.03913 -35.0308 
v -7.65824 2.03912 -35.0615 
v -7.65824 2.35647 -35.0614 
v -7.6845 2.35647 -35.0308 
v -7.65824 2.03902 -36.9391 
v -7.71076 2.03902 -37.0004 
v -7.71076 2.35643 -37.0003 
v -7.65824 2.35643 -36.9391 
v -7.6845 2.35647 -35.0308 
v -7.71076 2.35647 -35.0002 
v -7.71076 2.03913 -35.0002 
v -7.6845 2.03913 -35.0308 

vn -1 0 0 
vn 0.433071 0.818898 0.370079 
vn -0.433071 0.834646 0.346457 
vn 0.755906 0 0.653543 
vn 0 0 1 
vn 0 0 1 
vn 0 0 1 
vn 0 0 1 
vn -1 0 0 
vn -1 0 0 
vn 0.433071 0.818898 0.370079 
vn 0.433071 0.818898 0.370079 
vn 0.433071 0.818898 0.370079 
vn 0.480315 0.874016 0 
vn 0.480315 0.874016 0 
vn 0.480315 0.874016 0 
vn 0.480315 0.874016 0 
vn -0.433071 0.834646 0.346457 
vn -0.433071 0.834646 0.346457 
vn -0.433071 0.834646 0.346457 
vn 0 0.866142 0.496063 
vn 0 0.866142 0.496063 
vn 0 0.866142 0.496063 
vn 0 0.866142 0.496063 
vn 0.448819 0.80315 -0.385827 
vn 0.448819 0.80315 -0.385827 
vn 0.448819 0.80315 -0.385827 
vn -0.472441 0.88189 0 
vn -0.472441 0.88189 0 
vn -0.472441 0.88189 0 
vn -0.472441 0.88189 0 
vn 0 1 0 
vn 0 1 0 
vn 0 1 0 
vn -0.448819 0.818898 -0.362205 
vn -0.448819 0.818898 -0.362205 
vn -0.448819 0.818898 -0.362205 
vn 0 0.850394 -0.519685 
vn 0 0.850394 -0.519685 
vn 0 0.850394 -0.519685 
vn 0 0.850394 -0.519685 
vn 0 1 0 
vn 0 1 0 
vn 0 1 0 
vn 0 1 0 
vn 0 1 0 
vn 0 1 0 
vn 0 1 0 
vn 0 1 0 
vn 0 1 0 
vn 0.433071 0.818898 0.370079 
vn 0.433071 0.818898 0.370079 
vn 0.433071 0.818898 0.370079 
vn -1 0 0 
vn -1 0 0 
vn -1 0 0 
vn -1 0 0 
vn -0.433071 0.834646 0.346457 
vn -0.448819 0.818898 -0.362205 
vn -0.779528 0 0.629921 
vn -0.779528 0 0.629921 
vn -0.779528 0 0.629921 
vn -0.779528 0 0.629921 
vn -0.779528 0 -0.629921 
vn -0.779528 0 -0.629921 
vn -0.779528 0 -0.629921 
vn -0.779528 0 -0.629921 
vn -1 0 0 
vn -1 0 0 
vn 0.480315 0.874016 0 
vn -0.448819 0.818898 -0.362205 
vn 1 0 0 
vn -0.559055 -0.826772 0 
vn 0 0 -1 
vn 0 0 -1 
vn 0 0 -1 
vn 0 0 -1 
vn -1 0 0 
vn -1 0 0 
vn 1 0 0 
vn 0.755906 0 0.653543 
vn -0.503937 -0.76378 0.401575 
vn -0.503937 -0.76378 0.401575 
vn -0.503937 -0.76378 0.401575 
vn 0.566929 -0.818898 0 
vn 0.566929 -0.818898 0 
vn 0.566929 -0.818898 0 
vn 0.566929 -0.818898 0 
vn 0.519685 -0.732283 -0.440945 
vn 0.519685 -0.732283 -0.440945 
vn 0.519685 -0.732283 -0.440945 
vn 0 -0.811024 0.590551 
vn 0 -0.811024 0.590551 
vn 0 -0.811024 0.590551 
vn 0 -0.811024 0.590551 
vn -0.559055 -0.826772 0 
vn -0.559055 -0.826772 0 
vn -0.559055 -0.826772 0 
vn -0.559055 -0.826772 0 
vn 0 -1 0 
vn 0 -1 0 
vn 0 -1 0 
vn 0.503937 -0.748031 0.433071 
vn 0.503937 -0.748031 0.433071 
vn 0.503937 -0.748031 0.433071 
vn -0.519685 -0.748031 -0.417323 
vn -0.519685 -0.748031 -0.417323 
vn -0.519685 -0.748031 -0.417323 
vn 0 -0.787402 -0.614173 
vn 0 -0.787402 -0.614173 
vn 0 -0.787402 -0.614173 
vn 0 -0.787402 -0.614173 
vn 0 -1 0 
vn 0 -1 0 
vn 0 -1 0 
vn 0 -1 0 
vn 0 -1 0 
vn 0 -1 0 
vn 0 -1 0 
vn 0 -1 0 
vn 0 -1 0 
vn 0.503937 -0.748031 0.433071 
vn 0.503937 -0.748031 0.433071 
vn 0.503937 -0.748031 0.433071 
vn 0.433071 0.818898 0.370079 
vn 0.480315 0.874016 0 
vn 1 0 0 
vn 1 0 0 
vn 1 0 0 
vn 1 0 0 
vn 0.755906 0 0.653543 
vn 0.755906 0 0.653543 
vn 0.755906 0 0.653543 
vn 0.755906 0 0.653543 
vn 0.755906 0 -0.653543 
vn 0.755906 0 -0.653543 
vn 0.755906 0 -0.653543 
vn 0.755906 0 -0.653543 
vn 0.755906 0 0.653543 
vn 0.755906 0 0.653543 
vn 0.755906 0 0.653543 
vn 0.755906 0 0.653543 

vt 0.172837 -0.709495 
vt 0.294581 -0.669827 
vt 0.178997 -0.669826 
vt 0.294581 -0.709494 
vt 0.291298 -0.709494 
vt 0.291298 -0.669826 
vt 0.178997 -0.669826 
vt 0.178997 -0.709494 
vt 0.352706 -0.627771 
vt 0.117994 -0.627771 
vt 0.117994 -0.752797 
vt 0.118297 -0.744475 
vt 0.114167 -0.749514 
vt 0.118297 -0.744475 
vt 0.117994 -0.752797 
vt 0.352706 -0.752797 
vt 0.352891 -0.744475 
vt 0.110339 -0.63393 
vt 0.118297 -0.636262 
vt 0.117994 -0.627771 
vt 0.118297 -0.744475 
vt 0.118297 -0.636262 
vt 0.110339 -0.63393 
vt 0.110339 -0.746232 
vt 0.360361 -0.746232 
vt 0.352891 -0.744475 
vt 0.352706 -0.752797 
vt 0.352891 -0.636262 
vt 0.352706 -0.627771 
vt 0.117994 -0.627771 
vt 0.118297 -0.636262 
vt 0.235559 -0.690298 
vt 0.118297 -0.744475 
vt 0.352891 -0.744475 
vt 0.360361 -0.63393 
vt 0.352706 -0.627771 
vt 0.352891 -0.636262 
vt 0.352891 -0.744475 
vt 0.360361 -0.746232 
vt 0.360361 -0.63393 
vt 0.352891 -0.636262 
vt 0.352891 -0.636262 
vt 0.235559 -0.690298 
vt 0.352891 -0.744475 
vt 0.235559 -0.690298 
vt 0.352891 -0.636262 
vt 0.118297 -0.636262 
vt 0.118297 -0.744475 
vt 0.235559 -0.690298 
vt 0.118297 -0.636262 
vt 0.118297 -0.744475 
vt 0.110339 -0.746232 
vt 0.114167 -0.749514 
vt 0.117994 -0.669831 
vt 0.117994 -0.709507 
vt 0.352699 -0.709495 
vt 0.352707 -0.669827 
vt 0.360361 -0.669826 
vt 0.11034 -0.669831 
vt 0.352699 -0.709495 
vt 0.360361 -0.709494 
vt 0.360361 -0.669826 
vt 0.352707 -0.669827 
vt 0.110339 -0.709508 
vt 0.117994 -0.709507 
vt 0.117994 -0.669831 
vt 0.11034 -0.669831 
vt 0.297864 -0.669831 
vt 0.297863 -0.709507 
vt 0.172837 -0.669831 
vt 0.291704 -0.669831 
vt 0.172837 -0.709507 
vt 0.289372 -0.715285 
vt 0.291704 -0.669831 
vt 0.179402 -0.669831 
vt 0.179402 -0.709508 
vt 0.291704 -0.709508 
vt 0.117994 -0.627771 
vt 0.352699 -0.627771 
vt 0.117994 -0.752797 
vt 0.35653 -0.749514 
vt 0.352699 -0.627771 
vt 0.352396 -0.636262 
vt 0.360361 -0.63393 
vt 0.11781 -0.744475 
vt 0.117994 -0.752797 
vt 0.352699 -0.752797 
vt 0.352396 -0.744475 
vt 0.117994 -0.752797 
vt 0.11781 -0.744475 
vt 0.110339 -0.746232 
vt 0.352396 -0.744475 
vt 0.360361 -0.746232 
vt 0.360361 -0.63393 
vt 0.352396 -0.636262 
vt 0.352699 -0.627771 
vt 0.117994 -0.627771 
vt 0.11781 -0.636262 
vt 0.352396 -0.636262 
vt 0.235138 -0.690298 
vt 0.11781 -0.636262 
vt 0.11781 -0.744475 
vt 0.352396 -0.744475 
vt 0.352699 -0.752797 
vt 0.35653 -0.749514 
vt 0.117994 -0.627771 
vt 0.110339 -0.63393 
vt 0.11781 -0.636262 
vt 0.11781 -0.744475 
vt 0.11781 -0.636262 
vt 0.110339 -0.63393 
vt 0.110339 -0.746232 
vt 0.352396 -0.744475 
vt 0.235138 -0.690298 
vt 0.11781 -0.744475 
vt 0.235138 -0.690298 
vt 0.352396 -0.744475 
vt 0.352396 -0.636262 
vt 0.11781 -0.636262 
vt 0.235138 -0.690298 
vt 0.352396 -0.636262 
vt 0.35653 -0.749514 
vt 0.360361 -0.746232 
vt 0.352396 -0.744475 
vt 0.114167 -0.669827 
vt 0.352706 -0.669831 
vt 0.352706 -0.709507 
vt 0.352706 -0.669831 
vt 0.117994 -0.669827 
vt 0.118001 -0.709495 
vt 0.11417 -0.709494 
vt 0.118001 -0.709495 
vt 0.117994 -0.669827 
vt 0.114167 -0.669827 
vt 0.352706 -0.709507 
vt 0.360361 -0.709508 
vt 0.360361 -0.669831 
vt 0.352706 -0.669831 
vt 0.114167 -0.669827 
vt 0.110339 -0.669826 
vt 0.110339 -0.709494 
vt 0.11417 -0.709494 

usemtl Union3Mtl

f 6706/6706/6706 6707/6707/6707 6708/6708/6708 
f 6706/6706/6706 6708/6708/6708 6709/6709/6709 
f 6712/6712/6712 6713/6713/6713 6714/6714/6714 
f 6715/6715/6715 6716/6716/6716 6717/6717/6717 
f 6715/6715/6715 6717/6717/6717 6718/6718/6718 
f 6719/6719/6719 6720/6720/6720 6721/6721/6721 
f 6722/6722/6722 6723/6723/6723 6724/6724/6724 
f 6722/6722/6722 6724/6724/6724 6725/6725/6725 
f 6726/6726/6726 6727/6727/6727 6728/6728/6728 
f 6729/6729/6729 6730/6730/6730 6731/6731/6731 
f 6729/6729/6729 6731/6731/6731 6732/6732/6732 
f 6733/6733/6733 6734/6734/6734 6735/6735/6735 
f 6736/6736/6736 6737/6737/6737 6738/6738/6738 
f 6739/6739/6739 6740/6740/6740 6741/6741/6741 
f 6739/6739/6739 6741/6741/6741 6742/6742/6742 
f 6743/6743/6743 6744/6744/6744 6745/6745/6745 
f 6746/6746/6746 6747/6747/6747 6748/6748/6748 
f 6749/6749/6749 6750/6750/6750 6751/6751/6751 
f 6752/6752/6752 6753/6753/6753 6754/6754/6754 
f 6755/6755/6755 6756/6756/6756 6757/6757/6757 
f 6755/6755/6755 6757/6757/6757 6758/6758/6758 
f 6761/6761/6761 6762/6762/6762 6763/6763/6763 
f 6761/6761/6761 6763/6763/6763 6764/6764/6764 
f 6765/6765/6765 6766/6766/6766 6767/6767/6767 
f 6765/6765/6765 6767/6767/6767 6768/6768/6768 
f 6775/6775/6775 6776/6776/6776 6777/6777/6777 
f 6775/6775/6775 6777/6777/6777 6778/6778/6778 
f 6783/6783/6783 6784/6784/6784 6785/6785/6785 
f 6786/6786/6786 6787/6787/6787 6788/6788/6788 
f 6786/6786/6786 6788/6788/6788 6789/6789/6789 
f 6790/6790/6790 6791/6791/6791 6792/6792/6792 
f 6793/6793/6793 6794/6794/6794 6795/6795/6795 
f 6793/6793/6793 6795/6795/6795 6796/6796/6796 
f 6797/6797/6797 6798/6798/6798 6799/6799/6799 
f 6797/6797/6797 6799/6799/6799 6800/6800/6800 
f 6801/6801/6801 6802/6802/6802 6803/6803/6803 
f 6804/6804/6804 6805/6805/6805 6806/6806/6806 
f 6807/6807/6807 6808/6808/6808 6809/6809/6809 
f 6810/6810/6810 6811/6811/6811 6812/6812/6812 
f 6810/6810/6810 6812/6812/6812 6813/6813/6813 
f 6814/6814/6814 6815/6815/6815 6816/6816/6816 
f 6817/6817/6817 6818/6818/6818 6819/6819/6819 
f 6820/6820/6820 6821/6821/6821 6822/6822/6822 
f 6823/6823/6823 6824/6824/6824 6825/6825/6825 
f 6828/6828/6828 6829/6829/6829 6830/6830/6830 
f 6828/6828/6828 6830/6830/6830 6831/6831/6831 
f 6832/6832/6832 6833/6833/6833 6834/6834/6834 
f 6832/6832/6832 6834/6834/6834 6835/6835/6835 
f 6836/6836/6836 6837/6837/6837 6838/6838/6838 
f 6836/6836/6836 6838/6838/6838 6839/6839/6839 
f 6840/6840/6840 6841/6841/6841 6842/6842/6842 
f 6840/6840/6840 6842/6842/6842 6843/6843/6843 

g 11

v -8.31616 2.20831 -36.0676 
v -8.45537 2.13736 -36.0676 
v -8.43549 2.11 -36.0342 
v -8.30571 2.17615 -36.0342 
v -8.29525 2.14399 -36.0008 
v -8.1561 2.16514 -36.0008 
v -8.1561 2.19895 -36.0342 
v -8.30571 2.17615 -36.0342 
v -8.45537 2.13736 -36.0676 
v -8.56584 2.02686 -36.0676 
v -8.53848 2.00699 -36.0342 
v -8.43549 2.11 -36.0342 
v -8.56584 2.02686 -36.0676 
v -8.63676 1.88764 -36.0676 
v -8.60466 1.87706 -36.0342 
v -8.53848 2.00699 -36.0342 
v -8.63676 1.88764 -36.0676 
v -8.65935 1.75228 -36.0676 
v -8.62595 1.74951 -36.0342 
v -8.60466 1.87706 -36.0342 
v -8.63666 1.04152 -36.0731 
v -8.56571 0.902315 -36.0731 
v -8.53836 0.922194 -36.0401 
v -8.60457 1.05211 -36.0401 
v -8.57248 1.06269 -36.0071 
v -8.59249 1.18242 -36.0008 
v -8.62589 1.17965 -36.0342 
v -8.60457 1.05211 -36.0401 
v -8.56571 0.902315 -36.0731 
v -8.45522 0.791844 -36.0731 
v -8.43534 0.819204 -36.0401 
v -8.53836 0.922194 -36.0401 
v -8.45522 0.791844 -36.0731 
v -8.31599 0.720926 -36.0731 
v -8.30555 0.753087 -36.0401 
v -8.43534 0.819204 -36.0401 
v -8.31599 0.720926 -36.0731 
v -8.15593 0.696501 -36.0731 
v -8.15594 0.730316 -36.0401 
v -8.30555 0.753087 -36.0401 
v -8.15593 0.696501 -36.0731 
v -8.00161 0.720961 -36.0731 
v -8.01207 0.75312 -36.0401 
v -8.15594 0.730316 -36.0401 
v -8.00161 0.720961 -36.0731 
v -7.8624 0.79191 -36.0731 
v -7.88228 0.819265 -36.0401 
v -8.01207 0.75312 -36.0401 
v -7.8624 0.79191 -36.0731 
v -7.75193 0.902406 -36.0731 
v -7.77929 0.922279 -36.0401 
v -7.88228 0.819265 -36.0401 
v -7.75193 0.902406 -36.0731 
v -7.68102 1.04163 -36.0731 
v -7.71311 1.0522 -36.0401 
v -7.77929 0.922279 -36.0401 
v -7.68102 1.04163 -36.0731 
v -7.65842 1.17699 -36.0676 
v -7.69182 1.17975 -36.0342 
v -7.71311 1.0522 -36.0401 
v -7.68111 1.88774 -36.0676 
v -7.75206 2.02695 -36.0676 
v -7.77941 2.00707 -36.0342 
v -7.7132 1.87716 -36.0342 
v -7.7453 1.86658 -36.0008 
v -7.72528 1.74684 -36.0008 
v -7.69188 1.74962 -36.0342 
v -7.7132 1.87716 -36.0342 
v -7.75206 2.02695 -36.0676 
v -7.86255 2.13742 -36.0676 
v -7.88243 2.11006 -36.0342 
v -7.77941 2.00707 -36.0342 
v -7.86255 2.13742 -36.0676 
v -8.00178 2.20834 -36.0676 
v -8.01222 2.17618 -36.0342 
v -7.88243 2.11006 -36.0342 
v -8.00178 2.20834 -36.0676 
v -8.1561 2.23277 -36.0676 
v -8.1561 2.19895 -36.0342 
v -8.01222 2.17618 -36.0342 
v -8.59249 1.18242 -36.0008 
v -8.59255 1.74675 -36.0008 
v -8.62595 1.74951 -36.0342 
v -7.72528 1.74684 -36.0008 
v -7.69182 1.17975 -36.0342 
v -7.69188 1.74962 -36.0342 
v -8.59249 1.18242 -36.0008 
v -8.15599 1.17693 -36.0008 
v -8.15605 1.75233 -36.0008 
v -8.59255 1.74675 -36.0008 
v -7.72528 1.74684 -36.0008 
v -8.15605 1.75233 -36.0008 
v -8.15599 1.17693 -36.0008 
v -7.72522 1.18252 -36.0008 
v -8.41561 2.08265 -36.0008 
v -8.15605 1.75233 -36.0008 
v -8.29525 2.14399 -36.0008 
v -8.51112 1.98712 -36.0008 
v -8.15605 1.75233 -36.0008 
v -8.41561 2.08265 -36.0008 
v -8.57257 1.86649 -36.0008 
v -8.15605 1.75233 -36.0008 
v -8.51112 1.98712 -36.0008 
v -8.59255 1.74675 -36.0008 
v -8.15605 1.75233 -36.0008 
v -8.57257 1.86649 -36.0008 
v -8.57248 1.06269 -36.0071 
v -8.15599 1.17693 -36.0008 
v -8.59249 1.18242 -36.0008 
v -8.511 0.942073 -36.0071 
v -8.15599 1.17693 -36.0008 
v -8.57248 1.06269 -36.0071 
v -8.41547 0.846563 -36.0071 
v -8.15599 1.17693 -36.0008 
v -8.511 0.942073 -36.0071 
v -8.2951 0.785248 -36.0071 
v -8.15599 1.17693 -36.0008 
v -8.41547 0.846563 -36.0071 
v -8.15594 0.764131 -36.0071 
v -8.15599 1.17693 -36.0008 
v -8.2951 0.785248 -36.0071 
v -8.02252 0.785278 -36.0071 
v -8.15599 1.17693 -36.0008 
v -8.15594 0.764131 -36.0071 
v -7.90216 0.84662 -36.0071 
v -8.15599 1.17693 -36.0008 
v -8.02252 0.785278 -36.0071 
v -7.80665 0.942151 -36.0071 
v -8.15599 1.17693 -36.0008 
v -7.90216 0.84662 -36.0071 
v -7.74521 1.06278 -36.0071 
v -8.15599 1.17693 -36.0008 
v -7.80665 0.942151 -36.0071 
v -7.72522 1.18252 -36.0008 
v -8.15599 1.17693 -36.0008 
v -7.74521 1.06278 -36.0071 
v -7.7453 1.86658 -36.0008 
v -8.15605 1.75233 -36.0008 
v -7.72528 1.74684 -36.0008 
v -7.80677 1.98719 -36.0008 
v -8.15605 1.75233 -36.0008 
v -7.7453 1.86658 -36.0008 
v -7.9023 2.0827 -36.0008 
v -8.15605 1.75233 -36.0008 
v -7.80677 1.98719 -36.0008 
v -8.02267 2.14402 -36.0008 
v -8.15605 1.75233 -36.0008 
v -7.9023 2.0827 -36.0008 
v -8.1561 2.16514 -36.0008 
v -8.15605 1.75233 -36.0008 
v -8.02267 2.14402 -36.0008 
v -8.29525 2.14399 -36.0008 
v -8.15605 1.75233 -36.0008 
v -8.1561 2.16514 -36.0008 
v -8.43549 2.11 -36.0342 
v -8.41561 2.08265 -36.0008 
v -8.29525 2.14399 -36.0008 
v -8.30571 2.17615 -36.0342 
v -8.1561 2.19895 -36.0342 
v -8.1561 2.23277 -36.0676 
v -8.31616 2.20831 -36.0676 
v -8.30571 2.17615 -36.0342 
v -8.53848 2.00699 -36.0342 
v -8.51112 1.98712 -36.0008 
v -8.41561 2.08265 -36.0008 
v -8.43549 2.11 -36.0342 
v -8.60466 1.87706 -36.0342 
v -8.57257 1.86649 -36.0008 
v -8.51112 1.98712 -36.0008 
v -8.53848 2.00699 -36.0342 
v -8.62595 1.74951 -36.0342 
v -8.59255 1.74675 -36.0008 
v -8.57257 1.86649 -36.0008 
v -8.60466 1.87706 -36.0342 
v -8.53836 0.922194 -36.0401 
v -8.511 0.942073 -36.0071 
v -8.57248 1.06269 -36.0071 
v -8.60457 1.05211 -36.0401 
v -8.62589 1.17965 -36.0342 
v -8.65929 1.17688 -36.0676 
v -8.63666 1.04152 -36.0731 
v -8.60457 1.05211 -36.0401 
v -8.43534 0.819204 -36.0401 
v -8.41547 0.846563 -36.0071 
v -8.511 0.942073 -36.0071 
v -8.53836 0.922194 -36.0401 
v -8.30555 0.753087 -36.0401 
v -8.2951 0.785248 -36.0071 
v -8.41547 0.846563 -36.0071 
v -8.43534 0.819204 -36.0401 
v -8.15594 0.730316 -36.0401 
v -8.15594 0.764131 -36.0071 
v -8.2951 0.785248 -36.0071 
v -8.30555 0.753087 -36.0401 
v -8.01207 0.75312 -36.0401 
v -8.02252 0.785278 -36.0071 
v -8.15594 0.764131 -36.0071 
v -8.15594 0.730316 -36.0401 
v -7.88228 0.819265 -36.0401 
v -7.90216 0.84662 -36.0071 
v -8.02252 0.785278 -36.0071 
v -8.01207 0.75312 -36.0401 
v -7.77929 0.922279 -36.0401 
v -7.80665 0.942151 -36.0071 
v -7.90216 0.84662 -36.0071 
v -7.88228 0.819265 -36.0401 
v -7.71311 1.0522 -36.0401 
v -7.74521 1.06278 -36.0071 
v -7.80665 0.942151 -36.0071 
v -7.77929 0.922279 -36.0401 
v -7.69182 1.17975 -36.0342 
v -7.72522 1.18252 -36.0008 
v -7.74521 1.06278 -36.0071 
v -7.71311 1.0522 -36.0401 
v -7.77941 2.00707 -36.0342 
v -7.80677 1.98719 -36.0008 
v -7.7453 1.86658 -36.0008 
v -7.7132 1.87716 -36.0342 
v -7.69188 1.74962 -36.0342 
v -7.65848 1.75239 -36.0676 
v -7.68111 1.88774 -36.0676 
v -7.7132 1.87716 -36.0342 
v -7.88243 2.11006 -36.0342 
v -7.9023 2.0827 -36.0008 
v -7.80677 1.98719 -36.0008 
v -7.77941 2.00707 -36.0342 
v -8.01222 2.17618 -36.0342 
v -8.02267 2.14402 -36.0008 
v -7.9023 2.0827 -36.0008 
v -7.88243 2.11006 -36.0342 
v -8.1561 2.19895 -36.0342 
v -8.1561 2.16514 -36.0008 
v -8.02267 2.14402 -36.0008 
v -8.01222 2.17618 -36.0342 
v -8.62595 1.74951 -36.0342 
v -8.65935 1.75228 -36.0676 
v -8.65929 1.17688 -36.0676 
v -8.31616 2.20831 -36.0676 
v -8.45537 2.13736 -36.0676 
v -8.30571 2.17615 -36.0342 
v -8.63676 1.88764 -36.0676 
v -7.75206 2.02695 -36.0676 
v -7.86255 2.13742 -36.0676 
v -8.00178 2.20834 -36.0676 
v -8.01222 2.17618 -36.0342 
v -8.1561 2.23277 -36.9343 
v -8.1561 2.19895 -36.9677 
v -8.01222 2.17618 -36.9677 
v -8.31616 2.20831 -36.0676 
v -8.31616 2.20831 -36.9343 
v -8.45537 2.13736 -36.9343 
v -8.45537 2.13736 -36.0676 
v -8.56584 2.02686 -36.9343 
v -7.75206 2.02695 -36.9343 
v -7.75206 2.02695 -36.0676 
v -7.75206 2.02695 -36.9343 
v -7.86255 2.13742 -36.9343 
v -7.86255 2.13742 -36.0676 
v -7.86255 2.13742 -36.0676 
v -7.86255 2.13742 -36.9343 
v -8.00178 2.20834 -36.9343 
v -8.00178 2.20834 -36.0676 
v -8.00178 2.20834 -36.0676 
v -8.00178 2.20834 -36.9343 
v -8.1561 2.23277 -36.9343 
v -8.1561 2.23277 -36.0676 
v -8.1561 2.23277 -36.0676 
v -8.1561 2.23277 -36.9343 
v -8.31616 2.20831 -36.9343 
v -8.31616 2.20831 -36.0676 
v -8.45537 2.13736 -36.0676 
v -8.56584 2.02686 -36.0676 
v -8.63676 1.88764 -36.0676 
v -8.60466 1.87706 -36.0342 
v -8.62595 1.74951 -36.0342 
v -8.56571 0.902315 -36.0731 
v -8.60457 1.05211 -36.0401 
v -8.62589 1.17965 -36.0342 
v -8.45522 0.791844 -36.0731 
v -8.60466 1.87706 -36.9677 
v -8.59255 1.74675 -37.0011 
v -8.62595 1.74951 -36.9677 
v -8.63666 1.04152 -36.9288 
v -8.62589 1.17965 -36.9677 
v -8.60457 1.05211 -36.9618 
v -8.59249 1.18242 -36.0008 
v -8.62595 1.74951 -36.0342 
v -8.62589 1.17965 -36.0342 
v -8.45537 2.13736 -36.9343 
v -8.45537 2.13736 -36.0676 
v -8.45537 2.13736 -36.9343 
v -8.56584 2.02686 -36.9343 
v -8.56584 2.02686 -36.0676 
v -8.56584 2.02686 -36.0676 
v -8.56584 2.02686 -36.9343 
v -8.63676 1.88764 -36.9343 
v -8.63676 1.88764 -36.0676 
v -8.63666 1.04152 -36.0731 
v -8.63666 1.04152 -36.9288 
v -8.56571 0.902316 -36.9288 
v -8.56571 0.902315 -36.0731 
v -8.45522 0.791844 -36.9288 
v -8.65935 1.75228 -36.0676 
v -8.65935 1.75228 -36.9343 
v -8.65929 1.17688 -36.9343 
v -8.65929 1.17688 -36.0676 
v -8.63676 1.88764 -36.0676 
v -8.63676 1.88764 -36.9343 
v -8.65935 1.75228 -36.9343 
v -8.65935 1.75228 -36.0676 
v -8.65929 1.17688 -36.0676 
v -8.65929 1.17688 -36.9343 
v -8.63666 1.04152 -36.9288 
v -8.63666 1.04152 -36.0731 
v -8.62595 1.74951 -36.0342 
v -8.65929 1.17688 -36.0676 
v -8.62589 1.17965 -36.0342 
v -8.31616 2.20831 -36.9343 
v -8.1561 2.23277 -36.9343 
v -8.1561 2.19895 -36.9677 
v -8.30571 2.17615 -36.9677 
v -8.29525 2.14399 -37.0011 
v -8.41561 2.08265 -37.0011 
v -8.43549 2.11 -36.9677 
v -8.30571 2.17615 -36.9677 
v -8.41561 2.08265 -37.0011 
v -8.51112 1.98712 -37.0011 
v -8.53848 2.00699 -36.9677 
v -8.43549 2.11 -36.9677 
v -8.51112 1.98712 -37.0011 
v -8.57257 1.86649 -37.0011 
v -8.60466 1.87706 -36.9677 
v -8.53848 2.00699 -36.9677 
v -8.57257 1.86649 -37.0011 
v -8.59255 1.74675 -37.0011 
v -8.62595 1.74951 -36.9677 
v -8.60466 1.87706 -36.9677 
v -8.63666 1.04152 -36.9288 
v -8.65929 1.17688 -36.9343 
v -8.62589 1.17965 -36.9677 
v -8.60457 1.05211 -36.9618 
v -8.57248 1.06269 -36.9948 
v -8.511 0.942073 -36.9948 
v -8.53836 0.922194 -36.9618 
v -8.60457 1.05211 -36.9618 
v -8.511 0.942073 -36.9948 
v -8.41547 0.846563 -36.9948 
v -8.43534 0.819203 -36.9618 
v -8.53836 0.922194 -36.9618 
v -8.41547 0.846563 -36.9948 
v -8.2951 0.785248 -36.9948 
v -8.30555 0.753087 -36.9618 
v -8.43534 0.819203 -36.9618 
v -8.2951 0.785248 -36.9948 
v -8.15594 0.764131 -36.9948 
v -8.15594 0.730316 -36.9618 
v -8.30555 0.753087 -36.9618 
v -8.15594 0.764131 -36.9948 
v -8.02252 0.785278 -36.9948 
v -8.01207 0.75312 -36.9618 
v -8.15594 0.730316 -36.9618 
v -8.02252 0.785278 -36.9948 
v -7.90216 0.84662 -36.9948 
v -7.88228 0.819265 -36.9618 
v -8.01207 0.75312 -36.9618 
v -7.90216 0.84662 -36.9948 
v -7.80665 0.942151 -36.9948 
v -7.77929 0.922279 -36.9618 
v -7.88228 0.819265 -36.9618 
v -7.80665 0.942151 -36.9948 
v -7.74521 1.06278 -36.9948 
v -7.71311 1.0522 -36.9618 
v -7.77929 0.922279 -36.9618 
v -7.74521 1.06278 -36.9948 
v -7.72522 1.18252 -37.0011 
v -7.69182 1.17975 -36.9677 
v -7.71311 1.0522 -36.9618 
v -7.68111 1.88774 -36.9343 
v -7.65848 1.75239 -36.9343 
v -7.69188 1.74962 -36.9677 
v -7.7132 1.87716 -36.9677 
v -7.7453 1.86658 -37.0011 
v -7.80677 1.98719 -37.0011 
v -7.77941 2.00707 -36.9677 
v -7.7132 1.87716 -36.9677 
v -7.80677 1.98719 -37.0011 
v -7.9023 2.0827 -37.0011 
v -7.88243 2.11006 -36.9677 
v -7.77941 2.00707 -36.9677 
v -7.9023 2.0827 -37.0011 
v -8.02267 2.14402 -37.0011 
v -8.01222 2.17618 -36.9677 
v -7.88243 2.11006 -36.9677 
v -8.02267 2.14402 -37.0011 
v -8.1561 2.16514 -37.0011 
v -8.1561 2.19895 -36.9677 
v -8.01222 2.17618 -36.9677 
v -8.59255 1.74675 -37.0011 
v -8.59249 1.18242 -37.0011 
v -8.62589 1.17965 -36.9677 
v -8.62595 1.74951 -36.9677 
v -7.72522 1.18252 -37.0011 
v -7.72528 1.74684 -37.0011 
v -7.69188 1.74962 -36.9677 
v -8.45537 2.13736 -36.9343 
v -8.56584 2.02686 -36.9343 
v -8.56571 0.902316 -36.9288 
v -8.45522 0.791844 -36.9288 
v -8.31599 0.720926 -36.9288 
v -8.00161 0.720961 -36.9288 
v -7.8624 0.79191 -36.9288 
v -7.75193 0.902406 -36.9288 
v -7.75206 2.02695 -36.9343 
v -7.86255 2.13742 -36.9343 
v -8.59255 1.74675 -37.0011 
v -8.15605 1.75233 -37.0011 
v -8.15599 1.17693 -37.0011 
v -8.59249 1.18242 -37.0011 
v -7.72522 1.18252 -37.0011 
v -8.15599 1.17693 -37.0011 
v -8.15605 1.75233 -37.0011 
v -7.72528 1.74684 -37.0011 
v -8.29525 2.14399 -37.0011 
v -8.15605 1.75233 -37.0011 
v -8.41561 2.08265 -37.0011 
v -8.41561 2.08265 -37.0011 
v -8.15605 1.75233 -37.0011 
v -8.51112 1.98712 -37.0011 
v -8.51112 1.98712 -37.0011 
v -8.15605 1.75233 -37.0011 
v -8.57257 1.86649 -37.0011 
v -8.57257 1.86649 -37.0011 
v -8.15605 1.75233 -37.0011 
v -8.59255 1.74675 -37.0011 
v -8.59249 1.18242 -37.0011 
v -8.15599 1.17693 -37.0011 
v -8.57248 1.06269 -36.9948 
v -8.511 0.942073 -36.9948 
v -8.15599 1.17693 -37.0011 
v -8.41547 0.846563 -36.9948 
v -8.41547 0.846563 -36.9948 
v -8.15599 1.17693 -37.0011 
v -8.2951 0.785248 -36.9948 
v -8.2951 0.785248 -36.9948 
v -8.15599 1.17693 -37.0011 
v -8.15594 0.764131 -36.9948 
v -8.15594 0.764131 -36.9948 
v -8.15599 1.17693 -37.0011 
v -8.02252 0.785278 -36.9948 
v -8.02252 0.785278 -36.9948 
v -8.15599 1.17693 -37.0011 
v -7.90216 0.84662 -36.9948 
v -7.90216 0.84662 -36.9948 
v -8.15599 1.17693 -37.0011 
v -7.80665 0.942151 -36.9948 
v -7.80665 0.942151 -36.9948 
v -8.15599 1.17693 -37.0011 
v -7.74521 1.06278 -36.9948 
v -7.74521 1.06278 -36.9948 
v -8.15599 1.17693 -37.0011 
v -7.72522 1.18252 -37.0011 
v -7.72528 1.74684 -37.0011 
v -8.15605 1.75233 -37.0011 
v -7.7453 1.86658 -37.0011 
v -7.7453 1.86658 -37.0011 
v -8.15605 1.75233 -37.0011 
v -7.80677 1.98719 -37.0011 
v -7.80677 1.98719 -37.0011 
v -8.15605 1.75233 -37.0011 
v -7.9023 2.0827 -37.0011 
v -7.9023 2.0827 -37.0011 
v -8.15605 1.75233 -37.0011 
v -8.02267 2.14402 -37.0011 
v -8.02267 2.14402 -37.0011 
v -8.15605 1.75233 -37.0011 
v -8.1561 2.16514 -37.0011 
v -8.1561 2.16514 -37.0011 
v -8.15605 1.75233 -37.0011 
v -8.29525 2.14399 -37.0011 
v -8.1561 2.19895 -36.9677 
v -8.1561 2.16514 -37.0011 
v -8.29525 2.14399 -37.0011 
v -8.30571 2.17615 -36.9677 
v -8.43549 2.11 -36.9677 
v -8.45537 2.13736 -36.9343 
v -8.31616 2.20831 -36.9343 
v -8.30571 2.17615 -36.9677 
v -8.53848 2.00699 -36.9677 
v -8.56584 2.02686 -36.9343 
v -8.45537 2.13736 -36.9343 
v -8.43549 2.11 -36.9677 
v -8.60466 1.87706 -36.9677 
v -8.63676 1.88764 -36.9343 
v -8.56584 2.02686 -36.9343 
v -8.53848 2.00699 -36.9677 
v -8.62595 1.74951 -36.9677 
v -8.65935 1.75228 -36.9343 
v -8.63676 1.88764 -36.9343 
v -8.60466 1.87706 -36.9677 
v -8.62589 1.17965 -36.9677 
v -8.59249 1.18242 -37.0011 
v -8.57248 1.06269 -36.9948 
v -8.60457 1.05211 -36.9618 
v -8.53836 0.922194 -36.9618 
v -8.56571 0.902316 -36.9288 
v -8.63666 1.04152 -36.9288 
v -8.60457 1.05211 -36.9618 
v -8.43534 0.819203 -36.9618 
v -8.45522 0.791844 -36.9288 
v -8.56571 0.902316 -36.9288 
v -8.53836 0.922194 -36.9618 
v -8.30555 0.753087 -36.9618 
v -8.31599 0.720926 -36.9288 
v -8.45522 0.791844 -36.9288 
v -8.43534 0.819203 -36.9618 
v -8.15594 0.730316 -36.9618 
v -8.15593 0.696501 -36.9288 
v -8.31599 0.720926 -36.9288 
v -8.30555 0.753087 -36.9618 
v -8.01207 0.75312 -36.9618 
v -8.00161 0.720961 -36.9288 
v -8.15593 0.696501 -36.9288 
v -8.15594 0.730316 -36.9618 
v -7.88228 0.819265 -36.9618 
v -7.8624 0.79191 -36.9288 
v -8.00161 0.720961 -36.9288 
v -8.01207 0.75312 -36.9618 
v -7.77929 0.922279 -36.9618 
v -7.75193 0.902406 -36.9288 
v -7.8624 0.79191 -36.9288 
v -7.88228 0.819265 -36.9618 
v -7.71311 1.0522 -36.9618 
v -7.68102 1.04163 -36.9288 
v -7.75193 0.902406 -36.9288 
v -7.77929 0.922279 -36.9618 
v -7.69182 1.17975 -36.9677 
v -7.65842 1.17699 -36.9343 
v -7.68102 1.04163 -36.9288 
v -7.71311 1.0522 -36.9618 
v -7.69188 1.74962 -36.9677 
v -7.72528 1.74684 -37.0011 
v -7.7453 1.86658 -37.0011 
v -7.7132 1.87716 -36.9677 
v -7.77941 2.00707 -36.9677 
v -7.75206 2.02695 -36.9343 
v -7.68111 1.88774 -36.9343 
v -7.7132 1.87716 -36.9677 
v -7.88243 2.11006 -36.9677 
v -7.86255 2.13742 -36.9343 
v -7.75206 2.02695 -36.9343 
v -7.77941 2.00707 -36.9677 
v -8.01222 2.17618 -36.9677 
v -8.00178 2.20834 -36.9343 
v -7.86255 2.13742 -36.9343 
v -7.88243 2.11006 -36.9677 
v -8.1561 2.19895 -36.9677 
v -8.1561 2.23277 -36.9343 
v -8.00178 2.20834 -36.9343 
v -8.01222 2.17618 -36.9677 
v -8.62589 1.17965 -36.9677 
v -8.65929 1.17688 -36.9343 
v -8.65935 1.75228 -36.9343 
v -8.62595 1.74951 -36.9677 
v -7.69188 1.74962 -36.9677 
v -7.65842 1.17699 -36.9343 
v -7.69182 1.17975 -36.9677 
v -8.15599 1.17693 -37.0011 
v -8.511 0.942073 -36.9948 
v -8.57248 1.06269 -36.9948 
v -8.56571 0.902315 -36.0731 
v -8.45522 0.791844 -36.0731 
v -8.15593 0.696501 -36.0731 
v -8.15594 0.730316 -36.0401 
v -8.01207 0.75312 -36.0401 
v -7.8624 0.79191 -36.0731 
v -7.75193 0.902406 -36.0731 
v -8.63666 1.04152 -36.9288 
v -8.30555 0.753087 -36.9618 
v -8.01207 0.75312 -36.9618 
v -8.56571 0.902316 -36.9288 
v -8.56571 0.902315 -36.0731 
v -8.56571 0.902316 -36.9288 
v -8.45522 0.791844 -36.9288 
v -8.45522 0.791844 -36.0731 
v -8.45522 0.791844 -36.0731 
v -8.45522 0.791844 -36.9288 
v -8.31599 0.720926 -36.9288 
v -8.31599 0.720926 -36.0731 
v -8.31599 0.720926 -36.0731 
v -8.31599 0.720926 -36.9288 
v -8.15593 0.696501 -36.9288 
v -8.15593 0.696501 -36.0731 
v -8.15593 0.696501 -36.0731 
v -8.15593 0.696501 -36.9288 
v -8.00161 0.720961 -36.9288 
v -8.00161 0.720961 -36.0731 
v -8.00161 0.720961 -36.0731 
v -8.00161 0.720961 -36.9288 
v -7.8624 0.79191 -36.9288 
v -7.8624 0.79191 -36.0731 
v -7.8624 0.79191 -36.0731 
v -7.75193 0.902406 -36.0731 
v -7.68102 1.04163 -36.0731 
v -7.71311 1.0522 -36.0401 
v -7.69182 1.17975 -36.0342 
v -7.75206 2.02695 -36.0676 
v -7.7132 1.87716 -36.0342 
v -7.69188 1.74962 -36.0342 
v -7.86255 2.13742 -36.0676 
v -7.71311 1.0522 -36.9618 
v -7.69182 1.17975 -36.9677 
v -7.68111 1.88774 -36.9343 
v -7.69188 1.74962 -36.9677 
v -7.7132 1.87716 -36.9677 
v -7.72528 1.74684 -36.0008 
v -7.72522 1.18252 -36.0008 
v -7.69182 1.17975 -36.0342 
v -7.72522 1.18252 -37.0011 
v -7.69188 1.74962 -36.9677 
v -7.69182 1.17975 -36.9677 
v -7.8624 0.79191 -36.9288 
v -7.8624 0.79191 -36.0731 
v -7.8624 0.79191 -36.9288 
v -7.75193 0.902406 -36.9288 
v -7.75193 0.902406 -36.0731 
v -7.75193 0.902406 -36.0731 
v -7.75193 0.902406 -36.9288 
v -7.68102 1.04163 -36.9288 
v -7.68102 1.04163 -36.0731 
v -7.68111 1.88774 -36.0676 
v -7.68111 1.88774 -36.9343 
v -7.75206 2.02695 -36.9343 
v -7.75206 2.02695 -36.0676 
v -7.86255 2.13742 -36.9343 
v -7.65842 1.17699 -36.0676 
v -7.65842 1.17699 -36.9343 
v -7.65848 1.75239 -36.9343 
v -7.65848 1.75239 -36.0676 
v -7.68102 1.04163 -36.0731 
v -7.68102 1.04163 -36.9288 
v -7.65842 1.17699 -36.9343 
v -7.65842 1.17699 -36.0676 
v -7.65848 1.75239 -36.0676 
v -7.65848 1.75239 -36.9343 
v -7.68111 1.88774 -36.9343 
v -7.68111 1.88774 -36.0676 
v -7.69182 1.17975 -36.0342 
v -7.65842 1.17699 -36.0676 
v -7.65848 1.75239 -36.0676 
v -7.69188 1.74962 -36.0342 
v -7.69188 1.74962 -36.9677 
v -7.65848 1.75239 -36.9343 
v -7.65842 1.17699 -36.9343 

vn -0.212598 0.669291 0.708661 
vn -0.409449 0.566929 0.708661 
vn -0.409449 0.566929 0.708661 
vn -0.212598 0.669291 0.708661 
vn -0.212598 0.669291 0.708661 
vn 0 0.700787 0.708661 
vn 0 0.700787 0.708661 
vn -0.212598 0.669291 0.708661 
vn -0.409449 0.566929 0.708661 
vn -0.566929 0.409449 0.708661 
vn -0.566929 0.409449 0.708661 
vn -0.409449 0.566929 0.708661 
vn -0.566929 0.409449 0.708661 
vn -0.669291 0.220472 0.708661 
vn -0.669291 0.220472 0.708661 
vn -0.566929 0.409449 0.708661 
vn -0.669291 0.220472 0.708661 
vn -0.700787 0.0551181 0.708661 
vn -0.700787 0.0551181 0.708661 
vn -0.669291 0.220472 0.708661 
vn -0.661417 -0.23622 0.716535 
vn -0.566929 -0.409449 0.716535 
vn -0.566929 -0.409449 0.716535 
vn -0.661417 -0.23622 0.716535 
vn -0.661417 -0.23622 0.716535 
vn -0.700787 -0.0708661 0.708661 
vn -0.700787 -0.0708661 0.708661 
vn -0.661417 -0.23622 0.716535 
vn -0.566929 -0.409449 0.716535 
vn -0.409449 -0.566929 0.716535 
vn -0.409449 -0.566929 0.716535 
vn -0.566929 -0.409449 0.716535 
vn -0.409449 -0.566929 0.716535 
vn -0.212598 -0.661417 0.716535 
vn -0.212598 -0.661417 0.716535 
vn -0.409449 -0.566929 0.716535 
vn -0.212598 -0.661417 0.716535 
vn 0 -0.700787 0.716535 
vn 0 -0.700787 0.716535 
vn -0.212598 -0.661417 0.716535 
vn 0 -0.700787 0.716535 
vn 0.212598 -0.661417 0.716535 
vn 0.212598 -0.661417 0.716535 
vn 0 -0.700787 0.716535 
vn 0.212598 -0.661417 0.716535 
vn 0.409449 -0.566929 0.716535 
vn 0.409449 -0.566929 0.716535 
vn 0.212598 -0.661417 0.716535 
vn 0.409449 -0.566929 0.716535 
vn 0.566929 -0.409449 0.716535 
vn 0.566929 -0.409449 0.716535 
vn 0.409449 -0.566929 0.716535 
vn 0.566929 -0.409449 0.716535 
vn 0.661417 -0.23622 0.716535 
vn 0.661417 -0.23622 0.716535 
vn 0.566929 -0.409449 0.716535 
vn 0.661417 -0.23622 0.716535 
vn 0.700787 -0.0708661 0.708661 
vn 0.700787 -0.0708661 0.708661 
vn 0.661417 -0.23622 0.716535 
vn 0.669291 0.220472 0.708661 
vn 0.566929 0.409449 0.708661 
vn 0.566929 0.409449 0.708661 
vn 0.669291 0.220472 0.708661 
vn 0.669291 0.220472 0.708661 
vn 0.700787 0.0551181 0.708661 
vn 0.700787 0.0551181 0.708661 
vn 0.669291 0.220472 0.708661 
vn 0.566929 0.409449 0.708661 
vn 0.409449 0.566929 0.708661 
vn 0.409449 0.566929 0.708661 
vn 0.566929 0.409449 0.708661 
vn 0.409449 0.566929 0.708661 
vn 0.220472 0.669291 0.708661 
vn 0.220472 0.669291 0.708661 
vn 0.409449 0.566929 0.708661 
vn 0.220472 0.669291 0.708661 
vn 0 0.700787 0.708661 
vn 0 0.700787 0.708661 
vn 0.220472 0.669291 0.708661 
vn -0.700787 -0.0708661 0.708661 
vn -0.700787 0.0551181 0.708661 
vn -0.700787 0.0551181 0.708661 
vn 0.700787 0.0551181 0.708661 
vn 0.700787 -0.0708661 0.708661 
vn 0.700787 0.0551181 0.708661 
vn 0 -0.023622 1 
vn 0 -0.00787402 1 
vn 0 0 1 
vn 0 0 1 
vn 0 0 1 
vn 0 0 1 
vn 0 -0.00787402 1 
vn 0 -0.023622 1 
vn 0 0 1 
vn 0 0 1 
vn 0 0 1 
vn 0 0 1 
vn 0 0 1 
vn 0 0 1 
vn 0 0 1 
vn 0 0 1 
vn 0 0 1 
vn 0 0 1 
vn 0 0 1 
vn 0 0 1 
vn -0.00787402 -0.0314961 1 
vn 0 -0.00787402 1 
vn 0 -0.023622 1 
vn -0.015748 -0.00787402 1 
vn 0 -0.00787402 1 
vn -0.00787402 -0.0314961 1 
vn -0.00787402 -0.015748 1 
vn 0 -0.00787402 1 
vn -0.015748 -0.00787402 1 
vn -0.00787402 -0.015748 1 
vn 0 -0.00787402 1 
vn -0.00787402 -0.015748 1 
vn 0 -0.015748 1 
vn 0 -0.00787402 1 
vn -0.00787402 -0.015748 1 
vn 0.00787402 -0.015748 1 
vn 0 -0.00787402 1 
vn 0 -0.015748 1 
vn 0.00787402 -0.015748 1 
vn 0 -0.00787402 1 
vn 0.00787402 -0.015748 1 
vn 0.015748 -0.00787402 1 
vn 0 -0.00787402 1 
vn 0.00787402 -0.015748 1 
vn 0.00787402 -0.0314961 1 
vn 0 -0.00787402 1 
vn 0.015748 -0.00787402 1 
vn 0 -0.023622 1 
vn 0 -0.00787402 1 
vn 0.00787402 -0.0314961 1 
vn 0 0 1 
vn 0 0 1 
vn 0 0 1 
vn 0 0 1 
vn 0 0 1 
vn 0 0 1 
vn 0 0 1 
vn 0 0 1 
vn 0 0 1 
vn 0 0 1 
vn 0 0 1 
vn 0 0 1 
vn 0 0 1 
vn 0 0 1 
vn 0 0 1 
vn 0 0 1 
vn 0 0 1 
vn 0 0 1 
vn -0.409449 0.566929 0.708661 
vn -0.409449 0.566929 0.708661 
vn -0.212598 0.669291 0.708661 
vn -0.212598 0.669291 0.708661 
vn 0 0.700787 0.708661 
vn 0 0.700787 0.708661 
vn -0.212598 0.669291 0.708661 
vn -0.212598 0.669291 0.708661 
vn -0.566929 0.409449 0.708661 
vn -0.566929 0.409449 0.708661 
vn -0.409449 0.566929 0.708661 
vn -0.409449 0.566929 0.708661 
vn -0.669291 0.220472 0.708661 
vn -0.669291 0.220472 0.708661 
vn -0.566929 0.409449 0.708661 
vn -0.566929 0.409449 0.708661 
vn -0.700787 0.0551181 0.708661 
vn -0.700787 0.0551181 0.708661 
vn -0.669291 0.220472 0.708661 
vn -0.669291 0.220472 0.708661 
vn -0.566929 -0.409449 0.716535 
vn -0.566929 -0.409449 0.716535 
vn -0.661417 -0.23622 0.716535 
vn -0.661417 -0.23622 0.716535 
vn -0.700787 -0.0708661 0.708661 
vn -0.700787 -0.0708661 0.708661 
vn -0.661417 -0.23622 0.716535 
vn -0.661417 -0.23622 0.716535 
vn -0.409449 -0.566929 0.716535 
vn -0.409449 -0.566929 0.716535 
vn -0.566929 -0.409449 0.716535 
vn -0.566929 -0.409449 0.716535 
vn -0.212598 -0.661417 0.716535 
vn -0.212598 -0.661417 0.716535 
vn -0.409449 -0.566929 0.716535 
vn -0.409449 -0.566929 0.716535 
vn 0 -0.700787 0.716535 
vn 0 -0.700787 0.716535 
vn -0.212598 -0.661417 0.716535 
vn -0.212598 -0.661417 0.716535 
vn 0.212598 -0.661417 0.716535 
vn 0.212598 -0.661417 0.716535 
vn 0 -0.700787 0.716535 
vn 0 -0.700787 0.716535 
vn 0.409449 -0.566929 0.716535 
vn 0.409449 -0.566929 0.716535 
vn 0.212598 -0.661417 0.716535 
vn 0.212598 -0.661417 0.716535 
vn 0.566929 -0.409449 0.716535 
vn 0.566929 -0.409449 0.716535 
vn 0.409449 -0.566929 0.716535 
vn 0.409449 -0.566929 0.716535 
vn 0.661417 -0.23622 0.716535 
vn 0.661417 -0.23622 0.716535 
vn 0.566929 -0.409449 0.716535 
vn 0.566929 -0.409449 0.716535 
vn 0.700787 -0.0708661 0.708661 
vn 0.700787 -0.0708661 0.708661 
vn 0.661417 -0.23622 0.716535 
vn 0.661417 -0.23622 0.716535 
vn 0.566929 0.409449 0.708661 
vn 0.566929 0.409449 0.708661 
vn 0.669291 0.220472 0.708661 
vn 0.669291 0.220472 0.708661 
vn 0.700787 0.0551181 0.708661 
vn 0.700787 0.0551181 0.708661 
vn 0.669291 0.220472 0.708661 
vn 0.669291 0.220472 0.708661 
vn 0.409449 0.566929 0.708661 
vn 0.409449 0.566929 0.708661 
vn 0.566929 0.409449 0.708661 
vn 0.566929 0.409449 0.708661 
vn 0.220472 0.669291 0.708661 
vn 0.220472 0.669291 0.708661 
vn 0.409449 0.566929 0.708661 
vn 0.409449 0.566929 0.708661 
vn 0 0.700787 0.708661 
vn 0 0.700787 0.708661 
vn 0.220472 0.669291 0.708661 
vn 0.220472 0.669291 0.708661 
vn -0.700787 0.0551181 0.708661 
vn -0.700787 0.0551181 0.708661 
vn -0.700787 -0.0708661 0.708661 
vn -0.212598 0.669291 0.708661 
vn -0.409449 0.566929 0.708661 
vn -0.212598 0.669291 0.708661 
vn -0.669291 0.220472 0.708661 
vn 0.566929 0.409449 0.708661 
vn 0.409449 0.566929 0.708661 
vn 0.220472 0.669291 0.708661 
vn 0.220472 0.669291 0.708661 
vn 0 0.700787 -0.708661 
vn 0 0.700787 -0.708661 
vn 0.220472 0.669291 -0.708661 
vn -0.307087 0.952756 0 
vn -0.307087 0.952756 0 
vn -0.590551 0.811024 0 
vn -0.590551 0.811024 0 
vn -0.811024 0.590551 0 
vn 0.811024 0.590551 0 
vn 0.811024 0.590551 0 
vn 0.811024 0.590551 0 
vn 0.590551 0.811024 0 
vn 0.590551 0.811024 0 
vn 0.590551 0.811024 0 
vn 0.590551 0.811024 0 
vn 0.307087 0.952756 0 
vn 0.307087 0.952756 0 
vn 0.307087 0.952756 0 
vn 0.307087 0.952756 0 
vn 0 1 0 
vn 0 1 0 
vn 0 1 0 
vn 0 1 0 
vn -0.307087 0.952756 0 
vn -0.307087 0.952756 0 
vn -0.409449 0.566929 0.708661 
vn -0.566929 0.409449 0.708661 
vn -0.669291 0.220472 0.708661 
vn -0.669291 0.220472 0.708661 
vn -0.700787 0.0551181 0.708661 
vn -0.566929 -0.409449 0.716535 
vn -0.661417 -0.23622 0.716535 
vn -0.700787 -0.0708661 0.708661 
vn -0.409449 -0.566929 0.716535 
vn -0.669291 0.220472 -0.708661 
vn -0.700787 0.0551181 -0.708661 
vn -0.700787 0.0551181 -0.708661 
vn -0.661417 -0.23622 -0.716535 
vn -0.700787 -0.0708661 -0.708661 
vn -0.661417 -0.23622 -0.716535 
vn -0.700787 -0.0708661 0.708661 
vn -0.700787 0.0551181 0.708661 
vn -0.700787 -0.0708661 0.708661 
vn -0.590551 0.811024 0 
vn -0.590551 0.811024 0 
vn -0.590551 0.811024 0 
vn -0.811024 0.590551 0 
vn -0.811024 0.590551 0 
vn -0.811024 0.590551 0 
vn -0.811024 0.590551 0 
vn -0.952756 0.314961 0 
vn -0.952756 0.314961 0 
vn -0.952756 -0.314961 0 
vn -0.952756 -0.314961 0 
vn -0.811024 -0.590551 0 
vn -0.811024 -0.590551 0 
vn -0.590551 -0.811024 0 
vn -1 0.0787402 0 
vn -1 0.0787402 0 
vn -1 -0.0787402 0 
vn -1 -0.0787402 0 
vn -0.952756 0.314961 0 
vn -0.952756 0.314961 0 
vn -1 0.0787402 0 
vn -1 0.0787402 0 
vn -1 -0.0787402 0 
vn -1 -0.0787402 0 
vn -0.952756 -0.314961 0 
vn -0.952756 -0.314961 0 
vn -0.700787 0.0551181 0.708661 
vn -0.700787 -0.0708661 0.708661 
vn -0.700787 -0.0708661 0.708661 
vn -0.212598 0.669291 -0.708661 
vn 0 0.700787 -0.708661 
vn 0 0.700787 -0.708661 
vn -0.212598 0.669291 -0.708661 
vn -0.212598 0.669291 -0.708661 
vn -0.409449 0.566929 -0.708661 
vn -0.409449 0.566929 -0.708661 
vn -0.212598 0.669291 -0.708661 
vn -0.409449 0.566929 -0.708661 
vn -0.566929 0.409449 -0.708661 
vn -0.566929 0.409449 -0.708661 
vn -0.409449 0.566929 -0.708661 
vn -0.566929 0.409449 -0.708661 
vn -0.669291 0.220472 -0.708661 
vn -0.669291 0.220472 -0.708661 
vn -0.566929 0.409449 -0.708661 
vn -0.669291 0.220472 -0.708661 
vn -0.700787 0.0551181 -0.708661 
vn -0.700787 0.0551181 -0.708661 
vn -0.669291 0.220472 -0.708661 
vn -0.661417 -0.23622 -0.716535 
vn -0.700787 -0.0708661 -0.708661 
vn -0.700787 -0.0708661 -0.708661 
vn -0.661417 -0.23622 -0.716535 
vn -0.661417 -0.23622 -0.716535 
vn -0.566929 -0.409449 -0.716535 
vn -0.566929 -0.409449 -0.716535 
vn -0.661417 -0.23622 -0.716535 
vn -0.566929 -0.409449 -0.716535 
vn -0.409449 -0.566929 -0.716535 
vn -0.409449 -0.566929 -0.716535 
vn -0.566929 -0.409449 -0.716535 
vn -0.409449 -0.566929 -0.716535 
vn -0.212598 -0.661417 -0.716535 
vn -0.212598 -0.661417 -0.716535 
vn -0.409449 -0.566929 -0.716535 
vn -0.212598 -0.661417 -0.716535 
vn 0 -0.700787 -0.716535 
vn 0 -0.700787 -0.716535 
vn -0.212598 -0.661417 -0.716535 
vn 0 -0.700787 -0.716535 
vn 0.212598 -0.661417 -0.716535 
vn 0.212598 -0.661417 -0.716535 
vn 0 -0.700787 -0.716535 
vn 0.212598 -0.661417 -0.716535 
vn 0.409449 -0.566929 -0.716535 
vn 0.409449 -0.566929 -0.716535 
vn 0.212598 -0.661417 -0.716535 
vn 0.409449 -0.566929 -0.716535 
vn 0.566929 -0.409449 -0.716535 
vn 0.566929 -0.409449 -0.716535 
vn 0.409449 -0.566929 -0.716535 
vn 0.566929 -0.409449 -0.716535 
vn 0.661417 -0.23622 -0.716535 
vn 0.661417 -0.23622 -0.716535 
vn 0.566929 -0.409449 -0.716535 
vn 0.661417 -0.23622 -0.716535 
vn 0.700787 -0.0708661 -0.708661 
vn 0.700787 -0.0708661 -0.708661 
vn 0.661417 -0.23622 -0.716535 
vn 0.669291 0.220472 -0.708661 
vn 0.700787 0.0551181 -0.708661 
vn 0.700787 0.0551181 -0.708661 
vn 0.669291 0.220472 -0.708661 
vn 0.669291 0.220472 -0.708661 
vn 0.566929 0.409449 -0.708661 
vn 0.566929 0.409449 -0.708661 
vn 0.669291 0.220472 -0.708661 
vn 0.566929 0.409449 -0.708661 
vn 0.409449 0.566929 -0.708661 
vn 0.409449 0.566929 -0.708661 
vn 0.566929 0.409449 -0.708661 
vn 0.409449 0.566929 -0.708661 
vn 0.220472 0.669291 -0.708661 
vn 0.220472 0.669291 -0.708661 
vn 0.409449 0.566929 -0.708661 
vn 0.220472 0.669291 -0.708661 
vn 0 0.700787 -0.708661 
vn 0 0.700787 -0.708661 
vn 0.220472 0.669291 -0.708661 
vn -0.700787 0.0551181 -0.708661 
vn -0.700787 -0.0708661 -0.708661 
vn -0.700787 -0.0708661 -0.708661 
vn -0.700787 0.0551181 -0.708661 
vn 0.700787 -0.0708661 -0.708661 
vn 0.700787 0.0551181 -0.708661 
vn 0.700787 0.0551181 -0.708661 
vn -0.590551 0.811024 0 
vn -0.811024 0.590551 0 
vn -0.811024 -0.590551 0 
vn -0.590551 -0.811024 0 
vn -0.307087 -0.952756 0 
vn 0.307087 -0.952756 0 
vn 0.590551 -0.811024 0 
vn 0.811024 -0.590551 0 
vn 0.811024 0.590551 0 
vn 0.590551 0.811024 0 
vn 0 0 -1 
vn 0 0 -1 
vn 0 -0.00787402 -1 
vn 0 -0.023622 -1 
vn 0 -0.023622 -1 
vn 0 -0.00787402 -1 
vn 0 0 -1 
vn 0 0 -1 
vn 0 0 -1 
vn 0 0 -1 
vn 0 0 -1 
vn 0 0 -1 
vn 0 0 -1 
vn 0 0 -1 
vn 0 0 -1 
vn 0 0 -1 
vn 0 0 -1 
vn 0 0 -1 
vn 0 0 -1 
vn 0 0 -1 
vn 0 -0.023622 -1 
vn 0 -0.00787402 -1 
vn -0.00787402 -0.0314961 -1 
vn -0.015748 -0.00787402 -1 
vn 0 -0.00787402 -1 
vn -0.00787402 -0.015748 -1 
vn -0.00787402 -0.015748 -1 
vn 0 -0.00787402 -1 
vn -0.00787402 -0.015748 -1 
vn -0.00787402 -0.015748 -1 
vn 0 -0.00787402 -1 
vn 0 -0.015748 -1 
vn 0 -0.015748 -1 
vn 0 -0.00787402 -1 
vn 0.00787402 -0.015748 -1 
vn 0.00787402 -0.015748 -1 
vn 0 -0.00787402 -1 
vn 0.00787402 -0.015748 -1 
vn 0.00787402 -0.015748 -1 
vn 0 -0.00787402 -1 
vn 0.015748 -0.00787402 -1 
vn 0.015748 -0.00787402 -1 
vn 0 -0.00787402 -1 
vn 0.00787402 -0.0314961 -1 
vn 0.00787402 -0.0314961 -1 
vn 0 -0.00787402 -1 
vn 0 -0.023622 -1 
vn 0 0 -1 
vn 0 0 -1 
vn 0 0 -1 
vn 0 0 -1 
vn 0 0 -1 
vn 0 0 -1 
vn 0 0 -1 
vn 0 0 -1 
vn 0 0 -1 
vn 0 0 -1 
vn 0 0 -1 
vn 0 0 -1 
vn 0 0 -1 
vn 0 0 -1 
vn 0 0 -1 
vn 0 0 -1 
vn 0 0 -1 
vn 0 0 -1 
vn 0 0.700787 -0.708661 
vn 0 0.700787 -0.708661 
vn -0.212598 0.669291 -0.708661 
vn -0.212598 0.669291 -0.708661 
vn -0.409449 0.566929 -0.708661 
vn -0.409449 0.566929 -0.708661 
vn -0.212598 0.669291 -0.708661 
vn -0.212598 0.669291 -0.708661 
vn -0.566929 0.409449 -0.708661 
vn -0.566929 0.409449 -0.708661 
vn -0.409449 0.566929 -0.708661 
vn -0.409449 0.566929 -0.708661 
vn -0.669291 0.220472 -0.708661 
vn -0.669291 0.220472 -0.708661 
vn -0.566929 0.409449 -0.708661 
vn -0.566929 0.409449 -0.708661 
vn -0.700787 0.0551181 -0.708661 
vn -0.700787 0.0551181 -0.708661 
vn -0.669291 0.220472 -0.708661 
vn -0.669291 0.220472 -0.708661 
vn -0.700787 -0.0708661 -0.708661 
vn -0.700787 -0.0708661 -0.708661 
vn -0.661417 -0.23622 -0.716535 
vn -0.661417 -0.23622 -0.716535 
vn -0.566929 -0.409449 -0.716535 
vn -0.566929 -0.409449 -0.716535 
vn -0.661417 -0.23622 -0.716535 
vn -0.661417 -0.23622 -0.716535 
vn -0.409449 -0.566929 -0.716535 
vn -0.409449 -0.566929 -0.716535 
vn -0.566929 -0.409449 -0.716535 
vn -0.566929 -0.409449 -0.716535 
vn -0.212598 -0.661417 -0.716535 
vn -0.212598 -0.661417 -0.716535 
vn -0.409449 -0.566929 -0.716535 
vn -0.409449 -0.566929 -0.716535 
vn 0 -0.700787 -0.716535 
vn 0 -0.700787 -0.716535 
vn -0.212598 -0.661417 -0.716535 
vn -0.212598 -0.661417 -0.716535 
vn 0.212598 -0.661417 -0.716535 
vn 0.212598 -0.661417 -0.716535 
vn 0 -0.700787 -0.716535 
vn 0 -0.700787 -0.716535 
vn 0.409449 -0.566929 -0.716535 
vn 0.409449 -0.566929 -0.716535 
vn 0.212598 -0.661417 -0.716535 
vn 0.212598 -0.661417 -0.716535 
vn 0.566929 -0.409449 -0.716535 
vn 0.566929 -0.409449 -0.716535 
vn 0.409449 -0.566929 -0.716535 
vn 0.409449 -0.566929 -0.716535 
vn 0.661417 -0.23622 -0.716535 
vn 0.661417 -0.23622 -0.716535 
vn 0.566929 -0.409449 -0.716535 
vn 0.566929 -0.409449 -0.716535 
vn 0.700787 -0.0708661 -0.708661 
vn 0.700787 -0.0708661 -0.708661 
vn 0.661417 -0.23622 -0.716535 
vn 0.661417 -0.23622 -0.716535 
vn 0.700787 0.0551181 -0.708661 
vn 0.700787 0.0551181 -0.708661 
vn 0.669291 0.220472 -0.708661 
vn 0.669291 0.220472 -0.708661 
vn 0.566929 0.409449 -0.708661 
vn 0.566929 0.409449 -0.708661 
vn 0.669291 0.220472 -0.708661 
vn 0.669291 0.220472 -0.708661 
vn 0.409449 0.566929 -0.708661 
vn 0.409449 0.566929 -0.708661 
vn 0.566929 0.409449 -0.708661 
vn 0.566929 0.409449 -0.708661 
vn 0.220472 0.669291 -0.708661 
vn 0.220472 0.669291 -0.708661 
vn 0.409449 0.566929 -0.708661 
vn 0.409449 0.566929 -0.708661 
vn 0 0.700787 -0.708661 
vn 0 0.700787 -0.708661 
vn 0.220472 0.669291 -0.708661 
vn 0.220472 0.669291 -0.708661 
vn -0.700787 -0.0708661 -0.708661 
vn -0.700787 -0.0708661 -0.708661 
vn -0.700787 0.0551181 -0.708661 
vn -0.700787 0.0551181 -0.708661 
vn 0.700787 0.0551181 -0.708661 
vn 0.700787 -0.0708661 -0.708661 
vn 0.700787 -0.0708661 -0.708661 
vn -0.015748 -0.00787402 -1 
vn -0.015748 -0.00787402 -1 
vn -0.015748 -0.00787402 -1 
vn -0.566929 -0.409449 0.716535 
vn -0.409449 -0.566929 0.716535 
vn 0 -0.700787 0.716535 
vn 0 -0.700787 0.716535 
vn 0.212598 -0.661417 0.716535 
vn 0.409449 -0.566929 0.716535 
vn 0.566929 -0.409449 0.716535 
vn -0.661417 -0.23622 -0.716535 
vn -0.212598 -0.661417 -0.716535 
vn 0.212598 -0.661417 -0.716535 
vn -0.811024 -0.590551 0 
vn -0.811024 -0.590551 0 
vn -0.811024 -0.590551 0 
vn -0.590551 -0.811024 0 
vn -0.590551 -0.811024 0 
vn -0.590551 -0.811024 0 
vn -0.590551 -0.811024 0 
vn -0.307087 -0.952756 0 
vn -0.307087 -0.952756 0 
vn -0.307087 -0.952756 0 
vn -0.307087 -0.952756 0 
vn 0 -1 0 
vn 0 -1 0 
vn 0 -1 0 
vn 0 -1 0 
vn 0.307087 -0.952756 0 
vn 0.307087 -0.952756 0 
vn 0.307087 -0.952756 0 
vn 0.307087 -0.952756 0 
vn 0.590551 -0.811024 0 
vn 0.590551 -0.811024 0 
vn 0.409449 -0.566929 0.716535 
vn 0.566929 -0.409449 0.716535 
vn 0.661417 -0.23622 0.716535 
vn 0.661417 -0.23622 0.716535 
vn 0.700787 -0.0708661 0.708661 
vn 0.566929 0.409449 0.708661 
vn 0.669291 0.220472 0.708661 
vn 0.700787 0.0551181 0.708661 
vn 0.409449 0.566929 0.708661 
vn 0.661417 -0.23622 -0.716535 
vn 0.700787 -0.0708661 -0.708661 
vn 0.669291 0.220472 -0.708661 
vn 0.700787 0.0551181 -0.708661 
vn 0.669291 0.220472 -0.708661 
vn 0.700787 0.0551181 0.708661 
vn 0.700787 -0.0708661 0.708661 
vn 0.700787 -0.0708661 0.708661 
vn 0.700787 -0.0708661 -0.708661 
vn 0.700787 0.0551181 -0.708661 
vn 0.700787 -0.0708661 -0.708661 
vn 0.590551 -0.811024 0 
vn 0.590551 -0.811024 0 
vn 0.590551 -0.811024 0 
vn 0.811024 -0.590551 0 
vn 0.811024 -0.590551 0 
vn 0.811024 -0.590551 0 
vn 0.811024 -0.590551 0 
vn 0.952756 -0.314961 0 
vn 0.952756 -0.314961 0 
vn 0.952756 0.314961 0 
vn 0.952756 0.314961 0 
vn 0.811024 0.590551 0 
vn 0.811024 0.590551 0 
vn 0.590551 0.811024 0 
vn 1 -0.0787402 0 
vn 1 -0.0787402 0 
vn 1 0.0866142 0 
vn 1 0.0866142 0 
vn 0.952756 -0.314961 0 
vn 0.952756 -0.314961 0 
vn 1 -0.0787402 0 
vn 1 -0.0787402 0 
vn 1 0.0866142 0 
vn 1 0.0866142 0 
vn 0.952756 0.314961 0 
vn 0.952756 0.314961 0 
vn 0.700787 -0.0708661 0.708661 
vn 0.700787 -0.0708661 0.708661 
vn 0.700787 0.0551181 0.708661 
vn 0.700787 0.0551181 0.708661 
vn 0.700787 0.0551181 -0.708661 
vn 0.700787 0.0551181 -0.708661 
vn 0.700787 -0.0708661 -0.708661 

vt -0.0731915 -0.135006 
vt -0.0905926 -0.143875 
vt -0.0881077 -0.147294 
vt -0.0718849 -0.139026 
vt -0.0705783 -0.143046 
vt -0.0531838 -0.140403 
vt -0.0531843 -0.136176 
vt -0.0718849 -0.139026 
vt -0.0905926 -0.143875 
vt -0.104401 -0.157687 
vt -0.100982 -0.160171 
vt -0.0881077 -0.147294 
vt -0.104401 -0.157687 
vt -0.113266 -0.17509 
vt -0.109254 -0.176412 
vt -0.100982 -0.160171 
vt -0.113266 -0.17509 
vt -0.116091 -0.19201 
vt -0.111916 -0.192356 
vt -0.109254 -0.176412 
vt -0.113255 -0.280854 
vt -0.104386 -0.298255 
vt -0.100966 -0.29577 
vt -0.109243 -0.279532 
vt -0.105231 -0.278209 
vt -0.107733 -0.263242 
vt -0.111908 -0.263588 
vt -0.109243 -0.279532 
vt -0.104386 -0.298255 
vt -0.0905739 -0.312064 
vt -0.0880898 -0.308644 
vt -0.100966 -0.29577 
vt -0.0905739 -0.312064 
vt -0.0731709 -0.320929 
vt -0.0718651 -0.316909 
vt -0.0880898 -0.308644 
vt -0.0731709 -0.320929 
vt -0.0531635 -0.323982 
vt -0.0531639 -0.319755 
vt -0.0718651 -0.316909 
vt -0.0531635 -0.323982 
vt -0.0338735 -0.320925 
vt -0.0351801 -0.316905 
vt -0.0531639 -0.319755 
vt -0.0338735 -0.320925 
vt -0.0164724 -0.312056 
vt -0.0189573 -0.308637 
vt -0.0351801 -0.316905 
vt -0.0164724 -0.312056 
vt -0.00266358 -0.298244 
vt -0.00608347 -0.29576 
vt -0.0189573 -0.308637 
vt -0.00266358 -0.298244 
vt 0.0062013 -0.280841 
vt 0.00218934 -0.279519 
vt -0.00608347 -0.29576 
vt 0.0062013 -0.280841 
vt 0.00902557 -0.263921 
vt 0.0048507 -0.263575 
vt 0.00218934 -0.279519 
vt 0.00618957 -0.175077 
vt -0.00267917 -0.157676 
vt -0.00609851 -0.160161 
vt 0.00217791 -0.176399 
vt -0.00183375 -0.177722 
vt 0.000668008 -0.192689 
vt 0.00484281 -0.192343 
vt 0.00217791 -0.176399 
vt -0.00267917 -0.157676 
vt -0.0164911 -0.143867 
vt -0.0189752 -0.147287 
vt -0.00609851 -0.160161 
vt -0.0164911 -0.143867 
vt -0.0338941 -0.135002 
vt -0.0351998 -0.139022 
vt -0.0189752 -0.147287 
vt -0.0338941 -0.135002 
vt -0.0531848 -0.131949 
vt -0.0531843 -0.136176 
vt -0.0351998 -0.139022 
vt -0.107733 -0.263242 
vt -0.107741 -0.192701 
vt -0.111916 -0.192356 
vt 0.000668008 -0.192689 
vt 0.0048507 -0.263575 
vt 0.00484281 -0.192343 
vt -0.107733 -0.263242 
vt -0.0531701 -0.263928 
vt -0.0531781 -0.192003 
vt -0.107741 -0.192701 
vt 0.000668008 -0.192689 
vt -0.0531781 -0.192003 
vt -0.0531701 -0.263928 
vt 0.000675861 -0.26323 
vt -0.0856229 -0.150714 
vt -0.0531781 -0.192003 
vt -0.0705783 -0.143046 
vt -0.0975617 -0.162655 
vt -0.0531781 -0.192003 
vt -0.0856229 -0.150714 
vt -0.105242 -0.177734 
vt -0.0531781 -0.192003 
vt -0.0975617 -0.162655 
vt -0.107741 -0.192701 
vt -0.0531781 -0.192003 
vt -0.105242 -0.177734 
vt -0.105231 -0.278209 
vt -0.0531701 -0.263928 
vt -0.107733 -0.263242 
vt -0.0975472 -0.293285 
vt -0.0531701 -0.263928 
vt -0.105231 -0.278209 
vt -0.0856057 -0.305224 
vt -0.0531701 -0.263928 
vt -0.0975472 -0.293285 
vt -0.0705594 -0.312889 
vt -0.0531701 -0.263928 
vt -0.0856057 -0.305224 
vt -0.0531644 -0.315528 
vt -0.0531701 -0.263928 
vt -0.0705594 -0.312889 
vt -0.0364867 -0.312885 
vt -0.0531701 -0.263928 
vt -0.0531644 -0.315528 
vt -0.0214421 -0.305217 
vt -0.0531701 -0.263928 
vt -0.0364867 -0.312885 
vt -0.00950335 -0.293276 
vt -0.0531701 -0.263928 
vt -0.0214421 -0.305217 
vt -0.00182263 -0.278198 
vt -0.0531701 -0.263928 
vt -0.00950335 -0.293276 
vt 0.000675861 -0.26323 
vt -0.0531701 -0.263928 
vt -0.00182263 -0.278198 
vt -0.00183375 -0.177722 
vt -0.0531781 -0.192003 
vt 0.000668008 -0.192689 
vt -0.00951784 -0.162645 
vt -0.0531781 -0.192003 
vt -0.00183375 -0.177722 
vt -0.0214593 -0.150707 
vt -0.0531781 -0.192003 
vt -0.00951784 -0.162645 
vt -0.0365056 -0.143042 
vt -0.0531781 -0.192003 
vt -0.0214593 -0.150707 
vt -0.0531838 -0.140403 
vt -0.0531781 -0.192003 
vt -0.0365056 -0.143042 
vt -0.0705783 -0.143046 
vt -0.0531781 -0.192003 
vt -0.0531838 -0.140403 
vt -0.0881077 -0.147294 
vt -0.0856229 -0.150714 
vt -0.0705783 -0.143046 
vt -0.0718849 -0.139026 
vt -0.0531843 -0.136176 
vt -0.0531848 -0.131949 
vt -0.0731915 -0.135006 
vt -0.0718849 -0.139026 
vt -0.100982 -0.160171 
vt -0.0975617 -0.162655 
vt -0.0856229 -0.150714 
vt -0.0881077 -0.147294 
vt -0.109254 -0.176412 
vt -0.105242 -0.177734 
vt -0.0975617 -0.162655 
vt -0.100982 -0.160171 
vt -0.111916 -0.192356 
vt -0.107741 -0.192701 
vt -0.105242 -0.177734 
vt -0.109254 -0.176412 
vt -0.100966 -0.29577 
vt -0.0975472 -0.293285 
vt -0.105231 -0.278209 
vt -0.109243 -0.279532 
vt -0.111908 -0.263588 
vt -0.116083 -0.263935 
vt -0.113255 -0.280854 
vt -0.109243 -0.279532 
vt -0.0880898 -0.308644 
vt -0.0856057 -0.305224 
vt -0.0975472 -0.293285 
vt -0.100966 -0.29577 
vt -0.0718651 -0.316909 
vt -0.0705594 -0.312889 
vt -0.0856057 -0.305224 
vt -0.0880898 -0.308644 
vt -0.0531639 -0.319755 
vt -0.0531644 -0.315528 
vt -0.0705594 -0.312889 
vt -0.0718651 -0.316909 
vt -0.0351801 -0.316905 
vt -0.0364867 -0.312885 
vt -0.0531644 -0.315528 
vt -0.0531639 -0.319755 
vt -0.0189573 -0.308637 
vt -0.0214421 -0.305217 
vt -0.0364867 -0.312885 
vt -0.0351801 -0.316905 
vt -0.00608347 -0.29576 
vt -0.00950335 -0.293276 
vt -0.0214421 -0.305217 
vt -0.0189573 -0.308637 
vt 0.00218934 -0.279519 
vt -0.00182263 -0.278198 
vt -0.00950335 -0.293276 
vt -0.00608347 -0.29576 
vt 0.0048507 -0.263575 
vt 0.000675861 -0.26323 
vt -0.00182263 -0.278198 
vt 0.00218934 -0.279519 
vt -0.00609851 -0.160161 
vt -0.00951784 -0.162645 
vt -0.00183375 -0.177722 
vt 0.00217791 -0.176399 
vt 0.00484281 -0.192343 
vt 0.00901759 -0.191996 
vt 0.00618957 -0.175077 
vt 0.00217791 -0.176399 
vt -0.0189752 -0.147287 
vt -0.0214593 -0.150707 
vt -0.00951784 -0.162645 
vt -0.00609851 -0.160161 
vt -0.0351998 -0.139022 
vt -0.0365056 -0.143042 
vt -0.0214593 -0.150707 
vt -0.0189752 -0.147287 
vt -0.0531843 -0.136176 
vt -0.0531838 -0.140403 
vt -0.0365056 -0.143042 
vt -0.0351998 -0.139022 
vt -0.111916 -0.192356 
vt -0.116091 -0.19201 
vt -0.116083 -0.263935 
vt -0.1077 -0.208306 
vt -0.1077 -0.190905 
vt -0.111875 -0.209613 
vt -0.1077 -0.168232 
vt -0.1077 -0.278819 
vt -0.1077 -0.265007 
vt -0.1077 -0.247604 
vt -0.111875 -0.246298 
vt 0.000635065 -0.228313 
vt 0.00480989 -0.228314 
vt 0.00480989 -0.246298 
vt -0.1077 -0.208306 
vt 0.000635073 -0.208306 
vt 0.000635065 -0.190905 
vt -0.1077 -0.190905 
vt 0.00063508 -0.177096 
vt 0.000635065 -0.278819 
vt -0.1077 -0.278819 
vt 0.000635065 -0.278819 
vt 0.000635065 -0.265007 
vt -0.1077 -0.265007 
vt -0.1077 -0.265007 
vt 0.000635065 -0.265007 
vt 0.000635073 -0.247604 
vt -0.1077 -0.247604 
vt -0.1077 -0.247604 
vt 0.000635073 -0.247604 
vt 0.000635065 -0.228313 
vt -0.1077 -0.228313 
vt -0.1077 -0.228313 
vt 0.000635065 -0.228313 
vt 0.000635073 -0.208306 
vt -0.1077 -0.208306 
vt 0.00063505 -0.143875 
vt 0.00063505 -0.157687 
vt 0.000635047 -0.17509 
vt 0.00480988 -0.176412 
vt 0.00480988 -0.192356 
vt -4.75422e-05 -0.298255 
vt 0.00407468 -0.279532 
vt 0.00480989 -0.263588 
vt -4.75422e-05 -0.312064 
vt -0.111875 -0.176412 
vt -0.11605 -0.192701 
vt -0.111875 -0.192356 
vt -0.107017 -0.280854 
vt -0.111875 -0.263588 
vt -0.11114 -0.279532 
vt 0.00898472 -0.263242 
vt 0.00480988 -0.192356 
vt 0.00480989 -0.263588 
vt -0.1077 -0.143875 
vt 0.00063505 -0.143875 
vt -0.1077 -0.143875 
vt -0.1077 -0.157687 
vt 0.00063505 -0.157687 
vt 0.00063505 -0.157687 
vt -0.1077 -0.157687 
vt -0.1077 -0.17509 
vt 0.000635047 -0.17509 
vt -4.75422e-05 -0.280854 
vt -0.107017 -0.280854 
vt -0.107017 -0.298255 
vt -4.75422e-05 -0.298255 
vt -0.107017 -0.312064 
vt 0.00063505 -0.19201 
vt -0.1077 -0.19201 
vt -0.1077 -0.263935 
vt 0.000635065 -0.263935 
vt 0.000635047 -0.17509 
vt -0.1077 -0.17509 
vt -0.1077 -0.19201 
vt 0.00063505 -0.19201 
vt 0.000635065 -0.263935 
vt -0.1077 -0.263935 
vt -0.107017 -0.280854 
vt -4.75422e-05 -0.280854 
vt 0.00480988 -0.192356 
vt 0.000635065 -0.263935 
vt 0.00480989 -0.263588 
vt -0.0338735 -0.135006 
vt -0.0538802 -0.131949 
vt -0.0538807 -0.136176 
vt -0.0351801 -0.139026 
vt -0.0364867 -0.143046 
vt -0.0214421 -0.150714 
vt -0.0189573 -0.147294 
vt -0.0351801 -0.139026 
vt -0.0214421 -0.150714 
vt -0.00950335 -0.162655 
vt -0.00608346 -0.160171 
vt -0.0189573 -0.147294 
vt -0.00950335 -0.162655 
vt -0.00182263 -0.177734 
vt 0.00218932 -0.176412 
vt -0.00608346 -0.160171 
vt -0.00182263 -0.177734 
vt 0.000675824 -0.192701 
vt 0.0048507 -0.192356 
vt 0.00218932 -0.176412 
vt 0.00618954 -0.280854 
vt 0.00901758 -0.263935 
vt 0.00484279 -0.263588 
vt 0.00217788 -0.279532 
vt -0.00183379 -0.278209 
vt -0.00951784 -0.293285 
vt -0.00609851 -0.29577 
vt 0.00217788 -0.279532 
vt -0.00951784 -0.293285 
vt -0.0214593 -0.305224 
vt -0.0189752 -0.308644 
vt -0.00609851 -0.29577 
vt -0.0214593 -0.305224 
vt -0.0365056 -0.312889 
vt -0.0351999 -0.316909 
vt -0.0189752 -0.308644 
vt -0.0365056 -0.312889 
vt -0.0539006 -0.315528 
vt -0.0539011 -0.319755 
vt -0.0351999 -0.316909 
vt -0.0539006 -0.315528 
vt -0.0705783 -0.312885 
vt -0.0718849 -0.316905 
vt -0.0539011 -0.319755 
vt -0.0705783 -0.312885 
vt -0.0856229 -0.305217 
vt -0.0881077 -0.308637 
vt -0.0718849 -0.316905 
vt -0.0856229 -0.305217 
vt -0.0975617 -0.293276 
vt -0.100982 -0.29576 
vt -0.0881077 -0.308637 
vt -0.0975617 -0.293276 
vt -0.105242 -0.278198 
vt -0.109254 -0.279519 
vt -0.100982 -0.29576 
vt -0.105242 -0.278198 
vt -0.107741 -0.26323 
vt -0.111916 -0.263575 
vt -0.109254 -0.279519 
vt -0.113255 -0.175077 
vt -0.116083 -0.191996 
vt -0.111908 -0.192343 
vt -0.109243 -0.176399 
vt -0.105231 -0.177722 
vt -0.0975472 -0.162645 
vt -0.100967 -0.160161 
vt -0.109243 -0.176399 
vt -0.0975472 -0.162645 
vt -0.0856057 -0.150707 
vt -0.0880898 -0.147287 
vt -0.100967 -0.160161 
vt -0.0856057 -0.150707 
vt -0.0705594 -0.143042 
vt -0.0718652 -0.139022 
vt -0.0880898 -0.147287 
vt -0.0705594 -0.143042 
vt -0.0538812 -0.140403 
vt -0.0538807 -0.136176 
vt -0.0718652 -0.139022 
vt 0.000675824 -0.192701 
vt 0.000668008 -0.263242 
vt 0.00484279 -0.263588 
vt 0.0048507 -0.192356 
vt -0.107741 -0.26323 
vt -0.107733 -0.192689 
vt -0.111908 -0.192343 
vt -0.0164724 -0.143875 
vt -0.00266357 -0.157687 
vt -0.00267917 -0.298255 
vt -0.0164911 -0.312064 
vt -0.0338941 -0.320929 
vt -0.0731915 -0.320925 
vt -0.0905926 -0.312056 
vt -0.104401 -0.298244 
vt -0.104386 -0.157676 
vt -0.090574 -0.143867 
vt 0.000675824 -0.192701 
vt -0.0538869 -0.192003 
vt -0.0538949 -0.263928 
vt 0.000668008 -0.263242 
vt -0.107741 -0.26323 
vt -0.0538949 -0.263928 
vt -0.0538869 -0.192003 
vt -0.107733 -0.192689 
vt -0.0364867 -0.143046 
vt -0.0538869 -0.192003 
vt -0.0214421 -0.150714 
vt -0.0214421 -0.150714 
vt -0.0538869 -0.192003 
vt -0.00950335 -0.162655 
vt -0.00950335 -0.162655 
vt -0.0538869 -0.192003 
vt -0.00182263 -0.177734 
vt -0.00182263 -0.177734 
vt -0.0538869 -0.192003 
vt 0.000675824 -0.192701 
vt 0.000668008 -0.263242 
vt -0.0538949 -0.263928 
vt -0.00183379 -0.278209 
vt -0.00951784 -0.293285 
vt -0.0538949 -0.263928 
vt -0.0214593 -0.305224 
vt -0.0214593 -0.305224 
vt -0.0538949 -0.263928 
vt -0.0365056 -0.312889 
vt -0.0365056 -0.312889 
vt -0.0538949 -0.263928 
vt -0.0539006 -0.315528 
vt -0.0539006 -0.315528 
vt -0.0538949 -0.263928 
vt -0.0705783 -0.312885 
vt -0.0705783 -0.312885 
vt -0.0538949 -0.263928 
vt -0.0856229 -0.305217 
vt -0.0856229 -0.305217 
vt -0.0538949 -0.263928 
vt -0.0975617 -0.293276 
vt -0.0975617 -0.293276 
vt -0.0538949 -0.263928 
vt -0.105242 -0.278198 
vt -0.105242 -0.278198 
vt -0.0538949 -0.263928 
vt -0.107741 -0.26323 
vt -0.107733 -0.192689 
vt -0.0538869 -0.192003 
vt -0.105231 -0.177722 
vt -0.105231 -0.177722 
vt -0.0538869 -0.192003 
vt -0.0975472 -0.162645 
vt -0.0975472 -0.162645 
vt -0.0538869 -0.192003 
vt -0.0856057 -0.150707 
vt -0.0856057 -0.150707 
vt -0.0538869 -0.192003 
vt -0.0705594 -0.143042 
vt -0.0705594 -0.143042 
vt -0.0538869 -0.192003 
vt -0.0538812 -0.140403 
vt -0.0538812 -0.140403 
vt -0.0538869 -0.192003 
vt -0.0364867 -0.143046 
vt -0.0538807 -0.136176 
vt -0.0538812 -0.140403 
vt -0.0364867 -0.143046 
vt -0.0351801 -0.139026 
vt -0.0189573 -0.147294 
vt -0.0164724 -0.143875 
vt -0.0338735 -0.135006 
vt -0.0351801 -0.139026 
vt -0.00608346 -0.160171 
vt -0.00266357 -0.157687 
vt -0.0164724 -0.143875 
vt -0.0189573 -0.147294 
vt 0.00218932 -0.176412 
vt 0.00620127 -0.17509 
vt -0.00266357 -0.157687 
vt -0.00608346 -0.160171 
vt 0.0048507 -0.192356 
vt 0.00902557 -0.19201 
vt 0.00620127 -0.17509 
vt 0.00218932 -0.176412 
vt 0.00484279 -0.263588 
vt 0.000668008 -0.263242 
vt -0.00183379 -0.278209 
vt 0.00217788 -0.279532 
vt -0.00609851 -0.29577 
vt -0.00267917 -0.298255 
vt 0.00618954 -0.280854 
vt 0.00217788 -0.279532 
vt -0.0189752 -0.308644 
vt -0.0164911 -0.312064 
vt -0.00267917 -0.298255 
vt -0.00609851 -0.29577 
vt -0.0351999 -0.316909 
vt -0.0338941 -0.320929 
vt -0.0164911 -0.312064 
vt -0.0189752 -0.308644 
vt -0.0539011 -0.319755 
vt -0.0539015 -0.323982 
vt -0.0338941 -0.320929 
vt -0.0351999 -0.316909 
vt -0.0718849 -0.316905 
vt -0.0731915 -0.320925 
vt -0.0539015 -0.323982 
vt -0.0539011 -0.319755 
vt -0.0881077 -0.308637 
vt -0.0905926 -0.312056 
vt -0.0731915 -0.320925 
vt -0.0718849 -0.316905 
vt -0.100982 -0.29576 
vt -0.104401 -0.298244 
vt -0.0905926 -0.312056 
vt -0.0881077 -0.308637 
vt -0.109254 -0.279519 
vt -0.113266 -0.280841 
vt -0.104401 -0.298244 
vt -0.100982 -0.29576 
vt -0.111916 -0.263575 
vt -0.116091 -0.263921 
vt -0.113266 -0.280841 
vt -0.109254 -0.279519 
vt -0.111908 -0.192343 
vt -0.107733 -0.192689 
vt -0.105231 -0.177722 
vt -0.109243 -0.176399 
vt -0.100967 -0.160161 
vt -0.104386 -0.157676 
vt -0.113255 -0.175077 
vt -0.109243 -0.176399 
vt -0.0880898 -0.147287 
vt -0.090574 -0.143867 
vt -0.104386 -0.157676 
vt -0.100967 -0.160161 
vt -0.0718652 -0.139022 
vt -0.0731709 -0.135002 
vt -0.090574 -0.143867 
vt -0.0880898 -0.147287 
vt -0.0538807 -0.136176 
vt -0.0538802 -0.131949 
vt -0.0731709 -0.135002 
vt -0.0718652 -0.139022 
vt 0.00484279 -0.263588 
vt 0.00901758 -0.263935 
vt 0.00902557 -0.19201 
vt 0.0048507 -0.192356 
vt -0.111908 -0.192343 
vt -0.116091 -0.263921 
vt -0.111916 -0.263575 
vt -0.0538949 -0.263928 
vt -0.00951784 -0.293285 
vt -0.00183379 -0.278209 
vt -4.75422e-05 -0.177112 
vt -4.75422e-05 -0.190924 
vt -4.75422e-05 -0.228335 
vt 0.00407468 -0.228334 
vt 0.00407468 -0.246318 
vt -4.75422e-05 -0.265026 
vt -4.75422e-05 -0.278834 
vt -0.107017 -0.168243 
vt -0.11114 -0.209633 
vt -0.11114 -0.246318 
vt -0.107017 -0.177112 
vt -4.75422e-05 -0.177112 
vt -0.107017 -0.177112 
vt -0.107017 -0.190924 
vt -4.75422e-05 -0.190924 
vt -4.75422e-05 -0.190924 
vt -0.107017 -0.190924 
vt -0.107017 -0.208327 
vt -4.75422e-05 -0.208327 
vt -4.75422e-05 -0.208327 
vt -0.107017 -0.208327 
vt -0.107017 -0.228335 
vt -4.75422e-05 -0.228335 
vt -4.75422e-05 -0.228335 
vt -0.107017 -0.228335 
vt -0.107017 -0.247625 
vt -4.75422e-05 -0.247625 
vt -4.75422e-05 -0.247625 
vt -0.107017 -0.247625 
vt -0.107017 -0.265026 
vt -4.75422e-05 -0.265026 
vt -0.107017 -0.312056 
vt -0.107017 -0.298244 
vt -0.107017 -0.280841 
vt -0.11114 -0.279519 
vt -0.111875 -0.263575 
vt -0.1077 -0.157676 
vt -0.111875 -0.176399 
vt -0.111875 -0.192343 
vt -0.1077 -0.143867 
vt 0.00407466 -0.279519 
vt 0.00480987 -0.263575 
vt 0.000635065 -0.175077 
vt 0.00480989 -0.192343 
vt 0.00480989 -0.176399 
vt -0.11605 -0.192689 
vt -0.11605 -0.26323 
vt -0.111875 -0.263575 
vt 0.00898469 -0.26323 
vt 0.00480989 -0.192343 
vt 0.00480987 -0.263575 
vt -4.75422e-05 -0.312056 
vt -0.107017 -0.312056 
vt -4.75422e-05 -0.312056 
vt -4.75422e-05 -0.298244 
vt -0.107017 -0.298244 
vt -0.107017 -0.298244 
vt -4.75422e-05 -0.298244 
vt -4.75422e-05 -0.280841 
vt -0.107017 -0.280841 
vt -0.1077 -0.175077 
vt 0.000635065 -0.175077 
vt 0.000635065 -0.157676 
vt -0.1077 -0.157676 
vt 0.000635065 -0.143867 
vt -0.1077 -0.263921 
vt 0.00063505 -0.263921 
vt 0.000635065 -0.191996 
vt -0.1077 -0.191996 
vt -0.107017 -0.280841 
vt -4.75422e-05 -0.280841 
vt 0.00063505 -0.263921 
vt -0.1077 -0.263921 
vt -0.1077 -0.191996 
vt 0.000635065 -0.191996 
vt 0.000635065 -0.175077 
vt -0.1077 -0.175077 
vt -0.111875 -0.263575 
vt -0.1077 -0.263921 
vt -0.1077 -0.191996 
vt -0.111875 -0.192343 
vt 0.00480989 -0.192343 
vt 0.000635065 -0.191996 
vt 0.00063505 -0.263921 

usemtl 1Mtl

f 6844/6844/6844 6845/6845/6845 6846/6846/6846 
f 6844/6844/6844 6846/6846/6846 6847/6847/6847 
f 6848/6848/6848 6849/6849/6849 6850/6850/6850 
f 6848/6848/6848 6850/6850/6850 6851/6851/6851 
f 6852/6852/6852 6853/6853/6853 6854/6854/6854 
f 6852/6852/6852 6854/6854/6854 6855/6855/6855 
f 6856/6856/6856 6857/6857/6857 6858/6858/6858 
f 6856/6856/6856 6858/6858/6858 6859/6859/6859 
f 6860/6860/6860 6861/6861/6861 6862/6862/6862 
f 6860/6860/6860 6862/6862/6862 6863/6863/6863 
f 6864/6864/6864 6865/6865/6865 6866/6866/6866 
f 6864/6864/6864 6866/6866/6866 6867/6867/6867 
f 6868/6868/6868 6869/6869/6869 6870/6870/6870 
f 6868/6868/6868 6870/6870/6870 6871/6871/6871 
f 6872/6872/6872 6873/6873/6873 6874/6874/6874 
f 6872/6872/6872 6874/6874/6874 6875/6875/6875 
f 6876/6876/6876 6877/6877/6877 6878/6878/6878 
f 6876/6876/6876 6878/6878/6878 6879/6879/6879 
f 6880/6880/6880 6881/6881/6881 6882/6882/6882 
f 6880/6880/6880 6882/6882/6882 6883/6883/6883 
f 6884/6884/6884 6885/6885/6885 6886/6886/6886 
f 6884/6884/6884 6886/6886/6886 6887/6887/6887 
f 6888/6888/6888 6889/6889/6889 6890/6890/6890 
f 6888/6888/6888 6890/6890/6890 6891/6891/6891 
f 6892/6892/6892 6893/6893/6893 6894/6894/6894 
f 6892/6892/6892 6894/6894/6894 6895/6895/6895 
f 6896/6896/6896 6897/6897/6897 6898/6898/6898 
f 6896/6896/6896 6898/6898/6898 6899/6899/6899 
f 6900/6900/6900 6901/6901/6901 6902/6902/6902 
f 6900/6900/6900 6902/6902/6902 6903/6903/6903 
f 6904/6904/6904 6905/6905/6905 6906/6906/6906 
f 6904/6904/6904 6906/6906/6906 6907/6907/6907 
f 6908/6908/6908 6909/6909/6909 6910/6910/6910 
f 6908/6908/6908 6910/6910/6910 6911/6911/6911 
f 6912/6912/6912 6913/6913/6913 6914/6914/6914 
f 6912/6912/6912 6914/6914/6914 6915/6915/6915 
f 6916/6916/6916 6917/6917/6917 6918/6918/6918 
f 6916/6916/6916 6918/6918/6918 6919/6919/6919 
f 6920/6920/6920 6921/6921/6921 6922/6922/6922 
f 6920/6920/6920 6922/6922/6922 6923/6923/6923 
f 6924/6924/6924 6925/6925/6925 6926/6926/6926 
f 6927/6927/6927 6928/6928/6928 6929/6929/6929 
f 6930/6930/6930 6931/6931/6931 6932/6932/6932 
f 6930/6930/6930 6932/6932/6932 6933/6933/6933 
f 6934/6934/6934 6935/6935/6935 6936/6936/6936 
f 6934/6934/6934 6936/6936/6936 6937/6937/6937 
f 6938/6938/6938 6939/6939/6939 6940/6940/6940 
f 6941/6941/6941 6942/6942/6942 6943/6943/6943 
f 6944/6944/6944 6945/6945/6945 6946/6946/6946 
f 6947/6947/6947 6948/6948/6948 6949/6949/6949 
f 6950/6950/6950 6951/6951/6951 6952/6952/6952 
f 6953/6953/6953 6954/6954/6954 6955/6955/6955 
f 6956/6956/6956 6957/6957/6957 6958/6958/6958 
f 6959/6959/6959 6960/6960/6960 6961/6961/6961 
f 6962/6962/6962 6963/6963/6963 6964/6964/6964 
f 6965/6965/6965 6966/6966/6966 6967/6967/6967 
f 6968/6968/6968 6969/6969/6969 6970/6970/6970 
f 6971/6971/6971 6972/6972/6972 6973/6973/6973 
f 6974/6974/6974 6975/6975/6975 6976/6976/6976 
f 6977/6977/6977 6978/6978/6978 6979/6979/6979 
f 6980/6980/6980 6981/6981/6981 6982/6982/6982 
f 6983/6983/6983 6984/6984/6984 6985/6985/6985 
f 6986/6986/6986 6987/6987/6987 6988/6988/6988 
f 6989/6989/6989 6990/6990/6990 6991/6991/6991 
f 6992/6992/6992 6993/6993/6993 6994/6994/6994 
f 6995/6995/6995 6996/6996/6996 6997/6997/6997 
f 6998/6998/6998 6999/6999/6999 7000/7000/7000 
f 6998/6998/6998 7000/7000/7000 7001/7001/7001 
f 7002/7002/7002 7003/7003/7003 7004/7004/7004 
f 7002/7002/7002 7004/7004/7004 7005/7005/7005 
f 7006/7006/7006 7007/7007/7007 7008/7008/7008 
f 7006/7006/7006 7008/7008/7008 7009/7009/7009 
f 7010/7010/7010 7011/7011/7011 7012/7012/7012 
f 7010/7010/7010 7012/7012/7012 7013/7013/7013 
f 7014/7014/7014 7015/7015/7015 7016/7016/7016 
f 7014/7014/7014 7016/7016/7016 7017/7017/7017 
f 7018/7018/7018 7019/7019/7019 7020/7020/7020 
f 7018/7018/7018 7020/7020/7020 7021/7021/7021 
f 7022/7022/7022 7023/7023/7023 7024/7024/7024 
f 7022/7022/7022 7024/7024/7024 7025/7025/7025 
f 7026/7026/7026 7027/7027/7027 7028/7028/7028 
f 7026/7026/7026 7028/7028/7028 7029/7029/7029 
f 7030/7030/7030 7031/7031/7031 7032/7032/7032 
f 7030/7030/7030 7032/7032/7032 7033/7033/7033 
f 7034/7034/7034 7035/7035/7035 7036/7036/7036 
f 7034/7034/7034 7036/7036/7036 7037/7037/7037 
f 7038/7038/7038 7039/7039/7039 7040/7040/7040 
f 7038/7038/7038 7040/7040/7040 7041/7041/7041 
f 7042/7042/7042 7043/7043/7043 7044/7044/7044 
f 7042/7042/7042 7044/7044/7044 7045/7045/7045 
f 7046/7046/7046 7047/7047/7047 7048/7048/7048 
f 7046/7046/7046 7048/7048/7048 7049/7049/7049 
f 7050/7050/7050 7051/7051/7051 7052/7052/7052 
f 7050/7050/7050 7052/7052/7052 7053/7053/7053 
f 7054/7054/7054 7055/7055/7055 7056/7056/7056 
f 7054/7054/7054 7056/7056/7056 7057/7057/7057 
f 7058/7058/7058 7059/7059/7059 7060/7060/7060 
f 7058/7058/7058 7060/7060/7060 7061/7061/7061 
f 7062/7062/7062 7063/7063/7063 7064/7064/7064 
f 7062/7062/7062 7064/7064/7064 7065/7065/7065 
f 7066/7066/7066 7067/7067/7067 7068/7068/7068 
f 7066/7066/7066 7068/7068/7068 7069/7069/7069 
f 7070/7070/7070 7071/7071/7071 7072/7072/7072 
f 7070/7070/7070 7072/7072/7072 7073/7073/7073 
f 7074/7074/7074 7075/7075/7075 7076/7076/7076 
f 7074/7074/7074 7076/7076/7076 7077/7077/7077 
f 7078/7078/7078 7079/7079/7079 7080/7080/7080 
f 7092/7092/7092 7093/7093/7093 7094/7094/7094 
f 7092/7092/7092 7094/7094/7094 7095/7095/7095 
f 7098/7098/7098 7099/7099/7099 7100/7100/7100 
f 7098/7098/7098 7100/7100/7100 7101/7101/7101 
f 7102/7102/7102 7103/7103/7103 7104/7104/7104 
f 7102/7102/7102 7104/7104/7104 7105/7105/7105 
f 7106/7106/7106 7107/7107/7107 7108/7108/7108 
f 7106/7106/7106 7108/7108/7108 7109/7109/7109 
f 7110/7110/7110 7111/7111/7111 7112/7112/7112 
f 7110/7110/7110 7112/7112/7112 7113/7113/7113 
f 7129/7129/7129 7130/7130/7130 7131/7131/7131 
f 7133/7133/7133 7134/7134/7134 7135/7135/7135 
f 7133/7133/7133 7135/7135/7135 7136/7136/7136 
f 7137/7137/7137 7138/7138/7138 7139/7139/7139 
f 7137/7137/7137 7139/7139/7139 7140/7140/7140 
f 7141/7141/7141 7142/7142/7142 7143/7143/7143 
f 7141/7141/7141 7143/7143/7143 7144/7144/7144 
f 7146/7146/7146 7147/7147/7147 7148/7148/7148 
f 7146/7146/7146 7148/7148/7148 7149/7149/7149 
f 7150/7150/7150 7151/7151/7151 7152/7152/7152 
f 7150/7150/7150 7152/7152/7152 7153/7153/7153 
f 7154/7154/7154 7155/7155/7155 7156/7156/7156 
f 7154/7154/7154 7156/7156/7156 7157/7157/7157 
f 7158/7158/7158 7159/7159/7159 7160/7160/7160 
f 7161/7161/7161 7162/7162/7162 7163/7163/7163 
f 7161/7161/7161 7163/7163/7163 7164/7164/7164 
f 7165/7165/7165 7166/7166/7166 7167/7167/7167 
f 7165/7165/7165 7167/7167/7167 7168/7168/7168 
f 7169/7169/7169 7170/7170/7170 7171/7171/7171 
f 7169/7169/7169 7171/7171/7171 7172/7172/7172 
f 7173/7173/7173 7174/7174/7174 7175/7175/7175 
f 7173/7173/7173 7175/7175/7175 7176/7176/7176 
f 7177/7177/7177 7178/7178/7178 7179/7179/7179 
f 7177/7177/7177 7179/7179/7179 7180/7180/7180 
f 7181/7181/7181 7182/7182/7182 7183/7183/7183 
f 7181/7181/7181 7183/7183/7183 7184/7184/7184 
f 7185/7185/7185 7186/7186/7186 7187/7187/7187 
f 7185/7185/7185 7187/7187/7187 7188/7188/7188 
f 7189/7189/7189 7190/7190/7190 7191/7191/7191 
f 7189/7189/7189 7191/7191/7191 7192/7192/7192 
f 7193/7193/7193 7194/7194/7194 7195/7195/7195 
f 7193/7193/7193 7195/7195/7195 7196/7196/7196 
f 7197/7197/7197 7198/7198/7198 7199/7199/7199 
f 7197/7197/7197 7199/7199/7199 7200/7200/7200 
f 7201/7201/7201 7202/7202/7202 7203/7203/7203 
f 7201/7201/7201 7203/7203/7203 7204/7204/7204 
f 7205/7205/7205 7206/7206/7206 7207/7207/7207 
f 7205/7205/7205 7207/7207/7207 7208/7208/7208 
f 7209/7209/7209 7210/7210/7210 7211/7211/7211 
f 7209/7209/7209 7211/7211/7211 7212/7212/7212 
f 7213/7213/7213 7214/7214/7214 7215/7215/7215 
f 7213/7213/7213 7215/7215/7215 7216/7216/7216 
f 7217/7217/7217 7218/7218/7218 7219/7219/7219 
f 7217/7217/7217 7219/7219/7219 7220/7220/7220 
f 7221/7221/7221 7222/7222/7222 7223/7223/7223 
f 7221/7221/7221 7223/7223/7223 7224/7224/7224 
f 7225/7225/7225 7226/7226/7226 7227/7227/7227 
f 7225/7225/7225 7227/7227/7227 7228/7228/7228 
f 7229/7229/7229 7230/7230/7230 7231/7231/7231 
f 7229/7229/7229 7231/7231/7231 7232/7232/7232 
f 7233/7233/7233 7234/7234/7234 7235/7235/7235 
f 7233/7233/7233 7235/7235/7235 7236/7236/7236 
f 7237/7237/7237 7238/7238/7238 7239/7239/7239 
f 7237/7237/7237 7239/7239/7239 7240/7240/7240 
f 7241/7241/7241 7242/7242/7242 7243/7243/7243 
f 7241/7241/7241 7243/7243/7243 7244/7244/7244 
f 7245/7245/7245 7246/7246/7246 7247/7247/7247 
f 7258/7258/7258 7259/7259/7259 7260/7260/7260 
f 7258/7258/7258 7260/7260/7260 7261/7261/7261 
f 7262/7262/7262 7263/7263/7263 7264/7264/7264 
f 7262/7262/7262 7264/7264/7264 7265/7265/7265 
f 7266/7266/7266 7267/7267/7267 7268/7268/7268 
f 7269/7269/7269 7270/7270/7270 7271/7271/7271 
f 7272/7272/7272 7273/7273/7273 7274/7274/7274 
f 7275/7275/7275 7276/7276/7276 7277/7277/7277 
f 7278/7278/7278 7279/7279/7279 7280/7280/7280 
f 7281/7281/7281 7282/7282/7282 7283/7283/7283 
f 7284/7284/7284 7285/7285/7285 7286/7286/7286 
f 7287/7287/7287 7288/7288/7288 7289/7289/7289 
f 7290/7290/7290 7291/7291/7291 7292/7292/7292 
f 7293/7293/7293 7294/7294/7294 7295/7295/7295 
f 7296/7296/7296 7297/7297/7297 7298/7298/7298 
f 7299/7299/7299 7300/7300/7300 7301/7301/7301 
f 7302/7302/7302 7303/7303/7303 7304/7304/7304 
f 7305/7305/7305 7306/7306/7306 7307/7307/7307 
f 7308/7308/7308 7309/7309/7309 7310/7310/7310 
f 7311/7311/7311 7312/7312/7312 7313/7313/7313 
f 7314/7314/7314 7315/7315/7315 7316/7316/7316 
f 7317/7317/7317 7318/7318/7318 7319/7319/7319 
f 7320/7320/7320 7321/7321/7321 7322/7322/7322 
f 7323/7323/7323 7324/7324/7324 7325/7325/7325 
f 7323/7323/7323 7325/7325/7325 7326/7326/7326 
f 7327/7327/7327 7328/7328/7328 7329/7329/7329 
f 7327/7327/7327 7329/7329/7329 7330/7330/7330 
f 7331/7331/7331 7332/7332/7332 7333/7333/7333 
f 7331/7331/7331 7333/7333/7333 7334/7334/7334 
f 7335/7335/7335 7336/7336/7336 7337/7337/7337 
f 7335/7335/7335 7337/7337/7337 7338/7338/7338 
f 7339/7339/7339 7340/7340/7340 7341/7341/7341 
f 7339/7339/7339 7341/7341/7341 7342/7342/7342 
f 7343/7343/7343 7344/7344/7344 7345/7345/7345 
f 7343/7343/7343 7345/7345/7345 7346/7346/7346 
f 7347/7347/7347 7348/7348/7348 7349/7349/7349 
f 7347/7347/7347 7349/7349/7349 7350/7350/7350 
f 7351/7351/7351 7352/7352/7352 7353/7353/7353 
f 7351/7351/7351 7353/7353/7353 7354/7354/7354 
f 7355/7355/7355 7356/7356/7356 7357/7357/7357 
f 7355/7355/7355 7357/7357/7357 7358/7358/7358 
f 7359/7359/7359 7360/7360/7360 7361/7361/7361 
f 7359/7359/7359 7361/7361/7361 7362/7362/7362 
f 7363/7363/7363 7364/7364/7364 7365/7365/7365 
f 7363/7363/7363 7365/7365/7365 7366/7366/7366 
f 7367/7367/7367 7368/7368/7368 7369/7369/7369 
f 7367/7367/7367 7369/7369/7369 7370/7370/7370 
f 7371/7371/7371 7372/7372/7372 7373/7373/7373 
f 7371/7371/7371 7373/7373/7373 7374/7374/7374 
f 7375/7375/7375 7376/7376/7376 7377/7377/7377 
f 7375/7375/7375 7377/7377/7377 7378/7378/7378 
f 7379/7379/7379 7380/7380/7380 7381/7381/7381 
f 7379/7379/7379 7381/7381/7381 7382/7382/7382 
f 7383/7383/7383 7384/7384/7384 7385/7385/7385 
f 7383/7383/7383 7385/7385/7385 7386/7386/7386 
f 7387/7387/7387 7388/7388/7388 7389/7389/7389 
f 7387/7387/7387 7389/7389/7389 7390/7390/7390 
f 7391/7391/7391 7392/7392/7392 7393/7393/7393 
f 7391/7391/7391 7393/7393/7393 7394/7394/7394 
f 7395/7395/7395 7396/7396/7396 7397/7397/7397 
f 7395/7395/7395 7397/7397/7397 7398/7398/7398 
f 7399/7399/7399 7400/7400/7400 7401/7401/7401 
f 7399/7399/7399 7401/7401/7401 7402/7402/7402 
f 7403/7403/7403 7404/7404/7404 7405/7405/7405 
f 7403/7403/7403 7405/7405/7405 7406/7406/7406 
f 7407/7407/7407 7408/7408/7408 7409/7409/7409 
f 7410/7410/7410 7411/7411/7411 7412/7412/7412 
f 7424/7424/7424 7425/7425/7425 7426/7426/7426 
f 7424/7424/7424 7426/7426/7426 7427/7427/7427 
f 7428/7428/7428 7429/7429/7429 7430/7430/7430 
f 7428/7428/7428 7430/7430/7430 7431/7431/7431 
f 7432/7432/7432 7433/7433/7433 7434/7434/7434 
f 7432/7432/7432 7434/7434/7434 7435/7435/7435 
f 7436/7436/7436 7437/7437/7437 7438/7438/7438 
f 7436/7436/7436 7438/7438/7438 7439/7439/7439 
f 7440/7440/7440 7441/7441/7441 7442/7442/7442 
f 7440/7440/7440 7442/7442/7442 7443/7443/7443 
f 7458/7458/7458 7459/7459/7459 7460/7460/7460 
f 7461/7461/7461 7462/7462/7462 7463/7463/7463 
f 7465/7465/7465 7466/7466/7466 7467/7467/7467 
f 7465/7465/7465 7467/7467/7467 7468/7468/7468 
f 7469/7469/7469 7470/7470/7470 7471/7471/7471 
f 7469/7469/7469 7471/7471/7471 7472/7472/7472 
f 7473/7473/7473 7474/7474/7474 7475/7475/7475 
f 7473/7473/7473 7475/7475/7475 7476/7476/7476 
f 7478/7478/7478 7479/7479/7479 7480/7480/7480 
f 7478/7478/7478 7480/7480/7480 7481/7481/7481 
f 7482/7482/7482 7483/7483/7483 7484/7484/7484 
f 7482/7482/7482 7484/7484/7484 7485/7485/7485 
f 7486/7486/7486 7487/7487/7487 7488/7488/7488 
f 7486/7486/7486 7488/7488/7488 7489/7489/7489 
f 7490/7490/7490 7491/7491/7491 7492/7492/7492 
f 7490/7490/7490 7492/7492/7492 7493/7493/7493 
f 7494/7494/7494 7495/7495/7495 7496/7496/7496 

g 12

v -8.63103 2.93492 -37.078 
v -8.59894 2.9455 -37.0477 
v -8.62024 3.05905 -37.0311 
v -8.56684 2.95608 -37.0174 
v -8.59894 2.9455 -37.0477 
v -8.53274 2.81558 -37.0477 
v -8.50538 2.83546 -37.0174 
v -8.50538 2.83546 -37.0174 
v -8.53274 2.81558 -37.0477 
v -8.42974 2.71258 -37.0477 
v -8.40986 2.73994 -37.0174 
v -8.40986 2.73994 -37.0174 
v -8.42974 2.71258 -37.0477 
v -8.29995 2.64645 -37.0477 
v -8.2895 2.67861 -37.0174 
v -8.58684 3.92024 -36.9977 
v -8.62024 3.92028 -37.0311 
v -8.62024 3.05905 -37.0311 
v -8.58684 3.05905 -36.9977 
v -8.56009 2.79571 -37.078 
v -8.44961 2.68522 -37.078 
v -8.3104 2.61429 -37.078 
v -8.57771 3.99085 -37.0739 
v -8.58684 3.92024 -36.9977 
v -8.15607 3.9205 -36.9977 
v -8.15607 3.99086 -37.0435 
v -8.54738 3.99085 -37.0435 
v -8.15607 3.9205 -36.9977 
v -7.72018 3.92024 -36.9977 
v -7.75965 3.99085 -37.0435 
v -8.15607 3.99086 -37.0435 
v -7.65339 3.92033 -37.0645 
v -7.69897 3.99086 -37.1042 
v -8.15607 2.62485 -37.0926 
v -8.15607 2.67126 -37.0505 
v -8.18943 2.66276 -37.0174 
v -8.15607 3.0264 -37.0302 
v -8.1886 3.05905 -36.9977 
v -7.72018 3.0264 -37.0333 
v -7.72018 3.0264 -37.0333 
v -8.1886 3.05905 -36.9977 
v -8.15607 3.0264 -37.0302 
v -8.2895 2.67861 -37.0174 
v -8.29995 2.64645 -37.0477 
v -8.19004 2.62904 -37.0477 
v -8.18943 2.66276 -37.0174 
v -7.72018 3.05908 -36.9977 
v -7.65339 3.05908 -37.0645 
v -7.65339 3.92033 -37.0645 
v -7.72018 3.05908 -36.9977 
v -7.72018 3.92024 -36.9977 
v -8.15607 3.9205 -36.9977 
v -8.1886 3.05905 -36.9977 
v -8.58684 3.92024 -36.9977 
v -8.58684 3.05905 -36.9977 
v -8.1886 3.05905 -36.9977 
v -8.15607 3.9205 -36.9977 
v -8.58684 3.05905 -36.9977 
v -8.56684 2.95608 -37.0174 
v -8.1886 3.05905 -36.9977 
v -8.56684 2.95608 -37.0174 
v -8.50538 2.83546 -37.0174 
v -8.1886 3.05905 -36.9977 
v -8.50538 2.83546 -37.0174 
v -8.40986 2.73994 -37.0174 
v -8.1886 3.05905 -36.9977 
v -8.40986 2.73994 -37.0174 
v -8.2895 2.67861 -37.0174 
v -8.1886 3.05905 -36.9977 
v -8.2895 2.67861 -37.0174 
v -8.18943 2.66276 -37.0174 
v -8.1886 3.05905 -36.9977 
v -8.59894 2.9455 -37.0477 
v -8.56684 2.95608 -37.0174 
v -8.58684 3.05905 -36.9977 
v -8.59894 2.9455 -37.0477 
v -8.63103 2.93492 -37.078 
v -8.56009 2.79571 -37.078 
v -8.53274 2.81558 -37.0477 
v -8.53274 2.81558 -37.0477 
v -8.56009 2.79571 -37.078 
v -8.44961 2.68522 -37.078 
v -8.42974 2.71258 -37.0477 
v -8.42974 2.71258 -37.0477 
v -8.44961 2.68522 -37.078 
v -8.3104 2.61429 -37.078 
v -8.29995 2.64645 -37.0477 
v -8.62024 3.92028 -37.0311 
v -8.65364 3.92033 -37.0645 
v -8.65364 3.05905 -37.0645 
v -8.29995 2.64645 -37.0477 
v -8.3104 2.61429 -37.078 
v -8.19065 2.59532 -37.078 
v -8.19004 2.62904 -37.0477 
v -8.62024 3.92028 -37.9646 
v -8.54738 3.99085 -37.9522 
v -8.57771 3.99085 -37.9218 
v -8.54955 3.99086 -37.8915 
v -7.72018 3.92024 -37.998 
v -8.15607 3.9205 -37.998 
v -7.75965 3.99085 -37.9522 
v -8.58684 3.92024 -37.998 
v -8.62024 3.92028 -37.9646 
v -8.57771 3.99085 -37.9218 
v -8.54738 3.99085 -37.9522 
v -8.60805 3.99086 -37.8915 
v -8.65364 3.92033 -37.0645 
v -8.62024 3.92028 -37.0311 
v -8.57771 3.99085 -37.0739 
v -8.60805 3.99086 -37.1042 
v -8.15607 3.9205 -36.9977 
v -7.72018 3.92024 -36.9977 
v -7.75965 3.99085 -37.0435 
v -7.72018 3.92024 -36.9977 
v -7.65339 3.92033 -37.0645 
v -7.69897 3.99086 -37.1042 
v -7.75965 3.99085 -37.0435 
v -7.69897 3.99086 -37.8915 
v -7.65339 3.92033 -37.9312 
v -7.72018 3.92024 -37.998 
v -7.75965 3.99085 -37.9522 
v -7.69897 3.99086 -37.8915 
v -7.65339 3.05908 -37.9312 
v -7.68703 3.0264 -37.9172 
v -7.72018 3.0264 -37.0333 
v -8.60805 3.99086 -37.1042 
v -8.54753 3.99085 -37.1039 
v -8.54955 3.99086 -37.8915 
v -8.60805 3.99086 -37.8915 
v -7.69897 3.99086 -37.8915 
v -7.75767 3.99086 -37.8915 
v -7.75951 3.99085 -37.1039 
v -7.69897 3.99086 -37.1042 
v -7.75965 3.99085 -37.9522 
v -7.75767 3.99086 -37.8915 
v -7.69897 3.99086 -37.8915 
v -7.75965 3.99085 -37.9522 
v -8.15607 3.99086 -37.9522 
v -7.75767 3.99086 -37.8915 
v -8.54753 3.99085 -37.1039 
v -7.75951 3.99085 -37.1039 
v -7.75767 3.99086 -37.8915 
v -8.54955 3.99086 -37.8915 
v -8.54753 3.99085 -37.1039 
v -8.60805 3.99086 -37.1042 
v -8.57771 3.99085 -37.0739 
v -7.75965 3.99085 -37.0435 
v -7.75951 3.99085 -37.1039 
v -8.15607 3.99086 -37.0435 
v -7.69897 3.99086 -37.1042 
v -7.75951 3.99085 -37.1039 
v -7.75965 3.99085 -37.0435 
v -8.54955 3.99086 -37.8915 
v -8.15607 3.99086 -37.9522 
v -8.54738 3.99085 -37.9522 
v -7.75767 3.99086 -37.8915 
v -8.15607 3.99086 -37.9522 
v -8.54955 3.99086 -37.8915 
v -8.15607 3.99086 -37.0435 
v -8.54753 3.99085 -37.1039 
v -8.54738 3.99085 -37.0435 
v -8.15607 3.99086 -37.0435 
v -7.75951 3.99085 -37.1039 
v -8.54753 3.99085 -37.1039 
v -8.62024 3.92028 -37.0311 
v -8.58684 3.92024 -36.9977 
v -8.54738 3.99085 -37.0435 
v -8.57771 3.99085 -37.0739 
v -8.57771 3.99085 -37.0739 
v -8.54738 3.99085 -37.0435 
v -8.54753 3.99085 -37.1039 
v -8.62024 3.92028 -37.9646 
v -8.65364 3.92033 -37.9312 
v -8.60805 3.99086 -37.8915 
v -8.57771 3.99085 -37.9218 
v -8.57771 3.99085 -37.9218 
v -8.60805 3.99086 -37.8915 
v -8.54955 3.99086 -37.8915 
v -8.63103 2.93492 -37.9133 
v -8.59894 2.9455 -37.9462 
v -8.56009 2.79571 -37.9133 
v -8.56684 2.95608 -37.9792 
v -8.62024 3.05905 -37.9646 
v -8.58684 3.05905 -37.998 
v -8.44961 2.68522 -37.9133 
v -8.3104 2.61429 -37.9133 
v -8.63103 2.93492 -37.078 
v -8.62024 3.05905 -37.0311 
v -8.65364 3.05905 -37.0645 
v -8.50538 2.83546 -37.0174 
v -8.62024 3.92028 -37.9646 
v -8.63103 2.93492 -37.9133 
v -8.56009 2.79571 -37.9133 
v -8.56009 2.79571 -37.078 
v -8.63103 2.93492 -37.078 
v -8.56009 2.79571 -37.9133 
v -8.44961 2.68522 -37.9133 
v -8.44961 2.68522 -37.078 
v -8.56009 2.79571 -37.078 
v -8.3104 2.61429 -37.078 
v -8.65364 3.92033 -37.9312 
v -8.65364 3.05905 -37.9312 
v -8.65364 3.05905 -37.0645 
v -8.65364 3.92033 -37.0645 
v -8.65364 3.05905 -37.9312 
v -8.63103 2.93492 -37.9133 
v -8.63103 2.93492 -37.078 
v -8.65364 3.05905 -37.0645 
v -8.65364 3.92033 -37.9312 
v -8.65364 3.92033 -37.0645 
v -8.60805 3.99086 -37.1042 
v -8.60805 3.99086 -37.8915 
v -8.57771 3.99085 -37.0739 
v -8.59894 2.9455 -37.0477 
v -8.58684 3.05905 -36.9977 
v -8.62024 3.05905 -37.0311 
v -8.62024 3.92028 -37.0311 
v -8.65364 3.05905 -37.0645 
v -8.62024 3.05905 -37.0311 
v -8.59894 2.9455 -37.9462 
v -8.65364 3.05905 -37.9312 
v -8.62024 3.05905 -37.9646 
v -8.63103 2.93492 -37.9133 
v -8.59894 2.9455 -37.9462 
v -8.53274 2.81558 -37.9462 
v -8.56009 2.79571 -37.9133 
v -8.56684 2.95608 -37.9792 
v -8.59894 2.9455 -37.9462 
v -8.62024 3.05905 -37.9646 
v -8.56009 2.79571 -37.9133 
v -8.53274 2.81558 -37.9462 
v -8.42974 2.71258 -37.9462 
v -8.44961 2.68522 -37.9133 
v -8.44961 2.68522 -37.9133 
v -8.42974 2.71258 -37.9462 
v -8.29995 2.64645 -37.9462 
v -8.3104 2.61429 -37.9133 
v -8.50538 2.83546 -37.0174 
v -8.58684 3.05905 -37.998 
v -8.62024 3.05905 -37.9646 
v -8.62024 3.92028 -37.9646 
v -8.58684 3.92024 -37.998 
v -7.72018 3.92024 -37.998 
v -8.15607 3.9205 -37.998 
v -8.15607 3.99086 -37.9522 
v -7.75965 3.99085 -37.9522 
v -8.15607 3.9205 -37.998 
v -8.58684 3.92024 -37.998 
v -8.54738 3.99085 -37.9522 
v -8.15607 3.99086 -37.9522 
v -8.15607 2.67126 -37.9519 
v -8.18943 2.66276 -37.9792 
v -8.1886 3.05905 -37.998 
v -8.15607 3.0264 -37.9654 
v -7.72018 3.05908 -37.998 
v -8.15607 3.0264 -37.9654 
v -8.1886 3.05905 -37.998 
v -7.65339 3.05908 -37.9312 
v -8.15607 3.0264 -37.0302 
v -7.72018 3.0264 -37.0333 
v -8.3104 2.61429 -37.9133 
v -8.29995 2.64645 -37.9462 
v -8.19004 2.62904 -37.9489 
v -8.19065 2.59532 -37.9187 
v -7.72018 3.92024 -37.998 
v -7.65339 3.92033 -37.9312 
v -7.65339 3.05908 -37.9312 
v -7.72018 3.92024 -37.998 
v -7.72018 3.05908 -37.998 
v -8.1886 3.05905 -37.998 
v -8.15607 3.9205 -37.998 
v -8.58684 3.05905 -37.998 
v -8.58684 3.92024 -37.998 
v -8.15607 3.9205 -37.998 
v -8.1886 3.05905 -37.998 
v -8.56684 2.95608 -37.9792 
v -8.58684 3.05905 -37.998 
v -8.1886 3.05905 -37.998 
v -8.50538 2.83546 -37.9792 
v -8.56684 2.95608 -37.9792 
v -8.1886 3.05905 -37.998 
v -8.40986 2.73994 -37.9792 
v -8.50538 2.83546 -37.9792 
v -8.1886 3.05905 -37.998 
v -8.2895 2.67861 -37.9792 
v -8.40986 2.73994 -37.9792 
v -8.1886 3.05905 -37.998 
v -8.18943 2.66276 -37.9792 
v -8.2895 2.67861 -37.9792 
v -8.1886 3.05905 -37.998 
v -8.59894 2.9455 -37.9462 
v -8.56684 2.95608 -37.9792 
v -8.50538 2.83546 -37.9792 
v -8.53274 2.81558 -37.9462 
v -8.59894 2.9455 -37.9462 
v -8.63103 2.93492 -37.9133 
v -8.65364 3.05905 -37.9312 
v -8.53274 2.81558 -37.9462 
v -8.50538 2.83546 -37.9792 
v -8.40986 2.73994 -37.9792 
v -8.42974 2.71258 -37.9462 
v -8.42974 2.71258 -37.9462 
v -8.40986 2.73994 -37.9792 
v -8.2895 2.67861 -37.9792 
v -8.29995 2.64645 -37.9462 
v -8.62024 3.05905 -37.9646 
v -8.65364 3.05905 -37.9312 
v -8.65364 3.92033 -37.9312 
v -8.62024 3.92028 -37.9646 
v -8.29995 2.64645 -37.9462 
v -8.2895 2.67861 -37.9792 
v -8.18943 2.66276 -37.9792 
v -8.19004 2.62904 -37.9489 
v -8.56009 2.79571 -37.9133 
v -8.44961 2.68522 -37.9133 
v -8.29995 2.64645 -37.9462 
v -8.3104 2.61429 -37.9133 
v -8.63103 2.93492 -37.078 
v -8.44961 2.68522 -37.078 
v -8.44961 2.68522 -37.9133 
v -8.3104 2.61429 -37.9133 
v -8.3104 2.61429 -37.078 
v -8.44961 2.68522 -37.078 
v -8.19065 2.59532 -37.9187 
v -8.15607 2.62485 -37.904 
v -8.15607 2.62485 -37.0926 
v -8.19065 2.59532 -37.078 
v -8.15607 2.67126 -37.9519 
v -8.1886 3.05905 -37.998 
v -8.15607 3.0264 -37.9654 
v -7.72018 3.05908 -37.998 
v -7.72018 3.0264 -37.9624 
v -8.15607 3.0264 -37.9654 
v -7.72018 3.0264 -37.9624 
v -7.72018 3.05908 -37.998 
v -7.65339 3.05908 -37.9312 
v -7.68703 3.0264 -37.9172 
v -7.68703 3.0264 -37.9172 
v -7.65339 3.05908 -37.9312 
v -7.65339 3.05908 -37.0645 
v -7.68703 3.0264 -37.0785 
v -8.15607 2.67126 -37.0505 
v -8.15607 3.0264 -37.0302 
v -8.1886 3.05905 -36.9977 
v -7.68703 3.0264 -37.0785 
v -7.65339 3.05908 -37.0645 
v -7.72018 3.05908 -36.9977 
v -7.72018 3.0264 -37.0333 
v -7.72018 3.0264 -37.0333 
v -7.72018 3.05908 -36.9977 
v -8.1886 3.05905 -36.9977 
v -8.3104 2.61429 -37.9133 
v -8.19065 2.59532 -37.9187 
v -8.19065 2.59532 -37.078 
v -8.3104 2.61429 -37.078 
v -8.2895 2.67861 -37.9792 
v -7.72018 3.0264 -37.9624 
v -7.68703 3.0264 -37.9172 
v -7.68703 3.0264 -37.0785 
v -7.72018 3.0264 -37.0333 
v -7.72018 3.0264 -37.9624 
v -8.15607 3.0264 -37.0302 
v -8.15607 3.0264 -37.9654 
v -7.72018 3.0264 -37.0333 
v -8.15607 3.0264 -37.0302 
v -7.72018 3.0264 -37.9624 
v -7.72018 3.92024 -37.998 
v -7.75965 3.99085 -37.9522 
v -7.72018 3.92024 -36.9977 
v -7.65339 3.92033 -37.0645 
v -7.69897 3.99086 -37.1042 
v -7.65339 3.92033 -37.0645 
v -7.65339 3.92033 -37.9312 
v -7.69897 3.99086 -37.8915 
v -7.69897 3.99086 -37.1042 
v -8.15607 2.62485 -37.904 
v -8.15607 2.62485 -37.0926 
v -8.15607 2.62485 -37.904 
v -8.19065 2.59532 -37.9187 
v -8.19004 2.62904 -37.9489 
v -8.15607 2.67126 -37.9519 
v -8.1886 3.05905 -37.998 
v -8.15607 3.0264 -37.9654 
v -7.65339 3.05908 -37.9312 
v -8.15607 2.62485 -37.0926 
v -8.15607 2.67126 -37.0505 
v -8.18943 2.66276 -37.0174 
v -8.19004 2.62904 -37.0477 
v -8.18943 2.66276 -37.0174 
v -8.15607 2.67126 -37.0505 
v -8.15607 3.0264 -37.0302 
v -8.1886 3.05905 -36.9977 
v -7.68703 3.0264 -37.0785 
v -7.72018 3.05908 -36.9977 
v -7.72018 3.0264 -37.0333 
v -7.72018 3.92024 -37.998 
v -7.65339 3.05908 -37.9312 
v -7.72018 3.05908 -37.998 
v -7.72018 3.05908 -36.9977 
v -7.65339 3.92033 -37.0645 
v -7.72018 3.92024 -36.9977 
v -7.65339 3.05908 -37.9312 
v -7.65339 3.92033 -37.9312 
v -7.65339 3.92033 -37.0645 
v -7.65339 3.05908 -37.0645 
v -8.15607 2.62485 -37.904 
v -8.15607 2.67126 -37.9519 
v -8.15607 2.67126 -37.0505 
v -8.15607 2.62485 -37.0926 
v -8.15607 3.0264 -37.0302 
v -8.15607 2.67126 -37.0505 
v -8.15607 2.67126 -37.9519 
v -8.15607 3.0264 -37.0302 
v -8.15607 2.67126 -37.9519 
v -8.15607 3.0264 -37.9654 
v -8.19004 2.62904 -37.0477 
v -8.19065 2.59532 -37.078 
v -8.15607 2.62485 -37.0926 
v -8.19004 2.62904 -37.9489 
v -8.18943 2.66276 -37.9792 
v -8.15607 2.67126 -37.9519 
v -8.15607 2.62485 -37.904 

vn -0.629921 -0.259843 0.732283 
vn -0.629921 -0.267717 0.732283 
vn -0.685039 -0.11811 0.716535 
vn -0.629921 -0.275591 0.724409 
vn -0.629921 -0.267717 0.732283 
vn -0.543307 -0.393701 0.748031 
vn -0.543307 -0.393701 0.748031 
vn -0.543307 -0.393701 0.748031 
vn -0.543307 -0.393701 0.748031 
vn -0.393701 -0.543307 0.748031 
vn -0.393701 -0.543307 0.748031 
vn -0.393701 -0.543307 0.748031 
vn -0.393701 -0.543307 0.748031 
vn -0.204724 -0.637795 0.748031 
vn -0.204724 -0.637795 0.748031 
vn -0.708661 0 0.708661 
vn -0.708661 0 0.708661 
vn -0.685039 -0.11811 0.716535 
vn -0.685039 -0.125984 0.716535 
vn -0.811024 -0.590551 0 
vn -0.590551 -0.811024 0 
vn -0.307087 -0.952756 0 
vn -0.535433 0.653543 0.535433 
vn 0 0.543307 0.834646 
vn 0 0.543307 0.834646 
vn 0 0.543307 0.834646 
vn 0 0.543307 0.834646 
vn 0 0.543307 0.834646 
vn 0 0.543307 0.834646 
vn 0 0.543307 0.834646 
vn 0 0.543307 0.834646 
vn 0.535433 0.653543 0.535433 
vn 0.535433 0.653543 0.535433 
vn 0.645669 -0.76378 0 
vn 0.669291 -0.503937 0.551181 
vn 0.700787 -0.0393701 0.716535 
vn 0.700787 -0.0393701 0.716535 
vn 0.700787 -0.0393701 0.716535 
vn 0.559055 -0.661417 0.496063 
vn 0 -0.724409 0.692913 
vn 0 -0.724409 0.692913 
vn 0 -0.724409 0.692913 
vn -0.204724 -0.637795 0.748031 
vn -0.204724 -0.637795 0.748031 
vn -0.102362 -0.661417 0.740157 
vn -0.102362 -0.661417 0.740157 
vn 0.708661 0 0.708661 
vn 0.708661 0 0.708661 
vn 0.708661 0 0.708661 
vn 0 0 1 
vn 0 0 1 
vn 0 0 1 
vn -0.00787402 -0.023622 1 
vn 0 0 1 
vn 0 -0.0866142 1 
vn -0.00787402 -0.023622 1 
vn 0 0 1 
vn 0 -0.0866142 1 
vn -0.023622 -0.110236 0.992126 
vn -0.00787402 -0.023622 1 
vn -0.023622 -0.110236 0.992126 
vn -0.0393701 -0.0314961 1 
vn -0.00787402 -0.023622 1 
vn -0.0393701 -0.0314961 1 
vn -0.0314961 -0.0393701 1 
vn -0.00787402 -0.023622 1 
vn -0.0314961 -0.0393701 1 
vn -0.015748 -0.0472441 1 
vn -0.00787402 -0.023622 1 
vn -0.015748 -0.0472441 1 
vn -0.00787402 -0.0472441 1 
vn -0.00787402 -0.023622 1 
vn -0.629921 -0.267717 0.732283 
vn -0.629921 -0.275591 0.724409 
vn -0.685039 -0.125984 0.716535 
vn -0.629921 -0.267717 0.732283 
vn -0.629921 -0.259843 0.732283 
vn -0.543307 -0.393701 0.748031 
vn -0.543307 -0.393701 0.748031 
vn -0.543307 -0.393701 0.748031 
vn -0.543307 -0.393701 0.748031 
vn -0.393701 -0.543307 0.748031 
vn -0.393701 -0.543307 0.748031 
vn -0.393701 -0.543307 0.748031 
vn -0.393701 -0.543307 0.748031 
vn -0.204724 -0.637795 0.748031 
vn -0.204724 -0.637795 0.748031 
vn -0.708661 0 0.708661 
vn -0.708661 0 0.708661 
vn -0.692913 -0.102362 0.716535 
vn -0.204724 -0.637795 0.748031 
vn -0.204724 -0.637795 0.748031 
vn -0.102362 -0.661417 0.740157 
vn -0.102362 -0.661417 0.740157 
vn -0.708661 0 -0.708661 
vn 0 1 0 
vn 0 1 0 
vn 0 1 0 
vn 0 0.543307 -0.834646 
vn 0 0.543307 -0.834646 
vn 0 0.543307 -0.834646 
vn -0.535433 0.645669 -0.535433 
vn -0.535433 0.645669 -0.535433 
vn -0.535433 0.645669 -0.535433 
vn -0.535433 0.645669 -0.535433 
vn -0.84252 0.543307 0 
vn -0.535433 0.653543 0.535433 
vn -0.535433 0.653543 0.535433 
vn -0.535433 0.653543 0.535433 
vn -0.535433 0.653543 0.535433 
vn 0 0.543307 0.834646 
vn 0 0.543307 0.834646 
vn 0 0.543307 0.834646 
vn 0.535433 0.653543 0.535433 
vn 0.535433 0.653543 0.535433 
vn 0.535433 0.653543 0.535433 
vn 0.535433 0.653543 0.535433 
vn 0.84252 0.543307 0 
vn 0.535433 0.653543 -0.535433 
vn 0.535433 0.653543 -0.535433 
vn 0.535433 0.653543 -0.535433 
vn 0.535433 0.653543 -0.535433 
vn 0.559055 -0.661417 -0.496063 
vn 0.559055 -0.661417 -0.496063 
vn 0.559055 -0.661417 0.496063 
vn 0 1 0 
vn 0 1 0 
vn 0 1 0 
vn 0 1 0 
vn 0 1 0 
vn 0 1 0 
vn 0 1 0 
vn 0 1 0 
vn 0 1 0 
vn 0 1 0 
vn 0 1 0 
vn 0 1 0 
vn 0 1 0 
vn 0 1 0 
vn 0 1 0 
vn 0 1 0 
vn 0 1 0 
vn 0 1 0 
vn 0 1 0 
vn 0 1 0 
vn 0 1 0 
vn 0 1 0 
vn 0 1 0 
vn 0 1 0 
vn 0 1 0 
vn 0 1 0 
vn 0 1 0 
vn 0 1 0 
vn 0 1 0 
vn 0 1 0 
vn 0 1 0 
vn 0 1 0 
vn 0 1 0 
vn 0 1 0 
vn 0 1 0 
vn 0 1 0 
vn 0 1 0 
vn 0 1 0 
vn 0 1 0 
vn -0.535433 0.645669 0.535433 
vn -0.535433 0.645669 0.535433 
vn -0.535433 0.645669 0.535433 
vn -0.535433 0.645669 0.535433 
vn 0 1 0 
vn 0 1 0 
vn 0 1 0 
vn -0.535433 0.653543 -0.535433 
vn -0.535433 0.653543 -0.535433 
vn -0.535433 0.653543 -0.535433 
vn -0.535433 0.653543 -0.535433 
vn 0 1 0 
vn 0 1 0 
vn 0 1 0 
vn -0.653543 -0.275591 -0.708661 
vn -0.653543 -0.275591 -0.708661 
vn -0.566929 -0.409449 -0.716535 
vn -0.645669 -0.283465 -0.708661 
vn -0.692913 -0.11811 -0.708661 
vn -0.692913 -0.125984 -0.708661 
vn -0.409449 -0.566929 -0.716535 
vn -0.228346 -0.653543 -0.724409 
vn -0.629921 -0.259843 0.732283 
vn -0.685039 -0.11811 0.716535 
vn -0.692913 -0.102362 0.716535 
vn -0.543307 -0.393701 0.748031 
vn -0.708661 0 -0.708661 
vn -0.952756 -0.314961 0 
vn -0.811024 -0.590551 0 
vn -0.811024 -0.590551 0 
vn -0.952756 -0.314961 0 
vn -0.811024 -0.590551 0 
vn -0.590551 -0.811024 0 
vn -0.590551 -0.811024 0 
vn -0.811024 -0.590551 0 
vn -0.307087 -0.952756 0 
vn -1 0 0 
vn -1 -0.0866142 0 
vn -1 -0.0866142 0 
vn -1 0 0 
vn -1 -0.0866142 0 
vn -0.952756 -0.314961 0 
vn -0.952756 -0.314961 0 
vn -1 -0.0866142 0 
vn -0.84252 0.543307 0 
vn -0.84252 0.543307 0 
vn -0.84252 0.543307 0 
vn -0.84252 0.543307 0 
vn -0.535433 0.653543 0.535433 
vn -0.629921 -0.267717 0.732283 
vn -0.685039 -0.125984 0.716535 
vn -0.685039 -0.11811 0.716535 
vn -0.708661 0 0.708661 
vn -0.692913 -0.102362 0.716535 
vn -0.685039 -0.11811 0.716535 
vn -0.653543 -0.275591 -0.708661 
vn -0.692913 -0.11811 -0.708661 
vn -0.692913 -0.11811 -0.708661 
vn -0.653543 -0.275591 -0.708661 
vn -0.653543 -0.275591 -0.708661 
vn -0.566929 -0.409449 -0.716535 
vn -0.566929 -0.409449 -0.716535 
vn -0.645669 -0.283465 -0.708661 
vn -0.653543 -0.275591 -0.708661 
vn -0.692913 -0.11811 -0.708661 
vn -0.566929 -0.409449 -0.716535 
vn -0.566929 -0.409449 -0.716535 
vn -0.409449 -0.566929 -0.716535 
vn -0.409449 -0.566929 -0.716535 
vn -0.409449 -0.566929 -0.716535 
vn -0.409449 -0.566929 -0.716535 
vn -0.220472 -0.653543 -0.724409 
vn -0.228346 -0.653543 -0.724409 
vn -0.543307 -0.393701 0.748031 
vn -0.692913 -0.125984 -0.708661 
vn -0.692913 -0.11811 -0.708661 
vn -0.708661 0 -0.708661 
vn -0.708661 0 -0.708661 
vn 0 0.543307 -0.834646 
vn 0 0.543307 -0.834646 
vn 0 0.543307 -0.834646 
vn 0 0.543307 -0.834646 
vn 0 0.543307 -0.834646 
vn 0 0.543307 -0.834646 
vn 0 0.543307 -0.834646 
vn 0 0.543307 -0.834646 
vn 0.669291 -0.0314961 -0.748031 
vn 0.669291 -0.0314961 -0.748031 
vn 0.669291 -0.0314961 -0.748031 
vn 0.669291 -0.0314961 -0.748031 
vn 0 -0.724409 -0.692913 
vn 0 -0.724409 -0.692913 
vn 0 -0.724409 -0.692913 
vn 0.559055 -0.661417 -0.496063 
vn 0.700787 -0.0393701 0.716535 
vn 0.559055 -0.661417 0.496063 
vn -0.228346 -0.653543 -0.724409 
vn -0.220472 -0.653543 -0.724409 
vn -0.125984 -0.677165 -0.724409 
vn -0.133858 -0.677165 -0.724409 
vn 0.708661 0 -0.708661 
vn 0.708661 0 -0.708661 
vn 0.708661 0 -0.708661 
vn 0 0 -1 
vn 0 0 -1 
vn -0.00787402 -0.023622 -1 
vn 0 0 -1 
vn 0 -0.0866142 -1 
vn 0 0 -1 
vn 0 0 -1 
vn -0.00787402 -0.023622 -1 
vn -0.023622 -0.102362 -0.992126 
vn 0 -0.0866142 -1 
vn -0.00787402 -0.023622 -1 
vn -0.0393701 -0.0314961 -1 
vn -0.023622 -0.102362 -0.992126 
vn -0.00787402 -0.023622 -1 
vn -0.0314961 -0.0393701 -1 
vn -0.0393701 -0.0314961 -1 
vn -0.00787402 -0.023622 -1 
vn -0.015748 -0.0472441 -1 
vn -0.0314961 -0.0393701 -1 
vn -0.00787402 -0.023622 -1 
vn -0.00787402 -0.0472441 -1 
vn -0.015748 -0.0472441 -1 
vn -0.00787402 -0.023622 -1 
vn -0.653543 -0.275591 -0.708661 
vn -0.645669 -0.283465 -0.708661 
vn -0.566929 -0.409449 -0.716535 
vn -0.566929 -0.409449 -0.716535 
vn -0.653543 -0.275591 -0.708661 
vn -0.653543 -0.275591 -0.708661 
vn -0.692913 -0.11811 -0.708661 
vn -0.566929 -0.409449 -0.716535 
vn -0.566929 -0.409449 -0.716535 
vn -0.409449 -0.566929 -0.716535 
vn -0.409449 -0.566929 -0.716535 
vn -0.409449 -0.566929 -0.716535 
vn -0.409449 -0.566929 -0.716535 
vn -0.220472 -0.653543 -0.724409 
vn -0.220472 -0.653543 -0.724409 
vn -0.692913 -0.11811 -0.708661 
vn -0.692913 -0.11811 -0.708661 
vn -0.708661 0 -0.708661 
vn -0.708661 0 -0.708661 
vn -0.220472 -0.653543 -0.724409 
vn -0.220472 -0.653543 -0.724409 
vn -0.11811 -0.677165 -0.724409 
vn -0.125984 -0.677165 -0.724409 
vn -0.566929 -0.409449 -0.716535 
vn -0.409449 -0.566929 -0.716535 
vn -0.220472 -0.653543 -0.724409 
vn -0.228346 -0.653543 -0.724409 
vn -0.629921 -0.259843 0.732283 
vn -0.590551 -0.811024 0 
vn -0.590551 -0.811024 0 
vn -0.307087 -0.952756 0 
vn -0.307087 -0.952756 0 
vn -0.590551 -0.811024 0 
vn 0.645669 -0.76378 0 
vn 0.645669 -0.76378 0 
vn 0.645669 -0.76378 0 
vn 0.645669 -0.76378 0 
vn 0.669291 -0.0314961 -0.748031 
vn 0.669291 -0.0314961 -0.748031 
vn 0.669291 -0.0314961 -0.748031 
vn 0 -0.724409 -0.692913 
vn 0 -0.724409 -0.692913 
vn 0 -0.724409 -0.692913 
vn 0.559055 -0.661417 -0.496063 
vn 0.559055 -0.661417 -0.496063 
vn 0.559055 -0.661417 -0.496063 
vn 0.559055 -0.661417 -0.496063 
vn 0.692913 -0.716535 0 
vn 0.692913 -0.716535 0 
vn 0.692913 -0.716535 0 
vn 0.692913 -0.716535 0 
vn 0.669291 -0.503937 0.551181 
vn 0.700787 -0.0393701 0.716535 
vn 0.700787 -0.0393701 0.716535 
vn 0.559055 -0.661417 0.496063 
vn 0.559055 -0.661417 0.496063 
vn 0.559055 -0.661417 0.496063 
vn 0.559055 -0.661417 0.496063 
vn 0 -0.724409 0.692913 
vn 0 -0.724409 0.692913 
vn 0 -0.724409 0.692913 
vn -0.307087 -0.952756 0 
vn -0.15748 -0.984252 0 
vn -0.15748 -0.984252 0 
vn -0.307087 -0.952756 0 
vn -0.015748 -0.0472441 -1 
vn 0 -1 0 
vn 0 -1 0 
vn 0 -1 0 
vn 0 -1 0 
vn 0 -1 0 
vn 0 -1 0 
vn 0 -1 0 
vn 0 -1 0 
vn 0 -1 0 
vn 0 -1 0 
vn 0 0.543307 -0.834646 
vn 0 0.543307 -0.834646 
vn 0 0.543307 0.834646 
vn 0.535433 0.653543 0.535433 
vn 0.535433 0.653543 0.535433 
vn 0.84252 0.543307 0 
vn 0.84252 0.543307 0 
vn 0.84252 0.543307 0 
vn 0.84252 0.543307 0 
vn 0.645669 -0.76378 0 
vn 0.645669 -0.76378 0 
vn 0.661417 -0.503937 -0.551181 
vn 0.661417 -0.503937 -0.551181 
vn 0.661417 -0.503937 -0.551181 
vn 0.669291 -0.0314961 -0.748031 
vn 0.669291 -0.0314961 -0.748031 
vn 0.669291 -0.0314961 -0.748031 
vn 0.559055 -0.661417 -0.496063 
vn 0.669291 -0.503937 0.551181 
vn 0.669291 -0.503937 0.551181 
vn 0.669291 -0.503937 0.551181 
vn 0.669291 -0.503937 0.551181 
vn 0.700787 -0.0393701 0.716535 
vn 0.700787 -0.0393701 0.716535 
vn 0.700787 -0.0393701 0.716535 
vn 0.700787 -0.0393701 0.716535 
vn 0.559055 -0.661417 0.496063 
vn 0.559055 -0.661417 0.496063 
vn 0.559055 -0.661417 0.496063 
vn 0.708661 0 -0.708661 
vn 0.708661 0 -0.708661 
vn 0.708661 0 -0.708661 
vn 0.708661 0 0.708661 
vn 0.708661 0 0.708661 
vn 0.708661 0 0.708661 
vn 1 0 0 
vn 1 0 0 
vn 1 0 0 
vn 1 0 0 
vn 1 0 0 
vn 1 0 0 
vn 1 0 0 
vn 1 0 0 
vn 1 0 0 
vn 1 0 0 
vn 1 0 0 
vn 1 0 0 
vn 1 0 0 
vn 1 0 0 
vn 0.661417 -0.503937 0.551181 
vn 0.661417 -0.503937 0.551181 
vn 0.661417 -0.503937 0.551181 
vn 0.629921 -0.543307 -0.551181 
vn 0.629921 -0.543307 -0.551181 
vn 0.629921 -0.543307 -0.551181 
vn 0.629921 -0.543307 -0.551181 

vt -1.07395 1.71704 
vt -1.06994 1.71836 
vt -1.0726 1.73256 
vt -1.06593 1.71969 
vt -1.06994 1.71836 
vt -1.06166 1.70212 
vt -1.05824 1.70461 
vt -1.05824 1.70461 
vt -1.06166 1.70212 
vt -1.04879 1.68925 
vt -1.0463 1.69267 
vt -1.0463 1.69267 
vt -1.04879 1.68925 
vt -1.03256 1.68098 
vt -1.03126 1.685 
vt -1.06843 1.84021 
vt -1.0726 1.84021 
vt -1.0726 1.73256 
vt -1.06843 1.73256 
vt -1.06508 1.69964 
vt -1.05127 1.68583 
vt -1.03387 1.67696 
vt -1.06728 1.84903 
vt -1.06843 1.84021 
vt -1.01458 1.84024 
vt -1.01458 1.84903 
vt -1.06349 1.84903 
vt -1.01458 1.84024 
vt -0.960093 1.84021 
vt -0.965026 1.84903 
vt -1.01458 1.84903 
vt -0.951744 1.84022 
vt -0.957442 1.84903 
vt -1.01458 1.67828 
vt -1.01458 1.68408 
vt -1.01875 1.68302 
vt -1.01458 1.72848 
vt -1.01865 1.73256 
vt -0.960093 1.72848 
vt -0.960093 1.72848 
vt -1.01865 1.73256 
vt -1.01458 1.72848 
vt -1.03126 1.685 
vt -1.03256 1.68098 
vt -1.01882 1.67881 
vt -1.01875 1.68302 
vt -0.960093 1.73256 
vt -0.951744 1.73256 
vt -0.951744 1.84022 
vt -0.960093 1.73256 
vt -0.960093 1.84021 
vt -1.01458 1.84024 
vt -1.01865 1.73256 
vt -1.06843 1.84021 
vt -1.06843 1.73256 
vt -1.01865 1.73256 
vt -1.01458 1.84024 
vt -1.06843 1.73256 
vt -1.06593 1.71969 
vt -1.01865 1.73256 
vt -1.06593 1.71969 
vt -1.05824 1.70461 
vt -1.01865 1.73256 
vt -1.05824 1.70461 
vt -1.0463 1.69267 
vt -1.01865 1.73256 
vt -1.0463 1.69267 
vt -1.03126 1.685 
vt -1.01865 1.73256 
vt -1.03126 1.685 
vt -1.01875 1.68302 
vt -1.01865 1.73256 
vt -1.06994 1.71836 
vt -1.06593 1.71969 
vt -1.06843 1.73256 
vt -1.06994 1.71836 
vt -1.07395 1.71704 
vt -1.06508 1.69964 
vt -1.06166 1.70212 
vt -1.06166 1.70212 
vt -1.06508 1.69964 
vt -1.05127 1.68583 
vt -1.04879 1.68925 
vt -1.04879 1.68925 
vt -1.05127 1.68583 
vt -1.03387 1.67696 
vt -1.03256 1.68098 
vt -1.0726 1.84021 
vt -1.07677 1.84022 
vt -1.07677 1.73256 
vt -1.03256 1.68098 
vt -1.03387 1.67696 
vt -1.0189 1.67459 
vt -1.01882 1.67881 
vt -0.955917 1.82015 
vt -0.957469 1.81105 
vt -0.961262 1.81484 
vt -0.965054 1.81132 
vt -0.951742 1.70765 
vt -0.951742 1.76213 
vt -0.957469 1.71258 
vt -0.951742 1.81598 
vt -0.955917 1.82015 
vt -0.961262 1.81484 
vt -0.957469 1.81105 
vt -0.965054 1.81863 
vt -1.06843 1.82433 
vt -1.0726 1.82015 
vt -1.06726 1.81484 
vt -1.06346 1.81863 
vt -1.07678 1.76213 
vt -1.07678 1.70765 
vt -1.07105 1.71258 
vt -1.07678 1.70765 
vt -1.06843 1.6993 
vt -1.06346 1.70499 
vt -1.07105 1.71258 
vt -0.965054 1.70499 
vt -0.960092 1.6993 
vt -0.951742 1.70765 
vt -0.957469 1.71258 
vt -0.965054 1.70499 
vt -0.960092 1.6993 
vt -0.961844 1.7035 
vt -1.07233 1.70765 
vt -1.06346 1.81863 
vt -1.0635 1.81106 
vt -0.965054 1.81132 
vt -0.965054 1.81863 
vt -0.965054 1.70499 
vt -0.965054 1.71233 
vt -1.0635 1.71256 
vt -1.06346 1.70499 
vt -0.957469 1.71258 
vt -0.965054 1.71233 
vt -0.965054 1.70499 
vt -0.957469 1.71258 
vt -0.957469 1.76213 
vt -0.965054 1.71233 
vt -1.0635 1.81106 
vt -1.0635 1.71256 
vt -0.965054 1.71233 
vt -0.965054 1.81132 
vt -1.0635 1.81106 
vt -1.06346 1.81863 
vt -1.06726 1.81484 
vt -1.07105 1.71258 
vt -1.0635 1.71256 
vt -1.07105 1.76213 
vt -1.06346 1.70499 
vt -1.0635 1.71256 
vt -1.07105 1.71258 
vt -0.965054 1.81132 
vt -0.957469 1.76213 
vt -0.957469 1.81105 
vt -0.965054 1.71233 
vt -0.957469 1.76213 
vt -0.965054 1.81132 
vt -1.07105 1.76213 
vt -1.0635 1.81106 
vt -1.07105 1.81105 
vt -1.07105 1.76213 
vt -1.0635 1.71256 
vt -1.0635 1.81106 
vt -1.0726 1.82015 
vt -1.07678 1.81598 
vt -1.07105 1.81105 
vt -1.06726 1.81484 
vt -1.06726 1.81484 
vt -1.07105 1.81105 
vt -1.0635 1.81106 
vt -0.955917 1.82015 
vt -0.960092 1.82433 
vt -0.965054 1.81863 
vt -0.961262 1.81484 
vt -0.961262 1.81484 
vt -0.965054 1.81863 
vt -0.965054 1.81132 
vt -1.06619 1.71704 
vt -1.07031 1.71836 
vt -1.06619 1.69964 
vt -1.07443 1.71969 
vt -1.0726 1.73256 
vt -1.07678 1.73256 
vt -1.06619 1.68583 
vt -1.06619 1.67696 
vt -0.961776 1.71704 
vt -0.955917 1.73256 
vt -0.960092 1.73256 
vt -0.954203 1.70461 
vt -1.0726 1.84021 
vt -1.06619 1.71704 
vt -1.06619 1.69964 
vt -0.961776 1.69964 
vt -0.961776 1.71704 
vt -1.06619 1.69964 
vt -1.06619 1.68583 
vt -0.961776 1.68583 
vt -0.961776 1.69964 
vt -0.961776 1.67696 
vt -1.06843 1.84022 
vt -1.06843 1.73256 
vt -0.960092 1.73256 
vt -0.960092 1.84022 
vt -1.06843 1.73256 
vt -1.06619 1.71704 
vt -0.961776 1.71704 
vt -0.960092 1.73256 
vt -1.06843 1.84022 
vt -0.960092 1.84022 
vt -0.965054 1.84903 
vt -1.06346 1.84903 
vt -0.961262 1.84903 
vt -0.95799 1.71836 
vt -0.951742 1.73256 
vt -0.955917 1.73256 
vt -0.955917 1.84021 
vt -0.960092 1.73256 
vt -0.955917 1.73256 
vt -1.07031 1.71836 
vt -1.06843 1.73256 
vt -1.0726 1.73256 
vt -0.95457 1.71704 
vt -0.958582 1.71836 
vt -0.966856 1.70212 
vt -0.963436 1.69964 
vt -0.962593 1.71969 
vt -0.958582 1.71836 
vt -0.955918 1.73256 
vt -0.963436 1.69964 
vt -0.966856 1.70212 
vt -0.979731 1.68925 
vt -0.977247 1.68583 
vt -0.977247 1.68583 
vt -0.979731 1.68925 
vt -0.995955 1.68098 
vt -0.994649 1.67696 
vt -0.970276 1.70461 
vt -0.960093 1.73256 
vt -0.955918 1.73256 
vt -0.955918 1.84021 
vt -0.960093 1.84021 
vt -1.06843 1.84021 
vt -1.01394 1.84024 
vt -1.01394 1.84903 
vt -1.06349 1.84903 
vt -1.01394 1.84024 
vt -0.960093 1.84021 
vt -0.965026 1.84903 
vt -1.01394 1.84903 
vt -1.01394 1.68408 
vt -1.00977 1.68302 
vt -1.00987 1.73256 
vt -1.01394 1.72848 
vt -1.06843 1.73256 
vt -1.01394 1.72848 
vt -1.00987 1.73256 
vt -1.07677 1.73256 
vt -1.01394 1.72848 
vt -1.06843 1.72848 
vt -0.994649 1.67696 
vt -0.995955 1.68098 
vt -1.00969 1.67881 
vt -1.00962 1.67459 
vt -1.06843 1.84021 
vt -1.07677 1.84022 
vt -1.07677 1.73256 
vt -1.06843 1.84021 
vt -1.06843 1.73256 
vt -1.00987 1.73256 
vt -1.01394 1.84024 
vt -0.960093 1.73256 
vt -0.960093 1.84021 
vt -1.01394 1.84024 
vt -1.00987 1.73256 
vt -0.962593 1.71969 
vt -0.960093 1.73256 
vt -1.00987 1.73256 
vt -0.970276 1.70461 
vt -0.962593 1.71969 
vt -1.00987 1.73256 
vt -0.982216 1.69267 
vt -0.970276 1.70461 
vt -1.00987 1.73256 
vt -0.997261 1.685 
vt -0.982216 1.69267 
vt -1.00987 1.73256 
vt -1.00977 1.68302 
vt -0.997261 1.685 
vt -1.00987 1.73256 
vt -0.958582 1.71836 
vt -0.962593 1.71969 
vt -0.970276 1.70461 
vt -0.966856 1.70212 
vt -0.958582 1.71836 
vt -0.95457 1.71704 
vt -0.951744 1.73256 
vt -0.966856 1.70212 
vt -0.970276 1.70461 
vt -0.982216 1.69267 
vt -0.979731 1.68925 
vt -0.979731 1.68925 
vt -0.982216 1.69267 
vt -0.997261 1.685 
vt -0.995955 1.68098 
vt -0.955918 1.73256 
vt -0.951744 1.73256 
vt -0.951744 1.84022 
vt -0.955918 1.84021 
vt -0.995955 1.68098 
vt -0.997261 1.685 
vt -1.00977 1.68302 
vt -1.00969 1.67881 
vt -1.06619 1.81264 
vt -1.06619 1.79883 
vt -1.07031 1.78012 
vt -1.06619 1.78142 
vt -0.961776 1.8215 
vt -0.961776 1.79883 
vt -1.06619 1.79883 
vt -1.06619 1.78142 
vt -0.961776 1.78142 
vt -0.961776 1.79883 
vt -1.06686 1.76645 
vt -1.06503 1.76213 
vt -0.963605 1.76213 
vt -0.961776 1.76645 
vt -1.07102 1.76213 
vt -1.07678 1.7662 
vt -1.07271 1.76213 
vt -1.07678 1.70765 
vt -1.07233 1.70765 
vt -1.07271 1.76213 
vt -1.07233 1.70765 
vt -1.07678 1.70765 
vt -1.06843 1.6993 
vt -1.06667 1.7035 
vt -1.06667 1.7035 
vt -1.06843 1.6993 
vt -0.960092 1.6993 
vt -0.961844 1.7035 
vt -0.958346 1.76213 
vt -0.955808 1.76213 
vt -0.951742 1.7662 
vt -0.961844 1.7035 
vt -0.960092 1.6993 
vt -0.951742 1.70765 
vt -0.956191 1.70765 
vt -0.956191 1.70765 
vt -0.951742 1.70765 
vt -0.951742 1.7662 
vt -1.06619 1.78142 
vt -1.06686 1.76645 
vt -0.961776 1.76645 
vt -0.961776 1.78142 
vt -1.07443 1.77881 
vt -1.07233 1.70765 
vt -1.06667 1.7035 
vt -0.961844 1.7035 
vt -0.956191 1.70765 
vt -1.07233 1.70765 
vt -0.955808 1.76213 
vt -1.07271 1.76213 
vt -0.956191 1.70765 
vt -0.955808 1.76213 
vt -1.07233 1.70765 
vt -0.951742 1.84021 
vt -0.957469 1.84903 
vt -1.07678 1.84021 
vt -1.06843 1.84022 
vt -1.06346 1.84903 
vt -1.06843 1.84022 
vt -0.960092 1.84022 
vt -0.965054 1.84903 
vt -1.06346 1.84903 
vt -0.963486 1.67828 
vt -1.06491 1.67828 
vt -0.963486 1.67828 
vt -0.961658 1.67459 
vt -0.957871 1.67881 
vt -0.957503 1.68408 
vt -0.951742 1.73256 
vt -0.955808 1.72848 
vt -0.960092 1.73256 
vt -1.06491 1.67828 
vt -1.07017 1.68408 
vt -1.07432 1.68302 
vt -1.07053 1.67881 
vt -1.07432 1.68302 
vt -1.07017 1.68408 
vt -1.07271 1.72848 
vt -1.07678 1.73256 
vt -1.06667 1.72848 
vt -1.07678 1.73256 
vt -1.07233 1.72848 
vt -0.951742 1.84021 
vt -0.960092 1.73256 
vt -0.951742 1.73256 
vt -1.07678 1.73256 
vt -1.06843 1.84022 
vt -1.07678 1.84021 
vt -0.960092 1.73256 
vt -0.960092 1.84022 
vt -1.06843 1.84022 
vt -1.06843 1.73256 
vt -0.963486 1.67828 
vt -0.957503 1.68408 
vt -1.07017 1.68408 
vt -1.06491 1.67828 
vt -1.07271 1.72848 
vt -1.07017 1.68408 
vt -0.957503 1.68408 
vt -1.07271 1.72848 
vt -0.957503 1.68408 
vt -0.955808 1.72848 
vt -1.07053 1.67881 
vt -1.06674 1.67459 
vt -1.06491 1.67828 
vt -0.957871 1.67881 
vt -0.954085 1.68302 
vt -0.957503 1.68408 
vt -0.963486 1.67828 

usemtl 1Mtl

f 7497/7497/7497 7498/7498/7498 7499/7499/7499 
f 7500/7500/7500 7501/7501/7501 7502/7502/7502 
f 7500/7500/7500 7502/7502/7502 7503/7503/7503 
f 7504/7504/7504 7505/7505/7505 7506/7506/7506 
f 7504/7504/7504 7506/7506/7506 7507/7507/7507 
f 7508/7508/7508 7509/7509/7509 7510/7510/7510 
f 7508/7508/7508 7510/7510/7510 7511/7511/7511 
f 7512/7512/7512 7513/7513/7513 7514/7514/7514 
f 7512/7512/7512 7514/7514/7514 7515/7515/7515 
f 7520/7520/7520 7521/7521/7521 7522/7522/7522 
f 7520/7520/7520 7522/7522/7522 7523/7523/7523 
f 7524/7524/7524 7525/7525/7525 7526/7526/7526 
f 7524/7524/7524 7526/7526/7526 7527/7527/7527 
f 7532/7532/7532 7533/7533/7533 7534/7534/7534 
f 7536/7536/7536 7537/7537/7537 7538/7538/7538 
f 7539/7539/7539 7540/7540/7540 7541/7541/7541 
f 7539/7539/7539 7541/7541/7541 7542/7542/7542 
f 7543/7543/7543 7544/7544/7544 7545/7545/7545 
f 7546/7546/7546 7547/7547/7547 7548/7548/7548 
f 7546/7546/7546 7548/7548/7548 7549/7549/7549 
f 7550/7550/7550 7551/7551/7551 7552/7552/7552 
f 7550/7550/7550 7552/7552/7552 7553/7553/7553 
f 7554/7554/7554 7555/7555/7555 7556/7556/7556 
f 7557/7557/7557 7558/7558/7558 7559/7559/7559 
f 7560/7560/7560 7561/7561/7561 7562/7562/7562 
f 7563/7563/7563 7564/7564/7564 7565/7565/7565 
f 7566/7566/7566 7567/7567/7567 7568/7568/7568 
f 7569/7569/7569 7570/7570/7570 7571/7571/7571 
f 7572/7572/7572 7573/7573/7573 7574/7574/7574 
f 7572/7572/7572 7574/7574/7574 7575/7575/7575 
f 7576/7576/7576 7577/7577/7577 7578/7578/7578 
f 7576/7576/7576 7578/7578/7578 7579/7579/7579 
f 7580/7580/7580 7581/7581/7581 7582/7582/7582 
f 7580/7580/7580 7582/7582/7582 7583/7583/7583 
f 7584/7584/7584 7585/7585/7585 7586/7586/7586 
f 7587/7587/7587 7588/7588/7588 7589/7589/7589 
f 7587/7587/7587 7589/7589/7589 7590/7590/7590 
f 7592/7592/7592 7593/7593/7593 7594/7594/7594 
f 7598/7598/7598 7599/7599/7599 7600/7600/7600 
f 7598/7598/7598 7600/7600/7600 7601/7601/7601 
f 7603/7603/7603 7604/7604/7604 7605/7605/7605 
f 7603/7603/7603 7605/7605/7605 7606/7606/7606 
f 7610/7610/7610 7611/7611/7611 7612/7612/7612 
f 7610/7610/7610 7612/7612/7612 7613/7613/7613 
f 7615/7615/7615 7616/7616/7616 7617/7617/7617 
f 7615/7615/7615 7617/7617/7617 7618/7618/7618 
f 7622/7622/7622 7623/7623/7623 7624/7624/7624 
f 7622/7622/7622 7624/7624/7624 7625/7625/7625 
f 7626/7626/7626 7627/7627/7627 7628/7628/7628 
f 7626/7626/7626 7628/7628/7628 7629/7629/7629 
f 7630/7630/7630 7631/7631/7631 7632/7632/7632 
f 7633/7633/7633 7634/7634/7634 7635/7635/7635 
f 7636/7636/7636 7637/7637/7637 7638/7638/7638 
f 7636/7636/7636 7638/7638/7638 7639/7639/7639 
f 7640/7640/7640 7641/7641/7641 7642/7642/7642 
f 7643/7643/7643 7644/7644/7644 7645/7645/7645 
f 7646/7646/7646 7647/7647/7647 7648/7648/7648 
f 7649/7649/7649 7650/7650/7650 7651/7651/7651 
f 7652/7652/7652 7653/7653/7653 7654/7654/7654 
f 7655/7655/7655 7656/7656/7656 7657/7657/7657 
f 7658/7658/7658 7659/7659/7659 7660/7660/7660 
f 7661/7661/7661 7662/7662/7662 7663/7663/7663 
f 7661/7661/7661 7663/7663/7663 7664/7664/7664 
f 7665/7665/7665 7666/7666/7666 7667/7667/7667 
f 7668/7668/7668 7669/7669/7669 7670/7670/7670 
f 7668/7668/7668 7670/7670/7670 7671/7671/7671 
f 7672/7672/7672 7673/7673/7673 7674/7674/7674 
f 7678/7678/7678 7679/7679/7679 7680/7680/7680 
f 7683/7683/7683 7684/7684/7684 7685/7685/7685 
f 7688/7688/7688 7689/7689/7689 7690/7690/7690 
f 7688/7688/7688 7690/7690/7690 7691/7691/7691 
f 7692/7692/7692 7693/7693/7693 7694/7694/7694 
f 7692/7692/7692 7694/7694/7694 7695/7695/7695 
f 7697/7697/7697 7698/7698/7698 7699/7699/7699 
f 7697/7697/7697 7699/7699/7699 7700/7700/7700 
f 7701/7701/7701 7702/7702/7702 7703/7703/7703 
f 7701/7701/7701 7703/7703/7703 7704/7704/7704 
f 7705/7705/7705 7706/7706/7706 7707/7707/7707 
f 7705/7705/7705 7707/7707/7707 7708/7708/7708 
f 7710/7710/7710 7711/7711/7711 7712/7712/7712 
f 7713/7713/7713 7714/7714/7714 7715/7715/7715 
f 7716/7716/7716 7717/7717/7717 7718/7718/7718 
f 7719/7719/7719 7720/7720/7720 7721/7721/7721 
f 7719/7719/7719 7721/7721/7721 7722/7722/7722 
f 7723/7723/7723 7724/7724/7724 7725/7725/7725 
f 7726/7726/7726 7727/7727/7727 7728/7728/7728 
f 7726/7726/7726 7728/7728/7728 7729/7729/7729 
f 7730/7730/7730 7731/7731/7731 7732/7732/7732 
f 7730/7730/7730 7732/7732/7732 7733/7733/7733 
f 7735/7735/7735 7736/7736/7736 7737/7737/7737 
f 7735/7735/7735 7737/7737/7737 7738/7738/7738 
f 7739/7739/7739 7740/7740/7740 7741/7741/7741 
f 7739/7739/7739 7741/7741/7741 7742/7742/7742 
f 7743/7743/7743 7744/7744/7744 7745/7745/7745 
f 7743/7743/7743 7745/7745/7745 7746/7746/7746 
f 7747/7747/7747 7748/7748/7748 7749/7749/7749 
f 7747/7747/7747 7749/7749/7749 7750/7750/7750 
f 7751/7751/7751 7752/7752/7752 7753/7753/7753 
f 7757/7757/7757 7758/7758/7758 7759/7759/7759 
f 7757/7757/7757 7759/7759/7759 7760/7760/7760 
f 7761/7761/7761 7762/7762/7762 7763/7763/7763 
f 7764/7764/7764 7765/7765/7765 7766/7766/7766 
f 7764/7764/7764 7766/7766/7766 7767/7767/7767 
f 7768/7768/7768 7769/7769/7769 7770/7770/7770 
f 7768/7768/7768 7770/7770/7770 7771/7771/7771 
f 7772/7772/7772 7773/7773/7773 7774/7774/7774 
f 7775/7775/7775 7776/7776/7776 7777/7777/7777 
f 7778/7778/7778 7779/7779/7779 7780/7780/7780 
f 7781/7781/7781 7782/7782/7782 7783/7783/7783 
f 7784/7784/7784 7785/7785/7785 7786/7786/7786 
f 7787/7787/7787 7788/7788/7788 7789/7789/7789 
f 7787/7787/7787 7789/7789/7789 7790/7790/7790 
f 7791/7791/7791 7792/7792/7792 7793/7793/7793 
f 7794/7794/7794 7795/7795/7795 7796/7796/7796 
f 7794/7794/7794 7796/7796/7796 7797/7797/7797 
f 7798/7798/7798 7799/7799/7799 7800/7800/7800 
f 7798/7798/7798 7800/7800/7800 7801/7801/7801 
f 7802/7802/7802 7803/7803/7803 7804/7804/7804 
f 7802/7802/7802 7804/7804/7804 7805/7805/7805 
f 7806/7806/7806 7807/7807/7807 7808/7808/7808 
f 7806/7806/7806 7808/7808/7808 7809/7809/7809 
f 7816/7816/7816 7817/7817/7817 7818/7818/7818 
f 7816/7816/7816 7818/7818/7818 7819/7819/7819 
f 7820/7820/7820 7821/7821/7821 7822/7822/7822 
f 7820/7820/7820 7822/7822/7822 7823/7823/7823 
f 7827/7827/7827 7828/7828/7828 7829/7829/7829 
f 7830/7830/7830 7831/7831/7831 7832/7832/7832 
f 7830/7830/7830 7832/7832/7832 7833/7833/7833 
f 7834/7834/7834 7835/7835/7835 7836/7836/7836 
f 7834/7834/7834 7836/7836/7836 7837/7837/7837 
f 7841/7841/7841 7842/7842/7842 7843/7843/7843 
f 7845/7845/7845 7846/7846/7846 7847/7847/7847 
f 7848/7848/7848 7849/7849/7849 7850/7850/7850 
f 7848/7848/7848 7850/7850/7850 7851/7851/7851 
f 7853/7853/7853 7854/7854/7854 7855/7855/7855 
f 7853/7853/7853 7855/7855/7855 7856/7856/7856 
f 7857/7857/7857 7858/7858/7858 7859/7859/7859 
f 7860/7860/7860 7861/7861/7861 7862/7862/7862 
f 7868/7868/7868 7869/7869/7869 7870/7870/7870 
f 7868/7868/7868 7870/7870/7870 7871/7871/7871 
f 7874/7874/7874 7875/7875/7875 7876/7876/7876 
f 7881/7881/7881 7882/7882/7882 7883/7883/7883 
f 7881/7881/7881 7883/7883/7883 7884/7884/7884 
f 7885/7885/7885 7886/7886/7886 7887/7887/7887 
f 7889/7889/7889 7890/7890/7890 7891/7891/7891 
f 7892/7892/7892 7893/7893/7893 7894/7894/7894 
f 7895/7895/7895 7896/7896/7896 7897/7897/7897 
f 7898/7898/7898 7899/7899/7899 7900/7900/7900 
f 7898/7898/7898 7900/7900/7900 7901/7901/7901 
f 7902/7902/7902 7903/7903/7903 7904/7904/7904 
f 7902/7902/7902 7904/7904/7904 7905/7905/7905 
f 7906/7906/7906 7907/7907/7907 7908/7908/7908 
f 7909/7909/7909 7910/7910/7910 7911/7911/7911 
f 7912/7912/7912 7913/7913/7913 7914/7914/7914 
f 7915/7915/7915 7916/7916/7916 7917/7917/7917 
f 7915/7915/7915 7917/7917/7917 7918/7918/7918 

g 13

v -8.31597 1.63067 -36.0774 
v -8.4552 1.55975 -36.0774 
v -8.43532 1.53239 -36.0448 
v -8.30553 1.59851 -36.0448 
v -8.29508 1.56635 -36.0122 
v -8.15653 1.58747 -36.0122 
v -8.15653 1.62129 -36.0448 
v -8.30553 1.59851 -36.0448 
v -8.4552 1.55975 -36.0774 
v -8.56569 1.44928 -36.0774 
v -8.53833 1.4294 -36.0448 
v -8.43532 1.53239 -36.0448 
v -8.56569 1.44928 -36.0774 
v -8.63663 1.31007 -36.0774 
v -8.60454 1.29949 -36.0448 
v -8.53833 1.4294 -36.0448 
v -8.63663 1.31007 -36.0774 
v -8.65925 1.17471 -36.0676 
v -8.62586 1.17194 -36.0342 
v -8.60454 1.29949 -36.0448 
v -7.6816 1.30999 -36.0774 
v -7.75252 1.44921 -36.0774 
v -7.77988 1.42933 -36.0448 
v -7.7137 1.29941 -36.0448 
v -7.74579 1.28884 -36.0122 
v -7.7258 1.16909 -36.0008 
v -7.6924 1.17186 -36.0342 
v -7.7137 1.29941 -36.0448 
v -7.75252 1.44921 -36.0774 
v -7.863 1.5597 -36.0774 
v -7.88288 1.53235 -36.0448 
v -7.77988 1.42933 -36.0448 
v -7.863 1.5597 -36.0774 
v -8.00221 1.63065 -36.0774 
v -8.01266 1.59849 -36.0448 
v -7.88288 1.53235 -36.0448 
v -8.00221 1.63065 -36.0774 
v -8.15653 1.6551 -36.0774 
v -8.15653 1.62129 -36.0448 
v -8.01266 1.59849 -36.0448 
v -8.59253 0.243704 -36.0008 
v -8.62586 1.17194 -36.0342 
v -8.62593 0.240937 -36.0342 
v -7.7258 1.16909 -36.0008 
v -7.69248 0.240859 -36.0342 
v -7.6924 1.17186 -36.0342 
v -8.59253 0.243704 -36.0008 
v -8.15665 0.238127 -36.0008 
v -8.15657 1.17467 -36.0008 
v -8.59246 1.16917 -36.0008 
v -7.7258 1.16909 -36.0008 
v -8.15657 1.17467 -36.0008 
v -8.15665 0.238127 -36.0008 
v -7.72588 0.243632 -36.0008 
v -8.41545 1.50503 -36.0122 
v -8.15657 1.17467 -36.0008 
v -8.29508 1.56635 -36.0122 
v -8.51098 1.40952 -36.0122 
v -8.15657 1.17467 -36.0008 
v -8.41545 1.50503 -36.0122 
v -8.57245 1.2889 -36.0122 
v -8.15657 1.17467 -36.0008 
v -8.51098 1.40952 -36.0122 
v -8.59246 1.16917 -36.0008 
v -8.15657 1.17467 -36.0008 
v -8.57245 1.2889 -36.0122 
v -7.74579 1.28884 -36.0122 
v -8.15657 1.17467 -36.0008 
v -7.7258 1.16909 -36.0008 
v -7.80724 1.40946 -36.0122 
v -8.15657 1.17467 -36.0008 
v -7.74579 1.28884 -36.0122 
v -7.90275 1.50499 -36.0122 
v -8.15657 1.17467 -36.0008 
v -7.80724 1.40946 -36.0122 
v -8.02311 1.56633 -36.0122 
v -8.15657 1.17467 -36.0008 
v -7.90275 1.50499 -36.0122 
v -8.15653 1.58747 -36.0122 
v -8.15657 1.17467 -36.0008 
v -8.02311 1.56633 -36.0122 
v -8.29508 1.56635 -36.0122 
v -8.15657 1.17467 -36.0008 
v -8.15653 1.58747 -36.0122 
v -7.76446 0.16579 -36.1074 
v -8.55321 0.170193 -36.1084 
v -8.59253 0.243704 -36.0008 
v -8.55307 0.17056 -36.0466 
v -8.15665 0.165494 -36.0466 
v -8.15665 0.238127 -36.0008 
v -8.15665 0.238127 -36.0008 
v -8.15665 0.165494 -36.0466 
v -7.76535 0.170494 -36.0466 
v -7.72588 0.243632 -36.0008 
v -7.70467 0.165456 -36.1073 
v -8.61375 0.165531 -36.1073 
v -8.43532 1.53239 -36.0448 
v -8.41545 1.50503 -36.0122 
v -8.29508 1.56635 -36.0122 
v -8.30553 1.59851 -36.0448 
v -8.15653 1.62129 -36.0448 
v -8.15653 1.6551 -36.0774 
v -8.31597 1.63067 -36.0774 
v -8.30553 1.59851 -36.0448 
v -8.53833 1.4294 -36.0448 
v -8.51098 1.40952 -36.0122 
v -8.41545 1.50503 -36.0122 
v -8.43532 1.53239 -36.0448 
v -8.60454 1.29949 -36.0448 
v -8.57245 1.2889 -36.0122 
v -8.51098 1.40952 -36.0122 
v -8.53833 1.4294 -36.0448 
v -8.62586 1.17194 -36.0342 
v -8.59246 1.16917 -36.0008 
v -8.57245 1.2889 -36.0122 
v -8.60454 1.29949 -36.0448 
v -7.77988 1.42933 -36.0448 
v -7.80724 1.40946 -36.0122 
v -7.74579 1.28884 -36.0122 
v -7.7137 1.29941 -36.0448 
v -7.6924 1.17186 -36.0342 
v -7.659 1.17463 -36.0676 
v -7.6816 1.30999 -36.0774 
v -7.7137 1.29941 -36.0448 
v -7.88288 1.53235 -36.0448 
v -7.90275 1.50499 -36.0122 
v -7.80724 1.40946 -36.0122 
v -7.77988 1.42933 -36.0448 
v -8.01266 1.59849 -36.0448 
v -8.02311 1.56633 -36.0122 
v -7.90275 1.50499 -36.0122 
v -7.88288 1.53235 -36.0448 
v -8.15653 1.62129 -36.0448 
v -8.15653 1.58747 -36.0122 
v -8.02311 1.56633 -36.0122 
v -8.01266 1.59849 -36.0448 
v -7.69248 0.240859 -36.0342 
v -7.659 1.17463 -36.0676 
v -7.6924 1.17186 -36.0342 
v -8.31597 1.63067 -36.0774 
v -8.15653 1.62129 -36.0448 
v -8.56569 1.44928 -36.0774 
v -8.63663 1.31007 -36.0774 
v -7.863 1.5597 -36.0774 
v -8.00221 1.63065 -36.0774 
v -8.15653 1.6551 -36.0774 
v -8.31597 1.63067 -36.9245 
v -8.15653 1.6551 -36.9245 
v -8.15653 1.62129 -36.9571 
v -8.31597 1.63067 -36.0774 
v -8.31597 1.63067 -36.9245 
v -8.4552 1.55975 -36.9245 
v -8.4552 1.55975 -36.0774 
v -8.4552 1.55975 -36.0774 
v -8.4552 1.55975 -36.9245 
v -8.56569 1.44928 -36.9245 
v -8.56569 1.44928 -36.0774 
v -7.75252 1.44921 -36.9245 
v -7.863 1.5597 -36.9245 
v -7.863 1.5597 -36.0774 
v -7.863 1.5597 -36.9245 
v -8.00221 1.63065 -36.9245 
v -8.00221 1.63065 -36.0774 
v -8.00221 1.63065 -36.0774 
v -8.00221 1.63065 -36.9245 
v -8.15653 1.6551 -36.9245 
v -8.15653 1.6551 -36.0774 
v -8.15653 1.6551 -36.0774 
v -8.15653 1.6551 -36.9245 
v -8.31597 1.63067 -36.9245 
v -8.31597 1.63067 -36.0774 
v -8.56569 1.44928 -36.0774 
v -8.63663 1.31007 -36.0774 
v -8.60454 1.29949 -36.0448 
v -8.65925 1.17471 -36.0676 
v -8.62586 1.17194 -36.0342 
v -8.60454 1.29949 -36.9571 
v -8.62586 1.17194 -36.9677 
v -8.59253 0.243704 -36.0008 
v -8.59246 1.16917 -36.0008 
v -8.62586 1.17194 -36.0342 
v -8.62593 0.240937 -36.0342 
v -8.59246 1.16917 -37.0011 
v -8.62593 0.240937 -36.9677 
v -8.62586 1.17194 -36.9677 
v -8.4552 1.55975 -36.9245 
v -8.56569 1.44928 -36.9245 
v -8.56569 1.44928 -36.0774 
v -8.56569 1.44928 -36.9245 
v -8.63663 1.31007 -36.9245 
v -8.63663 1.31007 -36.0774 
v -8.65925 1.17471 -36.0676 
v -8.65925 1.17471 -36.9343 
v -8.65933 0.238169 -36.9343 
v -8.65933 0.238169 -36.0676 
v -8.63663 1.31007 -36.0774 
v -8.63663 1.31007 -36.9245 
v -8.65925 1.17471 -36.9343 
v -8.65925 1.17471 -36.0676 
v -8.65933 0.238169 -36.9343 
v -8.61375 0.165531 -36.8946 
v -8.61375 0.165531 -36.1073 
v -8.65933 0.238169 -36.0676 
v -8.62586 1.17194 -36.0342 
v -8.65925 1.17471 -36.0676 
v -8.65933 0.238169 -36.0676 
v -8.62593 0.240937 -36.0342 
v -8.62593 0.240937 -36.9677 
v -8.65933 0.238169 -36.9343 
v -8.65925 1.17471 -36.9343 
v -8.62586 1.17194 -36.9677 
v -8.31597 1.63067 -36.9245 
v -8.15653 1.6551 -36.9245 
v -8.15653 1.62129 -36.9571 
v -8.30553 1.59851 -36.9571 
v -8.29508 1.56635 -36.9898 
v -8.41545 1.50503 -36.9898 
v -8.43532 1.53239 -36.9571 
v -8.30553 1.59851 -36.9571 
v -8.41545 1.50503 -36.9898 
v -8.51098 1.40952 -36.9898 
v -8.53833 1.4294 -36.9571 
v -8.43532 1.53239 -36.9571 
v -8.51098 1.40952 -36.9898 
v -8.57245 1.2889 -36.9898 
v -8.60454 1.29949 -36.9571 
v -8.53833 1.4294 -36.9571 
v -8.57245 1.2889 -36.9898 
v -8.59246 1.16917 -37.0011 
v -8.62586 1.17194 -36.9677 
v -8.60454 1.29949 -36.9571 
v -7.6816 1.30999 -36.9245 
v -7.659 1.17463 -36.9343 
v -7.6924 1.17186 -36.9677 
v -7.7137 1.29941 -36.9571 
v -7.74579 1.28884 -36.9898 
v -7.80724 1.40946 -36.9898 
v -7.77988 1.42933 -36.9571 
v -7.7137 1.29941 -36.9571 
v -7.80724 1.40946 -36.9898 
v -7.90275 1.50499 -36.9898 
v -7.88288 1.53235 -36.9571 
v -7.77988 1.42933 -36.9571 
v -7.90275 1.50499 -36.9898 
v -8.02311 1.56633 -36.9898 
v -8.01266 1.59849 -36.9571 
v -7.88288 1.53235 -36.9571 
v -8.02311 1.56633 -36.9898 
v -8.15653 1.58747 -36.9898 
v -8.15653 1.62129 -36.9571 
v -8.01266 1.59849 -36.9571 
v -8.59246 1.16917 -37.0011 
v -8.59253 0.243704 -37.0011 
v -8.62593 0.240937 -36.9677 
v -7.72588 0.243632 -37.0011 
v -7.7258 1.16909 -37.0011 
v -7.6924 1.17186 -36.9677 
v -7.69248 0.240859 -36.9677 
v -8.4552 1.55975 -36.9245 
v -8.56569 1.44928 -36.9245 
v -7.75252 1.44921 -36.9245 
v -7.863 1.5597 -36.9245 
v -8.00221 1.63065 -36.9245 
v -8.59246 1.16917 -37.0011 
v -8.15657 1.17467 -37.0011 
v -8.15665 0.238128 -37.0011 
v -8.59253 0.243704 -37.0011 
v -7.72588 0.243632 -37.0011 
v -8.15665 0.238128 -37.0011 
v -8.15657 1.17467 -37.0011 
v -7.7258 1.16909 -37.0011 
v -8.29508 1.56635 -36.9898 
v -8.15657 1.17467 -37.0011 
v -8.41545 1.50503 -36.9898 
v -8.41545 1.50503 -36.9898 
v -8.15657 1.17467 -37.0011 
v -8.51098 1.40952 -36.9898 
v -8.51098 1.40952 -36.9898 
v -8.15657 1.17467 -37.0011 
v -8.57245 1.2889 -36.9898 
v -8.57245 1.2889 -36.9898 
v -8.15657 1.17467 -37.0011 
v -8.59246 1.16917 -37.0011 
v -7.7258 1.16909 -37.0011 
v -8.15657 1.17467 -37.0011 
v -7.74579 1.28884 -36.9898 
v -7.74579 1.28884 -36.9898 
v -8.15657 1.17467 -37.0011 
v -7.80724 1.40946 -36.9898 
v -7.80724 1.40946 -36.9898 
v -8.15657 1.17467 -37.0011 
v -7.90275 1.50499 -36.9898 
v -7.90275 1.50499 -36.9898 
v -8.15657 1.17467 -37.0011 
v -8.02311 1.56633 -36.9898 
v -8.02311 1.56633 -36.9898 
v -8.15657 1.17467 -37.0011 
v -8.15653 1.58747 -36.9898 
v -8.15653 1.58747 -36.9898 
v -8.15657 1.17467 -37.0011 
v -8.29508 1.56635 -36.9898 
v -8.55495 0.165527 -36.8946 
v -7.70467 0.165456 -36.8946 
v -7.72588 0.243632 -37.0011 
v -7.76535 0.170494 -36.9553 
v -8.15665 0.165494 -36.9553 
v -8.15665 0.238128 -37.0011 
v -8.15665 0.238128 -37.0011 
v -8.15665 0.165494 -36.9553 
v -8.55307 0.17056 -36.9553 
v -8.59253 0.243704 -37.0011 
v -8.61375 0.165531 -36.8946 
v -7.7644 0.165461 -36.8946 
v -8.15653 1.62129 -36.9571 
v -8.15653 1.58747 -36.9898 
v -8.29508 1.56635 -36.9898 
v -8.30553 1.59851 -36.9571 
v -8.43532 1.53239 -36.9571 
v -8.4552 1.55975 -36.9245 
v -8.31597 1.63067 -36.9245 
v -8.30553 1.59851 -36.9571 
v -8.53833 1.4294 -36.9571 
v -8.56569 1.44928 -36.9245 
v -8.4552 1.55975 -36.9245 
v -8.43532 1.53239 -36.9571 
v -8.60454 1.29949 -36.9571 
v -8.63663 1.31007 -36.9245 
v -8.56569 1.44928 -36.9245 
v -8.53833 1.4294 -36.9571 
v -8.62586 1.17194 -36.9677 
v -8.65925 1.17471 -36.9343 
v -8.63663 1.31007 -36.9245 
v -8.60454 1.29949 -36.9571 
v -7.6924 1.17186 -36.9677 
v -7.7258 1.16909 -37.0011 
v -7.74579 1.28884 -36.9898 
v -7.7137 1.29941 -36.9571 
v -7.77988 1.42933 -36.9571 
v -7.75252 1.44921 -36.9245 
v -7.6816 1.30999 -36.9245 
v -7.7137 1.29941 -36.9571 
v -7.88288 1.53235 -36.9571 
v -7.863 1.5597 -36.9245 
v -7.75252 1.44921 -36.9245 
v -7.77988 1.42933 -36.9571 
v -8.01266 1.59849 -36.9571 
v -8.00221 1.63065 -36.9245 
v -7.863 1.5597 -36.9245 
v -7.88288 1.53235 -36.9571 
v -8.15653 1.62129 -36.9571 
v -8.15653 1.6551 -36.9245 
v -8.00221 1.63065 -36.9245 
v -8.01266 1.59849 -36.9571 
v -7.6924 1.17186 -36.9677 
v -7.659 1.17463 -36.9343 
v -7.65908 0.238086 -36.9343 
v -8.62593 0.240937 -36.0342 
v -8.62593 0.240937 -36.9677 
v -7.69248 0.240859 -36.0342 
v -7.69248 0.240859 -36.9677 
v -8.15665 0.238127 -36.0008 
v -8.15665 0.238128 -37.0011 
v -8.55495 0.165527 -36.8946 
v -7.76446 0.16579 -36.1074 
v -8.55321 0.170193 -36.1084 
v -8.55307 0.17056 -36.0466 
v -7.76535 0.170494 -36.0466 
v -7.72588 0.243632 -36.0008 
v -7.76535 0.170494 -36.0466 
v -7.73501 0.167975 -36.077 
v -7.69248 0.240859 -36.0342 
v -7.70467 0.165456 -36.1073 
v -7.70467 0.165456 -36.8946 
v -7.65908 0.238086 -36.9343 
v -7.70467 0.165456 -36.8946 
v -7.73501 0.167975 -36.9249 
v -7.69248 0.240859 -36.9677 
v -7.76535 0.170494 -36.9553 
v -8.55307 0.17056 -36.9553 
v -8.59253 0.243704 -37.0011 
v -8.55307 0.17056 -36.9553 
v -8.58341 0.168045 -36.9249 
v -8.62593 0.240937 -36.9677 
v -8.61375 0.165531 -36.8946 
v -8.61375 0.165531 -36.1073 
v -8.65933 0.238169 -36.0676 
v -8.61375 0.165531 -36.1073 
v -8.58341 0.168045 -36.077 
v -8.62593 0.240937 -36.0342 
v -8.15665 0.165494 -36.9553 
v -7.7644 0.165461 -36.8946 
v -8.55495 0.165527 -36.8946 
v -8.55321 0.170193 -36.1084 
v -8.61375 0.165531 -36.1073 
v -8.61375 0.165531 -36.8946 
v -8.55495 0.165527 -36.8946 
v -8.55495 0.165527 -36.8946 
v -8.61375 0.165531 -36.8946 
v -8.58341 0.168045 -36.9249 
v -8.55307 0.17056 -36.0466 
v -8.55321 0.170193 -36.1084 
v -8.15665 0.165494 -36.0466 
v -8.55307 0.17056 -36.0466 
v -8.58341 0.168045 -36.077 
v -8.55321 0.170193 -36.1084 
v -7.7644 0.165461 -36.8946 
v -7.76535 0.170494 -36.9553 
v -7.73501 0.167975 -36.9249 
v -7.70467 0.165456 -36.1073 
v -7.76446 0.16579 -36.1074 
v -7.7644 0.165461 -36.8946 
v -7.70467 0.165456 -36.8946 
v -7.76446 0.16579 -36.1074 
v -7.70467 0.165456 -36.1073 
v -7.73501 0.167975 -36.077 
v -8.15665 0.165494 -36.9553 
v -8.55495 0.165527 -36.8946 
v -8.55307 0.17056 -36.9553 
v -7.76535 0.170494 -36.9553 
v -7.7644 0.165461 -36.8946 
v -8.15665 0.165494 -36.9553 
v -8.15665 0.165494 -36.0466 
v -7.76446 0.16579 -36.1074 
v -7.76535 0.170494 -36.0466 
v -8.15665 0.165494 -36.0466 
v -8.55321 0.170193 -36.1084 
v -7.76446 0.16579 -36.1074 
v -7.7644 0.165461 -36.8946 
v -7.76446 0.16579 -36.1074 
v -8.55495 0.165527 -36.8946 
v -7.73501 0.167975 -36.077 
v -7.70467 0.165456 -36.1073 
v -7.65908 0.238086 -36.0676 
v -7.69248 0.240859 -36.0342 
v -8.58341 0.168045 -36.077 
v -8.55307 0.17056 -36.0466 
v -8.59253 0.243704 -36.0008 
v -8.62593 0.240937 -36.0342 
v -8.58341 0.168045 -36.077 
v -8.61375 0.165531 -36.1073 
v -8.55321 0.170193 -36.1084 
v -7.73501 0.167975 -36.077 
v -7.76535 0.170494 -36.0466 
v -7.76446 0.16579 -36.1074 
v -7.73501 0.167975 -36.9249 
v -7.76535 0.170494 -36.9553 
v -7.72588 0.243632 -37.0011 
v -7.69248 0.240859 -36.9677 
v -8.58341 0.168045 -36.9249 
v -8.61375 0.165531 -36.8946 
v -8.65933 0.238169 -36.9343 
v -8.62593 0.240937 -36.9677 
v -7.73501 0.167975 -36.9249 
v -7.70467 0.165456 -36.8946 
v -7.7644 0.165461 -36.8946 
v -8.58341 0.168045 -36.9249 
v -8.55307 0.17056 -36.9553 
v -8.55495 0.165527 -36.8946 
v -7.6816 1.30999 -36.0774 
v -7.6924 1.17186 -36.0342 
v -7.863 1.5597 -36.0774 
v -7.6816 1.30999 -36.9245 
v -7.659 1.17463 -36.9343 
v -7.6924 1.17186 -36.9677 
v -7.7258 1.16909 -36.0008 
v -7.72588 0.243632 -36.0008 
v -7.69248 0.240859 -36.0342 
v -7.72588 0.243632 -37.0011 
v -7.6924 1.17186 -36.9677 
v -7.69248 0.240859 -36.9677 
v -7.6816 1.30999 -36.0774 
v -7.6816 1.30999 -36.9245 
v -7.75252 1.44921 -36.9245 
v -7.75252 1.44921 -36.0774 
v -7.75252 1.44921 -36.0774 
v -7.75252 1.44921 -36.9245 
v -7.863 1.5597 -36.9245 
v -7.863 1.5597 -36.0774 
v -7.65908 0.238086 -36.0676 
v -7.65908 0.238086 -36.9343 
v -7.659 1.17463 -36.9343 
v -7.659 1.17463 -36.0676 
v -7.659 1.17463 -36.0676 
v -7.659 1.17463 -36.9343 
v -7.6816 1.30999 -36.9245 
v -7.6816 1.30999 -36.0774 
v -7.65908 0.238086 -36.0676 
v -7.70467 0.165456 -36.1073 
v -7.70467 0.165456 -36.8946 
v -7.65908 0.238086 -36.9343 
v -7.69248 0.240859 -36.0342 
v -7.65908 0.238086 -36.0676 
v -7.659 1.17463 -36.0676 
v -7.6924 1.17186 -36.9677 
v -7.65908 0.238086 -36.9343 
v -7.69248 0.240859 -36.9677 

vn -0.212598 0.661417 0.716535 
vn -0.409449 0.559055 0.716535 
vn -0.409449 0.559055 0.716535 
vn -0.212598 0.661417 0.716535 
vn -0.212598 0.661417 0.716535 
vn 0 0.692913 0.716535 
vn 0 0.692913 0.716535 
vn -0.212598 0.661417 0.716535 
vn -0.409449 0.559055 0.716535 
vn -0.559055 0.409449 0.716535 
vn -0.559055 0.409449 0.716535 
vn -0.409449 0.559055 0.716535 
vn -0.559055 0.409449 0.716535 
vn -0.653543 0.244094 0.716535 
vn -0.653543 0.244094 0.716535 
vn -0.559055 0.409449 0.716535 
vn -0.653543 0.244094 0.716535 
vn -0.700787 0.0866142 0.708661 
vn -0.700787 0.0866142 0.708661 
vn -0.653543 0.244094 0.716535 
vn 0.653543 0.244094 0.716535 
vn 0.559055 0.409449 0.716535 
vn 0.559055 0.409449 0.716535 
vn 0.653543 0.244094 0.716535 
vn 0.653543 0.244094 0.716535 
vn 0.700787 0.0866142 0.708661 
vn 0.700787 0.0866142 0.708661 
vn 0.653543 0.244094 0.716535 
vn 0.559055 0.409449 0.716535 
vn 0.409449 0.559055 0.716535 
vn 0.409449 0.559055 0.716535 
vn 0.559055 0.409449 0.716535 
vn 0.409449 0.559055 0.716535 
vn 0.212598 0.661417 0.716535 
vn 0.212598 0.661417 0.716535 
vn 0.409449 0.559055 0.716535 
vn 0.212598 0.661417 0.716535 
vn 0 0.692913 0.716535 
vn 0 0.692913 0.716535 
vn 0.212598 0.661417 0.716535 
vn -0.708661 0 0.708661 
vn -0.700787 0.0866142 0.708661 
vn -0.708661 0 0.708661 
vn 0.700787 0.0866142 0.708661 
vn 0.708661 0 0.708661 
vn 0.700787 0.0866142 0.708661 
vn 0 0 1 
vn 0 0 1 
vn 0 0.015748 1 
vn 0 0.0472441 1 
vn 0 0.0472441 1 
vn 0 0.015748 1 
vn 0 0 1 
vn 0 0 1 
vn -0.015748 0.023622 1 
vn 0 0.015748 1 
vn -0.00787402 0.023622 1 
vn -0.023622 0.015748 1 
vn 0 0.015748 1 
vn -0.015748 0.023622 1 
vn -0.015748 0.0551181 1 
vn 0 0.015748 1 
vn -0.023622 0.015748 1 
vn 0 0.0472441 1 
vn 0 0.015748 1 
vn -0.015748 0.0551181 1 
vn 0.015748 0.0551181 1 
vn 0 0.015748 1 
vn 0 0.0472441 1 
vn 0.023622 0.015748 1 
vn 0 0.015748 1 
vn 0.015748 0.0551181 1 
vn 0.015748 0.023622 1 
vn 0 0.015748 1 
vn 0.023622 0.015748 1 
vn 0.00787402 0.023622 1 
vn 0 0.015748 1 
vn 0.015748 0.023622 1 
vn 0 0.023622 1 
vn 0 0.015748 1 
vn 0.00787402 0.023622 1 
vn -0.00787402 0.023622 1 
vn 0 0.015748 1 
vn 0 0.023622 1 
vn -0.00787402 -1 0.00787402 
vn -0.00787402 -1 0.00787402 
vn -0.00787402 -0.535433 0.84252 
vn -0.00787402 -0.535433 0.84252 
vn -0.00787402 -0.535433 0.84252 
vn -0.00787402 -0.535433 0.84252 
vn 0.00787402 -0.535433 0.84252 
vn 0.00787402 -0.535433 0.84252 
vn 0.00787402 -0.535433 0.84252 
vn 0.00787402 -0.535433 0.84252 
vn 0.850394 -0.535433 0 
vn -0.850394 -0.535433 0 
vn -0.409449 0.559055 0.716535 
vn -0.409449 0.559055 0.716535 
vn -0.212598 0.661417 0.716535 
vn -0.212598 0.661417 0.716535 
vn 0 0.692913 0.716535 
vn 0 0.692913 0.716535 
vn -0.212598 0.661417 0.716535 
vn -0.212598 0.661417 0.716535 
vn -0.559055 0.409449 0.716535 
vn -0.559055 0.409449 0.716535 
vn -0.409449 0.559055 0.716535 
vn -0.409449 0.559055 0.716535 
vn -0.653543 0.244094 0.716535 
vn -0.653543 0.244094 0.716535 
vn -0.559055 0.409449 0.716535 
vn -0.559055 0.409449 0.716535 
vn -0.700787 0.0866142 0.708661 
vn -0.700787 0.0866142 0.708661 
vn -0.653543 0.244094 0.716535 
vn -0.653543 0.244094 0.716535 
vn 0.559055 0.409449 0.716535 
vn 0.559055 0.409449 0.716535 
vn 0.653543 0.244094 0.716535 
vn 0.653543 0.244094 0.716535 
vn 0.700787 0.0866142 0.708661 
vn 0.700787 0.0866142 0.708661 
vn 0.653543 0.244094 0.716535 
vn 0.653543 0.244094 0.716535 
vn 0.409449 0.559055 0.716535 
vn 0.409449 0.559055 0.716535 
vn 0.559055 0.409449 0.716535 
vn 0.559055 0.409449 0.716535 
vn 0.212598 0.661417 0.716535 
vn 0.212598 0.661417 0.716535 
vn 0.409449 0.559055 0.716535 
vn 0.409449 0.559055 0.716535 
vn 0 0.692913 0.716535 
vn 0 0.692913 0.716535 
vn 0.212598 0.661417 0.716535 
vn 0.212598 0.661417 0.716535 
vn 0.708661 0 0.708661 
vn 0.700787 0.0866142 0.708661 
vn 0.700787 0.0866142 0.708661 
vn -0.212598 0.661417 0.716535 
vn 0 0.692913 0.716535 
vn -0.559055 0.409449 0.716535 
vn -0.653543 0.244094 0.716535 
vn 0.409449 0.559055 0.716535 
vn 0.212598 0.661417 0.716535 
vn 0 0.692913 0.716535 
vn -0.212598 0.661417 -0.716535 
vn 0 0.692913 -0.716535 
vn 0 0.692913 -0.716535 
vn -0.307087 0.952756 0 
vn -0.307087 0.952756 0 
vn -0.590551 0.811024 0 
vn -0.590551 0.811024 0 
vn -0.590551 0.811024 0 
vn -0.590551 0.811024 0 
vn -0.811024 0.590551 0 
vn -0.811024 0.590551 0 
vn 0.811024 0.590551 0 
vn 0.590551 0.811024 0 
vn 0.590551 0.811024 0 
vn 0.590551 0.811024 0 
vn 0.307087 0.952756 0 
vn 0.307087 0.952756 0 
vn 0.307087 0.952756 0 
vn 0.307087 0.952756 0 
vn 0 1 0 
vn 0 1 0 
vn 0 1 0 
vn 0 1 0 
vn -0.307087 0.952756 0 
vn -0.307087 0.952756 0 
vn -0.559055 0.409449 0.716535 
vn -0.653543 0.244094 0.716535 
vn -0.653543 0.244094 0.716535 
vn -0.700787 0.0866142 0.708661 
vn -0.700787 0.0866142 0.708661 
vn -0.653543 0.244094 -0.716535 
vn -0.700787 0.0866142 -0.708661 
vn -0.708661 0 0.708661 
vn -0.700787 0.0866142 0.708661 
vn -0.700787 0.0866142 0.708661 
vn -0.708661 0 0.708661 
vn -0.700787 0.0866142 -0.708661 
vn -0.708661 0 -0.708661 
vn -0.700787 0.0866142 -0.708661 
vn -0.590551 0.811024 0 
vn -0.811024 0.590551 0 
vn -0.811024 0.590551 0 
vn -0.811024 0.590551 0 
vn -0.952756 0.307087 0 
vn -0.952756 0.307087 0 
vn -1 0.0787402 0 
vn -1 0.0787402 0 
vn -1 0 0 
vn -1 0 0 
vn -0.952756 0.307087 0 
vn -0.952756 0.307087 0 
vn -1 0.0787402 0 
vn -1 0.0787402 0 
vn -0.850394 -0.535433 0 
vn -0.850394 -0.535433 0 
vn -0.850394 -0.535433 0 
vn -0.850394 -0.535433 0 
vn -0.700787 0.0866142 0.708661 
vn -0.700787 0.0866142 0.708661 
vn -0.708661 0 0.708661 
vn -0.708661 0 0.708661 
vn -0.708661 0 -0.708661 
vn -0.708661 0 -0.708661 
vn -0.700787 0.0866142 -0.708661 
vn -0.700787 0.0866142 -0.708661 
vn -0.212598 0.661417 -0.716535 
vn 0 0.692913 -0.716535 
vn 0 0.692913 -0.716535 
vn -0.212598 0.661417 -0.716535 
vn -0.212598 0.661417 -0.716535 
vn -0.409449 0.559055 -0.716535 
vn -0.409449 0.559055 -0.716535 
vn -0.212598 0.661417 -0.716535 
vn -0.409449 0.559055 -0.716535 
vn -0.559055 0.409449 -0.716535 
vn -0.559055 0.409449 -0.716535 
vn -0.409449 0.559055 -0.716535 
vn -0.559055 0.409449 -0.716535 
vn -0.653543 0.244094 -0.716535 
vn -0.653543 0.244094 -0.716535 
vn -0.559055 0.409449 -0.716535 
vn -0.653543 0.244094 -0.716535 
vn -0.700787 0.0866142 -0.708661 
vn -0.700787 0.0866142 -0.708661 
vn -0.653543 0.244094 -0.716535 
vn 0.653543 0.244094 -0.716535 
vn 0.700787 0.0866142 -0.708661 
vn 0.700787 0.0866142 -0.708661 
vn 0.653543 0.244094 -0.716535 
vn 0.653543 0.244094 -0.716535 
vn 0.559055 0.409449 -0.716535 
vn 0.559055 0.409449 -0.716535 
vn 0.653543 0.244094 -0.716535 
vn 0.559055 0.409449 -0.716535 
vn 0.409449 0.559055 -0.716535 
vn 0.409449 0.559055 -0.716535 
vn 0.559055 0.409449 -0.716535 
vn 0.409449 0.559055 -0.716535 
vn 0.212598 0.661417 -0.716535 
vn 0.212598 0.661417 -0.716535 
vn 0.409449 0.559055 -0.716535 
vn 0.212598 0.661417 -0.716535 
vn 0 0.692913 -0.716535 
vn 0 0.692913 -0.716535 
vn 0.212598 0.661417 -0.716535 
vn -0.700787 0.0866142 -0.708661 
vn -0.708661 0 -0.708661 
vn -0.708661 0 -0.708661 
vn 0.708661 0 -0.708661 
vn 0.700787 0.0866142 -0.708661 
vn 0.700787 0.0866142 -0.708661 
vn 0.708661 0 -0.708661 
vn -0.590551 0.811024 0 
vn -0.811024 0.590551 0 
vn 0.811024 0.590551 0 
vn 0.590551 0.811024 0 
vn 0.307087 0.952756 0 
vn 0 0.0472441 -1 
vn 0 0.015748 -1 
vn 0 0 -1 
vn 0 0 -1 
vn 0 0 -1 
vn 0 0 -1 
vn 0 0.015748 -1 
vn 0 0.0472441 -1 
vn -0.00787402 0.023622 -1 
vn 0 0.015748 -1 
vn -0.015748 0.023622 -1 
vn -0.015748 0.023622 -1 
vn 0 0.015748 -1 
vn -0.023622 0.015748 -1 
vn -0.023622 0.015748 -1 
vn 0 0.015748 -1 
vn -0.015748 0.0551181 -1 
vn -0.015748 0.0551181 -1 
vn 0 0.015748 -1 
vn 0 0.0472441 -1 
vn 0 0.0472441 -1 
vn 0 0.015748 -1 
vn 0.015748 0.0551181 -1 
vn 0.015748 0.0551181 -1 
vn 0 0.015748 -1 
vn 0.023622 0.015748 -1 
vn 0.023622 0.015748 -1 
vn 0 0.015748 -1 
vn 0.015748 0.023622 -1 
vn 0.015748 0.023622 -1 
vn 0 0.015748 -1 
vn 0.00787402 0.023622 -1 
vn 0.00787402 0.023622 -1 
vn 0 0.015748 -1 
vn 0 0.023622 -1 
vn 0 0.023622 -1 
vn 0 0.015748 -1 
vn -0.00787402 0.023622 -1 
vn -0.00787402 -1 0.00787402 
vn 0.850394 -0.535433 0 
vn 0.00787402 -0.535433 -0.84252 
vn 0.00787402 -0.535433 -0.84252 
vn 0.00787402 -0.535433 -0.84252 
vn 0.00787402 -0.535433 -0.84252 
vn -0.00787402 -0.535433 -0.84252 
vn -0.00787402 -0.535433 -0.84252 
vn -0.00787402 -0.535433 -0.84252 
vn -0.00787402 -0.535433 -0.84252 
vn -0.850394 -0.535433 0 
vn 0 -1 0 
vn 0 0.692913 -0.716535 
vn 0 0.692913 -0.716535 
vn -0.212598 0.661417 -0.716535 
vn -0.212598 0.661417 -0.716535 
vn -0.409449 0.559055 -0.716535 
vn -0.409449 0.559055 -0.716535 
vn -0.212598 0.661417 -0.716535 
vn -0.212598 0.661417 -0.716535 
vn -0.559055 0.409449 -0.716535 
vn -0.559055 0.409449 -0.716535 
vn -0.409449 0.559055 -0.716535 
vn -0.409449 0.559055 -0.716535 
vn -0.653543 0.244094 -0.716535 
vn -0.653543 0.244094 -0.716535 
vn -0.559055 0.409449 -0.716535 
vn -0.559055 0.409449 -0.716535 
vn -0.700787 0.0866142 -0.708661 
vn -0.700787 0.0866142 -0.708661 
vn -0.653543 0.244094 -0.716535 
vn -0.653543 0.244094 -0.716535 
vn 0.700787 0.0866142 -0.708661 
vn 0.700787 0.0866142 -0.708661 
vn 0.653543 0.244094 -0.716535 
vn 0.653543 0.244094 -0.716535 
vn 0.559055 0.409449 -0.716535 
vn 0.559055 0.409449 -0.716535 
vn 0.653543 0.244094 -0.716535 
vn 0.653543 0.244094 -0.716535 
vn 0.409449 0.559055 -0.716535 
vn 0.409449 0.559055 -0.716535 
vn 0.559055 0.409449 -0.716535 
vn 0.559055 0.409449 -0.716535 
vn 0.212598 0.661417 -0.716535 
vn 0.212598 0.661417 -0.716535 
vn 0.409449 0.559055 -0.716535 
vn 0.409449 0.559055 -0.716535 
vn 0 0.692913 -0.716535 
vn 0 0.692913 -0.716535 
vn 0.212598 0.661417 -0.716535 
vn 0.212598 0.661417 -0.716535 
vn 0.700787 0.0866142 -0.708661 
vn 0.700787 0.0866142 -0.708661 
vn 0.708661 0 -0.708661 
vn -0.708661 0 0.708661 
vn -0.708661 0 -0.708661 
vn 0.708661 0 0.708661 
vn 0.708661 0 -0.708661 
vn 0 0 1 
vn 0 0 -1 
vn -0.00787402 -1 0.00787402 
vn -0.00787402 -1 0.00787402 
vn -0.00787402 -1 0.00787402 
vn -0.00787402 -0.535433 0.84252 
vn 0.00787402 -0.535433 0.84252 
vn 0.519685 -0.637795 0.566929 
vn 0.519685 -0.637795 0.566929 
vn 0.519685 -0.637795 0.566929 
vn 0.519685 -0.637795 0.566929 
vn 0.850394 -0.535433 0 
vn 0.850394 -0.535433 0 
vn 0.519685 -0.637795 -0.566929 
vn 0.519685 -0.637795 -0.566929 
vn 0.519685 -0.637795 -0.566929 
vn 0.519685 -0.637795 -0.566929 
vn 0.00787402 -0.535433 -0.84252 
vn -0.00787402 -0.535433 -0.84252 
vn -0.519685 -0.637795 -0.566929 
vn -0.519685 -0.637795 -0.566929 
vn -0.519685 -0.637795 -0.566929 
vn -0.519685 -0.637795 -0.566929 
vn -0.850394 -0.535433 0 
vn -0.850394 -0.535433 0 
vn -0.519685 -0.637795 0.566929 
vn -0.519685 -0.637795 0.566929 
vn -0.519685 -0.637795 0.566929 
vn -0.519685 -0.637795 0.566929 
vn 0 -1 0 
vn 0 -1 0 
vn 0 -1 0 
vn 0.0393701 -1 0 
vn 0.0393701 -1 0 
vn 0.0393701 -1 0 
vn 0.0393701 -1 0 
vn 0 -1 -0.0787402 
vn 0 -1 -0.0787402 
vn 0 -1 -0.0787402 
vn -0.015748 -1 0.00787402 
vn -0.015748 -1 0.00787402 
vn -0.015748 -1 0.00787402 
vn 0.0787402 -1 0.00787402 
vn 0.0787402 -1 0.00787402 
vn 0.0787402 -1 0.00787402 
vn 0 -1 -0.0787402 
vn 0 -1 -0.0787402 
vn 0 -1 -0.0787402 
vn 0 -1 0 
vn 0 -1 0 
vn 0 -1 0 
vn 0 -1 0 
vn -0.00787402 -1 0.0787402 
vn -0.00787402 -1 0.0787402 
vn -0.00787402 -1 0.0787402 
vn -0.015748 -1 -0.0866142 
vn -0.015748 -1 -0.0866142 
vn -0.015748 -1 -0.0866142 
vn 0.015748 -1 -0.0866142 
vn 0.015748 -1 -0.0866142 
vn 0.015748 -1 -0.0866142 
vn 0.015748 -1 0.0787402 
vn 0.015748 -1 0.0787402 
vn 0.015748 -1 0.0787402 
vn -0.00787402 -1 -0.0393701 
vn -0.00787402 -1 -0.0393701 
vn -0.00787402 -1 -0.0393701 
vn 0 -1 0 
vn 0 -1 0 
vn 0 -1 0 
vn 0.519685 -0.637795 0.566929 
vn 0.519685 -0.637795 0.566929 
vn 0.519685 -0.637795 0.566929 
vn 0.519685 -0.637795 0.566929 
vn -0.519685 -0.637795 0.566929 
vn -0.519685 -0.637795 0.566929 
vn -0.519685 -0.637795 0.566929 
vn -0.519685 -0.637795 0.566929 
vn 0.0787402 -1 0.00787402 
vn 0.0787402 -1 0.00787402 
vn 0.0787402 -1 0.00787402 
vn -0.00787402 -1 0.0787402 
vn -0.00787402 -1 0.0787402 
vn -0.00787402 -1 0.0787402 
vn 0.519685 -0.637795 -0.566929 
vn 0.519685 -0.637795 -0.566929 
vn 0.519685 -0.637795 -0.566929 
vn 0.519685 -0.637795 -0.566929 
vn -0.519685 -0.637795 -0.566929 
vn -0.519685 -0.637795 -0.566929 
vn -0.519685 -0.637795 -0.566929 
vn -0.519685 -0.637795 -0.566929 
vn 0 -1 -0.0787402 
vn 0 -1 -0.0787402 
vn 0 -1 -0.0787402 
vn 0 -1 -0.0787402 
vn 0 -1 -0.0787402 
vn 0 -1 -0.0787402 
vn 0.653543 0.244094 0.716535 
vn 0.700787 0.0866142 0.708661 
vn 0.409449 0.559055 0.716535 
vn 0.653543 0.244094 -0.716535 
vn 0.700787 0.0866142 -0.708661 
vn 0.700787 0.0866142 -0.708661 
vn 0.700787 0.0866142 0.708661 
vn 0.708661 0 0.708661 
vn 0.708661 0 0.708661 
vn 0.708661 0 -0.708661 
vn 0.700787 0.0866142 -0.708661 
vn 0.708661 0 -0.708661 
vn 0.952756 0.307087 0 
vn 0.952756 0.307087 0 
vn 0.811024 0.590551 0 
vn 0.811024 0.590551 0 
vn 0.811024 0.590551 0 
vn 0.811024 0.590551 0 
vn 0.590551 0.811024 0 
vn 0.590551 0.811024 0 
vn 1 0 0 
vn 1 0 0 
vn 1 0.0787402 0 
vn 1 0.0787402 0 
vn 1 0.0787402 0 
vn 1 0.0787402 0 
vn 0.952756 0.307087 0 
vn 0.952756 0.307087 0 
vn 0.850394 -0.535433 0 
vn 0.850394 -0.535433 0 
vn 0.850394 -0.535433 0 
vn 0.850394 -0.535433 0 
vn 0.708661 0 0.708661 
vn 0.708661 0 0.708661 
vn 0.700787 0.0866142 0.708661 
vn 0.700787 0.0866142 -0.708661 
vn 0.708661 0 -0.708661 
vn 0.708661 0 -0.708661 

vt 1.66316 2.03077 
vt 1.64575 2.0219 
vt 1.64824 2.01848 
vt 1.66446 2.02675 
vt 1.66577 2.02273 
vt 1.68309 2.02537 
vt 1.68309 2.02959 
vt 1.66446 2.02675 
vt 1.64575 2.0219 
vt 1.63194 2.00809 
vt 1.63536 2.00561 
vt 1.64824 2.01848 
vt 1.63194 2.00809 
vt 1.62307 1.99069 
vt 1.62709 1.98937 
vt 1.63536 2.00561 
vt 1.62307 1.99069 
vt 1.62025 1.97377 
vt 1.62442 1.97342 
vt 1.62709 1.98937 
vt 1.74245 1.99068 
vt 1.73359 2.00808 
vt 1.73017 2.0056 
vt 1.73844 1.98936 
vt 1.73443 1.98804 
vt 1.73693 1.97307 
vt 1.7411 1.97341 
vt 1.73844 1.98936 
vt 1.73359 2.00808 
vt 1.71978 2.02189 
vt 1.71729 2.01847 
vt 1.73017 2.0056 
vt 1.71978 2.02189 
vt 1.70238 2.03076 
vt 1.70107 2.02674 
vt 1.71729 2.01847 
vt 1.70238 2.03076 
vt 1.68309 2.03382 
vt 1.68309 2.02959 
vt 1.70107 2.02674 
vt 1.62859 1.85739 
vt 1.62442 1.97342 
vt 1.62441 1.85705 
vt 1.73693 1.97307 
vt 1.74109 1.85704 
vt 1.7411 1.97341 
vt 1.62859 1.85739 
vt 1.68307 1.8567 
vt 1.68308 1.97377 
vt 1.6286 1.97308 
vt 1.73693 1.97307 
vt 1.68308 1.97377 
vt 1.68307 1.8567 
vt 1.73692 1.85739 
vt 1.65072 2.01506 
vt 1.68308 1.97377 
vt 1.66577 2.02273 
vt 1.63878 2.00312 
vt 1.68308 1.97377 
vt 1.65072 2.01506 
vt 1.6311 1.98804 
vt 1.68308 1.97377 
vt 1.63878 2.00312 
vt 1.6286 1.97308 
vt 1.68308 1.97377 
vt 1.6311 1.98804 
vt 1.73443 1.98804 
vt 1.68308 1.97377 
vt 1.73693 1.97307 
vt 1.72675 2.00311 
vt 1.68308 1.97377 
vt 1.73443 1.98804 
vt 1.71481 2.01506 
vt 1.68308 1.97377 
vt 1.72675 2.00311 
vt 1.69976 2.02272 
vt 1.68308 1.97377 
vt 1.71481 2.01506 
vt 1.68309 2.02537 
vt 1.68308 1.97377 
vt 1.69976 2.02272 
vt 1.66577 2.02273 
vt 1.68308 1.97377 
vt 1.68309 2.02537 
vt 1.7321 1.84766 
vt 1.6335 1.84821 
vt 1.62859 1.85739 
vt 1.63352 1.84825 
vt 1.68307 1.84762 
vt 1.68307 1.8567 
vt 1.68307 1.8567 
vt 1.68307 1.84762 
vt 1.73198 1.84824 
vt 1.73692 1.85739 
vt 1.73957 1.84761 
vt 1.62593 1.84762 
vt 1.64824 2.01848 
vt 1.65072 2.01506 
vt 1.66577 2.02273 
vt 1.66446 2.02675 
vt 1.68309 2.02959 
vt 1.68309 2.03382 
vt 1.66316 2.03077 
vt 1.66446 2.02675 
vt 1.63536 2.00561 
vt 1.63878 2.00312 
vt 1.65072 2.01506 
vt 1.64824 2.01848 
vt 1.62709 1.98937 
vt 1.6311 1.98804 
vt 1.63878 2.00312 
vt 1.63536 2.00561 
vt 1.62442 1.97342 
vt 1.6286 1.97308 
vt 1.6311 1.98804 
vt 1.62709 1.98937 
vt 1.73017 2.0056 
vt 1.72675 2.00311 
vt 1.73443 1.98804 
vt 1.73844 1.98936 
vt 1.7411 1.97341 
vt 1.74528 1.97376 
vt 1.74245 1.99068 
vt 1.73844 1.98936 
vt 1.71729 2.01847 
vt 1.71481 2.01506 
vt 1.72675 2.00311 
vt 1.73017 2.0056 
vt 1.70107 2.02674 
vt 1.69976 2.02272 
vt 1.71481 2.01506 
vt 1.71729 2.01847 
vt 1.68309 2.02959 
vt 1.68309 2.02537 
vt 1.69976 2.02272 
vt 1.70107 2.02674 
vt 1.74109 1.85704 
vt 1.74528 1.97376 
vt 1.7411 1.97341 
vt 1.62982 1.96032 
vt 1.62574 1.94039 
vt 1.62982 1.99153 
vt 1.62982 2.0004 
vt 1.62982 1.9037 
vt 1.62982 1.9211 
vt 1.62982 1.94039 
vt 1.7357 1.96032 
vt 1.7357 1.94039 
vt 1.73978 1.94039 
vt 1.62982 1.96032 
vt 1.7357 1.96032 
vt 1.7357 1.97772 
vt 1.62982 1.97772 
vt 1.62982 1.97772 
vt 1.7357 1.97772 
vt 1.7357 1.99153 
vt 1.62982 1.99153 
vt 1.7357 1.88989 
vt 1.7357 1.9037 
vt 1.62982 1.9037 
vt 1.7357 1.9037 
vt 1.7357 1.9211 
vt 1.62982 1.9211 
vt 1.62982 1.9211 
vt 1.7357 1.9211 
vt 1.7357 1.94039 
vt 1.62982 1.94039 
vt 1.62982 1.94039 
vt 1.7357 1.94039 
vt 1.7357 1.96032 
vt 1.62982 1.96032 
vt 1.7357 2.00809 
vt 1.7357 1.99069 
vt 1.73978 1.98937 
vt 1.73693 1.97377 
vt 1.7411 1.97342 
vt 1.62574 1.98937 
vt 1.62442 1.97342 
vt 1.74527 1.85739 
vt 1.74527 1.97308 
vt 1.7411 1.97342 
vt 1.7411 1.85705 
vt 1.62024 1.97308 
vt 1.62442 1.85705 
vt 1.62442 1.97342 
vt 1.62982 2.0219 
vt 1.62982 2.00809 
vt 1.7357 2.00809 
vt 1.62982 2.00809 
vt 1.62982 1.99069 
vt 1.7357 1.99069 
vt 1.73693 1.97377 
vt 1.62859 1.97377 
vt 1.62859 1.8567 
vt 1.73693 1.8567 
vt 1.7357 1.99069 
vt 1.62982 1.99069 
vt 1.62859 1.97377 
vt 1.73693 1.97377 
vt 1.62859 1.8567 
vt 1.63355 1.84762 
vt 1.73196 1.84762 
vt 1.73693 1.8567 
vt 1.7411 1.97342 
vt 1.73693 1.97377 
vt 1.73693 1.8567 
vt 1.7411 1.85705 
vt 1.62442 1.85705 
vt 1.62859 1.8567 
vt 1.62859 1.97377 
vt 1.62442 1.97342 
vt 1.70236 2.03077 
vt 1.68243 2.03382 
vt 1.68243 2.02959 
vt 1.70105 2.02675 
vt 1.69975 2.02273 
vt 1.71479 2.01506 
vt 1.71728 2.01848 
vt 1.70105 2.02675 
vt 1.71479 2.01506 
vt 1.72673 2.00312 
vt 1.73015 2.00561 
vt 1.71728 2.01848 
vt 1.72673 2.00312 
vt 1.73442 1.98804 
vt 1.73843 1.98937 
vt 1.73015 2.00561 
vt 1.73442 1.98804 
vt 1.73692 1.97308 
vt 1.74109 1.97342 
vt 1.73843 1.98937 
vt 1.62306 1.99068 
vt 1.62024 1.97376 
vt 1.62441 1.97341 
vt 1.62707 1.98936 
vt 1.63109 1.98804 
vt 1.63877 2.00311 
vt 1.63535 2.0056 
vt 1.62707 1.98936 
vt 1.63877 2.00311 
vt 1.65071 2.01506 
vt 1.64822 2.01847 
vt 1.63535 2.0056 
vt 1.65071 2.01506 
vt 1.66575 2.02272 
vt 1.66444 2.02674 
vt 1.64822 2.01847 
vt 1.66575 2.02272 
vt 1.68243 2.02537 
vt 1.68243 2.02959 
vt 1.66444 2.02674 
vt 1.73692 1.97308 
vt 1.73693 1.85739 
vt 1.7411 1.85705 
vt 1.6286 1.85739 
vt 1.62859 1.97307 
vt 1.62441 1.97341 
vt 1.62442 1.85704 
vt 1.71976 2.0219 
vt 1.73357 2.00809 
vt 1.63193 2.00808 
vt 1.64574 2.02189 
vt 1.66314 2.03076 
vt 1.73692 1.97308 
vt 1.68243 1.97377 
vt 1.68244 1.8567 
vt 1.73693 1.85739 
vt 1.6286 1.85739 
vt 1.68244 1.8567 
vt 1.68243 1.97377 
vt 1.62859 1.97307 
vt 1.69975 2.02273 
vt 1.68243 1.97377 
vt 1.71479 2.01506 
vt 1.71479 2.01506 
vt 1.68243 1.97377 
vt 1.72673 2.00312 
vt 1.72673 2.00312 
vt 1.68243 1.97377 
vt 1.73442 1.98804 
vt 1.73442 1.98804 
vt 1.68243 1.97377 
vt 1.73692 1.97308 
vt 1.62859 1.97307 
vt 1.68243 1.97377 
vt 1.63109 1.98804 
vt 1.63109 1.98804 
vt 1.68243 1.97377 
vt 1.63877 2.00311 
vt 1.63877 2.00311 
vt 1.68243 1.97377 
vt 1.65071 2.01506 
vt 1.65071 2.01506 
vt 1.68243 1.97377 
vt 1.66575 2.02272 
vt 1.66575 2.02272 
vt 1.68243 1.97377 
vt 1.68243 2.02537 
vt 1.68243 2.02537 
vt 1.68243 1.97377 
vt 1.69975 2.02273 
vt 1.73223 1.84762 
vt 1.62595 1.84761 
vt 1.6286 1.85739 
vt 1.63353 1.84824 
vt 1.68244 1.84762 
vt 1.68244 1.8567 
vt 1.68244 1.8567 
vt 1.68244 1.84762 
vt 1.732 1.84825 
vt 1.73693 1.85739 
vt 1.73958 1.84762 
vt 1.63341 1.84761 
vt 1.68243 2.02959 
vt 1.68243 2.02537 
vt 1.69975 2.02273 
vt 1.70105 2.02675 
vt 1.71728 2.01848 
vt 1.71976 2.0219 
vt 1.70236 2.03077 
vt 1.70105 2.02675 
vt 1.73015 2.00561 
vt 1.73357 2.00809 
vt 1.71976 2.0219 
vt 1.71728 2.01848 
vt 1.73843 1.98937 
vt 1.74244 1.99069 
vt 1.73357 2.00809 
vt 1.73015 2.00561 
vt 1.74109 1.97342 
vt 1.74527 1.97377 
vt 1.74244 1.99069 
vt 1.73843 1.98937 
vt 1.62441 1.97341 
vt 1.62859 1.97307 
vt 1.63109 1.98804 
vt 1.62707 1.98936 
vt 1.63535 2.0056 
vt 1.63193 2.00808 
vt 1.62306 1.99068 
vt 1.62707 1.98936 
vt 1.64822 2.01847 
vt 1.64574 2.02189 
vt 1.63193 2.00808 
vt 1.63535 2.0056 
vt 1.66444 2.02674 
vt 1.66314 2.03076 
vt 1.64574 2.02189 
vt 1.64822 2.01847 
vt 1.68243 2.02959 
vt 1.68243 2.03382 
vt 1.66314 2.03076 
vt 1.66444 2.02674 
vt 1.62441 1.97341 
vt 1.62024 1.97376 
vt 1.62025 1.85669 
vt 1.7411 1.99906 
vt 1.62442 1.99906 
vt 1.7411 1.88238 
vt 1.62442 1.88238 
vt 1.74527 1.9404 
vt 1.62024 1.9404 
vt 1.63355 1.99019 
vt 1.73195 1.89138 
vt 1.73182 1.98997 
vt 1.73955 1.98995 
vt 1.73955 1.89149 
vt 1.74527 1.88656 
vt 1.73955 1.89149 
vt 1.73575 1.8877 
vt 1.7411 1.88238 
vt 1.73196 1.8839 
vt 1.63355 1.8839 
vt 1.62859 1.87821 
vt 1.63355 1.8839 
vt 1.62976 1.8877 
vt 1.62442 1.88238 
vt 1.62597 1.89149 
vt 1.62597 1.98995 
vt 1.62024 1.99489 
vt 1.62597 1.98995 
vt 1.62976 1.99375 
vt 1.62442 1.99906 
vt 1.63355 1.99754 
vt 1.73196 1.99754 
vt 1.73693 2.00324 
vt 1.73196 1.99754 
vt 1.73575 1.99375 
vt 1.7411 1.99906 
vt 1.62597 1.9404 
vt 1.63355 1.89137 
vt 1.63355 1.99019 
vt 1.73182 1.98997 
vt 1.73196 1.99754 
vt 1.63355 1.99754 
vt 1.63355 1.99019 
vt 1.63355 1.99019 
vt 1.63355 1.99754 
vt 1.62976 1.99375 
vt 1.73955 1.98995 
vt 1.73182 1.98997 
vt 1.73955 1.9404 
vt 1.73955 1.98995 
vt 1.73575 1.99375 
vt 1.73182 1.98997 
vt 1.63355 1.89137 
vt 1.62597 1.89149 
vt 1.62976 1.8877 
vt 1.73196 1.8839 
vt 1.73195 1.89138 
vt 1.63355 1.89137 
vt 1.63355 1.8839 
vt 1.73195 1.89138 
vt 1.73196 1.8839 
vt 1.73575 1.8877 
vt 1.62597 1.9404 
vt 1.63355 1.99019 
vt 1.62597 1.98995 
vt 1.62597 1.89149 
vt 1.63355 1.89137 
vt 1.62597 1.9404 
vt 1.73955 1.9404 
vt 1.73195 1.89138 
vt 1.73955 1.89149 
vt 1.73955 1.9404 
vt 1.73182 1.98997 
vt 1.73195 1.89138 
vt 1.63355 1.89137 
vt 1.73195 1.89138 
vt 1.63355 1.99019 
vt 1.73575 1.8877 
vt 1.73196 1.8839 
vt 1.73693 1.87821 
vt 1.7411 1.88238 
vt 1.73575 1.99375 
vt 1.73955 1.98995 
vt 1.74527 1.99489 
vt 1.7411 1.99906 
vt 1.73575 1.99375 
vt 1.73196 1.99754 
vt 1.73182 1.98997 
vt 1.73575 1.8877 
vt 1.73955 1.89149 
vt 1.73195 1.89138 
vt 1.62976 1.8877 
vt 1.62597 1.89149 
vt 1.62024 1.88656 
vt 1.62442 1.88238 
vt 1.62976 1.99375 
vt 1.63355 1.99754 
vt 1.62859 2.00324 
vt 1.62442 1.99906 
vt 1.62976 1.8877 
vt 1.63355 1.8839 
vt 1.63355 1.89137 
vt 1.62976 1.99375 
vt 1.62597 1.98995 
vt 1.63355 1.99019 
vt 1.62982 1.99068 
vt 1.62442 1.97341 
vt 1.62982 2.02189 
vt 1.7357 1.99068 
vt 1.73693 1.97376 
vt 1.7411 1.97341 
vt 1.62024 1.97307 
vt 1.62024 1.85739 
vt 1.62442 1.85704 
vt 1.74527 1.85739 
vt 1.7411 1.97341 
vt 1.7411 1.85704 
vt 1.62982 1.99068 
vt 1.7357 1.99068 
vt 1.7357 2.00808 
vt 1.62982 2.00808 
vt 1.62982 2.00808 
vt 1.7357 2.00808 
vt 1.7357 2.02189 
vt 1.62982 2.02189 
vt 1.62859 1.85669 
vt 1.73693 1.85669 
vt 1.73693 1.97376 
vt 1.62859 1.97376 
vt 1.62859 1.97376 
vt 1.73693 1.97376 
vt 1.7357 1.99068 
vt 1.62982 1.99068 
vt 1.62859 1.85669 
vt 1.63355 1.84761 
vt 1.73196 1.84761 
vt 1.73693 1.85669 
vt 1.62442 1.85704 
vt 1.62859 1.85669 
vt 1.62859 1.97376 
vt 1.7411 1.97341 
vt 1.73693 1.85669 
vt 1.7411 1.85704 

usemtl Union3Mtl

f 7919/7919/7919 7920/7920/7920 7921/7921/7921 
f 7919/7919/7919 7921/7921/7921 7922/7922/7922 
f 7923/7923/7923 7924/7924/7924 7925/7925/7925 
f 7923/7923/7923 7925/7925/7925 7926/7926/7926 
f 7927/7927/7927 7928/7928/7928 7929/7929/7929 
f 7927/7927/7927 7929/7929/7929 7930/7930/7930 
f 7931/7931/7931 7932/7932/7932 7933/7933/7933 
f 7931/7931/7931 7933/7933/7933 7934/7934/7934 
f 7935/7935/7935 7936/7936/7936 7937/7937/7937 
f 7935/7935/7935 7937/7937/7937 7938/7938/7938 
f 7939/7939/7939 7940/7940/7940 7941/7941/7941 
f 7939/7939/7939 7941/7941/7941 7942/7942/7942 
f 7943/7943/7943 7944/7944/7944 7945/7945/7945 
f 7943/7943/7943 7945/7945/7945 7946/7946/7946 
f 7947/7947/7947 7948/7948/7948 7949/7949/7949 
f 7947/7947/7947 7949/7949/7949 7950/7950/7950 
f 7951/7951/7951 7952/7952/7952 7953/7953/7953 
f 7951/7951/7951 7953/7953/7953 7954/7954/7954 
f 7955/7955/7955 7956/7956/7956 7957/7957/7957 
f 7955/7955/7955 7957/7957/7957 7958/7958/7958 
f 7959/7959/7959 7960/7960/7960 7961/7961/7961 
f 7962/7962/7962 7963/7963/7963 7964/7964/7964 
f 7965/7965/7965 7966/7966/7966 7967/7967/7967 
f 7965/7965/7965 7967/7967/7967 7968/7968/7968 
f 7969/7969/7969 7970/7970/7970 7971/7971/7971 
f 7969/7969/7969 7971/7971/7971 7972/7972/7972 
f 7973/7973/7973 7974/7974/7974 7975/7975/7975 
f 7976/7976/7976 7977/7977/7977 7978/7978/7978 
f 7979/7979/7979 7980/7980/7980 7981/7981/7981 
f 7982/7982/7982 7983/7983/7983 7984/7984/7984 
f 7985/7985/7985 7986/7986/7986 7987/7987/7987 
f 7988/7988/7988 7989/7989/7989 7990/7990/7990 
f 7991/7991/7991 7992/7992/7992 7993/7993/7993 
f 7994/7994/7994 7995/7995/7995 7996/7996/7996 
f 7997/7997/7997 7998/7998/7998 7999/7999/7999 
f 8000/8000/8000 8001/8001/8001 8002/8002/8002 
f 8005/8005/8005 8006/8006/8006 8007/8007/8007 
f 8005/8005/8005 8007/8007/8007 8008/8008/8008 
f 8009/8009/8009 8010/8010/8010 8011/8011/8011 
f 8009/8009/8009 8011/8011/8011 8012/8012/8012 
f 8015/8015/8015 8016/8016/8016 8017/8017/8017 
f 8015/8015/8015 8017/8017/8017 8018/8018/8018 
f 8019/8019/8019 8020/8020/8020 8021/8021/8021 
f 8019/8019/8019 8021/8021/8021 8022/8022/8022 
f 8023/8023/8023 8024/8024/8024 8025/8025/8025 
f 8023/8023/8023 8025/8025/8025 8026/8026/8026 
f 8027/8027/8027 8028/8028/8028 8029/8029/8029 
f 8027/8027/8027 8029/8029/8029 8030/8030/8030 
f 8031/8031/8031 8032/8032/8032 8033/8033/8033 
f 8031/8031/8031 8033/8033/8033 8034/8034/8034 
f 8035/8035/8035 8036/8036/8036 8037/8037/8037 
f 8035/8035/8035 8037/8037/8037 8038/8038/8038 
f 8039/8039/8039 8040/8040/8040 8041/8041/8041 
f 8039/8039/8039 8041/8041/8041 8042/8042/8042 
f 8043/8043/8043 8044/8044/8044 8045/8045/8045 
f 8043/8043/8043 8045/8045/8045 8046/8046/8046 
f 8047/8047/8047 8048/8048/8048 8049/8049/8049 
f 8047/8047/8047 8049/8049/8049 8050/8050/8050 
f 8051/8051/8051 8052/8052/8052 8053/8053/8053 
f 8051/8051/8051 8053/8053/8053 8054/8054/8054 
f 8055/8055/8055 8056/8056/8056 8057/8057/8057 
f 8068/8068/8068 8069/8069/8069 8070/8070/8070 
f 8068/8068/8068 8070/8070/8070 8071/8071/8071 
f 8072/8072/8072 8073/8073/8073 8074/8074/8074 
f 8072/8072/8072 8074/8074/8074 8075/8075/8075 
f 8078/8078/8078 8079/8079/8079 8080/8080/8080 
f 8078/8078/8078 8080/8080/8080 8081/8081/8081 
f 8082/8082/8082 8083/8083/8083 8084/8084/8084 
f 8082/8082/8082 8084/8084/8084 8085/8085/8085 
f 8086/8086/8086 8087/8087/8087 8088/8088/8088 
f 8086/8086/8086 8088/8088/8088 8089/8089/8089 
f 8097/8097/8097 8098/8098/8098 8099/8099/8099 
f 8101/8101/8101 8102/8102/8102 8103/8103/8103 
f 8106/8106/8106 8107/8107/8107 8108/8108/8108 
f 8106/8106/8106 8108/8108/8108 8109/8109/8109 
f 8110/8110/8110 8111/8111/8111 8112/8112/8112 
f 8110/8110/8110 8112/8112/8112 8113/8113/8113 
f 8114/8114/8114 8115/8115/8115 8116/8116/8116 
f 8114/8114/8114 8116/8116/8116 8117/8117/8117 
f 8118/8118/8118 8119/8119/8119 8120/8120/8120 
f 8118/8118/8118 8120/8120/8120 8121/8121/8121 
f 8122/8122/8122 8123/8123/8123 8124/8124/8124 
f 8122/8122/8122 8124/8124/8124 8125/8125/8125 
f 8126/8126/8126 8127/8127/8127 8128/8128/8128 
f 8126/8126/8126 8128/8128/8128 8129/8129/8129 
f 8130/8130/8130 8131/8131/8131 8132/8132/8132 
f 8130/8130/8130 8132/8132/8132 8133/8133/8133 
f 8134/8134/8134 8135/8135/8135 8136/8136/8136 
f 8134/8134/8134 8136/8136/8136 8137/8137/8137 
f 8138/8138/8138 8139/8139/8139 8140/8140/8140 
f 8138/8138/8138 8140/8140/8140 8141/8141/8141 
f 8142/8142/8142 8143/8143/8143 8144/8144/8144 
f 8142/8142/8142 8144/8144/8144 8145/8145/8145 
f 8146/8146/8146 8147/8147/8147 8148/8148/8148 
f 8146/8146/8146 8148/8148/8148 8149/8149/8149 
f 8150/8150/8150 8151/8151/8151 8152/8152/8152 
f 8150/8150/8150 8152/8152/8152 8153/8153/8153 
f 8154/8154/8154 8155/8155/8155 8156/8156/8156 
f 8154/8154/8154 8156/8156/8156 8157/8157/8157 
f 8158/8158/8158 8159/8159/8159 8160/8160/8160 
f 8158/8158/8158 8160/8160/8160 8161/8161/8161 
f 8162/8162/8162 8163/8163/8163 8164/8164/8164 
f 8162/8162/8162 8164/8164/8164 8165/8165/8165 
f 8166/8166/8166 8167/8167/8167 8168/8168/8168 
f 8166/8166/8166 8168/8168/8168 8169/8169/8169 
f 8170/8170/8170 8171/8171/8171 8172/8172/8172 
f 8173/8173/8173 8174/8174/8174 8175/8175/8175 
f 8182/8182/8182 8183/8183/8183 8184/8184/8184 
f 8182/8182/8182 8184/8184/8184 8185/8185/8185 
f 8186/8186/8186 8187/8187/8187 8188/8188/8188 
f 8186/8186/8186 8188/8188/8188 8189/8189/8189 
f 8190/8190/8190 8191/8191/8191 8192/8192/8192 
f 8193/8193/8193 8194/8194/8194 8195/8195/8195 
f 8196/8196/8196 8197/8197/8197 8198/8198/8198 
f 8199/8199/8199 8200/8200/8200 8201/8201/8201 
f 8202/8202/8202 8203/8203/8203 8204/8204/8204 
f 8205/8205/8205 8206/8206/8206 8207/8207/8207 
f 8208/8208/8208 8209/8209/8209 8210/8210/8210 
f 8211/8211/8211 8212/8212/8212 8213/8213/8213 
f 8214/8214/8214 8215/8215/8215 8216/8216/8216 
f 8217/8217/8217 8218/8218/8218 8219/8219/8219 
f 8222/8222/8222 8223/8223/8223 8224/8224/8224 
f 8222/8222/8222 8224/8224/8224 8225/8225/8225 
f 8226/8226/8226 8227/8227/8227 8228/8228/8228 
f 8226/8226/8226 8228/8228/8228 8229/8229/8229 
f 8232/8232/8232 8233/8233/8233 8234/8234/8234 
f 8232/8232/8232 8234/8234/8234 8235/8235/8235 
f 8236/8236/8236 8237/8237/8237 8238/8238/8238 
f 8236/8236/8236 8238/8238/8238 8239/8239/8239 
f 8240/8240/8240 8241/8241/8241 8242/8242/8242 
f 8240/8240/8240 8242/8242/8242 8243/8243/8243 
f 8244/8244/8244 8245/8245/8245 8246/8246/8246 
f 8244/8244/8244 8246/8246/8246 8247/8247/8247 
f 8248/8248/8248 8249/8249/8249 8250/8250/8250 
f 8248/8248/8248 8250/8250/8250 8251/8251/8251 
f 8252/8252/8252 8253/8253/8253 8254/8254/8254 
f 8252/8252/8252 8254/8254/8254 8255/8255/8255 
f 8256/8256/8256 8257/8257/8257 8258/8258/8258 
f 8256/8256/8256 8258/8258/8258 8259/8259/8259 
f 8260/8260/8260 8261/8261/8261 8262/8262/8262 
f 8260/8260/8260 8262/8262/8262 8263/8263/8263 
f 8264/8264/8264 8265/8265/8265 8266/8266/8266 
f 8264/8264/8264 8266/8266/8266 8267/8267/8267 
f 8268/8268/8268 8269/8269/8269 8270/8270/8270 
f 8268/8268/8268 8270/8270/8270 8271/8271/8271 
f 8272/8272/8272 8273/8273/8273 8274/8274/8274 
f 8281/8281/8281 8282/8282/8282 8283/8283/8283 
f 8286/8286/8286 8287/8287/8287 8288/8288/8288 
f 8286/8286/8286 8288/8288/8288 8289/8289/8289 
f 8292/8292/8292 8293/8293/8293 8294/8294/8294 
f 8292/8292/8292 8294/8294/8294 8295/8295/8295 
f 8298/8298/8298 8299/8299/8299 8300/8300/8300 
f 8298/8298/8298 8300/8300/8300 8301/8301/8301 
f 8304/8304/8304 8305/8305/8305 8306/8306/8306 
f 8304/8304/8304 8306/8306/8306 8307/8307/8307 
f 8308/8308/8308 8309/8309/8309 8310/8310/8310 
f 8311/8311/8311 8312/8312/8312 8313/8313/8313 
f 8311/8311/8311 8313/8313/8313 8314/8314/8314 
f 8315/8315/8315 8316/8316/8316 8317/8317/8317 
f 8318/8318/8318 8319/8319/8319 8320/8320/8320 
f 8321/8321/8321 8322/8322/8322 8323/8323/8323 
f 8324/8324/8324 8325/8325/8325 8326/8326/8326 
f 8327/8327/8327 8328/8328/8328 8329/8329/8329 
f 8327/8327/8327 8329/8329/8329 8330/8330/8330 
f 8331/8331/8331 8332/8332/8332 8333/8333/8333 
f 8334/8334/8334 8335/8335/8335 8336/8336/8336 
f 8337/8337/8337 8338/8338/8338 8339/8339/8339 
f 8340/8340/8340 8341/8341/8341 8342/8342/8342 
f 8343/8343/8343 8344/8344/8344 8345/8345/8345 
f 8346/8346/8346 8347/8347/8347 8348/8348/8348 
f 8349/8349/8349 8350/8350/8350 8351/8351/8351 
f 8349/8349/8349 8351/8351/8351 8352/8352/8352 
f 8353/8353/8353 8354/8354/8354 8355/8355/8355 
f 8353/8353/8353 8355/8355/8355 8356/8356/8356 
f 8357/8357/8357 8358/8358/8358 8359/8359/8359 
f 8360/8360/8360 8361/8361/8361 8362/8362/8362 
f 8363/8363/8363 8364/8364/8364 8365/8365/8365 
f 8363/8363/8363 8365/8365/8365 8366/8366/8366 
f 8367/8367/8367 8368/8368/8368 8369/8369/8369 
f 8367/8367/8367 8369/8369/8369 8370/8370/8370 
f 8371/8371/8371 8372/8372/8372 8373/8373/8373 
f 8374/8374/8374 8375/8375/8375 8376/8376/8376 
f 8383/8383/8383 8384/8384/8384 8385/8385/8385 
f 8386/8386/8386 8387/8387/8387 8388/8388/8388 
f 8389/8389/8389 8390/8390/8390 8391/8391/8391 
f 8389/8389/8389 8391/8391/8391 8392/8392/8392 
f 8393/8393/8393 8394/8394/8394 8395/8395/8395 
f 8393/8393/8393 8395/8395/8395 8396/8396/8396 
f 8397/8397/8397 8398/8398/8398 8399/8399/8399 
f 8397/8397/8397 8399/8399/8399 8400/8400/8400 
f 8401/8401/8401 8402/8402/8402 8403/8403/8403 
f 8401/8401/8401 8403/8403/8403 8404/8404/8404 
f 8405/8405/8405 8406/8406/8406 8407/8407/8407 
f 8405/8405/8405 8407/8407/8407 8408/8408/8408 
f 8409/8409/8409 8410/8410/8410 8411/8411/8411 
f 8412/8412/8412 8413/8413/8413 8414/8414/8414 

g 14

v -8.28995 3.45657 -37.0133 
v -8.3004 3.48873 -37.0469 
v -8.43019 3.4226 -37.0469 
v -8.41032 3.39525 -37.0133 
v -8.41032 3.39525 -37.0133 
v -8.43019 3.4226 -37.0469 
v -8.53319 3.3196 -37.0469 
v -8.50584 3.29973 -37.0133 
v -8.50584 3.29973 -37.0133 
v -8.53319 3.3196 -37.0469 
v -8.59939 3.18968 -37.0469 
v -8.5673 3.17911 -37.0133 
v -8.5673 3.17911 -37.0133 
v -8.59939 3.18968 -37.0469 
v -8.6207 3.05937 -37.0311 
v -8.6207 2.34718 -37.0311 
v -8.31085 3.52089 -37.0805 
v -8.56055 3.33948 -37.0805 
v -7.76011 2.27431 -37.0435 
v -7.72064 2.34718 -36.9977 
v -8.15141 2.34717 -36.9977 
v -8.15141 2.27417 -37.0435 
v -7.76011 2.27431 -37.0435 
v -8.15141 2.34717 -36.9977 
v -8.5873 2.34718 -36.9977 
v -8.54783 2.27431 -37.0435 
v -8.15141 2.27417 -37.0435 
v -8.15141 3.50906 -37.0936 
v -7.65384 3.05906 -37.0645 
v -8.15141 3.46341 -37.0446 
v -8.18604 3.47241 -37.0133 
v -8.18521 3.05906 -36.9977 
v -8.15141 3.09444 -37.0315 
v -7.72064 3.05906 -36.9977 
v -7.72064 3.09444 -37.0347 
v -8.15141 3.09444 -37.0315 
v -8.18521 3.05906 -36.9977 
v -8.31085 3.52089 -37.0805 
v -8.3004 3.48873 -37.0469 
v -8.18666 3.50612 -37.0469 
v -8.18727 3.53984 -37.0805 
v -7.72064 2.34718 -36.9977 
v -7.65384 3.05906 -37.0645 
v -7.72064 3.05906 -36.9977 
v -8.5873 3.05937 -36.9977 
v -8.5873 2.34718 -36.9977 
v -8.15141 2.34717 -36.9977 
v -8.18521 3.05906 -36.9977 
v -7.72064 2.34718 -36.9977 
v -7.72064 3.05906 -36.9977 
v -8.18521 3.05906 -36.9977 
v -8.15141 2.34717 -36.9977 
v -8.28995 3.45657 -37.0133 
v -8.41032 3.39525 -37.0133 
v -8.18521 3.05906 -36.9977 
v -8.41032 3.39525 -37.0133 
v -8.50584 3.29973 -37.0133 
v -8.18521 3.05906 -36.9977 
v -8.50584 3.29973 -37.0133 
v -8.5673 3.17911 -37.0133 
v -8.18521 3.05906 -36.9977 
v -8.5673 3.17911 -37.0133 
v -8.5873 3.05937 -36.9977 
v -8.18521 3.05906 -36.9977 
v -8.18604 3.47241 -37.0133 
v -8.28995 3.45657 -37.0133 
v -8.18521 3.05906 -36.9977 
v -8.3004 3.48873 -37.0469 
v -8.31085 3.52089 -37.0805 
v -8.45007 3.44996 -37.0805 
v -8.43019 3.4226 -37.0469 
v -8.43019 3.4226 -37.0469 
v -8.45007 3.44996 -37.0805 
v -8.56055 3.33948 -37.0805 
v -8.53319 3.3196 -37.0469 
v -8.53319 3.3196 -37.0469 
v -8.56055 3.33948 -37.0805 
v -8.63148 3.20026 -37.0805 
v -8.59939 3.18968 -37.0469 
v -8.59939 3.18968 -37.0469 
v -8.63148 3.20026 -37.0805 
v -8.65409 3.05937 -37.0645 
v -8.3004 3.48873 -37.0469 
v -8.28995 3.45657 -37.0133 
v -8.18604 3.47241 -37.0133 
v -8.18666 3.50612 -37.0469 
v -8.45007 3.44996 -37.9153 
v -8.56055 3.33948 -37.9153 
v -8.31085 3.52089 -37.9153 
v -8.45007 3.44996 -37.9153 
v -8.45007 3.44996 -37.0805 
v -8.31085 3.52089 -37.0805 
v -8.45007 3.44996 -37.9153 
v -8.56055 3.33948 -37.9153 
v -8.56055 3.33948 -37.0805 
v -8.45007 3.44996 -37.0805 
v -8.15141 3.50906 -37.9054 
v -8.18727 3.53984 -37.9153 
v -8.18727 3.53984 -37.0805 
v -8.15141 3.50906 -37.0936 
v -8.15141 3.09444 -37.9642 
v -8.18521 3.05906 -37.998 
v -7.65384 3.05906 -37.0645 
v -7.6888 3.09444 -37.9166 
v -7.65384 3.05906 -37.9312 
v -7.72064 3.05906 -37.998 
v -7.72064 3.09444 -37.961 
v -7.72064 3.09444 -37.961 
v -7.72064 3.05906 -37.998 
v -8.18521 3.05906 -37.998 
v -8.18521 3.05906 -36.9977 
v -7.72064 3.05906 -36.9977 
v -7.72064 3.09444 -37.0347 
v -8.15141 3.09444 -37.0315 
v -7.72064 3.09444 -37.0347 
v -7.72064 3.05906 -36.9977 
v -7.65384 3.05906 -37.0645 
v -7.6888 3.09444 -37.0791 
v -8.18727 3.53984 -37.9153 
v -8.31085 3.52089 -37.9153 
v -8.31085 3.52089 -37.0805 
v -8.18727 3.53984 -37.0805 
v -7.6888 3.09444 -37.9166 
v -7.72064 3.09444 -37.961 
v -7.72064 3.09444 -37.0347 
v -7.6888 3.09444 -37.0791 
v -7.72064 3.09444 -37.0347 
v -8.15141 3.09444 -37.9642 
v -8.15141 3.09444 -37.0315 
v -7.72064 3.09444 -37.961 
v -8.15141 3.09444 -37.9642 
v -7.72064 3.09444 -37.0347 
v -8.45007 3.44996 -37.9153 
v -8.56055 3.33948 -37.9153 
v -8.63148 3.20026 -37.9153 
v -8.63148 3.20026 -37.9153 
v -8.6207 3.05937 -37.9646 
v -8.65409 3.05937 -37.9312 
v -8.5673 3.17911 -37.0133 
v -8.6207 3.05937 -37.0311 
v -8.5873 3.05937 -36.9977 
v -8.5873 2.34718 -37.998 
v -8.6207 2.34718 -37.9646 
v -8.6207 3.05937 -37.9646 
v -8.5873 3.05937 -37.998 
v -8.5873 3.05937 -36.9977 
v -8.6207 3.05937 -37.0311 
v -8.6207 2.34718 -37.0311 
v -8.5873 2.34718 -36.9977 
v -8.56055 3.33948 -37.0805 
v -8.56055 3.33948 -37.9153 
v -8.63148 3.20026 -37.9153 
v -8.63148 3.20026 -37.0805 
v -8.56055 3.33948 -37.0805 
v -8.65409 3.05937 -37.9312 
v -8.65409 2.34717 -37.9312 
v -8.65409 2.34717 -37.0645 
v -8.65409 3.05937 -37.0645 
v -8.63148 3.20026 -37.9153 
v -8.65409 3.05937 -37.9312 
v -8.65409 3.05937 -37.0645 
v -8.63148 3.20026 -37.0805 
v -8.65409 2.34717 -37.0645 
v -8.65409 2.34717 -37.9312 
v -8.60851 2.27427 -37.8915 
v -8.60851 2.27427 -37.1042 
v -8.57817 2.27436 -37.9218 
v -8.50584 3.29973 -37.9823 
v -8.59939 3.18968 -37.0469 
v -8.65409 3.05937 -37.0645 
v -8.6207 3.05937 -37.0311 
v -8.6207 3.05937 -37.0311 
v -8.65409 3.05937 -37.0645 
v -8.65409 2.34717 -37.0645 
v -8.6207 2.34718 -37.0311 
v -8.59939 3.18968 -37.9488 
v -8.5873 3.05937 -37.998 
v -8.6207 3.05937 -37.9646 
v -8.6207 2.34718 -37.9646 
v -8.65409 2.34717 -37.9312 
v -8.65409 3.05937 -37.9312 
v -8.6207 3.05937 -37.9646 
v -8.31085 3.52089 -37.9153 
v -8.3004 3.48873 -37.9488 
v -8.43019 3.4226 -37.9488 
v -8.45007 3.44996 -37.9153 
v -8.45007 3.44996 -37.9153 
v -8.43019 3.4226 -37.9488 
v -8.53319 3.3196 -37.9488 
v -8.56055 3.33948 -37.9153 
v -8.56055 3.33948 -37.9153 
v -8.53319 3.3196 -37.9488 
v -8.59939 3.18968 -37.9488 
v -8.63148 3.20026 -37.9153 
v -8.63148 3.20026 -37.9153 
v -8.59939 3.18968 -37.9488 
v -8.6207 3.05937 -37.9646 
v -8.15141 2.27431 -37.9522 
v -7.76011 2.27445 -37.9522 
v -8.5873 2.34718 -37.998 
v -8.15141 2.34717 -37.998 
v -8.15141 2.27431 -37.9522 
v -8.54783 2.27445 -37.9522 
v -8.15141 2.34717 -37.998 
v -7.72064 2.34718 -37.998 
v -7.76011 2.27445 -37.9522 
v -8.15141 2.27431 -37.9522 
v -7.69943 2.27427 -37.8915 
v -8.57817 2.27436 -37.9218 
v -8.15141 3.50906 -37.9054 
v -8.18604 3.47241 -37.9823 
v -8.15141 3.46341 -37.9515 
v -8.15141 3.09444 -37.9642 
v -8.18521 3.05906 -37.998 
v -7.72064 3.09444 -37.961 
v -7.72064 3.09444 -37.961 
v -8.18521 3.05906 -37.998 
v -8.15141 3.09444 -37.9642 
v -8.28995 3.45657 -37.9823 
v -8.3004 3.48873 -37.9488 
v -8.18666 3.50612 -37.9488 
v -8.18604 3.47241 -37.9823 
v -7.72064 3.05906 -37.998 
v -7.65384 3.05906 -37.9312 
v -7.65384 2.34717 -37.9312 
v -8.5873 2.34718 -37.998 
v -8.5873 3.05937 -37.998 
v -8.18521 3.05906 -37.998 
v -8.15141 2.34717 -37.998 
v -7.72064 3.05906 -37.998 
v -7.72064 2.34718 -37.998 
v -8.15141 2.34717 -37.998 
v -8.18521 3.05906 -37.998 
v -8.41032 3.39525 -37.9823 
v -8.28995 3.45657 -37.9823 
v -8.18521 3.05906 -37.998 
v -8.50584 3.29973 -37.9823 
v -8.41032 3.39525 -37.9823 
v -8.18521 3.05906 -37.998 
v -8.5673 3.17911 -37.9823 
v -8.50584 3.29973 -37.9823 
v -8.18521 3.05906 -37.998 
v -8.5873 3.05937 -37.998 
v -8.5673 3.17911 -37.9823 
v -8.18521 3.05906 -37.998 
v -8.28995 3.45657 -37.9823 
v -8.18604 3.47241 -37.9823 
v -8.18521 3.05906 -37.998 
v -8.3004 3.48873 -37.9488 
v -8.28995 3.45657 -37.9823 
v -8.41032 3.39525 -37.9823 
v -8.43019 3.4226 -37.9488 
v -8.43019 3.4226 -37.9488 
v -8.41032 3.39525 -37.9823 
v -8.50584 3.29973 -37.9823 
v -8.53319 3.3196 -37.9488 
v -8.53319 3.3196 -37.9488 
v -8.50584 3.29973 -37.9823 
v -8.5673 3.17911 -37.9823 
v -8.59939 3.18968 -37.9488 
v -8.59939 3.18968 -37.9488 
v -8.5673 3.17911 -37.9823 
v -8.5873 3.05937 -37.998 
v -8.3004 3.48873 -37.9488 
v -8.31085 3.52089 -37.9153 
v -8.18727 3.53984 -37.9153 
v -8.18666 3.50612 -37.9488 
v -8.50584 3.29973 -37.0133 
v -8.6207 2.34718 -37.0311 
v -8.56055 3.33948 -37.0805 
v -8.15141 2.27431 -37.9522 
v -7.76011 2.27445 -37.9522 
v -7.76088 2.2744 -37.8898 
v -8.15142 2.27434 -37.8906 
v -7.72064 2.34718 -37.998 
v -7.65384 2.34717 -37.9312 
v -7.69943 2.27427 -37.8915 
v -7.76011 2.27445 -37.9522 
v -7.65384 2.34717 -37.0645 
v -7.72064 2.34718 -36.9977 
v -7.76011 2.27431 -37.0435 
v -7.69943 2.27427 -37.1042 
v -8.15141 2.27417 -37.0435 
v -8.5873 2.34718 -36.9977 
v -8.6207 2.34718 -37.0311 
v -8.57817 2.27429 -37.0739 
v -8.54783 2.27431 -37.0435 
v -8.65409 2.34717 -37.9312 
v -8.6207 2.34718 -37.9646 
v -8.57817 2.27436 -37.9218 
v -8.60851 2.27427 -37.8915 
v -8.18521 3.05906 -36.9977 
v -8.15143 2.27427 -37.1042 
v -7.77062 2.27427 -37.1042 
v -7.76011 2.27431 -37.0435 
v -8.15141 2.27417 -37.0435 
v -7.69943 2.27427 -37.8915 
v -7.76088 2.2744 -37.8898 
v -7.76011 2.27445 -37.9522 
v -7.76011 2.27431 -37.0435 
v -7.77062 2.27427 -37.1042 
v -7.69943 2.27427 -37.1042 
v -7.77062 2.27427 -37.1042 
v -7.76088 2.2744 -37.8898 
v -7.69943 2.27427 -37.8915 
v -7.69943 2.27427 -37.1042 
v -8.15142 2.27434 -37.8906 
v -7.76088 2.2744 -37.8898 
v -7.77062 2.27427 -37.1042 
v -8.15143 2.27427 -37.1042 
v -8.54962 2.27427 -37.1042 
v -8.54783 2.27431 -37.0435 
v -8.57817 2.27429 -37.0739 
v -8.60851 2.27427 -37.8915 
v -8.54951 2.27428 -37.8914 
v -8.54962 2.27427 -37.1042 
v -8.60851 2.27427 -37.1042 
v -8.54951 2.27428 -37.8914 
v -8.60851 2.27427 -37.8915 
v -8.57817 2.27436 -37.9218 
v -8.15141 2.27417 -37.0435 
v -8.54783 2.27431 -37.0435 
v -8.54962 2.27427 -37.1042 
v -8.15143 2.27427 -37.1042 
v -8.15143 2.27427 -37.1042 
v -8.54962 2.27427 -37.1042 
v -8.54951 2.27428 -37.8914 
v -8.15142 2.27434 -37.8906 
v -8.15142 2.27434 -37.8906 
v -8.54951 2.27428 -37.8914 
v -8.54783 2.27445 -37.9522 
v -8.15141 2.27431 -37.9522 
v -8.6207 2.34718 -37.0311 
v -8.65409 2.34717 -37.0645 
v -8.60851 2.27427 -37.1042 
v -8.57817 2.27429 -37.0739 
v -8.57817 2.27429 -37.0739 
v -8.60851 2.27427 -37.1042 
v -8.54962 2.27427 -37.1042 
v -8.6207 2.34718 -37.9646 
v -8.5873 2.34718 -37.998 
v -8.54783 2.27445 -37.9522 
v -8.57817 2.27436 -37.9218 
v -8.57817 2.27436 -37.9218 
v -8.54783 2.27445 -37.9522 
v -8.54951 2.27428 -37.8914 
v -7.76011 2.27445 -37.9522 
v -7.69943 2.27427 -37.8915 
v -7.65384 2.34717 -37.9312 
v -7.65384 2.34717 -37.0645 
v -7.69943 2.27427 -37.1042 
v -7.69943 2.27427 -37.8915 
v -7.76011 2.27431 -37.0435 
v -8.15141 3.50906 -37.9054 
v -8.15141 3.50906 -37.0936 
v -8.15141 3.50906 -37.9054 
v -8.15141 3.46341 -37.9515 
v -8.18604 3.47241 -37.9823 
v -8.18666 3.50612 -37.9488 
v -8.15141 3.09444 -37.9642 
v -8.18521 3.05906 -37.998 
v -7.65384 3.05906 -37.9312 
v -7.6888 3.09444 -37.9166 
v -7.6888 3.09444 -37.0791 
v -7.65384 3.05906 -37.0645 
v -7.6888 3.09444 -37.9166 
v -7.72064 3.05906 -37.998 
v -7.72064 3.09444 -37.961 
v -8.18727 3.53984 -37.0805 
v -8.18666 3.50612 -37.0469 
v -8.15141 3.50906 -37.0936 
v -8.18521 3.05906 -36.9977 
v -7.72064 3.09444 -37.0347 
v -7.72064 3.05906 -37.998 
v -7.65384 2.34717 -37.9312 
v -7.72064 2.34718 -37.998 
v -7.72064 2.34718 -36.9977 
v -7.65384 2.34717 -37.0645 
v -7.65384 3.05906 -37.0645 
v -7.65384 2.34717 -37.9312 
v -7.65384 3.05906 -37.9312 
v -7.65384 3.05906 -37.0645 
v -7.65384 2.34717 -37.0645 
v -8.15141 3.46341 -37.9515 
v -8.15141 3.50906 -37.9054 
v -8.15141 3.50906 -37.0936 
v -8.15141 3.46341 -37.0446 
v -8.15141 3.09444 -37.9642 
v -8.15141 3.46341 -37.0446 
v -8.15141 3.09444 -37.0315 
v -8.15141 3.09444 -37.9642 
v -8.15141 3.46341 -37.9515 
v -8.15141 3.46341 -37.0446 
v -8.18666 3.50612 -37.0469 
v -8.18604 3.47241 -37.0133 
v -8.15141 3.46341 -37.0446 
v -8.15141 3.50906 -37.0936 
v -8.18666 3.50612 -37.9488 
v -8.18727 3.53984 -37.9153 
v -8.15141 3.50906 -37.9054 

vn -0.212598 0.669291 0.708661 
vn -0.212598 0.669291 0.708661 
vn -0.417323 0.566929 0.708661 
vn -0.417323 0.566929 0.708661 
vn -0.417323 0.566929 0.708661 
vn -0.417323 0.566929 0.708661 
vn -0.566929 0.417323 0.708661 
vn -0.566929 0.417323 0.708661 
vn -0.566929 0.417323 0.708661 
vn -0.566929 0.417323 0.708661 
vn -0.661417 0.259843 0.708661 
vn -0.661417 0.259843 0.700787 
vn -0.661417 0.259843 0.700787 
vn -0.661417 0.259843 0.708661 
vn -0.700787 0.102362 0.708661 
vn -0.708661 0 0.708661 
vn -0.307087 0.952756 0 
vn -0.811024 0.590551 0 
vn 0.543307 -0.637795 0.543307 
vn 0 -0.535433 0.850394 
vn 0 -0.535433 0.850394 
vn 0 -0.535433 0.850394 
vn 0 -0.535433 0.850394 
vn 0 -0.535433 0.850394 
vn 0 -0.535433 0.850394 
vn 0 -0.535433 0.850394 
vn 0 -0.535433 0.850394 
vn 0.653543 0.755906 0 
vn 0.708661 0.700787 0 
vn 0.685039 0.023622 0.732283 
vn 0.685039 0.023622 0.732283 
vn 0.685039 0.023622 0.732283 
vn 0.685039 0.023622 0.732283 
vn 0 0.708661 0.708661 
vn 0 0.708661 0.708661 
vn 0 0.708661 0.708661 
vn 0 0.708661 0.708661 
vn -0.212598 0.669291 0.708661 
vn -0.212598 0.669291 0.708661 
vn -0.110236 0.700787 0.708661 
vn -0.110236 0.700787 0.708661 
vn 0.708661 0 0.708661 
vn 0.708661 0 0.708661 
vn 0.708661 0 0.708661 
vn 0 0.0629921 1 
vn 0 0 1 
vn 0 0 1 
vn -0.00787402 0.015748 1 
vn 0 0 1 
vn 0 0 1 
vn -0.00787402 0.015748 1 
vn 0 0 1 
vn -0.00787402 0.0393701 1 
vn -0.023622 0.0314961 1 
vn -0.00787402 0.015748 1 
vn -0.023622 0.0314961 1 
vn -0.0314961 0.023622 1 
vn -0.00787402 0.015748 1 
vn -0.0314961 0.023622 1 
vn -0.015748 0.0708661 1 
vn -0.00787402 0.015748 1 
vn -0.015748 0.0708661 1 
vn 0 0.0629921 1 
vn -0.00787402 0.015748 1 
vn -0.00787402 0.0393701 1 
vn -0.00787402 0.0393701 1 
vn -0.00787402 0.015748 1 
vn -0.212598 0.669291 0.708661 
vn -0.212598 0.669291 0.708661 
vn -0.417323 0.566929 0.708661 
vn -0.417323 0.566929 0.708661 
vn -0.417323 0.566929 0.708661 
vn -0.417323 0.566929 0.708661 
vn -0.566929 0.417323 0.708661 
vn -0.566929 0.417323 0.708661 
vn -0.566929 0.417323 0.708661 
vn -0.566929 0.417323 0.708661 
vn -0.661417 0.259843 0.708661 
vn -0.661417 0.259843 0.708661 
vn -0.661417 0.259843 0.708661 
vn -0.661417 0.259843 0.708661 
vn -0.700787 0.0944882 0.708661 
vn -0.212598 0.669291 0.708661 
vn -0.212598 0.669291 0.708661 
vn -0.110236 0.700787 0.708661 
vn -0.110236 0.700787 0.708661 
vn -0.417323 0.566929 -0.708661 
vn -0.566929 0.417323 -0.708661 
vn -0.307087 0.952756 0 
vn -0.590551 0.811024 0 
vn -0.590551 0.811024 0 
vn -0.307087 0.952756 0 
vn -0.590551 0.811024 0 
vn -0.811024 0.590551 0 
vn -0.811024 0.590551 0 
vn -0.590551 0.811024 0 
vn 0.653543 0.755906 0 
vn 0.653543 0.755906 0 
vn 0.653543 0.755906 0 
vn 0.653543 0.755906 0 
vn 0.677165 0.023622 -0.732283 
vn 0.677165 0.023622 -0.732283 
vn 0.708661 0.700787 0 
vn 0.566929 0.645669 -0.503937 
vn 0.566929 0.645669 -0.503937 
vn 0.566929 0.645669 -0.503937 
vn 0.566929 0.645669 -0.503937 
vn 0 0.708661 -0.708661 
vn 0 0.708661 -0.708661 
vn 0 0.708661 -0.708661 
vn 0.685039 0.023622 0.732283 
vn 0 0.708661 0.708661 
vn 0 0.708661 0.708661 
vn 0 0.708661 0.708661 
vn 0.566929 0.645669 0.503937 
vn 0.566929 0.645669 0.503937 
vn 0.566929 0.645669 0.503937 
vn 0.566929 0.645669 0.503937 
vn -0.149606 0.992126 0 
vn -0.307087 0.952756 0 
vn -0.307087 0.952756 0 
vn -0.149606 0.992126 0 
vn 0 1 0 
vn 0 1 0 
vn 0 1 0 
vn 0 1 0 
vn 0 1 0 
vn 0 1 0 
vn 0 1 0 
vn 0 1 0 
vn 0 1 0 
vn 0 1 0 
vn -0.417323 0.566929 -0.708661 
vn -0.566929 0.417323 -0.708661 
vn -0.661417 0.259843 -0.708661 
vn -0.661417 0.259843 -0.708661 
vn -0.700787 0.102362 -0.708661 
vn -0.700787 0.0944882 -0.708661 
vn -0.661417 0.259843 0.700787 
vn -0.700787 0.102362 0.708661 
vn -0.700787 0.102362 0.708661 
vn -0.708661 0 -0.708661 
vn -0.708661 0 -0.708661 
vn -0.700787 0.102362 -0.708661 
vn -0.700787 0.102362 -0.708661 
vn -0.700787 0.102362 0.708661 
vn -0.700787 0.102362 0.708661 
vn -0.708661 0 0.708661 
vn -0.708661 0 0.708661 
vn -0.811024 0.590551 0 
vn -0.811024 0.590551 0 
vn -0.952756 0.307087 0 
vn -0.952756 0.307087 0 
vn -0.811024 0.590551 0 
vn -1 0.0787402 0 
vn -1 0 0 
vn -1 0 0 
vn -1 0.0787402 0 
vn -0.952756 0.307087 0 
vn -1 0.0787402 0 
vn -1 0.0787402 0 
vn -0.952756 0.307087 0 
vn -0.850394 -0.527559 0 
vn -0.850394 -0.527559 0 
vn -0.850394 -0.527559 0 
vn -0.850394 -0.527559 0 
vn -0.543307 -0.637795 -0.543307 
vn -0.0314961 0.023622 -1 
vn -0.661417 0.259843 0.708661 
vn -0.700787 0.0944882 0.708661 
vn -0.700787 0.102362 0.708661 
vn -0.700787 0.102362 0.708661 
vn -0.700787 0.0944882 0.708661 
vn -0.708661 0 0.708661 
vn -0.708661 0 0.708661 
vn -0.661417 0.259843 -0.708661 
vn -0.700787 0.102362 -0.708661 
vn -0.700787 0.102362 -0.708661 
vn -0.708661 0 -0.708661 
vn -0.708661 0 -0.708661 
vn -0.700787 0.0944882 -0.708661 
vn -0.700787 0.102362 -0.708661 
vn -0.212598 0.669291 -0.708661 
vn -0.212598 0.669291 -0.708661 
vn -0.417323 0.566929 -0.708661 
vn -0.417323 0.566929 -0.708661 
vn -0.417323 0.566929 -0.708661 
vn -0.417323 0.566929 -0.708661 
vn -0.566929 0.417323 -0.708661 
vn -0.566929 0.417323 -0.708661 
vn -0.566929 0.417323 -0.708661 
vn -0.566929 0.417323 -0.708661 
vn -0.661417 0.259843 -0.708661 
vn -0.661417 0.259843 -0.708661 
vn -0.661417 0.259843 -0.708661 
vn -0.661417 0.259843 -0.708661 
vn -0.700787 0.102362 -0.708661 
vn 0 -1 0 
vn 0 -1 0 
vn 0 -0.535433 -0.84252 
vn 0 -0.535433 -0.84252 
vn 0 -0.535433 -0.84252 
vn 0 -0.535433 -0.84252 
vn 0 -0.535433 -0.84252 
vn 0 -0.535433 -0.84252 
vn 0 -0.535433 -0.84252 
vn 0 -0.535433 -0.84252 
vn 0.543307 -0.637795 -0.543307 
vn -0.543307 -0.637795 -0.543307 
vn 0.653543 0.755906 0 
vn 0.677165 0.023622 -0.732283 
vn 0.677165 0.023622 -0.732283 
vn 0.677165 0.023622 -0.732283 
vn 0.677165 0.023622 -0.732283 
vn 0.566929 0.645669 -0.503937 
vn 0 0.708661 -0.708661 
vn 0 0.708661 -0.708661 
vn 0 0.708661 -0.708661 
vn -0.212598 0.669291 -0.708661 
vn -0.212598 0.669291 -0.708661 
vn -0.110236 0.700787 -0.708661 
vn -0.110236 0.700787 -0.708661 
vn 0.708661 0 -0.708661 
vn 0.708661 0 -0.708661 
vn 0.708661 0 -0.708661 
vn 0 0 -1 
vn 0 0.0629921 -1 
vn -0.00787402 0.015748 -1 
vn 0 0 -1 
vn 0 0 -1 
vn 0 0 -1 
vn 0 0 -1 
vn -0.00787402 0.015748 -1 
vn -0.023622 0.0314961 -1 
vn -0.00787402 0.0393701 -1 
vn -0.00787402 0.015748 -1 
vn -0.0314961 0.023622 -1 
vn -0.023622 0.0314961 -1 
vn -0.00787402 0.015748 -1 
vn -0.015748 0.0708661 -1 
vn -0.0314961 0.023622 -1 
vn -0.00787402 0.015748 -1 
vn 0 0.0629921 -1 
vn -0.015748 0.0708661 -1 
vn -0.00787402 0.015748 -1 
vn -0.00787402 0.0393701 -1 
vn -0.00787402 0.0393701 -1 
vn -0.00787402 0.015748 -1 
vn -0.212598 0.669291 -0.708661 
vn -0.212598 0.669291 -0.708661 
vn -0.417323 0.566929 -0.708661 
vn -0.417323 0.566929 -0.708661 
vn -0.417323 0.566929 -0.708661 
vn -0.417323 0.566929 -0.708661 
vn -0.566929 0.417323 -0.708661 
vn -0.566929 0.417323 -0.708661 
vn -0.566929 0.417323 -0.708661 
vn -0.566929 0.417323 -0.708661 
vn -0.661417 0.259843 -0.708661 
vn -0.661417 0.259843 -0.708661 
vn -0.661417 0.259843 -0.708661 
vn -0.661417 0.259843 -0.708661 
vn -0.700787 0.102362 -0.708661 
vn -0.212598 0.669291 -0.708661 
vn -0.212598 0.669291 -0.708661 
vn -0.110236 0.700787 -0.708661 
vn -0.110236 0.700787 -0.708661 
vn -0.566929 0.417323 0.708661 
vn -0.708661 0 0.708661 
vn -0.811024 0.590551 0 
vn 0 -1 0 
vn 0 -1 0 
vn 0 -1 0 
vn 0 -1 0 
vn 0.543307 -0.637795 -0.543307 
vn 0.543307 -0.637795 -0.543307 
vn 0.543307 -0.637795 -0.543307 
vn 0.543307 -0.637795 -0.543307 
vn 0.543307 -0.637795 0.543307 
vn 0.543307 -0.637795 0.543307 
vn 0.543307 -0.637795 0.543307 
vn 0.543307 -0.637795 0.543307 
vn 0 -0.535433 0.850394 
vn -0.543307 -0.637795 0.543307 
vn -0.543307 -0.637795 0.543307 
vn -0.543307 -0.637795 0.543307 
vn -0.543307 -0.637795 0.543307 
vn -0.543307 -0.637795 -0.543307 
vn -0.543307 -0.637795 -0.543307 
vn -0.543307 -0.637795 -0.543307 
vn -0.543307 -0.637795 -0.543307 
vn 0.685039 0.023622 0.732283 
vn 0 -1 0 
vn 0 -1 0 
vn 0 -1 0 
vn 0 -1 0 
vn 0 -1 0 
vn 0 -1 0 
vn 0 -1 0 
vn 0 -1 0 
vn 0 -1 0 
vn 0 -1 0 
vn 0 -1 0 
vn 0 -1 0 
vn 0 -1 0 
vn 0 -1 0 
vn 0 -1 0 
vn 0 -1 0 
vn 0 -1 0 
vn 0 -1 0 
vn 0 -1 0 
vn 0 -1 0 
vn 0 -1 0 
vn 0 -1 0 
vn 0 -1 0 
vn 0 -1 0 
vn 0 -1 0 
vn 0 -1 0 
vn 0 -1 0 
vn 0 -1 0 
vn 0 -1 0 
vn 0 -1 0 
vn 0 -1 0 
vn 0 -1 0 
vn 0 -1 0 
vn 0 -1 0 
vn 0 -1 0 
vn 0 -1 0 
vn 0 -1 0 
vn 0 -1 0 
vn 0 -1 0 
vn 0 -1 0 
vn -0.543307 -0.637795 0.543307 
vn -0.543307 -0.637795 0.543307 
vn -0.543307 -0.637795 0.543307 
vn -0.543307 -0.637795 0.543307 
vn 0 -1 0 
vn 0 -1 0 
vn 0 -1 0 
vn -0.543307 -0.637795 -0.543307 
vn -0.543307 -0.637795 -0.543307 
vn -0.543307 -0.637795 -0.543307 
vn -0.543307 -0.637795 -0.543307 
vn 0 -1 0 
vn 0 -1 0 
vn 0 -1 0 
vn 0 -1 0 
vn 0.543307 -0.637795 -0.543307 
vn 0.850394 -0.527559 0 
vn 0.850394 -0.527559 0 
vn 0.850394 -0.527559 0 
vn 0.850394 -0.527559 0 
vn 0.543307 -0.637795 0.543307 
vn 0.653543 0.755906 0 
vn 0.653543 0.755906 0 
vn 0.629921 0.551181 -0.543307 
vn 0.629921 0.551181 -0.543307 
vn 0.629921 0.551181 -0.543307 
vn 0.629921 0.551181 -0.543307 
vn 0.677165 0.023622 -0.732283 
vn 0.677165 0.023622 -0.732283 
vn 0.708661 0.700787 0 
vn 0.708661 0.700787 0 
vn 0.708661 0.700787 0 
vn 0.708661 0.700787 0 
vn 0.566929 0.645669 -0.503937 
vn 0.566929 0.645669 -0.503937 
vn 0.566929 0.645669 -0.503937 
vn 0.653543 0.535433 0.527559 
vn 0.653543 0.535433 0.527559 
vn 0.653543 0.535433 0.527559 
vn 0.685039 0.023622 0.732283 
vn 0 0.708661 0.708661 
vn 0.708661 0 -0.708661 
vn 0.708661 0 -0.708661 
vn 0.708661 0 -0.708661 
vn 0.708661 0 0.708661 
vn 0.708661 0 0.708661 
vn 0.708661 0 0.708661 
vn 1 0 0 
vn 1 0 0 
vn 1 0 0 
vn 1 0 0 
vn 1 0 0 
vn 1 0 0 
vn 1 0 0 
vn 1 0 0 
vn 1 0 0 
vn 1 0 0 
vn 1 0 0 
vn 1 0 0 
vn 1 0 0 
vn 1 0 0 
vn 0.637795 0.559055 0.527559 
vn 0.637795 0.559055 0.527559 
vn 0.637795 0.559055 0.527559 
vn 0.637795 0.559055 0.527559 
vn 0.629921 0.559055 -0.543307 
vn 0.629921 0.559055 -0.543307 
vn 0.629921 0.559055 -0.543307 

vt 1.34152 2.54322 
vt 1.34021 2.54724 
vt 1.32399 2.53898 
vt 1.32647 2.53556 
vt 1.32647 2.53556 
vt 1.32399 2.53898 
vt 1.31111 2.5261 
vt 1.31453 2.52362 
vt 1.31453 2.52362 
vt 1.31111 2.5261 
vt 1.30284 2.50986 
vt 1.30685 2.50854 
vt 1.30685 2.50854 
vt 1.30284 2.50986 
vt 1.30018 2.49357 
vt 1.30018 2.40455 
vt 1.33891 2.55126 
vt 1.30769 2.52858 
vt 1.40775 2.39544 
vt 1.41268 2.40455 
vt 1.35884 2.40455 
vt 1.35884 2.39542 
vt 1.40775 2.39544 
vt 1.35884 2.40455 
vt 1.30435 2.40455 
vt 1.30928 2.39544 
vt 1.35884 2.39542 
vt 1.35884 2.54978 
vt 1.42103 2.49353 
vt 1.35884 2.54408 
vt 1.35451 2.5452 
vt 1.35461 2.49353 
vt 1.35884 2.49796 
vt 1.41268 2.49353 
vt 1.41268 2.49796 
vt 1.35884 2.49796 
vt 1.35461 2.49353 
vt 1.33891 2.55126 
vt 1.34021 2.54724 
vt 1.35443 2.54942 
vt 1.35435 2.55363 
vt 1.41268 2.40455 
vt 1.42103 2.49353 
vt 1.41268 2.49353 
vt 1.30435 2.49357 
vt 1.30435 2.40455 
vt 1.35884 2.40455 
vt 1.35461 2.49353 
vt 1.41268 2.40455 
vt 1.41268 2.49353 
vt 1.35461 2.49353 
vt 1.35884 2.40455 
vt 1.34152 2.54322 
vt 1.32647 2.53556 
vt 1.35461 2.49353 
vt 1.32647 2.53556 
vt 1.31453 2.52362 
vt 1.35461 2.49353 
vt 1.31453 2.52362 
vt 1.30685 2.50854 
vt 1.35461 2.49353 
vt 1.30685 2.50854 
vt 1.30435 2.49357 
vt 1.35461 2.49353 
vt 1.35451 2.5452 
vt 1.34152 2.54322 
vt 1.35461 2.49353 
vt 1.34021 2.54724 
vt 1.33891 2.55126 
vt 1.3215 2.5424 
vt 1.32399 2.53898 
vt 1.32399 2.53898 
vt 1.3215 2.5424 
vt 1.30769 2.52858 
vt 1.31111 2.5261 
vt 1.31111 2.5261 
vt 1.30769 2.52858 
vt 1.29883 2.51118 
vt 1.30284 2.50986 
vt 1.30284 2.50986 
vt 1.29883 2.51118 
vt 1.296 2.49357 
vt 1.34021 2.54724 
vt 1.34152 2.54322 
vt 1.35451 2.5452 
vt 1.35443 2.54942 
vt 1.4107 2.51154 
vt 1.4107 2.52535 
vt 1.4107 2.49414 
vt 1.4107 2.51154 
vt 1.30635 2.51154 
vt 1.30635 2.49414 
vt 1.4107 2.51154 
vt 1.4107 2.52535 
vt 1.30635 2.52535 
vt 1.30635 2.51154 
vt 1.40946 2.47421 
vt 1.4107 2.47869 
vt 1.30635 2.47869 
vt 1.30799 2.47421 
vt 1.41681 2.47421 
vt 1.42103 2.47843 
vt 1.30435 2.41201 
vt 1.41086 2.41638 
vt 1.41268 2.41201 
vt 1.42103 2.42036 
vt 1.41641 2.42036 
vt 1.41641 2.42036 
vt 1.42103 2.42036 
vt 1.42103 2.47843 
vt 1.296 2.47843 
vt 1.296 2.42036 
vt 1.30062 2.42036 
vt 1.30022 2.47421 
vt 1.30062 2.42036 
vt 1.296 2.42036 
vt 1.30435 2.41201 
vt 1.30617 2.41638 
vt 1.4107 2.47869 
vt 1.4107 2.49414 
vt 1.30635 2.49414 
vt 1.30635 2.47869 
vt 1.41086 2.41638 
vt 1.41641 2.42036 
vt 1.30062 2.42036 
vt 1.30617 2.41638 
vt 1.30062 2.42036 
vt 1.41681 2.47421 
vt 1.30022 2.47421 
vt 1.41641 2.42036 
vt 1.41681 2.47421 
vt 1.30062 2.42036 
vt 1.30634 2.5424 
vt 1.30634 2.52858 
vt 1.30634 2.51118 
vt 1.30634 2.51118 
vt 1.30017 2.49357 
vt 1.30435 2.49357 
vt 1.41908 2.50854 
vt 1.41686 2.49357 
vt 1.42103 2.49357 
vt 1.296 2.40455 
vt 1.30017 2.40455 
vt 1.30017 2.49357 
vt 1.296 2.49357 
vt 1.42103 2.49357 
vt 1.41686 2.49357 
vt 1.41686 2.40455 
vt 1.42103 2.40455 
vt 1.41069 2.52858 
vt 1.30634 2.52858 
vt 1.30634 2.51118 
vt 1.41069 2.51118 
vt 1.41069 2.52858 
vt 1.30435 2.49357 
vt 1.30435 2.40455 
vt 1.41268 2.40455 
vt 1.41268 2.49357 
vt 1.30634 2.51118 
vt 1.30435 2.49357 
vt 1.41268 2.49357 
vt 1.41069 2.51118 
vt 1.41268 2.40455 
vt 1.30435 2.40455 
vt 1.30931 2.39543 
vt 1.40772 2.39543 
vt 1.30552 2.39545 
vt 1.29795 2.52362 
vt 1.41488 2.50986 
vt 1.41268 2.49357 
vt 1.41686 2.49357 
vt 1.41686 2.49357 
vt 1.41268 2.49357 
vt 1.41268 2.40455 
vt 1.41686 2.40455 
vt 1.30215 2.50986 
vt 1.296 2.49357 
vt 1.30017 2.49357 
vt 1.30017 2.40455 
vt 1.30435 2.40455 
vt 1.30435 2.49357 
vt 1.30017 2.49357 
vt 1.37813 2.55126 
vt 1.37682 2.54724 
vt 1.39304 2.53898 
vt 1.39553 2.5424 
vt 1.39553 2.5424 
vt 1.39304 2.53898 
vt 1.40592 2.5261 
vt 1.40934 2.52858 
vt 1.40934 2.52858 
vt 1.40592 2.5261 
vt 1.41419 2.50986 
vt 1.41821 2.51118 
vt 1.41821 2.51118 
vt 1.41419 2.50986 
vt 1.41686 2.49357 
vt 1.3582 2.39544 
vt 1.30928 2.39546 
vt 1.41268 2.40455 
vt 1.3582 2.40455 
vt 1.3582 2.39544 
vt 1.40775 2.39546 
vt 1.3582 2.40455 
vt 1.30435 2.40455 
vt 1.30928 2.39546 
vt 1.3582 2.39544 
vt 1.3017 2.39543 
vt 1.41154 2.39545 
vt 1.3582 2.54978 
vt 1.36253 2.5452 
vt 1.3582 2.54408 
vt 1.3582 2.49796 
vt 1.36242 2.49353 
vt 1.30435 2.49796 
vt 1.30435 2.49796 
vt 1.36242 2.49353 
vt 1.3582 2.49796 
vt 1.37551 2.54322 
vt 1.37682 2.54724 
vt 1.3626 2.54942 
vt 1.36253 2.5452 
vt 1.30435 2.49353 
vt 1.296 2.49353 
vt 1.296 2.40455 
vt 1.41268 2.40455 
vt 1.41268 2.49357 
vt 1.36242 2.49353 
vt 1.3582 2.40455 
vt 1.30435 2.49353 
vt 1.30435 2.40455 
vt 1.3582 2.40455 
vt 1.36242 2.49353 
vt 1.39056 2.53556 
vt 1.37551 2.54322 
vt 1.36242 2.49353 
vt 1.4025 2.52362 
vt 1.39056 2.53556 
vt 1.36242 2.49353 
vt 1.41018 2.50854 
vt 1.4025 2.52362 
vt 1.36242 2.49353 
vt 1.41268 2.49357 
vt 1.41018 2.50854 
vt 1.36242 2.49353 
vt 1.37551 2.54322 
vt 1.36253 2.5452 
vt 1.36242 2.49353 
vt 1.37682 2.54724 
vt 1.37551 2.54322 
vt 1.39056 2.53556 
vt 1.39304 2.53898 
vt 1.39304 2.53898 
vt 1.39056 2.53556 
vt 1.4025 2.52362 
vt 1.40592 2.5261 
vt 1.40592 2.5261 
vt 1.4025 2.52362 
vt 1.41018 2.50854 
vt 1.41419 2.50986 
vt 1.41419 2.50986 
vt 1.41018 2.50854 
vt 1.41268 2.49357 
vt 1.37682 2.54724 
vt 1.37813 2.55126 
vt 1.36268 2.55363 
vt 1.3626 2.54942 
vt 1.41908 2.51851 
vt 1.41686 2.53287 
vt 1.41069 2.52535 
vt 1.30173 2.47421 
vt 1.30173 2.42529 
vt 1.30952 2.42539 
vt 1.30943 2.47421 
vt 1.296 2.42036 
vt 1.30435 2.41201 
vt 1.30931 2.41771 
vt 1.30173 2.42529 
vt 1.41268 2.41201 
vt 1.42103 2.42036 
vt 1.41531 2.42529 
vt 1.40772 2.41771 
vt 1.41531 2.47421 
vt 1.42103 2.52869 
vt 1.41686 2.53287 
vt 1.41151 2.52755 
vt 1.41531 2.52376 
vt 1.30435 2.53704 
vt 1.30017 2.53287 
vt 1.30552 2.52755 
vt 1.30931 2.53134 
vt 1.42103 2.47843 
vt 1.40772 2.47421 
vt 1.40772 2.42661 
vt 1.41531 2.42529 
vt 1.41531 2.47421 
vt 1.30931 2.41771 
vt 1.30952 2.42539 
vt 1.30173 2.42529 
vt 1.41531 2.42529 
vt 1.40772 2.42661 
vt 1.40772 2.41771 
vt 1.40772 2.42661 
vt 1.30952 2.42539 
vt 1.30931 2.41771 
vt 1.40772 2.41771 
vt 1.30943 2.47421 
vt 1.30952 2.42539 
vt 1.40772 2.42661 
vt 1.40772 2.47421 
vt 1.40772 2.52398 
vt 1.41531 2.52376 
vt 1.41151 2.52755 
vt 1.30931 2.53134 
vt 1.30933 2.52397 
vt 1.40772 2.52398 
vt 1.40772 2.53134 
vt 1.30933 2.52397 
vt 1.30931 2.53134 
vt 1.30552 2.52755 
vt 1.41531 2.47421 
vt 1.41531 2.52376 
vt 1.40772 2.52398 
vt 1.40772 2.47421 
vt 1.40772 2.47421 
vt 1.40772 2.52398 
vt 1.30933 2.52397 
vt 1.30943 2.47421 
vt 1.30943 2.47421 
vt 1.30933 2.52397 
vt 1.30173 2.52376 
vt 1.30173 2.47421 
vt 1.41686 2.53287 
vt 1.41268 2.53704 
vt 1.40772 2.53134 
vt 1.41151 2.52755 
vt 1.41151 2.52755 
vt 1.40772 2.53134 
vt 1.40772 2.52398 
vt 1.30017 2.53287 
vt 1.296 2.52869 
vt 1.30173 2.52376 
vt 1.30552 2.52755 
vt 1.30552 2.52755 
vt 1.30173 2.52376 
vt 1.30933 2.52397 
vt 1.41531 2.39546 
vt 1.40772 2.39543 
vt 1.41268 2.40455 
vt 1.30435 2.40455 
vt 1.30931 2.39543 
vt 1.40772 2.39543 
vt 1.30173 2.39544 
vt 1.40946 2.54978 
vt 1.30799 2.54978 
vt 1.40946 2.54978 
vt 1.41523 2.54408 
vt 1.41908 2.5452 
vt 1.41489 2.54942 
vt 1.41681 2.49796 
vt 1.42103 2.49353 
vt 1.41268 2.49353 
vt 1.41086 2.49796 
vt 1.30617 2.49796 
vt 1.30435 2.49353 
vt 1.41086 2.49796 
vt 1.42103 2.49353 
vt 1.41641 2.49796 
vt 1.30635 2.55363 
vt 1.30215 2.54942 
vt 1.30799 2.54978 
vt 1.296 2.49353 
vt 1.30062 2.49796 
vt 1.42103 2.49353 
vt 1.41268 2.40455 
vt 1.42103 2.40455 
vt 1.296 2.40455 
vt 1.30435 2.40455 
vt 1.30435 2.49353 
vt 1.41268 2.40455 
vt 1.41268 2.49353 
vt 1.30435 2.49353 
vt 1.30435 2.40455 
vt 1.41523 2.54408 
vt 1.40946 2.54978 
vt 1.30799 2.54978 
vt 1.30187 2.54408 
vt 1.41681 2.49796 
vt 1.30187 2.54408 
vt 1.30022 2.49796 
vt 1.41681 2.49796 
vt 1.41523 2.54408 
vt 1.30187 2.54408 
vt 1.30215 2.54942 
vt 1.29795 2.5452 
vt 1.30187 2.54408 
vt 1.30799 2.54978 
vt 1.41489 2.54942 
vt 1.4107 2.55363 
vt 1.40946 2.54978 

usemtl Union3Mtl

f 8415/8415/8415 8416/8416/8416 8417/8417/8417 
f 8415/8415/8415 8417/8417/8417 8418/8418/8418 
f 8419/8419/8419 8420/8420/8420 8421/8421/8421 
f 8419/8419/8419 8421/8421/8421 8422/8422/8422 
f 8423/8423/8423 8424/8424/8424 8425/8425/8425 
f 8423/8423/8423 8425/8425/8425 8426/8426/8426 
f 8427/8427/8427 8428/8428/8428 8429/8429/8429 
f 8434/8434/8434 8435/8435/8435 8436/8436/8436 
f 8434/8434/8434 8436/8436/8436 8437/8437/8437 
f 8438/8438/8438 8439/8439/8439 8440/8440/8440 
f 8438/8438/8438 8440/8440/8440 8441/8441/8441 
f 8444/8444/8444 8445/8445/8445 8446/8446/8446 
f 8444/8444/8444 8446/8446/8446 8447/8447/8447 
f 8448/8448/8448 8450/8450/8450 8451/8451/8451 
f 8452/8452/8452 8453/8453/8453 8454/8454/8454 
f 8452/8452/8452 8454/8454/8454 8455/8455/8455 
f 8456/8456/8456 8457/8457/8457 8458/8458/8458 
f 8459/8459/8459 8460/8460/8460 8461/8461/8461 
f 8459/8459/8459 8461/8461/8461 8462/8462/8462 
f 8463/8463/8463 8464/8464/8464 8465/8465/8465 
f 8463/8463/8463 8465/8465/8465 8466/8466/8466 
f 8467/8467/8467 8468/8468/8468 8469/8469/8469 
f 8470/8470/8470 8471/8471/8471 8472/8472/8472 
f 8473/8473/8473 8474/8474/8474 8475/8475/8475 
f 8476/8476/8476 8477/8477/8477 8478/8478/8478 
f 8479/8479/8479 8480/8480/8480 8481/8481/8481 
f 8482/8482/8482 8483/8483/8483 8484/8484/8484 
f 8482/8482/8482 8484/8484/8484 8485/8485/8485 
f 8486/8486/8486 8487/8487/8487 8488/8488/8488 
f 8486/8486/8486 8488/8488/8488 8489/8489/8489 
f 8490/8490/8490 8491/8491/8491 8492/8492/8492 
f 8490/8490/8490 8492/8492/8492 8493/8493/8493 
f 8494/8494/8494 8495/8495/8495 8496/8496/8496 
f 8497/8497/8497 8498/8498/8498 8499/8499/8499 
f 8497/8497/8497 8499/8499/8499 8500/8500/8500 
f 8503/8503/8503 8504/8504/8504 8505/8505/8505 
f 8503/8503/8503 8505/8505/8505 8506/8506/8506 
f 8507/8507/8507 8508/8508/8508 8509/8509/8509 
f 8507/8507/8507 8509/8509/8509 8510/8510/8510 
f 8511/8511/8511 8512/8512/8512 8513/8513/8513 
f 8511/8511/8511 8513/8513/8513 8514/8514/8514 
f 8518/8518/8518 8519/8519/8519 8520/8520/8520 
f 8522/8522/8522 8523/8523/8523 8524/8524/8524 
f 8526/8526/8526 8527/8527/8527 8528/8528/8528 
f 8529/8529/8529 8530/8530/8530 8531/8531/8531 
f 8529/8529/8529 8531/8531/8531 8532/8532/8532 
f 8533/8533/8533 8534/8534/8534 8535/8535/8535 
f 8533/8533/8533 8535/8535/8535 8536/8536/8536 
f 8537/8537/8537 8538/8538/8538 8539/8539/8539 
f 8537/8537/8537 8539/8539/8539 8540/8540/8540 
f 8541/8541/8541 8542/8542/8542 8543/8543/8543 
f 8544/8544/8544 8545/8545/8545 8546/8546/8546 
f 8550/8550/8550 8551/8551/8551 8552/8552/8552 
f 8553/8553/8553 8554/8554/8554 8555/8555/8555 
f 8556/8556/8556 8557/8557/8557 8558/8558/8558 
f 8556/8556/8556 8558/8558/8558 8559/8559/8559 
f 8560/8560/8560 8561/8561/8561 8562/8562/8562 
f 8560/8560/8560 8562/8562/8562 8563/8563/8563 
f 8565/8565/8565 8566/8566/8566 8567/8567/8567 
f 8565/8565/8565 8567/8567/8567 8568/8568/8568 
f 8569/8569/8569 8570/8570/8570 8571/8571/8571 
f 8569/8569/8569 8571/8571/8571 8572/8572/8572 
f 8573/8573/8573 8574/8574/8574 8575/8575/8575 
f 8573/8573/8573 8575/8575/8575 8576/8576/8576 
f 8577/8577/8577 8578/8578/8578 8579/8579/8579 
f 8577/8577/8577 8579/8579/8579 8580/8580/8580 
f 8583/8583/8583 8584/8584/8584 8585/8585/8585 
f 8586/8586/8586 8587/8587/8587 8588/8588/8588 
f 8586/8586/8586 8588/8588/8588 8589/8589/8589 
f 8590/8590/8590 8591/8591/8591 8592/8592/8592 
f 8593/8593/8593 8594/8594/8594 8595/8595/8595 
f 8593/8593/8593 8595/8595/8595 8596/8596/8596 
f 8597/8597/8597 8598/8598/8598 8599/8599/8599 
f 8597/8597/8597 8599/8599/8599 8600/8600/8600 
f 8601/8601/8601 8602/8602/8602 8603/8603/8603 
f 8601/8601/8601 8603/8603/8603 8604/8604/8604 
f 8605/8605/8605 8606/8606/8606 8607/8607/8607 
f 8605/8605/8605 8607/8607/8607 8608/8608/8608 
f 8609/8609/8609 8610/8610/8610 8611/8611/8611 
f 8614/8614/8614 8615/8615/8615 8616/8616/8616 
f 8614/8614/8614 8616/8616/8616 8617/8617/8617 
f 8618/8618/8618 8619/8619/8619 8620/8620/8620 
f 8618/8618/8618 8620/8620/8620 8621/8621/8621 
f 8625/8625/8625 8626/8626/8626 8627/8627/8627 
f 8625/8625/8625 8627/8627/8627 8628/8628/8628 
f 8630/8630/8630 8631/8631/8631 8632/8632/8632 
f 8633/8633/8633 8634/8634/8634 8635/8635/8635 
f 8633/8633/8633 8635/8635/8635 8636/8636/8636 
f 8637/8637/8637 8638/8638/8638 8639/8639/8639 
f 8640/8640/8640 8641/8641/8641 8642/8642/8642 
f 8640/8640/8640 8642/8642/8642 8643/8643/8643 
f 8644/8644/8644 8645/8645/8645 8646/8646/8646 
f 8644/8644/8644 8646/8646/8646 8647/8647/8647 
f 8648/8648/8648 8649/8649/8649 8650/8650/8650 
f 8651/8651/8651 8652/8652/8652 8653/8653/8653 
f 8654/8654/8654 8655/8655/8655 8656/8656/8656 
f 8657/8657/8657 8658/8658/8658 8659/8659/8659 
f 8660/8660/8660 8661/8661/8661 8662/8662/8662 
f 8663/8663/8663 8664/8664/8664 8665/8665/8665 
f 8663/8663/8663 8665/8665/8665 8666/8666/8666 
f 8667/8667/8667 8668/8668/8668 8669/8669/8669 
f 8667/8667/8667 8669/8669/8669 8670/8670/8670 
f 8671/8671/8671 8672/8672/8672 8673/8673/8673 
f 8671/8671/8671 8673/8673/8673 8674/8674/8674 
f 8675/8675/8675 8676/8676/8676 8677/8677/8677 
f 8678/8678/8678 8679/8679/8679 8680/8680/8680 
f 8678/8678/8678 8680/8680/8680 8681/8681/8681 
f 8685/8685/8685 8686/8686/8686 8687/8687/8687 
f 8685/8685/8685 8687/8687/8687 8688/8688/8688 
f 8689/8689/8689 8690/8690/8690 8691/8691/8691 
f 8689/8689/8689 8691/8691/8691 8692/8692/8692 
f 8693/8693/8693 8694/8694/8694 8695/8695/8695 
f 8693/8693/8693 8695/8695/8695 8696/8696/8696 
f 8698/8698/8698 8699/8699/8699 8700/8700/8700 
f 8698/8698/8698 8700/8700/8700 8701/8701/8701 
f 8702/8702/8702 8703/8703/8703 8704/8704/8704 
f 8702/8702/8702 8704/8704/8704 8705/8705/8705 
f 8707/8707/8707 8708/8708/8708 8709/8709/8709 
f 8707/8707/8707 8709/8709/8709 8710/8710/8710 
f 8711/8711/8711 8712/8712/8712 8713/8713/8713 
f 8714/8714/8714 8715/8715/8715 8716/8716/8716 
f 8717/8717/8717 8718/8718/8718 8719/8719/8719 
f 8717/8717/8717 8719/8719/8719 8720/8720/8720 
f 8721/8721/8721 8722/8722/8722 8723/8723/8723 
f 8721/8721/8721 8723/8723/8723 8724/8724/8724 
f 8725/8725/8725 8726/8726/8726 8727/8727/8727 
f 8728/8728/8728 8729/8729/8729 8730/8730/8730 
f 8728/8728/8728 8730/8730/8730 8731/8731/8731 
f 8732/8732/8732 8733/8733/8733 8734/8734/8734 
f 8735/8735/8735 8736/8736/8736 8737/8737/8737 
f 8735/8735/8735 8737/8737/8737 8738/8738/8738 
f 8739/8739/8739 8740/8740/8740 8741/8741/8741 
f 8739/8739/8739 8741/8741/8741 8742/8742/8742 
f 8743/8743/8743 8744/8744/8744 8745/8745/8745 
f 8743/8743/8743 8745/8745/8745 8746/8746/8746 
f 8747/8747/8747 8748/8748/8748 8749/8749/8749 
f 8747/8747/8747 8749/8749/8749 8750/8750/8750 
f 8751/8751/8751 8752/8752/8752 8753/8753/8753 
f 8754/8754/8754 8755/8755/8755 8756/8756/8756 
f 8754/8754/8754 8756/8756/8756 8757/8757/8757 
f 8758/8758/8758 8759/8759/8759 8760/8760/8760 
f 8763/8763/8763 8764/8764/8764 8765/8765/8765 
f 8763/8763/8763 8765/8765/8765 8766/8766/8766 
f 8770/8770/8770 8771/8771/8771 8772/8772/8772 
f 8770/8770/8770 8772/8772/8772 8773/8773/8773 
f 8776/8776/8776 8777/8777/8777 8778/8778/8778 
f 8776/8776/8776 8778/8778/8778 8779/8779/8779 
f 8780/8780/8780 8781/8781/8781 8782/8782/8782 
f 8783/8783/8783 8784/8784/8784 8785/8785/8785 
f 8788/8788/8788 8789/8789/8789 8790/8790/8790 
f 8791/8791/8791 8792/8792/8792 8793/8793/8793 
f 8794/8794/8794 8795/8795/8795 8796/8796/8796 
f 8794/8794/8794 8796/8796/8796 8797/8797/8797 
f 8798/8798/8798 8799/8799/8799 8800/8800/8800 
f 8798/8798/8798 8800/8800/8800 8801/8801/8801 
f 8802/8802/8802 8803/8803/8803 8804/8804/8804 
f 8805/8805/8805 8806/8806/8806 8807/8807/8807 
f 8808/8808/8808 8809/8809/8809 8810/8810/8810 
f 8808/8808/8808 8810/8810/8810 8811/8811/8811 
f 8812/8812/8812 8813/8813/8813 8814/8814/8814 

g 15

v -7.72471 1.99922 -37.0652 
v -8.62817 2.23199 -37.0323 
v -8.62817 2.04023 -37.0323 
v -7.72471 2.23199 -36.9995 
v -7.72471 2.23199 -36.9995 
v -8.59669 2.23199 -36.9995 
v -8.59669 2.04023 -36.9995 
v -7.72471 2.04023 -36.9995 
v -7.65936 2.23199 -37.9291 
v -7.72471 2.27312 -37.9291 
v -7.88033 2.33447 -37.7748 
v -7.88033 2.33447 -37.2178 
v -7.72471 2.27312 -37.0654 
v -7.88033 2.33447 -37.7748 
v -7.72471 2.27312 -37.9291 
v -8.59669 2.27312 -37.929 
v -8.43807 2.33447 -37.7748 
v -8.59669 2.23199 -37.9988 
v -8.59669 2.27312 -37.929 
v -7.72471 2.27312 -37.9291 
v -7.72471 2.23199 -37.9988 
v -8.62817 2.23199 -37.9639 
v -8.65966 2.23199 -37.9291 
v -8.59669 2.27312 -37.929 
v -8.62817 2.23199 -37.9639 
v -8.65966 2.23199 -37.0652 
v -8.59669 2.27312 -37.0652 
v -8.59669 2.27312 -37.929 
v -8.65966 2.23199 -37.9291 
v -8.43807 2.33447 -37.7748 
v -8.59669 2.27312 -37.929 
v -8.59669 2.27312 -37.0652 
v -8.43807 2.33447 -37.2178 
v -8.59669 2.27312 -37.0652 
v -8.65966 2.23199 -37.0652 
v -8.62817 2.23199 -37.0323 
v -7.72471 2.23199 -37.9988 
v -7.72471 2.27312 -37.9291 
v -7.65936 2.23199 -37.9291 
v -7.65936 2.23199 -37.9291 
v -7.72471 2.27312 -37.9291 
v -7.72471 2.27312 -37.0654 
v -7.65936 2.23199 -37.0655 
v -7.65936 2.23199 -37.0655 
v -7.72471 2.27312 -37.0654 
v -7.72471 2.23199 -36.9995 
v -7.72471 2.27312 -37.0654 
v -8.59669 2.27312 -37.0652 
v -8.59669 2.23199 -36.9995 
v -7.72471 2.23199 -36.9995 
v -7.72471 2.27312 -37.0654 
v -7.88033 2.33447 -37.2178 
v -8.43807 2.33447 -37.2178 
v -8.59669 2.27312 -37.0652 
v -8.43807 2.33447 -37.7748 
v -8.15859 2.33423 -37.4963 
v -7.88033 2.33447 -37.7748 
v -8.15859 2.33423 -37.4963 
v -8.43807 2.33447 -37.2178 
v -7.88033 2.33447 -37.2178 
v -8.15859 2.33423 -37.4963 
v -7.88033 2.33447 -37.2178 
v -7.88033 2.33447 -37.7748 
v -8.43807 2.33447 -37.7748 
v -8.43807 2.33447 -37.2178 
v -8.15859 2.33423 -37.4963 
v -8.62817 2.23199 -37.0323 
v -8.59669 2.23199 -36.9995 
v -8.59669 2.27312 -37.0652 
v -8.59669 2.27312 -37.929 
v -8.59669 2.23199 -37.9988 
v -8.62817 2.23199 -37.9639 
v -8.65966 2.04023 -37.0652 
v -8.65966 2.23199 -37.0652 
v -8.65966 2.23199 -37.9291 
v -8.65966 2.04023 -37.9291 
v -8.62816 2.04023 -37.9639 
v -8.62816 2.04023 -37.9639 
v -8.65966 2.04023 -37.9291 
v -8.65966 2.23199 -37.9291 
v -8.62817 2.23199 -37.9639 
v -8.62817 2.23199 -37.0323 
v -8.65966 2.04023 -37.0652 
v -8.62817 2.04023 -37.0323 
v -8.62817 2.23199 -37.0323 
v -8.65966 2.23199 -37.0652 
v -8.62817 2.04023 -37.0323 
v -8.59669 2.04023 -36.9995 
v -8.59669 2.23199 -36.9995 
v -8.62817 2.23199 -37.0323 
v -8.62817 2.23199 -37.9639 
v -8.59669 2.23199 -37.9988 
v -8.59666 2.04023 -37.9988 
v -8.62816 2.04023 -37.9639 
v -7.65936 2.23199 -37.9291 
v -7.72467 2.04023 -37.9988 
v -8.59669 2.23199 -37.9988 
v -7.72471 2.23199 -37.9988 
v -7.72467 2.04023 -37.9988 
v -8.59666 2.04023 -37.9988 
v -8.15951 1.99922 -37.4964 
v -7.72467 1.99928 -37.929 
v -7.72471 1.99922 -37.0652 
v -8.59666 1.99928 -37.9291 
v -8.15951 1.99922 -37.4964 
v -8.59669 1.99922 -37.0652 
v -7.72467 1.99928 -37.929 
v -8.15951 1.99922 -37.4964 
v -8.59666 1.99928 -37.9291 
v -7.72471 1.99922 -37.0652 
v -8.59669 1.99922 -37.0652 
v -8.15951 1.99922 -37.4964 
v -8.65966 2.04023 -37.9291 
v -8.59666 1.99928 -37.9291 
v -8.59669 1.99922 -37.0652 
v -8.65966 2.04023 -37.0652 
v -7.65936 2.04023 -37.0654 
v -7.72471 1.99922 -37.0652 
v -7.72467 1.99928 -37.929 
v -7.65936 2.04023 -37.9291 
v -7.72467 2.04023 -37.9988 
v -7.72467 1.99928 -37.929 
v -8.59666 1.99928 -37.9291 
v -8.59666 2.04023 -37.9988 
v -8.59666 1.99928 -37.9291 
v -8.65966 2.04023 -37.9291 
v -8.62816 2.04023 -37.9639 
v -8.62817 2.04023 -37.0323 
v -7.65936 2.04023 -37.9291 
v -7.72467 1.99928 -37.929 
v -7.72467 2.04023 -37.9988 
v -7.72471 2.04023 -36.9995 
v -7.72471 1.99922 -37.0652 
v -7.65936 2.04023 -37.0654 
v -8.59669 2.04023 -36.9995 
v -8.59669 1.99922 -37.0652 
v -7.72471 1.99922 -37.0652 
v -7.72471 2.04023 -36.9995 
v -8.59669 1.99922 -37.0652 
v -8.59669 2.04023 -36.9995 
v -8.62817 2.04023 -37.0323 
v -8.62817 2.04023 -37.0323 
v -8.65966 2.04023 -37.0652 
v -8.59669 1.99922 -37.0652 
v -8.62816 2.04023 -37.9639 
v -8.59666 2.04023 -37.9988 
v -8.59666 1.99928 -37.9291 
v -7.65936 2.23199 -37.0655 
v -7.65936 2.04023 -37.0654 
v -7.65936 2.04023 -37.9291 
v -7.65936 2.23199 -37.9291 
v -7.72471 1.99922 -37.0652 
v -7.72467 2.04023 -37.9988 
v -7.65936 2.04023 -37.9291 
v -7.72467 2.04023 -37.9988 
v -7.72471 2.23199 -37.9988 
v -7.65936 2.23199 -37.9291 
v -7.72471 2.23199 -36.9995 
v -7.65936 2.23199 -37.0655 
v -7.72471 2.23199 -36.9995 
v -7.72471 2.04023 -36.9995 
v -7.65936 2.04023 -37.0654 

vn 0 -1 0 
vn -0.488189 0.740157 0.464567 
vn -0.724409 0 0.692913 
vn 0.472441 0.748031 0.464567 
vn 0 0 1 
vn 0 0 1 
vn 0 0 1 
vn 0 0 1 
vn 1 0 0 
vn 0.188976 0.96063 -0.188976 
vn 0.141732 0.976378 -0.141732 
vn 0.141732 0.976378 0.141732 
vn 0.188976 0.96063 0.188976 
vn 0.141732 0.976378 -0.141732 
vn 0.188976 0.96063 -0.188976 
vn -0.188976 0.96063 -0.188976 
vn -0.141732 0.976378 -0.141732 
vn 0 0.858268 -0.511811 
vn 0 0.858268 -0.511811 
vn 0 0.858268 -0.511811 
vn 0 0.858268 -0.511811 
vn -0.740157 0 -0.669291 
vn -0.488189 0.748031 -0.440945 
vn -0.488189 0.748031 -0.440945 
vn -0.488189 0.748031 -0.440945 
vn -0.543307 0.834646 0 
vn -0.543307 0.834646 0 
vn -0.543307 0.834646 0 
vn -0.543307 0.834646 0 
vn -0.141732 0.976378 -0.141732 
vn -0.188976 0.96063 -0.188976 
vn -0.188976 0.96063 0.188976 
vn -0.141732 0.976378 0.141732 
vn -0.488189 0.740157 0.464567 
vn -0.488189 0.740157 0.464567 
vn -0.488189 0.740157 0.464567 
vn 0.480315 0.755906 -0.448819 
vn 0.480315 0.755906 -0.448819 
vn 0.480315 0.755906 -0.448819 
vn 0.535433 0.84252 0 
vn 0.535433 0.84252 0 
vn 0.535433 0.84252 0 
vn 0.535433 0.84252 0 
vn 0.472441 0.748031 0.464567 
vn 0.472441 0.748031 0.464567 
vn 0.472441 0.748031 0.464567 
vn 0 0.850394 0.527559 
vn 0 0.850394 0.527559 
vn 0 0.850394 0.527559 
vn 0 0.850394 0.527559 
vn 0.188976 0.96063 0.188976 
vn 0.141732 0.976378 0.141732 
vn -0.141732 0.976378 0.141732 
vn -0.188976 0.96063 0.188976 
vn -0.141732 0.976378 -0.141732 
vn 0 1 0 
vn 0.141732 0.976378 -0.141732 
vn 0 1 0 
vn -0.141732 0.976378 0.141732 
vn 0.141732 0.976378 0.141732 
vn 0 1 0 
vn 0.141732 0.976378 0.141732 
vn 0.141732 0.976378 -0.141732 
vn -0.141732 0.976378 -0.141732 
vn -0.141732 0.976378 0.141732 
vn 0 1 0 
vn -0.488189 0.740157 0.464567 
vn -0.488189 0.740157 0.464567 
vn -0.488189 0.740157 0.464567 
vn -0.488189 0.748031 -0.440945 
vn -0.488189 0.748031 -0.440945 
vn -0.488189 0.748031 -0.440945 
vn -1 0 0 
vn -1 0 0 
vn -1 0 0 
vn -1 0 0 
vn -0.488189 -0.755906 -0.440945 
vn -0.740157 0 -0.669291 
vn -0.740157 0 -0.669291 
vn -0.740157 0 -0.669291 
vn -0.740157 0 -0.669291 
vn -0.488189 0.740157 0.464567 
vn -0.724409 0 0.692913 
vn -0.724409 0 0.692913 
vn -0.724409 0 0.692913 
vn -0.724409 0 0.692913 
vn -0.724409 0 0.692913 
vn -0.724409 0 0.692913 
vn -0.724409 0 0.692913 
vn -0.724409 0 0.692913 
vn -0.740157 0 -0.669291 
vn -0.740157 0 -0.669291 
vn -0.740157 0 -0.669291 
vn -0.740157 0 -0.669291 
vn 1 0 0 
vn 0 -0.866142 -0.503937 
vn 0 0 -1 
vn 0 0 -1 
vn 0 0 -1 
vn 0 0 -1 
vn 0 -1 0 
vn 0 -1 0 
vn 0 -1 0 
vn 0 -1 0 
vn 0 -1 0 
vn 0 -1 0 
vn 0 -1 0 
vn 0 -1 0 
vn 0 -1 0 
vn 0 -1 0 
vn 0 -1 0 
vn 0 -1 0 
vn -0.543307 -0.834646 0 
vn -0.543307 -0.834646 0 
vn -0.543307 -0.834646 0 
vn -0.543307 -0.834646 0 
vn 0.527559 -0.850394 0 
vn 0.527559 -0.850394 0 
vn 0.527559 -0.850394 0 
vn 0.527559 -0.850394 0 
vn 0 -0.866142 -0.503937 
vn 0 -0.866142 -0.503937 
vn 0 -0.866142 -0.503937 
vn 0 -0.866142 -0.503937 
vn -0.488189 -0.755906 -0.440945 
vn -0.488189 -0.755906 -0.440945 
vn -0.488189 -0.755906 -0.440945 
vn -0.724409 0 0.692913 
vn 0.472441 -0.755906 -0.448819 
vn 0.472441 -0.755906 -0.448819 
vn 0.472441 -0.755906 -0.448819 
vn 0.472441 -0.748031 0.464567 
vn 0.472441 -0.748031 0.464567 
vn 0.472441 -0.748031 0.464567 
vn 0 -0.850394 0.527559 
vn 0 -0.850394 0.527559 
vn 0 -0.850394 0.527559 
vn 0 -0.850394 0.527559 
vn -0.480315 -0.740157 0.464567 
vn -0.480315 -0.740157 0.464567 
vn -0.480315 -0.740157 0.464567 
vn -0.480315 -0.740157 0.464567 
vn -0.480315 -0.740157 0.464567 
vn -0.480315 -0.740157 0.464567 
vn -0.488189 -0.755906 -0.440945 
vn -0.488189 -0.755906 -0.440945 
vn -0.488189 -0.755906 -0.440945 
vn 1 0 0 
vn 1 0 0 
vn 1 0 0 
vn 1 0 0 
vn 0 -1 0 
vn 0 -0.866142 -0.503937 
vn 0.732283 0 -0.685039 
vn 0.732283 0 -0.685039 
vn 0.732283 0 -0.685039 
vn 0.732283 0 -0.685039 
vn 0.472441 0.748031 0.464567 
vn 0.708661 0 0.700787 
vn 0.708661 0 0.700787 
vn 0.708661 0 0.700787 
vn 0.708661 0 0.700787 

vt -0.254962 0.00790679 
vt -0.367895 0.0370036 
vt -0.367895 0.0130326 
vt -0.254962 0.0370036 
vt -0.254962 0.0370036 
vt -0.363959 0.0370036 
vt -0.363959 0.0130326 
vt -0.254962 0.0130326 
vt -0.255568 -0.0336583 
vt -0.255568 -0.02549 
vt -0.274854 -0.00603771 
vt -0.34448 -0.00603771 
vt -0.36352 -0.0254899 
vt -0.274854 -0.00603771 
vt -0.255568 -0.02549 
vt -0.255574 0.0835074 
vt -0.274854 0.0636804 
vt -0.246856 0.0835074 
vt -0.255574 0.0835074 
vt -0.255568 -0.02549 
vt -0.246856 -0.0254899 
vt -0.251212 0.0874431 
vt -0.255568 0.0913789 
vt -0.255574 0.0835074 
vt -0.251212 0.0874431 
vt -0.363551 0.0913789 
vt -0.363553 0.0835074 
vt -0.255574 0.0835074 
vt -0.255568 0.0913789 
vt -0.274854 0.0636804 
vt -0.255574 0.0835074 
vt -0.363553 0.0835074 
vt -0.34448 0.0636804 
vt -0.363553 0.0835074 
vt -0.363551 0.0913789 
vt -0.36766 0.0874431 
vt -0.246856 -0.0254899 
vt -0.255568 -0.02549 
vt -0.255568 -0.0336583 
vt -0.255568 -0.0336583 
vt -0.255568 -0.02549 
vt -0.36352 -0.0254899 
vt -0.363519 -0.0336583 
vt -0.363519 -0.0336583 
vt -0.36352 -0.0254899 
vt -0.371768 -0.0254899 
vt -0.36352 -0.0254899 
vt -0.363553 0.0835074 
vt -0.371768 0.0835074 
vt -0.371768 -0.0254899 
vt -0.36352 -0.0254899 
vt -0.34448 -0.00603771 
vt -0.34448 0.0636804 
vt -0.363553 0.0835074 
vt -0.274854 0.0636804 
vt -0.309667 0.0287454 
vt -0.274854 -0.00603771 
vt -0.309667 0.0287454 
vt -0.34448 0.0636804 
vt -0.34448 -0.00603771 
vt -0.309667 0.0287454 
vt -0.34448 -0.00603771 
vt -0.274854 -0.00603771 
vt -0.274854 0.0636804 
vt -0.34448 0.0636804 
vt -0.309667 0.0287454 
vt -0.36766 0.0874431 
vt -0.371768 0.0835074 
vt -0.363553 0.0835074 
vt -0.255574 0.0835074 
vt -0.246856 0.0835074 
vt -0.251212 0.0874431 
vt -0.255068 0.0130326 
vt -0.255072 0.0370036 
vt -0.363056 0.0370036 
vt -0.363056 0.0130326 
vt -0.367412 0.0130326 
vt -0.367412 0.0130326 
vt -0.363056 0.0130326 
vt -0.363056 0.0370036 
vt -0.367412 0.0370036 
vt -0.250964 0.0370036 
vt -0.255068 0.0130326 
vt -0.250962 0.0130326 
vt -0.250964 0.0370036 
vt -0.255072 0.0370036 
vt -0.250962 0.0130326 
vt -0.246856 0.0130326 
vt -0.246856 0.0370036 
vt -0.250964 0.0370036 
vt -0.367412 0.0370036 
vt -0.371768 0.0370036 
vt -0.371768 0.0130326 
vt -0.367412 0.0130326 
vt -0.37183 0.0370036 
vt -0.363668 0.0130326 
vt -0.254665 0.0370036 
vt -0.363662 0.0370036 
vt -0.363668 0.0130326 
vt -0.254669 0.0130326 
vt -0.308973 0.0288606 
vt -0.363053 -0.0254954 
vt -0.255068 -0.0254899 
vt -0.363059 0.0835038 
vt -0.308973 0.0288606 
vt -0.255071 0.0835074 
vt -0.363053 -0.0254954 
vt -0.308973 0.0288606 
vt -0.363059 0.0835038 
vt -0.255068 -0.0254899 
vt -0.255071 0.0835074 
vt -0.308973 0.0288606 
vt -0.363056 0.0913789 
vt -0.363059 0.0835038 
vt -0.255071 0.0835074 
vt -0.255068 0.0913789 
vt -0.2551 -0.0336583 
vt -0.255068 -0.0254899 
vt -0.363053 -0.0254954 
vt -0.363056 -0.0336583 
vt -0.371768 -0.0254954 
vt -0.363053 -0.0254954 
vt -0.363059 0.0835038 
vt -0.371768 0.0835032 
vt -0.363059 0.0835038 
vt -0.363056 0.0913789 
vt -0.367412 0.087441 
vt -0.250962 0.0874431 
vt -0.363056 -0.0336583 
vt -0.363053 -0.0254954 
vt -0.371768 -0.0254954 
vt -0.246856 -0.0254899 
vt -0.255068 -0.0254899 
vt -0.2551 -0.0336583 
vt -0.246856 0.0835074 
vt -0.255071 0.0835074 
vt -0.255068 -0.0254899 
vt -0.246856 -0.0254899 
vt -0.255071 0.0835074 
vt -0.246856 0.0835074 
vt -0.250962 0.0874431 
vt -0.250962 0.0874431 
vt -0.255068 0.0913789 
vt -0.255071 0.0835074 
vt -0.367412 0.087441 
vt -0.371768 0.0835032 
vt -0.363059 0.0835038 
vt -0.363519 0.0370036 
vt -0.363524 0.0130326 
vt -0.255568 0.0130326 
vt -0.255568 0.0370036 
vt -0.363556 0.00790679 
vt -0.246856 0.0130326 
vt -0.255568 0.0130326 
vt -0.246856 0.0130326 
vt -0.246856 0.0370036 
vt -0.255568 0.0370036 
vt -0.371768 0.0370036 
vt -0.363519 0.0370036 
vt -0.371768 0.0370036 
vt -0.371768 0.0130326 
vt -0.363524 0.0130326 

usemtl 1Mtl

f 8819/8819/8819 8820/8820/8820 8821/8821/8821 
f 8819/8819/8819 8821/8821/8821 8822/8822/8822 
f 8824/8824/8824 8825/8825/8825 8826/8826/8826 
f 8824/8824/8824 8826/8826/8826 8827/8827/8827 
f 8828/8828/8828 8829/8829/8829 8830/8830/8830 
f 8828/8828/8828 8830/8830/8830 8831/8831/8831 
f 8832/8832/8832 8833/8833/8833 8834/8834/8834 
f 8832/8832/8832 8834/8834/8834 8835/8835/8835 
f 8837/8837/8837 8838/8838/8838 8839/8839/8839 
f 8840/8840/8840 8841/8841/8841 8842/8842/8842 
f 8840/8840/8840 8842/8842/8842 8843/8843/8843 
f 8844/8844/8844 8845/8845/8845 8846/8846/8846 
f 8844/8844/8844 8846/8846/8846 8847/8847/8847 
f 8848/8848/8848 8849/8849/8849 8850/8850/8850 
f 8851/8851/8851 8852/8852/8852 8853/8853/8853 
f 8854/8854/8854 8855/8855/8855 8856/8856/8856 
f 8854/8854/8854 8856/8856/8856 8857/8857/8857 
f 8858/8858/8858 8859/8859/8859 8860/8860/8860 
f 8861/8861/8861 8862/8862/8862 8863/8863/8863 
f 8861/8861/8861 8863/8863/8863 8864/8864/8864 
f 8865/8865/8865 8866/8866/8866 8867/8867/8867 
f 8865/8865/8865 8867/8867/8867 8868/8868/8868 
f 8869/8869/8869 8870/8870/8870 8871/8871/8871 
f 8872/8872/8872 8873/8873/8873 8874/8874/8874 
f 8875/8875/8875 8876/8876/8876 8877/8877/8877 
f 8878/8878/8878 8879/8879/8879 8880/8880/8880 
f 8881/8881/8881 8882/8882/8882 8883/8883/8883 
f 8884/8884/8884 8885/8885/8885 8886/8886/8886 
f 8887/8887/8887 8888/8888/8888 8889/8889/8889 
f 8887/8887/8887 8889/8889/8889 8890/8890/8890 
f 8892/8892/8892 8893/8893/8893 8894/8894/8894 
f 8892/8892/8892 8894/8894/8894 8895/8895/8895 
f 8897/8897/8897 8898/8898/8898 8899/8899/8899 
f 8897/8897/8897 8899/8899/8899 8900/8900/8900 
f 8901/8901/8901 8902/8902/8902 8903/8903/8903 
f 8901/8901/8901 8903/8903/8903 8904/8904/8904 
f 8905/8905/8905 8906/8906/8906 8907/8907/8907 
f 8905/8905/8905 8907/8907/8907 8908/8908/8908 
f 8911/8911/8911 8912/8912/8912 8913/8913/8913 
f 8911/8911/8911 8913/8913/8913 8914/8914/8914 
f 8915/8915/8915 8916/8916/8916 8917/8917/8917 
f 8918/8918/8918 8919/8919/8919 8920/8920/8920 
f 8921/8921/8921 8922/8922/8922 8923/8923/8923 
f 8924/8924/8924 8925/8925/8925 8926/8926/8926 
f 8927/8927/8927 8928/8928/8928 8929/8929/8929 
f 8927/8927/8927 8929/8929/8929 8930/8930/8930 
f 8931/8931/8931 8932/8932/8932 8933/8933/8933 
f 8931/8931/8931 8933/8933/8933 8934/8934/8934 
f 8935/8935/8935 8936/8936/8936 8937/8937/8937 
f 8935/8935/8935 8937/8937/8937 8938/8938/8938 
f 8939/8939/8939 8940/8940/8940 8941/8941/8941 
f 8943/8943/8943 8944/8944/8944 8945/8945/8945 
f 8946/8946/8946 8947/8947/8947 8948/8948/8948 
f 8949/8949/8949 8950/8950/8950 8951/8951/8951 
f 8949/8949/8949 8951/8951/8951 8952/8952/8952 
f 8953/8953/8953 8954/8954/8954 8955/8955/8955 
f 8956/8956/8956 8957/8957/8957 8958/8958/8958 
f 8959/8959/8959 8960/8960/8960 8961/8961/8961 
f 8962/8962/8962 8963/8963/8963 8964/8964/8964 
f 8962/8962/8962 8964/8964/8964 8965/8965/8965 
f 8968/8968/8968 8969/8969/8969 8970/8970/8970 
f 8968/8968/8968 8970/8970/8970 8971/8971/8971 
f 8973/8973/8973 8974/8974/8974 8975/8975/8975 
f 8973/8973/8973 8975/8975/8975 8976/8976/8976 

